HIERARCHY
ROOT Root
{
  OFFSET 0.000000 0.000000 0.000000
  CHANNELS 6 Xposition Yposition Zposition Zrotation Yrotation Xrotation
  JOINT Hips
  {
    OFFSET 0.000000 100.000000 0.000000
    CHANNELS 6 Xposition Yposition Zposition Zrotation Yrotation Xrotation
    JOINT Spine1
    {
      OFFSET -0.013727 5.003763 -0.053727
      CHANNELS 3 Zrotation Yrotation Xrotation
      JOINT Spine2
      {
        OFFSET -0.000000 7.125301 -0.029825
        CHANNELS 3 Zrotation Yrotation Xrotation
        JOINT Chest
        {
          OFFSET -0.000001 7.550063 -0.815971
          CHANNELS 3 Zrotation Yrotation Xrotation
          JOINT Neck1
          {
            OFFSET -0.181677 26.311295 -0.553348
            CHANNELS 3 Zrotation Yrotation Xrotation
            JOINT Neck2
            {
              OFFSET -0.000003 7.709397 2.302585
              CHANNELS 3 Zrotation Yrotation Xrotation
              JOINT Head
              {
                OFFSET -0.000005 6.128916 1.953709
                CHANNELS 3 Zrotation Yrotation Xrotation
                JOINT HeadEnd
                {
                  OFFSET 0.003598 16.065403 -1.835379
                  CHANNELS 3 Zrotation Yrotation Xrotation
                }
                JOINT Jaw
                {
                  OFFSET 0.002637 0.475592 3.094941
                  CHANNELS 3 Zrotation Yrotation Xrotation
                }
                JOINT LeftEye
                {
                  OFFSET 3.206381 5.380205 7.586883
                  CHANNELS 3 Zrotation Yrotation Xrotation
                }
                JOINT RightEye
                {
                  OFFSET -3.222440 5.361869 7.558234
                  CHANNELS 3 Zrotation Yrotation Xrotation
                }
              }
            }
          }
          JOINT LeftShoulder
          {
            OFFSET 1.621652 23.237164 5.113413
            CHANNELS 3 Zrotation Yrotation Xrotation
            JOINT LeftArm
            {
              OFFSET 14.919846 0.000002 -5.502326
              CHANNELS 3 Zrotation Yrotation Xrotation
              JOINT LeftForeArm
              {
                OFFSET 28.739307 0.000000 -0.002588
                CHANNELS 3 Zrotation Yrotation Xrotation
                JOINT LeftHand
                {
                  OFFSET 27.093981 -0.000001 0.002609
                  CHANNELS 3 Zrotation Yrotation Xrotation
                  JOINT LeftHandThumb1
                  {
                    OFFSET 2.276482 -1.392045 3.191413
                    CHANNELS 3 Zrotation Yrotation Xrotation
                    JOINT LeftHandThumb2
                    {
                      OFFSET 4.012836 -1.828127 1.641654
                      CHANNELS 3 Zrotation Yrotation Xrotation
                      JOINT LeftHandThumb3
                      {
                        OFFSET 2.798515 0.000000 -0.000003
                        CHANNELS 3 Zrotation Yrotation Xrotation
                        JOINT LeftHandThumbEnd
                        {
                          OFFSET 3.180793 -0.000004 0.000004
                          CHANNELS 3 Zrotation Yrotation Xrotation
                        }
                      }
                    }
                  }
                  JOINT LeftHandIndex1
                  {
                    OFFSET 3.247555 -0.531998 2.296169
                    CHANNELS 3 Zrotation Yrotation Xrotation
                    JOINT LeftHandIndex2
                    {
                      OFFSET 6.364578 0.012060 0.178600
                      CHANNELS 3 Zrotation Yrotation Xrotation
                      JOINT LeftHandIndex3
                      {
                        OFFSET 3.662364 0.000000 0.000000
                        CHANNELS 3 Zrotation Yrotation Xrotation
                        JOINT LeftHandIndex4
                        {
                          OFFSET 2.329242 0.000004 0.000004
                          CHANNELS 3 Zrotation Yrotation Xrotation
                          JOINT LeftHandIndexEnd
                          {
                            OFFSET 2.759615 -0.180537 -0.113024
                            CHANNELS 3 Zrotation Yrotation Xrotation
                          }
                        }
                      }
                    }
                  }
                  JOINT LeftHandMiddle1
                  {
                    OFFSET 3.163495 0.240981 1.000332
                    CHANNELS 3 Zrotation Yrotation Xrotation
                    JOINT LeftHandMiddle2
                    {
                      OFFSET 6.190780 -0.259278 -1.002548
                      CHANNELS 3 Zrotation Yrotation Xrotation
                      JOINT LeftHandMiddle3
                      {
                        OFFSET 4.356520 -0.000004 -0.000001
                        CHANNELS 3 Zrotation Yrotation Xrotation
                        JOINT LeftHandMiddle4
                        {
                          OFFSET 2.996877 -0.000008 0.000000
                          CHANNELS 3 Zrotation Yrotation Xrotation
                          JOINT LeftHandMiddleEnd
                          {
                            OFFSET 2.304287 -0.294569 -0.031741
                            CHANNELS 3 Zrotation Yrotation Xrotation
                          }
                        }
                      }
                    }
                  }
                  JOINT LeftHandRing1
                  {
                    OFFSET 2.882643 -0.053652 -0.322543
                    CHANNELS 3 Zrotation Yrotation Xrotation
                    JOINT LeftHandRing2
                    {
                      OFFSET 5.854541 -0.486202 -1.373841
                      CHANNELS 3 Zrotation Yrotation Xrotation
                      JOINT LeftHandRing3
                      {
                        OFFSET 4.350578 0.000000 0.000003
                        CHANNELS 3 Zrotation Yrotation Xrotation
                        JOINT LeftHandRing4
                        {
                          OFFSET 2.651321 0.000007 0.000002
                          CHANNELS 3 Zrotation Yrotation Xrotation
                          JOINT LeftHandRingEnd
                          {
                            OFFSET 1.936105 0.077687 -0.000071
                            CHANNELS 3 Zrotation Yrotation Xrotation
                          }
                        }
                      }
                    }
                  }
                  JOINT LeftHandPinky1
                  {
                    OFFSET 2.865500 -0.310005 -1.600378
                    CHANNELS 3 Zrotation Yrotation Xrotation
                    JOINT LeftHandPinky2
                    {
                      OFFSET 5.087849 -1.331141 -1.771230
                      CHANNELS 3 Zrotation Yrotation Xrotation
                      JOINT LeftHandPinky3
                      {
                        OFFSET 3.070974 0.000004 0.000000
                        CHANNELS 3 Zrotation Yrotation Xrotation
                        JOINT LeftHandPinky4
                        {
                          OFFSET 1.549672 0.000000 0.000001
                          CHANNELS 3 Zrotation Yrotation Xrotation
                          JOINT LeftHandPinkyEnd
                          {
                            OFFSET 1.944893 -0.157802 0.057219
                            CHANNELS 3 Zrotation Yrotation Xrotation
                          }
                        }
                      }
                    }
                  }
                }
              }
            }
          }
          JOINT RightShoulder
          {
            OFFSET -1.380118 23.180309 5.214158
            CHANNELS 3 Zrotation Yrotation Xrotation
            JOINT RightArm
            {
              OFFSET -15.037196 0.000012 -5.545604
              CHANNELS 3 Zrotation Yrotation Xrotation
              JOINT RightForeArm
              {
                OFFSET -28.736639 0.000002 -0.002597
                CHANNELS 3 Zrotation Yrotation Xrotation
                JOINT RightHand
                {
                  OFFSET -27.133619 -0.000000 0.002613
                  CHANNELS 3 Zrotation Yrotation Xrotation
                  JOINT RightHandThumb1
                  {
                    OFFSET -2.274032 -1.383988 3.163127
                    CHANNELS 3 Zrotation Yrotation Xrotation
                    JOINT RightHandThumb2
                    {
                      OFFSET -4.011429 -1.827466 1.640914
                      CHANNELS 3 Zrotation Yrotation Xrotation
                      JOINT RightHandThumb3
                      {
                        OFFSET -2.794935 -0.000004 -0.000003
                        CHANNELS 3 Zrotation Yrotation Xrotation
                        JOINT RightHandThumbEnd
                        {
                          OFFSET -3.183852 0.000004 0.000001
                          CHANNELS 3 Zrotation Yrotation Xrotation
                        }
                      }
                    }
                  }
                  JOINT RightHandIndex1
                  {
                    OFFSET -3.253266 -0.520057 2.282866
                    CHANNELS 3 Zrotation Yrotation Xrotation
                    JOINT RightHandIndex2
                    {
                      OFFSET -6.341917 0.012471 0.178266
                      CHANNELS 3 Zrotation Yrotation Xrotation
                      JOINT RightHandIndex3
                      {
                        OFFSET -3.654871 -0.000008 -0.000000
                        CHANNELS 3 Zrotation Yrotation Xrotation
                        JOINT RightHandIndex4
                        {
                          OFFSET -2.327586 0.000000 0.000001
                          CHANNELS 3 Zrotation Yrotation Xrotation
                          JOINT RightHandIndexEnd
                          {
                            OFFSET -2.761790 -0.180656 -0.113078
                            CHANNELS 3 Zrotation Yrotation Xrotation
                          }
                        }
                      }
                    }
                  }
                  JOINT RightHandMiddle1
                  {
                    OFFSET -3.168106 0.246593 1.001030
                    CHANNELS 3 Zrotation Yrotation Xrotation
                    JOINT RightHandMiddle2
                    {
                      OFFSET -6.180828 -0.258836 -1.000895
                      CHANNELS 3 Zrotation Yrotation Xrotation
                      JOINT RightHandMiddle3
                      {
                        OFFSET -4.348901 0.000000 -0.000000
                        CHANNELS 3 Zrotation Yrotation Xrotation
                        JOINT RightHandMiddle4
                        {
                          OFFSET -3.000240 -0.000004 -0.000002
                          CHANNELS 3 Zrotation Yrotation Xrotation
                          JOINT RightHandMiddleEnd
                          {
                            OFFSET -2.302520 -0.294370 -0.031706
                            CHANNELS 3 Zrotation Yrotation Xrotation
                          }
                        }
                      }
                    }
                  }
                  JOINT RightHandRing1
                  {
                    OFFSET -2.885690 -0.067952 -0.308858
                    CHANNELS 3 Zrotation Yrotation Xrotation
                    JOINT RightHandRing2
                    {
                      OFFSET -5.854198 -0.486130 -1.373731
                      CHANNELS 3 Zrotation Yrotation Xrotation
                      JOINT RightHandRing3
                      {
                        OFFSET -4.338810 -0.000004 -0.000000
                        CHANNELS 3 Zrotation Yrotation Xrotation
                        JOINT RightHandRing4
                        {
                          OFFSET -2.654903 -0.000004 0.000004
                          CHANNELS 3 Zrotation Yrotation Xrotation
                          JOINT RightHandRingEnd
                          {
                            OFFSET -1.933568 0.077527 -0.000052
                            CHANNELS 3 Zrotation Yrotation Xrotation
                          }
                        }
                      }
                    }
                  }
                  JOINT RightHandPinky1
                  {
                    OFFSET -2.866425 -0.342796 -1.584145
                    CHANNELS 3 Zrotation Yrotation Xrotation
                    JOINT RightHandPinky2
                    {
                      OFFSET -5.091371 -1.332055 -1.772385
                      CHANNELS 3 Zrotation Yrotation Xrotation
                      JOINT RightHandPinky3
                      {
                        OFFSET -3.062664 -0.000004 0.000001
                        CHANNELS 3 Zrotation Yrotation Xrotation
                        JOINT RightHandPinky4
                        {
                          OFFSET -1.546529 0.000004 -0.000002
                          CHANNELS 3 Zrotation Yrotation Xrotation
                          JOINT RightHandPinkyEnd
                          {
                            OFFSET -1.945119 -0.157718 0.057211
                            CHANNELS 3 Zrotation Yrotation Xrotation
                          }
                        }
                      }
                    }
                  }
                }
              }
            }
          }
        }
      }
    }
    JOINT LeftLeg
    {
      OFFSET 10.043214 -8.434526 2.595655
      CHANNELS 3 Zrotation Yrotation Xrotation
      JOINT LeftShin
      {
        OFFSET -0.000001 -43.221752 -0.802913
        CHANNELS 3 Zrotation Yrotation Xrotation
        JOINT LeftFoot
        {
          OFFSET 0.000001 -42.155094 -3.481523
          CHANNELS 3 Zrotation Yrotation Xrotation
          JOINT LeftToeBase
          {
            OFFSET 0.000000 -5.059472 13.231529
            CHANNELS 3 Zrotation Yrotation Xrotation
            JOINT LeftToeEnd
            {
              OFFSET -0.009607 -1.647619 6.513017
              CHANNELS 3 Zrotation Yrotation Xrotation
            }
          }
        }
      }
    }
    JOINT RightLeg
    {
      OFFSET -10.047278 -8.295260 2.620317
      CHANNELS 3 Zrotation Yrotation Xrotation
      JOINT RightShin
      {
        OFFSET 0.000001 -43.362206 -0.805556
        CHANNELS 3 Zrotation Yrotation Xrotation
        JOINT RightFoot
        {
          OFFSET 0.000002 -42.117393 -3.478398
          CHANNELS 3 Zrotation Yrotation Xrotation
          JOINT RightToeBase
          {
            OFFSET -0.000000 -5.079609 13.284196
            CHANNELS 3 Zrotation Yrotation Xrotation
            JOINT RightToeEnd
            {
              OFFSET 0.009532 -1.634378 6.460591
              CHANNELS 3 Zrotation Yrotation Xrotation
            }
          }
        }
      }
    }
  }
}
MOTION
Frames: 120
Frame Time: 0.03333333
0.000000 0.000000 0.000000 0.000000 -0.000000 0.000000 2.536985 -2.677531 -3.092523 -0.442702 -1.158337 -0.722761 -0.298858 -0.845028 1.237913 -0.278576 -3.544334 -4.539963 0.979368 -5.551716 11.871740 -2.505523 3.938422 9.617033 0.789565 5.504352 -3.517047 -3.796781 8.212173 -12.365529 0.000077 -0.000022 0.000006 0.022515 -0.248522 -0.016021 0.665106 -4.007627 -10.577216 -0.619837 3.529736 -10.599333 -18.962666 -11.333223 16.099140 -54.908737 -8.282599 12.388164 1.813278 -36.999264 -0.596862 -3.854097 3.499763 11.604852 -5.882102 9.861279 0.702590 -10.936861 -0.360574 7.156197 0.000000 8.774815 -0.000000 -16.719959 18.542873 6.051275 -1.844031 2.498503 -2.507276 -10.163590 4.678941 4.621104 -20.975996 -0.000001 0.000001 -21.226254 2.451698 -3.593995 0.000000 -0.000006 -0.000000 -1.362681 2.240797 -0.746323 -21.334892 0.584910 3.008319 -13.821196 -0.000001 0.000001 -23.887129 -0.249075 -0.839485 -60.489693 2.854033 -1.842117 -0.294025 1.679686 0.833255 -14.218195 0.093215 1.300579 -34.212002 -0.287561 0.967166 -20.033176 0.964536 1.212838 0.000000 -0.000000 0.000000 -3.440387 0.788233 0.501655 -15.928172 -3.167306 2.999703 -6.338817 -0.000000 0.000001 -18.123419 3.648181 -4.905662 -0.000004 0.000000 -0.000002 26.578808 3.536808 15.002641 49.063103 -7.185142 0.231595 1.892086 71.221413 1.724014 -1.629203 -11.656570 5.768876 2.243540 -5.255033 -3.180156 14.282877 -0.826594 6.952496 -0.000000 -12.690593 -0.000001 15.235079 -16.768162 2.948771 1.665665 -1.955920 -2.878297 4.727794 -4.170584 4.993919 11.020511 0.000001 -0.000000 12.109032 -3.735715 -2.866778 0.000000 -0.000000 0.000000 1.291985 -1.928548 -1.498088 14.800115 0.567467 3.865604 14.242553 -1.341738 -6.660648 19.631935 0.143921 -0.648243 49.418118 -0.459955 -5.881911 0.353029 -1.511150 -0.031940 20.222769 3.684305 2.316629 18.787249 0.000001 -0.000001 10.751608 -0.479870 1.397903 0.000000 -0.000000 0.000000 3.273804 0.305947 -0.580110 21.486790 11.830364 2.266131 8.162915 0.000000 -0.000000 18.399052 -3.798986 -4.940567 0.000003 0.000000 -0.000001 4.536473 4.792462 -0.799422 -0.006157 -0.268493 22.482164 0.812245 -9.663277 -18.120216 1.653203 -1.896696 -1.505635 0.000000 -0.000000 0.000002 -6.042402 19.522278 -21.164005 -0.088217 0.854730 24.614624 17.672359 18.658396 -0.583684 -1.332862 1.185811 -2.817745 0.000000 -0.000000 -0.000001
0.000000 0.000000 0.000000 0.000000 -0.000000 0.000000 2.536985 -2.770453 -3.092523 -0.442702 -1.158337 -0.722761 -0.073443 -0.411544 1.654470 -0.178132 -2.422886 -4.385692 0.938584 -4.541759 11.856282 -3.783253 4.942263 9.729789 0.795184 4.773750 -3.506179 -3.470068 7.326683 -12.684886 0.000077 -0.000022 0.000006 0.027017 -0.263019 0.000467 0.669106 -4.040434 -10.636598 -0.614567 3.535657 -10.645849 -19.438320 -10.426704 14.940098 -54.690914 -8.883349 13.038877 1.732009 -40.746204 -0.800060 -2.372204 3.773497 11.433466 -5.882102 9.861279 0.702590 -10.936861 -0.360574 7.156197 0.000000 8.774815 -0.000000 -16.529045 18.501863 6.018305 -1.844031 2.498503 -2.507276 -10.163590 4.678941 4.621104 -20.975996 -0.000001 0.000001 -21.226254 2.451698 -3.593995 0.000000 -0.000006 -0.000000 -1.362681 2.240797 -0.746323 -21.334892 0.584910 3.008319 -13.821196 -0.000001 0.000001 -23.887129 -0.249075 -0.839485 -60.273563 2.816753 -1.723932 -0.294025 1.679686 0.833255 -14.218195 0.093215 1.300579 -34.212002 -0.287561 0.967166 -20.033176 0.964536 1.212838 0.000000 -0.000000 0.000000 -3.440387 0.788233 0.501655 -15.928172 -3.167306 2.999703 -6.338817 -0.000000 0.000001 -18.123419 3.648181 -4.905662 -0.000004 0.000000 -0.000002 24.486822 6.277366 15.246323 48.929619 -5.947744 3.125795 2.261104 73.891731 1.765248 -1.427508 -12.863389 4.873303 2.243540 -5.255033 -3.180156 14.282877 -0.826594 6.952496 -0.000000 -12.690593 -0.000001 15.288267 -17.167459 2.927269 1.665665 -1.955920 -2.878297 4.727794 -4.170584 4.993919 11.020511 0.000001 -0.000000 12.109032 -3.735715 -2.866778 0.000000 -0.000000 0.000000 1.291985 -1.928548 -1.498088 14.800115 0.567467 3.865604 14.242553 -1.341738 -6.660648 19.631935 0.143921 -0.648243 49.928623 -0.502939 -6.238639 0.353029 -1.511150 -0.031940 20.222769 3.684305 2.316629 18.787249 0.000001 -0.000001 10.751608 -0.479870 1.397903 0.000000 -0.000000 0.000000 3.273804 0.305947 -0.580110 21.486790 11.830364 2.266131 8.162915 0.000000 -0.000000 18.399052 -3.798986 -4.940567 0.000003 0.000000 -0.000001 4.536473 4.792462 -0.799422 -0.006157 -0.268493 22.482164 0.812245 -9.663277 -18.120216 1.653203 -1.896696 -1.505635 0.000000 -0.000000 0.000002 -6.042402 19.522278 -21.164005 -0.088217 0.854730 24.614624 17.672359 18.658396 -0.583684 -1.332862 1.185811 -2.817745 0.000000 -0.000000 -0.000001
0.000000 0.000000 0.000000 0.000000 -0.000000 0.000000 2.536985 -2.905509 -3.092523 -0.442702 -1.158337 -0.722761 0.247126 -0.210626 1.926686 -0.034426 -1.571099 -4.283620 1.003363 -3.513563 11.852082 -4.516074 5.417846 10.713775 0.472918 3.778279 -3.525867 -3.395810 5.635023 -12.204198 0.000077 -0.000022 0.000006 0.038868 -0.239574 0.014416 0.674440 -4.007497 -10.633111 -0.596916 3.551793 -10.618967 -20.179108 -9.449023 14.235663 -54.121685 -11.118111 15.857863 1.570687 -43.816299 -1.020320 -1.256099 3.900700 11.471769 -5.882102 9.861279 0.702590 -10.936861 -0.360574 7.156197 0.000000 8.774815 -0.000000 -16.433407 18.601063 6.051595 -1.844031 2.498503 -2.507276 -10.163590 4.678941 4.621104 -20.975996 -0.000001 0.000001 -21.226254 2.451698 -3.593995 0.000000 -0.000006 -0.000000 -1.362681 2.240797 -0.746323 -21.334892 0.584910 3.008319 -13.821196 -0.000001 0.000001 -23.887129 -0.249075 -0.839485 -60.100441 2.855622 -1.528916 -0.294025 1.679686 0.833255 -14.218195 0.093215 1.300579 -34.212002 -0.287561 0.967166 -20.033176 0.964536 1.212838 0.000000 -0.000000 0.000000 -3.440387 0.788233 0.501655 -15.928172 -3.167306 2.999703 -6.338817 -0.000000 0.000001 -18.123419 3.648181 -4.905662 -0.000004 0.000000 -0.000002 21.938072 9.062488 14.878222 48.862110 -5.610856 3.824565 4.028040 79.644539 3.308979 0.629844 -15.451522 5.062569 2.243540 -5.255033 -3.180156 14.282877 -0.826594 6.952496 -0.000000 -12.690593 -0.000001 15.452554 -17.605474 2.741476 1.665665 -1.955920 -2.878297 4.727794 -4.170584 4.993919 11.020511 0.000001 -0.000000 12.109032 -3.735715 -2.866778 0.000000 -0.000000 0.000000 1.291985 -1.928548 -1.498088 14.800115 0.567467 3.865604 14.242553 -1.341738 -6.660648 19.631935 0.143921 -0.648243 49.709797 -0.537844 -6.765176 0.353029 -1.511150 -0.031940 20.222769 3.684305 2.316629 18.787249 0.000001 -0.000001 10.751608 -0.479870 1.397903 0.000000 -0.000000 0.000000 3.273804 0.305947 -0.580110 21.486790 11.830364 2.266131 8.162915 0.000000 -0.000000 18.399052 -3.798986 -4.940567 0.000003 0.000000 -0.000001 4.536473 4.792462 -0.799422 -0.006157 -0.268493 22.482164 0.812245 -9.663277 -18.120216 1.653203 -1.896696 -1.505635 0.000000 -0.000000 0.000002 -6.042402 19.522278 -21.164005 -0.088217 0.854730 24.614624 17.672359 18.658396 -0.583684 -1.332862 1.185811 -2.817745 0.000000 -0.000000 -0.000001
0.000000 0.000000 0.000000 0.000000 -0.000000 0.000000 2.536985 -2.951308 -3.092523 -0.442702 -1.158337 -0.722761 0.479943 -0.183489 1.964592 0.072011 -0.884248 -4.228176 0.815963 -2.802188 11.790636 -4.715166 5.665452 12.715685 -0.012904 2.558593 -3.530657 -3.152170 3.521582 -11.198810 0.000077 -0.000022 0.000006 0.047076 -0.187351 0.026381 0.685645 -3.934105 -10.544623 -0.593568 3.583482 -10.541597 -21.189848 -8.260770 13.923424 -53.112534 -14.150758 19.498323 0.457196 -45.738701 -0.405541 -0.867802 3.455564 11.966743 -5.882102 9.861279 0.702590 -10.936861 -0.360574 7.156197 0.000000 8.774815 -0.000000 -16.348684 18.707876 5.912591 -1.844031 2.498503 -2.507276 -10.163590 4.678941 4.621104 -20.975996 -0.000001 0.000001 -21.226254 2.451698 -3.593995 0.000000 -0.000006 -0.000000 -1.362681 2.240797 -0.746323 -21.334892 0.584910 3.008319 -13.821196 -0.000001 0.000001 -23.887129 -0.249075 -0.839485 -59.746357 2.943565 -1.457556 -0.294025 1.679686 0.833255 -14.218195 0.093215 1.300579 -34.212002 -0.287561 0.967166 -20.033176 0.964536 1.212838 0.000000 -0.000000 0.000000 -3.440387 0.788233 0.501655 -15.928172 -3.167306 2.999703 -6.338817 -0.000000 0.000001 -18.123419 3.648181 -4.905662 -0.000004 0.000000 -0.000002 18.934175 11.211239 14.015110 48.398674 -4.983147 1.074290 27.266352 87.734711 26.704456 4.203750 -17.536596 3.949130 2.243540 -5.255033 -3.180156 14.282877 -0.826594 6.952496 -0.000000 -12.690593 -0.000001 15.670792 -18.266684 2.540405 1.665665 -1.955920 -2.878297 4.727794 -4.170584 4.993919 11.020511 0.000001 -0.000000 12.109032 -3.735715 -2.866778 0.000000 -0.000000 0.000000 1.291985 -1.928548 -1.498088 14.800115 0.567467 3.865604 14.242553 -1.341738 -6.660648 19.631935 0.143921 -0.648243 49.743114 -0.811819 -7.124385 0.353029 -1.511150 -0.031940 20.222769 3.684305 2.316629 18.787249 0.000001 -0.000001 10.751608 -0.479870 1.397903 0.000000 -0.000000 0.000000 3.273804 0.305947 -0.580110 21.486790 11.830364 2.266131 8.162915 0.000000 -0.000000 18.399052 -3.798986 -4.940567 0.000003 0.000000 -0.000001 4.536473 4.792462 -0.799422 -0.006157 -0.268493 22.482164 0.812245 -9.663277 -18.120216 1.653203 -1.896696 -1.505635 0.000000 -0.000000 0.000002 -6.042402 19.522278 -21.164005 -0.088217 0.854730 24.614624 17.672359 18.658396 -0.583684 -1.332862 1.185811 -2.817745 0.000000 -0.000000 -0.000001
0.000000 0.000000 0.000000 0.000000 -0.000000 0.000000 2.536985 -2.739645 -3.092523 -0.442702 -1.158337 -0.722761 0.643282 -0.361954 1.940726 -0.025092 -0.334964 -4.217648 0.263335 -2.509617 11.822150 -3.997237 5.462481 15.898695 -0.831922 1.247823 -3.510487 -2.572101 0.873845 -10.720525 0.000077 -0.000022 0.000006 0.009475 -0.045082 0.063981 0.667647 -3.777056 -10.502460 -0.650590 3.711289 -10.530847 -21.785530 -7.266099 14.242002 -52.264446 -17.584496 23.502651 -0.712077 -47.492180 0.374522 -1.702763 2.516046 12.914847 -5.882102 9.861279 0.702590 -10.936861 -0.360574 7.156197 0.000000 8.774815 -0.000000 -16.192905 18.747824 5.829697 -1.844031 2.498503 -2.507276 -10.163590 4.678941 4.621104 -20.975996 -0.000001 0.000001 -21.226254 2.451698 -3.593995 0.000000 -0.000006 -0.000000 -1.362681 2.240797 -0.746323 -21.334892 0.584910 3.008319 -13.821196 -0.000001 0.000001 -23.887129 -0.249075 -0.839485 -59.577480 2.974655 -1.112765 -0.294025 1.679686 0.833255 -14.218195 0.093215 1.300579 -34.212002 -0.287561 0.967166 -20.033176 0.964536 1.212838 0.000000 -0.000000 0.000000 -3.440387 0.788233 0.501655 -15.928172 -3.167306 2.999703 -6.338817 -0.000000 0.000001 -18.123419 3.648181 -4.905662 -0.000004 0.000000 -0.000002 14.911962 12.505441 12.806953 47.450817 -3.437786 -5.074846 171.723633 82.669792 171.881012 7.890630 -18.808836 1.565305 2.243540 -5.255033 -3.180156 14.282877 -0.826594 6.952496 -0.000000 -12.690593 -0.000001 15.260266 -18.675882 2.777821 1.665665 -1.955920 -2.878297 4.727794 -4.170584 4.993919 11.020511 0.000001 -0.000000 12.109032 -3.735715 -2.866778 0.000000 -0.000000 0.000000 1.291985 -1.928548 -1.498088 14.800115 0.567467 3.865604 14.242553 -1.341738 -6.660648 19.631935 0.143921 -0.648243 49.858376 -0.952743 -6.998224 0.353029 -1.511150 -0.031940 20.222769 3.684305 2.316629 18.787249 0.000001 -0.000001 10.751608 -0.479870 1.397903 0.000000 -0.000000 0.000000 3.273804 0.305947 -0.580110 21.486790 11.830364 2.266131 8.162915 0.000000 -0.000000 18.399052 -3.798986 -4.940567 0.000003 0.000000 -0.000001 4.536473 4.792462 -0.799422 -0.006157 -0.268493 22.482164 0.812245 -9.663277 -18.120216 1.653203 -1.896696 -1.505635 0.000000 -0.000000 0.000002 -6.042402 19.522278 -21.164005 -0.088217 0.854730 24.614624 17.672359 18.658396 -0.583684 -1.332862 1.185811 -2.817745 0.000000 -0.000000 -0.000001
0.000000 0.000000 0.000000 0.000000 -0.000000 0.000000 2.536985 -2.503400 -3.092523 -0.442702 -1.158337 -0.722761 0.939215 -0.413793 1.851864 -0.073491 0.085584 -4.306943 -0.252488 -2.297510 11.996048 -2.811703 4.831063 19.578518 -1.306038 -0.156702 -3.629434 -2.074397 -1.591661 -10.309059 0.000077 -0.000022 0.000006 -0.042169 0.099158 0.106643 0.608879 -3.640395 -10.516289 -0.697312 3.860215 -10.561086 -22.050114 -6.536353 14.889867 -51.594162 -20.383442 26.636749 -1.811054 -50.190128 1.311428 -3.361009 1.604939 13.839817 -5.882102 9.861279 0.702590 -10.936861 -0.360574 7.156197 0.000000 8.774815 -0.000000 -16.214684 18.863495 5.789388 -1.844031 2.498503 -2.507276 -10.163590 4.678941 4.621104 -20.975996 -0.000001 0.000001 -21.226254 2.451698 -3.593995 0.000000 -0.000006 -0.000000 -1.362681 2.240797 -0.746323 -21.334892 0.584910 3.008319 -13.821196 -0.000001 0.000001 -23.887129 -0.249075 -0.839485 -60.072525 2.950788 -1.146691 -0.294025 1.679686 0.833255 -14.218195 0.093215 1.300579 -34.212002 -0.287561 0.967166 -20.033176 0.964536 1.212838 0.000000 -0.000000 0.000000 -3.440387 0.788233 0.501655 -15.928172 -3.167306 2.999703 -6.338817 -0.000000 0.000001 -18.123419 3.648181 -4.905662 -0.000004 0.000000 -0.000002 9.725358 13.648336 10.758903 44.815140 -2.001410 -12.493974 179.793961 73.976921 -179.457809 11.458578 -19.516655 -0.825316 2.243540 -5.255033 -3.180156 14.282877 -0.826594 6.952496 -0.000000 -12.690593 -0.000001 14.371304 -18.629070 3.349582 1.665665 -1.955920 -2.878297 4.727794 -4.170584 4.993919 11.020511 0.000001 -0.000000 12.109032 -3.735715 -2.866778 0.000000 -0.000000 0.000000 1.291985 -1.928548 -1.498088 14.800115 0.567467 3.865604 14.242553 -1.341738 -6.660648 19.631935 0.143921 -0.648243 49.717319 -0.927337 -6.507725 0.353029 -1.511150 -0.031940 20.222769 3.684305 2.316629 18.787249 0.000001 -0.000001 10.751608 -0.479870 1.397903 0.000000 -0.000000 0.000000 3.273804 0.305947 -0.580110 21.486790 11.830364 2.266131 8.162915 0.000000 -0.000000 18.399052 -3.798986 -4.940567 0.000003 0.000000 -0.000001 4.536473 4.792462 -0.799422 -0.006157 -0.268493 22.482164 0.812245 -9.663277 -18.120216 1.653203 -1.896696 -1.505635 0.000000 -0.000000 0.000002 -6.042402 19.522278 -21.164005 -0.088217 0.854730 24.614624 17.672359 18.658396 -0.583684 -1.332862 1.185811 -2.817745 0.000000 -0.000000 -0.000001
0.000000 0.000000 0.000000 0.000000 -0.000000 0.000000 2.536985 -2.283054 -3.092523 -0.442702 -1.158337 -0.722761 1.417716 -0.362871 1.783820 0.026009 0.319954 -4.379057 -0.574424 -1.824302 11.981688 -1.268876 3.856518 22.617123 -1.547866 -1.846246 -3.810417 -1.766389 -3.471627 -10.337276 0.000077 -0.000022 0.000006 -0.064911 0.160927 0.115320 0.578098 -3.595501 -10.569371 -0.715704 3.932816 -10.597697 -22.409428 -6.007671 15.532802 -50.815361 -21.944780 28.466919 -2.835869 -53.782715 2.236225 -4.891081 0.837451 14.040395 -5.882102 9.861279 0.702590 -10.936861 -0.360574 7.156197 0.000000 8.774815 -0.000000 -16.334030 18.953453 5.746722 -1.844031 2.498503 -2.507276 -10.163590 4.678941 4.621104 -20.975996 -0.000001 0.000001 -21.226254 2.451698 -3.593995 0.000000 -0.000006 -0.000000 -1.362681 2.240797 -0.746323 -21.334892 0.584910 3.008319 -13.821196 -0.000001 0.000001 -23.887129 -0.249075 -0.839485 -60.672100 2.848791 -1.406967 -0.294025 1.679686 0.833255 -14.218195 0.093215 1.300579 -34.212002 -0.287561 0.967166 -20.033176 0.964536 1.212838 0.000000 -0.000000 0.000000 -3.440387 0.788233 0.501655 -15.928172 -3.167306 2.999703 -6.338817 -0.000000 0.000001 -18.123419 3.648181 -4.905662 -0.000004 0.000000 -0.000002 4.275972 14.846980 8.535550 39.223629 -0.820943 -21.492825 -176.341309 67.706902 -176.083679 14.883607 -18.759249 -0.315090 2.243540 -5.255033 -3.180156 14.282877 -0.826594 6.952496 -0.000000 -12.690593 -0.000001 14.207896 -18.286739 3.479713 1.665665 -1.955920 -2.878297 4.727794 -4.170584 4.993919 11.020511 0.000001 -0.000000 12.109032 -3.735715 -2.866778 0.000000 -0.000000 0.000000 1.291985 -1.928548 -1.498088 14.800115 0.567467 3.865604 14.242553 -1.341738 -6.660648 19.631935 0.143921 -0.648243 49.556759 -0.946469 -6.280159 0.353029 -1.511150 -0.031940 20.222769 3.684305 2.316629 18.787249 0.000001 -0.000001 10.751608 -0.479870 1.397903 0.000000 -0.000000 0.000000 3.273804 0.305947 -0.580110 21.486790 11.830364 2.266131 8.162915 0.000000 -0.000000 18.399052 -3.798986 -4.940567 0.000003 0.000000 -0.000001 4.536473 4.792462 -0.799422 -0.006157 -0.268493 22.482164 0.812245 -9.663277 -18.120216 1.653203 -1.896696 -1.505635 0.000000 -0.000000 0.000002 -6.042402 19.522278 -21.164005 -0.088217 0.854730 24.614624 17.672359 18.658396 -0.583684 -1.332862 1.185811 -2.817745 0.000000 -0.000000 -0.000001
0.000000 0.000000 0.000000 0.000000 -0.000000 0.000000 2.536985 -1.994718 -3.092523 -0.442702 -1.158337 -0.722761 1.868596 -0.317795 1.846204 0.135165 0.598351 -4.402428 -0.793777 -1.481788 11.819818 0.741177 2.466852 23.966002 -2.141555 -3.597340 -3.880540 -1.371670 -5.320050 -10.683312 0.000077 -0.000022 0.000006 -0.051700 0.150189 0.055618 0.602761 -3.611331 -10.634992 -0.715290 3.926704 -10.669286 -22.494379 -5.996113 15.830996 -50.435326 -22.338387 29.972708 -2.557670 -56.928352 2.243256 -6.123569 0.960389 13.377848 -5.882102 9.861279 0.702590 -10.936861 -0.360574 7.156197 0.000000 8.774815 -0.000000 -16.253496 18.723400 5.725116 -1.844031 2.498503 -2.507276 -10.163590 4.678941 4.621104 -20.975996 -0.000001 0.000001 -21.226254 2.451698 -3.593995 0.000000 -0.000006 -0.000000 -1.362681 2.240797 -0.746323 -21.334892 0.584910 3.008319 -13.821196 -0.000001 0.000001 -23.887129 -0.249075 -0.839485 -60.898815 2.796339 -1.529224 -0.294025 1.679686 0.833255 -14.218195 0.093215 1.300579 -34.212002 -0.287561 0.967166 -20.033176 0.964536 1.212838 0.000000 -0.000000 0.000000 -3.440387 0.788233 0.501655 -15.928172 -3.167306 2.999703 -6.338817 -0.000000 0.000001 -18.123419 3.648181 -4.905662 -0.000004 0.000000 -0.000002 -0.459815 15.962375 6.947142 30.340715 -0.528662 -34.249718 -177.422928 66.010101 -177.760757 16.953955 -15.866460 0.097430 2.243540 -5.255033 -3.180156 14.282877 -0.826594 6.952496 -0.000000 -12.690593 -0.000001 15.156015 -17.987446 3.047244 1.665665 -1.955920 -2.878297 4.727794 -4.170584 4.993919 11.020511 0.000001 -0.000000 12.109032 -3.735715 -2.866778 0.000000 -0.000000 0.000000 1.291985 -1.928548 -1.498088 14.800115 0.567467 3.865604 14.242553 -1.341738 -6.660648 19.631935 0.143921 -0.648243 49.712727 -0.774366 -6.287482 0.353029 -1.511150 -0.031940 20.222769 3.684305 2.316629 18.787249 0.000001 -0.000001 10.751608 -0.479870 1.397903 0.000000 -0.000000 0.000000 3.273804 0.305947 -0.580110 21.486790 11.830364 2.266131 8.162915 0.000000 -0.000000 18.399052 -3.798986 -4.940567 0.000003 0.000000 -0.000001 4.536473 4.792462 -0.799422 -0.006157 -0.268493 22.482164 0.812245 -9.663277 -18.120216 1.653203 -1.896696 -1.505635 0.000000 -0.000000 0.000002 -6.042402 19.522278 -21.164005 -0.088217 0.854730 24.614624 17.672359 18.658396 -0.583684 -1.332862 1.185811 -2.817745 0.000000 -0.000000 -0.000001
0.000000 0.000000 0.000000 0.000000 -0.000000 0.000000 2.536985 -1.688099 -3.092523 -0.442702 -1.158337 -0.722761 2.183573 -0.395382 2.122444 0.237205 0.532257 -4.386127 -1.090969 -1.711638 11.646411 2.964450 0.738280 23.818052 -2.656038 -5.714014 -3.895815 -0.939422 -7.323556 -11.147036 0.000077 -0.000022 0.000006 -0.028555 0.089536 0.016643 0.624024 -3.669509 -10.631841 -0.691899 3.865149 -10.665470 -22.171881 -6.595842 16.059950 -50.284435 -22.145838 30.528831 -2.071910 -58.612072 2.242521 -6.626935 1.782880 13.217957 -5.882102 9.861279 0.702590 -10.936861 -0.360574 7.156197 0.000000 8.774815 -0.000000 -15.971752 18.595268 5.836540 -1.844031 2.498503 -2.507276 -10.163590 4.678941 4.621104 -20.975996 -0.000001 0.000001 -21.226254 2.451698 -3.593995 0.000000 -0.000006 -0.000000 -1.362681 2.240797 -0.746323 -21.334892 0.584910 3.008319 -13.821196 -0.000001 0.000001 -23.887129 -0.249075 -0.839485 -60.815746 2.799043 -1.537222 -0.294025 1.679686 0.833255 -14.218195 0.093215 1.300579 -34.212002 -0.287561 0.967166 -20.033176 0.964536 1.212838 0.000000 -0.000000 0.000000 -3.440387 0.788233 0.501655 -15.928172 -3.167306 2.999703 -6.338817 -0.000000 0.000001 -18.123419 3.648181 -4.905662 -0.000004 0.000000 -0.000002 -4.358777 16.883879 6.198557 20.673014 -3.013644 -46.922340 -178.620209 68.606400 -179.389633 17.725634 -13.050569 2.210123 2.243540 -5.255033 -3.180156 14.282877 -0.826594 6.952496 -0.000000 -12.690593 -0.000001 15.048122 -17.836121 2.971198 1.665665 -1.955920 -2.878297 4.727794 -4.170584 4.993919 11.020511 0.000001 -0.000000 12.109032 -3.735715 -2.866778 0.000000 -0.000000 0.000000 1.291985 -1.928548 -1.498088 14.800115 0.567467 3.865604 14.242553 -1.341738 -6.660648 19.631935 0.143921 -0.648243 48.551945 -0.651936 -6.266626 0.353029 -1.511150 -0.031940 20.222769 3.684305 2.316629 18.787249 0.000001 -0.000001 10.751608 -0.479870 1.397903 0.000000 -0.000000 0.000000 3.273804 0.305947 -0.580110 21.486790 11.830364 2.266131 8.162915 0.000000 -0.000000 18.399052 -3.798986 -4.940567 0.000003 0.000000 -0.000001 4.536473 4.792462 -0.799422 -0.006157 -0.268493 22.482164 0.812245 -9.663277 -18.120216 1.653203 -1.896696 -1.505635 0.000000 -0.000000 0.000002 -6.042402 19.522278 -21.164005 -0.088217 0.854730 24.614624 17.672359 18.658396 -0.583684 -1.332862 1.185811 -2.817745 0.000000 -0.000000 -0.000001
0.000000 0.000000 0.000000 0.000000 -0.000000 0.000000 2.536985 -1.716643 -3.092523 -0.442702 -1.158337 -0.722761 2.365549 -0.578211 2.412167 0.277164 -0.009556 -4.395601 -1.385120 -2.539006 11.564904 5.712262 -1.459662 22.801676 -3.333747 -8.097611 -3.794353 -0.287017 -10.051300 -11.496802 0.000077 -0.000022 0.000006 0.001956 0.013441 0.001042 0.678999 -3.731185 -10.583186 -0.687490 3.774692 -10.604408 -21.311630 -7.735003 16.558868 -50.313625 -21.623930 29.946129 -0.978378 -59.508610 1.753151 -6.698069 3.229653 14.219923 -5.882102 9.861279 0.702590 -10.936861 -0.360574 7.156197 0.000000 8.774815 -0.000000 -15.701020 18.411882 5.961938 -1.844031 2.498503 -2.507276 -10.163590 4.678941 4.621104 -20.975996 -0.000001 0.000001 -21.226254 2.451698 -3.593995 0.000000 -0.000006 -0.000000 -1.362681 2.240797 -0.746323 -21.334892 0.584910 3.008319 -13.821196 -0.000001 0.000001 -23.887129 -0.249075 -0.839485 -60.679291 2.674367 -1.506127 -0.294025 1.679686 0.833255 -14.218195 0.093215 1.300579 -34.212002 -0.287561 0.967166 -20.033176 0.964536 1.212838 0.000000 -0.000000 0.000000 -3.440387 0.788233 0.501655 -15.928172 -3.167306 2.999703 -6.338817 -0.000000 0.000001 -18.123419 3.648181 -4.905662 -0.000004 0.000000 -0.000002 -7.692580 16.970877 5.575605 13.634806 -8.866327 -55.659264 -179.915543 71.977440 179.035828 18.621233 -10.132347 7.649554 2.243540 -5.255033 -3.180156 14.282877 -0.826594 6.952496 -0.000000 -12.690593 -0.000001 14.944200 -17.463449 2.825320 1.665665 -1.955920 -2.878297 4.727794 -4.170584 4.993919 11.020511 0.000001 -0.000000 12.109032 -3.735715 -2.866778 0.000000 -0.000000 0.000000 1.291985 -1.928548 -1.498088 14.800115 0.567467 3.865604 14.242553 -1.341738 -6.660648 19.631935 0.143921 -0.648243 47.043636 -0.656320 -6.299260 0.353029 -1.511150 -0.031940 20.222769 3.684305 2.316629 18.787249 0.000001 -0.000001 10.751608 -0.479870 1.397903 0.000000 -0.000000 0.000000 3.273804 0.305947 -0.580110 21.486790 11.830364 2.266131 8.162915 0.000000 -0.000000 18.399052 -3.798986 -4.940567 0.000003 0.000000 -0.000001 4.536473 4.792462 -0.799422 -0.006157 -0.268493 22.482164 0.812245 -9.663277 -18.120216 1.653203 -1.896696 -1.505635 0.000000 -0.000000 0.000002 -6.042402 19.522278 -21.164005 -0.088217 0.854730 24.614624 17.672359 18.658396 -0.583684 -1.332862 1.185811 -2.817745 0.000000 -0.000000 -0.000001
0.000000 0.000000 0.000000 0.000000 -0.000000 0.000000 2.536985 -2.014766 -3.092523 -0.442702 -1.158337 -0.722761 2.549138 -0.795154 2.475533 0.264790 -0.467909 -4.488544 -1.633443 -3.489184 11.612716 8.428739 -3.738764 21.738033 -3.958280 -10.460286 -3.683084 0.483468 -12.968068 -11.913616 0.000077 -0.000022 0.000006 0.024718 -0.086085 0.002657 0.723143 -3.811103 -10.504986 -0.687649 3.651820 -10.514140 -20.312130 -8.292287 17.098669 -50.164352 -20.219570 27.709093 -0.082835 -60.764709 1.004158 -5.973857 4.412555 15.480865 -5.882102 9.861279 0.702590 -10.936861 -0.360574 7.156197 0.000000 8.774815 -0.000000 -15.649244 18.420717 6.159421 -1.844031 2.498503 -2.507276 -10.163590 4.678941 4.621104 -20.975996 -0.000001 0.000001 -21.226254 2.451698 -3.593995 0.000000 -0.000006 -0.000000 -1.362681 2.240797 -0.746323 -21.334892 0.584910 3.008319 -13.821196 -0.000001 0.000001 -23.887129 -0.249075 -0.839485 -60.402157 2.593259 -1.465806 -0.294025 1.679686 0.833255 -14.218195 0.093215 1.300579 -34.212002 -0.287561 0.967166 -20.033176 0.964536 1.212838 0.000000 -0.000000 0.000000 -3.440387 0.788233 0.501655 -15.928172 -3.167306 2.999703 -6.338817 -0.000000 0.000001 -18.123419 3.648181 -4.905662 -0.000004 0.000000 -0.000002 -10.331268 16.563200 5.183856 10.355613 -15.706317 -61.208237 178.033920 73.050278 177.007965 18.701693 -6.355381 12.170250 2.243540 -5.255033 -3.180156 14.282877 -0.826594 6.952496 -0.000000 -12.690593 -0.000001 15.222233 -17.070845 2.311876 1.665665 -1.955920 -2.878297 4.727794 -4.170584 4.993919 11.020511 0.000001 -0.000000 12.109032 -3.735715 -2.866778 0.000000 -0.000000 0.000000 1.291985 -1.928548 -1.498088 14.800115 0.567467 3.865604 14.242553 -1.341738 -6.660648 19.631935 0.143921 -0.648243 46.431061 -0.675003 -6.445529 0.353029 -1.511150 -0.031940 20.222769 3.684305 2.316629 18.787249 0.000001 -0.000001 10.751608 -0.479870 1.397903 0.000000 -0.000000 0.000000 3.273804 0.305947 -0.580110 21.486790 11.830364 2.266131 8.162915 0.000000 -0.000000 18.399052 -3.798986 -4.940567 0.000003 0.000000 -0.000001 4.536473 4.792462 -0.799422 -0.006157 -0.268493 22.482164 0.812245 -9.663277 -18.120216 1.653203 -1.896696 -1.505635 0.000000 -0.000000 0.000002 -6.042402 19.522278 -21.164005 -0.088217 0.854730 24.614624 17.672359 18.658396 -0.583684 -1.332862 1.185811 -2.817745 0.000000 -0.000000 -0.000001
0.000000 0.000000 0.000000 0.000000 -0.000000 0.000000 2.536985 -2.235916 -3.092523 -0.442702 -1.158337 -0.722761 2.666220 -0.768474 2.517530 0.291185 -0.298111 -4.449130 -1.655986 -3.859953 11.595825 10.630253 -5.344474 21.118082 -4.454227 -12.168260 -3.470046 1.267688 -15.166811 -12.491816 0.000077 -0.000022 0.000006 0.043421 -0.151325 -0.030537 0.760506 -3.856750 -10.491029 -0.687185 3.564450 -10.499175 -19.770388 -7.772677 17.472387 -50.114227 -17.287294 22.721062 0.586968 -62.084576 0.277023 -4.494800 4.734558 15.490479 -5.882102 9.861279 0.702590 -10.936861 -0.360574 7.156197 0.000000 8.774815 -0.000000 -15.690334 18.508863 6.338305 -1.844031 2.498503 -2.507276 -10.163590 4.678941 4.621104 -20.975996 -0.000001 0.000001 -21.226254 2.451698 -3.593995 0.000000 -0.000006 -0.000000 -1.362681 2.240797 -0.746323 -21.334892 0.584910 3.008319 -13.821196 -0.000001 0.000001 -23.887129 -0.249075 -0.839485 -60.463825 2.389150 -1.165102 -0.294025 1.679686 0.833255 -14.218195 0.093215 1.300579 -34.212002 -0.287561 0.967166 -20.033176 0.964536 1.212838 0.000000 -0.000000 0.000000 -3.440387 0.788233 0.501655 -15.928172 -3.167306 2.999703 -6.338817 -0.000000 0.000001 -18.123419 3.648181 -4.905662 -0.000004 0.000000 -0.000002 -12.384078 16.600391 4.856615 10.390440 -20.519432 -65.597694 178.585022 71.632034 177.640961 17.602869 -3.427700 12.832917 2.243540 -5.255033 -3.180156 14.282877 -0.826594 6.952496 -0.000000 -12.690593 -0.000001 15.928558 -16.772007 1.694158 1.665665 -1.955920 -2.878297 4.727794 -4.170584 4.993919 11.020511 0.000001 -0.000000 12.109032 -3.735715 -2.866778 0.000000 -0.000000 0.000000 1.291985 -1.928548 -1.498088 14.800115 0.567467 3.865604 14.242553 -1.341738 -6.660648 19.631935 0.143921 -0.648243 46.689804 -0.800298 -6.568965 0.353029 -1.511150 -0.031940 20.222769 3.684305 2.316629 18.787249 0.000001 -0.000001 10.751608 -0.479870 1.397903 0.000000 -0.000000 0.000000 3.273804 0.305947 -0.580110 21.486790 11.830364 2.266131 8.162915 0.000000 -0.000000 18.399052 -3.798986 -4.940567 0.000003 0.000000 -0.000001 4.536473 4.792462 -0.799422 -0.006157 -0.268493 22.482164 0.812245 -9.663277 -18.120216 1.653203 -1.896696 -1.505635 0.000000 -0.000000 0.000002 -6.042402 19.522278 -21.164005 -0.088217 0.854730 24.614624 17.672359 18.658396 -0.583684 -1.332862 1.185811 -2.817745 0.000000 -0.000000 -0.000001
0.000000 0.000000 0.000000 0.000000 -0.000000 0.000000 2.536985 -2.291376 -3.092523 -0.442702 -1.158337 -0.722761 2.509812 -0.722259 2.683165 0.239365 -0.158339 -4.421714 -1.580788 -3.951848 11.551353 12.153977 -6.324887 20.993813 -4.594976 -13.129724 -3.416069 1.841866 -16.467003 -12.635369 0.000077 -0.000022 0.000006 0.065285 -0.177601 -0.055169 0.775239 -3.867358 -10.471015 -0.656933 3.521899 -10.477855 -19.425402 -7.118071 17.653452 -50.273121 -13.136010 16.463491 0.532893 -62.375954 -0.123196 -2.315724 4.512551 15.256751 -5.882102 9.861279 0.702590 -10.936861 -0.360574 7.156197 0.000000 8.774815 -0.000000 -15.631245 18.550674 6.493934 -1.844031 2.498503 -2.507276 -10.163590 4.678941 4.621104 -20.975996 -0.000001 0.000001 -21.226254 2.451698 -3.593995 0.000000 -0.000006 -0.000000 -1.362681 2.240797 -0.746323 -21.334892 0.584910 3.008319 -13.821196 -0.000001 0.000001 -23.887129 -0.249075 -0.839485 -60.512398 2.362334 -0.995997 -0.294025 1.679686 0.833255 -14.218195 0.093215 1.300579 -34.212002 -0.287561 0.967166 -20.033176 0.964536 1.212838 0.000000 -0.000000 0.000000 -3.440387 0.788233 0.501655 -15.928172 -3.167306 2.999703 -6.338817 -0.000000 0.000001 -18.123419 3.648181 -4.905662 -0.000004 0.000000 -0.000002 -13.079346 16.612537 4.584496 12.710382 -21.898884 -70.282211 179.623688 68.177910 178.647491 15.232188 -2.060297 12.375008 2.243540 -5.255033 -3.180156 14.282877 -0.826594 6.952496 -0.000000 -12.690593 -0.000001 16.685123 -16.579210 1.313419 1.665665 -1.955920 -2.878297 4.727794 -4.170584 4.993919 11.020511 0.000001 -0.000000 12.109032 -3.735715 -2.866778 0.000000 -0.000000 0.000000 1.291985 -1.928548 -1.498088 14.800115 0.567467 3.865604 14.242553 -1.341738 -6.660648 19.631935 0.143921 -0.648243 47.328144 -0.819626 -6.532459 0.353029 -1.511150 -0.031940 20.222769 3.684305 2.316629 18.787249 0.000001 -0.000001 10.751608 -0.479870 1.397903 0.000000 -0.000000 0.000000 3.273804 0.305947 -0.580110 21.486790 11.830364 2.266131 8.162915 0.000000 -0.000000 18.399052 -3.798986 -4.940567 0.000003 0.000000 -0.000001 4.536473 4.792462 -0.799422 -0.006157 -0.268493 22.482164 0.812245 -9.663277 -18.120216 1.653203 -1.896696 -1.505635 0.000000 -0.000000 0.000002 -6.042402 19.522278 -21.164005 -0.088217 0.854730 24.614624 17.672359 18.658396 -0.583684 -1.332862 1.185811 -2.817745 0.000000 -0.000000 -0.000001
0.000000 0.000000 0.000000 0.000000 -0.000000 0.000000 2.536985 -2.260103 -3.092523 -0.442702 -1.158337 -0.722761 2.280885 -0.680271 2.856155 0.147487 -0.025003 -4.341281 -1.423084 -3.880286 11.525764 12.816409 -6.771396 21.448792 -4.493560 -13.581460 -3.415938 2.225049 -17.222139 -12.386714 0.000077 -0.000022 0.000006 0.092126 -0.186581 -0.076078 0.792513 -3.865421 -10.505632 -0.619196 3.502063 -10.496114 -19.270382 -6.628311 17.844341 -50.168018 -9.373669 12.037760 0.916896 -60.950657 -0.852005 -0.948645 4.165551 14.296091 -5.882102 9.861279 0.702590 -10.936861 -0.360574 7.156197 0.000000 8.774815 -0.000000 -15.598817 18.457005 6.599593 -1.844031 2.498503 -2.507276 -10.163590 4.678941 4.621104 -20.975996 -0.000001 0.000001 -21.226254 2.451698 -3.593995 0.000000 -0.000006 -0.000000 -1.362681 2.240797 -0.746323 -21.334892 0.584910 3.008319 -13.821196 -0.000001 0.000001 -23.887129 -0.249075 -0.839485 -60.701694 2.324464 -0.896851 -0.294025 1.679686 0.833255 -14.218195 0.093215 1.300579 -34.212002 -0.287561 0.967166 -20.033176 0.964536 1.212838 0.000000 -0.000000 0.000000 -3.440387 0.788233 0.501655 -15.928172 -3.167306 2.999703 -6.338817 -0.000000 0.000001 -18.123419 3.648181 -4.905662 -0.000004 0.000000 -0.000002 -13.277742 16.814453 4.209442 15.776931 -21.103025 -74.627533 -179.862885 64.320435 178.852966 12.690883 -2.132150 12.050681 2.243540 -5.255033 -3.180156 14.282877 -0.826594 6.952496 -0.000000 -12.690593 -0.000001 17.070776 -16.616472 1.291228 1.665665 -1.955920 -2.878297 4.727794 -4.170584 4.993919 11.020511 0.000001 -0.000000 12.109032 -3.735715 -2.866778 0.000000 -0.000000 0.000000 1.291985 -1.928548 -1.498088 14.800115 0.567467 3.865604 14.242553 -1.341738 -6.660648 19.631935 0.143921 -0.648243 47.871807 -0.842480 -6.403951 0.353029 -1.511150 -0.031940 20.222769 3.684305 2.316629 18.787249 0.000001 -0.000001 10.751608 -0.479870 1.397903 0.000000 -0.000000 0.000000 3.273804 0.305947 -0.580110 21.486790 11.830364 2.266131 8.162915 0.000000 -0.000000 18.399052 -3.798986 -4.940567 0.000003 0.000000 -0.000001 4.536473 4.792462 -0.799422 -0.006157 -0.268493 22.482164 0.812245 -9.663277 -18.120216 1.653203 -1.896696 -1.505635 0.000000 -0.000000 0.000002 -6.042402 19.522278 -21.164005 -0.088217 0.854730 24.614624 17.672359 18.658396 -0.583684 -1.332862 1.185811 -2.817745 0.000000 -0.000000 -0.000001
0.000000 0.000000 0.000000 0.000000 -0.000000 0.000000 2.536985 -2.220228 -3.092523 -0.442702 -1.158337 -0.722761 2.132241 -0.701704 2.987602 0.074806 0.033008 -4.297387 -1.308959 -3.665100 11.600223 12.906569 -6.985410 22.271626 -4.326531 -13.761590 -3.420125 2.459416 -17.585182 -12.000772 0.000077 -0.000022 0.000006 0.114701 -0.194596 -0.090218 0.818961 -3.864731 -10.572152 -0.600114 3.484776 -10.538056 -19.380112 -6.371563 18.106384 -49.237617 -6.780926 10.349169 1.281443 -58.002541 -1.383196 -0.819101 4.051945 13.938592 -5.882102 9.861279 0.702590 -10.936861 -0.360574 7.156197 0.000000 8.774815 -0.000000 -15.577272 18.230619 6.587835 -1.844031 2.498503 -2.507276 -10.163590 4.678941 4.621104 -20.975996 -0.000001 0.000001 -21.226254 2.451698 -3.593995 0.000000 -0.000006 -0.000000 -1.362681 2.240797 -0.746323 -21.334892 0.584910 3.008319 -13.821196 -0.000001 0.000001 -23.887129 -0.249075 -0.839485 -60.802345 2.279583 -0.944997 -0.294025 1.679686 0.833255 -14.218195 0.093215 1.300579 -34.212002 -0.287561 0.967166 -20.033176 0.964536 1.212838 0.000000 -0.000000 0.000000 -3.440387 0.788233 0.501655 -15.928172 -3.167306 2.999703 -6.338817 -0.000000 0.000001 -18.123419 3.648181 -4.905662 -0.000004 0.000000 -0.000002 -13.428928 17.034355 3.931410 18.225370 -19.264956 -77.807846 -179.818329 61.317554 178.708420 10.981366 -2.504328 12.132387 2.243540 -5.255033 -3.180156 14.282877 -0.826594 6.952496 -0.000000 -12.690593 -0.000001 17.078529 -16.652533 1.453427 1.665665 -1.955920 -2.878297 4.727794 -4.170584 4.993919 11.020511 0.000001 -0.000000 12.109032 -3.735715 -2.866778 0.000000 -0.000000 0.000000 1.291985 -1.928548 -1.498088 14.800115 0.567467 3.865604 14.242553 -1.341738 -6.660648 19.631935 0.143921 -0.648243 48.219967 -0.906126 -6.221326 0.353029 -1.511150 -0.031940 20.222769 3.684305 2.316629 18.787249 0.000001 -0.000001 10.751608 -0.479870 1.397903 0.000000 -0.000000 0.000000 3.273804 0.305947 -0.580110 21.486790 11.830364 2.266131 8.162915 0.000000 -0.000000 18.399052 -3.798986 -4.940567 0.000003 0.000000 -0.000001 4.536473 4.792462 -0.799422 -0.006157 -0.268493 22.482164 0.812245 -9.663277 -18.120216 1.653203 -1.896696 -1.505635 0.000000 -0.000000 0.000002 -6.042402 19.522278 -21.164005 -0.088217 0.854730 24.614624 17.672359 18.658396 -0.583684 -1.332862 1.185811 -2.817745 0.000000 -0.000000 -0.000001
0.000000 0.000000 0.000000 0.000000 -0.000000 0.000000 2.536985 -2.258924 -3.092523 -0.442702 -1.158337 -0.722761 2.024262 -0.751722 3.090148 0.021975 -0.036258 -4.294369 -1.347544 -3.485605 11.707156 12.884330 -7.120132 23.343462 -4.214435 -14.083459 -3.429057 2.535807 -17.682867 -11.389754 0.000077 -0.000022 0.000006 0.132243 -0.211667 -0.098624 0.845135 -3.871936 -10.623615 -0.591599 3.457388 -10.568868 -19.639820 -6.369862 18.342257 -47.543659 -5.045782 10.825821 1.081084 -54.057590 -1.296295 -1.702286 4.069003 14.532907 -5.882102 9.861279 0.702590 -10.936861 -0.360574 7.156197 0.000000 8.774815 -0.000000 -15.502211 17.957859 6.584885 -1.844031 2.498503 -2.507276 -10.163590 4.678941 4.621104 -20.975996 -0.000001 0.000001 -21.226254 2.451698 -3.593995 0.000000 -0.000006 -0.000000 -1.362681 2.240797 -0.746323 -21.334892 0.584910 3.008319 -13.821196 -0.000001 0.000001 -23.887129 -0.249075 -0.839485 -60.775215 2.239464 -0.957056 -0.294025 1.679686 0.833255 -14.218195 0.093215 1.300579 -34.212002 -0.287561 0.967166 -20.033176 0.964536 1.212838 0.000000 -0.000000 0.000000 -3.440387 0.788233 0.501655 -15.928172 -3.167306 2.999703 -6.338817 -0.000000 0.000001 -18.123419 3.648181 -4.905662 -0.000004 0.000000 -0.000002 -13.716515 17.197338 3.779386 19.914083 -16.719398 -79.867676 179.838928 59.415947 178.779434 10.158922 -2.262196 11.786266 2.243540 -5.255033 -3.180156 14.282877 -0.826594 6.952496 -0.000000 -12.690593 -0.000001 16.721863 -16.645554 1.623294 1.665665 -1.955920 -2.878297 4.727794 -4.170584 4.993919 11.020511 0.000001 -0.000000 12.109032 -3.735715 -2.866778 0.000000 -0.000000 0.000000 1.291985 -1.928548 -1.498088 14.800115 0.567467 3.865604 14.242553 -1.341738 -6.660648 19.631935 0.143921 -0.648243 48.108917 -1.008302 -6.089280 0.353029 -1.511150 -0.031940 20.222769 3.684305 2.316629 18.787249 0.000001 -0.000001 10.751608 -0.479870 1.397903 0.000000 -0.000000 0.000000 3.273804 0.305947 -0.580110 21.486790 11.830364 2.266131 8.162915 0.000000 -0.000000 18.399052 -3.798986 -4.940567 0.000003 0.000000 -0.000001 4.536473 4.792462 -0.799422 -0.006157 -0.268493 22.482164 0.812245 -9.663277 -18.120216 1.653203 -1.896696 -1.505635 0.000000 -0.000000 0.000002 -6.042402 19.522278 -21.164005 -0.088217 0.854730 24.614624 17.672359 18.658396 -0.583684 -1.332862 1.185811 -2.817745 0.000000 -0.000000 -0.000001
0.000000 0.000000 0.000000 0.000000 -0.000000 0.000000 2.536985 -2.307035 -3.092523 -0.442702 -1.158337 -0.722761 1.931504 -0.833140 3.163558 -0.011774 -0.191316 -4.318806 -1.514138 -3.568526 11.866490 12.819900 -7.386974 24.406435 -4.143767 -14.340109 -3.432254 2.397131 -17.627056 -10.410328 0.000077 -0.000022 0.000006 0.143506 -0.215087 -0.120814 0.858792 -3.871475 -10.668316 -0.583095 3.449580 -10.603671 -19.817625 -6.766297 18.544231 -45.744305 -4.058574 12.882837 0.646034 -49.551392 -0.895156 -3.310972 4.213498 15.959325 -5.882102 9.861279 0.702590 -10.936861 -0.360574 7.156197 0.000000 8.774815 -0.000000 -15.464633 17.725178 6.506934 -1.844031 2.498503 -2.507276 -10.163590 4.678941 4.621104 -20.975996 -0.000001 0.000001 -21.226254 2.451698 -3.593995 0.000000 -0.000006 -0.000000 -1.362681 2.240797 -0.746323 -21.334892 0.584910 3.008319 -13.821196 -0.000001 0.000001 -23.887129 -0.249075 -0.839485 -60.794804 2.287215 -0.966148 -0.294025 1.679686 0.833255 -14.218195 0.093215 1.300579 -34.212002 -0.287561 0.967166 -20.033176 0.964536 1.212838 0.000000 -0.000000 0.000000 -3.440387 0.788233 0.501655 -15.928172 -3.167306 2.999703 -6.338817 -0.000000 0.000001 -18.123419 3.648181 -4.905662 -0.000004 0.000000 -0.000002 -14.145628 17.124071 3.748952 21.134005 -13.887263 -80.732292 -179.989151 58.519817 179.226929 10.016850 -1.848632 11.272985 2.243540 -5.255033 -3.180156 14.282877 -0.826594 6.952496 -0.000000 -12.690593 -0.000001 16.238768 -16.602461 1.826558 1.665665 -1.955920 -2.878297 4.727794 -4.170584 4.993919 11.020511 0.000001 -0.000000 12.109032 -3.735715 -2.866778 0.000000 -0.000000 0.000000 1.291985 -1.928548 -1.498088 14.800115 0.567467 3.865604 14.242553 -1.341738 -6.660648 19.631935 0.143921 -0.648243 47.691650 -1.086928 -6.030629 0.353029 -1.511150 -0.031940 20.222769 3.684305 2.316629 18.787249 0.000001 -0.000001 10.751608 -0.479870 1.397903 0.000000 -0.000000 0.000000 3.273804 0.305947 -0.580110 21.486790 11.830364 2.266131 8.162915 0.000000 -0.000000 18.399052 -3.798986 -4.940567 0.000003 0.000000 -0.000001 4.536473 4.792462 -0.799422 -0.006157 -0.268493 22.482164 0.812245 -9.663277 -18.120216 1.653203 -1.896696 -1.505635 0.000000 -0.000000 0.000002 -6.042402 19.522278 -21.164005 -0.088217 0.854730 24.614624 17.672359 18.658396 -0.583684 -1.332862 1.185811 -2.817745 0.000000 -0.000000 -0.000001
0.000000 0.000000 0.000000 0.000000 -0.000000 0.000000 2.536985 -2.333013 -3.092523 -0.442702 -1.158337 -0.722761 1.824360 -0.922613 3.187989 -0.032673 -0.426255 -4.348573 -1.784460 -3.887512 11.993015 12.966212 -7.872563 25.231422 -4.118456 -14.569631 -3.435944 2.210863 -17.618612 -9.173467 0.000077 -0.000022 0.000006 0.146947 -0.196886 -0.144834 0.860616 -3.855304 -10.703126 -0.577923 3.469098 -10.642019 -19.617823 -7.528842 18.781204 -44.679134 -3.774527 15.258073 0.168634 -45.010895 -0.419895 -4.890095 4.393477 17.026752 -5.882102 9.861279 0.702590 -10.936861 -0.360574 7.156197 0.000000 8.774815 -0.000000 -15.474699 17.621632 6.395558 -1.844031 2.498503 -2.507276 -10.163590 4.678941 4.621104 -20.975996 -0.000001 0.000001 -21.226254 2.451698 -3.593995 0.000000 -0.000006 -0.000000 -1.362681 2.240797 -0.746323 -21.334892 0.584910 3.008319 -13.821196 -0.000001 0.000001 -23.887129 -0.249075 -0.839485 -60.800106 2.350842 -0.918633 -0.294025 1.679686 0.833255 -14.218195 0.093215 1.300579 -34.212002 -0.287561 0.967166 -20.033176 0.964536 1.212838 0.000000 -0.000000 0.000000 -3.440387 0.788233 0.501655 -15.928172 -3.167306 2.999703 -6.338817 -0.000000 0.000001 -18.123419 3.648181 -4.905662 -0.000004 0.000000 -0.000002 -14.585639 16.681217 3.766777 22.325270 -11.495668 -80.627190 -179.022415 58.328732 -179.857925 10.615839 -1.634504 10.558806 2.243540 -5.255033 -3.180156 14.282877 -0.826594 6.952496 -0.000000 -12.690593 -0.000001 15.911284 -16.527430 1.958318 1.665665 -1.955920 -2.878297 4.727794 -4.170584 4.993919 11.020511 0.000001 -0.000000 12.109032 -3.735715 -2.866778 0.000000 -0.000000 0.000000 1.291985 -1.928548 -1.498088 14.800115 0.567467 3.865604 14.242553 -1.341738 -6.660648 19.631935 0.143921 -0.648243 47.331337 -1.083451 -6.018298 0.353029 -1.511150 -0.031940 20.222769 3.684305 2.316629 18.787249 0.000001 -0.000001 10.751608 -0.479870 1.397903 0.000000 -0.000000 0.000000 3.273804 0.305947 -0.580110 21.486790 11.830364 2.266131 8.162915 0.000000 -0.000000 18.399052 -3.798986 -4.940567 0.000003 0.000000 -0.000001 4.536473 4.792462 -0.799422 -0.006157 -0.268493 22.482164 0.812245 -9.663277 -18.120216 1.653203 -1.896696 -1.505635 0.000000 -0.000000 0.000002 -6.042402 19.522278 -21.164005 -0.088217 0.854730 24.614624 17.672359 18.658396 -0.583684 -1.332862 1.185811 -2.817745 0.000000 -0.000000 -0.000001
0.000000 0.000000 0.000000 0.000000 -0.000000 0.000000 2.536985 -2.330678 -3.092523 -0.442702 -1.158337 -0.722761 1.703048 -0.989306 3.174277 -0.060380 -0.730634 -4.355963 -2.089139 -4.281224 12.026983 13.355726 -8.467922 25.644962 -4.120403 -14.755622 -3.436373 2.128980 -17.734299 -8.001746 0.000077 -0.000022 0.000006 0.143563 -0.170586 -0.156439 0.856566 -3.833553 -10.726298 -0.579885 3.498942 -10.672468 -19.182528 -8.462272 19.018333 -44.468147 -3.973213 16.776186 -0.211955 -41.007668 -0.058493 -5.785169 4.643023 17.817438 -5.882102 9.861279 0.702590 -10.936861 -0.360574 7.156197 0.000000 8.774815 -0.000000 -15.529909 17.602751 6.327082 -1.844031 2.498503 -2.507276 -10.163590 4.678941 4.621104 -20.975996 -0.000001 0.000001 -21.226254 2.451698 -3.593995 0.000000 -0.000006 -0.000000 -1.362681 2.240797 -0.746323 -21.334892 0.584910 3.008319 -13.821196 -0.000001 0.000001 -23.887129 -0.249075 -0.839485 -60.831757 2.433923 -0.853220 -0.294025 1.679686 0.833255 -14.218195 0.093215 1.300579 -34.212002 -0.287561 0.967166 -20.033176 0.964536 1.212838 0.000000 -0.000000 0.000000 -3.440387 0.788233 0.501655 -15.928172 -3.167306 2.999703 -6.338817 -0.000000 0.000001 -18.123419 3.648181 -4.905662 -0.000004 0.000000 -0.000002 -14.902762 15.961319 3.703928 23.691158 -9.890317 -80.320831 -177.772690 58.367546 -178.785995 11.600019 -1.886186 9.519114 2.243540 -5.255033 -3.180156 14.282877 -0.826594 6.952496 -0.000000 -12.690593 -0.000001 15.878997 -16.461557 2.010656 1.665665 -1.955920 -2.878297 4.727794 -4.170584 4.993919 11.020511 0.000001 -0.000000 12.109032 -3.735715 -2.866778 0.000000 -0.000000 0.000000 1.291985 -1.928548 -1.498088 14.800115 0.567467 3.865604 14.242553 -1.341738 -6.660648 19.631935 0.143921 -0.648243 47.229309 -1.009267 -6.011305 0.353029 -1.511150 -0.031940 20.222769 3.684305 2.316629 18.787249 0.000001 -0.000001 10.751608 -0.479870 1.397903 0.000000 -0.000000 0.000000 3.273804 0.305947 -0.580110 21.486790 11.830364 2.266131 8.162915 0.000000 -0.000000 18.399052 -3.798986 -4.940567 0.000003 0.000000 -0.000001 4.536473 4.792462 -0.799422 -0.006157 -0.268493 22.482164 0.812245 -9.663277 -18.120216 1.653203 -1.896696 -1.505635 0.000000 -0.000000 0.000002 -6.042402 19.522278 -21.164005 -0.088217 0.854730 24.614624 17.672359 18.658396 -0.583684 -1.332862 1.185811 -2.817745 0.000000 -0.000000 -0.000001
0.000000 0.000000 0.000000 0.000000 -0.000000 0.000000 2.536985 -2.301198 -3.092523 -0.442702 -1.158337 -0.722761 1.568379 -1.024383 3.170935 -0.109399 -0.987898 -4.329631 -2.351827 -4.624436 11.964375 13.741515 -8.836031 25.578382 -4.102427 -14.745476 -3.457740 2.175135 -17.833838 -7.075976 0.000077 -0.000022 0.000006 0.127130 -0.125851 -0.165313 0.839573 -3.795508 -10.744898 -0.594614 3.549390 -10.693002 -18.871078 -9.233727 19.152966 -44.669899 -4.463850 17.272839 -0.337770 -38.212864 0.011592 -5.930000 4.886758 18.529959 -5.882102 9.861279 0.702590 -10.936861 -0.360574 7.156197 0.000000 8.774815 -0.000000 -15.629630 17.577085 6.309444 -1.844031 2.498503 -2.507276 -10.163590 4.678941 4.621104 -20.975996 -0.000001 0.000001 -21.226254 2.451698 -3.593995 0.000000 -0.000006 -0.000000 -1.362681 2.240797 -0.746323 -21.334892 0.584910 3.008319 -13.821196 -0.000001 0.000001 -23.887129 -0.249075 -0.839485 -60.864998 2.474148 -0.795797 -0.294025 1.679686 0.833255 -14.218195 0.093215 1.300579 -34.212002 -0.287561 0.967166 -20.033176 0.964536 1.212838 0.000000 -0.000000 0.000000 -3.440387 0.788233 0.501655 -15.928172 -3.167306 2.999703 -6.338817 -0.000000 0.000001 -18.123419 3.648181 -4.905662 -0.000004 0.000000 -0.000002 -14.810442 15.333698 3.639787 24.859236 -9.303207 -80.168388 -176.506363 58.224468 -177.676987 12.812745 -2.493999 8.544372 2.243540 -5.255033 -3.180156 14.282877 -0.826594 6.952496 -0.000000 -12.690593 -0.000001 16.036049 -16.423666 1.988863 1.665665 -1.955920 -2.878297 4.727794 -4.170584 4.993919 11.020511 0.000001 -0.000000 12.109032 -3.735715 -2.866778 0.000000 -0.000000 0.000000 1.291985 -1.928548 -1.498088 14.800115 0.567467 3.865604 14.242553 -1.341738 -6.660648 19.631935 0.143921 -0.648243 47.353222 -0.924271 -6.014186 0.353029 -1.511150 -0.031940 20.222769 3.684305 2.316629 18.787249 0.000001 -0.000001 10.751608 -0.479870 1.397903 0.000000 -0.000000 0.000000 3.273804 0.305947 -0.580110 21.486790 11.830364 2.266131 8.162915 0.000000 -0.000000 18.399052 -3.798986 -4.940567 0.000003 0.000000 -0.000001 4.536473 4.792462 -0.799422 -0.006157 -0.268493 22.482164 0.812245 -9.663277 -18.120216 1.653203 -1.896696 -1.505635 0.000000 -0.000000 0.000002 -6.042402 19.522278 -21.164005 -0.088217 0.854730 24.614624 17.672359 18.658396 -0.583684 -1.332862 1.185811 -2.817745 0.000000 -0.000000 -0.000001
0.000000 0.000000 0.000000 0.000000 -0.000000 0.000000 2.536985 -2.292142 -3.092523 -0.442702 -1.158337 -0.722761 1.482740 -1.052690 3.079441 -0.185150 -1.153823 -4.284555 -2.560345 -4.877000 11.882997 13.924589 -8.886462 25.136435 -3.993890 -14.574115 -3.520649 2.111923 -17.813053 -6.501607 0.000077 -0.000022 0.000006 0.133850 -0.110544 -0.159454 0.835469 -3.792819 -10.734359 -0.576219 3.576876 -10.685449 -18.661137 -9.739782 18.946045 -45.034851 -4.938726 17.174767 -0.500492 -36.888474 0.071102 -5.528539 4.782212 18.771280 -5.882102 9.861279 0.702590 -10.936861 -0.360574 7.156197 0.000000 8.774815 -0.000000 -15.635326 17.661207 6.422159 -1.844031 2.498503 -2.507276 -10.163590 4.678941 4.621104 -20.975996 -0.000001 0.000001 -21.226254 2.451698 -3.593995 0.000000 -0.000006 -0.000000 -1.362681 2.240797 -0.746323 -21.334892 0.584910 3.008319 -13.821196 -0.000001 0.000001 -23.887129 -0.249075 -0.839485 -60.833458 2.529763 -0.673960 -0.294025 1.679686 0.833255 -14.218195 0.093215 1.300579 -34.212002 -0.287561 0.967166 -20.033176 0.964536 1.212838 0.000000 -0.000000 0.000000 -3.440387 0.788233 0.501655 -15.928172 -3.167306 2.999703 -6.338817 -0.000000 0.000001 -18.123419 3.648181 -4.905662 -0.000004 0.000000 -0.000002 -14.445645 14.877221 3.475182 25.413235 -9.426037 -80.460358 -176.483078 57.818134 -177.683899 14.063288 -2.842088 8.087292 2.243540 -5.255033 -3.180156 14.282877 -0.826594 6.952496 -0.000000 -12.690593 -0.000001 16.397915 -16.321880 1.810464 1.665665 -1.955920 -2.878297 4.727794 -4.170584 4.993919 11.020511 0.000001 -0.000000 12.109032 -3.735715 -2.866778 0.000000 -0.000000 0.000000 1.291985 -1.928548 -1.498088 14.800115 0.567467 3.865604 14.242553 -1.341738 -6.660648 19.631935 0.143921 -0.648243 47.551907 -0.807792 -6.103024 0.353029 -1.511150 -0.031940 20.222769 3.684305 2.316629 18.787249 0.000001 -0.000001 10.751608 -0.479870 1.397903 0.000000 -0.000000 0.000000 3.273804 0.305947 -0.580110 21.486790 11.830364 2.266131 8.162915 0.000000 -0.000000 18.399052 -3.798986 -4.940567 0.000003 0.000000 -0.000001 4.536473 4.792462 -0.799422 -0.006157 -0.268493 22.482164 0.812245 -9.663277 -18.120216 1.653203 -1.896696 -1.505635 0.000000 -0.000000 0.000002 -6.042402 19.522278 -21.164005 -0.088217 0.854730 24.614624 17.672359 18.658396 -0.583684 -1.332862 1.185811 -2.817745 0.000000 -0.000000 -0.000001
0.000000 0.000000 0.000000 0.000000 -0.000000 0.000000 2.536985 -2.334615 -3.092523 -0.442702 -1.158337 -0.722761 1.474165 -0.993274 3.058565 -0.211777 -0.990565 -4.242348 -2.717059 -4.626767 11.840563 13.364091 -8.288936 24.758293 -3.828761 -14.062676 -3.492899 2.398730 -17.437500 -6.252925 0.000077 -0.000022 0.000006 0.103954 -0.081012 -0.164780 0.812211 -3.764600 -10.742278 -0.612060 3.607840 -10.693750 -18.785215 -9.551578 18.701578 -45.359070 -5.546111 16.856468 -0.409795 -36.869991 -0.037868 -5.314740 4.581094 18.382444 -5.882102 9.861279 0.702590 -10.936861 -0.360574 7.156197 0.000000 8.774815 -0.000000 -15.729024 17.565641 6.423284 -1.844031 2.498503 -2.507276 -10.163590 4.678941 4.621104 -20.975996 -0.000001 0.000001 -21.226254 2.451698 -3.593995 0.000000 -0.000006 -0.000000 -1.362681 2.240797 -0.746323 -21.334892 0.584910 3.008319 -13.821196 -0.000001 0.000001 -23.887129 -0.249075 -0.839485 -60.953190 2.515287 -0.684533 -0.294025 1.679686 0.833255 -14.218195 0.093215 1.300579 -34.212002 -0.287561 0.967166 -20.033176 0.964536 1.212838 0.000000 -0.000000 0.000000 -3.440387 0.788233 0.501655 -15.928172 -3.167306 2.999703 -6.338817 -0.000000 0.000001 -18.123419 3.648181 -4.905662 -0.000004 0.000000 -0.000002 -14.305045 15.275775 3.492964 25.637430 -9.402033 -80.355827 -175.965530 57.069347 -177.936707 14.928659 -3.841111 7.835842 2.243540 -5.255033 -3.180156 14.282877 -0.826594 6.952496 -0.000000 -12.690593 -0.000001 16.374607 -16.353304 1.935968 1.665665 -1.955920 -2.878297 4.727794 -4.170584 4.993919 11.020511 0.000001 -0.000000 12.109032 -3.735715 -2.866778 0.000000 -0.000000 0.000000 1.291985 -1.928548 -1.498088 14.800115 0.567467 3.865604 14.242553 -1.341738 -6.660648 19.631935 0.143921 -0.648243 47.566109 -0.862814 -6.077162 0.353029 -1.511150 -0.031940 20.222769 3.684305 2.316629 18.787249 0.000001 -0.000001 10.751608 -0.479870 1.397903 0.000000 -0.000000 0.000000 3.273804 0.305947 -0.580110 21.486790 11.830364 2.266131 8.162915 0.000000 -0.000000 18.399052 -3.798986 -4.940567 0.000003 0.000000 -0.000001 4.536473 4.792462 -0.799422 -0.006157 -0.268493 22.482164 0.812245 -9.663277 -18.120216 1.653203 -1.896696 -1.505635 0.000000 -0.000000 0.000002 -6.042402 19.522278 -21.164005 -0.088217 0.854730 24.614624 17.672359 18.658396 -0.583684 -1.332862 1.185811 -2.817745 0.000000 -0.000000 -0.000001
0.000000 0.000000 0.000000 0.000000 -0.000000 0.000000 2.536985 -2.415563 -3.092523 -0.442702 -1.158337 -0.722761 1.486934 -0.933428 3.060366 -0.223302 -0.761698 -4.232661 -2.837753 -4.361928 11.807261 12.655113 -7.546373 24.289696 -3.693156 -13.522772 -3.492990 2.515596 -16.994658 -6.176691 0.000077 -0.000022 0.000006 0.082630 -0.060303 -0.163134 0.790544 -3.745281 -10.714747 -0.633096 3.630593 -10.679594 -19.015667 -9.208680 18.276646 -45.612286 -6.115316 16.338690 -0.413325 -37.776546 -0.076948 -4.942355 4.111878 18.129896 -5.882102 9.861279 0.702590 -10.936861 -0.360574 7.156197 0.000000 8.774815 -0.000000 -15.694110 17.624224 6.511061 -1.844031 2.498503 -2.507276 -10.163590 4.678941 4.621104 -20.975996 -0.000001 0.000001 -21.226254 2.451698 -3.593995 0.000000 -0.000006 -0.000000 -1.362681 2.240797 -0.746323 -21.334892 0.584910 3.008319 -13.821196 -0.000001 0.000001 -23.887129 -0.249075 -0.839485 -60.921124 2.502214 -0.674044 -0.294025 1.679686 0.833255 -14.218195 0.093215 1.300579 -34.212002 -0.287561 0.967166 -20.033176 0.964536 1.212838 0.000000 -0.000000 0.000000 -3.440387 0.788233 0.501655 -15.928172 -3.167306 2.999703 -6.338817 -0.000000 0.000001 -18.123419 3.648181 -4.905662 -0.000004 0.000000 -0.000002 -14.138346 15.898251 3.710827 25.189344 -9.640827 -80.434433 -176.054016 56.163406 -178.549393 16.052824 -4.366357 7.168986 2.243540 -5.255033 -3.180156 14.282877 -0.826594 6.952496 -0.000000 -12.690593 -0.000001 16.417717 -16.340372 1.912269 1.665665 -1.955920 -2.878297 4.727794 -4.170584 4.993919 11.020511 0.000001 -0.000000 12.109032 -3.735715 -2.866778 0.000000 -0.000000 0.000000 1.291985 -1.928548 -1.498088 14.800115 0.567467 3.865604 14.242553 -1.341738 -6.660648 19.631935 0.143921 -0.648243 47.466316 -0.863529 -6.119655 0.353029 -1.511150 -0.031940 20.222769 3.684305 2.316629 18.787249 0.000001 -0.000001 10.751608 -0.479870 1.397903 0.000000 -0.000000 0.000000 3.273804 0.305947 -0.580110 21.486790 11.830364 2.266131 8.162915 0.000000 -0.000000 18.399052 -3.798986 -4.940567 0.000003 0.000000 -0.000001 4.536473 4.792462 -0.799422 -0.006157 -0.268493 22.482164 0.812245 -9.663277 -18.120216 1.653203 -1.896696 -1.505635 0.000000 -0.000000 0.000002 -6.042402 19.522278 -21.164005 -0.088217 0.854730 24.614624 17.672359 18.658396 -0.583684 -1.332862 1.185811 -2.817745 0.000000 -0.000000 -0.000001
0.000000 0.000000 0.000000 0.000000 -0.000000 0.000000 2.536985 -2.496831 -3.092523 -0.442702 -1.158337 -0.722761 1.557254 -0.883417 3.103946 -0.213946 -0.470394 -4.239104 -2.924593 -4.047347 11.784764 11.840019 -6.721700 23.777184 -3.635263 -13.109868 -3.471449 2.632645 -16.647661 -6.148039 0.000077 -0.000022 0.000006 0.068890 -0.054846 -0.168558 0.777938 -3.736226 -10.692659 -0.648264 3.633452 -10.666636 -19.335907 -8.716191 17.831558 -45.769539 -6.730523 15.796616 -0.343141 -39.284515 -0.124726 -4.429491 3.423204 17.746481 -5.882102 9.861279 0.702590 -10.936861 -0.360574 7.156197 0.000000 8.774815 -0.000000 -15.684775 17.696199 6.531860 -1.844031 2.498503 -2.507276 -10.163590 4.678941 4.621104 -20.975996 -0.000001 0.000001 -21.226254 2.451698 -3.593995 0.000000 -0.000006 -0.000000 -1.362681 2.240797 -0.746323 -21.334892 0.584910 3.008319 -13.821196 -0.000001 0.000001 -23.887129 -0.249075 -0.839485 -60.827370 2.478940 -0.723085 -0.294025 1.679686 0.833255 -14.218195 0.093215 1.300579 -34.212002 -0.287561 0.967166 -20.033176 0.964536 1.212838 0.000000 -0.000000 0.000000 -3.440387 0.788233 0.501655 -15.928172 -3.167306 2.999703 -6.338817 -0.000000 0.000001 -18.123419 3.648181 -4.905662 -0.000004 0.000000 -0.000002 -14.057086 16.675411 3.991360 24.374176 -9.953497 -80.537529 -176.421768 55.272194 -179.202805 17.146639 -4.584869 6.291608 2.243540 -5.255033 -3.180156 14.282877 -0.826594 6.952496 -0.000000 -12.690593 -0.000001 16.436850 -16.351608 1.878411 1.665665 -1.955920 -2.878297 4.727794 -4.170584 4.993919 11.020511 0.000001 -0.000000 12.109032 -3.735715 -2.866778 0.000000 -0.000000 0.000000 1.291985 -1.928548 -1.498088 14.800115 0.567467 3.865604 14.242553 -1.341738 -6.660648 19.631935 0.143921 -0.648243 47.415344 -0.870694 -6.164871 0.353029 -1.511150 -0.031940 20.222769 3.684305 2.316629 18.787249 0.000001 -0.000001 10.751608 -0.479870 1.397903 0.000000 -0.000000 0.000000 3.273804 0.305947 -0.580110 21.486790 11.830364 2.266131 8.162915 0.000000 -0.000000 18.399052 -3.798986 -4.940567 0.000003 0.000000 -0.000001 4.536473 4.792462 -0.799422 -0.006157 -0.268493 22.482164 0.812245 -9.663277 -18.120216 1.653203 -1.896696 -1.505635 0.000000 -0.000000 0.000002 -6.042402 19.522278 -21.164005 -0.088217 0.854730 24.614624 17.672359 18.658396 -0.583684 -1.332862 1.185811 -2.817745 0.000000 -0.000000 -0.000001
0.000000 0.000000 0.000000 0.000000 -0.000000 0.000000 2.536985 -2.559881 -3.092523 -0.442702 -1.158337 -0.722761 1.625551 -0.840475 3.143842 -0.185509 -0.195081 -4.254271 -2.994746 -3.758692 11.751906 11.043373 -5.977074 23.230669 -3.627867 -12.820485 -3.430236 2.756453 -16.476095 -6.105364 0.000077 -0.000022 0.000006 0.059458 -0.060430 -0.177131 0.773746 -3.735749 -10.676055 -0.663290 3.622808 -10.656188 -19.696007 -8.244811 17.412102 -45.793312 -7.356645 15.384940 -0.169609 -41.101158 -0.166469 -3.893198 2.626290 17.071112 -5.882102 9.861279 0.702590 -10.936861 -0.360574 7.156197 0.000000 8.774815 -0.000000 -15.686467 17.800173 6.491733 -1.844031 2.498503 -2.507276 -10.163590 4.678941 4.621104 -20.975996 -0.000001 0.000001 -21.226254 2.451698 -3.593995 0.000000 -0.000006 -0.000000 -1.362681 2.240797 -0.746323 -21.334892 0.584910 3.008319 -13.821196 -0.000001 0.000001 -23.887129 -0.249075 -0.839485 -60.716728 2.450649 -0.849930 -0.294025 1.679686 0.833255 -14.218195 0.093215 1.300579 -34.212002 -0.287561 0.967166 -20.033176 0.964536 1.212838 0.000000 -0.000000 0.000000 -3.440387 0.788233 0.501655 -15.928172 -3.167306 2.999703 -6.338817 -0.000000 0.000001 -18.123419 3.648181 -4.905662 -0.000004 0.000000 -0.000002 -14.029233 17.383476 4.294856 23.544767 -10.283308 -80.584953 -176.715164 54.618023 -179.646362 17.941936 -4.720183 5.491095 2.243540 -5.255033 -3.180156 14.282877 -0.826594 6.952496 -0.000000 -12.690593 -0.000001 16.442875 -16.412876 1.860464 1.665665 -1.955920 -2.878297 4.727794 -4.170584 4.993919 11.020511 0.000001 -0.000000 12.109032 -3.735715 -2.866778 0.000000 -0.000000 0.000000 1.291985 -1.928548 -1.498088 14.800115 0.567467 3.865604 14.242553 -1.341738 -6.660648 19.631935 0.143921 -0.648243 47.487236 -0.889014 -6.173017 0.353029 -1.511150 -0.031940 20.222769 3.684305 2.316629 18.787249 0.000001 -0.000001 10.751608 -0.479870 1.397903 0.000000 -0.000000 0.000000 3.273804 0.305947 -0.580110 21.486790 11.830364 2.266131 8.162915 0.000000 -0.000000 18.399052 -3.798986 -4.940567 0.000003 0.000000 -0.000001 4.536473 4.792462 -0.799422 -0.006157 -0.268493 22.482164 0.812245 -9.663277 -18.120216 1.653203 -1.896696 -1.505635 0.000000 -0.000000 0.000002 -6.042402 19.522278 -21.164005 -0.088217 0.854730 24.614624 17.672359 18.658396 -0.583684 -1.332862 1.185811 -2.817745 0.000000 -0.000000 -0.000001
0.000000 0.000000 0.000000 0.000000 -0.000000 0.000000 2.536985 -2.604619 -3.092523 -0.442702 -1.158337 -0.722761 1.663045 -0.831574 3.158786 -0.150413 -0.034058 -4.275128 -3.056182 -3.652663 11.690100 10.564060 -5.463665 22.725695 -3.693707 -12.730489 -3.390225 2.774569 -16.511562 -5.942015 0.000077 -0.000022 0.000006 0.059437 -0.073886 -0.186195 0.776867 -3.745606 -10.668401 -0.666647 3.606449 -10.649484 -19.943775 -8.031691 17.089058 -45.686386 -7.972218 15.346619 -0.012025 -42.784809 -0.204864 -3.556326 1.943541 16.339415 -5.882102 9.861279 0.702590 -10.936861 -0.360574 7.156197 0.000000 8.774815 -0.000000 -15.672865 17.907898 6.439827 -1.844031 2.498503 -2.507276 -10.163590 4.678941 4.621104 -20.975996 -0.000001 0.000001 -21.226254 2.451698 -3.593995 0.000000 -0.000006 -0.000000 -1.362681 2.240797 -0.746323 -21.334892 0.584910 3.008319 -13.821196 -0.000001 0.000001 -23.887129 -0.249075 -0.839485 -60.635075 2.424162 -0.984420 -0.294025 1.679686 0.833255 -14.218195 0.093215 1.300579 -34.212002 -0.287561 0.967166 -20.033176 0.964536 1.212838 0.000000 -0.000000 0.000000 -3.440387 0.788233 0.501655 -15.928172 -3.167306 2.999703 -6.338817 -0.000000 0.000001 -18.123419 3.648181 -4.905662 -0.000004 0.000000 -0.000002 -13.838425 17.769327 4.563392 22.902334 -10.666854 -80.485725 -176.656021 54.369637 -179.725174 18.351950 -4.917768 5.098201 2.243540 -5.255033 -3.180156 14.282877 -0.826594 6.952496 -0.000000 -12.690593 -0.000001 16.424503 -16.489622 1.874252 1.665665 -1.955920 -2.878297 4.727794 -4.170584 4.993919 11.020511 0.000001 -0.000000 12.109032 -3.735715 -2.866778 0.000000 -0.000000 0.000000 1.291985 -1.928548 -1.498088 14.800115 0.567467 3.865604 14.242553 -1.341738 -6.660648 19.631935 0.143921 -0.648243 47.565231 -0.920958 -6.154448 0.353029 -1.511150 -0.031940 20.222769 3.684305 2.316629 18.787249 0.000001 -0.000001 10.751608 -0.479870 1.397903 0.000000 -0.000000 0.000000 3.273804 0.305947 -0.580110 21.486790 11.830364 2.266131 8.162915 0.000000 -0.000000 18.399052 -3.798986 -4.940567 0.000003 0.000000 -0.000001 4.536473 4.792462 -0.799422 -0.006157 -0.268493 22.482164 0.812245 -9.663277 -18.120216 1.653203 -1.896696 -1.505635 0.000000 -0.000000 0.000002 -6.042402 19.522278 -21.164005 -0.088217 0.854730 24.614624 17.672359 18.658396 -0.583684 -1.332862 1.185811 -2.817745 0.000000 -0.000000 -0.000001
0.000000 0.000000 0.000000 0.000000 -0.000000 0.000000 2.536985 -2.638990 -3.092523 -0.442702 -1.158337 -0.722761 1.673093 -0.865504 3.147640 -0.124702 -0.032124 -4.296589 -3.108058 -3.760429 11.614287 10.424880 -5.216897 22.276711 -3.793444 -12.828114 -3.357701 2.702424 -16.714806 -5.666813 0.000077 -0.000022 0.000006 0.066288 -0.092727 -0.188210 0.787208 -3.763077 -10.665953 -0.663426 3.586797 -10.642251 -20.018570 -8.116848 16.909674 -45.491924 -8.631767 15.785459 0.061683 -44.095524 -0.223144 -3.392005 1.393021 15.811969 -5.882102 9.861279 0.702590 -10.936861 -0.360574 7.156197 0.000000 8.774815 -0.000000 -15.633625 18.022392 6.417168 -1.844031 2.498503 -2.507276 -10.163590 4.678941 4.621104 -20.975996 -0.000001 0.000001 -21.226254 2.451698 -3.593995 0.000000 -0.000006 -0.000000 -1.362681 2.240797 -0.746323 -21.334892 0.584910 3.008319 -13.821196 -0.000001 0.000001 -23.887129 -0.249075 -0.839485 -60.588444 2.441317 -1.072011 -0.294025 1.679686 0.833255 -14.218195 0.093215 1.300579 -34.212002 -0.287561 0.967166 -20.033176 0.964536 1.212838 0.000000 -0.000000 0.000000 -3.440387 0.788233 0.501655 -15.928172 -3.167306 2.999703 -6.338817 -0.000000 0.000001 -18.123419 3.648181 -4.905662 -0.000004 0.000000 -0.000002 -13.438089 17.745787 4.789935 22.532362 -11.247201 -80.326096 -176.170654 54.485119 -179.295044 18.513208 -5.086411 5.172603 2.243540 -5.255033 -3.180156 14.282877 -0.826594 6.952496 -0.000000 -12.690593 -0.000001 16.436409 -16.522482 1.900788 1.665665 -1.955920 -2.878297 4.727794 -4.170584 4.993919 11.020511 0.000001 -0.000000 12.109032 -3.735715 -2.866778 0.000000 -0.000000 0.000000 1.291985 -1.928548 -1.498088 14.800115 0.567467 3.865604 14.242553 -1.341738 -6.660648 19.631935 0.143921 -0.648243 47.640610 -0.949340 -6.139746 0.353029 -1.511150 -0.031940 20.222769 3.684305 2.316629 18.787249 0.000001 -0.000001 10.751608 -0.479870 1.397903 0.000000 -0.000000 0.000000 3.273804 0.305947 -0.580110 21.486790 11.830364 2.266131 8.162915 0.000000 -0.000000 18.399052 -3.798986 -4.940567 0.000003 0.000000 -0.000001 4.536473 4.792462 -0.799422 -0.006157 -0.268493 22.482164 0.812245 -9.663277 -18.120216 1.653203 -1.896696 -1.505635 0.000000 -0.000000 0.000002 -6.042402 19.522278 -21.164005 -0.088217 0.854730 24.614624 17.672359 18.658396 -0.583684 -1.332862 1.185811 -2.817745 0.000000 -0.000000 -0.000001
0.000000 0.000000 0.000000 0.000000 -0.000000 0.000000 2.536985 -2.660108 -3.092523 -0.442702 -1.158337 -0.722761 1.650014 -0.906408 3.108149 -0.108898 -0.167040 -4.327476 -3.160820 -3.984329 11.547593 10.497438 -5.183662 21.898388 -3.886145 -13.092830 -3.332791 2.623780 -17.012899 -5.376675 0.000077 -0.000022 0.000006 0.071401 -0.108756 -0.182381 0.799142 -3.779001 -10.665112 -0.665091 3.570738 -10.633930 -19.939812 -8.450608 16.869755 -45.215683 -9.298708 16.678602 0.065237 -45.007862 -0.182005 -3.348874 0.963447 15.388710 -5.882102 9.861279 0.702590 -10.936861 -0.360574 7.156197 0.000000 8.774815 -0.000000 -15.585324 18.125700 6.419171 -1.844031 2.498503 -2.507276 -10.163590 4.678941 4.621104 -20.975996 -0.000001 0.000001 -21.226254 2.451698 -3.593995 0.000000 -0.000006 -0.000000 -1.362681 2.240797 -0.746323 -21.334892 0.584910 3.008319 -13.821196 -0.000001 0.000001 -23.887129 -0.249075 -0.839485 -60.545509 2.477384 -1.103365 -0.294025 1.679686 0.833255 -14.218195 0.093215 1.300579 -34.212002 -0.287561 0.967166 -20.033176 0.964536 1.212838 0.000000 -0.000000 0.000000 -3.440387 0.788233 0.501655 -15.928172 -3.167306 2.999703 -6.338817 -0.000000 0.000001 -18.123419 3.648181 -4.905662 -0.000004 0.000000 -0.000002 -12.867104 17.337387 5.024393 22.370197 -12.059170 -80.245903 -175.412827 54.788120 -178.531357 18.425545 -5.231050 5.606992 2.243540 -5.255033 -3.180156 14.282877 -0.826594 6.952496 -0.000000 -12.690593 -0.000001 16.512728 -16.491732 1.888664 1.665665 -1.955920 -2.878297 4.727794 -4.170584 4.993919 11.020511 0.000001 -0.000000 12.109032 -3.735715 -2.866778 0.000000 -0.000000 0.000000 1.291985 -1.928548 -1.498088 14.800115 0.567467 3.865604 14.242553 -1.341738 -6.660648 19.631935 0.143921 -0.648243 47.733765 -0.948622 -6.140826 0.353029 -1.511150 -0.031940 20.222769 3.684305 2.316629 18.787249 0.000001 -0.000001 10.751608 -0.479870 1.397903 0.000000 -0.000000 0.000000 3.273804 0.305947 -0.580110 21.486790 11.830364 2.266131 8.162915 0.000000 -0.000000 18.399052 -3.798986 -4.940567 0.000003 0.000000 -0.000001 4.536473 4.792462 -0.799422 -0.006157 -0.268493 22.482164 0.812245 -9.663277 -18.120216 1.653203 -1.896696 -1.505635 0.000000 -0.000000 0.000002 -6.042402 19.522278 -21.164005 -0.088217 0.854730 24.614624 17.672359 18.658396 -0.583684 -1.332862 1.185811 -2.817745 0.000000 -0.000000 -0.000001
0.000000 0.000000 0.000000 0.000000 -0.000000 0.000000 2.536985 -2.672285 -3.092523 -0.442702 -1.158337 -0.722761 1.588275 -0.939178 3.040227 -0.114432 -0.353464 -4.360737 -3.227628 -4.244388 11.478299 10.674669 -5.279577 21.605640 -3.976586 -13.405331 -3.316364 2.580049 -17.319099 -5.063583 0.000077 -0.000022 0.000006 0.069630 -0.106235 -0.177500 0.803523 -3.778372 -10.674607 -0.673081 3.575262 -10.636218 -19.711304 -8.919128 16.866447 -44.941254 -9.826917 17.922022 0.040919 -45.472004 -0.104072 -3.441900 0.660794 14.979368 -5.882102 9.861279 0.702590 -10.936861 -0.360574 7.156197 0.000000 8.774815 -0.000000 -15.564690 18.194067 6.435932 -1.844031 2.498503 -2.507276 -10.163590 4.678941 4.621104 -20.975996 -0.000001 0.000001 -21.226254 2.451698 -3.593995 0.000000 -0.000006 -0.000000 -1.362681 2.240797 -0.746323 -21.334892 0.584910 3.008319 -13.821196 -0.000001 0.000001 -23.887129 -0.249075 -0.839485 -60.532383 2.519568 -1.078337 -0.294025 1.679686 0.833255 -14.218195 0.093215 1.300579 -34.212002 -0.287561 0.967166 -20.033176 0.964536 1.212838 0.000000 -0.000000 0.000000 -3.440387 0.788233 0.501655 -15.928172 -3.167306 2.999703 -6.338817 -0.000000 0.000001 -18.123419 3.648181 -4.905662 -0.000004 0.000000 -0.000002 -12.205995 16.685749 5.264478 22.350368 -12.914760 -80.207710 -174.652481 55.067226 -177.821182 18.080286 -5.380662 6.055475 2.243540 -5.255033 -3.180156 14.282877 -0.826594 6.952496 -0.000000 -12.690593 -0.000001 16.680447 -16.424574 1.811903 1.665665 -1.955920 -2.878297 4.727794 -4.170584 4.993919 11.020511 0.000001 -0.000000 12.109032 -3.735715 -2.866778 0.000000 -0.000000 0.000000 1.291985 -1.928548 -1.498088 14.800115 0.567467 3.865604 14.242553 -1.341738 -6.660648 19.631935 0.143921 -0.648243 47.819492 -0.900048 -6.178197 0.353029 -1.511150 -0.031940 20.222769 3.684305 2.316629 18.787249 0.000001 -0.000001 10.751608 -0.479870 1.397903 0.000000 -0.000000 0.000000 3.273804 0.305947 -0.580110 21.486790 11.830364 2.266131 8.162915 0.000000 -0.000000 18.399052 -3.798986 -4.940567 0.000003 0.000000 -0.000001 4.536473 4.792462 -0.799422 -0.006157 -0.268493 22.482164 0.812245 -9.663277 -18.120216 1.653203 -1.896696 -1.505635 0.000000 -0.000000 0.000002 -6.042402 19.522278 -21.164005 -0.088217 0.854730 24.614624 17.672359 18.658396 -0.583684 -1.332862 1.185811 -2.817745 0.000000 -0.000000 -0.000001
0.000000 0.000000 0.000000 0.000000 -0.000000 0.000000 2.536985 -2.670637 -3.092523 -0.442702 -1.158337 -0.722761 1.481630 -0.948406 2.984527 -0.136406 -0.470284 -4.371800 -3.325362 -4.448769 11.375218 10.841037 -5.322376 21.443459 -4.103372 -13.592251 -3.318261 2.545659 -17.542370 -4.622324 0.000077 -0.000022 0.000006 0.060268 -0.079716 -0.177781 0.796163 -3.754660 -10.685873 -0.684463 3.604194 -10.644612 -19.532145 -9.317728 16.869474 -44.608753 -10.064390 19.201429 0.030233 -45.581921 -0.079520 -3.787826 0.446512 14.759467 -5.882102 9.861279 0.702590 -10.936861 -0.360574 7.156197 0.000000 8.774815 -0.000000 -15.628566 18.197929 6.411478 -1.844031 2.498503 -2.507276 -10.163590 4.678941 4.621104 -20.975996 -0.000001 0.000001 -21.226254 2.451698 -3.593995 0.000000 -0.000006 -0.000000 -1.362681 2.240797 -0.746323 -21.334892 0.584910 3.008319 -13.821196 -0.000001 0.000001 -23.887129 -0.249075 -0.839485 -60.542294 2.485708 -1.038623 -0.294025 1.679686 0.833255 -14.218195 0.093215 1.300579 -34.212002 -0.287561 0.967166 -20.033176 0.964536 1.212838 0.000000 -0.000000 0.000000 -3.440387 0.788233 0.501655 -15.928172 -3.167306 2.999703 -6.338817 -0.000000 0.000001 -18.123419 3.648181 -4.905662 -0.000004 0.000000 -0.000002 -11.581612 16.142513 5.507685 22.376543 -13.664165 -80.028854 -174.026123 55.131916 -177.216110 17.815937 -5.404895 6.349303 2.243540 -5.255033 -3.180156 14.282877 -0.826594 6.952496 -0.000000 -12.690593 -0.000001 16.813219 -16.355787 1.741024 1.665665 -1.955920 -2.878297 4.727794 -4.170584 4.993919 11.020511 0.000001 -0.000000 12.109032 -3.735715 -2.866778 0.000000 -0.000000 0.000000 1.291985 -1.928548 -1.498088 14.800115 0.567467 3.865604 14.242553 -1.341738 -6.660648 19.631935 0.143921 -0.648243 47.840099 -0.844900 -6.193244 0.353029 -1.511150 -0.031940 20.222769 3.684305 2.316629 18.787249 0.000001 -0.000001 10.751608 -0.479870 1.397903 0.000000 -0.000000 0.000000 3.273804 0.305947 -0.580110 21.486790 11.830364 2.266131 8.162915 0.000000 -0.000000 18.399052 -3.798986 -4.940567 0.000003 0.000000 -0.000001 4.536473 4.792462 -0.799422 -0.006157 -0.268493 22.482164 0.812245 -9.663277 -18.120216 1.653203 -1.896696 -1.505635 0.000000 -0.000000 0.000002 -6.042402 19.522278 -21.164005 -0.088217 0.854730 24.614624 17.672359 18.658396 -0.583684 -1.332862 1.185811 -2.817745 0.000000 -0.000000 -0.000001
0.000000 0.000000 0.000000 0.000000 -0.000000 0.000000 2.536985 -2.676794 -3.092523 -0.442702 -1.158337 -0.722761 1.398576 -0.933955 2.874590 -0.166489 -0.579374 -4.355845 -3.441736 -4.594649 11.299810 10.880664 -5.302459 21.337252 -4.170264 -13.648492 -3.347693 2.378694 -17.591587 -4.220678 0.000077 -0.000022 0.000006 0.073033 -0.086725 -0.165210 0.804157 -3.767151 -10.690225 -0.666896 3.601693 -10.645345 -19.401228 -9.606030 16.732948 -44.291584 -9.869190 20.345694 -0.121154 -45.262718 0.111084 -4.065853 0.083522 14.973523 -5.882102 9.861279 0.702590 -10.936861 -0.360574 7.156197 0.000000 8.774815 -0.000000 -15.706634 18.214144 6.453851 -1.844031 2.498503 -2.507276 -10.163590 4.678941 4.621104 -20.975996 -0.000001 0.000001 -21.226254 2.451698 -3.593995 0.000000 -0.000006 -0.000000 -1.362681 2.240797 -0.746323 -21.334892 0.584910 3.008319 -13.821196 -0.000001 0.000001 -23.887129 -0.249075 -0.839485 -60.674366 2.478973 -0.899221 -0.294025 1.679686 0.833255 -14.218195 0.093215 1.300579 -34.212002 -0.287561 0.967166 -20.033176 0.964536 1.212838 0.000000 -0.000000 0.000000 -3.440387 0.788233 0.501655 -15.928172 -3.167306 2.999703 -6.338817 -0.000000 0.000001 -18.123419 3.648181 -4.905662 -0.000004 0.000000 -0.000002 -11.200557 15.700798 5.675212 22.345758 -14.107746 -80.075371 -174.556946 54.995304 -177.774384 17.558001 -5.021454 6.826565 2.243540 -5.255033 -3.180156 14.282877 -0.826594 6.952496 -0.000000 -12.690593 -0.000001 17.049685 -16.219124 1.544036 1.665665 -1.955920 -2.878297 4.727794 -4.170584 4.993919 11.020511 0.000001 -0.000000 12.109032 -3.735715 -2.866778 0.000000 -0.000000 0.000000 1.291985 -1.928548 -1.498088 14.800115 0.567467 3.865604 14.242553 -1.341738 -6.660648 19.631935 0.143921 -0.648243 47.764072 -0.750997 -6.256351 0.353029 -1.511150 -0.031940 20.222769 3.684305 2.316629 18.787249 0.000001 -0.000001 10.751608 -0.479870 1.397903 0.000000 -0.000000 0.000000 3.273804 0.305947 -0.580110 21.486790 11.830364 2.266131 8.162915 0.000000 -0.000000 18.399052 -3.798986 -4.940567 0.000003 0.000000 -0.000001 4.536473 4.792462 -0.799422 -0.006157 -0.268493 22.482164 0.812245 -9.663277 -18.120216 1.653203 -1.896696 -1.505635 0.000000 -0.000000 0.000002 -6.042402 19.522278 -21.164005 -0.088217 0.854730 24.614624 17.672359 18.658396 -0.583684 -1.332862 1.185811 -2.817745 0.000000 -0.000000 -0.000001
0.000000 0.000000 0.000000 0.000000 -0.000000 0.000000 2.536985 -2.668806 -3.092523 -0.442702 -1.158337 -0.722761 1.380006 -0.871802 2.864807 -0.169608 -0.458902 -4.358389 -3.614774 -4.324670 11.267822 10.464704 -4.942877 21.431147 -4.120892 -13.506102 -3.315022 2.454775 -17.361994 -3.945086 0.000077 -0.000022 0.000006 0.060558 -0.071836 -0.159929 0.798505 -3.751752 -10.706149 -0.686609 3.615542 -10.655655 -19.556513 -9.476923 16.835878 -43.793434 -9.586258 21.328838 0.111898 -44.516224 -0.039823 -4.392117 -0.241597 14.772143 -5.882102 9.861279 0.702590 -10.936861 -0.360574 7.156197 0.000000 8.774815 -0.000000 -15.762067 18.054968 6.440769 -1.844031 2.498503 -2.507276 -10.163590 4.678941 4.621104 -20.975996 -0.000001 0.000001 -21.226254 2.451698 -3.593995 0.000000 -0.000006 -0.000000 -1.362681 2.240797 -0.746323 -21.334892 0.584910 3.008319 -13.821196 -0.000001 0.000001 -23.887129 -0.249075 -0.839485 -60.826591 2.407844 -0.804541 -0.294025 1.679686 0.833255 -14.218195 0.093215 1.300579 -34.212002 -0.287561 0.967166 -20.033176 0.964536 1.212838 0.000000 -0.000000 0.000000 -3.440387 0.788233 0.501655 -15.928172 -3.167306 2.999703 -6.338817 -0.000000 0.000001 -18.123419 3.648181 -4.905662 -0.000004 0.000000 -0.000002 -11.389910 15.859583 5.676558 22.398958 -13.951906 -79.390289 -175.411743 54.611275 -178.810684 17.437168 -4.838828 7.631418 2.243540 -5.255033 -3.180156 14.282877 -0.826594 6.952496 -0.000000 -12.690593 -0.000001 17.035801 -16.160295 1.526148 1.665665 -1.955920 -2.878297 4.727794 -4.170584 4.993919 11.020511 0.000001 -0.000000 12.109032 -3.735715 -2.866778 0.000000 -0.000000 0.000000 1.291985 -1.928548 -1.498088 14.800115 0.567467 3.865604 14.242553 -1.341738 -6.660648 19.631935 0.143921 -0.648243 47.670391 -0.851489 -6.236011 0.353029 -1.511150 -0.031940 20.222769 3.684305 2.316629 18.787249 0.000001 -0.000001 10.751608 -0.479870 1.397903 0.000000 -0.000000 0.000000 3.273804 0.305947 -0.580110 21.486790 11.830364 2.266131 8.162915 0.000000 -0.000000 18.399052 -3.798986 -4.940567 0.000003 0.000000 -0.000001 4.536473 4.792462 -0.799422 -0.006157 -0.268493 22.482164 0.812245 -9.663277 -18.120216 1.653203 -1.896696 -1.505635 0.000000 -0.000000 0.000002 -6.042402 19.522278 -21.164005 -0.088217 0.854730 24.614624 17.672359 18.658396 -0.583684 -1.332862 1.185811 -2.817745 0.000000 -0.000000 -0.000001
0.000000 0.000000 0.000000 0.000000 -0.000000 0.000000 2.536985 -2.648221 -3.092523 -0.442702 -1.158337 -0.722761 1.379906 -0.806829 2.867471 -0.178439 -0.328136 -4.376534 -3.784442 -4.099625 11.239918 9.914085 -4.525189 21.597633 -4.042745 -13.150628 -3.312509 2.385201 -16.964308 -3.624944 0.000077 -0.000022 0.000006 0.063925 -0.079435 -0.147354 0.801223 -3.758794 -10.696507 -0.683058 3.606375 -10.643893 -19.836246 -9.318413 16.948975 -43.296925 -9.100707 22.120117 0.301570 -43.190353 -0.149142 -4.446308 -0.753455 15.344061 -5.882102 9.861279 0.702590 -10.936861 -0.360574 7.156197 0.000000 8.774815 -0.000000 -15.730481 17.974850 6.492587 -1.844031 2.498503 -2.507276 -10.163590 4.678941 4.621104 -20.975996 -0.000001 0.000001 -21.226254 2.451698 -3.593995 0.000000 -0.000006 -0.000000 -1.362681 2.240797 -0.746323 -21.334892 0.584910 3.008319 -13.821196 -0.000001 0.000001 -23.887129 -0.249075 -0.839485 -60.857254 2.394884 -0.719122 -0.294025 1.679686 0.833255 -14.218195 0.093215 1.300579 -34.212002 -0.287561 0.967166 -20.033176 0.964536 1.212838 0.000000 -0.000000 0.000000 -3.440387 0.788233 0.501655 -15.928172 -3.167306 2.999703 -6.338817 -0.000000 0.000001 -18.123419 3.648181 -4.905662 -0.000004 0.000000 -0.000002 -11.828959 16.148190 5.726591 22.136091 -13.737501 -78.370308 -177.235092 54.139771 179.539017 18.017345 -3.904412 8.681077 2.243540 -5.255033 -3.180156 14.282877 -0.826594 6.952496 -0.000000 -12.690593 -0.000001 16.982229 -16.039471 1.470102 1.665665 -1.955920 -2.878297 4.727794 -4.170584 4.993919 11.020511 0.000001 -0.000000 12.109032 -3.735715 -2.866778 0.000000 -0.000000 0.000000 1.291985 -1.928548 -1.498088 14.800115 0.567467 3.865604 14.242553 -1.341738 -6.660648 19.631935 0.143921 -0.648243 47.443073 -0.960271 -6.222677 0.353029 -1.511150 -0.031940 20.222769 3.684305 2.316629 18.787249 0.000001 -0.000001 10.751608 -0.479870 1.397903 0.000000 -0.000000 0.000000 3.273804 0.305947 -0.580110 21.486790 11.830364 2.266131 8.162915 0.000000 -0.000000 18.399052 -3.798986 -4.940567 0.000003 0.000000 -0.000001 4.536473 4.792462 -0.799422 -0.006157 -0.268493 22.482164 0.812245 -9.663277 -18.120216 1.653203 -1.896696 -1.505635 0.000000 -0.000000 0.000002 -6.042402 19.522278 -21.164005 -0.088217 0.854730 24.614624 17.672359 18.658396 -0.583684 -1.332862 1.185811 -2.817745 0.000000 -0.000000 -0.000001
0.000000 0.000000 0.000000 0.000000 -0.000000 0.000000 2.536985 -2.616437 -3.092523 -0.442702 -1.158337 -0.722761 1.413656 -0.801395 2.907390 -0.194099 -0.098880 -4.404504 -3.953609 -3.971395 11.200957 9.307580 -4.154009 21.831785 -3.940278 -12.666574 -3.333379 2.299644 -16.402279 -3.257739 0.000077 -0.000022 0.000006 0.063657 -0.083143 -0.138561 0.808696 -3.759353 -10.661811 -0.691622 3.598861 -10.618632 -20.119907 -9.144989 17.069643 -43.007652 -8.537420 22.704453 0.522979 -41.401253 -0.168988 -4.120981 -1.260499 16.189867 -5.882102 9.861279 0.702590 -10.936861 -0.360574 7.156197 0.000000 8.774815 -0.000000 -15.636033 17.924139 6.517691 -1.844031 2.498503 -2.507276 -10.163590 4.678941 4.621104 -20.975996 -0.000001 0.000001 -21.226254 2.451698 -3.593995 0.000000 -0.000006 -0.000000 -1.362681 2.240797 -0.746323 -21.334892 0.584910 3.008319 -13.821196 -0.000001 0.000001 -23.887129 -0.249075 -0.839485 -60.777416 2.487192 -0.792290 -0.294025 1.679686 0.833255 -14.218195 0.093215 1.300579 -34.212002 -0.287561 0.967166 -20.033176 0.964536 1.212838 0.000000 -0.000000 0.000000 -3.440387 0.788233 0.501655 -15.928172 -3.167306 2.999703 -6.338817 -0.000000 0.000001 -18.123419 3.648181 -4.905662 -0.000004 0.000000 -0.000002 -12.818308 16.534676 5.616202 21.792976 -13.779740 -76.887772 -179.677841 53.781544 177.812439 20.168243 -1.422577 9.954083 2.243540 -5.255033 -3.180156 14.282877 -0.826594 6.952496 -0.000000 -12.690593 -0.000001 16.668926 -15.860710 1.491203 1.665665 -1.955920 -2.878297 4.727794 -4.170584 4.993919 11.020511 0.000001 -0.000000 12.109032 -3.735715 -2.866778 0.000000 -0.000000 0.000000 1.291985 -1.928548 -1.498088 14.800115 0.567467 3.865604 14.242553 -1.341738 -6.660648 19.631935 0.143921 -0.648243 47.084404 -1.109562 -6.192368 0.353029 -1.511150 -0.031940 20.222769 3.684305 2.316629 18.787249 0.000001 -0.000001 10.751608 -0.479870 1.397903 0.000000 -0.000000 0.000000 3.273804 0.305947 -0.580110 21.486790 11.830364 2.266131 8.162915 0.000000 -0.000000 18.399052 -3.798986 -4.940567 0.000003 0.000000 -0.000001 4.536473 4.792462 -0.799422 -0.006157 -0.268493 22.482164 0.812245 -9.663277 -18.120216 1.653203 -1.896696 -1.505635 0.000000 -0.000000 0.000002 -6.042402 19.522278 -21.164005 -0.088217 0.854730 24.614624 17.672359 18.658396 -0.583684 -1.332862 1.185811 -2.817745 0.000000 -0.000000 -0.000001
0.000000 0.000000 0.000000 0.000000 -0.000000 0.000000 2.536985 -2.592489 -3.092523 -0.442702 -1.158337 -0.722761 1.456562 -0.835258 2.953510 -0.200937 0.062921 -4.390400 -4.157506 -4.034369 11.137634 8.907626 -3.941159 22.031744 -3.889387 -12.192633 -3.388271 2.238416 -15.828607 -2.923793 0.000077 -0.000022 0.000006 0.061878 -0.082367 -0.141320 0.812784 -3.759604 -10.636709 -0.699505 3.601270 -10.613736 -20.264135 -9.050365 17.126827 -43.073563 -7.818460 22.888565 0.762689 -39.664032 -0.156621 -3.607738 -1.642993 16.781776 -5.882102 9.861279 0.702590 -10.936861 -0.360574 7.156197 0.000000 8.774815 -0.000000 -15.637503 17.947241 6.449846 -1.844031 2.498503 -2.507276 -10.163590 4.678941 4.621104 -20.975996 -0.000001 0.000001 -21.226254 2.451698 -3.593995 0.000000 -0.000006 -0.000000 -1.362681 2.240797 -0.746323 -21.334892 0.584910 3.008319 -13.821196 -0.000001 0.000001 -23.887129 -0.249075 -0.839485 -60.652313 2.576282 -0.916217 -0.294025 1.679686 0.833255 -14.218195 0.093215 1.300579 -34.212002 -0.287561 0.967166 -20.033176 0.964536 1.212838 0.000000 -0.000000 0.000000 -3.440387 0.788233 0.501655 -15.928172 -3.167306 2.999703 -6.338817 -0.000000 0.000001 -18.123419 3.648181 -4.905662 -0.000004 0.000000 -0.000002 -13.995217 16.715796 5.429977 21.556450 -14.539038 -75.285179 178.594879 53.545422 176.857697 22.360846 1.484537 10.493055 2.243540 -5.255033 -3.180156 14.282877 -0.826594 6.952496 -0.000000 -12.690593 -0.000001 16.074860 -15.786958 1.631424 1.665665 -1.955920 -2.878297 4.727794 -4.170584 4.993919 11.020511 0.000001 -0.000000 12.109032 -3.735715 -2.866778 0.000000 -0.000000 0.000000 1.291985 -1.928548 -1.498088 14.800115 0.567467 3.865604 14.242553 -1.341738 -6.660648 19.631935 0.143921 -0.648243 46.682487 -1.212920 -6.196390 0.353029 -1.511150 -0.031940 20.222769 3.684305 2.316629 18.787249 0.000001 -0.000001 10.751608 -0.479870 1.397903 0.000000 -0.000000 0.000000 3.273804 0.305947 -0.580110 21.486790 11.830364 2.266131 8.162915 0.000000 -0.000000 18.399052 -3.798986 -4.940567 0.000003 0.000000 -0.000001 4.536473 4.792462 -0.799422 -0.006157 -0.268493 22.482164 0.812245 -9.663277 -18.120216 1.653203 -1.896696 -1.505635 0.000000 -0.000000 0.000002 -6.042402 19.522278 -21.164005 -0.088217 0.854730 24.614624 17.672359 18.658396 -0.583684 -1.332862 1.185811 -2.817745 0.000000 -0.000000 -0.000001
0.000000 0.000000 0.000000 0.000000 -0.000000 0.000000 2.536985 -2.569570 -3.092523 -0.442702 -1.158337 -0.722761 1.515832 -0.861517 3.028138 -0.178315 -0.036190 -4.342881 -4.338921 -4.359419 11.090957 8.937228 -3.928613 22.097359 -3.853279 -11.874982 -3.415343 2.225082 -15.428358 -2.751977 0.000077 -0.000022 0.000006 0.063373 -0.088975 -0.146980 0.812226 -3.768856 -10.637059 -0.695749 3.598113 -10.623345 -20.396114 -9.161932 17.242840 -43.227310 -6.973637 22.570551 1.030478 -38.684513 -0.220306 -3.309148 -1.922478 16.661407 -5.882102 9.861279 0.702590 -10.936861 -0.360574 7.156197 0.000000 8.774815 -0.000000 -15.706561 17.971569 6.359653 -1.844031 2.498503 -2.507276 -10.163590 4.678941 4.621104 -20.975996 -0.000001 0.000001 -21.226254 2.451698 -3.593995 0.000000 -0.000006 -0.000000 -1.362681 2.240797 -0.746323 -21.334892 0.584910 3.008319 -13.821196 -0.000001 0.000001 -23.887129 -0.249075 -0.839485 -60.638897 2.526647 -0.841136 -0.294025 1.679686 0.833255 -14.218195 0.093215 1.300579 -34.212002 -0.287561 0.967166 -20.033176 0.964536 1.212838 0.000000 -0.000000 0.000000 -3.440387 0.788233 0.501655 -15.928172 -3.167306 2.999703 -6.338817 -0.000000 0.000001 -18.123419 3.648181 -4.905662 -0.000004 0.000000 -0.000002 -14.402856 16.326307 5.427239 21.129402 -16.130808 -74.663582 179.148712 54.021255 177.143219 22.942308 3.162982 9.733873 2.243540 -5.255033 -3.180156 14.282877 -0.826594 6.952496 -0.000000 -12.690593 -0.000001 15.835017 -15.865319 1.868061 1.665665 -1.955920 -2.878297 4.727794 -4.170584 4.993919 11.020511 0.000001 -0.000000 12.109032 -3.735715 -2.866778 0.000000 -0.000000 0.000000 1.291985 -1.928548 -1.498088 14.800115 0.567467 3.865604 14.242553 -1.341738 -6.660648 19.631935 0.143921 -0.648243 46.687588 -1.238957 -6.193558 0.353029 -1.511150 -0.031940 20.222769 3.684305 2.316629 18.787249 0.000001 -0.000001 10.751608 -0.479870 1.397903 0.000000 -0.000000 0.000000 3.273804 0.305947 -0.580110 21.486790 11.830364 2.266131 8.162915 0.000000 -0.000000 18.399052 -3.798986 -4.940567 0.000003 0.000000 -0.000001 4.536473 4.792462 -0.799422 -0.006157 -0.268493 22.482164 0.812245 -9.663277 -18.120216 1.653203 -1.896696 -1.505635 0.000000 -0.000000 0.000002 -6.042402 19.522278 -21.164005 -0.088217 0.854730 24.614624 17.672359 18.658396 -0.583684 -1.332862 1.185811 -2.817745 0.000000 -0.000000 -0.000001
0.000000 0.000000 0.000000 0.000000 -0.000000 0.000000 2.536985 -2.539335 -3.092523 -0.442702 -1.158337 -0.722761 1.573208 -0.906110 3.097415 -0.143472 -0.347980 -4.285458 -4.459430 -4.823363 11.127202 9.285734 -4.070738 21.991392 -3.754953 -11.687130 -3.447026 2.243405 -15.080768 -2.820732 0.000077 -0.000022 0.000006 0.070575 -0.107836 -0.145723 0.817258 -3.794024 -10.651856 -0.685854 3.585565 -10.634058 -20.591566 -9.526562 17.402143 -43.436966 -6.123160 21.743481 1.175272 -38.078545 -0.303863 -3.138169 -2.125618 16.311502 -5.882102 9.861279 0.702590 -10.936861 -0.360574 7.156197 0.000000 8.774815 -0.000000 -15.727697 17.959499 6.294202 -1.844031 2.498503 -2.507276 -10.163590 4.678941 4.621104 -20.975996 -0.000001 0.000001 -21.226254 2.451698 -3.593995 0.000000 -0.000006 -0.000000 -1.362681 2.240797 -0.746323 -21.334892 0.584910 3.008319 -13.821196 -0.000001 0.000001 -23.887129 -0.249075 -0.839485 -60.636219 2.436798 -0.760085 -0.294025 1.679686 0.833255 -14.218195 0.093215 1.300579 -34.212002 -0.287561 0.967166 -20.033176 0.964536 1.212838 0.000000 -0.000000 0.000000 -3.440387 0.788233 0.501655 -15.928172 -3.167306 2.999703 -6.338817 -0.000000 0.000001 -18.123419 3.648181 -4.905662 -0.000004 0.000000 -0.000002 -13.953109 15.300969 5.541037 20.272741 -18.483215 -75.237923 -179.085449 55.448414 178.258316 22.878494 4.868084 8.008882 2.243540 -5.255033 -3.180156 14.282877 -0.826594 6.952496 -0.000000 -12.690593 -0.000001 15.922137 -15.928717 2.032437 1.665665 -1.955920 -2.878297 4.727794 -4.170584 4.993919 11.020511 0.000001 -0.000000 12.109032 -3.735715 -2.866778 0.000000 -0.000000 0.000000 1.291985 -1.928548 -1.498088 14.800115 0.567467 3.865604 14.242553 -1.341738 -6.660648 19.631935 0.143921 -0.648243 46.921089 -1.181048 -6.141359 0.353029 -1.511150 -0.031940 20.222769 3.684305 2.316629 18.787249 0.000001 -0.000001 10.751608 -0.479870 1.397903 0.000000 -0.000000 0.000000 3.273804 0.305947 -0.580110 21.486790 11.830364 2.266131 8.162915 0.000000 -0.000000 18.399052 -3.798986 -4.940567 0.000003 0.000000 -0.000001 4.536473 4.792462 -0.799422 -0.006157 -0.268493 22.482164 0.812245 -9.663277 -18.120216 1.653203 -1.896696 -1.505635 0.000000 -0.000000 0.000002 -6.042402 19.522278 -21.164005 -0.088217 0.854730 24.614624 17.672359 18.658396 -0.583684 -1.332862 1.185811 -2.817745 0.000000 -0.000000 -0.000001
0.000000 0.000000 0.000000 0.000000 -0.000000 0.000000 2.536985 -2.519826 -3.092523 -0.442702 -1.158337 -0.722761 1.628640 -0.982746 3.163939 -0.114706 -0.761378 -4.236676 -4.471800 -5.305227 11.208286 9.822497 -4.270634 21.719864 -3.622107 -11.525349 -3.488600 2.231454 -14.618767 -3.100721 0.000077 -0.000022 0.000006 0.079138 -0.134557 -0.140406 0.824546 -3.829601 -10.662762 -0.675873 3.568165 -10.637797 -20.775343 -10.138992 17.476336 -43.810963 -5.336842 20.647190 1.116758 -37.233589 -0.315796 -3.168857 -2.109168 16.234320 -5.882102 9.861279 0.702590 -10.936861 -0.360574 7.156197 0.000000 8.774815 -0.000000 -15.755047 17.920397 6.227900 -1.844031 2.498503 -2.507276 -10.163590 4.678941 4.621104 -20.975996 -0.000001 0.000001 -21.226254 2.451698 -3.593995 0.000000 -0.000006 -0.000000 -1.362681 2.240797 -0.746323 -21.334892 0.584910 3.008319 -13.821196 -0.000001 0.000001 -23.887129 -0.249075 -0.839485 -60.637943 2.361673 -0.775755 -0.294025 1.679686 0.833255 -14.218195 0.093215 1.300579 -34.212002 -0.287561 0.967166 -20.033176 0.964536 1.212838 0.000000 -0.000000 0.000000 -3.440387 0.788233 0.501655 -15.928172 -3.167306 2.999703 -6.338817 -0.000000 0.000001 -18.123419 3.648181 -4.905662 -0.000004 0.000000 -0.000002 -12.607279 13.805591 5.659807 18.490427 -21.051538 -76.064392 -176.591537 57.585831 179.827744 22.422218 7.054628 5.826544 2.243540 -5.255033 -3.180156 14.282877 -0.826594 6.952496 -0.000000 -12.690593 -0.000001 16.079271 -15.920767 2.096498 1.665665 -1.955920 -2.878297 4.727794 -4.170584 4.993919 11.020511 0.000001 -0.000000 12.109032 -3.735715 -2.866778 0.000000 -0.000000 0.000000 1.291985 -1.928548 -1.498088 14.800115 0.567467 3.865604 14.242553 -1.341738 -6.660648 19.631935 0.143921 -0.648243 47.068096 -1.057884 -6.093063 0.353029 -1.511150 -0.031940 20.222769 3.684305 2.316629 18.787249 0.000001 -0.000001 10.751608 -0.479870 1.397903 0.000000 -0.000000 0.000000 3.273804 0.305947 -0.580110 21.486790 11.830364 2.266131 8.162915 0.000000 -0.000000 18.399052 -3.798986 -4.940567 0.000003 0.000000 -0.000001 4.536473 4.792462 -0.799422 -0.006157 -0.268493 22.482164 0.812245 -9.663277 -18.120216 1.653203 -1.896696 -1.505635 0.000000 -0.000000 0.000002 -6.042402 19.522278 -21.164005 -0.088217 0.854730 24.614624 17.672359 18.658396 -0.583684 -1.332862 1.185811 -2.817745 0.000000 -0.000000 -0.000001
0.000000 0.000000 0.000000 0.000000 -0.000000 0.000000 2.536985 -2.525220 -3.092523 -0.442702 -1.158337 -0.722761 1.682717 -1.077873 3.266037 -0.093183 -1.157070 -4.194523 -4.371302 -5.757955 11.292252 10.437756 -4.501318 21.315189 -3.507401 -11.267777 -3.523760 2.119866 -14.088078 -3.503899 0.000077 -0.000022 0.000006 0.073976 -0.138963 -0.142514 0.814365 -3.840263 -10.658103 -0.676078 3.571475 -10.632365 -20.788303 -10.890915 17.463028 -44.408329 -4.759966 19.375736 0.827800 -35.987736 -0.215997 -3.448557 -1.835580 16.574392 -5.882102 9.861279 0.702590 -10.936861 -0.360574 7.156197 0.000000 8.774815 -0.000000 -15.848515 17.874340 6.148181 -1.844031 2.498503 -2.507276 -10.163590 4.678941 4.621104 -20.975996 -0.000001 0.000001 -21.226254 2.451698 -3.593995 0.000000 -0.000006 -0.000000 -1.362681 2.240797 -0.746323 -21.334892 0.584910 3.008319 -13.821196 -0.000001 0.000001 -23.887129 -0.249075 -0.839485 -60.682816 2.331250 -0.836789 -0.294025 1.679686 0.833255 -14.218195 0.093215 1.300579 -34.212002 -0.287561 0.967166 -20.033176 0.964536 1.212838 0.000000 -0.000000 0.000000 -3.440387 0.788233 0.501655 -15.928172 -3.167306 2.999703 -6.338817 -0.000000 0.000001 -18.123419 3.648181 -4.905662 -0.000004 0.000000 -0.000002 -10.735045 12.271483 5.797746 15.948596 -23.207533 -76.722595 -174.144608 59.766136 -178.877319 21.627834 9.397103 3.263700 2.243540 -5.255033 -3.180156 14.282877 -0.826594 6.952496 -0.000000 -12.690593 -0.000001 16.286093 -15.886139 2.051365 1.665665 -1.955920 -2.878297 4.727794 -4.170584 4.993919 11.020511 0.000001 -0.000000 12.109032 -3.735715 -2.866778 0.000000 -0.000000 0.000000 1.291985 -1.928548 -1.498088 14.800115 0.567467 3.865604 14.242553 -1.341738 -6.660648 19.631935 0.143921 -0.648243 47.141109 -0.911556 -6.099112 0.353029 -1.511150 -0.031940 20.222769 3.684305 2.316629 18.787249 0.000001 -0.000001 10.751608 -0.479870 1.397903 0.000000 -0.000000 0.000000 3.273804 0.305947 -0.580110 21.486790 11.830364 2.266131 8.162915 0.000000 -0.000000 18.399052 -3.798986 -4.940567 0.000003 0.000000 -0.000001 4.536473 4.792462 -0.799422 -0.006157 -0.268493 22.482164 0.812245 -9.663277 -18.120216 1.653203 -1.896696 -1.505635 0.000000 -0.000000 0.000002 -6.042402 19.522278 -21.164005 -0.088217 0.854730 24.614624 17.672359 18.658396 -0.583684 -1.332862 1.185811 -2.817745 0.000000 -0.000000 -0.000001
0.000000 0.000000 0.000000 0.000000 -0.000000 0.000000 2.536985 -2.522123 -3.092523 -0.442702 -1.158337 -0.722761 1.686553 -1.123192 3.419248 -0.074325 -1.455978 -4.129058 -4.207309 -6.121051 11.303123 11.035838 -4.655465 20.856150 -3.458074 -10.833277 -3.581513 1.787712 -13.526278 -3.862115 0.000077 -0.000022 0.000006 0.054340 -0.114279 -0.150830 0.784864 -3.817674 -10.644342 -0.685629 3.599864 -10.627691 -20.576952 -11.478043 17.436169 -45.104416 -4.546364 18.342928 0.546038 -34.779423 -0.160383 -3.940548 -1.371626 17.293810 -5.882102 9.861279 0.702590 -10.936861 -0.360574 7.156197 0.000000 8.774815 -0.000000 -15.979445 17.852299 6.081911 -1.844031 2.498503 -2.507276 -10.163590 4.678941 4.621104 -20.975996 -0.000001 0.000001 -21.226254 2.451698 -3.593995 0.000000 -0.000006 -0.000000 -1.362681 2.240797 -0.746323 -21.334892 0.584910 3.008319 -13.821196 -0.000001 0.000001 -23.887129 -0.249075 -0.839485 -60.651684 2.273501 -0.882780 -0.294025 1.679686 0.833255 -14.218195 0.093215 1.300579 -34.212002 -0.287561 0.967166 -20.033176 0.964536 1.212838 0.000000 -0.000000 0.000000 -3.440387 0.788233 0.501655 -15.928172 -3.167306 2.999703 -6.338817 -0.000000 0.000001 -18.123419 3.648181 -4.905662 -0.000004 0.000000 -0.000002 -9.030164 11.353046 5.994507 13.444979 -24.732296 -76.992210 -172.309372 61.184555 -177.943771 20.954016 11.167313 0.831207 2.243540 -5.255033 -3.180156 14.282877 -0.826594 6.952496 -0.000000 -12.690593 -0.000001 16.448395 -15.913229 1.997572 1.665665 -1.955920 -2.878297 4.727794 -4.170584 4.993919 11.020511 0.000001 -0.000000 12.109032 -3.735715 -2.866778 0.000000 -0.000000 0.000000 1.291985 -1.928548 -1.498088 14.800115 0.567467 3.865604 14.242553 -1.341738 -6.660648 19.631935 0.143921 -0.648243 47.343758 -0.817414 -6.133772 0.353029 -1.511150 -0.031940 20.222769 3.684305 2.316629 18.787249 0.000001 -0.000001 10.751608 -0.479870 1.397903 0.000000 -0.000000 0.000000 3.273804 0.305947 -0.580110 21.486790 11.830364 2.266131 8.162915 0.000000 -0.000000 18.399052 -3.798986 -4.940567 0.000003 0.000000 -0.000001 4.536473 4.792462 -0.799422 -0.006157 -0.268493 22.482164 0.812245 -9.663277 -18.120216 1.653203 -1.896696 -1.505635 0.000000 -0.000000 0.000002 -6.042402 19.522278 -21.164005 -0.088217 0.854730 24.614624 17.672359 18.658396 -0.583684 -1.332862 1.185811 -2.817745 0.000000 -0.000000 -0.000001
0.000000 0.000000 0.000000 0.000000 -0.000000 0.000000 2.536985 -2.498708 -3.092523 -0.442702 -1.158337 -0.722761 1.675838 -1.157715 3.499404 -0.074810 -1.632711 -4.018610 -4.082139 -6.320388 11.260337 11.573159 -4.753826 20.351122 -3.394625 -10.332421 -3.677593 1.139015 -12.784744 -4.283780 0.000077 -0.000022 0.000006 0.072281 -0.146908 -0.135985 0.786634 -3.855729 -10.621147 -0.651033 3.572984 -10.612309 -20.119837 -11.778049 17.171465 -45.810940 -4.344179 17.961657 0.338097 -34.248394 -0.084473 -4.113997 -1.072854 17.903503 -5.882102 9.861279 0.702590 -10.936861 -0.360574 7.156197 0.000000 8.774815 -0.000000 -15.982328 17.946861 6.187470 -1.844031 2.498503 -2.507276 -10.163590 4.678941 4.621104 -20.975996 -0.000001 0.000001 -21.226254 2.451698 -3.593995 0.000000 -0.000006 -0.000000 -1.362681 2.240797 -0.746323 -21.334892 0.584910 3.008319 -13.821196 -0.000001 0.000001 -23.887129 -0.249075 -0.839485 -60.701660 2.300349 -0.815780 -0.294025 1.679686 0.833255 -14.218195 0.093215 1.300579 -34.212002 -0.287561 0.967166 -20.033176 0.964536 1.212838 0.000000 -0.000000 0.000000 -3.440387 0.788233 0.501655 -15.928172 -3.167306 2.999703 -6.338817 -0.000000 0.000001 -18.123419 3.648181 -4.905662 -0.000004 0.000000 -0.000002 -7.939293 11.154510 6.004829 11.154750 -25.377501 -77.239998 -173.092804 61.753368 -179.075089 20.582371 12.181743 -0.547632 2.243540 -5.255033 -3.180156 14.282877 -0.826594 6.952496 -0.000000 -12.690593 -0.000001 16.647726 -15.879118 1.928158 1.665665 -1.955920 -2.878297 4.727794 -4.170584 4.993919 11.020511 0.000001 -0.000000 12.109032 -3.735715 -2.866778 0.000000 -0.000000 0.000000 1.291985 -1.928548 -1.498088 14.800115 0.567467 3.865604 14.242553 -1.341738 -6.660648 19.631935 0.143921 -0.648243 47.499912 -0.772458 -6.218675 0.353029 -1.511150 -0.031940 20.222769 3.684305 2.316629 18.787249 0.000001 -0.000001 10.751608 -0.479870 1.397903 0.000000 -0.000000 0.000000 3.273804 0.305947 -0.580110 21.486790 11.830364 2.266131 8.162915 0.000000 -0.000000 18.399052 -3.798986 -4.940567 0.000003 0.000000 -0.000001 4.536473 4.792462 -0.799422 -0.006157 -0.268493 22.482164 0.812245 -9.663277 -18.120216 1.653203 -1.896696 -1.505635 0.000000 -0.000000 0.000002 -6.042402 19.522278 -21.164005 -0.088217 0.854730 24.614624 17.672359 18.658396 -0.583684 -1.332862 1.185811 -2.817745 0.000000 -0.000000 -0.000001
0.000000 0.000000 0.000000 0.000000 -0.000000 0.000000 2.536985 -2.455930 -3.092523 -0.442702 -1.158337 -0.722761 1.688042 -1.053873 3.697890 -0.066716 -1.365895 -3.937662 -3.922716 -5.667924 11.147907 11.213525 -4.162489 19.786325 -3.308548 -9.523957 -3.662850 0.749200 -11.940898 -4.851501 0.000077 -0.000022 0.000006 0.067922 -0.144718 -0.123031 0.781601 -3.849927 -10.612315 -0.654491 3.572091 -10.620799 -19.817268 -11.189867 16.867756 -46.390102 -4.275957 17.709629 0.325601 -34.533314 -0.213297 -4.228268 -0.860518 18.000242 -5.882102 9.861279 0.702590 -10.936861 -0.360574 7.156197 0.000000 8.774815 -0.000000 -15.961585 17.692263 6.253765 -1.844031 2.498503 -2.507276 -10.163590 4.678941 4.621104 -20.975996 -0.000001 0.000001 -21.226254 2.451698 -3.593995 0.000000 -0.000006 -0.000000 -1.362681 2.240797 -0.746323 -21.334892 0.584910 3.008319 -13.821196 -0.000001 0.000001 -23.887129 -0.249075 -0.839485 -60.704941 2.305367 -0.628381 -0.294025 1.679686 0.833255 -14.218195 0.093215 1.300579 -34.212002 -0.287561 0.967166 -20.033176 0.964536 1.212838 0.000000 -0.000000 0.000000 -3.440387 0.788233 0.501655 -15.928172 -3.167306 2.999703 -6.338817 -0.000000 0.000001 -18.123419 3.648181 -4.905662 -0.000004 0.000000 -0.000002 -7.421702 12.539017 6.113444 8.884270 -25.002472 -76.522774 -174.611618 61.624138 178.794693 20.370779 11.182519 -0.711220 2.243540 -5.255033 -3.180156 14.282877 -0.826594 6.952496 -0.000000 -12.690593 -0.000001 16.632473 -15.943321 2.002514 1.665665 -1.955920 -2.878297 4.727794 -4.170584 4.993919 11.020511 0.000001 -0.000000 12.109032 -3.735715 -2.866778 0.000000 -0.000000 0.000000 1.291985 -1.928548 -1.498088 14.800115 0.567467 3.865604 14.242553 -1.341738 -6.660648 19.631935 0.143921 -0.648243 47.680901 -0.892450 -6.213593 0.353029 -1.511150 -0.031940 20.222769 3.684305 2.316629 18.787249 0.000001 -0.000001 10.751608 -0.479870 1.397903 0.000000 -0.000000 0.000000 3.273804 0.305947 -0.580110 21.486790 11.830364 2.266131 8.162915 0.000000 -0.000000 18.399052 -3.798986 -4.940567 0.000003 0.000000 -0.000001 4.536473 4.792462 -0.799422 -0.006157 -0.268493 22.482164 0.812245 -9.663277 -18.120216 1.653203 -1.896696 -1.505635 0.000000 -0.000000 0.000002 -6.042402 19.522278 -21.164005 -0.088217 0.854730 24.614624 17.672359 18.658396 -0.583684 -1.332862 1.185811 -2.817745 0.000000 -0.000000 -0.000001
0.000000 0.000000 0.000000 0.000000 -0.000000 0.000000 2.536985 -2.424146 -3.092523 -0.442702 -1.158337 -0.722761 1.582296 -0.926915 3.867677 -0.076296 -0.900866 -3.894218 -3.784146 -4.835866 10.935809 10.557722 -3.478099 19.026825 -3.145612 -8.504217 -3.664467 0.156336 -10.873408 -5.495351 0.000077 -0.000022 0.000006 0.066224 -0.147322 -0.100903 0.781702 -3.847734 -10.564716 -0.658015 3.564293 -10.591391 -19.575251 -10.429912 16.307013 -46.800556 -4.019607 17.642620 0.376901 -35.219490 -0.329913 -4.351192 -0.786316 18.162628 -5.882102 9.861279 0.702590 -10.936861 -0.360574 7.156197 0.000000 8.774815 -0.000000 -15.778316 17.666586 6.448372 -1.844031 2.498503 -2.507276 -10.163590 4.678941 4.621104 -20.975996 -0.000001 0.000001 -21.226254 2.451698 -3.593995 0.000000 -0.000006 -0.000000 -1.362681 2.240797 -0.746323 -21.334892 0.584910 3.008319 -13.821196 -0.000001 0.000001 -23.887129 -0.249075 -0.839485 -60.557659 2.376663 -0.508231 -0.294025 1.679686 0.833255 -14.218195 0.093215 1.300579 -34.212002 -0.287561 0.967166 -20.033176 0.964536 1.212838 0.000000 -0.000000 0.000000 -3.440387 0.788233 0.501655 -15.928172 -3.167306 2.999703 -6.338817 -0.000000 0.000001 -18.123419 3.648181 -4.905662 -0.000004 0.000000 -0.000002 -6.675053 14.559042 6.328901 5.668096 -24.385349 -74.744301 -177.649445 61.265793 175.900253 20.897856 11.068617 -0.409777 2.243540 -5.255033 -3.180156 14.282877 -0.826594 6.952496 -0.000000 -12.690593 -0.000001 16.442444 -16.063604 2.147519 1.665665 -1.955920 -2.878297 4.727794 -4.170584 4.993919 11.020511 0.000001 -0.000000 12.109032 -3.735715 -2.866778 0.000000 -0.000000 0.000000 1.291985 -1.928548 -1.498088 14.800115 0.567467 3.865604 14.242553 -1.341738 -6.660648 19.631935 0.143921 -0.648243 47.660347 -0.946719 -6.247683 0.353029 -1.511150 -0.031940 20.222769 3.684305 2.316629 18.787249 0.000001 -0.000001 10.751608 -0.479870 1.397903 0.000000 -0.000000 0.000000 3.273804 0.305947 -0.580110 21.486790 11.830364 2.266131 8.162915 0.000000 -0.000000 18.399052 -3.798986 -4.940567 0.000003 0.000000 -0.000001 4.536473 4.792462 -0.799422 -0.006157 -0.268493 22.482164 0.812245 -9.663277 -18.120216 1.653203 -1.896696 -1.505635 0.000000 -0.000000 0.000002 -6.042402 19.522278 -21.164005 -0.088217 0.854730 24.614624 17.672359 18.658396 -0.583684 -1.332862 1.185811 -2.817745 0.000000 -0.000000 -0.000001
0.000000 0.000000 0.000000 0.000000 -0.000000 0.000000 2.536985 -2.392057 -3.092523 -0.442702 -1.158337 -0.722761 1.422168 -0.823991 3.971685 -0.144396 -0.269705 -3.898982 -3.670857 -3.988968 10.670411 9.667354 -2.796339 17.942385 -3.048360 -7.326230 -3.684068 -0.269650 -9.812376 -6.126242 0.000077 -0.000022 0.000006 0.048855 -0.116145 -0.102520 0.789402 -3.805899 -10.518856 -0.700653 3.585402 -10.563434 -19.373787 -9.542330 15.506621 -47.023933 -3.710915 17.639717 0.510401 -36.144093 -0.407641 -4.445493 -0.795322 18.061321 -5.882102 9.861279 0.702590 -10.936861 -0.360574 7.156197 0.000000 8.774815 -0.000000 -15.652154 17.684046 6.524812 -1.844031 2.498503 -2.507276 -10.163590 4.678941 4.621104 -20.975996 -0.000001 0.000001 -21.226254 2.451698 -3.593995 0.000000 -0.000006 -0.000000 -1.362681 2.240797 -0.746323 -21.334892 0.584910 3.008319 -13.821196 -0.000001 0.000001 -23.887129 -0.249075 -0.839485 -60.342884 2.484942 -0.545833 -0.294025 1.679686 0.833255 -14.218195 0.093215 1.300579 -34.212002 -0.287561 0.967166 -20.033176 0.964536 1.212838 0.000000 -0.000000 0.000000 -3.440387 0.788233 0.501655 -15.928172 -3.167306 2.999703 -6.338817 -0.000000 0.000001 -18.123419 3.648181 -4.905662 -0.000004 0.000000 -0.000002 -5.723507 16.989504 6.562192 2.066622 -23.536482 -71.483154 179.746063 61.213665 174.197998 22.216007 12.084954 0.485797 2.243540 -5.255033 -3.180156 14.282877 -0.826594 6.952496 -0.000000 -12.690593 -0.000001 15.749728 -16.172474 2.526018 1.665665 -1.955920 -2.878297 4.727794 -4.170584 4.993919 11.020511 0.000001 -0.000000 12.109032 -3.735715 -2.866778 0.000000 -0.000000 0.000000 1.291985 -1.928548 -1.498088 14.800115 0.567467 3.865604 14.242553 -1.341738 -6.660648 19.631935 0.143921 -0.648243 47.318134 -0.974825 -6.206034 0.353029 -1.511150 -0.031940 20.222769 3.684305 2.316629 18.787249 0.000001 -0.000001 10.751608 -0.479870 1.397903 0.000000 -0.000000 0.000000 3.273804 0.305947 -0.580110 21.486790 11.830364 2.266131 8.162915 0.000000 -0.000000 18.399052 -3.798986 -4.940567 0.000003 0.000000 -0.000001 4.536473 4.792462 -0.799422 -0.006157 -0.268493 22.482164 0.812245 -9.663277 -18.120216 1.653203 -1.896696 -1.505635 0.000000 -0.000000 0.000002 -6.042402 19.522278 -21.164005 -0.088217 0.854730 24.614624 17.672359 18.658396 -0.583684 -1.332862 1.185811 -2.817745 0.000000 -0.000000 -0.000001
0.000000 0.000000 0.000000 0.000000 -0.000000 0.000000 2.536985 -2.376523 -3.092523 -0.442702 -1.158337 -0.722761 1.262670 -0.725677 3.984513 -0.229249 0.179584 -3.908978 -3.591751 -3.469470 10.391753 8.809608 -2.233631 16.553360 -2.921765 -6.312573 -3.712053 -0.675550 -8.866763 -6.755939 0.000077 -0.000022 0.000006 0.034365 -0.088093 -0.123279 0.799081 -3.771308 -10.502880 -0.738936 3.608234 -10.566371 -19.218538 -8.874601 14.757847 -47.092220 -3.620494 17.158394 0.658818 -37.100849 -0.444174 -4.149224 -1.078151 17.712420 -5.882102 9.861279 0.702590 -10.936861 -0.360574 7.156197 0.000000 8.774815 -0.000000 -15.635791 17.832399 6.474445 -1.844031 2.498503 -2.507276 -10.163590 4.678941 4.621104 -20.975996 -0.000001 0.000001 -21.226254 2.451698 -3.593995 0.000000 -0.000006 -0.000000 -1.362681 2.240797 -0.746323 -21.334892 0.584910 3.008319 -13.821196 -0.000001 0.000001 -23.887129 -0.249075 -0.839485 -60.114880 2.575967 -0.683502 -0.294025 1.679686 0.833255 -14.218195 0.093215 1.300579 -34.212002 -0.287561 0.967166 -20.033176 0.964536 1.212838 0.000000 -0.000000 0.000000 -3.440387 0.788233 0.501655 -15.928172 -3.167306 2.999703 -6.338817 -0.000000 0.000001 -18.123419 3.648181 -4.905662 -0.000004 0.000000 -0.000002 -5.020092 18.910013 6.697624 0.518210 -22.125467 -68.346153 179.234818 61.669682 174.838364 22.446955 11.964848 2.089743 2.243540 -5.255033 -3.180156 14.282877 -0.826594 6.952496 -0.000000 -12.690593 -0.000001 15.016075 -16.139135 2.863466 1.665665 -1.955920 -2.878297 4.727794 -4.170584 4.993919 11.020511 0.000001 -0.000000 12.109032 -3.735715 -2.866778 0.000000 -0.000000 0.000000 1.291985 -1.928548 -1.498088 14.800115 0.567467 3.865604 14.242553 -1.341738 -6.660648 19.631935 0.143921 -0.648243 46.919270 -1.037956 -6.034109 0.353029 -1.511150 -0.031940 20.222769 3.684305 2.316629 18.787249 0.000001 -0.000001 10.751608 -0.479870 1.397903 0.000000 -0.000000 0.000000 3.273804 0.305947 -0.580110 21.486790 11.830364 2.266131 8.162915 0.000000 -0.000000 18.399052 -3.798986 -4.940567 0.000003 0.000000 -0.000001 4.536473 4.792462 -0.799422 -0.006157 -0.268493 22.482164 0.812245 -9.663277 -18.120216 1.653203 -1.896696 -1.505635 0.000000 -0.000000 0.000002 -6.042402 19.522278 -21.164005 -0.088217 0.854730 24.614624 17.672359 18.658396 -0.583684 -1.332862 1.185811 -2.817745 0.000000 -0.000000 -0.000001
0.000000 0.000000 0.000000 0.000000 -0.000000 0.000000 2.536985 -2.376516 -3.092523 -0.442702 -1.158337 -0.722761 1.182207 -0.629956 3.949461 -0.285246 0.337381 -3.920765 -3.557586 -3.369180 10.182685 8.242137 -1.803249 15.110184 -2.786625 -5.703740 -3.711375 -1.130213 -8.212213 -7.532140 0.000077 -0.000022 0.000006 0.025125 -0.071488 -0.137586 0.794753 -3.753641 -10.504246 -0.751828 3.624454 -10.573547 -19.296926 -8.563102 14.521703 -46.907528 -4.244501 15.771856 0.659104 -38.004795 -0.441399 -2.951185 -1.912724 16.920252 -5.882102 9.861279 0.702590 -10.936861 -0.360574 7.156197 0.000000 8.774815 -0.000000 -15.630056 17.930841 6.301136 -1.844031 2.498503 -2.507276 -10.163590 4.678941 4.621104 -20.975996 -0.000001 0.000001 -21.226254 2.451698 -3.593995 0.000000 -0.000006 -0.000000 -1.362681 2.240797 -0.746323 -21.334892 0.584910 3.008319 -13.821196 -0.000001 0.000001 -23.887129 -0.249075 -0.839485 -59.984619 2.576138 -0.711977 -0.294025 1.679686 0.833255 -14.218195 0.093215 1.300579 -34.212002 -0.287561 0.967166 -20.033176 0.964536 1.212838 0.000000 -0.000000 0.000000 -3.440387 0.788233 0.501655 -15.928172 -3.167306 2.999703 -6.338817 -0.000000 0.000001 -18.123419 3.648181 -4.905662 -0.000004 0.000000 -0.000002 -4.503394 19.703968 6.832829 2.004219 -20.424091 -68.327728 -179.509750 63.027458 176.955994 20.289698 10.146885 3.040387 2.243540 -5.255033 -3.180156 14.282877 -0.826594 6.952496 -0.000000 -12.690593 -0.000001 15.240438 -16.053251 2.704822 1.665665 -1.955920 -2.878297 4.727794 -4.170584 4.993919 11.020511 0.000001 -0.000000 12.109032 -3.735715 -2.866778 0.000000 -0.000000 0.000000 1.291985 -1.928548 -1.498088 14.800115 0.567467 3.865604 14.242553 -1.341738 -6.660648 19.631935 0.143921 -0.648243 47.437336 -1.042363 -5.851274 0.353029 -1.511150 -0.031940 20.222769 3.684305 2.316629 18.787249 0.000001 -0.000001 10.751608 -0.479870 1.397903 0.000000 -0.000000 0.000000 3.273804 0.305947 -0.580110 21.486790 11.830364 2.266131 8.162915 0.000000 -0.000000 18.399052 -3.798986 -4.940567 0.000003 0.000000 -0.000001 4.536473 4.792462 -0.799422 -0.006157 -0.268493 22.482164 0.812245 -9.663277 -18.120216 1.653203 -1.896696 -1.505635 0.000000 -0.000000 0.000002 -6.042402 19.522278 -21.164005 -0.088217 0.854730 24.614624 17.672359 18.658396 -0.583684 -1.332862 1.185811 -2.817745 0.000000 -0.000000 -0.000001
0.000000 0.000000 0.000000 0.000000 -0.000000 0.000000 2.536985 -2.377721 -3.092523 -0.442702 -1.158337 -0.722761 1.165905 -0.595807 3.876947 -0.320605 0.189811 -3.939490 -3.585112 -3.695239 10.005699 7.984313 -1.440834 14.277294 -2.695524 -5.810295 -3.658695 -1.594027 -7.894346 -8.470784 0.000077 -0.000022 0.000006 0.019330 -0.068169 -0.121347 0.772378 -3.762469 -10.524036 -0.739644 3.640271 -10.582849 -19.662035 -8.879974 14.675534 -46.478352 -5.481296 14.167472 0.342091 -38.558441 -0.356409 -1.352938 -2.836497 15.558403 -5.882102 9.861279 0.702590 -10.936861 -0.360574 7.156197 0.000000 8.774815 -0.000000 -15.671647 17.960945 6.134472 -1.844031 2.498503 -2.507276 -10.163590 4.678941 4.621104 -20.975996 -0.000001 0.000001 -21.226254 2.451698 -3.593995 0.000000 -0.000006 -0.000000 -1.362681 2.240797 -0.746323 -21.334892 0.584910 3.008319 -13.821196 -0.000001 0.000001 -23.887129 -0.249075 -0.839485 -60.120369 2.606542 -0.745366 -0.294025 1.679686 0.833255 -14.218195 0.093215 1.300579 -34.212002 -0.287561 0.967166 -20.033176 0.964536 1.212838 0.000000 -0.000000 0.000000 -3.440387 0.788233 0.501655 -15.928172 -3.167306 2.999703 -6.338817 -0.000000 0.000001 -18.123419 3.648181 -4.905662 -0.000004 0.000000 -0.000002 -4.156462 18.936291 6.892837 5.623799 -18.303535 -71.470734 -177.512833 65.017296 179.572693 14.742412 6.414685 1.134729 2.243540 -5.255033 -3.180156 14.282877 -0.826594 6.952496 -0.000000 -12.690593 -0.000001 16.587303 -16.169844 2.101375 1.665665 -1.955920 -2.878297 4.727794 -4.170584 4.993919 11.020511 0.000001 -0.000000 12.109032 -3.735715 -2.866778 0.000000 -0.000000 0.000000 1.291985 -1.928548 -1.498088 14.800115 0.567467 3.865604 14.242553 -1.341738 -6.660648 19.631935 0.143921 -0.648243 48.766178 -0.947897 -5.857270 0.353029 -1.511150 -0.031940 20.222769 3.684305 2.316629 18.787249 0.000001 -0.000001 10.751608 -0.479870 1.397903 0.000000 -0.000000 0.000000 3.273804 0.305947 -0.580110 21.486790 11.830364 2.266131 8.162915 0.000000 -0.000000 18.399052 -3.798986 -4.940567 0.000003 0.000000 -0.000001 4.536473 4.792462 -0.799422 -0.006157 -0.268493 22.482164 0.812245 -9.663277 -18.120216 1.653203 -1.896696 -1.505635 0.000000 -0.000000 0.000002 -6.042402 19.522278 -21.164005 -0.088217 0.854730 24.614624 17.672359 18.658396 -0.583684 -1.332862 1.185811 -2.817745 0.000000 -0.000000 -0.000001
0.000000 0.000000 0.000000 0.000000 -0.000000 0.000000 2.536985 -2.363256 -3.092523 -0.442702 -1.158337 -0.722761 1.064997 -0.703349 3.725519 -0.337708 -0.299305 -3.967530 -3.643317 -4.349577 9.764788 8.164436 -1.425277 14.383065 -2.710287 -6.346254 -3.613905 -2.016842 -7.966150 -8.928452 0.000077 -0.000022 0.000006 0.021176 -0.088561 -0.090115 0.744333 -3.801320 -10.574844 -0.707259 3.638172 -10.609018 -20.176426 -9.876569 15.073920 -46.026627 -7.110248 13.286357 -0.013042 -38.719551 -0.247322 -0.284590 -3.194262 14.031702 -5.882102 9.861279 0.702590 -10.936861 -0.360574 7.156197 0.000000 8.774815 -0.000000 -15.787950 18.049023 6.091819 -1.844031 2.498503 -2.507276 -10.163590 4.678941 4.621104 -20.975996 -0.000001 0.000001 -21.226254 2.451698 -3.593995 0.000000 -0.000006 -0.000000 -1.362681 2.240797 -0.746323 -21.334892 0.584910 3.008319 -13.821196 -0.000001 0.000001 -23.887129 -0.249075 -0.839485 -60.332973 2.637104 -0.874860 -0.294025 1.679686 0.833255 -14.218195 0.093215 1.300579 -34.212002 -0.287561 0.967166 -20.033176 0.964536 1.212838 0.000000 -0.000000 0.000000 -3.440387 0.788233 0.501655 -15.928172 -3.167306 2.999703 -6.338817 -0.000000 0.000001 -18.123419 3.648181 -4.905662 -0.000004 0.000000 -0.000002 -3.372088 16.747084 6.845441 8.976765 -16.100340 -73.993851 -175.077850 66.941315 -177.935867 7.157362 0.884575 -4.907121 2.243540 -5.255033 -3.180156 14.282877 -0.826594 6.952496 -0.000000 -12.690593 -0.000001 17.588482 -16.854214 1.842457 1.665665 -1.955920 -2.878297 4.727794 -4.170584 4.993919 11.020511 0.000001 -0.000000 12.109032 -3.735715 -2.866778 0.000000 -0.000000 0.000000 1.291985 -1.928548 -1.498088 14.800115 0.567467 3.865604 14.242553 -1.341738 -6.660648 19.631935 0.143921 -0.648243 49.725842 -0.821342 -6.061201 0.353029 -1.511150 -0.031940 20.222769 3.684305 2.316629 18.787249 0.000001 -0.000001 10.751608 -0.479870 1.397903 0.000000 -0.000000 0.000000 3.273804 0.305947 -0.580110 21.486790 11.830364 2.266131 8.162915 0.000000 -0.000000 18.399052 -3.798986 -4.940567 0.000003 0.000000 -0.000001 4.536473 4.792462 -0.799422 -0.006157 -0.268493 22.482164 0.812245 -9.663277 -18.120216 1.653203 -1.896696 -1.505635 0.000000 -0.000000 0.000002 -6.042402 19.522278 -21.164005 -0.088217 0.854730 24.614624 17.672359 18.658396 -0.583684 -1.332862 1.185811 -2.817745 0.000000 -0.000000 -0.000001
0.000000 0.000000 0.000000 0.000000 -0.000000 0.000000 2.536985 -2.359708 -3.092523 -0.442702 -1.158337 -0.722761 0.905323 -0.868531 3.319196 -0.354051 -1.013327 -4.048792 -3.750046 -5.105023 9.733486 8.829619 -1.998402 15.051639 -2.781011 -6.898994 -3.672559 -2.537660 -8.299420 -8.471242 0.000077 -0.000022 0.000006 0.024831 -0.109056 -0.059082 0.724499 -3.838145 -10.621920 -0.680358 3.633213 -10.635221 -20.499435 -11.332009 15.580026 -45.893120 -8.727004 13.395013 -0.243335 -38.901558 -0.075098 0.149993 -3.264574 12.863742 -5.882102 9.861279 0.702590 -10.936861 -0.360574 7.156197 0.000000 8.774815 -0.000000 -15.733558 18.195295 6.229722 -1.844031 2.498503 -2.507276 -10.163590 4.678941 4.621104 -20.975996 -0.000001 0.000001 -21.226254 2.451698 -3.593995 0.000000 -0.000006 -0.000000 -1.362681 2.240797 -0.746323 -21.334892 0.584910 3.008319 -13.821196 -0.000001 0.000001 -23.887129 -0.249075 -0.839485 -60.322388 2.713938 -0.981480 -0.294025 1.679686 0.833255 -14.218195 0.093215 1.300579 -34.212002 -0.287561 0.967166 -20.033176 0.964536 1.212838 0.000000 -0.000000 0.000000 -3.440387 0.788233 0.501655 -15.928172 -3.167306 2.999703 -6.338817 -0.000000 0.000001 -18.123419 3.648181 -4.905662 -0.000004 0.000000 -0.000002 -1.511139 13.972582 6.961292 10.077065 -14.421364 -73.850868 -172.747055 68.533836 -175.476364 1.947225 -3.048980 -11.774480 2.243540 -5.255033 -3.180156 14.282877 -0.826594 6.952496 -0.000000 -12.690593 -0.000001 17.563778 -17.492428 1.738505 1.665665 -1.955920 -2.878297 4.727794 -4.170584 4.993919 11.020511 0.000001 -0.000000 12.109032 -3.735715 -2.866778 0.000000 -0.000000 0.000000 1.291985 -1.928548 -1.498088 14.800115 0.567467 3.865604 14.242553 -1.341738 -6.660648 19.631935 0.143921 -0.648243 49.832798 -0.715941 -6.408383 0.353029 -1.511150 -0.031940 20.222769 3.684305 2.316629 18.787249 0.000001 -0.000001 10.751608 -0.479870 1.397903 0.000000 -0.000000 0.000000 3.273804 0.305947 -0.580110 21.486790 11.830364 2.266131 8.162915 0.000000 -0.000000 18.399052 -3.798986 -4.940567 0.000003 0.000000 -0.000001 4.536473 4.792462 -0.799422 -0.006157 -0.268493 22.482164 0.812245 -9.663277 -18.120216 1.653203 -1.896696 -1.505635 0.000000 -0.000000 0.000002 -6.042402 19.522278 -21.164005 -0.088217 0.854730 24.614624 17.672359 18.658396 -0.583684 -1.332862 1.185811 -2.817745 0.000000 -0.000000 -0.000001
0.000000 0.000000 0.000000 0.000000 -0.000000 0.000000 2.536985 -2.356657 -3.092523 -0.442702 -1.158337 -0.722761 0.682032 -0.974479 2.918326 -0.385598 -1.441912 -4.152509 -3.827050 -5.504886 9.845483 9.497827 -2.624307 15.693017 -2.887065 -7.097910 -3.704850 -3.099577 -8.444482 -7.349612 0.000077 -0.000022 0.000006 0.029636 -0.115416 -0.049628 0.711626 -3.851781 -10.655609 -0.658581 3.633170 -10.650674 -20.733604 -12.423775 15.967396 -46.019444 -10.008354 14.076713 -0.443906 -39.347359 0.063918 -0.101049 -3.029969 12.770896 -5.882102 9.861279 0.702590 -10.936861 -0.360574 7.156197 0.000000 8.774815 -0.000000 -15.722338 18.292711 6.323013 -1.844031 2.498503 -2.507276 -10.163590 4.678941 4.621104 -20.975996 -0.000001 0.000001 -21.226254 2.451698 -3.593995 0.000000 -0.000006 -0.000000 -1.362681 2.240797 -0.746323 -21.334892 0.584910 3.008319 -13.821196 -0.000001 0.000001 -23.887129 -0.249075 -0.839485 -60.331520 2.747867 -1.045481 -0.294025 1.679686 0.833255 -14.218195 0.093215 1.300579 -34.212002 -0.287561 0.967166 -20.033176 0.964536 1.212838 0.000000 -0.000000 0.000000 -3.440387 0.788233 0.501655 -15.928172 -3.167306 2.999703 -6.338817 -0.000000 0.000001 -18.123419 3.648181 -4.905662 -0.000004 0.000000 -0.000002 0.958720 11.820249 7.397266 9.502517 -12.291254 -71.950035 -171.248840 69.650177 -173.680649 -1.546242 -6.388258 -17.415447 2.243540 -5.255033 -3.180156 14.282877 -0.826594 6.952496 -0.000000 -12.690593 -0.000001 17.057827 -17.821243 1.759923 1.665665 -1.955920 -2.878297 4.727794 -4.170584 4.993919 11.020511 0.000001 -0.000000 12.109032 -3.735715 -2.866778 0.000000 -0.000000 0.000000 1.291985 -1.928548 -1.498088 14.800115 0.567467 3.865604 14.242553 -1.341738 -6.660648 19.631935 0.143921 -0.648243 49.745975 -0.698993 -6.628051 0.353029 -1.511150 -0.031940 20.222769 3.684305 2.316629 18.787249 0.000001 -0.000001 10.751608 -0.479870 1.397903 0.000000 -0.000000 0.000000 3.273804 0.305947 -0.580110 21.486790 11.830364 2.266131 8.162915 0.000000 -0.000000 18.399052 -3.798986 -4.940567 0.000003 0.000000 -0.000001 4.536473 4.792462 -0.799422 -0.006157 -0.268493 22.482164 0.812245 -9.663277 -18.120216 1.653203 -1.896696 -1.505635 0.000000 -0.000000 0.000002 -6.042402 19.522278 -21.164005 -0.088217 0.854730 24.614624 17.672359 18.658396 -0.583684 -1.332862 1.185811 -2.817745 0.000000 -0.000000 -0.000001
0.000000 0.000000 0.000000 0.000000 -0.000000 0.000000 2.536985 -2.368886 -3.092523 -0.442702 -1.158337 -0.722761 0.411088 -1.021155 2.545690 -0.445425 -1.635560 -4.231644 -3.879952 -5.587098 10.024014 10.008720 -3.087425 16.251873 -3.006365 -6.992911 -3.719872 -3.699803 -8.280717 -6.244215 0.000077 -0.000022 0.000006 0.044699 -0.146001 -0.033500 0.709454 -3.885696 -10.653739 -0.627088 3.606086 -10.633511 -20.801023 -12.982701 16.019852 -46.368111 -10.742485 15.193319 -0.729877 -40.021877 0.251665 -0.751240 -2.617275 13.612878 -5.882102 9.861279 0.702590 -10.936861 -0.360574 7.156197 0.000000 8.774815 -0.000000 -15.772472 18.401527 6.400162 -1.844031 2.498503 -2.507276 -10.163590 4.678941 4.621104 -20.975996 -0.000001 0.000001 -21.226254 2.451698 -3.593995 0.000000 -0.000006 -0.000000 -1.362681 2.240797 -0.746323 -21.334892 0.584910 3.008319 -13.821196 -0.000001 0.000001 -23.887129 -0.249075 -0.839485 -60.447182 2.830668 -1.040210 -0.294025 1.679686 0.833255 -14.218195 0.093215 1.300579 -34.212002 -0.287561 0.967166 -20.033176 0.964536 1.212838 0.000000 -0.000000 0.000000 -3.440387 0.788233 0.501655 -15.928172 -3.167306 2.999703 -6.338817 -0.000000 0.000001 -18.123419 3.648181 -4.905662 -0.000004 0.000000 -0.000002 3.653134 10.381940 8.039171 8.178561 -9.252850 -69.452469 -171.478745 70.888710 -173.285141 -5.040745 -10.248732 -22.560846 2.243540 -5.255033 -3.180156 14.282877 -0.826594 6.952496 -0.000000 -12.690593 -0.000001 16.492931 -17.826866 1.827735 1.665665 -1.955920 -2.878297 4.727794 -4.170584 4.993919 11.020511 0.000001 -0.000000 12.109032 -3.735715 -2.866778 0.000000 -0.000000 0.000000 1.291985 -1.928548 -1.498088 14.800115 0.567467 3.865604 14.242553 -1.341738 -6.660648 19.631935 0.143921 -0.648243 49.737755 -0.721811 -6.701519 0.353029 -1.511150 -0.031940 20.222769 3.684305 2.316629 18.787249 0.000001 -0.000001 10.751608 -0.479870 1.397903 0.000000 -0.000000 0.000000 3.273804 0.305947 -0.580110 21.486790 11.830364 2.266131 8.162915 0.000000 -0.000000 18.399052 -3.798986 -4.940567 0.000003 0.000000 -0.000001 4.536473 4.792462 -0.799422 -0.006157 -0.268493 22.482164 0.812245 -9.663277 -18.120216 1.653203 -1.896696 -1.505635 0.000000 -0.000000 0.000002 -6.042402 19.522278 -21.164005 -0.088217 0.854730 24.614624 17.672359 18.658396 -0.583684 -1.332862 1.185811 -2.817745 0.000000 -0.000000 -0.000001
0.000000 0.000000 0.000000 0.000000 -0.000000 0.000000 2.536985 -2.407781 -3.092523 -0.442702 -1.158337 -0.722761 0.198624 -0.945463 2.301200 -0.498981 -1.440951 -4.303023 -3.824343 -5.176604 10.177449 9.763629 -2.988596 16.675270 -3.032846 -6.583073 -3.678165 -4.026532 -7.868533 -5.533195 0.000077 -0.000022 0.000006 0.052564 -0.177429 -0.031100 0.709679 -3.918266 -10.683836 -0.612394 3.577145 -10.656258 -20.931498 -12.632321 15.902595 -46.687496 -10.915993 16.373371 -0.834336 -41.093384 0.255574 -1.466213 -2.242877 13.872689 -5.882102 9.861279 0.702590 -10.936861 -0.360574 7.156197 0.000000 8.774815 -0.000000 -15.843676 18.402035 6.378181 -1.844031 2.498503 -2.507276 -10.163590 4.678941 4.621104 -20.975996 -0.000001 0.000001 -21.226254 2.451698 -3.593995 0.000000 -0.000006 -0.000000 -1.362681 2.240797 -0.746323 -21.334892 0.584910 3.008319 -13.821196 -0.000001 0.000001 -23.887129 -0.249075 -0.839485 -60.672871 2.870196 -0.994632 -0.294025 1.679686 0.833255 -14.218195 0.093215 1.300579 -34.212002 -0.287561 0.967166 -20.033176 0.964536 1.212838 0.000000 -0.000000 0.000000 -3.440387 0.788233 0.501655 -15.928172 -3.167306 2.999703 -6.338817 -0.000000 0.000001 -18.123419 3.648181 -4.905662 -0.000004 0.000000 -0.000002 5.735602 10.314644 8.767821 7.161848 -5.709883 -67.088943 -172.098557 72.163757 -173.461746 -8.275056 -14.071217 -25.903824 2.243540 -5.255033 -3.180156 14.282877 -0.826594 6.952496 -0.000000 -12.690593 -0.000001 15.992282 -17.628914 2.041442 1.665665 -1.955920 -2.878297 4.727794 -4.170584 4.993919 11.020511 0.000001 -0.000000 12.109032 -3.735715 -2.866778 0.000000 -0.000000 0.000000 1.291985 -1.928548 -1.498088 14.800115 0.567467 3.865604 14.242553 -1.341738 -6.660648 19.631935 0.143921 -0.648243 49.751892 -0.780178 -6.585347 0.353029 -1.511150 -0.031940 20.222769 3.684305 2.316629 18.787249 0.000001 -0.000001 10.751608 -0.479870 1.397903 0.000000 -0.000000 0.000000 3.273804 0.305947 -0.580110 21.486790 11.830364 2.266131 8.162915 0.000000 -0.000000 18.399052 -3.798986 -4.940567 0.000003 0.000000 -0.000001 4.536473 4.792462 -0.799422 -0.006157 -0.268493 22.482164 0.812245 -9.663277 -18.120216 1.653203 -1.896696 -1.505635 0.000000 -0.000000 0.000002 -6.042402 19.522278 -21.164005 -0.088217 0.854730 24.614624 17.672359 18.658396 -0.583684 -1.332862 1.185811 -2.817745 0.000000 -0.000000 -0.000001
0.000000 0.000000 0.000000 0.000000 -0.000000 0.000000 2.536985 -2.444318 -3.092523 -0.442702 -1.158337 -0.722761 0.008404 -0.851194 2.077501 -0.553168 -1.174314 -4.363583 -3.715846 -4.734377 10.259680 9.232996 -2.680789 16.851501 -2.998983 -6.066699 -3.670647 -4.390292 -7.270276 -5.144742 0.000077 -0.000022 0.000006 0.056895 -0.192629 -0.018079 0.705796 -3.931925 -10.666774 -0.600408 3.561504 -10.639997 -21.065392 -11.922082 15.660038 -47.041454 -10.667893 17.479576 -0.893891 -42.270603 0.316091 -2.101037 -1.940879 14.433380 -5.882102 9.861279 0.702590 -10.936861 -0.360574 7.156197 0.000000 8.774815 -0.000000 -15.852469 18.414562 6.388466 -1.844031 2.498503 -2.507276 -10.163590 4.678941 4.621104 -20.975996 -0.000001 0.000001 -21.226254 2.451698 -3.593995 0.000000 -0.000006 -0.000000 -1.362681 2.240797 -0.746323 -21.334892 0.584910 3.008319 -13.821196 -0.000001 0.000001 -23.887129 -0.249075 -0.839485 -60.750313 2.903551 -0.907041 -0.294025 1.679686 0.833255 -14.218195 0.093215 1.300579 -34.212002 -0.287561 0.967166 -20.033176 0.964536 1.212838 0.000000 -0.000000 0.000000 -3.440387 0.788233 0.501655 -15.928172 -3.167306 2.999703 -6.338817 -0.000000 0.000001 -18.123419 3.648181 -4.905662 -0.000004 0.000000 -0.000002 7.665728 10.719744 9.579075 6.146368 -2.578162 -64.928802 -173.457672 73.216629 -174.429626 -10.998202 -17.265888 -27.541338 2.243540 -5.255033 -3.180156 14.282877 -0.826594 6.952496 -0.000000 -12.690593 -0.000001 15.772024 -17.386932 2.165865 1.665665 -1.955920 -2.878297 4.727794 -4.170584 4.993919 11.020511 0.000001 -0.000000 12.109032 -3.735715 -2.866778 0.000000 -0.000000 0.000000 1.291985 -1.928548 -1.498088 14.800115 0.567467 3.865604 14.242553 -1.341738 -6.660648 19.631935 0.143921 -0.648243 49.695042 -0.775144 -6.479496 0.353029 -1.511150 -0.031940 20.222769 3.684305 2.316629 18.787249 0.000001 -0.000001 10.751608 -0.479870 1.397903 0.000000 -0.000000 0.000000 3.273804 0.305947 -0.580110 21.486790 11.830364 2.266131 8.162915 0.000000 -0.000000 18.399052 -3.798986 -4.940567 0.000003 0.000000 -0.000001 4.536473 4.792462 -0.799422 -0.006157 -0.268493 22.482164 0.812245 -9.663277 -18.120216 1.653203 -1.896696 -1.505635 0.000000 -0.000000 0.000002 -6.042402 19.522278 -21.164005 -0.088217 0.854730 24.614624 17.672359 18.658396 -0.583684 -1.332862 1.185811 -2.817745 0.000000 -0.000000 -0.000001
0.000000 0.000000 0.000000 0.000000 -0.000000 0.000000 2.536985 -2.479337 -3.092523 -0.442702 -1.158337 -0.722761 -0.106318 -0.746268 1.895134 -0.589980 -0.867297 -4.407049 -3.554210 -4.227587 10.290458 8.457509 -2.154206 16.681513 -2.924045 -5.510354 -3.667137 -4.659442 -6.586988 -4.979402 0.000077 -0.000022 0.000006 0.056683 -0.199159 -0.010776 0.703960 -3.937119 -10.657016 -0.599318 3.554904 -10.629133 -21.197025 -10.931946 15.336814 -47.429951 -10.122644 18.338041 -0.814130 -43.585377 0.332656 -2.692493 -1.630928 14.895383 -5.882102 9.861279 0.702590 -10.936861 -0.360574 7.156197 0.000000 8.774815 -0.000000 -15.856146 18.385168 6.407756 -1.844031 2.498503 -2.507276 -10.163590 4.678941 4.621104 -20.975996 -0.000001 0.000001 -21.226254 2.451698 -3.593995 0.000000 -0.000006 -0.000000 -1.362681 2.240797 -0.746323 -21.334892 0.584910 3.008319 -13.821196 -0.000001 0.000001 -23.887129 -0.249075 -0.839485 -60.810596 2.925824 -0.826688 -0.294025 1.679686 0.833255 -14.218195 0.093215 1.300579 -34.212002 -0.287561 0.967166 -20.033176 0.964536 1.212838 0.000000 -0.000000 0.000000 -3.440387 0.788233 0.501655 -15.928172 -3.167306 2.999703 -6.338817 -0.000000 0.000001 -18.123419 3.648181 -4.905662 -0.000004 0.000000 -0.000002 9.427021 11.464524 10.402867 5.143164 -0.043807 -62.895641 -174.997696 73.635963 -175.927673 -13.325073 -19.470713 -27.171303 2.243540 -5.255033 -3.180156 14.282877 -0.826594 6.952496 -0.000000 -12.690593 -0.000001 15.657398 -17.272751 2.279412 1.665665 -1.955920 -2.878297 4.727794 -4.170584 4.993919 11.020511 0.000001 -0.000000 12.109032 -3.735715 -2.866778 0.000000 -0.000000 0.000000 1.291985 -1.928548 -1.498088 14.800115 0.567467 3.865604 14.242553 -1.341738 -6.660648 19.631935 0.143921 -0.648243 49.681278 -0.758265 -6.420352 0.353029 -1.511150 -0.031940 20.222769 3.684305 2.316629 18.787249 0.000001 -0.000001 10.751608 -0.479870 1.397903 0.000000 -0.000000 0.000000 3.273804 0.305947 -0.580110 21.486790 11.830364 2.266131 8.162915 0.000000 -0.000000 18.399052 -3.798986 -4.940567 0.000003 0.000000 -0.000001 4.536473 4.792462 -0.799422 -0.006157 -0.268493 22.482164 0.812245 -9.663277 -18.120216 1.653203 -1.896696 -1.505635 0.000000 -0.000000 0.000002 -6.042402 19.522278 -21.164005 -0.088217 0.854730 24.614624 17.672359 18.658396 -0.583684 -1.332862 1.185811 -2.817745 0.000000 -0.000000 -0.000001
0.000000 0.000000 0.000000 0.000000 -0.000000 0.000000 2.536985 -2.509931 -3.092523 -0.442702 -1.158337 -0.722761 -0.176743 -0.626347 1.725190 -0.617655 -0.569103 -4.440349 -3.379847 -3.746049 10.333448 7.589473 -1.549439 16.169807 -2.801203 -4.976756 -3.664261 -4.822781 -5.873231 -5.029304 0.000077 -0.000022 0.000006 0.049766 -0.189769 -0.005129 0.696088 -3.928525 -10.656582 -0.605107 3.565942 -10.625401 -21.301355 -9.886942 15.047310 -47.808712 -9.469191 18.866570 -0.707977 -44.888008 0.362383 -3.265975 -1.290023 15.193955 -5.882102 9.861279 0.702590 -10.936861 -0.360574 7.156197 0.000000 8.774815 -0.000000 -15.795334 18.340122 6.457644 -1.844031 2.498503 -2.507276 -10.163590 4.678941 4.621104 -20.975996 -0.000001 0.000001 -21.226254 2.451698 -3.593995 0.000000 -0.000006 -0.000000 -1.362681 2.240797 -0.746323 -21.334892 0.584910 3.008319 -13.821196 -0.000001 0.000001 -23.887129 -0.249075 -0.839485 -60.821892 2.921198 -0.742163 -0.294025 1.679686 0.833255 -14.218195 0.093215 1.300579 -34.212002 -0.287561 0.967166 -20.033176 0.964536 1.212838 0.000000 -0.000000 0.000000 -3.440387 0.788233 0.501655 -15.928172 -3.167306 2.999703 -6.338817 -0.000000 0.000001 -18.123419 3.648181 -4.905662 -0.000004 0.000000 -0.000002 11.211514 12.151537 11.290752 4.067880 1.858778 -60.661423 -176.158661 73.223427 -177.300232 -15.081925 -20.684753 -24.482334 2.243540 -5.255033 -3.180156 14.282877 -0.826594 6.952496 -0.000000 -12.690593 -0.000001 15.445290 -17.260418 2.422078 1.665665 -1.955920 -2.878297 4.727794 -4.170584 4.993919 11.020511 0.000001 -0.000000 12.109032 -3.735715 -2.866778 0.000000 -0.000000 0.000000 1.291985 -1.928548 -1.498088 14.800115 0.567467 3.865604 14.242553 -1.341738 -6.660648 19.631935 0.143921 -0.648243 49.623585 -0.716392 -6.410901 0.353029 -1.511150 -0.031940 20.222769 3.684305 2.316629 18.787249 0.000001 -0.000001 10.751608 -0.479870 1.397903 0.000000 -0.000000 0.000000 3.273804 0.305947 -0.580110 21.486790 11.830364 2.266131 8.162915 0.000000 -0.000000 18.399052 -3.798986 -4.940567 0.000003 0.000000 -0.000001 4.536473 4.792462 -0.799422 -0.006157 -0.268493 22.482164 0.812245 -9.663277 -18.120216 1.653203 -1.896696 -1.505635 0.000000 -0.000000 0.000002 -6.042402 19.522278 -21.164005 -0.088217 0.854730 24.614624 17.672359 18.658396 -0.583684 -1.332862 1.185811 -2.817745 0.000000 -0.000000 -0.000001
0.000000 0.000000 0.000000 0.000000 -0.000000 0.000000 2.536985 -2.532468 -3.092523 -0.442702 -1.158337 -0.722761 -0.239085 -0.537223 1.558182 -0.641378 -0.404407 -4.470573 -3.261844 -3.485319 10.401585 6.940103 -1.083861 15.414214 -2.674754 -4.633493 -3.669119 -4.998670 -5.229918 -5.234186 0.000077 -0.000022 0.000006 0.043170 -0.170260 -0.000773 0.686120 -3.907754 -10.653187 -0.607781 3.584232 -10.612768 -21.328356 -9.179908 14.899933 -48.109055 -8.910897 19.295240 -0.595168 -45.809647 0.381944 -3.843830 -0.990635 15.495640 -5.882102 9.861279 0.702590 -10.936861 -0.360574 7.156197 0.000000 8.774815 -0.000000 -15.716771 18.292759 6.511722 -1.844031 2.498503 -2.507276 -10.163590 4.678941 4.621104 -20.975996 -0.000001 0.000001 -21.226254 2.451698 -3.593995 0.000000 -0.000006 -0.000000 -1.362681 2.240797 -0.746323 -21.334892 0.584910 3.008319 -13.821196 -0.000001 0.000001 -23.887129 -0.249075 -0.839485 -60.781574 2.839367 -0.673829 -0.294025 1.679686 0.833255 -14.218195 0.093215 1.300579 -34.212002 -0.287561 0.967166 -20.033176 0.964536 1.212838 0.000000 -0.000000 0.000000 -3.440387 0.788233 0.501655 -15.928172 -3.167306 2.999703 -6.338817 -0.000000 0.000001 -18.123419 3.648181 -4.905662 -0.000004 0.000000 -0.000002 13.206027 12.292916 12.161589 2.918890 2.915033 -57.754536 -176.364426 71.868294 -177.703918 -15.849777 -21.121332 -19.533274 2.243540 -5.255033 -3.180156 14.282877 -0.826594 6.952496 -0.000000 -12.690593 -0.000001 15.150113 -17.376696 2.572208 1.665665 -1.955920 -2.878297 4.727794 -4.170584 4.993919 11.020511 0.000001 -0.000000 12.109032 -3.735715 -2.866778 0.000000 -0.000000 0.000000 1.291985 -1.928548 -1.498088 14.800115 0.567467 3.865604 14.242553 -1.341738 -6.660648 19.631935 0.143921 -0.648243 49.438797 -0.637330 -6.462954 0.353029 -1.511150 -0.031940 20.222769 3.684305 2.316629 18.787249 0.000001 -0.000001 10.751608 -0.479870 1.397903 0.000000 -0.000000 0.000000 3.273804 0.305947 -0.580110 21.486790 11.830364 2.266131 8.162915 0.000000 -0.000000 18.399052 -3.798986 -4.940567 0.000003 0.000000 -0.000001 4.536473 4.792462 -0.799422 -0.006157 -0.268493 22.482164 0.812245 -9.663277 -18.120216 1.653203 -1.896696 -1.505635 0.000000 -0.000000 0.000002 -6.042402 19.522278 -21.164005 -0.088217 0.854730 24.614624 17.672359 18.658396 -0.583684 -1.332862 1.185811 -2.817745 0.000000 -0.000000 -0.000001
0.000000 0.000000 0.000000 0.000000 -0.000000 0.000000 2.536985 -2.552030 -3.092523 -0.442702 -1.158337 -0.722761 -0.310556 -0.539005 1.400450 -0.678472 -0.462021 -4.497517 -3.222139 -3.621484 10.462754 6.778227 -0.864795 14.492621 -2.595857 -4.545235 -3.684496 -5.328027 -4.764012 -5.422328 0.000077 -0.000022 0.000006 0.038234 -0.145730 0.007341 0.679193 -3.875950 -10.640932 -0.609853 3.600356 -10.582200 -21.230761 -9.044049 14.987784 -48.313519 -8.701987 19.921381 -0.424431 -45.867130 0.313767 -4.434491 -0.796205 15.955029 -5.882102 9.861279 0.702590 -10.936861 -0.360574 7.156197 0.000000 8.774815 -0.000000 -15.664411 18.280729 6.562324 -1.844031 2.498503 -2.507276 -10.163590 4.678941 4.621104 -20.975996 -0.000001 0.000001 -21.226254 2.451698 -3.593995 0.000000 -0.000006 -0.000000 -1.362681 2.240797 -0.746323 -21.334892 0.584910 3.008319 -13.821196 -0.000001 0.000001 -23.887129 -0.249075 -0.839485 -60.790863 2.745351 -0.622935 -0.294025 1.679686 0.833255 -14.218195 0.093215 1.300579 -34.212002 -0.287561 0.967166 -20.033176 0.964536 1.212838 0.000000 -0.000000 0.000000 -3.440387 0.788233 0.501655 -15.928172 -3.167306 2.999703 -6.338817 -0.000000 0.000001 -18.123419 3.648181 -4.905662 -0.000004 0.000000 -0.000002 15.490155 11.589336 12.872080 1.657846 3.052701 -54.426460 -176.759216 69.752106 -178.125259 -15.327106 -21.426397 -12.921124 2.243540 -5.255033 -3.180156 14.282877 -0.826594 6.952496 -0.000000 -12.690593 -0.000001 14.988570 -17.562300 2.633063 1.665665 -1.955920 -2.878297 4.727794 -4.170584 4.993919 11.020511 0.000001 -0.000000 12.109032 -3.735715 -2.866778 0.000000 -0.000000 0.000000 1.291985 -1.928548 -1.498088 14.800115 0.567467 3.865604 14.242553 -1.341738 -6.660648 19.631935 0.143921 -0.648243 49.075886 -0.547526 -6.595185 0.353029 -1.511150 -0.031940 20.222769 3.684305 2.316629 18.787249 0.000001 -0.000001 10.751608 -0.479870 1.397903 0.000000 -0.000000 0.000000 3.273804 0.305947 -0.580110 21.486790 11.830364 2.266131 8.162915 0.000000 -0.000000 18.399052 -3.798986 -4.940567 0.000003 0.000000 -0.000001 4.536473 4.792462 -0.799422 -0.006157 -0.268493 22.482164 0.812245 -9.663277 -18.120216 1.653203 -1.896696 -1.505635 0.000000 -0.000000 0.000002 -6.042402 19.522278 -21.164005 -0.088217 0.854730 24.614624 17.672359 18.658396 -0.583684 -1.332862 1.185811 -2.817745 0.000000 -0.000000 -0.000001
0.000000 0.000000 0.000000 0.000000 -0.000000 0.000000 2.536985 -2.574468 -3.092523 -0.442702 -1.158337 -0.722761 -0.388380 -0.606673 1.251297 -0.717886 -0.801622 -4.532693 -3.218600 -4.023601 10.555783 6.995031 -0.856304 13.436556 -2.559399 -4.730114 -3.709591 -5.772827 -4.513129 -5.533442 0.000077 -0.000022 0.000006 0.031294 -0.128189 0.024250 0.679243 -3.843995 -10.617412 -0.623136 3.601566 -10.541558 -20.995911 -9.510797 15.224186 -48.381351 -8.965014 21.010765 -0.248997 -44.849869 0.260655 -4.881467 -0.797709 16.686352 -5.882102 9.861279 0.702590 -10.936861 -0.360574 7.156197 0.000000 8.774815 -0.000000 -15.621191 18.294491 6.614804 -1.844031 2.498503 -2.507276 -10.163590 4.678941 4.621104 -20.975996 -0.000001 0.000001 -21.226254 2.451698 -3.593995 0.000000 -0.000006 -0.000000 -1.362681 2.240797 -0.746323 -21.334892 0.584910 3.008319 -13.821196 -0.000001 0.000001 -23.887129 -0.249075 -0.839485 -60.822037 2.660548 -0.578951 -0.294025 1.679686 0.833255 -14.218195 0.093215 1.300579 -34.212002 -0.287561 0.967166 -20.033176 0.964536 1.212838 0.000000 -0.000000 0.000000 -3.440387 0.788233 0.501655 -15.928172 -3.167306 2.999703 -6.338817 -0.000000 0.000001 -18.123419 3.648181 -4.905662 -0.000004 0.000000 -0.000002 18.032190 10.045771 13.271226 0.240532 2.316629 -50.801609 -177.292206 67.277367 -178.466415 -13.376604 -21.989058 -5.431164 2.243540 -5.255033 -3.180156 14.282877 -0.826594 6.952496 -0.000000 -12.690593 -0.000001 14.955883 -17.678129 2.579642 1.665665 -1.955920 -2.878297 4.727794 -4.170584 4.993919 11.020511 0.000001 -0.000000 12.109032 -3.735715 -2.866778 0.000000 -0.000000 0.000000 1.291985 -1.928548 -1.498088 14.800115 0.567467 3.865604 14.242553 -1.341738 -6.660648 19.631935 0.143921 -0.648243 48.602245 -0.424850 -6.774882 0.353029 -1.511150 -0.031940 20.222769 3.684305 2.316629 18.787249 0.000001 -0.000001 10.751608 -0.479870 1.397903 0.000000 -0.000000 0.000000 3.273804 0.305947 -0.580110 21.486790 11.830364 2.266131 8.162915 0.000000 -0.000000 18.399052 -3.798986 -4.940567 0.000003 0.000000 -0.000001 4.536473 4.792462 -0.799422 -0.006157 -0.268493 22.482164 0.812245 -9.663277 -18.120216 1.653203 -1.896696 -1.505635 0.000000 -0.000000 0.000002 -6.042402 19.522278 -21.164005 -0.088217 0.854730 24.614624 17.672359 18.658396 -0.583684 -1.332862 1.185811 -2.817745 0.000000 -0.000000 -0.000001
0.000000 0.000000 0.000000 0.000000 -0.000000 0.000000 2.536985 -2.600698 -3.092523 -0.442702 -1.158337 -0.722761 -0.473084 -0.708890 1.112538 -0.754632 -1.179018 -4.569013 -3.218449 -4.406106 10.712719 7.284485 -0.885465 12.240214 -2.596469 -5.001244 -3.738303 -6.134749 -4.427673 -5.586119 0.000077 -0.000022 0.000006 0.022285 -0.118379 0.036596 0.685670 -3.820034 -10.596539 -0.647171 3.596624 -10.512892 -20.682020 -10.260985 15.392920 -48.373135 -9.445453 22.134373 -0.282977 -42.932880 0.314533 -5.209210 -1.011152 17.726435 -5.882102 9.861279 0.702590 -10.936861 -0.360574 7.156197 0.000000 8.774815 -0.000000 -15.636716 18.287891 6.578212 -1.844031 2.498503 -2.507276 -10.163590 4.678941 4.621104 -20.975996 -0.000001 0.000001 -21.226254 2.451698 -3.593995 0.000000 -0.000006 -0.000000 -1.362681 2.240797 -0.746323 -21.334892 0.584910 3.008319 -13.821196 -0.000001 0.000001 -23.887129 -0.249075 -0.839485 -60.859070 2.560410 -0.585009 -0.294025 1.679686 0.833255 -14.218195 0.093215 1.300579 -34.212002 -0.287561 0.967166 -20.033176 0.964536 1.212838 0.000000 -0.000000 0.000000 -3.440387 0.788233 0.501655 -15.928172 -3.167306 2.999703 -6.338817 -0.000000 0.000001 -18.123419 3.648181 -4.905662 -0.000004 0.000000 -0.000002 20.583464 8.181664 13.481622 -1.096178 1.150711 -46.801155 -177.571701 64.641655 -178.410187 -10.043867 -22.972963 2.002792 2.243540 -5.255033 -3.180156 14.282877 -0.826594 6.952496 -0.000000 -12.690593 -0.000001 15.018641 -17.721077 2.490264 1.665665 -1.955920 -2.878297 4.727794 -4.170584 4.993919 11.020511 0.000001 -0.000000 12.109032 -3.735715 -2.866778 0.000000 -0.000000 0.000000 1.291985 -1.928548 -1.498088 14.800115 0.567467 3.865604 14.242553 -1.341738 -6.660648 19.631935 0.143921 -0.648243 48.264561 -0.265735 -6.892835 0.353029 -1.511150 -0.031940 20.222769 3.684305 2.316629 18.787249 0.000001 -0.000001 10.751608 -0.479870 1.397903 0.000000 -0.000000 0.000000 3.273804 0.305947 -0.580110 21.486790 11.830364 2.266131 8.162915 0.000000 -0.000000 18.399052 -3.798986 -4.940567 0.000003 0.000000 -0.000001 4.536473 4.792462 -0.799422 -0.006157 -0.268493 22.482164 0.812245 -9.663277 -18.120216 1.653203 -1.896696 -1.505635 0.000000 -0.000000 0.000002 -6.042402 19.522278 -21.164005 -0.088217 0.854730 24.614624 17.672359 18.658396 -0.583684 -1.332862 1.185811 -2.817745 0.000000 -0.000000 -0.000001
0.000000 0.000000 0.000000 0.000000 -0.000000 0.000000 2.536985 -2.596754 -3.092523 -0.442702 -1.158337 -0.722761 -0.540416 -0.744034 1.054483 -0.779432 -1.297476 -4.585389 -3.186487 -4.587195 10.833035 7.331286 -0.714336 10.974560 -2.653307 -4.935235 -3.776541 -6.380083 -4.328574 -5.677657 0.000077 -0.000022 0.000006 0.010591 -0.072071 0.029953 0.691545 -3.761644 -10.585982 -0.675961 3.631029 -10.500550 -20.503059 -10.728368 15.460134 -48.362782 -9.709134 22.405083 -0.384830 -40.730019 0.289637 -5.523821 -1.166966 18.941896 -5.882102 9.861279 0.702590 -10.936861 -0.360574 7.156197 0.000000 8.774815 -0.000000 -15.736794 18.194946 6.415311 -1.844031 2.498503 -2.507276 -10.163590 4.678941 4.621104 -20.975996 -0.000001 0.000001 -21.226254 2.451698 -3.593995 0.000000 -0.000006 -0.000000 -1.362681 2.240797 -0.746323 -21.334892 0.584910 3.008319 -13.821196 -0.000001 0.000001 -23.887129 -0.249075 -0.839485 -60.843204 2.477770 -0.637847 -0.294025 1.679686 0.833255 -14.218195 0.093215 1.300579 -34.212002 -0.287561 0.967166 -20.033176 0.964536 1.212838 0.000000 -0.000000 0.000000 -3.440387 0.788233 0.501655 -15.928172 -3.167306 2.999703 -6.338817 -0.000000 0.000001 -18.123419 3.648181 -4.905662 -0.000004 0.000000 -0.000002 22.592533 6.902449 13.819150 -1.686975 0.065775 -42.234371 -177.130051 61.958744 -177.727325 -6.407174 -24.352800 8.475717 2.243540 -5.255033 -3.180156 14.282877 -0.826594 6.952496 -0.000000 -12.690593 -0.000001 15.103973 -17.832035 2.536135 1.665665 -1.955920 -2.878297 4.727794 -4.170584 4.993919 11.020511 0.000001 -0.000000 12.109032 -3.735715 -2.866778 0.000000 -0.000000 0.000000 1.291985 -1.928548 -1.498088 14.800115 0.567467 3.865604 14.242553 -1.341738 -6.660648 19.631935 0.143921 -0.648243 48.380623 -0.135242 -6.938248 0.353029 -1.511150 -0.031940 20.222769 3.684305 2.316629 18.787249 0.000001 -0.000001 10.751608 -0.479870 1.397903 0.000000 -0.000000 0.000000 3.273804 0.305947 -0.580110 21.486790 11.830364 2.266131 8.162915 0.000000 -0.000000 18.399052 -3.798986 -4.940567 0.000003 0.000000 -0.000001 4.536473 4.792462 -0.799422 -0.006157 -0.268493 22.482164 0.812245 -9.663277 -18.120216 1.653203 -1.896696 -1.505635 0.000000 -0.000000 0.000002 -6.042402 19.522278 -21.164005 -0.088217 0.854730 24.614624 17.672359 18.658396 -0.583684 -1.332862 1.185811 -2.817745 0.000000 -0.000000 -0.000001
0.000000 0.000000 0.000000 0.000000 -0.000000 0.000000 2.536985 -2.595640 -3.092523 -0.442702 -1.158337 -0.722761 -0.534901 -0.810948 0.945668 -0.806210 -1.368881 -4.579237 -3.246434 -4.697114 10.921236 7.390408 -0.411675 9.741892 -2.710109 -4.924975 -3.850685 -6.603427 -4.025805 -5.927176 0.000077 -0.000022 0.000006 0.016833 -0.069502 0.044759 0.709145 -3.748908 -10.553369 -0.680620 3.623587 -10.452793 -20.216408 -10.944516 15.211843 -48.432667 -9.488594 21.874447 -0.570113 -38.494778 0.382641 -5.467271 -1.428467 20.142088 -5.882102 9.861279 0.702590 -10.936861 -0.360574 7.156197 0.000000 8.774815 -0.000000 -15.894336 18.150566 6.326459 -1.844031 2.498503 -2.507276 -10.163590 4.678941 4.621104 -20.975996 -0.000001 0.000001 -21.226254 2.451698 -3.593995 0.000000 -0.000006 -0.000000 -1.362681 2.240797 -0.746323 -21.334892 0.584910 3.008319 -13.821196 -0.000001 0.000001 -23.887129 -0.249075 -0.839485 -60.857941 2.485887 -0.595825 -0.294025 1.679686 0.833255 -14.218195 0.093215 1.300579 -34.212002 -0.287561 0.967166 -20.033176 0.964536 1.212838 0.000000 -0.000000 0.000000 -3.440387 0.788233 0.501655 -15.928172 -3.167306 2.999703 -6.338817 -0.000000 0.000001 -18.123419 3.648181 -4.905662 -0.000004 0.000000 -0.000002 23.878147 5.997445 13.914330 -1.401884 -0.715842 -37.897396 -177.738129 59.232460 -177.734390 -2.317302 -25.835707 13.727427 2.243540 -5.255033 -3.180156 14.282877 -0.826594 6.952496 -0.000000 -12.690593 -0.000001 15.561769 -17.911926 2.498369 1.665665 -1.955920 -2.878297 4.727794 -4.170584 4.993919 11.020511 0.000001 -0.000000 12.109032 -3.735715 -2.866778 0.000000 -0.000000 0.000000 1.291985 -1.928548 -1.498088 14.800115 0.567467 3.865604 14.242553 -1.341738 -6.660648 19.631935 0.143921 -0.648243 49.018562 -0.049300 -6.985948 0.353029 -1.511150 -0.031940 20.222769 3.684305 2.316629 18.787249 0.000001 -0.000001 10.751608 -0.479870 1.397903 0.000000 -0.000000 0.000000 3.273804 0.305947 -0.580110 21.486790 11.830364 2.266131 8.162915 0.000000 -0.000000 18.399052 -3.798986 -4.940567 0.000003 0.000000 -0.000001 4.536473 4.792462 -0.799422 -0.006157 -0.268493 22.482164 0.812245 -9.663277 -18.120216 1.653203 -1.896696 -1.505635 0.000000 -0.000000 0.000002 -6.042402 19.522278 -21.164005 -0.088217 0.854730 24.614624 17.672359 18.658396 -0.583684 -1.332862 1.185811 -2.817745 0.000000 -0.000000 -0.000001
0.000000 0.000000 0.000000 0.000000 -0.000000 0.000000 2.536985 -2.557325 -3.092523 -0.442702 -1.158337 -0.722761 -0.333869 -0.674951 0.938890 -0.780881 -0.891102 -4.589595 -3.158557 -4.152547 11.018937 6.388568 0.282966 8.774593 -2.549353 -4.298166 -3.847061 -6.322356 -3.410543 -6.678677 0.000077 -0.000022 0.000006 0.013337 -0.052302 0.026627 0.722093 -3.735800 -10.599146 -0.700318 3.646489 -10.502458 -20.552002 -10.055938 14.913935 -48.400036 -8.516049 19.639000 -0.366915 -36.822281 0.149981 -4.692696 -1.743372 20.385130 -5.882102 9.861279 0.702590 -10.936861 -0.360574 7.156197 0.000000 8.774815 -0.000000 -16.024849 17.940002 6.215701 -1.844031 2.498503 -2.507276 -10.163590 4.678941 4.621104 -20.975996 -0.000001 0.000001 -21.226254 2.451698 -3.593995 0.000000 -0.000006 -0.000000 -1.362681 2.240797 -0.746323 -21.334892 0.584910 3.008319 -13.821196 -0.000001 0.000001 -23.887129 -0.249075 -0.839485 -60.838478 2.400708 -0.596021 -0.294025 1.679686 0.833255 -14.218195 0.093215 1.300579 -34.212002 -0.287561 0.967166 -20.033176 0.964536 1.212838 0.000000 -0.000000 0.000000 -3.440387 0.788233 0.501655 -15.928172 -3.167306 2.999703 -6.338817 -0.000000 0.000001 -18.123419 3.648181 -4.905662 -0.000004 0.000000 -0.000002 23.843925 6.986053 14.420251 -0.143664 -0.283754 -33.136105 -177.600830 56.852615 -177.483734 0.286095 -26.570997 16.951689 2.243540 -5.255033 -3.180156 14.282877 -0.826594 6.952496 -0.000000 -12.690593 -0.000001 16.075016 -18.097521 2.498639 1.665665 -1.955920 -2.878297 4.727794 -4.170584 4.993919 11.020511 0.000001 -0.000000 12.109032 -3.735715 -2.866778 0.000000 -0.000000 0.000000 1.291985 -1.928548 -1.498088 14.800115 0.567467 3.865604 14.242553 -1.341738 -6.660648 19.631935 0.143921 -0.648243 50.014759 -0.187279 -6.910662 0.353029 -1.511150 -0.031940 20.222769 3.684305 2.316629 18.787249 0.000001 -0.000001 10.751608 -0.479870 1.397903 0.000000 -0.000000 0.000000 3.273804 0.305947 -0.580110 21.486790 11.830364 2.266131 8.162915 0.000000 -0.000000 18.399052 -3.798986 -4.940567 0.000003 0.000000 -0.000001 4.536473 4.792462 -0.799422 -0.006157 -0.268493 22.482164 0.812245 -9.663277 -18.120216 1.653203 -1.896696 -1.505635 0.000000 -0.000000 0.000002 -6.042402 19.522278 -21.164005 -0.088217 0.854730 24.614624 17.672359 18.658396 -0.583684 -1.332862 1.185811 -2.817745 0.000000 -0.000000 -0.000001
0.000000 0.000000 0.000000 0.000000 -0.000000 0.000000 2.536985 -2.545469 -3.092523 -0.442702 -1.158337 -0.722761 -0.145665 -0.553821 0.941969 -0.737425 -0.402386 -4.579183 -3.038320 -3.558150 11.041768 5.339571 0.886827 7.914506 -2.288407 -3.453263 -3.840206 -5.980925 -2.524655 -7.434589 0.000077 -0.000022 0.000006 0.014878 -0.056770 0.039090 0.727976 -3.740691 -10.599303 -0.702854 3.643023 -10.501554 -20.946699 -8.984076 14.471764 -48.486141 -7.129779 16.771875 -0.191839 -35.151489 0.019285 -3.565444 -2.246439 20.106194 -5.882102 9.861279 0.702590 -10.936861 -0.360574 7.156197 0.000000 8.774815 -0.000000 -16.041178 17.886648 6.215286 -1.844031 2.498503 -2.507276 -10.163590 4.678941 4.621104 -20.975996 -0.000001 0.000001 -21.226254 2.451698 -3.593995 0.000000 -0.000006 -0.000000 -1.362681 2.240797 -0.746323 -21.334892 0.584910 3.008319 -13.821196 -0.000001 0.000001 -23.887129 -0.249075 -0.839485 -60.766861 2.378108 -0.617189 -0.294025 1.679686 0.833255 -14.218195 0.093215 1.300579 -34.212002 -0.287561 0.967166 -20.033176 0.964536 1.212838 0.000000 -0.000000 0.000000 -3.440387 0.788233 0.501655 -15.928172 -3.167306 2.999703 -6.338817 -0.000000 0.000001 -18.123419 3.648181 -4.905662 -0.000004 0.000000 -0.000002 23.262383 8.333550 14.945405 1.484855 0.853812 -28.754759 -178.500031 54.467312 -178.265610 3.557241 -25.762342 17.503881 2.243540 -5.255033 -3.180156 14.282877 -0.826594 6.952496 -0.000000 -12.690593 -0.000001 16.849703 -18.149286 2.257173 1.665665 -1.955920 -2.878297 4.727794 -4.170584 4.993919 11.020511 0.000001 -0.000000 12.109032 -3.735715 -2.866778 0.000000 -0.000000 0.000000 1.291985 -1.928548 -1.498088 14.800115 0.567467 3.865604 14.242553 -1.341738 -6.660648 19.631935 0.143921 -0.648243 51.055191 -0.344601 -6.814394 0.353029 -1.511150 -0.031940 20.222769 3.684305 2.316629 18.787249 0.000001 -0.000001 10.751608 -0.479870 1.397903 0.000000 -0.000000 0.000000 3.273804 0.305947 -0.580110 21.486790 11.830364 2.266131 8.162915 0.000000 -0.000000 18.399052 -3.798986 -4.940567 0.000003 0.000000 -0.000001 4.536473 4.792462 -0.799422 -0.006157 -0.268493 22.482164 0.812245 -9.663277 -18.120216 1.653203 -1.896696 -1.505635 0.000000 -0.000000 0.000002 -6.042402 19.522278 -21.164005 -0.088217 0.854730 24.614624 17.672359 18.658396 -0.583684 -1.332862 1.185811 -2.817745 0.000000 -0.000000 -0.000001
0.000000 0.000000 0.000000 0.000000 -0.000000 0.000000 2.536985 -2.534322 -3.092523 -0.442702 -1.158337 -0.722761 0.059179 -0.421931 1.011526 -0.689325 0.144449 -4.567901 -2.859734 -2.850032 11.042809 4.187097 1.391419 7.063141 -1.985953 -2.464431 -3.800810 -5.333602 -1.770040 -8.269650 0.000077 -0.000022 0.000006 0.013728 -0.064885 0.053282 0.733001 -3.754162 -10.602499 -0.709735 3.641584 -10.514343 -21.395611 -7.866983 14.088528 -48.583160 -5.820723 13.785050 -0.179507 -33.588650 -0.060695 -2.477703 -2.708132 19.360313 -5.882102 9.861279 0.702590 -10.936861 -0.360574 7.156197 0.000000 8.774815 -0.000000 -16.014141 17.797152 6.243723 -1.844031 2.498503 -2.507276 -10.163590 4.678941 4.621104 -20.975996 -0.000001 0.000001 -21.226254 2.451698 -3.593995 0.000000 -0.000006 -0.000000 -1.362681 2.240797 -0.746323 -21.334892 0.584910 3.008319 -13.821196 -0.000001 0.000001 -23.887129 -0.249075 -0.839485 -60.635250 2.382598 -0.644399 -0.294025 1.679686 0.833255 -14.218195 0.093215 1.300579 -34.212002 -0.287561 0.967166 -20.033176 0.964536 1.212838 0.000000 -0.000000 0.000000 -3.440387 0.788233 0.501655 -15.928172 -3.167306 2.999703 -6.338817 -0.000000 0.000001 -18.123419 3.648181 -4.905662 -0.000004 0.000000 -0.000002 22.420128 10.015782 15.531772 2.970537 2.415840 -24.052059 -178.946350 52.399967 -178.781860 7.848053 -23.227146 15.286781 2.243540 -5.255033 -3.180156 14.282877 -0.826594 6.952496 -0.000000 -12.690593 -0.000001 17.696152 -18.184658 1.872674 1.665665 -1.955920 -2.878297 4.727794 -4.170584 4.993919 11.020511 0.000001 -0.000000 12.109032 -3.735715 -2.866778 0.000000 -0.000000 0.000000 1.291985 -1.928548 -1.498088 14.800115 0.567467 3.865604 14.242553 -1.341738 -6.660648 19.631935 0.143921 -0.648243 51.969177 -0.514144 -6.740720 0.353029 -1.511150 -0.031940 20.222769 3.684305 2.316629 18.787249 0.000001 -0.000001 10.751608 -0.479870 1.397903 0.000000 -0.000000 0.000000 3.273804 0.305947 -0.580110 21.486790 11.830364 2.266131 8.162915 0.000000 -0.000000 18.399052 -3.798986 -4.940567 0.000003 0.000000 -0.000001 4.536473 4.792462 -0.799422 -0.006157 -0.268493 22.482164 0.812245 -9.663277 -18.120216 1.653203 -1.896696 -1.505635 0.000000 -0.000000 0.000002 -6.042402 19.522278 -21.164005 -0.088217 0.854730 24.614624 17.672359 18.658396 -0.583684 -1.332862 1.185811 -2.817745 0.000000 -0.000000 -0.000001
0.000000 0.000000 0.000000 0.000000 -0.000000 0.000000 2.536985 -2.519697 -3.092523 -0.442702 -1.158337 -0.722761 0.196977 -0.326322 1.085244 -0.651576 0.599606 -4.542874 -2.720600 -2.317136 11.014997 3.334323 1.681330 6.309902 -1.727997 -1.626348 -3.773422 -4.608419 -1.210633 -9.006354 0.000077 -0.000022 0.000006 0.013096 -0.062032 0.062666 0.739520 -3.755747 -10.607856 -0.716557 3.649901 -10.525094 -21.682730 -7.114248 13.886531 -48.702820 -4.870111 11.599287 -0.200904 -32.088280 -0.096367 -1.811474 -2.885700 18.424093 -5.882102 9.861279 0.702590 -10.936861 -0.360574 7.156197 0.000000 8.774815 -0.000000 -15.984335 17.709402 6.261433 -1.844031 2.498503 -2.507276 -10.163590 4.678941 4.621104 -20.975996 -0.000001 0.000001 -21.226254 2.451698 -3.593995 0.000000 -0.000006 -0.000000 -1.362681 2.240797 -0.746323 -21.334892 0.584910 3.008319 -13.821196 -0.000001 0.000001 -23.887129 -0.249075 -0.839485 -60.485889 2.439668 -0.708850 -0.294025 1.679686 0.833255 -14.218195 0.093215 1.300579 -34.212002 -0.287561 0.967166 -20.033176 0.964536 1.212838 0.000000 -0.000000 0.000000 -3.440387 0.788233 0.501655 -15.928172 -3.167306 2.999703 -6.338817 -0.000000 0.000001 -18.123419 3.648181 -4.905662 -0.000004 0.000000 -0.000002 21.711050 11.463930 15.965096 4.208831 3.828363 -18.926222 -178.939270 50.677944 -178.984787 13.086903 -18.714916 10.684116 2.243540 -5.255033 -3.180156 14.282877 -0.826594 6.952496 -0.000000 -12.690593 -0.000001 18.452408 -18.267128 1.535035 1.665665 -1.955920 -2.878297 4.727794 -4.170584 4.993919 11.020511 0.000001 -0.000000 12.109032 -3.735715 -2.866778 0.000000 -0.000000 0.000000 1.291985 -1.928548 -1.498088 14.800115 0.567467 3.865604 14.242553 -1.341738 -6.660648 19.631935 0.143921 -0.648243 52.457542 -0.630972 -6.755484 0.353029 -1.511150 -0.031940 20.222769 3.684305 2.316629 18.787249 0.000001 -0.000001 10.751608 -0.479870 1.397903 0.000000 -0.000000 0.000000 3.273804 0.305947 -0.580110 21.486790 11.830364 2.266131 8.162915 0.000000 -0.000000 18.399052 -3.798986 -4.940567 0.000003 0.000000 -0.000001 4.536473 4.792462 -0.799422 -0.006157 -0.268493 22.482164 0.812245 -9.663277 -18.120216 1.653203 -1.896696 -1.505635 0.000000 -0.000000 0.000002 -6.042402 19.522278 -21.164005 -0.088217 0.854730 24.614624 17.672359 18.658396 -0.583684 -1.332862 1.185811 -2.817745 0.000000 -0.000000 -0.000001
0.000000 0.000000 0.000000 0.000000 -0.000000 0.000000 2.536985 -2.500722 -3.092523 -0.442702 -1.158337 -0.722761 0.275990 -0.290984 1.177120 -0.629280 0.837519 -4.498908 -2.646568 -2.118037 10.942009 2.951592 1.792902 5.650504 -1.542269 -1.148009 -3.759018 -3.939898 -0.854516 -9.616035 0.000077 -0.000022 0.000006 0.014241 -0.054057 0.072016 0.749885 -3.752164 -10.610760 -0.723294 3.662898 -10.531178 -21.576723 -6.854696 13.884886 -49.009811 -4.482700 10.510228 -0.254144 -30.643415 -0.098650 -1.655487 -2.806787 17.612516 -5.882102 9.861279 0.702590 -10.936861 -0.360574 7.156197 0.000000 8.774815 -0.000000 -15.963168 17.616726 6.251899 -1.844031 2.498503 -2.507276 -10.163590 4.678941 4.621104 -20.975996 -0.000001 0.000001 -21.226254 2.451698 -3.593995 0.000000 -0.000006 -0.000000 -1.362681 2.240797 -0.746323 -21.334892 0.584910 3.008319 -13.821196 -0.000001 0.000001 -23.887129 -0.249075 -0.839485 -60.402977 2.523292 -0.757131 -0.294025 1.679686 0.833255 -14.218195 0.093215 1.300579 -34.212002 -0.287561 0.967166 -20.033176 0.964536 1.212838 0.000000 -0.000000 0.000000 -3.440387 0.788233 0.501655 -15.928172 -3.167306 2.999703 -6.338817 -0.000000 0.000001 -18.123419 3.648181 -4.905662 -0.000004 0.000000 -0.000002 21.200941 12.411057 16.160549 5.245779 4.874269 -13.861931 -179.038422 49.229561 -179.268204 18.469679 -12.986888 5.155900 2.243540 -5.255033 -3.180156 14.282877 -0.826594 6.952496 -0.000000 -12.690593 -0.000001 19.033033 -18.473793 1.410202 1.665665 -1.955920 -2.878297 4.727794 -4.170584 4.993919 11.020511 0.000001 -0.000000 12.109032 -3.735715 -2.866778 0.000000 -0.000000 0.000000 1.291985 -1.928548 -1.498088 14.800115 0.567467 3.865604 14.242553 -1.341738 -6.660648 19.631935 0.143921 -0.648243 52.436569 -0.765057 -6.856440 0.353029 -1.511150 -0.031940 20.222769 3.684305 2.316629 18.787249 0.000001 -0.000001 10.751608 -0.479870 1.397903 0.000000 -0.000000 0.000000 3.273804 0.305947 -0.580110 21.486790 11.830364 2.266131 8.162915 0.000000 -0.000000 18.399052 -3.798986 -4.940567 0.000003 0.000000 -0.000001 4.536473 4.792462 -0.799422 -0.006157 -0.268493 22.482164 0.812245 -9.663277 -18.120216 1.653203 -1.896696 -1.505635 0.000000 -0.000000 0.000002 -6.042402 19.522278 -21.164005 -0.088217 0.854730 24.614624 17.672359 18.658396 -0.583684 -1.332862 1.185811 -2.817745 0.000000 -0.000000 -0.000001
0.000000 0.000000 0.000000 0.000000 -0.000000 0.000000 2.536985 -2.478155 -3.092523 -0.442702 -1.158337 -0.722761 0.326883 -0.325972 1.297460 -0.617060 0.856348 -4.469526 -2.618526 -2.229637 10.838186 3.024674 1.769750 5.097968 -1.443978 -1.056714 -3.744843 -3.277799 -0.724723 -10.098662 0.000077 -0.000022 0.000006 0.015603 -0.049858 0.078808 0.753189 -3.752912 -10.609304 -0.722342 3.672191 -10.536530 -21.096693 -7.103038 14.081435 -49.532791 -4.681346 10.185230 -0.375811 -29.214495 -0.060011 -1.861011 -2.564625 16.997932 -5.882102 9.861279 0.702590 -10.936861 -0.360574 7.156197 0.000000 8.774815 -0.000000 -15.956225 17.566528 6.186152 -1.844031 2.498503 -2.507276 -10.163590 4.678941 4.621104 -20.975996 -0.000001 0.000001 -21.226254 2.451698 -3.593995 0.000000 -0.000006 -0.000000 -1.362681 2.240797 -0.746323 -21.334892 0.584910 3.008319 -13.821196 -0.000001 0.000001 -23.887129 -0.249075 -0.839485 -60.393154 2.592189 -0.787189 -0.294025 1.679686 0.833255 -14.218195 0.093215 1.300579 -34.212002 -0.287561 0.967166 -20.033176 0.964536 1.212838 0.000000 -0.000000 0.000000 -3.440387 0.788233 0.501655 -15.928172 -3.167306 2.999703 -6.338817 -0.000000 0.000001 -18.123419 3.648181 -4.905662 -0.000004 0.000000 -0.000002 20.894361 12.721515 16.163706 6.225250 5.664097 -9.128208 -179.584305 47.927094 -179.677902 23.374569 -7.768215 -0.161597 2.243540 -5.255033 -3.180156 14.282877 -0.826594 6.952496 -0.000000 -12.690593 -0.000001 19.060280 -18.703238 1.586027 1.665665 -1.955920 -2.878297 4.727794 -4.170584 4.993919 11.020511 0.000001 -0.000000 12.109032 -3.735715 -2.866778 0.000000 -0.000000 0.000000 1.291985 -1.928548 -1.498088 14.800115 0.567467 3.865604 14.242553 -1.341738 -6.660648 19.631935 0.143921 -0.648243 51.816288 -0.901919 -6.919890 0.353029 -1.511150 -0.031940 20.222769 3.684305 2.316629 18.787249 0.000001 -0.000001 10.751608 -0.479870 1.397903 0.000000 -0.000000 0.000000 3.273804 0.305947 -0.580110 21.486790 11.830364 2.266131 8.162915 0.000000 -0.000000 18.399052 -3.798986 -4.940567 0.000003 0.000000 -0.000001 4.536473 4.792462 -0.799422 -0.006157 -0.268493 22.482164 0.812245 -9.663277 -18.120216 1.653203 -1.896696 -1.505635 0.000000 -0.000000 0.000002 -6.042402 19.522278 -21.164005 -0.088217 0.854730 24.614624 17.672359 18.658396 -0.583684 -1.332862 1.185811 -2.817745 0.000000 -0.000000 -0.000001
0.000000 0.000000 0.000000 0.000000 -0.000000 0.000000 2.536985 -2.459363 -3.092523 -0.442702 -1.158337 -0.722761 0.329480 -0.426794 1.423312 -0.614896 0.600242 -4.460430 -2.634223 -2.639930 10.737306 3.564040 1.581901 4.677276 -1.422448 -1.345886 -3.739600 -2.620371 -0.830648 -10.520638 0.000077 -0.000022 0.000006 0.014784 -0.048926 0.087906 0.747785 -3.757169 -10.611564 -0.717043 3.677683 -10.550405 -20.274580 -7.967669 14.397795 -50.235928 -5.322665 10.513657 -0.482452 -27.946459 0.002999 -2.275135 -2.263340 16.431019 -5.882102 9.861279 0.702590 -10.936861 -0.360574 7.156197 0.000000 8.774815 -0.000000 -15.987431 17.569496 6.069385 -1.844031 2.498503 -2.507276 -10.163590 4.678941 4.621104 -20.975996 -0.000001 0.000001 -21.226254 2.451698 -3.593995 0.000000 -0.000006 -0.000000 -1.362681 2.240797 -0.746323 -21.334892 0.584910 3.008319 -13.821196 -0.000001 0.000001 -23.887129 -0.249075 -0.839485 -60.400154 2.602405 -0.795396 -0.294025 1.679686 0.833255 -14.218195 0.093215 1.300579 -34.212002 -0.287561 0.967166 -20.033176 0.964536 1.212838 0.000000 -0.000000 0.000000 -3.440387 0.788233 0.501655 -15.928172 -3.167306 2.999703 -6.338817 -0.000000 0.000001 -18.123419 3.648181 -4.905662 -0.000004 0.000000 -0.000002 20.808687 12.240136 15.945891 7.366066 6.272722 -4.791121 179.785019 46.916946 -179.917191 27.537590 -4.254214 -5.135962 2.243540 -5.255033 -3.180156 14.282877 -0.826594 6.952496 -0.000000 -12.690593 -0.000001 18.565536 -18.805136 1.952066 1.665665 -1.955920 -2.878297 4.727794 -4.170584 4.993919 11.020511 0.000001 -0.000000 12.109032 -3.735715 -2.866778 0.000000 -0.000000 0.000000 1.291985 -1.928548 -1.498088 14.800115 0.567467 3.865604 14.242553 -1.341738 -6.660648 19.631935 0.143921 -0.648243 51.023857 -0.967008 -6.898685 0.353029 -1.511150 -0.031940 20.222769 3.684305 2.316629 18.787249 0.000001 -0.000001 10.751608 -0.479870 1.397903 0.000000 -0.000000 0.000000 3.273804 0.305947 -0.580110 21.486790 11.830364 2.266131 8.162915 0.000000 -0.000000 18.399052 -3.798986 -4.940567 0.000003 0.000000 -0.000001 4.536473 4.792462 -0.799422 -0.006157 -0.268493 22.482164 0.812245 -9.663277 -18.120216 1.653203 -1.896696 -1.505635 0.000000 -0.000000 0.000002 -6.042402 19.522278 -21.164005 -0.088217 0.854730 24.614624 17.672359 18.658396 -0.583684 -1.332862 1.185811 -2.817745 0.000000 -0.000000 -0.000001
0.000000 0.000000 0.000000 0.000000 -0.000000 0.000000 2.536985 -2.461286 -3.092523 -0.442702 -1.158337 -0.722761 0.245394 -0.569999 1.532999 -0.637326 0.125274 -4.454144 -2.670071 -3.216714 10.658894 4.608212 1.204396 4.310262 -1.466318 -1.883674 -3.754416 -1.991627 -1.231666 -10.901094 0.000077 -0.000022 0.000006 0.011719 -0.058909 0.094371 0.735071 -3.769745 -10.616903 -0.709037 3.669360 -10.570453 -19.191069 -9.352069 14.757184 -51.073254 -6.238764 11.182058 -0.554072 -26.999601 0.051945 -2.872860 -1.953922 15.837204 -5.882102 9.861279 0.702590 -10.936861 -0.360574 7.156197 0.000000 8.774815 -0.000000 -16.070063 17.585663 5.924735 -1.844031 2.498503 -2.507276 -10.163590 4.678941 4.621104 -20.975996 -0.000001 0.000001 -21.226254 2.451698 -3.593995 0.000000 -0.000006 -0.000000 -1.362681 2.240797 -0.746323 -21.334892 0.584910 3.008319 -13.821196 -0.000001 0.000001 -23.887129 -0.249075 -0.839485 -60.403755 2.551951 -0.776850 -0.294025 1.679686 0.833255 -14.218195 0.093215 1.300579 -34.212002 -0.287561 0.967166 -20.033176 0.964536 1.212838 0.000000 -0.000000 0.000000 -3.440387 0.788233 0.501655 -15.928172 -3.167306 2.999703 -6.338817 -0.000000 0.000001 -18.123419 3.648181 -4.905662 -0.000004 0.000000 -0.000002 20.991354 11.106253 15.531523 8.803284 6.801764 -0.900368 179.246216 46.343102 -179.960327 31.212507 -2.225608 -10.260262 2.243540 -5.255033 -3.180156 14.282877 -0.826594 6.952496 -0.000000 -12.690593 -0.000001 17.795191 -18.824675 2.313320 1.665665 -1.955920 -2.878297 4.727794 -4.170584 4.993919 11.020511 0.000001 -0.000000 12.109032 -3.735715 -2.866778 0.000000 -0.000000 0.000000 1.291985 -1.928548 -1.498088 14.800115 0.567467 3.865604 14.242553 -1.341738 -6.660648 19.631935 0.143921 -0.648243 50.360748 -0.960120 -6.845850 0.353029 -1.511150 -0.031940 20.222769 3.684305 2.316629 18.787249 0.000001 -0.000001 10.751608 -0.479870 1.397903 0.000000 -0.000000 0.000000 3.273804 0.305947 -0.580110 21.486790 11.830364 2.266131 8.162915 0.000000 -0.000000 18.399052 -3.798986 -4.940567 0.000003 0.000000 -0.000001 4.536473 4.792462 -0.799422 -0.006157 -0.268493 22.482164 0.812245 -9.663277 -18.120216 1.653203 -1.896696 -1.505635 0.000000 -0.000000 0.000002 -6.042402 19.522278 -21.164005 -0.088217 0.854730 24.614624 17.672359 18.658396 -0.583684 -1.332862 1.185811 -2.817745 0.000000 -0.000000 -0.000001
0.000000 0.000000 0.000000 0.000000 -0.000000 0.000000 2.536985 -2.476301 -3.092523 -0.442702 -1.158337 -0.722761 0.052770 -0.652046 1.625320 -0.677907 -0.398880 -4.433275 -2.721062 -3.715524 10.603940 6.022909 0.709549 3.920938 -1.525810 -2.327791 -3.811220 -1.591076 -1.852265 -11.080768 0.000077 -0.000022 0.000006 0.013171 -0.019455 0.091931 0.708779 -3.722353 -10.589005 -0.679060 3.699408 -10.554885 -18.248730 -10.864599 15.189261 -51.761925 -7.243902 11.991404 -0.378607 -26.720127 -0.042014 -3.726514 -1.653618 15.378586 -5.882102 9.861279 0.702590 -10.936861 -0.360574 7.156197 0.000000 8.774815 -0.000000 -16.199093 17.592970 5.807797 -1.844031 2.498503 -2.507276 -10.163590 4.678941 4.621104 -20.975996 -0.000001 0.000001 -21.226254 2.451698 -3.593995 0.000000 -0.000006 -0.000000 -1.362681 2.240797 -0.746323 -21.334892 0.584910 3.008319 -13.821196 -0.000001 0.000001 -23.887129 -0.249075 -0.839485 -60.386620 2.441401 -0.750478 -0.294025 1.679686 0.833255 -14.218195 0.093215 1.300579 -34.212002 -0.287561 0.967166 -20.033176 0.964536 1.212838 0.000000 -0.000000 0.000000 -3.440387 0.788233 0.501655 -15.928172 -3.167306 2.999703 -6.338817 -0.000000 0.000001 -18.123419 3.648181 -4.905662 -0.000004 0.000000 -0.000002 21.537714 9.804996 15.020931 10.512080 7.295713 2.551313 179.044357 46.260189 -179.826706 34.311836 -1.451625 -14.951900 2.243540 -5.255033 -3.180156 14.282877 -0.826594 6.952496 -0.000000 -12.690593 -0.000001 17.116541 -18.798573 2.484093 1.665665 -1.955920 -2.878297 4.727794 -4.170584 4.993919 11.020511 0.000001 -0.000000 12.109032 -3.735715 -2.866778 0.000000 -0.000000 0.000000 1.291985 -1.928548 -1.498088 14.800115 0.567467 3.865604 14.242553 -1.341738 -6.660648 19.631935 0.143921 -0.648243 49.992363 -0.931152 -6.765070 0.353029 -1.511150 -0.031940 20.222769 3.684305 2.316629 18.787249 0.000001 -0.000001 10.751608 -0.479870 1.397903 0.000000 -0.000000 0.000000 3.273804 0.305947 -0.580110 21.486790 11.830364 2.266131 8.162915 0.000000 -0.000000 18.399052 -3.798986 -4.940567 0.000003 0.000000 -0.000001 4.536473 4.792462 -0.799422 -0.006157 -0.268493 22.482164 0.812245 -9.663277 -18.120216 1.653203 -1.896696 -1.505635 0.000000 -0.000000 0.000002 -6.042402 19.522278 -21.164005 -0.088217 0.854730 24.614624 17.672359 18.658396 -0.583684 -1.332862 1.185811 -2.817745 0.000000 -0.000000 -0.000001
0.000000 0.000000 0.000000 0.000000 -0.000000 0.000000 2.536985 -2.510038 -3.092523 -0.442702 -1.158337 -0.722761 -0.057882 -0.706608 1.560259 -0.753539 -0.879013 -4.399286 -2.856623 -3.872449 10.637307 7.501479 0.293231 3.426178 -1.633067 -2.711868 -3.832210 -1.451875 -2.195037 -11.001644 0.000077 -0.000022 0.000006 0.008743 -0.049593 0.141728 0.664132 -3.753591 -10.514805 -0.643850 3.668971 -10.467567 -17.553659 -11.989468 15.188116 -52.063953 -7.563559 12.626778 -0.243617 -27.388302 -0.067540 -4.315034 -1.581880 15.199865 -5.882102 9.861279 0.702590 -10.936861 -0.360574 7.156197 0.000000 8.774815 -0.000000 -16.103752 17.796659 5.925972 -1.844031 2.498503 -2.507276 -10.163590 4.678941 4.621104 -20.975996 -0.000001 0.000001 -21.226254 2.451698 -3.593995 0.000000 -0.000006 -0.000000 -1.362681 2.240797 -0.746323 -21.334892 0.584910 3.008319 -13.821196 -0.000001 0.000001 -23.887129 -0.249075 -0.839485 -60.350937 2.591646 -0.876164 -0.294025 1.679686 0.833255 -14.218195 0.093215 1.300579 -34.212002 -0.287561 0.967166 -20.033176 0.964536 1.212838 0.000000 -0.000000 0.000000 -3.440387 0.788233 0.501655 -15.928172 -3.167306 2.999703 -6.338817 -0.000000 0.000001 -18.123419 3.648181 -4.905662 -0.000004 0.000000 -0.000002 22.016157 8.833580 14.250783 12.648970 7.926917 4.777164 178.171387 46.386555 179.712433 35.676170 -1.534210 -18.483154 2.243540 -5.255033 -3.180156 14.282877 -0.826594 6.952496 -0.000000 -12.690593 -0.000001 16.706944 -18.570614 2.626042 1.665665 -1.955920 -2.878297 4.727794 -4.170584 4.993919 11.020511 0.000001 -0.000000 12.109032 -3.735715 -2.866778 0.000000 -0.000000 0.000000 1.291985 -1.928548 -1.498088 14.800115 0.567467 3.865604 14.242553 -1.341738 -6.660648 19.631935 0.143921 -0.648243 50.158047 -1.177596 -6.522593 0.353029 -1.511150 -0.031940 20.222769 3.684305 2.316629 18.787249 0.000001 -0.000001 10.751608 -0.479870 1.397903 0.000000 -0.000000 0.000000 3.273804 0.305947 -0.580110 21.486790 11.830364 2.266131 8.162915 0.000000 -0.000000 18.399052 -3.798986 -4.940567 0.000003 0.000000 -0.000001 4.536473 4.792462 -0.799422 -0.006157 -0.268493 22.482164 0.812245 -9.663277 -18.120216 1.653203 -1.896696 -1.505635 0.000000 -0.000000 0.000002 -6.042402 19.522278 -21.164005 -0.088217 0.854730 24.614624 17.672359 18.658396 -0.583684 -1.332862 1.185811 -2.817745 0.000000 -0.000000 -0.000001
0.000000 0.000000 0.000000 0.000000 -0.000000 0.000000 2.536985 -2.544561 -3.092523 -0.442702 -1.158337 -0.722761 0.172178 -0.486520 1.629744 -0.728894 0.129895 -4.350838 -2.598960 -2.877850 10.650531 6.656200 0.784845 3.213189 -1.512547 -1.936504 -3.794700 -0.674619 -1.939231 -11.204243 0.000077 -0.000022 0.000006 0.004029 -0.063357 0.111102 0.654125 -3.767848 -10.508432 -0.643732 3.658329 -10.465188 -18.206688 -10.406793 14.475757 -52.015766 -6.746374 11.744303 -0.168794 -28.957005 -0.153100 -4.429401 -1.693506 15.590716 -5.882102 9.861279 0.702590 -10.936861 -0.360574 7.156197 0.000000 8.774815 -0.000000 -16.075520 17.736027 6.041797 -1.844031 2.498503 -2.507276 -10.163590 4.678941 4.621104 -20.975996 -0.000001 0.000001 -21.226254 2.451698 -3.593995 0.000000 -0.000006 -0.000000 -1.362681 2.240797 -0.746323 -21.334892 0.584910 3.008319 -13.821196 -0.000001 0.000001 -23.887129 -0.249075 -0.839485 -60.524979 2.680765 -0.885291 -0.294025 1.679686 0.833255 -14.218195 0.093215 1.300579 -34.212002 -0.287561 0.967166 -20.033176 0.964536 1.212838 0.000000 -0.000000 0.000000 -3.440387 0.788233 0.501655 -15.928172 -3.167306 2.999703 -6.338817 -0.000000 0.000001 -18.123419 3.648181 -4.905662 -0.000004 0.000000 -0.000002 21.530884 11.238987 14.607121 14.772774 9.494019 7.721160 178.508972 47.566238 179.843933 36.834076 -2.550661 -20.244415 2.243540 -5.255033 -3.180156 14.282877 -0.826594 6.952496 -0.000000 -12.690593 -0.000001 16.638725 -18.563450 2.546541 1.665665 -1.955920 -2.878297 4.727794 -4.170584 4.993919 11.020511 0.000001 -0.000000 12.109032 -3.735715 -2.866778 0.000000 -0.000000 0.000000 1.291985 -1.928548 -1.498088 14.800115 0.567467 3.865604 14.242553 -1.341738 -6.660648 19.631935 0.143921 -0.648243 50.045040 -1.055819 -6.632713 0.353029 -1.511150 -0.031940 20.222769 3.684305 2.316629 18.787249 0.000001 -0.000001 10.751608 -0.479870 1.397903 0.000000 -0.000000 0.000000 3.273804 0.305947 -0.580110 21.486790 11.830364 2.266131 8.162915 0.000000 -0.000000 18.399052 -3.798986 -4.940567 0.000003 0.000000 -0.000001 4.536473 4.792462 -0.799422 -0.006157 -0.268493 22.482164 0.812245 -9.663277 -18.120216 1.653203 -1.896696 -1.505635 0.000000 -0.000000 0.000002 -6.042402 19.522278 -21.164005 -0.088217 0.854730 24.614624 17.672359 18.658396 -0.583684 -1.332862 1.185811 -2.817745 0.000000 -0.000000 -0.000001
0.000000 0.000000 0.000000 0.000000 -0.000000 0.000000 2.536985 -2.556715 -3.092523 -0.442702 -1.158337 -0.722761 0.307951 -0.139995 1.651105 -0.661637 1.308565 -4.318795 -2.279367 -1.687925 10.638049 5.083812 1.370148 2.930594 -1.179061 -0.709472 -3.723621 0.229645 -1.300831 -11.357236 0.000077 -0.000022 0.000006 0.004290 -0.083420 0.098303 0.659975 -3.788489 -10.495366 -0.649394 3.642184 -10.450185 -19.010643 -8.201997 13.640170 -52.019424 -5.522856 10.204268 -0.232124 -30.717707 -0.151990 -4.401031 -1.782441 15.804930 -5.882102 9.861279 0.702590 -10.936861 -0.360574 7.156197 0.000000 8.774815 -0.000000 -16.021820 17.750544 6.169134 -1.844031 2.498503 -2.507276 -10.163590 4.678941 4.621104 -20.975996 -0.000001 0.000001 -21.226254 2.451698 -3.593995 0.000000 -0.000006 -0.000000 -1.362681 2.240797 -0.746323 -21.334892 0.584910 3.008319 -13.821196 -0.000001 0.000001 -23.887129 -0.249075 -0.839485 -60.494091 2.671297 -0.783777 -0.294025 1.679686 0.833255 -14.218195 0.093215 1.300579 -34.212002 -0.287561 0.967166 -20.033176 0.964536 1.212838 0.000000 -0.000000 0.000000 -3.440387 0.788233 0.501655 -15.928172 -3.167306 2.999703 -6.338817 -0.000000 0.000001 -18.123419 3.648181 -4.905662 -0.000004 0.000000 -0.000002 20.632549 14.296138 15.407721 17.393942 11.390780 10.581377 178.839371 49.158875 -179.813980 37.951038 -3.516828 -21.279800 2.243540 -5.255033 -3.180156 14.282877 -0.826594 6.952496 -0.000000 -12.690593 -0.000001 16.559820 -18.531853 2.524316 1.665665 -1.955920 -2.878297 4.727794 -4.170584 4.993919 11.020511 0.000001 -0.000000 12.109032 -3.735715 -2.866778 0.000000 -0.000000 0.000000 1.291985 -1.928548 -1.498088 14.800115 0.567467 3.865604 14.242553 -1.341738 -6.660648 19.631935 0.143921 -0.648243 50.109207 -0.922103 -6.748866 0.353029 -1.511150 -0.031940 20.222769 3.684305 2.316629 18.787249 0.000001 -0.000001 10.751608 -0.479870 1.397903 0.000000 -0.000000 0.000000 3.273804 0.305947 -0.580110 21.486790 11.830364 2.266131 8.162915 0.000000 -0.000000 18.399052 -3.798986 -4.940567 0.000003 0.000000 -0.000001 4.536473 4.792462 -0.799422 -0.006157 -0.268493 22.482164 0.812245 -9.663277 -18.120216 1.653203 -1.896696 -1.505635 0.000000 -0.000000 0.000002 -6.042402 19.522278 -21.164005 -0.088217 0.854730 24.614624 17.672359 18.658396 -0.583684 -1.332862 1.185811 -2.817745 0.000000 -0.000000 -0.000001
0.000000 0.000000 0.000000 0.000000 -0.000000 0.000000 2.536985 -2.531095 -3.092523 -0.442702 -1.158337 -0.722761 0.323425 0.001086 1.597142 -0.627120 1.789072 -4.337214 -2.144103 -1.145749 10.605343 4.231248 1.552639 2.547734 -0.944109 -0.121171 -3.677155 0.732916 -0.979473 -11.518910 0.000077 -0.000022 0.000006 0.007960 -0.047987 0.085799 0.676012 -3.754061 -10.502135 -0.657886 3.680095 -10.458210 -19.177258 -7.123004 13.378423 -52.201145 -5.041674 9.572070 -0.274126 -31.626888 -0.147808 -4.329857 -1.907918 15.693907 -5.882102 9.861279 0.702590 -10.936861 -0.360574 7.156197 0.000000 8.774815 -0.000000 -16.016331 17.765383 6.178910 -1.844031 2.498503 -2.507276 -10.163590 4.678941 4.621104 -20.975996 -0.000001 0.000001 -21.226254 2.451698 -3.593995 0.000000 -0.000006 -0.000000 -1.362681 2.240797 -0.746323 -21.334892 0.584910 3.008319 -13.821196 -0.000001 0.000001 -23.887129 -0.249075 -0.839485 -60.366558 2.646252 -0.788105 -0.294025 1.679686 0.833255 -14.218195 0.093215 1.300579 -34.212002 -0.287561 0.967166 -20.033176 0.964536 1.212838 0.000000 -0.000000 0.000000 -3.440387 0.788233 0.501655 -15.928172 -3.167306 2.999703 -6.338817 -0.000000 0.000001 -18.123419 3.648181 -4.905662 -0.000004 0.000000 -0.000002 20.347675 15.551450 15.857306 19.306170 12.219559 12.708920 178.962524 49.998444 -179.720261 38.223427 -4.227537 -20.997890 2.243540 -5.255033 -3.180156 14.282877 -0.826594 6.952496 -0.000000 -12.690593 -0.000001 16.345360 -18.472141 2.640067 1.665665 -1.955920 -2.878297 4.727794 -4.170584 4.993919 11.020511 0.000001 -0.000000 12.109032 -3.735715 -2.866778 0.000000 -0.000000 0.000000 1.291985 -1.928548 -1.498088 14.800115 0.567467 3.865604 14.242553 -1.341738 -6.660648 19.631935 0.143921 -0.648243 50.215298 -0.889502 -6.745355 0.353029 -1.511150 -0.031940 20.222769 3.684305 2.316629 18.787249 0.000001 -0.000001 10.751608 -0.479870 1.397903 0.000000 -0.000000 0.000000 3.273804 0.305947 -0.580110 21.486790 11.830364 2.266131 8.162915 0.000000 -0.000000 18.399052 -3.798986 -4.940567 0.000003 0.000000 -0.000001 4.536473 4.792462 -0.799422 -0.006157 -0.268493 22.482164 0.812245 -9.663277 -18.120216 1.653203 -1.896696 -1.505635 0.000000 -0.000000 0.000002 -6.042402 19.522278 -21.164005 -0.088217 0.854730 24.614624 17.672359 18.658396 -0.583684 -1.332862 1.185811 -2.817745 0.000000 -0.000000 -0.000001
0.000000 0.000000 0.000000 0.000000 -0.000000 0.000000 2.536985 -2.508352 -3.092523 -0.442702 -1.158337 -0.722761 0.324311 0.002669 1.539106 -0.623882 1.898352 -4.360544 -2.070298 -1.091573 10.546556 3.856672 1.585140 2.190765 -0.845576 -0.080195 -3.649685 0.984464 -0.992226 -11.638363 0.000077 -0.000022 0.000006 0.010305 -0.019938 0.074992 0.693069 -3.725448 -10.505151 -0.669756 3.707843 -10.466435 -19.000698 -6.817223 13.373742 -52.437622 -5.075795 9.630609 -0.258893 -32.031788 -0.162670 -4.209363 -2.090987 15.619243 -5.882102 9.861279 0.702590 -10.936861 -0.360574 7.156197 0.000000 8.774815 -0.000000 -15.983192 17.736265 6.128295 -1.844031 2.498503 -2.507276 -10.163590 4.678941 4.621104 -20.975996 -0.000001 0.000001 -21.226254 2.451698 -3.593995 0.000000 -0.000006 -0.000000 -1.362681 2.240797 -0.746323 -21.334892 0.584910 3.008319 -13.821196 -0.000001 0.000001 -23.887129 -0.249075 -0.839485 -60.255814 2.618321 -0.832142 -0.294025 1.679686 0.833255 -14.218195 0.093215 1.300579 -34.212002 -0.287561 0.967166 -20.033176 0.964536 1.212838 0.000000 -0.000000 0.000000 -3.440387 0.788233 0.501655 -15.928172 -3.167306 2.999703 -6.338817 -0.000000 0.000001 -18.123419 3.648181 -4.905662 -0.000004 0.000000 -0.000002 20.461472 15.599565 16.107065 20.656887 11.779305 13.820537 178.906494 50.132820 -179.901031 38.031979 -4.900525 -19.905413 2.243540 -5.255033 -3.180156 14.282877 -0.826594 6.952496 -0.000000 -12.690593 -0.000001 16.191179 -18.394258 2.711509 1.665665 -1.955920 -2.878297 4.727794 -4.170584 4.993919 11.020511 0.000001 -0.000000 12.109032 -3.735715 -2.866778 0.000000 -0.000000 0.000000 1.291985 -1.928548 -1.498088 14.800115 0.567467 3.865604 14.242553 -1.341738 -6.660648 19.631935 0.143921 -0.648243 50.130268 -0.866511 -6.717756 0.353029 -1.511150 -0.031940 20.222769 3.684305 2.316629 18.787249 0.000001 -0.000001 10.751608 -0.479870 1.397903 0.000000 -0.000000 0.000000 3.273804 0.305947 -0.580110 21.486790 11.830364 2.266131 8.162915 0.000000 -0.000000 18.399052 -3.798986 -4.940567 0.000003 0.000000 -0.000001 4.536473 4.792462 -0.799422 -0.006157 -0.268493 22.482164 0.812245 -9.663277 -18.120216 1.653203 -1.896696 -1.505635 0.000000 -0.000000 0.000002 -6.042402 19.522278 -21.164005 -0.088217 0.854730 24.614624 17.672359 18.658396 -0.583684 -1.332862 1.185811 -2.817745 0.000000 -0.000000 -0.000001
0.000000 0.000000 0.000000 0.000000 -0.000000 0.000000 2.536985 -2.493070 -3.092523 -0.442702 -1.158337 -0.722761 0.297264 -0.076637 1.503030 -0.645771 1.721750 -4.376431 -2.074044 -1.390574 10.441069 3.979702 1.520564 1.929210 -0.886944 -0.504823 -3.651201 1.053838 -1.260962 -11.582679 0.000077 -0.000022 0.000006 0.008779 -0.008762 0.070724 0.701873 -3.716045 -10.514457 -0.681023 3.720178 -10.485184 -18.637388 -7.112102 13.543086 -52.637234 -5.446492 9.965338 -0.335040 -32.029842 -0.122063 -4.055343 -2.321470 15.914884 -5.882102 9.861279 0.702590 -10.936861 -0.360574 7.156197 0.000000 8.774815 -0.000000 -15.858540 17.704485 6.121622 -1.844031 2.498503 -2.507276 -10.163590 4.678941 4.621104 -20.975996 -0.000001 0.000001 -21.226254 2.451698 -3.593995 0.000000 -0.000006 -0.000000 -1.362681 2.240797 -0.746323 -21.334892 0.584910 3.008319 -13.821196 -0.000001 0.000001 -23.887129 -0.249075 -0.839485 -60.180428 2.620989 -0.854479 -0.294025 1.679686 0.833255 -14.218195 0.093215 1.300579 -34.212002 -0.287561 0.967166 -20.033176 0.964536 1.212838 0.000000 -0.000000 0.000000 -3.440387 0.788233 0.501655 -15.928172 -3.167306 2.999703 -6.338817 -0.000000 0.000001 -18.123419 3.648181 -4.905662 -0.000004 0.000000 -0.000002 20.898142 14.735056 16.143768 21.701866 10.365615 14.227658 178.848694 49.974648 179.928543 37.946640 -5.629774 -18.060970 2.243540 -5.255033 -3.180156 14.282877 -0.826594 6.952496 -0.000000 -12.690593 -0.000001 16.110937 -18.332253 2.746343 1.665665 -1.955920 -2.878297 4.727794 -4.170584 4.993919 11.020511 0.000001 -0.000000 12.109032 -3.735715 -2.866778 0.000000 -0.000000 0.000000 1.291985 -1.928548 -1.498088 14.800115 0.567467 3.865604 14.242553 -1.341738 -6.660648 19.631935 0.143921 -0.648243 49.920097 -0.841575 -6.721826 0.353029 -1.511150 -0.031940 20.222769 3.684305 2.316629 18.787249 0.000001 -0.000001 10.751608 -0.479870 1.397903 0.000000 -0.000000 0.000000 3.273804 0.305947 -0.580110 21.486790 11.830364 2.266131 8.162915 0.000000 -0.000000 18.399052 -3.798986 -4.940567 0.000003 0.000000 -0.000001 4.536473 4.792462 -0.799422 -0.006157 -0.268493 22.482164 0.812245 -9.663277 -18.120216 1.653203 -1.896696 -1.505635 0.000000 -0.000000 0.000002 -6.042402 19.522278 -21.164005 -0.088217 0.854730 24.614624 17.672359 18.658396 -0.583684 -1.332862 1.185811 -2.817745 0.000000 -0.000000 -0.000001
0.000000 0.000000 0.000000 0.000000 -0.000000 0.000000 2.536985 -2.463109 -3.092523 -0.442702 -1.158337 -0.722761 0.222550 -0.226247 1.485114 -0.682025 1.288970 -4.385701 -2.163184 -1.999566 10.289481 4.567462 1.328184 1.844327 -1.055548 -1.281698 -3.680667 0.999048 -1.788563 -11.334710 0.000077 -0.000022 0.000006 0.004743 -0.014945 0.071109 0.708830 -3.724085 -10.529149 -0.695583 3.715118 -10.510410 -18.193743 -7.934092 13.830854 -52.751503 -6.012348 10.701207 -0.370992 -31.744705 -0.094878 -4.047897 -2.583745 16.612532 -5.882102 9.861279 0.702590 -10.936861 -0.360574 7.156197 0.000000 8.774815 -0.000000 -15.789871 17.702036 6.112674 -1.844031 2.498503 -2.507276 -10.163590 4.678941 4.621104 -20.975996 -0.000001 0.000001 -21.226254 2.451698 -3.593995 0.000000 -0.000006 -0.000000 -1.362681 2.240797 -0.746323 -21.334892 0.584910 3.008319 -13.821196 -0.000001 0.000001 -23.887129 -0.249075 -0.839485 -60.142323 2.571763 -0.849106 -0.294025 1.679686 0.833255 -14.218195 0.093215 1.300579 -34.212002 -0.287561 0.967166 -20.033176 0.964536 1.212838 0.000000 -0.000000 0.000000 -3.440387 0.788233 0.501655 -15.928172 -3.167306 2.999703 -6.338817 -0.000000 0.000001 -18.123419 3.648181 -4.905662 -0.000004 0.000000 -0.000002 21.687338 13.114739 15.973210 22.685137 8.102539 14.151648 178.913101 49.895672 179.916672 38.046482 -6.628279 -15.598414 2.243540 -5.255033 -3.180156 14.282877 -0.826594 6.952496 -0.000000 -12.690593 -0.000001 16.118879 -18.317831 2.726697 1.665665 -1.955920 -2.878297 4.727794 -4.170584 4.993919 11.020511 0.000001 -0.000000 12.109032 -3.735715 -2.866778 0.000000 -0.000000 0.000000 1.291985 -1.928548 -1.498088 14.800115 0.567467 3.865604 14.242553 -1.341738 -6.660648 19.631935 0.143921 -0.648243 49.723629 -0.782109 -6.750862 0.353029 -1.511150 -0.031940 20.222769 3.684305 2.316629 18.787249 0.000001 -0.000001 10.751608 -0.479870 1.397903 0.000000 -0.000000 0.000000 3.273804 0.305947 -0.580110 21.486790 11.830364 2.266131 8.162915 0.000000 -0.000000 18.399052 -3.798986 -4.940567 0.000003 0.000000 -0.000001 4.536473 4.792462 -0.799422 -0.006157 -0.268493 22.482164 0.812245 -9.663277 -18.120216 1.653203 -1.896696 -1.505635 0.000000 -0.000000 0.000002 -6.042402 19.522278 -21.164005 -0.088217 0.854730 24.614624 17.672359 18.658396 -0.583684 -1.332862 1.185811 -2.817745 0.000000 -0.000000 -0.000001
0.000000 0.000000 0.000000 0.000000 -0.000000 0.000000 2.536985 -2.438024 -3.092523 -0.442702 -1.158337 -0.722761 0.106386 -0.435317 1.436089 -0.740531 0.497000 -4.400863 -2.339770 -2.870503 10.143939 5.702624 0.903117 1.920325 -1.316410 -2.385110 -3.734828 0.694077 -2.646910 -10.917802 0.000077 -0.000022 0.000006 -0.002564 -0.046739 0.076480 0.719537 -3.758989 -10.557427 -0.720650 3.684865 -10.543458 -17.554790 -9.297187 14.241922 -52.859962 -6.766914 11.983976 -0.354091 -31.194817 -0.066704 -4.197794 -2.915286 17.531178 -5.882102 9.861279 0.702590 -10.936861 -0.360574 7.156197 0.000000 8.774815 -0.000000 -15.767676 17.758196 6.158051 -1.844031 2.498503 -2.507276 -10.163590 4.678941 4.621104 -20.975996 -0.000001 0.000001 -21.226254 2.451698 -3.593995 0.000000 -0.000006 -0.000000 -1.362681 2.240797 -0.746323 -21.334892 0.584910 3.008319 -13.821196 -0.000001 0.000001 -23.887129 -0.249075 -0.839485 -60.171154 2.538105 -0.824400 -0.294025 1.679686 0.833255 -14.218195 0.093215 1.300579 -34.212002 -0.287561 0.967166 -20.033176 0.964536 1.212838 0.000000 -0.000000 0.000000 -3.440387 0.788233 0.501655 -15.928172 -3.167306 2.999703 -6.338817 -0.000000 0.000001 -18.123419 3.648181 -4.905662 -0.000004 0.000000 -0.000002 22.803844 10.646956 15.519978 23.992792 4.800871 13.399574 179.039154 49.992821 179.982407 37.940613 -8.128161 -12.462131 2.243540 -5.255033 -3.180156 14.282877 -0.826594 6.952496 -0.000000 -12.690593 -0.000001 16.177143 -18.263186 2.678951 1.665665 -1.955920 -2.878297 4.727794 -4.170584 4.993919 11.020511 0.000001 -0.000000 12.109032 -3.735715 -2.866778 0.000000 -0.000000 0.000000 1.291985 -1.928548 -1.498088 14.800115 0.567467 3.865604 14.242553 -1.341738 -6.660648 19.631935 0.143921 -0.648243 49.532322 -0.769876 -6.722590 0.353029 -1.511150 -0.031940 20.222769 3.684305 2.316629 18.787249 0.000001 -0.000001 10.751608 -0.479870 1.397903 0.000000 -0.000000 0.000000 3.273804 0.305947 -0.580110 21.486790 11.830364 2.266131 8.162915 0.000000 -0.000000 18.399052 -3.798986 -4.940567 0.000003 0.000000 -0.000001 4.536473 4.792462 -0.799422 -0.006157 -0.268493 22.482164 0.812245 -9.663277 -18.120216 1.653203 -1.896696 -1.505635 0.000000 -0.000000 0.000002 -6.042402 19.522278 -21.164005 -0.088217 0.854730 24.614624 17.672359 18.658396 -0.583684 -1.332862 1.185811 -2.817745 0.000000 -0.000000 -0.000001
0.000000 0.000000 0.000000 0.000000 -0.000000 0.000000 2.536985 -2.435468 -3.092523 -0.442702 -1.158337 -0.722761 -0.021810 -0.622302 1.391503 -0.796567 -0.260668 -4.397935 -2.512218 -3.606956 10.053688 6.934365 0.368985 2.143668 -1.595998 -3.406095 -3.773291 0.319809 -3.584394 -10.312912 0.000077 -0.000022 0.000006 -0.009711 -0.079034 0.077435 0.733084 -3.795549 -10.588663 -0.748548 3.655466 -10.575254 -16.977314 -10.628347 14.530511 -52.963612 -7.371579 13.396861 -0.299037 -30.629759 -0.065551 -4.527854 -3.116527 18.491724 -5.882102 9.861279 0.702590 -10.936861 -0.360574 7.156197 0.000000 8.774815 -0.000000 -15.805802 17.818108 6.206661 -1.844031 2.498503 -2.507276 -10.163590 4.678941 4.621104 -20.975996 -0.000001 0.000001 -21.226254 2.451698 -3.593995 0.000000 -0.000006 -0.000000 -1.362681 2.240797 -0.746323 -21.334892 0.584910 3.008319 -13.821196 -0.000001 0.000001 -23.887129 -0.249075 -0.839485 -60.312927 2.530013 -0.814806 -0.294025 1.679686 0.833255 -14.218195 0.093215 1.300579 -34.212002 -0.287561 0.967166 -20.033176 0.964536 1.212838 0.000000 -0.000000 0.000000 -3.440387 0.788233 0.501655 -15.928172 -3.167306 2.999703 -6.338817 -0.000000 0.000001 -18.123419 3.648181 -4.905662 -0.000004 0.000000 -0.000002 23.987074 8.230031 14.990132 25.858240 1.040719 12.258611 179.262573 50.722858 -179.808304 37.545795 -10.408700 -8.923003 2.243540 -5.255033 -3.180156 14.282877 -0.826594 6.952496 -0.000000 -12.690593 -0.000001 16.219564 -18.257174 2.632653 1.665665 -1.955920 -2.878297 4.727794 -4.170584 4.993919 11.020511 0.000001 -0.000000 12.109032 -3.735715 -2.866778 0.000000 -0.000000 0.000000 1.291985 -1.928548 -1.498088 14.800115 0.567467 3.865604 14.242553 -1.341738 -6.660648 19.631935 0.143921 -0.648243 49.426094 -0.808901 -6.650090 0.353029 -1.511150 -0.031940 20.222769 3.684305 2.316629 18.787249 0.000001 -0.000001 10.751608 -0.479870 1.397903 0.000000 -0.000000 0.000000 3.273804 0.305947 -0.580110 21.486790 11.830364 2.266131 8.162915 0.000000 -0.000000 18.399052 -3.798986 -4.940567 0.000003 0.000000 -0.000001 4.536473 4.792462 -0.799422 -0.006157 -0.268493 22.482164 0.812245 -9.663277 -18.120216 1.653203 -1.896696 -1.505635 0.000000 -0.000000 0.000002 -6.042402 19.522278 -21.164005 -0.088217 0.854730 24.614624 17.672359 18.658396 -0.583684 -1.332862 1.185811 -2.817745 0.000000 -0.000000 -0.000001
0.000000 0.000000 0.000000 0.000000 -0.000000 0.000000 2.536985 -2.444929 -3.092523 -0.442702 -1.158337 -0.722761 -0.176182 -0.686879 1.398013 -0.823975 -0.651431 -4.395107 -2.636786 -3.980872 9.994505 7.805144 -0.035850 2.591603 -1.811559 -4.012974 -3.810313 -0.026641 -4.292112 -9.654432 0.000077 -0.000022 0.000006 -0.010121 -0.079100 0.070694 0.740909 -3.796742 -10.605822 -0.757475 3.655679 -10.594176 -16.806364 -11.340180 14.685317 -52.914566 -7.564576 14.396026 -0.162600 -30.407814 -0.120511 -4.979915 -3.072932 19.300251 -5.882102 9.861279 0.702590 -10.936861 -0.360574 7.156197 0.000000 8.774815 -0.000000 -15.846391 17.810656 6.200905 -1.844031 2.498503 -2.507276 -10.163590 4.678941 4.621104 -20.975996 -0.000001 0.000001 -21.226254 2.451698 -3.593995 0.000000 -0.000006 -0.000000 -1.362681 2.240797 -0.746323 -21.334892 0.584910 3.008319 -13.821196 -0.000001 0.000001 -23.887129 -0.249075 -0.839485 -60.402657 2.471118 -0.828232 -0.294025 1.679686 0.833255 -14.218195 0.093215 1.300579 -34.212002 -0.287561 0.967166 -20.033176 0.964536 1.212838 0.000000 -0.000000 0.000000 -3.440387 0.788233 0.501655 -15.928172 -3.167306 2.999703 -6.338817 -0.000000 0.000001 -18.123419 3.648181 -4.905662 -0.000004 0.000000 -0.000002 25.133051 6.568925 14.692657 28.017687 -2.260910 11.094856 179.713959 52.562695 -179.282959 36.979900 -13.311633 -5.077528 2.243540 -5.255033 -3.180156 14.282877 -0.826594 6.952496 -0.000000 -12.690593 -0.000001 16.241579 -18.331146 2.566067 1.665665 -1.955920 -2.878297 4.727794 -4.170584 4.993919 11.020511 0.000001 -0.000000 12.109032 -3.735715 -2.866778 0.000000 -0.000000 0.000000 1.291985 -1.928548 -1.498088 14.800115 0.567467 3.865604 14.242553 -1.341738 -6.660648 19.631935 0.143921 -0.648243 49.430580 -0.788276 -6.630994 0.353029 -1.511150 -0.031940 20.222769 3.684305 2.316629 18.787249 0.000001 -0.000001 10.751608 -0.479870 1.397903 0.000000 -0.000000 0.000000 3.273804 0.305947 -0.580110 21.486790 11.830364 2.266131 8.162915 0.000000 -0.000000 18.399052 -3.798986 -4.940567 0.000003 0.000000 -0.000001 4.536473 4.792462 -0.799422 -0.006157 -0.268493 22.482164 0.812245 -9.663277 -18.120216 1.653203 -1.896696 -1.505635 0.000000 -0.000000 0.000002 -6.042402 19.522278 -21.164005 -0.088217 0.854730 24.614624 17.672359 18.658396 -0.583684 -1.332862 1.185811 -2.817745 0.000000 -0.000000 -0.000001
0.000000 0.000000 0.000000 0.000000 -0.000000 0.000000 2.536985 -2.475873 -3.092523 -0.442702 -1.158337 -0.722761 -0.313565 -0.745210 1.349271 -0.852513 -0.981821 -4.380164 -2.827968 -4.092993 9.988331 8.646627 -0.438744 3.189550 -2.048163 -4.477602 -3.820177 -0.355608 -4.651811 -9.004262 0.000077 -0.000022 0.000006 -0.012713 -0.123449 0.090937 0.742249 -3.845584 -10.602034 -0.764646 3.615405 -10.578047 -16.685560 -11.621403 14.681581 -52.733673 -7.343411 15.183371 -0.119794 -30.575796 -0.133806 -5.315423 -3.089085 19.829350 -5.882102 9.861279 0.702590 -10.936861 -0.360574 7.156197 0.000000 8.774815 -0.000000 -15.875508 17.890594 6.204601 -1.844031 2.498503 -2.507276 -10.163590 4.678941 4.621104 -20.975996 -0.000001 0.000001 -21.226254 2.451698 -3.593995 0.000000 -0.000006 -0.000000 -1.362681 2.240797 -0.746323 -21.334892 0.584910 3.008319 -13.821196 -0.000001 0.000001 -23.887129 -0.249075 -0.839485 -60.397873 2.514967 -0.912571 -0.294025 1.679686 0.833255 -14.218195 0.093215 1.300579 -34.212002 -0.287561 0.967166 -20.033176 0.964536 1.212838 0.000000 -0.000000 0.000000 -3.440387 0.788233 0.501655 -15.928172 -3.167306 2.999703 -6.338817 -0.000000 0.000001 -18.123419 3.648181 -4.905662 -0.000004 0.000000 -0.000002 26.053997 5.287410 14.348882 30.690889 -4.971723 9.641095 179.788864 55.549751 -179.223282 35.617214 -16.444283 -0.901783 2.243540 -5.255033 -3.180156 14.282877 -0.826594 6.952496 -0.000000 -12.690593 -0.000001 16.125322 -18.341404 2.709361 1.665665 -1.955920 -2.878297 4.727794 -4.170584 4.993919 11.020511 0.000001 -0.000000 12.109032 -3.735715 -2.866778 0.000000 -0.000000 0.000000 1.291985 -1.928548 -1.498088 14.800115 0.567467 3.865604 14.242553 -1.341738 -6.660648 19.631935 0.143921 -0.648243 49.787498 -0.915417 -6.544993 0.353029 -1.511150 -0.031940 20.222769 3.684305 2.316629 18.787249 0.000001 -0.000001 10.751608 -0.479870 1.397903 0.000000 -0.000000 0.000000 3.273804 0.305947 -0.580110 21.486790 11.830364 2.266131 8.162915 0.000000 -0.000000 18.399052 -3.798986 -4.940567 0.000003 0.000000 -0.000001 4.536473 4.792462 -0.799422 -0.006157 -0.268493 22.482164 0.812245 -9.663277 -18.120216 1.653203 -1.896696 -1.505635 0.000000 -0.000000 0.000002 -6.042402 19.522278 -21.164005 -0.088217 0.854730 24.614624 17.672359 18.658396 -0.583684 -1.332862 1.185811 -2.817745 0.000000 -0.000000 -0.000001
0.000000 0.000000 0.000000 0.000000 -0.000000 0.000000 2.536985 -2.485624 -3.092523 -0.442702 -1.158337 -0.722761 -0.301417 -0.592423 1.283676 -0.846915 -0.574975 -4.376857 -2.764106 -3.610128 10.040213 8.266912 -0.283897 4.195552 -2.056742 -4.370622 -3.787512 -0.519368 -4.578442 -8.585475 0.000077 -0.000022 0.000006 -0.007784 -0.128839 0.068469 0.744310 -3.848666 -10.646654 -0.757258 3.607698 -10.621017 -17.292202 -10.514772 14.447182 -52.372326 -6.366413 15.008986 0.096088 -31.303673 -0.291833 -5.522105 -3.109985 19.619295 -5.882102 9.861279 0.702590 -10.936861 -0.360574 7.156197 0.000000 8.774815 -0.000000 -15.862698 17.814318 6.237102 -1.844031 2.498503 -2.507276 -10.163590 4.678941 4.621104 -20.975996 -0.000001 0.000001 -21.226254 2.451698 -3.593995 0.000000 -0.000006 -0.000000 -1.362681 2.240797 -0.746323 -21.334892 0.584910 3.008319 -13.821196 -0.000001 0.000001 -23.887129 -0.249075 -0.839485 -60.625458 2.534780 -0.920583 -0.294025 1.679686 0.833255 -14.218195 0.093215 1.300579 -34.212002 -0.287561 0.967166 -20.033176 0.964536 1.212838 0.000000 -0.000000 0.000000 -3.440387 0.788233 0.501655 -15.928172 -3.167306 2.999703 -6.338817 -0.000000 0.000001 -18.123419 3.648181 -4.905662 -0.000004 0.000000 -0.000002 26.512487 5.780304 14.603074 33.725132 -6.493482 7.847235 179.716309 59.940929 -179.389709 33.541332 -19.487448 2.871528 2.243540 -5.255033 -3.180156 14.282877 -0.826594 6.952496 -0.000000 -12.690593 -0.000001 15.995895 -18.397505 2.649322 1.665665 -1.955920 -2.878297 4.727794 -4.170584 4.993919 11.020511 0.000001 -0.000000 12.109032 -3.735715 -2.866778 0.000000 -0.000000 0.000000 1.291985 -1.928548 -1.498088 14.800115 0.567467 3.865604 14.242553 -1.341738 -6.660648 19.631935 0.143921 -0.648243 49.774914 -0.890425 -6.602249 0.353029 -1.511150 -0.031940 20.222769 3.684305 2.316629 18.787249 0.000001 -0.000001 10.751608 -0.479870 1.397903 0.000000 -0.000000 0.000000 3.273804 0.305947 -0.580110 21.486790 11.830364 2.266131 8.162915 0.000000 -0.000000 18.399052 -3.798986 -4.940567 0.000003 0.000000 -0.000001 4.536473 4.792462 -0.799422 -0.006157 -0.268493 22.482164 0.812245 -9.663277 -18.120216 1.653203 -1.896696 -1.505635 0.000000 -0.000000 0.000002 -6.042402 19.522278 -21.164005 -0.088217 0.854730 24.614624 17.672359 18.658396 -0.583684 -1.332862 1.185811 -2.817745 0.000000 -0.000000 -0.000001
0.000000 0.000000 0.000000 0.000000 -0.000000 0.000000 2.536985 -2.491201 -3.092523 -0.442702 -1.158337 -0.722761 -0.325110 -0.380890 1.204506 -0.844408 -0.010743 -4.362292 -2.616069 -2.836906 10.037771 7.480727 -0.064915 5.424860 -1.975604 -3.933123 -3.738190 -0.714869 -4.336691 -8.095569 0.000077 -0.000022 0.000006 -0.000465 -0.112439 0.057864 0.747198 -3.829836 -10.652761 -0.746444 3.621330 -10.620640 -18.035810 -8.837054 14.017940 -51.960278 -5.033238 14.453526 0.226041 -32.183685 -0.391101 -5.783752 -3.167432 19.173513 -5.882102 9.861279 0.702590 -10.936861 -0.360574 7.156197 0.000000 8.774815 -0.000000 -15.821199 17.848135 6.300616 -1.844031 2.498503 -2.507276 -10.163590 4.678941 4.621104 -20.975996 -0.000001 0.000001 -21.226254 2.451698 -3.593995 0.000000 -0.000006 -0.000000 -1.362681 2.240797 -0.746323 -21.334892 0.584910 3.008319 -13.821196 -0.000001 0.000001 -23.887129 -0.249075 -0.839485 -60.691990 2.625230 -1.027606 -0.294025 1.679686 0.833255 -14.218195 0.093215 1.300579 -34.212002 -0.287561 0.967166 -20.033176 0.964536 1.212838 0.000000 -0.000000 0.000000 -3.440387 0.788233 0.501655 -15.928172 -3.167306 2.999703 -6.338817 -0.000000 0.000001 -18.123419 3.648181 -4.905662 -0.000004 0.000000 -0.000002 26.879986 6.841174 15.108425 37.287189 -7.236418 5.482542 179.359268 65.819794 -179.851898 29.769489 -22.126114 7.485472 2.243540 -5.255033 -3.180156 14.282877 -0.826594 6.952496 -0.000000 -12.690593 -0.000001 15.808823 -18.382692 2.778153 1.665665 -1.955920 -2.878297 4.727794 -4.170584 4.993919 11.020511 0.000001 -0.000000 12.109032 -3.735715 -2.866778 0.000000 -0.000000 0.000000 1.291985 -1.928548 -1.498088 14.800115 0.567467 3.865604 14.242553 -1.341738 -6.660648 19.631935 0.143921 -0.648243 49.945286 -0.942971 -6.601260 0.353029 -1.511150 -0.031940 20.222769 3.684305 2.316629 18.787249 0.000001 -0.000001 10.751608 -0.479870 1.397903 0.000000 -0.000000 0.000000 3.273804 0.305947 -0.580110 21.486790 11.830364 2.266131 8.162915 0.000000 -0.000000 18.399052 -3.798986 -4.940567 0.000003 0.000000 -0.000001 4.536473 4.792462 -0.799422 -0.006157 -0.268493 22.482164 0.812245 -9.663277 -18.120216 1.653203 -1.896696 -1.505635 0.000000 -0.000000 0.000002 -6.042402 19.522278 -21.164005 -0.088217 0.854730 24.614624 17.672359 18.658396 -0.583684 -1.332862 1.185811 -2.817745 0.000000 -0.000000 -0.000001
0.000000 0.000000 0.000000 0.000000 -0.000000 0.000000 2.536985 -2.489278 -3.092523 -0.442702 -1.158337 -0.722761 -0.338973 -0.145925 1.123616 -0.834902 0.628715 -4.358662 -2.388929 -1.996145 10.030343 6.271443 0.363357 6.574259 -1.811118 -3.358193 -3.676318 -0.827286 -4.029469 -7.789197 0.000077 -0.000022 0.000006 0.007193 -0.097848 0.042311 0.747716 -3.813324 -10.664207 -0.732754 3.633846 -10.630599 -18.811117 -6.937775 13.539343 -51.568394 -3.741194 13.699320 0.161704 -32.980450 -0.369332 -6.007035 -3.250170 18.060493 -5.882102 9.861279 0.702590 -10.936861 -0.360574 7.156197 0.000000 8.774815 -0.000000 -15.822379 17.859932 6.314569 -1.844031 2.498503 -2.507276 -10.163590 4.678941 4.621104 -20.975996 -0.000001 0.000001 -21.226254 2.451698 -3.593995 0.000000 -0.000006 -0.000000 -1.362681 2.240797 -0.746323 -21.334892 0.584910 3.008319 -13.821196 -0.000001 0.000001 -23.887129 -0.249075 -0.839485 -60.701225 2.694138 -1.082662 -0.294025 1.679686 0.833255 -14.218195 0.093215 1.300579 -34.212002 -0.287561 0.967166 -20.033176 0.964536 1.212838 0.000000 -0.000000 0.000000 -3.440387 0.788233 0.501655 -15.928172 -3.167306 2.999703 -6.338817 -0.000000 0.000001 -18.123419 3.648181 -4.905662 -0.000004 0.000000 -0.000002 27.404242 8.155499 15.856288 40.590996 -7.158569 2.974620 179.336777 72.910431 -179.969482 24.096748 -23.394709 11.954394 2.243540 -5.255033 -3.180156 14.282877 -0.826594 6.952496 -0.000000 -12.690593 -0.000001 15.605247 -18.324169 2.921127 1.665665 -1.955920 -2.878297 4.727794 -4.170584 4.993919 11.020511 0.000001 -0.000000 12.109032 -3.735715 -2.866778 0.000000 -0.000000 0.000000 1.291985 -1.928548 -1.498088 14.800115 0.567467 3.865604 14.242553 -1.341738 -6.660648 19.631935 0.143921 -0.648243 49.940189 -0.969715 -6.567819 0.353029 -1.511150 -0.031940 20.222769 3.684305 2.316629 18.787249 0.000001 -0.000001 10.751608 -0.479870 1.397903 0.000000 -0.000000 0.000000 3.273804 0.305947 -0.580110 21.486790 11.830364 2.266131 8.162915 0.000000 -0.000000 18.399052 -3.798986 -4.940567 0.000003 0.000000 -0.000001 4.536473 4.792462 -0.799422 -0.006157 -0.268493 22.482164 0.812245 -9.663277 -18.120216 1.653203 -1.896696 -1.505635 0.000000 -0.000000 0.000002 -6.042402 19.522278 -21.164005 -0.088217 0.854730 24.614624 17.672359 18.658396 -0.583684 -1.332862 1.185811 -2.817745 0.000000 -0.000000 -0.000001
0.000000 0.000000 0.000000 0.000000 -0.000000 0.000000 2.536985 -2.495992 -3.092523 -0.442702 -1.158337 -0.722761 -0.405876 0.037298 1.027203 -0.827603 1.094805 -4.386812 -2.218108 -1.371866 10.043160 5.040828 0.765371 7.479480 -1.675854 -2.910105 -3.630439 -0.848647 -3.731139 -7.645369 0.000077 -0.000022 0.000006 0.013553 -0.072113 0.031866 0.747814 -3.786152 -10.670580 -0.721252 3.658477 -10.639240 -19.388084 -5.366949 13.179677 -51.267563 -2.738312 13.174697 0.051285 -33.489403 -0.297375 -6.164176 -3.312895 16.433271 -5.882102 9.861279 0.702590 -10.936861 -0.360574 7.156197 0.000000 8.774815 -0.000000 -15.844736 17.905807 6.282235 -1.844031 2.498503 -2.507276 -10.163590 4.678941 4.621104 -20.975996 -0.000001 0.000001 -21.226254 2.451698 -3.593995 0.000000 -0.000006 -0.000000 -1.362681 2.240797 -0.746323 -21.334892 0.584910 3.008319 -13.821196 -0.000001 0.000001 -23.887129 -0.249075 -0.839485 -60.649220 2.707498 -1.129506 -0.294025 1.679686 0.833255 -14.218195 0.093215 1.300579 -34.212002 -0.287561 0.967166 -20.033176 0.964536 1.212838 0.000000 -0.000000 0.000000 -3.440387 0.788233 0.501655 -15.928172 -3.167306 2.999703 -6.338817 -0.000000 0.000001 -18.123419 3.648181 -4.905662 -0.000004 0.000000 -0.000002 28.251785 9.121235 16.579609 43.491802 -6.628938 0.388552 -179.341095 81.232178 -178.858170 16.344418 -22.546827 14.629299 2.243540 -5.255033 -3.180156 14.282877 -0.826594 6.952496 -0.000000 -12.690593 -0.000001 15.329028 -18.237597 3.040959 1.665665 -1.955920 -2.878297 4.727794 -4.170584 4.993919 11.020511 0.000001 -0.000000 12.109032 -3.735715 -2.866778 0.000000 -0.000000 0.000000 1.291985 -1.928548 -1.498088 14.800115 0.567467 3.865604 14.242553 -1.341738 -6.660648 19.631935 0.143921 -0.648243 49.884323 -0.966789 -6.438355 0.353029 -1.511150 -0.031940 20.222769 3.684305 2.316629 18.787249 0.000001 -0.000001 10.751608 -0.479870 1.397903 0.000000 -0.000000 0.000000 3.273804 0.305947 -0.580110 21.486790 11.830364 2.266131 8.162915 0.000000 -0.000000 18.399052 -3.798986 -4.940567 0.000003 0.000000 -0.000001 4.536473 4.792462 -0.799422 -0.006157 -0.268493 22.482164 0.812245 -9.663277 -18.120216 1.653203 -1.896696 -1.505635 0.000000 -0.000000 0.000002 -6.042402 19.522278 -21.164005 -0.088217 0.854730 24.614624 17.672359 18.658396 -0.583684 -1.332862 1.185811 -2.817745 0.000000 -0.000000 -0.000001
0.000000 0.000000 0.000000 0.000000 -0.000000 0.000000 2.536985 -2.505010 -3.092523 -0.442702 -1.158337 -0.722761 -0.486622 0.083178 0.924885 -0.833220 1.218656 -4.445279 -2.194996 -1.178179 10.066413 4.306233 0.998067 7.975071 -1.656335 -2.901858 -3.617512 -0.920818 -3.701394 -7.607152 0.000077 -0.000022 0.000006 0.019788 -0.050321 0.027275 0.755890 -3.764856 -10.670863 -0.717709 3.681190 -10.638341 -19.635679 -4.599319 13.128905 -51.104477 -2.408661 13.165074 0.102930 -33.457554 -0.281604 -6.215575 -3.350830 14.792755 -5.882102 9.861279 0.702590 -10.936861 -0.360574 7.156197 0.000000 8.774815 -0.000000 -15.877946 17.982252 6.253838 -1.844031 2.498503 -2.507276 -10.163590 4.678941 4.621104 -20.975996 -0.000001 0.000001 -21.226254 2.451698 -3.593995 0.000000 -0.000006 -0.000000 -1.362681 2.240797 -0.746323 -21.334892 0.584910 3.008319 -13.821196 -0.000001 0.000001 -23.887129 -0.249075 -0.839485 -60.640812 2.753552 -1.165059 -0.294025 1.679686 0.833255 -14.218195 0.093215 1.300579 -34.212002 -0.287561 0.967166 -20.033176 0.964536 1.212838 0.000000 -0.000000 0.000000 -3.440387 0.788233 0.501655 -15.928172 -3.167306 2.999703 -6.338817 -0.000000 0.000001 -18.123419 3.648181 -4.905662 -0.000004 0.000000 -0.000002 29.411768 9.365287 16.970499 45.568321 -6.169485 -2.427020 -31.640821 89.639549 -31.467939 8.583060 -19.585543 14.405044 2.243540 -5.255033 -3.180156 14.282877 -0.826594 6.952496 -0.000000 -12.690593 -0.000001 15.152818 -18.110191 3.061553 1.665665 -1.955920 -2.878297 4.727794 -4.170584 4.993919 11.020511 0.000001 -0.000000 12.109032 -3.735715 -2.866778 0.000000 -0.000000 0.000000 1.291985 -1.928548 -1.498088 14.800115 0.567467 3.865604 14.242553 -1.341738 -6.660648 19.631935 0.143921 -0.648243 49.825104 -0.956569 -6.299783 0.353029 -1.511150 -0.031940 20.222769 3.684305 2.316629 18.787249 0.000001 -0.000001 10.751608 -0.479870 1.397903 0.000000 -0.000000 0.000000 3.273804 0.305947 -0.580110 21.486790 11.830364 2.266131 8.162915 0.000000 -0.000000 18.399052 -3.798986 -4.940567 0.000003 0.000000 -0.000001 4.536473 4.792462 -0.799422 -0.006157 -0.268493 22.482164 0.812245 -9.663277 -18.120216 1.653203 -1.896696 -1.505635 0.000000 -0.000000 0.000002 -6.042402 19.522278 -21.164005 -0.088217 0.854730 24.614624 17.672359 18.658396 -0.583684 -1.332862 1.185811 -2.817745 0.000000 -0.000000 -0.000001
0.000000 0.000000 0.000000 0.000000 -0.000000 0.000000 2.536985 -2.502210 -3.092523 -0.442702 -1.158337 -0.722761 -0.541242 0.026470 0.845116 -0.858625 1.135184 -4.501844 -2.229333 -1.264692 10.067817 4.002422 1.074619 8.193831 -1.743492 -3.281732 -3.622890 -1.018644 -4.015310 -7.609520 0.000077 -0.000022 0.000006 0.025987 -0.061058 0.023870 0.768941 -3.776416 -10.662976 -0.718936 3.671499 -10.629646 -19.681938 -4.466567 13.242479 -51.082855 -2.715093 13.441115 0.190518 -32.901814 -0.261221 -6.071784 -3.244213 13.456971 -5.882102 9.861279 0.702590 -10.936861 -0.360574 7.156197 0.000000 8.774815 -0.000000 -15.922863 18.017076 6.224928 -1.844031 2.498503 -2.507276 -10.163590 4.678941 4.621104 -20.975996 -0.000001 0.000001 -21.226254 2.451698 -3.593995 0.000000 -0.000006 -0.000000 -1.362681 2.240797 -0.746323 -21.334892 0.584910 3.008319 -13.821196 -0.000001 0.000001 -23.887129 -0.249075 -0.839485 -60.701229 2.827770 -1.182315 -0.294025 1.679686 0.833255 -14.218195 0.093215 1.300579 -34.212002 -0.287561 0.967166 -20.033176 0.964536 1.212838 0.000000 -0.000000 0.000000 -3.440387 0.788233 0.501655 -15.928172 -3.167306 2.999703 -6.338817 -0.000000 0.000001 -18.123419 3.648181 -4.905662 -0.000004 0.000000 -0.000002 30.664295 9.076196 17.004524 46.649529 -5.943970 -5.063194 -0.473428 80.109879 -0.415716 3.048435 -16.017801 12.026233 2.243540 -5.255033 -3.180156 14.282877 -0.826594 6.952496 -0.000000 -12.690593 -0.000001 15.230354 -18.044075 2.913493 1.665665 -1.955920 -2.878297 4.727794 -4.170584 4.993919 11.020511 0.000001 -0.000000 12.109032 -3.735715 -2.866778 0.000000 -0.000000 0.000000 1.291985 -1.928548 -1.498088 14.800115 0.567467 3.865604 14.242553 -1.341738 -6.660648 19.631935 0.143921 -0.648243 49.708168 -0.936439 -6.286154 0.353029 -1.511150 -0.031940 20.222769 3.684305 2.316629 18.787249 0.000001 -0.000001 10.751608 -0.479870 1.397903 0.000000 -0.000000 0.000000 3.273804 0.305947 -0.580110 21.486790 11.830364 2.266131 8.162915 0.000000 -0.000000 18.399052 -3.798986 -4.940567 0.000003 0.000000 -0.000001 4.536473 4.792462 -0.799422 -0.006157 -0.268493 22.482164 0.812245 -9.663277 -18.120216 1.653203 -1.896696 -1.505635 0.000000 -0.000000 0.000002 -6.042402 19.522278 -21.164005 -0.088217 0.854730 24.614624 17.672359 18.658396 -0.583684 -1.332862 1.185811 -2.817745 0.000000 -0.000000 -0.000001
0.000000 0.000000 0.000000 0.000000 -0.000000 0.000000 2.536985 -2.493284 -3.092523 -0.442702 -1.158337 -0.722761 -0.568074 -0.075961 0.790730 -0.888256 0.890565 -4.540068 -2.284420 -1.548831 10.067883 4.024848 1.038064 8.286745 -1.934185 -3.972467 -3.596743 -1.104162 -4.604609 -7.671391 0.000077 -0.000022 0.000006 0.029439 -0.085057 0.027895 0.776397 -3.805068 -10.649562 -0.719702 3.652161 -10.623413 -19.606522 -4.888892 13.465918 -51.174553 -3.528879 13.791573 0.198242 -31.916412 -0.203086 -5.803559 -2.955240 12.520744 -5.882102 9.861279 0.702590 -10.936861 -0.360574 7.156197 0.000000 8.774815 -0.000000 -15.932096 18.028477 6.197928 -1.844031 2.498503 -2.507276 -10.163590 4.678941 4.621104 -20.975996 -0.000001 0.000001 -21.226254 2.451698 -3.593995 0.000000 -0.000006 -0.000000 -1.362681 2.240797 -0.746323 -21.334892 0.584910 3.008319 -13.821196 -0.000001 0.000001 -23.887129 -0.249075 -0.839485 -60.758610 2.873220 -1.199924 -0.294025 1.679686 0.833255 -14.218195 0.093215 1.300579 -34.212002 -0.287561 0.967166 -20.033176 0.964536 1.212838 0.000000 -0.000000 0.000000 -3.440387 0.788233 0.501655 -15.928172 -3.167306 2.999703 -6.338817 -0.000000 0.000001 -18.123419 3.648181 -4.905662 -0.000004 0.000000 -0.000002 31.874641 8.368017 16.765709 46.805119 -5.957138 -6.957634 -0.210182 70.271233 -0.071918 0.057611 -12.816591 8.870109 2.243540 -5.255033 -3.180156 14.282877 -0.826594 6.952496 -0.000000 -12.690593 -0.000001 15.397854 -18.081936 2.761640 1.665665 -1.955920 -2.878297 4.727794 -4.170584 4.993919 11.020511 0.000001 -0.000000 12.109032 -3.735715 -2.866778 0.000000 -0.000000 0.000000 1.291985 -1.928548 -1.498088 14.800115 0.567467 3.865604 14.242553 -1.341738 -6.660648 19.631935 0.143921 -0.648243 49.685455 -0.891496 -6.329598 0.353029 -1.511150 -0.031940 20.222769 3.684305 2.316629 18.787249 0.000001 -0.000001 10.751608 -0.479870 1.397903 0.000000 -0.000000 0.000000 3.273804 0.305947 -0.580110 21.486790 11.830364 2.266131 8.162915 0.000000 -0.000000 18.399052 -3.798986 -4.940567 0.000003 0.000000 -0.000001 4.536473 4.792462 -0.799422 -0.006157 -0.268493 22.482164 0.812245 -9.663277 -18.120216 1.653203 -1.896696 -1.505635 0.000000 -0.000000 0.000002 -6.042402 19.522278 -21.164005 -0.088217 0.854730 24.614624 17.672359 18.658396 -0.583684 -1.332862 1.185811 -2.817745 0.000000 -0.000000 -0.000001
0.000000 0.000000 0.000000 0.000000 -0.000000 0.000000 2.536985 -2.498075 -3.092523 -0.442702 -1.158337 -0.722761 -0.611067 -0.219060 0.730168 -0.913207 0.466095 -4.570922 -2.385652 -2.061260 10.103771 4.397135 0.861675 8.313498 -2.189841 -4.887177 -3.540948 -1.168483 -5.325040 -7.767268 0.000077 -0.000022 0.000006 0.031864 -0.134041 0.039555 0.780656 -3.857870 -10.623802 -0.719005 3.606992 -10.609165 -19.469139 -5.840359 13.777762 -51.232738 -4.683291 14.366249 0.112233 -30.709583 -0.108306 -5.567307 -2.512286 12.197688 -5.882102 9.861279 0.702590 -10.936861 -0.360574 7.156197 0.000000 8.774815 -0.000000 -15.957426 18.016783 6.158978 -1.844031 2.498503 -2.507276 -10.163590 4.678941 4.621104 -20.975996 -0.000001 0.000001 -21.226254 2.451698 -3.593995 0.000000 -0.000006 -0.000000 -1.362681 2.240797 -0.746323 -21.334892 0.584910 3.008319 -13.821196 -0.000001 0.000001 -23.887129 -0.249075 -0.839485 -60.803677 2.818232 -1.167652 -0.294025 1.679686 0.833255 -14.218195 0.093215 1.300579 -34.212002 -0.287561 0.967166 -20.033176 0.964536 1.212838 0.000000 -0.000000 0.000000 -3.440387 0.788233 0.501655 -15.928172 -3.167306 2.999703 -6.338817 -0.000000 0.000001 -18.123419 3.648181 -4.905662 -0.000004 0.000000 -0.000002 32.986156 7.290034 16.373255 46.265965 -6.077836 -7.891604 -0.309741 60.240341 -0.059840 -0.860521 -10.130024 6.156867 2.243540 -5.255033 -3.180156 14.282877 -0.826594 6.952496 -0.000000 -12.690593 -0.000001 15.541541 -18.160282 2.708407 1.665665 -1.955920 -2.878297 4.727794 -4.170584 4.993919 11.020511 0.000001 -0.000000 12.109032 -3.735715 -2.866778 0.000000 -0.000000 0.000000 1.291985 -1.928548 -1.498088 14.800115 0.567467 3.865604 14.242553 -1.341738 -6.660648 19.631935 0.143921 -0.648243 49.870625 -0.792846 -6.302805 0.353029 -1.511150 -0.031940 20.222769 3.684305 2.316629 18.787249 0.000001 -0.000001 10.751608 -0.479870 1.397903 0.000000 -0.000000 0.000000 3.273804 0.305947 -0.580110 21.486790 11.830364 2.266131 8.162915 0.000000 -0.000000 18.399052 -3.798986 -4.940567 0.000003 0.000000 -0.000001 4.536473 4.792462 -0.799422 -0.006157 -0.268493 22.482164 0.812245 -9.663277 -18.120216 1.653203 -1.896696 -1.505635 0.000000 -0.000000 0.000002 -6.042402 19.522278 -21.164005 -0.088217 0.854730 24.614624 17.672359 18.658396 -0.583684 -1.332862 1.185811 -2.817745 0.000000 -0.000000 -0.000001
0.000000 0.000000 0.000000 0.000000 -0.000000 0.000000 2.536985 -2.485158 -3.092523 -0.442702 -1.158337 -0.722761 -0.724253 -0.400994 0.731730 -0.932790 -0.107936 -4.593796 -2.508399 -2.844930 10.074749 5.216976 0.551360 8.322896 -2.497458 -5.795908 -3.527622 -1.349352 -6.225492 -7.677640 0.000077 -0.000022 0.000006 0.034416 -0.135364 0.047523 0.787636 -3.851710 -10.569971 -0.720730 3.597346 -10.560525 -19.423531 -7.132197 14.360065 -51.088955 -6.191211 15.624878 0.174325 -29.570980 -0.148343 -5.674368 -1.933548 12.618221 -5.882102 9.861279 0.702590 -10.936861 -0.360574 7.156197 0.000000 8.774815 -0.000000 -16.015617 17.976465 6.118633 -1.844031 2.498503 -2.507276 -10.163590 4.678941 4.621104 -20.975996 -0.000001 0.000001 -21.226254 2.451698 -3.593995 0.000000 -0.000006 -0.000000 -1.362681 2.240797 -0.746323 -21.334892 0.584910 3.008319 -13.821196 -0.000001 0.000001 -23.887129 -0.249075 -0.839485 -60.779301 2.668633 -1.100044 -0.294025 1.679686 0.833255 -14.218195 0.093215 1.300579 -34.212002 -0.287561 0.967166 -20.033176 0.964536 1.212838 0.000000 -0.000000 0.000000 -3.440387 0.788233 0.501655 -15.928172 -3.167306 2.999703 -6.338817 -0.000000 0.000001 -18.123419 3.648181 -4.905662 -0.000004 0.000000 -0.000002 34.093872 6.005702 15.984862 45.348450 -6.290801 -8.044518 -0.439654 50.497864 -0.035569 -0.431161 -8.114321 4.949792 2.243540 -5.255033 -3.180156 14.282877 -0.826594 6.952496 -0.000000 -12.690593 -0.000001 15.752455 -18.146778 2.679077 1.665665 -1.955920 -2.878297 4.727794 -4.170584 4.993919 11.020511 0.000001 -0.000000 12.109032 -3.735715 -2.866778 0.000000 -0.000000 0.000000 1.291985 -1.928548 -1.498088 14.800115 0.567467 3.865604 14.242553 -1.341738 -6.660648 19.631935 0.143921 -0.648243 50.147415 -0.593675 -6.219683 0.353029 -1.511150 -0.031940 20.222769 3.684305 2.316629 18.787249 0.000001 -0.000001 10.751608 -0.479870 1.397903 0.000000 -0.000000 0.000000 3.273804 0.305947 -0.580110 21.486790 11.830364 2.266131 8.162915 0.000000 -0.000000 18.399052 -3.798986 -4.940567 0.000003 0.000000 -0.000001 4.536473 4.792462 -0.799422 -0.006157 -0.268493 22.482164 0.812245 -9.663277 -18.120216 1.653203 -1.896696 -1.505635 0.000000 -0.000000 0.000002 -6.042402 19.522278 -21.164005 -0.088217 0.854730 24.614624 17.672359 18.658396 -0.583684 -1.332862 1.185811 -2.817745 0.000000 -0.000000 -0.000001
0.000000 0.000000 0.000000 0.000000 -0.000000 0.000000 2.536985 -2.513433 -3.092523 -0.442702 -1.158337 -0.722761 -0.683336 -0.652721 0.494225 -0.983163 -1.203468 -4.678586 -2.750939 -3.753456 10.205081 6.515752 -0.031743 8.114752 -2.817100 -6.970839 -3.625649 -1.824358 -7.216826 -7.751136 0.000077 -0.000022 0.000006 0.032501 -0.236111 0.086775 0.787122 -3.951863 -10.573848 -0.724158 3.493239 -10.543424 -18.999733 -8.834760 14.890644 -50.863403 -8.026583 18.237619 0.261581 -28.403748 -0.012490 -6.017130 -1.978837 13.396076 -5.882102 9.861279 0.702590 -10.936861 -0.360574 7.156197 0.000000 8.774815 -0.000000 -16.100147 18.214838 6.266257 -1.844031 2.498503 -2.507276 -10.163590 4.678941 4.621104 -20.975996 -0.000001 0.000001 -21.226254 2.451698 -3.593995 0.000000 -0.000006 -0.000000 -1.362681 2.240797 -0.746323 -21.334892 0.584910 3.008319 -13.821196 -0.000001 0.000001 -23.887129 -0.249075 -0.839485 -60.903828 2.730941 -0.928474 -0.294025 1.679686 0.833255 -14.218195 0.093215 1.300579 -34.212002 -0.287561 0.967166 -20.033176 0.964536 1.212838 0.000000 -0.000000 0.000000 -3.440387 0.788233 0.501655 -15.928172 -3.167306 2.999703 -6.338817 -0.000000 0.000001 -18.123419 3.648181 -4.905662 -0.000004 0.000000 -0.000002 34.955444 4.197989 14.861465 44.915668 -7.436204 -8.978621 1.096704 41.665081 0.616526 -0.019189 -6.397691 4.371341 2.243540 -5.255033 -3.180156 14.282877 -0.826594 6.952496 -0.000000 -12.690593 -0.000001 16.213285 -17.685989 2.498723 1.665665 -1.955920 -2.878297 4.727794 -4.170584 4.993919 11.020511 0.000001 -0.000000 12.109032 -3.735715 -2.866778 0.000000 -0.000000 0.000000 1.291985 -1.928548 -1.498088 14.800115 0.567467 3.865604 14.242553 -1.341738 -6.660648 19.631935 0.143921 -0.648243 50.177227 -0.246286 -5.796929 0.353029 -1.511150 -0.031940 20.222769 3.684305 2.316629 18.787249 0.000001 -0.000001 10.751608 -0.479870 1.397903 0.000000 -0.000000 0.000000 3.273804 0.305947 -0.580110 21.486790 11.830364 2.266131 8.162915 0.000000 -0.000000 18.399052 -3.798986 -4.940567 0.000003 0.000000 -0.000001 4.536473 4.792462 -0.799422 -0.006157 -0.268493 22.482164 0.812245 -9.663277 -18.120216 1.653203 -1.896696 -1.505635 0.000000 -0.000000 0.000002 -6.042402 19.522278 -21.164005 -0.088217 0.854730 24.614624 17.672359 18.658396 -0.583684 -1.332862 1.185811 -2.817745 0.000000 -0.000000 -0.000001
0.000000 0.000000 0.000000 0.000000 -0.000000 0.000000 2.536985 -2.521627 -3.092523 -0.442702 -1.158337 -0.722761 -0.495001 -0.653034 0.538260 -0.923417 -0.879145 -4.605946 -2.435514 -3.649548 10.145998 6.021409 0.277010 8.290021 -2.925485 -6.910737 -3.589895 -1.457990 -7.655782 -7.598114 0.000077 -0.000022 0.000006 0.025360 -0.312870 0.057747 0.776575 -4.033706 -10.600488 -0.728023 3.425476 -10.584561 -19.445051 -8.743417 14.666146 -50.891483 -8.083606 18.807104 0.391032 -28.637173 -0.117597 -5.957392 -1.850215 13.557893 -5.882102 9.861279 0.702590 -10.936861 -0.360574 7.156197 0.000000 8.774815 -0.000000 -16.110842 17.993420 6.253911 -1.844031 2.498503 -2.507276 -10.163590 4.678941 4.621104 -20.975996 -0.000001 0.000001 -21.226254 2.451698 -3.593995 0.000000 -0.000006 -0.000000 -1.362681 2.240797 -0.746323 -21.334892 0.584910 3.008319 -13.821196 -0.000001 0.000001 -23.887129 -0.249075 -0.839485 -61.128868 2.629529 -0.876715 -0.294025 1.679686 0.833255 -14.218195 0.093215 1.300579 -34.212002 -0.287561 0.967166 -20.033176 0.964536 1.212838 0.000000 -0.000000 0.000000 -3.440387 0.788233 0.501655 -15.928172 -3.167306 2.999703 -6.338817 -0.000000 0.000001 -18.123419 3.648181 -4.905662 -0.000004 0.000000 -0.000002 34.914879 4.687950 15.116947 44.303543 -7.335654 -6.424067 0.493441 33.937752 0.170254 0.700725 -6.534417 5.566225 2.243540 -5.255033 -3.180156 14.282877 -0.826594 6.952496 -0.000000 -12.690593 -0.000001 16.371004 -17.845819 2.466840 1.665665 -1.955920 -2.878297 4.727794 -4.170584 4.993919 11.020511 0.000001 -0.000000 12.109032 -3.735715 -2.866778 0.000000 -0.000000 0.000000 1.291985 -1.928548 -1.498088 14.800115 0.567467 3.865604 14.242553 -1.341738 -6.660648 19.631935 0.143921 -0.648243 50.526569 -0.307247 -5.999814 0.353029 -1.511150 -0.031940 20.222769 3.684305 2.316629 18.787249 0.000001 -0.000001 10.751608 -0.479870 1.397903 0.000000 -0.000000 0.000000 3.273804 0.305947 -0.580110 21.486790 11.830364 2.266131 8.162915 0.000000 -0.000000 18.399052 -3.798986 -4.940567 0.000003 0.000000 -0.000001 4.536473 4.792462 -0.799422 -0.006157 -0.268493 22.482164 0.812245 -9.663277 -18.120216 1.653203 -1.896696 -1.505635 0.000000 -0.000000 0.000002 -6.042402 19.522278 -21.164005 -0.088217 0.854730 24.614624 17.672359 18.658396 -0.583684 -1.332862 1.185811 -2.817745 0.000000 -0.000000 -0.000001
0.000000 0.000000 0.000000 0.000000 -0.000000 0.000000 2.536985 -2.536130 -3.092523 -0.442702 -1.158337 -0.722761 -0.486394 -0.684446 0.458423 -0.886902 -0.873941 -4.612620 -2.238595 -3.767654 10.195416 5.846722 0.379512 8.341105 -2.901483 -6.810393 -3.545930 -1.446620 -7.699657 -7.501453 0.000077 -0.000022 0.000006 0.021323 -0.297472 0.060843 0.768738 -4.017769 -10.579236 -0.727914 3.440546 -10.564030 -19.469208 -8.765050 14.608021 -51.230656 -8.157561 19.505917 0.610762 -28.894138 -0.221832 -5.702950 -1.928935 13.448635 -5.882102 9.861279 0.702590 -10.936861 -0.360574 7.156197 0.000000 8.774815 -0.000000 -16.080160 17.983927 6.237293 -1.844031 2.498503 -2.507276 -10.163590 4.678941 4.621104 -20.975996 -0.000001 0.000001 -21.226254 2.451698 -3.593995 0.000000 -0.000006 -0.000000 -1.362681 2.240797 -0.746323 -21.334892 0.584910 3.008319 -13.821196 -0.000001 0.000001 -23.887129 -0.249075 -0.839485 -61.103897 2.575897 -0.907368 -0.294025 1.679686 0.833255 -14.218195 0.093215 1.300579 -34.212002 -0.287561 0.967166 -20.033176 0.964536 1.212838 0.000000 -0.000000 0.000000 -3.440387 0.788233 0.501655 -15.928172 -3.167306 2.999703 -6.338817 -0.000000 0.000001 -18.123419 3.648181 -4.905662 -0.000004 0.000000 -0.000002 34.872269 4.518615 15.242190 44.669361 -7.976546 -5.957212 0.413958 29.922052 0.098454 0.598867 -6.278972 5.642451 2.243540 -5.255033 -3.180156 14.282877 -0.826594 6.952496 -0.000000 -12.690593 -0.000001 16.374008 -17.743999 2.417822 1.665665 -1.955920 -2.878297 4.727794 -4.170584 4.993919 11.020511 0.000001 -0.000000 12.109032 -3.735715 -2.866778 0.000000 -0.000000 0.000000 1.291985 -1.928548 -1.498088 14.800115 0.567467 3.865604 14.242553 -1.341738 -6.660648 19.631935 0.143921 -0.648243 50.290432 -0.352152 -5.990969 0.353029 -1.511150 -0.031940 20.222769 3.684305 2.316629 18.787249 0.000001 -0.000001 10.751608 -0.479870 1.397903 0.000000 -0.000000 0.000000 3.273804 0.305947 -0.580110 21.486790 11.830364 2.266131 8.162915 0.000000 -0.000000 18.399052 -3.798986 -4.940567 0.000003 0.000000 -0.000001 4.536473 4.792462 -0.799422 -0.006157 -0.268493 22.482164 0.812245 -9.663277 -18.120216 1.653203 -1.896696 -1.505635 0.000000 -0.000000 0.000002 -6.042402 19.522278 -21.164005 -0.088217 0.854730 24.614624 17.672359 18.658396 -0.583684 -1.332862 1.185811 -2.817745 0.000000 -0.000000 -0.000001
0.000000 0.000000 0.000000 0.000000 -0.000000 0.000000 2.536985 -2.533185 -3.092523 -0.442702 -1.158337 -0.722761 -0.503516 -0.704819 0.438710 -0.866613 -0.985856 -4.652679 -2.087156 -3.971060 10.209430 5.822369 0.435615 8.445976 -2.842330 -6.656344 -3.519660 -1.476973 -7.681589 -7.475333 0.000077 -0.000022 0.000006 0.021040 -0.247770 0.063142 0.767861 -3.963628 -10.556656 -0.727199 3.484684 -10.548160 -19.205688 -8.771697 14.649250 -51.728058 -8.220172 20.309092 0.799446 -29.409348 -0.346557 -5.401223 -1.994194 13.707999 -5.882102 9.861279 0.702590 -10.936861 -0.360574 7.156197 0.000000 8.774815 -0.000000 -16.045324 17.931547 6.210177 -1.844031 2.498503 -2.507276 -10.163590 4.678941 4.621104 -20.975996 -0.000001 0.000001 -21.226254 2.451698 -3.593995 0.000000 -0.000006 -0.000000 -1.362681 2.240797 -0.746323 -21.334892 0.584910 3.008319 -13.821196 -0.000001 0.000001 -23.887129 -0.249075 -0.839485 -60.969486 2.543311 -0.945106 -0.294025 1.679686 0.833255 -14.218195 0.093215 1.300579 -34.212002 -0.287561 0.967166 -20.033176 0.964536 1.212838 0.000000 -0.000000 0.000000 -3.440387 0.788233 0.501655 -15.928172 -3.167306 2.999703 -6.338817 -0.000000 0.000001 -18.123419 3.648181 -4.905662 -0.000004 0.000000 -0.000002 34.883347 4.158788 15.390010 45.291218 -9.027094 -6.451791 0.378988 28.566586 0.113699 -0.055896 -4.962978 4.215845 2.243540 -5.255033 -3.180156 14.282877 -0.826594 6.952496 -0.000000 -12.690593 -0.000001 16.264040 -17.643436 2.418019 1.665665 -1.955920 -2.878297 4.727794 -4.170584 4.993919 11.020511 0.000001 -0.000000 12.109032 -3.735715 -2.866778 0.000000 -0.000000 0.000000 1.291985 -1.928548 -1.498088 14.800115 0.567467 3.865604 14.242553 -1.341738 -6.660648 19.631935 0.143921 -0.648243 50.083397 -0.350825 -5.960981 0.353029 -1.511150 -0.031940 20.222769 3.684305 2.316629 18.787249 0.000001 -0.000001 10.751608 -0.479870 1.397903 0.000000 -0.000000 0.000000 3.273804 0.305947 -0.580110 21.486790 11.830364 2.266131 8.162915 0.000000 -0.000000 18.399052 -3.798986 -4.940567 0.000003 0.000000 -0.000001 4.536473 4.792462 -0.799422 -0.006157 -0.268493 22.482164 0.812245 -9.663277 -18.120216 1.653203 -1.896696 -1.505635 0.000000 -0.000000 0.000002 -6.042402 19.522278 -21.164005 -0.088217 0.854730 24.614624 17.672359 18.658396 -0.583684 -1.332862 1.185811 -2.817745 0.000000 -0.000000 -0.000001
0.000000 0.000000 0.000000 0.000000 -0.000000 0.000000 2.536985 -2.530569 -3.092523 -0.442702 -1.158337 -0.722761 -0.520509 -0.721933 0.422021 -0.859531 -1.158139 -4.683935 -1.967730 -4.212672 10.170545 5.996549 0.374091 8.598901 -2.800465 -6.544127 -3.522239 -1.501244 -7.711497 -7.287581 0.000077 -0.000022 0.000006 0.022529 -0.197563 0.059288 0.769078 -3.907676 -10.547503 -0.725224 3.527452 -10.548139 -18.776299 -8.890597 14.662714 -52.241051 -8.361601 21.577843 0.938519 -29.924450 -0.461906 -5.245687 -1.926785 14.406817 -5.882102 9.861279 0.702590 -10.936861 -0.360574 7.156197 0.000000 8.774815 -0.000000 -16.007010 17.931171 6.195137 -1.844031 2.498503 -2.507276 -10.163590 4.678941 4.621104 -20.975996 -0.000001 0.000001 -21.226254 2.451698 -3.593995 0.000000 -0.000006 -0.000000 -1.362681 2.240797 -0.746323 -21.334892 0.584910 3.008319 -13.821196 -0.000001 0.000001 -23.887129 -0.249075 -0.839485 -60.866528 2.554082 -0.964613 -0.294025 1.679686 0.833255 -14.218195 0.093215 1.300579 -34.212002 -0.287561 0.967166 -20.033176 0.964536 1.212838 0.000000 -0.000000 0.000000 -3.440387 0.788233 0.501655 -15.928172 -3.167306 2.999703 -6.338817 -0.000000 0.000001 -18.123419 3.648181 -4.905662 -0.000004 0.000000 -0.000002 35.043526 3.607003 15.413688 45.849361 -10.358094 -7.516541 0.436426 28.573753 0.162269 -0.775085 -3.277148 2.096131 2.243540 -5.255033 -3.180156 14.282877 -0.826594 6.952496 -0.000000 -12.690593 -0.000001 16.149685 -17.589993 2.444560 1.665665 -1.955920 -2.878297 4.727794 -4.170584 4.993919 11.020511 0.000001 -0.000000 12.109032 -3.735715 -2.866778 0.000000 -0.000000 0.000000 1.291985 -1.928548 -1.498088 14.800115 0.567467 3.865604 14.242553 -1.341738 -6.660648 19.631935 0.143921 -0.648243 50.011497 -0.323590 -5.898534 0.353029 -1.511150 -0.031940 20.222769 3.684305 2.316629 18.787249 0.000001 -0.000001 10.751608 -0.479870 1.397903 0.000000 -0.000000 0.000000 3.273804 0.305947 -0.580110 21.486790 11.830364 2.266131 8.162915 0.000000 -0.000000 18.399052 -3.798986 -4.940567 0.000003 0.000000 -0.000001 4.536473 4.792462 -0.799422 -0.006157 -0.268493 22.482164 0.812245 -9.663277 -18.120216 1.653203 -1.896696 -1.505635 0.000000 -0.000000 0.000002 -6.042402 19.522278 -21.164005 -0.088217 0.854730 24.614624 17.672359 18.658396 -0.583684 -1.332862 1.185811 -2.817745 0.000000 -0.000000 -0.000001
0.000000 0.000000 0.000000 0.000000 -0.000000 0.000000 2.536985 -2.523115 -3.092523 -0.442702 -1.158337 -0.722761 -0.514314 -0.744921 0.409072 -0.864027 -1.345265 -4.693664 -1.897856 -4.456517 10.125656 6.316998 0.202602 8.697607 -2.773623 -6.482325 -3.540382 -1.555369 -7.737554 -6.864779 0.000077 -0.000022 0.000006 0.023740 -0.175049 0.056042 0.768516 -3.880338 -10.544853 -0.722327 3.543834 -10.553041 -18.356798 -9.132388 14.640678 -52.646160 -8.666400 22.952944 0.924672 -30.140860 -0.494595 -5.166417 -1.821277 15.274905 -5.882102 9.861279 0.702590 -10.936861 -0.360574 7.156197 0.000000 8.774815 -0.000000 -15.979982 18.001076 6.216446 -1.844031 2.498503 -2.507276 -10.163590 4.678941 4.621104 -20.975996 -0.000001 0.000001 -21.226254 2.451698 -3.593995 0.000000 -0.000006 -0.000000 -1.362681 2.240797 -0.746323 -21.334892 0.584910 3.008319 -13.821196 -0.000001 0.000001 -23.887129 -0.249075 -0.839485 -60.837799 2.606391 -0.967304 -0.294025 1.679686 0.833255 -14.218195 0.093215 1.300579 -34.212002 -0.287561 0.967166 -20.033176 0.964536 1.212838 0.000000 -0.000000 0.000000 -3.440387 0.788233 0.501655 -15.928172 -3.167306 2.999703 -6.338817 -0.000000 0.000001 -18.123419 3.648181 -4.905662 -0.000004 0.000000 -0.000002 35.277740 2.993156 15.276860 46.247524 -11.665483 -8.672029 0.563442 29.031763 0.207010 -1.221754 -2.133875 0.422276 2.243540 -5.255033 -3.180156 14.282877 -0.826594 6.952496 -0.000000 -12.690593 -0.000001 16.105087 -17.581070 2.448128 1.665665 -1.955920 -2.878297 4.727794 -4.170584 4.993919 11.020511 0.000001 -0.000000 12.109032 -3.735715 -2.866778 0.000000 -0.000000 0.000000 1.291985 -1.928548 -1.498088 14.800115 0.567467 3.865604 14.242553 -1.341738 -6.660648 19.631935 0.143921 -0.648243 50.045479 -0.294123 -5.820569 0.353029 -1.511150 -0.031940 20.222769 3.684305 2.316629 18.787249 0.000001 -0.000001 10.751608 -0.479870 1.397903 0.000000 -0.000000 0.000000 3.273804 0.305947 -0.580110 21.486790 11.830364 2.266131 8.162915 0.000000 -0.000000 18.399052 -3.798986 -4.940567 0.000003 0.000000 -0.000001 4.536473 4.792462 -0.799422 -0.006157 -0.268493 22.482164 0.812245 -9.663277 -18.120216 1.653203 -1.896696 -1.505635 0.000000 -0.000000 0.000002 -6.042402 19.522278 -21.164005 -0.088217 0.854730 24.614624 17.672359 18.658396 -0.583684 -1.332862 1.185811 -2.817745 0.000000 -0.000000 -0.000001
0.000000 0.000000 0.000000 0.000000 -0.000000 0.000000 2.536985 -2.510915 -3.092523 -0.442702 -1.158337 -0.722761 -0.498575 -0.777059 0.424612 -0.870419 -1.477917 -4.683704 -1.868792 -4.634796 10.111340 6.691295 -0.039041 8.712037 -2.741798 -6.409005 -3.555000 -1.565700 -7.767721 -6.308579 0.000077 -0.000022 0.000006 0.023608 -0.166484 0.050363 0.765950 -3.869498 -10.551039 -0.720316 3.549548 -10.561486 -18.026892 -9.410199 14.642474 -52.918987 -9.120259 24.041115 0.786084 -30.113127 -0.453565 -5.099385 -1.739265 16.048500 -5.882102 9.861279 0.702590 -10.936861 -0.360574 7.156197 0.000000 8.774815 -0.000000 -15.985723 18.066017 6.224138 -1.844031 2.498503 -2.507276 -10.163590 4.678941 4.621104 -20.975996 -0.000001 0.000001 -21.226254 2.451698 -3.593995 0.000000 -0.000006 -0.000000 -1.362681 2.240797 -0.746323 -21.334892 0.584910 3.008319 -13.821196 -0.000001 0.000001 -23.887129 -0.249075 -0.839485 -60.834332 2.656465 -1.010069 -0.294025 1.679686 0.833255 -14.218195 0.093215 1.300579 -34.212002 -0.287561 0.967166 -20.033176 0.964536 1.212838 0.000000 -0.000000 0.000000 -3.440387 0.788233 0.501655 -15.928172 -3.167306 2.999703 -6.338817 -0.000000 0.000001 -18.123419 3.648181 -4.905662 -0.000004 0.000000 -0.000002 35.500324 2.488698 15.059963 46.555759 -12.752888 -9.763629 0.691304 29.496780 0.258594 -1.564832 -1.532708 -0.652416 2.243540 -5.255033 -3.180156 14.282877 -0.826594 6.952496 -0.000000 -12.690593 -0.000001 16.101419 -17.613003 2.440870 1.665665 -1.955920 -2.878297 4.727794 -4.170584 4.993919 11.020511 0.000001 -0.000000 12.109032 -3.735715 -2.866778 0.000000 -0.000000 0.000000 1.291985 -1.928548 -1.498088 14.800115 0.567467 3.865604 14.242553 -1.341738 -6.660648 19.631935 0.143921 -0.648243 50.119629 -0.287686 -5.777533 0.353029 -1.511150 -0.031940 20.222769 3.684305 2.316629 18.787249 0.000001 -0.000001 10.751608 -0.479870 1.397903 0.000000 -0.000000 0.000000 3.273804 0.305947 -0.580110 21.486790 11.830364 2.266131 8.162915 0.000000 -0.000000 18.399052 -3.798986 -4.940567 0.000003 0.000000 -0.000001 4.536473 4.792462 -0.799422 -0.006157 -0.268493 22.482164 0.812245 -9.663277 -18.120216 1.653203 -1.896696 -1.505635 0.000000 -0.000000 0.000002 -6.042402 19.522278 -21.164005 -0.088217 0.854730 24.614624 17.672359 18.658396 -0.583684 -1.332862 1.185811 -2.817745 0.000000 -0.000000 -0.000001
0.000000 0.000000 0.000000 0.000000 -0.000000 0.000000 2.536985 -2.506170 -3.092523 -0.442702 -1.158337 -0.722761 -0.476463 -0.803526 0.455843 -0.875990 -1.577003 -4.661698 -1.872788 -4.748698 10.131866 7.095503 -0.305808 8.668135 -2.713892 -6.286751 -3.558814 -1.515769 -7.775446 -5.781206 0.000077 -0.000022 0.000006 0.022702 -0.166608 0.042740 0.763549 -3.868717 -10.558794 -0.720096 3.548867 -10.566523 -17.777691 -9.671396 14.622443 -53.070316 -9.553980 24.768873 0.608248 -30.036461 -0.389142 -5.016597 -1.668209 16.595137 -5.882102 9.861279 0.702590 -10.936861 -0.360574 7.156197 0.000000 8.774815 -0.000000 -16.023243 18.112923 6.207042 -1.844031 2.498503 -2.507276 -10.163590 4.678941 4.621104 -20.975996 -0.000001 0.000001 -21.226254 2.451698 -3.593995 0.000000 -0.000006 -0.000000 -1.362681 2.240797 -0.746323 -21.334892 0.584910 3.008319 -13.821196 -0.000001 0.000001 -23.887129 -0.249075 -0.839485 -60.843872 2.687478 -1.103590 -0.294025 1.679686 0.833255 -14.218195 0.093215 1.300579 -34.212002 -0.287561 0.967166 -20.033176 0.964536 1.212838 0.000000 -0.000000 0.000000 -3.440387 0.788233 0.501655 -15.928172 -3.167306 2.999703 -6.338817 -0.000000 0.000001 -18.123419 3.648181 -4.905662 -0.000004 0.000000 -0.000002 35.692413 2.123573 14.810606 46.842751 -13.605543 -10.861105 0.773988 29.844700 0.303970 -1.901905 -1.280113 -1.551870 2.243540 -5.255033 -3.180156 14.282877 -0.826594 6.952496 -0.000000 -12.690593 -0.000001 16.123196 -17.639320 2.427692 1.665665 -1.955920 -2.878297 4.727794 -4.170584 4.993919 11.020511 0.000001 -0.000000 12.109032 -3.735715 -2.866778 0.000000 -0.000000 0.000000 1.291985 -1.928548 -1.498088 14.800115 0.567467 3.865604 14.242553 -1.341738 -6.660648 19.631935 0.143921 -0.648243 50.184322 -0.300570 -5.774419 0.353029 -1.511150 -0.031940 20.222769 3.684305 2.316629 18.787249 0.000001 -0.000001 10.751608 -0.479870 1.397903 0.000000 -0.000000 0.000000 3.273804 0.305947 -0.580110 21.486790 11.830364 2.266131 8.162915 0.000000 -0.000000 18.399052 -3.798986 -4.940567 0.000003 0.000000 -0.000001 4.536473 4.792462 -0.799422 -0.006157 -0.268493 22.482164 0.812245 -9.663277 -18.120216 1.653203 -1.896696 -1.505635 0.000000 -0.000000 0.000002 -6.042402 19.522278 -21.164005 -0.088217 0.854730 24.614624 17.672359 18.658396 -0.583684 -1.332862 1.185811 -2.817745 0.000000 -0.000000 -0.000001
0.000000 0.000000 0.000000 0.000000 -0.000000 0.000000 2.536985 -2.518293 -3.092523 -0.442702 -1.158337 -0.722761 -0.471249 -0.817382 0.483418 -0.882484 -1.635026 -4.637281 -1.902863 -4.800389 10.145618 7.469767 -0.543650 8.636627 -2.685652 -6.075141 -3.555560 -1.432555 -7.708951 -5.357625 0.000077 -0.000022 0.000006 0.022981 -0.174157 0.036198 0.763798 -3.874311 -10.555479 -0.720034 3.540193 -10.556727 -17.544228 -9.821355 14.512955 -53.159805 -9.779110 25.186399 0.473448 -30.095299 -0.369715 -4.938287 -1.621594 16.908884 -5.882102 9.861279 0.702590 -10.936861 -0.360574 7.156197 0.000000 8.774815 -0.000000 -16.057209 18.129282 6.177550 -1.844031 2.498503 -2.507276 -10.163590 4.678941 4.621104 -20.975996 -0.000001 0.000001 -21.226254 2.451698 -3.593995 0.000000 -0.000006 -0.000000 -1.362681 2.240797 -0.746323 -21.334892 0.584910 3.008319 -13.821196 -0.000001 0.000001 -23.887129 -0.249075 -0.839485 -60.836880 2.702173 -1.191539 -0.294025 1.679686 0.833255 -14.218195 0.093215 1.300579 -34.212002 -0.287561 0.967166 -20.033176 0.964536 1.212838 0.000000 -0.000000 0.000000 -3.440387 0.788233 0.501655 -15.928172 -3.167306 2.999703 -6.338817 -0.000000 0.000001 -18.123419 3.648181 -4.905662 -0.000004 0.000000 -0.000002 35.768089 1.914193 14.663723 47.182369 -14.089449 -11.843302 0.769739 29.903460 0.318954 -2.261122 -1.173091 -2.375952 2.243540 -5.255033 -3.180156 14.282877 -0.826594 6.952496 -0.000000 -12.690593 -0.000001 16.171532 -17.656618 2.412831 1.665665 -1.955920 -2.878297 4.727794 -4.170584 4.993919 11.020511 0.000001 -0.000000 12.109032 -3.735715 -2.866778 0.000000 -0.000000 0.000000 1.291985 -1.928548 -1.498088 14.800115 0.567467 3.865604 14.242553 -1.341738 -6.660648 19.631935 0.143921 -0.648243 50.262104 -0.290198 -5.775067 0.353029 -1.511150 -0.031940 20.222769 3.684305 2.316629 18.787249 0.000001 -0.000001 10.751608 -0.479870 1.397903 0.000000 -0.000000 0.000000 3.273804 0.305947 -0.580110 21.486790 11.830364 2.266131 8.162915 0.000000 -0.000000 18.399052 -3.798986 -4.940567 0.000003 0.000000 -0.000001 4.536473 4.792462 -0.799422 -0.006157 -0.268493 22.482164 0.812245 -9.663277 -18.120216 1.653203 -1.896696 -1.505635 0.000000 -0.000000 0.000002 -6.042402 19.522278 -21.164005 -0.088217 0.854730 24.614624 17.672359 18.658396 -0.583684 -1.332862 1.185811 -2.817745 0.000000 -0.000000 -0.000001
0.000000 0.000000 0.000000 0.000000 -0.000000 0.000000 2.536985 -2.534460 -3.092523 -0.442702 -1.158337 -0.722761 -0.513506 -0.787189 0.529413 -0.879292 -1.663068 -4.636144 -1.905075 -4.735670 10.112307 7.766540 -0.737878 8.676316 -2.629759 -5.741729 -3.587921 -1.413997 -7.550725 -4.961033 0.000077 -0.000022 0.000006 0.020790 -0.143818 0.029938 0.761117 -3.840958 -10.544035 -0.721789 3.567690 -10.542888 -17.431732 -9.833312 14.484326 -53.108349 -9.810276 25.373362 0.481533 -30.393225 -0.437099 -4.974250 -1.582811 17.255089 -5.882102 9.861279 0.702590 -10.936861 -0.360574 7.156197 0.000000 8.774815 -0.000000 -16.074448 18.132988 6.137331 -1.844031 2.498503 -2.507276 -10.163590 4.678941 4.621104 -20.975996 -0.000001 0.000001 -21.226254 2.451698 -3.593995 0.000000 -0.000006 -0.000000 -1.362681 2.240797 -0.746323 -21.334892 0.584910 3.008319 -13.821196 -0.000001 0.000001 -23.887129 -0.249075 -0.839485 -60.766254 2.678181 -1.294106 -0.294025 1.679686 0.833255 -14.218195 0.093215 1.300579 -34.212002 -0.287561 0.967166 -20.033176 0.964536 1.212838 0.000000 -0.000000 0.000000 -3.440387 0.788233 0.501655 -15.928172 -3.167306 2.999703 -6.338817 -0.000000 0.000001 -18.123419 3.648181 -4.905662 -0.000004 0.000000 -0.000002 35.818733 1.883448 14.648410 47.480499 -14.349316 -12.544422 0.605309 29.856636 0.336379 -2.509717 -1.065568 -3.018488 2.243540 -5.255033 -3.180156 14.282877 -0.826594 6.952496 -0.000000 -12.690593 -0.000001 16.189705 -17.672258 2.416236 1.665665 -1.955920 -2.878297 4.727794 -4.170584 4.993919 11.020511 0.000001 -0.000000 12.109032 -3.735715 -2.866778 0.000000 -0.000000 0.000000 1.291985 -1.928548 -1.498088 14.800115 0.567467 3.865604 14.242553 -1.341738 -6.660648 19.631935 0.143921 -0.648243 50.307976 -0.274109 -5.791008 0.353029 -1.511150 -0.031940 20.222769 3.684305 2.316629 18.787249 0.000001 -0.000001 10.751608 -0.479870 1.397903 0.000000 -0.000000 0.000000 3.273804 0.305947 -0.580110 21.486790 11.830364 2.266131 8.162915 0.000000 -0.000000 18.399052 -3.798986 -4.940567 0.000003 0.000000 -0.000001 4.536473 4.792462 -0.799422 -0.006157 -0.268493 22.482164 0.812245 -9.663277 -18.120216 1.653203 -1.896696 -1.505635 0.000000 -0.000000 0.000002 -6.042402 19.522278 -21.164005 -0.088217 0.854730 24.614624 17.672359 18.658396 -0.583684 -1.332862 1.185811 -2.817745 0.000000 -0.000000 -0.000001
0.000000 0.000000 0.000000 0.000000 -0.000000 0.000000 2.536985 -2.572790 -3.092523 -0.442702 -1.158337 -0.722761 -0.494841 -0.808688 0.503287 -0.867151 -1.780429 -4.626399 -2.054317 -4.701799 10.054547 8.181023 -0.907037 8.636903 -2.639178 -5.726985 -3.622917 -1.385231 -7.258219 -4.644227 0.000077 -0.000022 0.000006 0.024729 -0.186918 0.051065 0.763315 -3.884073 -10.534651 -0.716291 3.524309 -10.514684 -17.169956 -9.876825 14.262724 -53.065033 -9.614825 25.833471 0.535130 -30.733751 -0.418303 -4.914072 -1.711476 17.412199 -5.882102 9.861279 0.702590 -10.936861 -0.360574 7.156197 0.000000 8.774815 -0.000000 -16.147625 18.237524 6.148723 -1.844031 2.498503 -2.507276 -10.163590 4.678941 4.621104 -20.975996 -0.000001 0.000001 -21.226254 2.451698 -3.593995 0.000000 -0.000006 -0.000000 -1.362681 2.240797 -0.746323 -21.334892 0.584910 3.008319 -13.821196 -0.000001 0.000001 -23.887129 -0.249075 -0.839485 -60.822540 2.703950 -1.260276 -0.294025 1.679686 0.833255 -14.218195 0.093215 1.300579 -34.212002 -0.287561 0.967166 -20.033176 0.964536 1.212838 0.000000 -0.000000 0.000000 -3.440387 0.788233 0.501655 -15.928172 -3.167306 2.999703 -6.338817 -0.000000 0.000001 -18.123419 3.648181 -4.905662 -0.000004 0.000000 -0.000002 35.648472 1.740913 14.423010 48.052055 -14.472007 -13.727022 0.767056 29.578981 0.334460 -2.635314 -0.792929 -3.510206 2.243540 -5.255033 -3.180156 14.282877 -0.826594 6.952496 -0.000000 -12.690593 -0.000001 16.328091 -17.593746 2.372555 1.665665 -1.955920 -2.878297 4.727794 -4.170584 4.993919 11.020511 0.000001 -0.000000 12.109032 -3.735715 -2.866778 0.000000 -0.000000 0.000000 1.291985 -1.928548 -1.498088 14.800115 0.567467 3.865604 14.242553 -1.341738 -6.660648 19.631935 0.143921 -0.648243 50.240810 -0.178009 -5.669459 0.353029 -1.511150 -0.031940 20.222769 3.684305 2.316629 18.787249 0.000001 -0.000001 10.751608 -0.479870 1.397903 0.000000 -0.000000 0.000000 3.273804 0.305947 -0.580110 21.486790 11.830364 2.266131 8.162915 0.000000 -0.000000 18.399052 -3.798986 -4.940567 0.000003 0.000000 -0.000001 4.536473 4.792462 -0.799422 -0.006157 -0.268493 22.482164 0.812245 -9.663277 -18.120216 1.653203 -1.896696 -1.505635 0.000000 -0.000000 0.000002 -6.042402 19.522278 -21.164005 -0.088217 0.854730 24.614624 17.672359 18.658396 -0.583684 -1.332862 1.185811 -2.817745 0.000000 -0.000000 -0.000001
0.000000 0.000000 0.000000 0.000000 -0.000000 0.000000 2.536985 -2.584554 -3.092523 -0.442702 -1.158337 -0.722761 -0.391035 -0.733425 0.547089 -0.857237 -1.387561 -4.627605 -1.891469 -4.263078 9.998495 7.712306 -0.688797 8.876679 -2.535257 -5.215918 -3.607714 -1.171700 -6.895663 -4.451590 0.000077 -0.000022 0.000006 0.022322 -0.187588 0.033047 0.765598 -3.885740 -10.561769 -0.723530 3.526808 -10.553693 -17.483128 -9.130911 13.996909 -52.649300 -8.966671 25.604053 0.619992 -31.457693 -0.533058 -4.861429 -1.842120 17.141788 -5.882102 9.861279 0.702590 -10.936861 -0.360574 7.156197 0.000000 8.774815 -0.000000 -16.215294 18.091551 6.120414 -1.844031 2.498503 -2.507276 -10.163590 4.678941 4.621104 -20.975996 -0.000001 0.000001 -21.226254 2.451698 -3.593995 0.000000 -0.000006 -0.000000 -1.362681 2.240797 -0.746323 -21.334892 0.584910 3.008319 -13.821196 -0.000001 0.000001 -23.887129 -0.249075 -0.839485 -60.937931 2.663644 -1.208800 -0.294025 1.679686 0.833255 -14.218195 0.093215 1.300579 -34.212002 -0.287561 0.967166 -20.033176 0.964536 1.212838 0.000000 -0.000000 0.000000 -3.440387 0.788233 0.501655 -15.928172 -3.167306 2.999703 -6.338817 -0.000000 0.000001 -18.123419 3.648181 -4.905662 -0.000004 0.000000 -0.000002 35.157482 2.529696 14.832604 48.198578 -14.133240 -13.270308 0.518334 29.006857 0.262394 -2.644618 -0.851874 -3.672017 2.243540 -5.255033 -3.180156 14.282877 -0.826594 6.952496 -0.000000 -12.690593 -0.000001 16.220329 -17.680496 2.467870 1.665665 -1.955920 -2.878297 4.727794 -4.170584 4.993919 11.020511 0.000001 -0.000000 12.109032 -3.735715 -2.866778 0.000000 -0.000000 0.000000 1.291985 -1.928548 -1.498088 14.800115 0.567467 3.865604 14.242553 -1.341738 -6.660648 19.631935 0.143921 -0.648243 50.399258 -0.224950 -5.812259 0.353029 -1.511150 -0.031940 20.222769 3.684305 2.316629 18.787249 0.000001 -0.000001 10.751608 -0.479870 1.397903 0.000000 -0.000000 0.000000 3.273804 0.305947 -0.580110 21.486790 11.830364 2.266131 8.162915 0.000000 -0.000000 18.399052 -3.798986 -4.940567 0.000003 0.000000 -0.000001 4.536473 4.792462 -0.799422 -0.006157 -0.268493 22.482164 0.812245 -9.663277 -18.120216 1.653203 -1.896696 -1.505635 0.000000 -0.000000 0.000002 -6.042402 19.522278 -21.164005 -0.088217 0.854730 24.614624 17.672359 18.658396 -0.583684 -1.332862 1.185811 -2.817745 0.000000 -0.000000 -0.000001
0.000000 0.000000 0.000000 0.000000 -0.000000 0.000000 2.536985 -2.584745 -3.092523 -0.442702 -1.158337 -0.722761 -0.343924 -0.660212 0.526811 -0.828783 -1.068954 -4.617359 -1.811691 -3.874518 9.872412 7.263544 -0.504108 9.067522 -2.405247 -4.725418 -3.600740 -1.087813 -6.340627 -4.140511 0.000077 -0.000022 0.000006 0.022079 -0.185237 0.036913 0.764444 -3.883826 -10.563831 -0.722767 3.529646 -10.561100 -17.760565 -8.418530 13.694028 -52.256573 -8.188807 25.462431 0.783249 -31.938856 -0.586505 -4.904686 -1.928576 17.034874 -5.882102 9.861279 0.702590 -10.936861 -0.360574 7.156197 0.000000 8.774815 -0.000000 -16.239079 18.081787 6.112584 -1.844031 2.498503 -2.507276 -10.163590 4.678941 4.621104 -20.975996 -0.000001 0.000001 -21.226254 2.451698 -3.593995 0.000000 -0.000006 -0.000000 -1.362681 2.240797 -0.746323 -21.334892 0.584910 3.008319 -13.821196 -0.000001 0.000001 -23.887129 -0.249075 -0.839485 -60.935211 2.646649 -1.169936 -0.294025 1.679686 0.833255 -14.218195 0.093215 1.300579 -34.212002 -0.287561 0.967166 -20.033176 0.964536 1.212838 0.000000 -0.000000 0.000000 -3.440387 0.788233 0.501655 -15.928172 -3.167306 2.999703 -6.338817 -0.000000 0.000001 -18.123419 3.648181 -4.905662 -0.000004 0.000000 -0.000002 34.617546 3.182704 15.181109 48.493690 -13.754555 -13.144065 0.431164 28.538134 0.231078 -2.549561 -0.751462 -3.898433 2.243540 -5.255033 -3.180156 14.282877 -0.826594 6.952496 -0.000000 -12.690593 -0.000001 16.165079 -17.692566 2.531980 1.665665 -1.955920 -2.878297 4.727794 -4.170584 4.993919 11.020511 0.000001 -0.000000 12.109032 -3.735715 -2.866778 0.000000 -0.000000 0.000000 1.291985 -1.928548 -1.498088 14.800115 0.567467 3.865604 14.242553 -1.341738 -6.660648 19.631935 0.143921 -0.648243 50.408211 -0.260791 -5.850043 0.353029 -1.511150 -0.031940 20.222769 3.684305 2.316629 18.787249 0.000001 -0.000001 10.751608 -0.479870 1.397903 0.000000 -0.000000 0.000000 3.273804 0.305947 -0.580110 21.486790 11.830364 2.266131 8.162915 0.000000 -0.000000 18.399052 -3.798986 -4.940567 0.000003 0.000000 -0.000001 4.536473 4.792462 -0.799422 -0.006157 -0.268493 22.482164 0.812245 -9.663277 -18.120216 1.653203 -1.896696 -1.505635 0.000000 -0.000000 0.000002 -6.042402 19.522278 -21.164005 -0.088217 0.854730 24.614624 17.672359 18.658396 -0.583684 -1.332862 1.185811 -2.817745 0.000000 -0.000000 -0.000001
0.000000 0.000000 0.000000 0.000000 -0.000000 0.000000 2.536985 -2.576040 -3.092523 -0.442702 -1.158337 -0.722761 -0.285587 -0.582583 0.529167 -0.799075 -0.755993 -4.603342 -1.727330 -3.541830 9.730904 6.720635 -0.267672 9.185535 -2.251758 -4.311287 -3.581634 -0.956799 -5.824883 -3.871499 0.000077 -0.000022 0.000006 0.022626 -0.190579 0.042280 0.763016 -3.890851 -10.561281 -0.720088 3.526131 -10.564753 -18.002884 -7.740604 13.423903 -51.888680 -7.454282 25.093271 0.814426 -32.209358 -0.590068 -4.952003 -1.968167 17.013649 -5.882102 9.861279 0.702590 -10.936861 -0.360574 7.156197 0.000000 8.774815 -0.000000 -16.257046 18.069923 6.111063 -1.844031 2.498503 -2.507276 -10.163590 4.678941 4.621104 -20.975996 -0.000001 0.000001 -21.226254 2.451698 -3.593995 0.000000 -0.000006 -0.000000 -1.362681 2.240797 -0.746323 -21.334892 0.584910 3.008319 -13.821196 -0.000001 0.000001 -23.887129 -0.249075 -0.839485 -60.945690 2.647548 -1.133627 -0.294025 1.679686 0.833255 -14.218195 0.093215 1.300579 -34.212002 -0.287561 0.967166 -20.033176 0.964536 1.212838 0.000000 -0.000000 0.000000 -3.440387 0.788233 0.501655 -15.928172 -3.167306 2.999703 -6.338817 -0.000000 0.000001 -18.123419 3.648181 -4.905662 -0.000004 0.000000 -0.000002 34.125622 3.822816 15.515467 48.732780 -13.391038 -12.894762 0.350319 28.235182 0.203223 -2.407395 -0.657882 -3.985864 2.243540 -5.255033 -3.180156 14.282877 -0.826594 6.952496 -0.000000 -12.690593 -0.000001 16.093569 -17.706429 2.568647 1.665665 -1.955920 -2.878297 4.727794 -4.170584 4.993919 11.020511 0.000001 -0.000000 12.109032 -3.735715 -2.866778 0.000000 -0.000000 0.000000 1.291985 -1.928548 -1.498088 14.800115 0.567467 3.865604 14.242553 -1.341738 -6.660648 19.631935 0.143921 -0.648243 50.411285 -0.285045 -5.865749 0.353029 -1.511150 -0.031940 20.222769 3.684305 2.316629 18.787249 0.000001 -0.000001 10.751608 -0.479870 1.397903 0.000000 -0.000000 0.000000 3.273804 0.305947 -0.580110 21.486790 11.830364 2.266131 8.162915 0.000000 -0.000000 18.399052 -3.798986 -4.940567 0.000003 0.000000 -0.000001 4.536473 4.792462 -0.799422 -0.006157 -0.268493 22.482164 0.812245 -9.663277 -18.120216 1.653203 -1.896696 -1.505635 0.000000 -0.000000 0.000002 -6.042402 19.522278 -21.164005 -0.088217 0.854730 24.614624 17.672359 18.658396 -0.583684 -1.332862 1.185811 -2.817745 0.000000 -0.000000 -0.000001
0.000000 0.000000 0.000000 0.000000 -0.000000 0.000000 2.536985 -2.563253 -3.092523 -0.442702 -1.158337 -0.722761 -0.249162 -0.524635 0.536453 -0.779805 -0.529657 -4.588192 -1.629039 -3.295264 9.597179 6.285582 -0.105462 9.206043 -2.121641 -4.014062 -3.566386 -0.837190 -5.529879 -3.644764 0.000077 -0.000022 0.000006 0.020787 -0.167028 0.043348 0.759710 -3.868442 -10.556626 -0.720316 3.550749 -10.566558 -18.176794 -7.272814 13.236385 -51.614437 -6.905798 24.671398 0.773301 -32.210880 -0.557336 -5.003850 -1.984271 16.976982 -5.882102 9.861279 0.702590 -10.936861 -0.360574 7.156197 0.000000 8.774815 -0.000000 -16.229580 18.051382 6.092407 -1.844031 2.498503 -2.507276 -10.163590 4.678941 4.621104 -20.975996 -0.000001 0.000001 -21.226254 2.451698 -3.593995 0.000000 -0.000006 -0.000000 -1.362681 2.240797 -0.746323 -21.334892 0.584910 3.008319 -13.821196 -0.000001 0.000001 -23.887129 -0.249075 -0.839485 -60.864212 2.639469 -1.137241 -0.294025 1.679686 0.833255 -14.218195 0.093215 1.300579 -34.212002 -0.287561 0.967166 -20.033176 0.964536 1.212838 0.000000 -0.000000 0.000000 -3.440387 0.788233 0.501655 -15.928172 -3.167306 2.999703 -6.338817 -0.000000 0.000001 -18.123419 3.648181 -4.905662 -0.000004 0.000000 -0.000002 33.866119 4.283927 15.724440 48.803909 -13.162473 -12.606370 0.260113 28.124043 0.179795 -2.308342 -0.579161 -4.103657 2.243540 -5.255033 -3.180156 14.282877 -0.826594 6.952496 -0.000000 -12.690593 -0.000001 16.024345 -17.714819 2.603880 1.665665 -1.955920 -2.878297 4.727794 -4.170584 4.993919 11.020511 0.000001 -0.000000 12.109032 -3.735715 -2.866778 0.000000 -0.000000 0.000000 1.291985 -1.928548 -1.498088 14.800115 0.567467 3.865604 14.242553 -1.341738 -6.660648 19.631935 0.143921 -0.648243 50.460102 -0.327732 -5.852119 0.353029 -1.511150 -0.031940 20.222769 3.684305 2.316629 18.787249 0.000001 -0.000001 10.751608 -0.479870 1.397903 0.000000 -0.000000 0.000000 3.273804 0.305947 -0.580110 21.486790 11.830364 2.266131 8.162915 0.000000 -0.000000 18.399052 -3.798986 -4.940567 0.000003 0.000000 -0.000001 4.536473 4.792462 -0.799422 -0.006157 -0.268493 22.482164 0.812245 -9.663277 -18.120216 1.653203 -1.896696 -1.505635 0.000000 -0.000000 0.000002 -6.042402 19.522278 -21.164005 -0.088217 0.854730 24.614624 17.672359 18.658396 -0.583684 -1.332862 1.185811 -2.817745 0.000000 -0.000000 -0.000001
0.000000 0.000000 0.000000 0.000000 -0.000000 0.000000 2.536985 -2.558469 -3.092523 -0.442702 -1.158337 -0.722761 -0.227812 -0.499467 0.555459 -0.778495 -0.451089 -4.577387 -1.575298 -3.186959 9.470643 6.145952 -0.083554 9.124443 -2.050792 -3.877825 -3.576984 -0.777923 -5.450677 -3.470400 0.000077 -0.000022 0.000006 0.017565 -0.124131 0.038160 0.757684 -3.823755 -10.558637 -0.724543 3.591431 -10.571627 -18.245682 -7.107775 13.171584 -51.435146 -6.612968 24.324493 0.723204 -31.954447 -0.499021 -5.058181 -2.005300 17.045834 -5.882102 9.861279 0.702590 -10.936861 -0.360574 7.156197 0.000000 8.774815 -0.000000 -16.196505 18.019846 6.072524 -1.844031 2.498503 -2.507276 -10.163590 4.678941 4.621104 -20.975996 -0.000001 0.000001 -21.226254 2.451698 -3.593995 0.000000 -0.000006 -0.000000 -1.362681 2.240797 -0.746323 -21.334892 0.584910 3.008319 -13.821196 -0.000001 0.000001 -23.887129 -0.249075 -0.839485 -60.733395 2.605656 -1.140943 -0.294025 1.679686 0.833255 -14.218195 0.093215 1.300579 -34.212002 -0.287561 0.967166 -20.033176 0.964536 1.212838 0.000000 -0.000000 0.000000 -3.440387 0.788233 0.501655 -15.928172 -3.167306 2.999703 -6.338817 -0.000000 0.000001 -18.123419 3.648181 -4.905662 -0.000004 0.000000 -0.000002 33.895683 4.422213 15.782233 48.732174 -13.085081 -12.496176 0.210795 28.196095 0.187358 -2.331366 -0.521137 -4.244905 2.243540 -5.255033 -3.180156 14.282877 -0.826594 6.952496 -0.000000 -12.690593 -0.000001 15.989046 -17.696112 2.616075 1.665665 -1.955920 -2.878297 4.727794 -4.170584 4.993919 11.020511 0.000001 -0.000000 12.109032 -3.735715 -2.866778 0.000000 -0.000000 0.000000 1.291985 -1.928548 -1.498088 14.800115 0.567467 3.865604 14.242553 -1.341738 -6.660648 19.631935 0.143921 -0.648243 50.515903 -0.349897 -5.791058 0.353029 -1.511150 -0.031940 20.222769 3.684305 2.316629 18.787249 0.000001 -0.000001 10.751608 -0.479870 1.397903 0.000000 -0.000000 0.000000 3.273804 0.305947 -0.580110 21.486790 11.830364 2.266131 8.162915 0.000000 -0.000000 18.399052 -3.798986 -4.940567 0.000003 0.000000 -0.000001 4.536473 4.792462 -0.799422 -0.006157 -0.268493 22.482164 0.812245 -9.663277 -18.120216 1.653203 -1.896696 -1.505635 0.000000 -0.000000 0.000002 -6.042402 19.522278 -21.164005 -0.088217 0.854730 24.614624 17.672359 18.658396 -0.583684 -1.332862 1.185811 -2.817745 0.000000 -0.000000 -0.000001
0.000000 0.000000 0.000000 0.000000 -0.000000 0.000000 2.536985 -2.544263 -3.092523 -0.442702 -1.158337 -0.722761 -0.216189 -0.505614 0.580518 -0.790499 -0.486577 -4.572415 -1.571485 -3.192272 9.346034 6.254364 -0.168984 8.958426 -2.013853 -3.820163 -3.600347 -0.772403 -5.478330 -3.372927 0.000077 -0.000022 0.000006 0.014167 -0.082691 0.034402 0.757620 -3.781391 -10.570373 -0.731015 3.631330 -10.583231 -18.227980 -7.170067 13.163889 -51.320419 -6.489834 24.147881 0.712906 -31.561049 -0.448608 -5.075696 -2.031135 17.052385 -5.882102 9.861279 0.702590 -10.936861 -0.360574 7.156197 0.000000 8.774815 -0.000000 -16.158010 17.979357 6.068190 -1.844031 2.498503 -2.507276 -10.163590 4.678941 4.621104 -20.975996 -0.000001 0.000001 -21.226254 2.451698 -3.593995 0.000000 -0.000006 -0.000000 -1.362681 2.240797 -0.746323 -21.334892 0.584910 3.008319 -13.821196 -0.000001 0.000001 -23.887129 -0.249075 -0.839485 -60.600029 2.558720 -1.132971 -0.294025 1.679686 0.833255 -14.218195 0.093215 1.300579 -34.212002 -0.287561 0.967166 -20.033176 0.964536 1.212838 0.000000 -0.000000 0.000000 -3.440387 0.788233 0.501655 -15.928172 -3.167306 2.999703 -6.338817 -0.000000 0.000001 -18.123419 3.648181 -4.905662 -0.000004 0.000000 -0.000002 34.106026 4.327283 15.695825 48.584328 -13.181493 -12.638467 0.231472 28.358530 0.232529 -2.450473 -0.470602 -4.360663 2.243540 -5.255033 -3.180156 14.282877 -0.826594 6.952496 -0.000000 -12.690593 -0.000001 16.001991 -17.645998 2.597206 1.665665 -1.955920 -2.878297 4.727794 -4.170584 4.993919 11.020511 0.000001 -0.000000 12.109032 -3.735715 -2.866778 0.000000 -0.000000 0.000000 1.291985 -1.928548 -1.498088 14.800115 0.567467 3.865604 14.242553 -1.341738 -6.660648 19.631935 0.143921 -0.648243 50.530781 -0.336153 -5.702401 0.353029 -1.511150 -0.031940 20.222769 3.684305 2.316629 18.787249 0.000001 -0.000001 10.751608 -0.479870 1.397903 0.000000 -0.000000 0.000000 3.273804 0.305947 -0.580110 21.486790 11.830364 2.266131 8.162915 0.000000 -0.000000 18.399052 -3.798986 -4.940567 0.000003 0.000000 -0.000001 4.536473 4.792462 -0.799422 -0.006157 -0.268493 22.482164 0.812245 -9.663277 -18.120216 1.653203 -1.896696 -1.505635 0.000000 -0.000000 0.000002 -6.042402 19.522278 -21.164005 -0.088217 0.854730 24.614624 17.672359 18.658396 -0.583684 -1.332862 1.185811 -2.817745 0.000000 -0.000000 -0.000001
0.000000 0.000000 0.000000 0.000000 -0.000000 0.000000 2.536985 -2.538190 -3.092523 -0.442702 -1.158337 -0.722761 -0.191190 -0.518987 0.580690 -0.789052 -0.572758 -4.551433 -1.601701 -3.227194 9.260521 6.451188 -0.276015 8.773073 -2.006003 -3.928049 -3.605924 -0.760317 -5.472174 -3.451158 0.000077 -0.000022 0.000006 0.012145 -0.081850 0.041835 0.755947 -3.789145 -10.602755 -0.733093 3.640114 -10.615132 -18.082232 -7.355504 13.044797 -51.299641 -6.367981 24.200470 0.705133 -31.115269 -0.401100 -5.019175 -2.082684 16.700218 -5.882102 9.861279 0.702590 -10.936861 -0.360574 7.156197 0.000000 8.774815 -0.000000 -16.099167 18.005615 6.094973 -1.844031 2.498503 -2.507276 -10.163590 4.678941 4.621104 -20.975996 -0.000001 0.000001 -21.226254 2.451698 -3.593995 0.000000 -0.000006 -0.000000 -1.362681 2.240797 -0.746323 -21.334892 0.584910 3.008319 -13.821196 -0.000001 0.000001 -23.887129 -0.249075 -0.839485 -60.534634 2.589126 -1.135683 -0.294025 1.679686 0.833255 -14.218195 0.093215 1.300579 -34.212002 -0.287561 0.967166 -20.033176 0.964536 1.212838 0.000000 -0.000000 0.000000 -3.440387 0.788233 0.501655 -15.928172 -3.167306 2.999703 -6.338817 -0.000000 0.000001 -18.123419 3.648181 -4.905662 -0.000004 0.000000 -0.000002 34.322586 4.116926 15.469599 48.440258 -13.362321 -12.890574 0.283815 28.468853 0.231791 -2.542288 -0.466614 -4.402627 2.243540 -5.255033 -3.180156 14.282877 -0.826594 6.952496 -0.000000 -12.690593 -0.000001 16.092369 -17.606518 2.561415 1.665665 -1.955920 -2.878297 4.727794 -4.170584 4.993919 11.020511 0.000001 -0.000000 12.109032 -3.735715 -2.866778 0.000000 -0.000000 0.000000 1.291985 -1.928548 -1.498088 14.800115 0.567467 3.865604 14.242553 -1.341738 -6.660648 19.631935 0.143921 -0.648243 50.519749 -0.320617 -5.645451 0.353029 -1.511150 -0.031940 20.222769 3.684305 2.316629 18.787249 0.000001 -0.000001 10.751608 -0.479870 1.397903 0.000000 -0.000000 0.000000 3.273804 0.305947 -0.580110 21.486790 11.830364 2.266131 8.162915 0.000000 -0.000000 18.399052 -3.798986 -4.940567 0.000003 0.000000 -0.000001 4.536473 4.792462 -0.799422 -0.006157 -0.268493 22.482164 0.812245 -9.663277 -18.120216 1.653203 -1.896696 -1.505635 0.000000 -0.000000 0.000002 -6.042402 19.522278 -21.164005 -0.088217 0.854730 24.614624 17.672359 18.658396 -0.583684 -1.332862 1.185811 -2.817745 0.000000 -0.000000 -0.000001
0.000000 0.000000 0.000000 0.000000 -0.000000 0.000000 2.536985 -2.538831 -3.092523 -0.442702 -1.158337 -0.722761 -0.186383 -0.515220 0.586718 -0.791457 -0.601033 -4.508209 -1.616674 -3.268699 9.228259 6.608082 -0.376911 8.616192 -1.985892 -4.105999 -3.570464 -0.657873 -5.365895 -3.702812 0.000077 -0.000022 0.000006 0.014170 -0.125813 0.035506 0.754969 -3.833904 -10.608003 -0.727554 3.597321 -10.621367 -17.903727 -7.591942 12.831459 -51.440594 -6.202247 23.905069 0.610679 -30.674103 -0.385512 -5.080751 -2.001886 16.832735 -5.882102 9.861279 0.702590 -10.936861 -0.360574 7.156197 0.000000 8.774815 -0.000000 -16.079023 17.987219 6.053035 -1.844031 2.498503 -2.507276 -10.163590 4.678941 4.621104 -20.975996 -0.000001 0.000001 -21.226254 2.451698 -3.593995 0.000000 -0.000006 -0.000000 -1.362681 2.240797 -0.746323 -21.334892 0.584910 3.008319 -13.821196 -0.000001 0.000001 -23.887129 -0.249075 -0.839485 -60.508148 2.539332 -1.203043 -0.294025 1.679686 0.833255 -14.218195 0.093215 1.300579 -34.212002 -0.287561 0.967166 -20.033176 0.964536 1.212838 0.000000 -0.000000 0.000000 -3.440387 0.788233 0.501655 -15.928172 -3.167306 2.999703 -6.338817 -0.000000 0.000001 -18.123419 3.648181 -4.905662 -0.000004 0.000000 -0.000002 34.532322 4.000028 15.423533 48.271759 -13.404488 -13.098592 0.295058 28.552376 0.205697 -2.550130 -0.611896 -4.457957 2.243540 -5.255033 -3.180156 14.282877 -0.826594 6.952496 -0.000000 -12.690593 -0.000001 16.097095 -17.649410 2.517663 1.665665 -1.955920 -2.878297 4.727794 -4.170584 4.993919 11.020511 0.000001 -0.000000 12.109032 -3.735715 -2.866778 0.000000 -0.000000 0.000000 1.291985 -1.928548 -1.498088 14.800115 0.567467 3.865604 14.242553 -1.341738 -6.660648 19.631935 0.143921 -0.648243 50.593807 -0.375539 -5.695648 0.353029 -1.511150 -0.031940 20.222769 3.684305 2.316629 18.787249 0.000001 -0.000001 10.751608 -0.479870 1.397903 0.000000 -0.000000 0.000000 3.273804 0.305947 -0.580110 21.486790 11.830364 2.266131 8.162915 0.000000 -0.000000 18.399052 -3.798986 -4.940567 0.000003 0.000000 -0.000001 4.536473 4.792462 -0.799422 -0.006157 -0.268493 22.482164 0.812245 -9.663277 -18.120216 1.653203 -1.896696 -1.505635 0.000000 -0.000000 0.000002 -6.042402 19.522278 -21.164005 -0.088217 0.854730 24.614624 17.672359 18.658396 -0.583684 -1.332862 1.185811 -2.817745 0.000000 -0.000000 -0.000001
0.000000 0.000000 0.000000 0.000000 -0.000000 0.000000 2.536985 -2.499525 -3.092523 -0.442702 -1.158337 -0.722761 -0.389996 -0.527642 0.750074 -0.771236 -0.578086 -4.501298 -1.643496 -3.376500 9.130193 7.123606 -0.558360 8.494399 -2.011751 -4.298073 -3.580261 -0.621768 -5.302132 -3.679208 0.000077 -0.000022 0.000006 0.009471 -0.039002 0.014200 0.738272 -3.739278 -10.570362 -0.719809 3.674800 -10.590075 -17.977804 -7.801163 12.909943 -51.378086 -6.333227 23.365923 0.615027 -30.295488 -0.533394 -5.506779 -1.734512 17.738430 -5.882102 9.861279 0.702590 -10.936861 -0.360574 7.156197 0.000000 8.774815 -0.000000 -15.967985 17.988821 6.026529 -1.844031 2.498503 -2.507276 -10.163590 4.678941 4.621104 -20.975996 -0.000001 0.000001 -21.226254 2.451698 -3.593995 0.000000 -0.000006 -0.000000 -1.362681 2.240797 -0.746323 -21.334892 0.584910 3.008319 -13.821196 -0.000001 0.000001 -23.887129 -0.249075 -0.839485 -60.407295 2.537466 -1.408075 -0.294025 1.679686 0.833255 -14.218195 0.093215 1.300579 -34.212002 -0.287561 0.967166 -20.033176 0.964536 1.212838 0.000000 -0.000000 0.000000 -3.440387 0.788233 0.501655 -15.928172 -3.167306 2.999703 -6.338817 -0.000000 0.000001 -18.123419 3.648181 -4.905662 -0.000004 0.000000 -0.000002 35.182278 3.818300 15.447169 48.032581 -13.566596 -13.370244 0.096969 28.824785 0.325707 -2.893565 -0.911048 -4.053681 2.243540 -5.255033 -3.180156 14.282877 -0.826594 6.952496 -0.000000 -12.690593 -0.000001 16.117634 -17.742744 2.481311 1.665665 -1.955920 -2.878297 4.727794 -4.170584 4.993919 11.020511 0.000001 -0.000000 12.109032 -3.735715 -2.866778 0.000000 -0.000000 0.000000 1.291985 -1.928548 -1.498088 14.800115 0.567467 3.865604 14.242553 -1.341738 -6.660648 19.631935 0.143921 -0.648243 50.659386 -0.392342 -5.802819 0.353029 -1.511150 -0.031940 20.222769 3.684305 2.316629 18.787249 0.000001 -0.000001 10.751608 -0.479870 1.397903 0.000000 -0.000000 0.000000 3.273804 0.305947 -0.580110 21.486790 11.830364 2.266131 8.162915 0.000000 -0.000000 18.399052 -3.798986 -4.940567 0.000003 0.000000 -0.000001 4.536473 4.792462 -0.799422 -0.006157 -0.268493 22.482164 0.812245 -9.663277 -18.120216 1.653203 -1.896696 -1.505635 0.000000 -0.000000 0.000002 -6.042402 19.522278 -21.164005 -0.088217 0.854730 24.614624 17.672359 18.658396 -0.583684 -1.332862 1.185811 -2.817745 0.000000 -0.000000 -0.000001
0.000000 0.000000 0.000000 0.000000 -0.000000 0.000000 2.536985 -2.499914 -3.092523 -0.442702 -1.158337 -0.722761 -0.519466 -0.700412 0.466523 -0.880106 -1.649836 -4.573637 -2.547207 -4.052080 9.075709 9.376546 -1.525583 7.983471 -2.302141 -5.407411 -3.794246 -1.267557 -5.956440 -3.979206 0.000077 -0.000022 0.000006 0.001363 -0.074736 0.076862 0.734215 -3.794501 -10.590177 -0.732964 3.654833 -10.593230 -17.034086 -9.527189 13.412097 -51.077976 -7.000221 25.472830 0.862797 -29.826408 -0.460542 -5.512997 -2.089149 17.851471 -5.882102 9.861279 0.702590 -10.936861 -0.360574 7.156197 0.000000 8.774815 -0.000000 -15.811135 18.302111 6.206999 -1.844031 2.498503 -2.507276 -10.163590 4.678941 4.621104 -20.975996 -0.000001 0.000001 -21.226254 2.451698 -3.593995 0.000000 -0.000006 -0.000000 -1.362681 2.240797 -0.746323 -21.334892 0.584910 3.008319 -13.821196 -0.000001 0.000001 -23.887129 -0.249075 -0.839485 -60.290367 2.648576 -1.450843 -0.294025 1.679686 0.833255 -14.218195 0.093215 1.300579 -34.212002 -0.287561 0.967166 -20.033176 0.964536 1.212838 0.000000 -0.000000 0.000000 -3.440387 0.788233 0.501655 -15.928172 -3.167306 2.999703 -6.338817 -0.000000 0.000001 -18.123419 3.648181 -4.905662 -0.000004 0.000000 -0.000002 36.082771 1.817497 13.512630 48.897064 -14.786361 -17.143637 0.900528 28.780956 0.394194 -2.728449 0.262963 -4.085015 2.243540 -5.255033 -3.180156 14.282877 -0.826594 6.952496 -0.000000 -12.690593 -0.000001 16.497278 -17.518080 2.292831 1.665665 -1.955920 -2.878297 4.727794 -4.170584 4.993919 11.020511 0.000001 -0.000000 12.109032 -3.735715 -2.866778 0.000000 -0.000000 0.000000 1.291985 -1.928548 -1.498088 14.800115 0.567467 3.865604 14.242553 -1.341738 -6.660648 19.631935 0.143921 -0.648243 50.309521 -0.117327 -5.450816 0.353029 -1.511150 -0.031940 20.222769 3.684305 2.316629 18.787249 0.000001 -0.000001 10.751608 -0.479870 1.397903 0.000000 -0.000000 0.000000 3.273804 0.305947 -0.580110 21.486790 11.830364 2.266131 8.162915 0.000000 -0.000000 18.399052 -3.798986 -4.940567 0.000003 0.000000 -0.000001 4.536473 4.792462 -0.799422 -0.006157 -0.268493 22.482164 0.812245 -9.663277 -18.120216 1.653203 -1.896696 -1.505635 0.000000 -0.000000 0.000002 -6.042402 19.522278 -21.164005 -0.088217 0.854730 24.614624 17.672359 18.658396 -0.583684 -1.332862 1.185811 -2.817745 0.000000 -0.000000 -0.000001
0.000000 0.000000 0.000000 0.000000 -0.000000 0.000000 2.536985 -2.435255 -3.092523 -0.442702 -1.158337 -0.722761 -0.089021 -0.419311 0.566683 -0.840388 -0.448965 -4.528438 -1.730147 -3.003039 9.220362 7.381939 -0.534296 8.408841 -2.018822 -4.173451 -3.656426 -0.578474 -5.669485 -4.149264 0.000077 -0.000022 0.000006 0.011410 -0.157470 0.030733 0.754016 -3.862819 -10.605707 -0.733372 3.564986 -10.633914 -18.333719 -7.104967 12.470699 -50.736160 -5.912931 24.191626 0.709508 -30.578016 -0.526130 -5.019974 -2.171771 17.691658 -5.882102 9.861279 0.702590 -10.936861 -0.360574 7.156197 0.000000 8.774815 -0.000000 -16.196848 17.926029 6.196881 -1.844031 2.498503 -2.507276 -10.163590 4.678941 4.621104 -20.975996 -0.000001 0.000001 -21.226254 2.451698 -3.593995 0.000000 -0.000006 -0.000000 -1.362681 2.240797 -0.746323 -21.334892 0.584910 3.008319 -13.821196 -0.000001 0.000001 -23.887129 -0.249075 -0.839485 -60.829590 2.625045 -1.095924 -0.294025 1.679686 0.833255 -14.218195 0.093215 1.300579 -34.212002 -0.287561 0.967166 -20.033176 0.964536 1.212838 0.000000 -0.000000 0.000000 -3.440387 0.788233 0.501655 -15.928172 -3.167306 2.999703 -6.338817 -0.000000 0.000001 -18.123419 3.648181 -4.905662 -0.000004 0.000000 -0.000002 34.978306 4.712486 15.393551 48.749058 -13.979802 -15.980844 0.593012 27.654001 0.254217 -2.081551 -0.105734 -3.781387 2.243540 -5.255033 -3.180156 14.282877 -0.826594 6.952496 -0.000000 -12.690593 -0.000001 16.137407 -17.734884 2.542553 1.665665 -1.955920 -2.878297 4.727794 -4.170584 4.993919 11.020511 0.000001 -0.000000 12.109032 -3.735715 -2.866778 0.000000 -0.000000 0.000000 1.291985 -1.928548 -1.498088 14.800115 0.567467 3.865604 14.242553 -1.341738 -6.660648 19.631935 0.143921 -0.648243 50.766136 -0.111866 -5.690035 0.353029 -1.511150 -0.031940 20.222769 3.684305 2.316629 18.787249 0.000001 -0.000001 10.751608 -0.479870 1.397903 0.000000 -0.000000 0.000000 3.273804 0.305947 -0.580110 21.486790 11.830364 2.266131 8.162915 0.000000 -0.000000 18.399052 -3.798986 -4.940567 0.000003 0.000000 -0.000001 4.536473 4.792462 -0.799422 -0.006157 -0.268493 22.482164 0.812245 -9.663277 -18.120216 1.653203 -1.896696 -1.505635 0.000000 -0.000000 0.000002 -6.042402 19.522278 -21.164005 -0.088217 0.854730 24.614624 17.672359 18.658396 -0.583684 -1.332862 1.185811 -2.817745 0.000000 -0.000000 -0.000001
0.000000 0.000000 0.000000 0.000000 -0.000000 0.000000 2.536985 -2.394979 -3.092523 -0.442702 -1.158337 -0.722761 -0.114234 -0.177497 0.456835 -0.799847 0.164602 -4.498319 -1.478612 -2.242437 9.189207 6.441446 -0.294246 8.699671 -1.768011 -3.375870 -3.616957 -0.475647 -5.175445 -3.710299 0.000077 -0.000022 0.000006 0.014984 -0.141686 0.017541 0.751900 -3.848350 -10.622088 -0.724418 3.583750 -10.645819 -19.083920 -5.756248 12.027509 -50.552597 -5.042904 23.846817 0.888971 -30.679821 -0.594830 -5.107426 -1.950405 17.617453 -5.882102 9.861279 0.702590 -10.936861 -0.360574 7.156197 0.000000 8.774815 -0.000000 -16.203287 18.005877 6.180151 -1.844031 2.498503 -2.507276 -10.163590 4.678941 4.621104 -20.975996 -0.000001 0.000001 -21.226254 2.451698 -3.593995 0.000000 -0.000006 -0.000000 -1.362681 2.240797 -0.746323 -21.334892 0.584910 3.008319 -13.821196 -0.000001 0.000001 -23.887129 -0.249075 -0.839485 -60.799263 2.602271 -1.119324 -0.294025 1.679686 0.833255 -14.218195 0.093215 1.300579 -34.212002 -0.287561 0.967166 -20.033176 0.964536 1.212838 0.000000 -0.000000 0.000000 -3.440387 0.788233 0.501655 -15.928172 -3.167306 2.999703 -6.338817 -0.000000 0.000001 -18.123419 3.648181 -4.905662 -0.000004 0.000000 -0.000002 34.709015 6.074303 16.130770 48.702034 -13.612029 -15.839050 0.400613 26.884289 0.169278 -1.562321 -0.496940 -3.790486 2.243540 -5.255033 -3.180156 14.282877 -0.826594 6.952496 -0.000000 -12.690593 -0.000001 16.110739 -17.776518 2.661115 1.665665 -1.955920 -2.878297 4.727794 -4.170584 4.993919 11.020511 0.000001 -0.000000 12.109032 -3.735715 -2.866778 0.000000 -0.000000 0.000000 1.291985 -1.928548 -1.498088 14.800115 0.567467 3.865604 14.242553 -1.341738 -6.660648 19.631935 0.143921 -0.648243 50.811737 -0.228331 -5.739430 0.353029 -1.511150 -0.031940 20.222769 3.684305 2.316629 18.787249 0.000001 -0.000001 10.751608 -0.479870 1.397903 0.000000 -0.000000 0.000000 3.273804 0.305947 -0.580110 21.486790 11.830364 2.266131 8.162915 0.000000 -0.000000 18.399052 -3.798986 -4.940567 0.000003 0.000000 -0.000001 4.536473 4.792462 -0.799422 -0.006157 -0.268493 22.482164 0.812245 -9.663277 -18.120216 1.653203 -1.896696 -1.505635 0.000000 -0.000000 0.000002 -6.042402 19.522278 -21.164005 -0.088217 0.854730 24.614624 17.672359 18.658396 -0.583684 -1.332862 1.185811 -2.817745 0.000000 -0.000000 -0.000001
0.000000 0.000000 0.000000 0.000000 -0.000000 0.000000 2.536985 -2.385244 -3.092523 -0.442702 -1.158337 -0.722761 -0.188716 -0.105372 0.364883 -0.777263 0.375518 -4.515498 -1.468136 -1.970166 9.132012 5.947223 -0.183163 8.872732 -1.651940 -3.170160 -3.585565 -0.452438 -4.873453 -3.474735 0.000077 -0.000022 0.000006 0.019073 -0.130813 0.017714 0.761535 -3.844144 -10.638330 -0.725526 3.602038 -10.659397 -19.323709 -5.056589 12.085952 -50.603371 -4.680549 23.636896 0.921078 -30.611256 -0.636036 -5.001167 -1.806130 17.705898 -5.882102 9.861279 0.702590 -10.936861 -0.360574 7.156197 0.000000 8.774815 -0.000000 -16.223993 17.985373 6.133098 -1.844031 2.498503 -2.507276 -10.163590 4.678941 4.621104 -20.975996 -0.000001 0.000001 -21.226254 2.451698 -3.593995 0.000000 -0.000006 -0.000000 -1.362681 2.240797 -0.746323 -21.334892 0.584910 3.008319 -13.821196 -0.000001 0.000001 -23.887129 -0.249075 -0.839485 -60.688969 2.622030 -1.100966 -0.294025 1.679686 0.833255 -14.218195 0.093215 1.300579 -34.212002 -0.287561 0.967166 -20.033176 0.964536 1.212838 0.000000 -0.000000 0.000000 -3.440387 0.788233 0.501655 -15.928172 -3.167306 2.999703 -6.338817 -0.000000 0.000001 -18.123419 3.648181 -4.905662 -0.000004 0.000000 -0.000002 34.692608 6.658923 16.409384 48.592030 -13.420784 -15.256855 0.189180 26.649019 0.097808 -1.481871 -1.018993 -3.502928 2.243540 -5.255033 -3.180156 14.282877 -0.826594 6.952496 -0.000000 -12.690593 -0.000001 16.131250 -17.778027 2.674796 1.665665 -1.955920 -2.878297 4.727794 -4.170584 4.993919 11.020511 0.000001 -0.000000 12.109032 -3.735715 -2.866778 0.000000 -0.000000 0.000000 1.291985 -1.928548 -1.498088 14.800115 0.567467 3.865604 14.242553 -1.341738 -6.660648 19.631935 0.143921 -0.648243 50.722084 -0.278226 -5.771361 0.353029 -1.511150 -0.031940 20.222769 3.684305 2.316629 18.787249 0.000001 -0.000001 10.751608 -0.479870 1.397903 0.000000 -0.000000 0.000000 3.273804 0.305947 -0.580110 21.486790 11.830364 2.266131 8.162915 0.000000 -0.000000 18.399052 -3.798986 -4.940567 0.000003 0.000000 -0.000001 4.536473 4.792462 -0.799422 -0.006157 -0.268493 22.482164 0.812245 -9.663277 -18.120216 1.653203 -1.896696 -1.505635 0.000000 -0.000000 0.000002 -6.042402 19.522278 -21.164005 -0.088217 0.854730 24.614624 17.672359 18.658396 -0.583684 -1.332862 1.185811 -2.817745 0.000000 -0.000000 -0.000001
0.000000 0.000000 0.000000 0.000000 -0.000000 0.000000 2.536985 -2.375562 -3.092523 -0.442702 -1.158337 -0.722761 -0.224723 -0.134350 0.292497 -0.773840 0.369398 -4.545968 -1.554653 -2.028627 9.044647 5.710513 -0.135460 8.954082 -1.649321 -3.265495 -3.593853 -0.485487 -4.900612 -3.597521 0.000077 -0.000022 0.000006 0.018778 -0.098273 0.016635 0.769606 -3.815906 -10.656920 -0.733426 3.638870 -10.681361 -19.246040 -4.877194 12.378979 -50.914879 -4.662011 23.523008 1.009828 -30.504215 -0.700807 -4.831646 -1.700445 17.996866 -5.882102 9.861279 0.702590 -10.936861 -0.360574 7.156197 0.000000 8.774815 -0.000000 -16.242828 17.888168 6.041390 -1.844031 2.498503 -2.507276 -10.163590 4.678941 4.621104 -20.975996 -0.000001 0.000001 -21.226254 2.451698 -3.593995 0.000000 -0.000006 -0.000000 -1.362681 2.240797 -0.746323 -21.334892 0.584910 3.008319 -13.821196 -0.000001 0.000001 -23.887129 -0.249075 -0.839485 -60.609589 2.600503 -1.058417 -0.294025 1.679686 0.833255 -14.218195 0.093215 1.300579 -34.212002 -0.287561 0.967166 -20.033176 0.964536 1.212838 0.000000 -0.000000 0.000000 -3.440387 0.788233 0.501655 -15.928172 -3.167306 2.999703 -6.338817 -0.000000 0.000001 -18.123419 3.648181 -4.905662 -0.000004 0.000000 -0.000002 34.703526 6.683223 16.345760 48.555691 -13.556014 -14.757027 0.062656 27.047815 0.086183 -1.693022 -1.389405 -3.229491 2.243540 -5.255033 -3.180156 14.282877 -0.826594 6.952496 -0.000000 -12.690593 -0.000001 16.047834 -17.712967 2.676697 1.665665 -1.955920 -2.878297 4.727794 -4.170584 4.993919 11.020511 0.000001 -0.000000 12.109032 -3.735715 -2.866778 0.000000 -0.000000 0.000000 1.291985 -1.928548 -1.498088 14.800115 0.567467 3.865604 14.242553 -1.341738 -6.660648 19.631935 0.143921 -0.648243 50.533031 -0.327953 -5.817588 0.353029 -1.511150 -0.031940 20.222769 3.684305 2.316629 18.787249 0.000001 -0.000001 10.751608 -0.479870 1.397903 0.000000 -0.000000 0.000000 3.273804 0.305947 -0.580110 21.486790 11.830364 2.266131 8.162915 0.000000 -0.000000 18.399052 -3.798986 -4.940567 0.000003 0.000000 -0.000001 4.536473 4.792462 -0.799422 -0.006157 -0.268493 22.482164 0.812245 -9.663277 -18.120216 1.653203 -1.896696 -1.505635 0.000000 -0.000000 0.000002 -6.042402 19.522278 -21.164005 -0.088217 0.854730 24.614624 17.672359 18.658396 -0.583684 -1.332862 1.185811 -2.817745 0.000000 -0.000000 -0.000001
0.000000 0.000000 0.000000 0.000000 -0.000000 0.000000 2.536985 -2.369016 -3.092523 -0.442702 -1.158337 -0.722761 -0.227879 -0.202113 0.228913 -0.786057 0.196255 -4.574622 -1.711838 -2.318887 9.000573 5.711778 -0.125517 8.949890 -1.744123 -3.682153 -3.602977 -0.635242 -5.208337 -4.122201 0.000077 -0.000022 0.000006 0.015234 -0.065786 0.025331 0.770003 -3.788095 -10.656493 -0.740042 3.675323 -10.689038 -18.935291 -5.186960 12.798135 -51.346558 -5.021498 23.585958 1.112651 -30.439602 -0.731966 -4.481702 -1.634473 18.176029 -5.882102 9.861279 0.702590 -10.936861 -0.360574 7.156197 0.000000 8.774815 -0.000000 -16.211058 17.843779 6.003836 -1.844031 2.498503 -2.507276 -10.163590 4.678941 4.621104 -20.975996 -0.000001 0.000001 -21.226254 2.451698 -3.593995 0.000000 -0.000006 -0.000000 -1.362681 2.240797 -0.746323 -21.334892 0.584910 3.008319 -13.821196 -0.000001 0.000001 -23.887129 -0.249075 -0.839485 -60.606133 2.580843 -1.058523 -0.294025 1.679686 0.833255 -14.218195 0.093215 1.300579 -34.212002 -0.287561 0.967166 -20.033176 0.964536 1.212838 0.000000 -0.000000 0.000000 -3.440387 0.788233 0.501655 -15.928172 -3.167306 2.999703 -6.338817 -0.000000 0.000001 -18.123419 3.648181 -4.905662 -0.000004 0.000000 -0.000002 34.728382 6.269774 16.022438 48.633053 -13.974397 -14.785116 0.091263 27.991039 0.113267 -1.796771 -1.664039 -2.813956 2.243540 -5.255033 -3.180156 14.282877 -0.826594 6.952496 -0.000000 -12.690593 -0.000001 15.989458 -17.656626 2.624593 1.665665 -1.955920 -2.878297 4.727794 -4.170584 4.993919 11.020511 0.000001 -0.000000 12.109032 -3.735715 -2.866778 0.000000 -0.000000 0.000000 1.291985 -1.928548 -1.498088 14.800115 0.567467 3.865604 14.242553 -1.341738 -6.660648 19.631935 0.143921 -0.648243 50.354065 -0.365371 -5.896152 0.353029 -1.511150 -0.031940 20.222769 3.684305 2.316629 18.787249 0.000001 -0.000001 10.751608 -0.479870 1.397903 0.000000 -0.000000 0.000000 3.273804 0.305947 -0.580110 21.486790 11.830364 2.266131 8.162915 0.000000 -0.000000 18.399052 -3.798986 -4.940567 0.000003 0.000000 -0.000001 4.536473 4.792462 -0.799422 -0.006157 -0.268493 22.482164 0.812245 -9.663277 -18.120216 1.653203 -1.896696 -1.505635 0.000000 -0.000000 0.000002 -6.042402 19.522278 -21.164005 -0.088217 0.854730 24.614624 17.672359 18.658396 -0.583684 -1.332862 1.185811 -2.817745 0.000000 -0.000000 -0.000001
0.000000 0.000000 0.000000 0.000000 -0.000000 0.000000 2.536985 -2.363134 -3.092523 -0.442702 -1.158337 -0.722761 -0.269640 -0.319029 0.208828 -0.815889 -0.082030 -4.589624 -1.902411 -2.770588 8.996788 6.009195 -0.182812 8.882951 -1.912320 -4.409379 -3.592093 -0.810145 -5.697770 -4.788969 0.000077 -0.000022 0.000006 0.011793 -0.050718 0.033628 0.765892 -3.777756 -10.644153 -0.742162 3.693706 -10.682535 -18.440676 -5.906529 13.295223 -51.823933 -5.866958 23.743380 1.107964 -30.349615 -0.722790 -4.193987 -1.535598 18.344473 -5.882102 9.861279 0.702590 -10.936861 -0.360574 7.156197 0.000000 8.774815 -0.000000 -16.167061 17.837835 6.001521 -1.844031 2.498503 -2.507276 -10.163590 4.678941 4.621104 -20.975996 -0.000001 0.000001 -21.226254 2.451698 -3.593995 0.000000 -0.000006 -0.000000 -1.362681 2.240797 -0.746323 -21.334892 0.584910 3.008319 -13.821196 -0.000001 0.000001 -23.887129 -0.249075 -0.839485 -60.682667 2.572239 -1.113585 -0.294025 1.679686 0.833255 -14.218195 0.093215 1.300579 -34.212002 -0.287561 0.967166 -20.033176 0.964536 1.212838 0.000000 -0.000000 0.000000 -3.440387 0.788233 0.501655 -15.928172 -3.167306 2.999703 -6.338817 -0.000000 0.000001 -18.123419 3.648181 -4.905662 -0.000004 0.000000 -0.000002 34.778088 5.565805 15.530806 48.800331 -14.510088 -15.157322 0.239777 29.084118 0.183478 -1.721405 -1.898688 -2.084850 2.243540 -5.255033 -3.180156 14.282877 -0.826594 6.952496 -0.000000 -12.690593 -0.000001 15.943325 -17.618055 2.560936 1.665665 -1.955920 -2.878297 4.727794 -4.170584 4.993919 11.020511 0.000001 -0.000000 12.109032 -3.735715 -2.866778 0.000000 -0.000000 0.000000 1.291985 -1.928548 -1.498088 14.800115 0.567467 3.865604 14.242553 -1.341738 -6.660648 19.631935 0.143921 -0.648243 50.252399 -0.393028 -5.957838 0.353029 -1.511150 -0.031940 20.222769 3.684305 2.316629 18.787249 0.000001 -0.000001 10.751608 -0.479870 1.397903 0.000000 -0.000000 0.000000 3.273804 0.305947 -0.580110 21.486790 11.830364 2.266131 8.162915 0.000000 -0.000000 18.399052 -3.798986 -4.940567 0.000003 0.000000 -0.000001 4.536473 4.792462 -0.799422 -0.006157 -0.268493 22.482164 0.812245 -9.663277 -18.120216 1.653203 -1.896696 -1.505635 0.000000 -0.000000 0.000002 -6.042402 19.522278 -21.164005 -0.088217 0.854730 24.614624 17.672359 18.658396 -0.583684 -1.332862 1.185811 -2.817745 0.000000 -0.000000 -0.000001
0.000000 0.000000 0.000000 0.000000 -0.000000 0.000000 2.536985 -2.364591 -3.092523 -0.442702 -1.158337 -0.722761 -0.402884 -0.487860 0.257251 -0.863170 -0.599795 -4.594186 -2.121851 -3.457278 9.031863 6.772141 -0.473270 8.697686 -2.112670 -5.359161 -3.592154 -1.091900 -6.462855 -5.387843 0.000077 -0.000022 0.000006 0.009594 -0.047443 0.042474 0.763346 -3.780559 -10.638345 -0.743735 3.701575 -10.675093 -17.762531 -7.185824 13.858959 -52.223202 -7.227496 24.574162 1.107674 -30.161320 -0.731906 -4.260251 -1.490582 18.597195 -5.882102 9.861279 0.702590 -10.936861 -0.360574 7.156197 0.000000 8.774815 -0.000000 -16.188128 17.894146 6.030976 -1.844031 2.498503 -2.507276 -10.163590 4.678941 4.621104 -20.975996 -0.000001 0.000001 -21.226254 2.451698 -3.593995 0.000000 -0.000006 -0.000000 -1.362681 2.240797 -0.746323 -21.334892 0.584910 3.008319 -13.821196 -0.000001 0.000001 -23.887129 -0.249075 -0.839485 -60.883011 2.567243 -1.160543 -0.294025 1.679686 0.833255 -14.218195 0.093215 1.300579 -34.212002 -0.287561 0.967166 -20.033176 0.964536 1.212838 0.000000 -0.000000 0.000000 -3.440387 0.788233 0.501655 -15.928172 -3.167306 2.999703 -6.338817 -0.000000 0.000001 -18.123419 3.648181 -4.905662 -0.000004 0.000000 -0.000002 34.990726 4.463106 14.738866 49.118069 -15.219682 -16.154463 0.575427 30.150911 0.335540 -1.593204 -2.045877 -1.367789 2.243540 -5.255033 -3.180156 14.282877 -0.826594 6.952496 -0.000000 -12.690593 -0.000001 15.954288 -17.574284 2.536602 1.665665 -1.955920 -2.878297 4.727794 -4.170584 4.993919 11.020511 0.000001 -0.000000 12.109032 -3.735715 -2.866778 0.000000 -0.000000 0.000000 1.291985 -1.928548 -1.498088 14.800115 0.567467 3.865604 14.242553 -1.341738 -6.660648 19.631935 0.143921 -0.648243 50.278404 -0.356558 -5.884062 0.353029 -1.511150 -0.031940 20.222769 3.684305 2.316629 18.787249 0.000001 -0.000001 10.751608 -0.479870 1.397903 0.000000 -0.000000 0.000000 3.273804 0.305947 -0.580110 21.486790 11.830364 2.266131 8.162915 0.000000 -0.000000 18.399052 -3.798986 -4.940567 0.000003 0.000000 -0.000001 4.536473 4.792462 -0.799422 -0.006157 -0.268493 22.482164 0.812245 -9.663277 -18.120216 1.653203 -1.896696 -1.505635 0.000000 -0.000000 0.000002 -6.042402 19.522278 -21.164005 -0.088217 0.854730 24.614624 17.672359 18.658396 -0.583684 -1.332862 1.185811 -2.817745 0.000000 -0.000000 -0.000001
0.000000 0.000000 0.000000 0.000000 -0.000000 0.000000 2.536985 -2.390752 -3.092523 -0.442702 -1.158337 -0.722761 -0.577149 -0.651158 0.344549 -0.950090 -1.418530 -4.585404 -2.295190 -4.248825 9.115802 7.896251 -1.087153 8.363767 -2.277616 -6.299241 -3.648908 -1.597269 -7.533841 -5.768239 0.000077 -0.000022 0.000006 0.006484 -0.062467 0.053386 0.754806 -3.804840 -10.648151 -0.741592 3.694700 -10.683102 -16.983606 -8.884240 14.490520 -52.441574 -8.960319 26.293104 1.299827 -30.078135 -0.782583 -4.684448 -1.467120 18.735411 -5.882102 9.861279 0.702590 -10.936861 -0.360574 7.156197 0.000000 8.774815 -0.000000 -16.243763 18.043964 6.139841 -1.844031 2.498503 -2.507276 -10.163590 4.678941 4.621104 -20.975996 -0.000001 0.000001 -21.226254 2.451698 -3.593995 0.000000 -0.000006 -0.000000 -1.362681 2.240797 -0.746323 -21.334892 0.584910 3.008319 -13.821196 -0.000001 0.000001 -23.887129 -0.249075 -0.839485 -61.114231 2.616349 -1.178551 -0.294025 1.679686 0.833255 -14.218195 0.093215 1.300579 -34.212002 -0.287561 0.967166 -20.033176 0.964536 1.212838 0.000000 -0.000000 0.000000 -3.440387 0.788233 0.501655 -15.928172 -3.167306 2.999703 -6.338817 -0.000000 0.000001 -18.123419 3.648181 -4.905662 -0.000004 0.000000 -0.000002 35.477379 3.049054 13.599962 49.597420 -16.167963 -17.756208 0.926377 30.996136 0.500912 -1.261866 -2.004050 -1.132162 2.243540 -5.255033 -3.180156 14.282877 -0.826594 6.952496 -0.000000 -12.690593 -0.000001 16.061886 -17.516817 2.556509 1.665665 -1.955920 -2.878297 4.727794 -4.170584 4.993919 11.020511 0.000001 -0.000000 12.109032 -3.735715 -2.866778 0.000000 -0.000000 0.000000 1.291985 -1.928548 -1.498088 14.800115 0.567467 3.865604 14.242553 -1.341738 -6.660648 19.631935 0.143921 -0.648243 50.445522 -0.239413 -5.622696 0.353029 -1.511150 -0.031940 20.222769 3.684305 2.316629 18.787249 0.000001 -0.000001 10.751608 -0.479870 1.397903 0.000000 -0.000000 0.000000 3.273804 0.305947 -0.580110 21.486790 11.830364 2.266131 8.162915 0.000000 -0.000000 18.399052 -3.798986 -4.940567 0.000003 0.000000 -0.000001 4.536473 4.792462 -0.799422 -0.006157 -0.268493 22.482164 0.812245 -9.663277 -18.120216 1.653203 -1.896696 -1.505635 0.000000 -0.000000 0.000002 -6.042402 19.522278 -21.164005 -0.088217 0.854730 24.614624 17.672359 18.658396 -0.583684 -1.332862 1.185811 -2.817745 0.000000 -0.000000 -0.000001
0.000000 0.000000 0.000000 0.000000 -0.000000 0.000000 2.536985 -2.436162 -3.092523 -0.442702 -1.158337 -0.722761 -0.676545 -0.715891 0.505810 -1.028361 -2.031644 -4.515987 -2.377672 -4.746842 9.215438 8.705055 -1.681934 7.985859 -2.463695 -6.833220 -3.650802 -1.899089 -8.536582 -5.833366 0.000077 -0.000022 0.000006 0.005040 -0.068840 0.053842 0.747993 -3.810924 -10.586555 -0.738116 3.688382 -10.623569 -16.345934 -10.170278 14.908300 -52.631149 -10.463653 27.312569 1.341686 -30.503708 -0.840702 -4.992312 -1.230634 19.561409 -5.882102 9.861279 0.702590 -10.936861 -0.360574 7.156197 0.000000 8.774815 -0.000000 -16.360111 18.120033 6.154905 -1.844031 2.498503 -2.507276 -10.163590 4.678941 4.621104 -20.975996 -0.000001 0.000001 -21.226254 2.451698 -3.593995 0.000000 -0.000006 -0.000000 -1.362681 2.240797 -0.746323 -21.334892 0.584910 3.008319 -13.821196 -0.000001 0.000001 -23.887129 -0.249075 -0.839485 -61.300240 2.701244 -1.271063 -0.294025 1.679686 0.833255 -14.218195 0.093215 1.300579 -34.212002 -0.287561 0.967166 -20.033176 0.964536 1.212838 0.000000 -0.000000 0.000000 -3.440387 0.788233 0.501655 -15.928172 -3.167306 2.999703 -6.338817 -0.000000 0.000001 -18.123419 3.648181 -4.905662 -0.000004 0.000000 -0.000002 35.928089 2.193473 12.694192 50.374424 -17.123123 -19.135973 0.927474 31.753397 0.647955 -0.957188 -2.076706 -1.220783 2.243540 -5.255033 -3.180156 14.282877 -0.826594 6.952496 -0.000000 -12.690593 -0.000001 16.223557 -17.580944 2.587894 1.665665 -1.955920 -2.878297 4.727794 -4.170584 4.993919 11.020511 0.000001 -0.000000 12.109032 -3.735715 -2.866778 0.000000 -0.000000 0.000000 1.291985 -1.928548 -1.498088 14.800115 0.567467 3.865604 14.242553 -1.341738 -6.660648 19.631935 0.143921 -0.648243 50.750446 -0.209434 -5.364531 0.353029 -1.511150 -0.031940 20.222769 3.684305 2.316629 18.787249 0.000001 -0.000001 10.751608 -0.479870 1.397903 0.000000 -0.000000 0.000000 3.273804 0.305947 -0.580110 21.486790 11.830364 2.266131 8.162915 0.000000 -0.000000 18.399052 -3.798986 -4.940567 0.000003 0.000000 -0.000001 4.536473 4.792462 -0.799422 -0.006157 -0.268493 22.482164 0.812245 -9.663277 -18.120216 1.653203 -1.896696 -1.505635 0.000000 -0.000000 0.000002 -6.042402 19.522278 -21.164005 -0.088217 0.854730 24.614624 17.672359 18.658396 -0.583684 -1.332862 1.185811 -2.817745 0.000000 -0.000000 -0.000001
