HIERARCHY
ROOT Root
{
  OFFSET 0.000000 0.000000 0.000000
  CHANNELS 6 Xposition Yposition Zposition Zrotation Yrotation Xrotation
  JOINT Hips
  {
    OFFSET 0.000000 100.000000 0.000000
    CHANNELS 6 Xposition Yposition Zposition Zrotation Yrotation Xrotation
    JOINT Spine1
    {
      OFFSET -0.013727 5.003763 -0.053727
      CHANNELS 3 Zrotation Yrotation Xrotation
      JOINT Spine2
      {
        OFFSET -0.000000 7.125301 -0.029825
        CHANNELS 3 Zrotation Yrotation Xrotation
        JOINT Chest
        {
          OFFSET -0.000001 7.550063 -0.815971
          CHANNELS 3 Zrotation Yrotation Xrotation
          JOINT Neck1
          {
            OFFSET -0.181677 26.311295 -0.553348
            CHANNELS 3 Zrotation Yrotation Xrotation
            JOINT Neck2
            {
              OFFSET -0.000003 7.709397 2.302585
              CHANNELS 3 Zrotation Yrotation Xrotation
              JOINT Head
              {
                OFFSET -0.000005 6.128916 1.953709
                CHANNELS 3 Zrotation Yrotation Xrotation
                JOINT HeadEnd
                {
                  OFFSET 0.003598 16.065403 -1.835379
                  CHANNELS 3 Zrotation Yrotation Xrotation
                }
                JOINT Jaw
                {
                  OFFSET 0.002637 0.475592 3.094941
                  CHANNELS 3 Zrotation Yrotation Xrotation
                }
                JOINT LeftEye
                {
                  OFFSET 3.206381 5.380205 7.586883
                  CHANNELS 3 Zrotation Yrotation Xrotation
                }
                JOINT RightEye
                {
                  OFFSET -3.222440 5.361869 7.558234
                  CHANNELS 3 Zrotation Yrotation Xrotation
                }
              }
            }
          }
          JOINT LeftShoulder
          {
            OFFSET 1.621652 23.237164 5.113413
            CHANNELS 3 Zrotation Yrotation Xrotation
            JOINT LeftArm
            {
              OFFSET 14.919846 0.000002 -5.502326
              CHANNELS 3 Zrotation Yrotation Xrotation
              JOINT LeftForeArm
              {
                OFFSET 28.739307 0.000000 -0.002588
                CHANNELS 3 Zrotation Yrotation Xrotation
                JOINT LeftHand
                {
                  OFFSET 27.093981 -0.000001 0.002609
                  CHANNELS 3 Zrotation Yrotation Xrotation
                  JOINT LeftHandThumb1
                  {
                    OFFSET 2.276482 -1.392045 3.191413
                    CHANNELS 3 Zrotation Yrotation Xrotation
                    JOINT LeftHandThumb2
                    {
                      OFFSET 4.012836 -1.828127 1.641654
                      CHANNELS 3 Zrotation Yrotation Xrotation
                      JOINT LeftHandThumb3
                      {
                        OFFSET 2.798515 0.000000 -0.000003
                        CHANNELS 3 Zrotation Yrotation Xrotation
                        JOINT LeftHandThumbEnd
                        {
                          OFFSET 3.180793 -0.000004 0.000004
                          CHANNELS 3 Zrotation Yrotation Xrotation
                        }
                      }
                    }
                  }
                  JOINT LeftHandIndex1
                  {
                    OFFSET 3.247555 -0.531998 2.296169
                    CHANNELS 3 Zrotation Yrotation Xrotation
                    JOINT LeftHandIndex2
                    {
                      OFFSET 6.364578 0.012060 0.178600
                      CHANNELS 3 Zrotation Yrotation Xrotation
                      JOINT LeftHandIndex3
                      {
                        OFFSET 3.662364 0.000000 0.000000
                        CHANNELS 3 Zrotation Yrotation Xrotation
                        JOINT LeftHandIndex4
                        {
                          OFFSET 2.329242 0.000004 0.000004
                          CHANNELS 3 Zrotation Yrotation Xrotation
                          JOINT LeftHandIndexEnd
                          {
                            OFFSET 2.759615 -0.180537 -0.113024
                            CHANNELS 3 Zrotation Yrotation Xrotation
                          }
                        }
                      }
                    }
                  }
                  JOINT LeftHandMiddle1
                  {
                    OFFSET 3.163495 0.240981 1.000332
                    CHANNELS 3 Zrotation Yrotation Xrotation
                    JOINT LeftHandMiddle2
                    {
                      OFFSET 6.190780 -0.259278 -1.002548
                      CHANNELS 3 Zrotation Yrotation Xrotation
                      JOINT LeftHandMiddle3
                      {
                        OFFSET 4.356520 -0.000004 -0.000001
                        CHANNELS 3 Zrotation Yrotation Xrotation
                        JOINT LeftHandMiddle4
                        {
                          OFFSET 2.996877 -0.000008 0.000000
                          CHANNELS 3 Zrotation Yrotation Xrotation
                          JOINT LeftHandMiddleEnd
                          {
                            OFFSET 2.304287 -0.294569 -0.031741
                            CHANNELS 3 Zrotation Yrotation Xrotation
                          }
                        }
                      }
                    }
                  }
                  JOINT LeftHandRing1
                  {
                    OFFSET 2.882643 -0.053652 -0.322543
                    CHANNELS 3 Zrotation Yrotation Xrotation
                    JOINT LeftHandRing2
                    {
                      OFFSET 5.854541 -0.486202 -1.373841
                      CHANNELS 3 Zrotation Yrotation Xrotation
                      JOINT LeftHandRing3
                      {
                        OFFSET 4.350578 0.000000 0.000003
                        CHANNELS 3 Zrotation Yrotation Xrotation
                        JOINT LeftHandRing4
                        {
                          OFFSET 2.651321 0.000007 0.000002
                          CHANNELS 3 Zrotation Yrotation Xrotation
                          JOINT LeftHandRingEnd
                          {
                            OFFSET 1.936105 0.077687 -0.000071
                            CHANNELS 3 Zrotation Yrotation Xrotation
                          }
                        }
                      }
                    }
                  }
                  JOINT LeftHandPinky1
                  {
                    OFFSET 2.865500 -0.310005 -1.600378
                    CHANNELS 3 Zrotation Yrotation Xrotation
                    JOINT LeftHandPinky2
                    {
                      OFFSET 5.087849 -1.331141 -1.771230
                      CHANNELS 3 Zrotation Yrotation Xrotation
                      JOINT LeftHandPinky3
                      {
                        OFFSET 3.070974 0.000004 0.000000
                        CHANNELS 3 Zrotation Yrotation Xrotation
                        JOINT LeftHandPinky4
                        {
                          OFFSET 1.549672 0.000000 0.000001
                          CHANNELS 3 Zrotation Yrotation Xrotation
                          JOINT LeftHandPinkyEnd
                          {
                            OFFSET 1.944893 -0.157802 0.057219
                            CHANNELS 3 Zrotation Yrotation Xrotation
                          }
                        }
                      }
                    }
                  }
                }
              }
            }
          }
          JOINT RightShoulder
          {
            OFFSET -1.380118 23.180309 5.214158
            CHANNELS 3 Zrotation Yrotation Xrotation
            JOINT RightArm
            {
              OFFSET -15.037196 0.000012 -5.545604
              CHANNELS 3 Zrotation Yrotation Xrotation
              JOINT RightForeArm
              {
                OFFSET -28.736639 0.000002 -0.002597
                CHANNELS 3 Zrotation Yrotation Xrotation
                JOINT RightHand
                {
                  OFFSET -27.133619 -0.000000 0.002613
                  CHANNELS 3 Zrotation Yrotation Xrotation
                  JOINT RightHandThumb1
                  {
                    OFFSET -2.274032 -1.383988 3.163127
                    CHANNELS 3 Zrotation Yrotation Xrotation
                    JOINT RightHandThumb2
                    {
                      OFFSET -4.011429 -1.827466 1.640914
                      CHANNELS 3 Zrotation Yrotation Xrotation
                      JOINT RightHandThumb3
                      {
                        OFFSET -2.794935 -0.000004 -0.000003
                        CHANNELS 3 Zrotation Yrotation Xrotation
                        JOINT RightHandThumbEnd
                        {
                          OFFSET -3.183852 0.000004 0.000001
                          CHANNELS 3 Zrotation Yrotation Xrotation
                        }
                      }
                    }
                  }
                  JOINT RightHandIndex1
                  {
                    OFFSET -3.253266 -0.520057 2.282866
                    CHANNELS 3 Zrotation Yrotation Xrotation
                    JOINT RightHandIndex2
                    {
                      OFFSET -6.341917 0.012471 0.178266
                      CHANNELS 3 Zrotation Yrotation Xrotation
                      JOINT RightHandIndex3
                      {
                        OFFSET -3.654871 -0.000008 -0.000000
                        CHANNELS 3 Zrotation Yrotation Xrotation
                        JOINT RightHandIndex4
                        {
                          OFFSET -2.327586 0.000000 0.000001
                          CHANNELS 3 Zrotation Yrotation Xrotation
                          JOINT RightHandIndexEnd
                          {
                            OFFSET -2.761790 -0.180656 -0.113078
                            CHANNELS 3 Zrotation Yrotation Xrotation
                          }
                        }
                      }
                    }
                  }
                  JOINT RightHandMiddle1
                  {
                    OFFSET -3.168106 0.246593 1.001030
                    CHANNELS 3 Zrotation Yrotation Xrotation
                    JOINT RightHandMiddle2
                    {
                      OFFSET -6.180828 -0.258836 -1.000895
                      CHANNELS 3 Zrotation Yrotation Xrotation
                      JOINT RightHandMiddle3
                      {
                        OFFSET -4.348901 0.000000 -0.000000
                        CHANNELS 3 Zrotation Yrotation Xrotation
                        JOINT RightHandMiddle4
                        {
                          OFFSET -3.000240 -0.000004 -0.000002
                          CHANNELS 3 Zrotation Yrotation Xrotation
                          JOINT RightHandMiddleEnd
                          {
                            OFFSET -2.302520 -0.294370 -0.031706
                            CHANNELS 3 Zrotation Yrotation Xrotation
                          }
                        }
                      }
                    }
                  }
                  JOINT RightHandRing1
                  {
                    OFFSET -2.885690 -0.067952 -0.308858
                    CHANNELS 3 Zrotation Yrotation Xrotation
                    JOINT RightHandRing2
                    {
                      OFFSET -5.854198 -0.486130 -1.373731
                      CHANNELS 3 Zrotation Yrotation Xrotation
                      JOINT RightHandRing3
                      {
                        OFFSET -4.338810 -0.000004 -0.000000
                        CHANNELS 3 Zrotation Yrotation Xrotation
                        JOINT RightHandRing4
                        {
                          OFFSET -2.654903 -0.000004 0.000004
                          CHANNELS 3 Zrotation Yrotation Xrotation
                          JOINT RightHandRingEnd
                          {
                            OFFSET -1.933568 0.077527 -0.000052
                            CHANNELS 3 Zrotation Yrotation Xrotation
                          }
                        }
                      }
                    }
                  }
                  JOINT RightHandPinky1
                  {
                    OFFSET -2.866425 -0.342796 -1.584145
                    CHANNELS 3 Zrotation Yrotation Xrotation
                    JOINT RightHandPinky2
                    {
                      OFFSET -5.091371 -1.332055 -1.772385
                      CHANNELS 3 Zrotation Yrotation Xrotation
                      JOINT RightHandPinky3
                      {
                        OFFSET -3.062664 -0.000004 0.000001
                        CHANNELS 3 Zrotation Yrotation Xrotation
                        JOINT RightHandPinky4
                        {
                          OFFSET -1.546529 0.000004 -0.000002
                          CHANNELS 3 Zrotation Yrotation Xrotation
                          JOINT RightHandPinkyEnd
                          {
                            OFFSET -1.945119 -0.157718 0.057211
                            CHANNELS 3 Zrotation Yrotation Xrotation
                          }
                        }
                      }
                    }
                  }
                }
              }
            }
          }
        }
      }
    }
    JOINT LeftLeg
    {
      OFFSET 10.043214 -8.434526 2.595655
      CHANNELS 3 Zrotation Yrotation Xrotation
      JOINT LeftShin
      {
        OFFSET -0.000001 -43.221752 -0.802913
        CHANNELS 3 Zrotation Yrotation Xrotation
        JOINT LeftFoot
        {
          OFFSET 0.000001 -42.155094 -3.481523
          CHANNELS 3 Zrotation Yrotation Xrotation
          JOINT LeftToeBase
          {
            OFFSET 0.000000 -5.059472 13.231529
            CHANNELS 3 Zrotation Yrotation Xrotation
            JOINT LeftToeEnd
            {
              OFFSET -0.009607 -1.647619 6.513017
              CHANNELS 3 Zrotation Yrotation Xrotation
            }
          }
        }
      }
    }
    JOINT RightLeg
    {
      OFFSET -10.047278 -8.295260 2.620317
      CHANNELS 3 Zrotation Yrotation Xrotation
      JOINT RightShin
      {
        OFFSET 0.000001 -43.362206 -0.805556
        CHANNELS 3 Zrotation Yrotation Xrotation
        JOINT RightFoot
        {
          OFFSET 0.000002 -42.117393 -3.478398
          CHANNELS 3 Zrotation Yrotation Xrotation
          JOINT RightToeBase
          {
            OFFSET -0.000000 -5.079609 13.284196
            CHANNELS 3 Zrotation Yrotation Xrotation
            JOINT RightToeEnd
            {
              OFFSET 0.009532 -1.634378 6.460591
              CHANNELS 3 Zrotation Yrotation Xrotation
            }
          }
        }
      }
    }
  }
}
MOTION
Frames: 90
Frame Time: 0.03333333
0.000000 0.000000 0.000000 0.000000 -0.000000 0.000000 -0.875820 -1.158415 -3.902921 4.044042 -0.138375 3.416058 -1.490154 0.283637 0.458305 -0.578499 0.301814 -4.711475 -1.168939 -1.781325 8.318666 1.235544 2.175922 3.620478 -2.707849 -4.635766 -3.388214 -0.222083 -6.271671 -0.320140 0.000077 -0.000022 0.000006 0.050077 -0.185599 -0.084563 0.834464 -3.885123 -10.724099 -0.736302 3.519892 -10.725925 -7.463177 -1.059415 13.791659 -69.030182 -10.851841 22.022196 2.538900 -47.534683 -1.153128 -2.604889 7.746957 6.284215 -5.882102 9.861279 0.702590 -10.936861 -0.360574 7.156197 0.000000 8.774815 -0.000000 -15.434433 18.861889 6.691887 -1.844031 2.498503 -2.507276 -10.163590 4.678941 4.621104 -20.975996 -0.000001 0.000001 -21.226254 2.451698 -3.593995 0.000000 -0.000006 -0.000000 -1.362681 2.240797 -0.746323 -21.334892 0.584910 3.008319 -13.821196 -0.000001 0.000001 -23.887129 -0.249075 -0.839485 -60.151516 3.034064 -2.076033 -0.294025 1.679686 0.833255 -14.218195 0.093215 1.300579 -34.212002 -0.287561 0.967166 -20.033176 0.964536 1.212838 0.000000 -0.000000 0.000000 -3.440387 0.788233 0.501655 -15.928172 -3.167306 2.999703 -6.338817 -0.000000 0.000001 -18.123419 3.648181 -4.905662 -0.000004 0.000000 -0.000002 19.722399 6.193086 17.452625 52.985455 -0.616575 20.845655 -0.787906 46.587559 0.259315 -1.568005 -32.457497 -45.228058 2.243540 -5.255033 -3.180156 14.282877 -0.826594 6.952496 -0.000000 -12.690593 -0.000001 15.535543 -17.026543 2.079454 1.665665 -1.955920 -2.878297 4.727794 -4.170584 4.993919 11.020511 0.000001 -0.000000 12.109032 -3.735715 -2.866778 0.000000 -0.000000 0.000000 1.291985 -1.928548 -1.498088 14.800115 0.567467 3.865604 14.242553 -1.341738 -6.660648 19.631935 0.143921 -0.648243 48.596302 -0.058895 -5.566250 0.353029 -1.511150 -0.031940 20.222769 3.684305 2.316629 18.787249 0.000001 -0.000001 10.751608 -0.479870 1.397903 0.000000 -0.000000 0.000000 3.273804 0.305947 -0.580110 21.486790 11.830364 2.266131 8.162915 0.000000 -0.000000 18.399052 -3.798986 -4.940567 0.000003 0.000000 -0.000001 -2.390358 8.724615 -4.844857 0.205427 0.111564 15.715253 -5.092716 8.848632 -14.102532 1.626393 -2.364483 -1.139014 0.000000 -0.000000 0.000002 -5.788606 -11.983581 -17.069546 0.079509 0.014463 29.143175 4.063155 8.180419 -14.641802 -1.433175 0.810451 -2.275196 0.000000 -0.000000 -0.000001
0.000000 0.000000 0.000000 0.000000 -0.000000 0.000000 -0.875820 -0.894156 -3.902921 4.044042 -0.138375 3.416058 -1.768237 0.385095 0.796197 -0.576704 1.259672 -4.567979 -1.471998 -0.841514 7.969704 2.644847 1.842174 4.219233 -3.532167 -7.324400 -3.256676 0.961341 -10.298992 -1.056996 0.000077 -0.000022 0.000006 0.028205 -0.150800 -0.091583 0.755149 -3.847028 -10.752128 -0.699404 3.553790 -10.763510 -6.615134 0.939159 13.333404 -69.975449 -11.447518 24.451483 1.462480 -51.835556 -1.128504 -2.326132 8.183230 7.944274 -5.882102 9.861279 0.702590 -10.936861 -0.360574 7.156197 0.000000 8.774815 -0.000000 -15.290427 18.836685 6.559155 -1.844031 2.498503 -2.507276 -10.163590 4.678941 4.621104 -20.975996 -0.000001 0.000001 -21.226254 2.451698 -3.593995 0.000000 -0.000006 -0.000000 -1.362681 2.240797 -0.746323 -21.334892 0.584910 3.008319 -13.821196 -0.000001 0.000001 -23.887129 -0.249075 -0.839485 -59.727329 3.064846 -1.690683 -0.294025 1.679686 0.833255 -14.218195 0.093215 1.300579 -34.212002 -0.287561 0.967166 -20.033176 0.964536 1.212838 0.000000 -0.000000 0.000000 -3.440387 0.788233 0.501655 -15.928172 -3.167306 2.999703 -6.338817 -0.000000 0.000001 -18.123419 3.648181 -4.905662 -0.000004 0.000000 -0.000002 18.042942 7.743235 17.952782 53.603409 -7.867099 20.162354 2.347055 51.945862 2.358577 7.113758 -31.802017 -50.763222 2.243540 -5.255033 -3.180156 14.282877 -0.826594 6.952496 -0.000000 -12.690593 -0.000001 15.138515 -16.813580 2.673095 1.665665 -1.955920 -2.878297 4.727794 -4.170584 4.993919 11.020511 0.000001 -0.000000 12.109032 -3.735715 -2.866778 0.000000 -0.000000 0.000000 1.291985 -1.928548 -1.498088 14.800115 0.567467 3.865604 14.242553 -1.341738 -6.660648 19.631935 0.143921 -0.648243 48.307697 -0.146756 -5.983554 0.353029 -1.511150 -0.031940 20.222769 3.684305 2.316629 18.787249 0.000001 -0.000001 10.751608 -0.479870 1.397903 0.000000 -0.000000 0.000000 3.273804 0.305947 -0.580110 21.486790 11.830364 2.266131 8.162915 0.000000 -0.000000 18.399052 -3.798986 -4.940567 0.000003 0.000000 -0.000001 -2.390358 8.724615 -4.844857 0.205427 0.111564 15.715253 -5.092716 8.848632 -14.102532 1.626393 -2.364483 -1.139014 0.000000 -0.000000 0.000002 -5.788606 -11.983581 -17.069546 0.079509 0.014463 29.143175 4.063155 8.180419 -14.641802 -1.433175 0.810451 -2.275196 0.000000 -0.000000 -0.000001
0.000000 0.000000 0.000000 0.000000 -0.000000 0.000000 -0.875820 -0.743910 -3.902921 4.044042 -0.138375 3.416058 -1.703882 0.282151 0.825183 -0.511834 1.776673 -4.536088 -2.034154 -0.890038 7.534181 5.518501 0.582337 5.495959 -4.617160 -10.762939 -3.090351 1.715965 -15.174082 -1.970179 0.000077 -0.000022 0.000006 0.024640 -0.183152 -0.031202 0.718337 -3.873010 -10.738471 -0.668652 3.514669 -10.751869 -6.405882 1.484368 13.263800 -68.904282 -12.787201 28.192539 1.270320 -56.413742 -1.707219 -3.636169 8.272495 10.274548 -5.882102 9.861279 0.702590 -10.936861 -0.360574 7.156197 0.000000 8.774815 -0.000000 -15.176020 19.023825 6.501004 -1.844031 2.498503 -2.507276 -10.163590 4.678941 4.621104 -20.975996 -0.000001 0.000001 -21.226254 2.451698 -3.593995 0.000000 -0.000006 -0.000000 -1.362681 2.240797 -0.746323 -21.334892 0.584910 3.008319 -13.821196 -0.000001 0.000001 -23.887129 -0.249075 -0.839485 -59.814323 3.056057 -1.475814 -0.294025 1.679686 0.833255 -14.218195 0.093215 1.300579 -34.212002 -0.287561 0.967166 -20.033176 0.964536 1.212838 0.000000 -0.000000 0.000000 -3.440387 0.788233 0.501655 -15.928172 -3.167306 2.999703 -6.338817 -0.000000 0.000001 -18.123419 3.648181 -4.905662 -0.000004 0.000000 -0.000002 15.351807 8.117192 17.335119 54.340412 -17.364674 16.742712 5.720777 63.916515 4.891759 11.375069 -26.795006 -51.163322 2.243540 -5.255033 -3.180156 14.282877 -0.826594 6.952496 -0.000000 -12.690593 -0.000001 15.538116 -17.294786 2.685662 1.665665 -1.955920 -2.878297 4.727794 -4.170584 4.993919 11.020511 0.000001 -0.000000 12.109032 -3.735715 -2.866778 0.000000 -0.000000 0.000000 1.291985 -1.928548 -1.498088 14.800115 0.567467 3.865604 14.242553 -1.341738 -6.660648 19.631935 0.143921 -0.648243 48.896549 -0.181720 -6.431194 0.353029 -1.511150 -0.031940 20.222769 3.684305 2.316629 18.787249 0.000001 -0.000001 10.751608 -0.479870 1.397903 0.000000 -0.000000 0.000000 3.273804 0.305947 -0.580110 21.486790 11.830364 2.266131 8.162915 0.000000 -0.000000 18.399052 -3.798986 -4.940567 0.000003 0.000000 -0.000001 -2.390358 8.724615 -4.844857 0.205427 0.111564 15.715253 -5.092716 8.848632 -14.102532 1.626393 -2.364483 -1.139014 0.000000 -0.000000 0.000002 -5.788606 -11.983581 -17.069546 0.079509 0.014463 29.143175 4.063155 8.180419 -14.641802 -1.433175 0.810451 -2.275196 0.000000 -0.000000 -0.000001
0.000000 0.000000 0.000000 0.000000 -0.000000 0.000000 -0.875820 -0.685370 -3.902921 4.044042 -0.138375 3.416058 -1.473042 0.068760 0.655735 -0.498152 1.826858 -4.722342 -2.716554 -1.305843 7.539830 8.494849 -0.865846 6.722117 -5.258461 -14.083730 -2.782994 2.007849 -18.986979 -3.067795 0.000077 -0.000022 0.000006 0.022108 -0.176963 -0.033576 0.700227 -3.855606 -10.713945 -0.653568 3.506557 -10.713320 -6.274175 0.687910 13.452230 -67.145554 -14.007027 30.583378 2.048721 -60.941448 -2.606291 -5.654049 7.630326 11.047615 -5.882102 9.861279 0.702590 -10.936861 -0.360574 7.156197 0.000000 8.774815 -0.000000 -15.025551 19.125895 6.442732 -1.844031 2.498503 -2.507276 -10.163590 4.678941 4.621104 -20.975996 -0.000001 0.000001 -21.226254 2.451698 -3.593995 0.000000 -0.000006 -0.000000 -1.362681 2.240797 -0.746323 -21.334892 0.584910 3.008319 -13.821196 -0.000001 0.000001 -23.887129 -0.249075 -0.839485 -59.883472 2.939119 -1.270640 -0.294025 1.679686 0.833255 -14.218195 0.093215 1.300579 -34.212002 -0.287561 0.967166 -20.033176 0.964536 1.212838 0.000000 -0.000000 0.000000 -3.440387 0.788233 0.501655 -15.928172 -3.167306 2.999703 -6.338817 -0.000000 0.000001 -18.123419 3.648181 -4.905662 -0.000004 0.000000 -0.000002 11.681872 7.721460 15.321248 53.240562 -26.956917 12.222470 9.610111 76.272308 8.881427 10.670292 -21.081970 -49.904678 2.243540 -5.255033 -3.180156 14.282877 -0.826594 6.952496 -0.000000 -12.690593 -0.000001 16.255941 -17.888830 2.173680 1.665665 -1.955920 -2.878297 4.727794 -4.170584 4.993919 11.020511 0.000001 -0.000000 12.109032 -3.735715 -2.866778 0.000000 -0.000000 0.000000 1.291985 -1.928548 -1.498088 14.800115 0.567467 3.865604 14.242553 -1.341738 -6.660648 19.631935 0.143921 -0.648243 49.629818 -0.275787 -6.725323 0.353029 -1.511150 -0.031940 20.222769 3.684305 2.316629 18.787249 0.000001 -0.000001 10.751608 -0.479870 1.397903 0.000000 -0.000000 0.000000 3.273804 0.305947 -0.580110 21.486790 11.830364 2.266131 8.162915 0.000000 -0.000000 18.399052 -3.798986 -4.940567 0.000003 0.000000 -0.000001 -2.390358 8.724615 -4.844857 0.205427 0.111564 15.715253 -5.092716 8.848632 -14.102532 1.626393 -2.364483 -1.139014 0.000000 -0.000000 0.000002 -5.788606 -11.983581 -17.069546 0.079509 0.014463 29.143175 4.063155 8.180419 -14.641802 -1.433175 0.810451 -2.275196 0.000000 -0.000000 -0.000001
0.000000 0.000000 0.000000 0.000000 -0.000000 0.000000 -0.875820 -0.760690 -3.902921 4.044042 -0.138375 3.416058 -1.389198 -0.112051 0.198893 -0.450933 1.513027 -4.944326 -3.616325 -1.814301 8.178741 11.318343 -2.336515 7.717695 -5.600522 -16.808472 -2.701739 2.388503 -22.293028 -4.202345 0.000077 -0.000022 0.000006 0.021820 -0.196178 -0.021288 0.730347 -3.906554 -10.738322 -0.686030 3.515357 -10.757218 -5.674403 -0.715541 13.434203 -65.656685 -15.220794 31.872087 1.737531 -64.913963 -2.140099 -7.277454 7.526105 10.611516 -5.882102 9.861279 0.702590 -10.936861 -0.360574 7.156197 0.000000 8.774815 -0.000000 -15.342829 19.061218 6.298709 -1.844031 2.498503 -2.507276 -10.163590 4.678941 4.621104 -20.975996 -0.000001 0.000001 -21.226254 2.451698 -3.593995 0.000000 -0.000006 -0.000000 -1.362681 2.240797 -0.746323 -21.334892 0.584910 3.008319 -13.821196 -0.000001 0.000001 -23.887129 -0.249075 -0.839485 -60.677700 2.925082 -1.308221 -0.294025 1.679686 0.833255 -14.218195 0.093215 1.300579 -34.212002 -0.287561 0.967166 -20.033176 0.964536 1.212838 0.000000 -0.000000 0.000000 -3.440387 0.788233 0.501655 -15.928172 -3.167306 2.999703 -6.338817 -0.000000 0.000001 -18.123419 3.648181 -4.905662 -0.000004 0.000000 -0.000002 7.230277 6.828438 14.124446 49.750111 -33.747093 5.782804 7.210886 83.846680 7.656317 7.493890 -17.446400 -50.787655 2.243540 -5.255033 -3.180156 14.282877 -0.826594 6.952496 -0.000000 -12.690593 -0.000001 16.436171 -18.185541 2.103820 1.665665 -1.955920 -2.878297 4.727794 -4.170584 4.993919 11.020511 0.000001 -0.000000 12.109032 -3.735715 -2.866778 0.000000 -0.000000 0.000000 1.291985 -1.928548 -1.498088 14.800115 0.567467 3.865604 14.242553 -1.341738 -6.660648 19.631935 0.143921 -0.648243 50.349751 -0.338097 -6.540972 0.353029 -1.511150 -0.031940 20.222769 3.684305 2.316629 18.787249 0.000001 -0.000001 10.751608 -0.479870 1.397903 0.000000 -0.000000 0.000000 3.273804 0.305947 -0.580110 21.486790 11.830364 2.266131 8.162915 0.000000 -0.000000 18.399052 -3.798986 -4.940567 0.000003 0.000000 -0.000001 -2.390358 8.724615 -4.844857 0.205427 0.111564 15.715253 -5.092716 8.848632 -14.102532 1.626393 -2.364483 -1.139014 0.000000 -0.000000 0.000002 -5.788606 -11.983581 -17.069546 0.079509 0.014463 29.143175 4.063155 8.180419 -14.641802 -1.433175 0.810451 -2.275196 0.000000 -0.000000 -0.000001
0.000000 0.000000 0.000000 0.000000 -0.000000 0.000000 -0.875820 -0.943185 -3.902921 4.044042 -0.138375 3.416058 -1.388976 -0.441021 -0.181677 -0.499989 0.833957 -5.307973 -4.536359 -2.498948 9.123573 13.869417 -3.958328 8.240632 -5.695501 -18.886957 -2.443503 3.078420 -24.998049 -5.409201 0.000077 -0.000022 0.000006 0.006366 -0.141708 -0.046622 0.781209 -3.868480 -10.822207 -0.768908 3.589540 -10.842587 -4.354464 -2.652575 13.588775 -64.995567 -16.558289 33.177364 0.181936 -67.822624 -0.304380 -8.906685 7.727393 10.239826 -5.882102 9.861279 0.702590 -10.936861 -0.360574 7.156197 0.000000 8.774815 -0.000000 -15.578277 19.091074 6.239137 -1.844031 2.498503 -2.507276 -10.163590 4.678941 4.621104 -20.975996 -0.000001 0.000001 -21.226254 2.451698 -3.593995 0.000000 -0.000006 -0.000000 -1.362681 2.240797 -0.746323 -21.334892 0.584910 3.008319 -13.821196 -0.000001 0.000001 -23.887129 -0.249075 -0.839485 -61.030499 2.976284 -1.411806 -0.294025 1.679686 0.833255 -14.218195 0.093215 1.300579 -34.212002 -0.287561 0.967166 -20.033176 0.964536 1.212838 0.000000 -0.000000 0.000000 -3.440387 0.788233 0.501655 -15.928172 -3.167306 2.999703 -6.338817 -0.000000 0.000001 -18.123419 3.648181 -4.905662 -0.000004 0.000000 -0.000002 2.844610 5.572341 13.014901 43.266026 -37.084572 -0.435376 -0.083539 82.386993 0.080414 4.197381 -17.115089 -50.336422 2.243540 -5.255033 -3.180156 14.282877 -0.826594 6.952496 -0.000000 -12.690593 -0.000001 16.009701 -18.390434 2.443710 1.665665 -1.955920 -2.878297 4.727794 -4.170584 4.993919 11.020511 0.000001 -0.000000 12.109032 -3.735715 -2.866778 0.000000 -0.000000 0.000000 1.291985 -1.928548 -1.498088 14.800115 0.567467 3.865604 14.242553 -1.341738 -6.660648 19.631935 0.143921 -0.648243 50.117794 -0.339654 -6.344494 0.353029 -1.511150 -0.031940 20.222769 3.684305 2.316629 18.787249 0.000001 -0.000001 10.751608 -0.479870 1.397903 0.000000 -0.000000 0.000000 3.273804 0.305947 -0.580110 21.486790 11.830364 2.266131 8.162915 0.000000 -0.000000 18.399052 -3.798986 -4.940567 0.000003 0.000000 -0.000001 -2.390358 8.724615 -4.844857 0.205427 0.111564 15.715253 -5.092716 8.848632 -14.102532 1.626393 -2.364483 -1.139014 0.000000 -0.000000 0.000002 -5.788606 -11.983581 -17.069546 0.079509 0.014463 29.143175 4.063155 8.180419 -14.641802 -1.433175 0.810451 -2.275196 0.000000 -0.000000 -0.000001
0.000000 0.000000 0.000000 0.000000 -0.000000 0.000000 -0.875820 -1.238893 -3.902921 4.044042 -0.138375 3.416058 -1.354608 -0.873047 -0.612395 -0.642926 0.098443 -5.630779 -5.546126 -3.312321 10.209709 16.435551 -5.881165 8.546825 -5.828954 -19.935143 -2.285148 3.889444 -27.832001 -6.678633 0.000077 -0.000022 0.000006 -0.022202 0.022641 -0.106122 0.802363 -3.725045 -10.998155 -0.848161 3.774931 -11.004529 -2.815365 -4.834305 13.968506 -64.064316 -18.135345 35.255337 -0.901072 -70.062813 1.187960 -11.622220 8.198112 10.670258 -5.882102 9.861279 0.702590 -10.936861 -0.360574 7.156197 0.000000 8.774815 -0.000000 -15.716218 19.035732 6.185783 -1.844031 2.498503 -2.507276 -10.163590 4.678941 4.621104 -20.975996 -0.000001 0.000001 -21.226254 2.451698 -3.593995 0.000000 -0.000006 -0.000000 -1.362681 2.240797 -0.746323 -21.334892 0.584910 3.008319 -13.821196 -0.000001 0.000001 -23.887129 -0.249075 -0.839485 -61.178921 2.974050 -1.417859 -0.294025 1.679686 0.833255 -14.218195 0.093215 1.300579 -34.212002 -0.287561 0.967166 -20.033176 0.964536 1.212838 0.000000 -0.000000 0.000000 -3.440387 0.788233 0.501655 -15.928172 -3.167306 2.999703 -6.338817 -0.000000 0.000001 -18.123419 3.648181 -4.905662 -0.000004 0.000000 -0.000002 -0.734896 4.743539 11.935292 35.806358 -36.674068 -8.304356 6.713666 72.032448 6.809392 4.127542 -19.229753 -43.933479 2.243540 -5.255033 -3.180156 14.282877 -0.826594 6.952496 -0.000000 -12.690593 -0.000001 15.615503 -18.716604 2.837326 1.665665 -1.955920 -2.878297 4.727794 -4.170584 4.993919 11.020511 0.000001 -0.000000 12.109032 -3.735715 -2.866778 0.000000 -0.000000 0.000000 1.291985 -1.928548 -1.498088 14.800115 0.567467 3.865604 14.242553 -1.341738 -6.660648 19.631935 0.143921 -0.648243 49.774841 -0.149825 -6.075298 0.353029 -1.511150 -0.031940 20.222769 3.684305 2.316629 18.787249 0.000001 -0.000001 10.751608 -0.479870 1.397903 0.000000 -0.000000 0.000000 3.273804 0.305947 -0.580110 21.486790 11.830364 2.266131 8.162915 0.000000 -0.000000 18.399052 -3.798986 -4.940567 0.000003 0.000000 -0.000001 -2.390358 8.724615 -4.844857 0.205427 0.111564 15.715253 -5.092716 8.848632 -14.102532 1.626393 -2.364483 -1.139014 0.000000 -0.000000 0.000002 -5.788606 -11.983581 -17.069546 0.079509 0.014463 29.143175 4.063155 8.180419 -14.641802 -1.433175 0.810451 -2.275196 0.000000 -0.000000 -0.000001
0.000000 0.000000 0.000000 0.000000 -0.000000 0.000000 -0.875820 -1.685257 -3.902921 4.044042 -0.138375 3.416058 -1.468525 -1.010607 -0.915267 -0.805255 -0.253179 -5.651944 -6.462600 -3.077591 10.918800 18.182234 -6.997459 8.780175 -6.237391 -20.840630 -2.301893 4.440233 -29.803450 -7.460177 0.000077 -0.000022 0.000006 -0.036659 0.145458 -0.134093 0.812620 -3.602483 -11.046148 -0.889106 3.895832 -11.017801 -1.949866 -5.531164 13.837323 -62.833595 -17.997082 36.222206 -2.986827 -72.966454 3.527127 -14.414768 9.510266 11.901393 -5.882102 9.861279 0.702590 -10.936861 -0.360574 7.156197 0.000000 8.774815 -0.000000 -15.940582 18.780117 6.193468 -1.844031 2.498503 -2.507276 -10.163590 4.678941 4.621104 -20.975996 -0.000001 0.000001 -21.226254 2.451698 -3.593995 0.000000 -0.000006 -0.000000 -1.362681 2.240797 -0.746323 -21.334892 0.584910 3.008319 -13.821196 -0.000001 0.000001 -23.887129 -0.249075 -0.839485 -61.294228 2.900759 -1.400303 -0.294025 1.679686 0.833255 -14.218195 0.093215 1.300579 -34.212002 -0.287561 0.967166 -20.033176 0.964536 1.212838 0.000000 -0.000000 0.000000 -3.440387 0.788233 0.501655 -15.928172 -3.167306 2.999703 -6.338817 -0.000000 0.000001 -18.123419 3.648181 -4.905662 -0.000004 0.000000 -0.000002 -3.173692 5.362952 10.745579 27.274633 -32.593605 -12.629888 4.139914 54.642216 3.843505 4.433413 -19.754099 -32.778214 2.243540 -5.255033 -3.180156 14.282877 -0.826594 6.952496 -0.000000 -12.690593 -0.000001 15.678551 -18.714897 3.023274 1.665665 -1.955920 -2.878297 4.727794 -4.170584 4.993919 11.020511 0.000001 -0.000000 12.109032 -3.735715 -2.866778 0.000000 -0.000000 0.000000 1.291985 -1.928548 -1.498088 14.800115 0.567467 3.865604 14.242553 -1.341738 -6.660648 19.631935 0.143921 -0.648243 50.040924 -0.100353 -5.824681 0.353029 -1.511150 -0.031940 20.222769 3.684305 2.316629 18.787249 0.000001 -0.000001 10.751608 -0.479870 1.397903 0.000000 -0.000000 0.000000 3.273804 0.305947 -0.580110 21.486790 11.830364 2.266131 8.162915 0.000000 -0.000000 18.399052 -3.798986 -4.940567 0.000003 0.000000 -0.000001 -2.390358 8.724615 -4.844857 0.205427 0.111564 15.715253 -5.092716 8.848632 -14.102532 1.626393 -2.364483 -1.139014 0.000000 -0.000000 0.000002 -5.788606 -11.983581 -17.069546 0.079509 0.014463 29.143175 4.063155 8.180419 -14.641802 -1.433175 0.810451 -2.275196 0.000000 -0.000000 -0.000001
0.000000 0.000000 0.000000 0.000000 -0.000000 0.000000 -0.875820 -2.095072 -3.902921 4.044042 -0.138375 3.416058 -1.369545 -0.702519 -1.018547 -0.850949 0.758306 -5.573744 -7.296846 -1.787746 11.253598 17.738972 -6.812069 10.014589 -6.458303 -21.387020 -2.407422 4.663371 -29.677202 -7.288068 0.000077 -0.000022 0.000006 -0.025088 0.067426 -0.143695 0.818278 -3.664858 -11.002398 -0.875077 3.803962 -10.959221 -2.526008 -3.573169 13.297965 -61.433002 -15.066092 34.233398 -7.994884 -76.511116 8.096254 -15.229193 11.335694 13.627484 -5.882102 9.861279 0.702590 -10.936861 -0.360574 7.156197 0.000000 8.774815 -0.000000 -15.872744 18.675632 6.354073 -1.844031 2.498503 -2.507276 -10.163590 4.678941 4.621104 -20.975996 -0.000001 0.000001 -21.226254 2.451698 -3.593995 0.000000 -0.000006 -0.000000 -1.362681 2.240797 -0.746323 -21.334892 0.584910 3.008319 -13.821196 -0.000001 0.000001 -23.887129 -0.249075 -0.839485 -61.222141 2.973241 -1.328383 -0.294025 1.679686 0.833255 -14.218195 0.093215 1.300579 -34.212002 -0.287561 0.967166 -20.033176 0.964536 1.212838 0.000000 -0.000000 0.000000 -3.440387 0.788233 0.501655 -15.928172 -3.167306 2.999703 -6.338817 -0.000000 0.000001 -18.123419 3.648181 -4.905662 -0.000004 0.000000 -0.000002 -5.562079 8.344279 9.722731 18.800882 -23.525558 -12.933790 0.977774 32.119305 0.702094 3.795618 -18.079929 -22.485741 2.243540 -5.255033 -3.180156 14.282877 -0.826594 6.952496 -0.000000 -12.690593 -0.000001 15.374795 -18.554352 3.432788 1.665665 -1.955920 -2.878297 4.727794 -4.170584 4.993919 11.020511 0.000001 -0.000000 12.109032 -3.735715 -2.866778 0.000000 -0.000000 0.000000 1.291985 -1.928548 -1.498088 14.800115 0.567467 3.865604 14.242553 -1.341738 -6.660648 19.631935 0.143921 -0.648243 50.098408 -0.106896 -5.781114 0.353029 -1.511150 -0.031940 20.222769 3.684305 2.316629 18.787249 0.000001 -0.000001 10.751608 -0.479870 1.397903 0.000000 -0.000000 0.000000 3.273804 0.305947 -0.580110 21.486790 11.830364 2.266131 8.162915 0.000000 -0.000000 18.399052 -3.798986 -4.940567 0.000003 0.000000 -0.000001 -2.390358 8.724615 -4.844857 0.205427 0.111564 15.715253 -5.092716 8.848632 -14.102532 1.626393 -2.364483 -1.139014 0.000000 -0.000000 0.000002 -5.788606 -11.983581 -17.069546 0.079509 0.014463 29.143175 4.063155 8.180419 -14.641802 -1.433175 0.810451 -2.275196 0.000000 -0.000000 -0.000001
0.000000 0.000000 0.000000 0.000000 -0.000000 0.000000 -0.875820 -2.326622 -3.902921 4.044042 -0.138375 3.416058 -1.131408 -0.354111 -1.041085 -0.808096 2.092524 -5.450650 -7.696283 -0.623815 11.117704 16.136419 -6.148816 11.794246 -6.571892 -21.237684 -2.372510 4.615988 -29.123732 -6.666108 0.000077 -0.000022 0.000006 -0.007892 -0.012509 -0.126685 0.833409 -3.731050 -10.884470 -0.858883 3.713698 -10.868692 -3.026812 -0.659028 12.643032 -61.793972 -9.896256 30.765928 -12.175749 -78.778839 11.633721 -12.704050 12.658187 15.890433 -5.882102 9.861279 0.702590 -10.936861 -0.360574 7.156197 0.000000 8.774815 -0.000000 -15.572854 18.585697 6.742233 -1.844031 2.498503 -2.507276 -10.163590 4.678941 4.621104 -20.975996 -0.000001 0.000001 -21.226254 2.451698 -3.593995 0.000000 -0.000006 -0.000000 -1.362681 2.240797 -0.746323 -21.334892 0.584910 3.008319 -13.821196 -0.000001 0.000001 -23.887129 -0.249075 -0.839485 -61.433025 3.074946 -1.119961 -0.294025 1.679686 0.833255 -14.218195 0.093215 1.300579 -34.212002 -0.287561 0.967166 -20.033176 0.964536 1.212838 0.000000 -0.000000 0.000000 -3.440387 0.788233 0.501655 -15.928172 -3.167306 2.999703 -6.338817 -0.000000 0.000001 -18.123419 3.648181 -4.905662 -0.000004 0.000000 -0.000002 -8.336489 11.951570 8.974451 12.903539 -14.513293 -11.983049 0.264463 15.251945 0.135750 4.874242 -16.299898 -19.247799 2.243540 -5.255033 -3.180156 14.282877 -0.826594 6.952496 -0.000000 -12.690593 -0.000001 15.034025 -18.340771 3.592144 1.665665 -1.955920 -2.878297 4.727794 -4.170584 4.993919 11.020511 0.000001 -0.000000 12.109032 -3.735715 -2.866778 0.000000 -0.000000 0.000000 1.291985 -1.928548 -1.498088 14.800115 0.567467 3.865604 14.242553 -1.341738 -6.660648 19.631935 0.143921 -0.648243 49.628040 -0.173510 -5.923253 0.353029 -1.511150 -0.031940 20.222769 3.684305 2.316629 18.787249 0.000001 -0.000001 10.751608 -0.479870 1.397903 0.000000 -0.000000 0.000000 3.273804 0.305947 -0.580110 21.486790 11.830364 2.266131 8.162915 0.000000 -0.000000 18.399052 -3.798986 -4.940567 0.000003 0.000000 -0.000001 -2.390358 8.724615 -4.844857 0.205427 0.111564 15.715253 -5.092716 8.848632 -14.102532 1.626393 -2.364483 -1.139014 0.000000 -0.000000 0.000002 -5.788606 -11.983581 -17.069546 0.079509 0.014463 29.143175 4.063155 8.180419 -14.641802 -1.433175 0.810451 -2.275196 0.000000 -0.000000 -0.000001
0.000000 0.000000 0.000000 0.000000 -0.000000 0.000000 -0.875820 -2.302764 -3.902921 4.044042 -0.138375 3.416058 -1.054421 -0.236313 -1.158738 -0.790214 2.663085 -5.454768 -7.945435 -0.223084 10.792845 15.352055 -6.171079 13.165520 -6.551908 -20.977032 -2.356862 4.441841 -28.799494 -5.472829 0.000077 -0.000022 0.000006 -0.002651 -0.005632 -0.122339 0.825570 -3.707912 -10.798285 -0.841746 3.705899 -10.817492 -2.901785 0.655892 12.649006 -62.955193 -4.994936 27.382555 -12.327685 -78.806801 11.366847 -9.437542 12.591834 17.369356 -5.882102 9.861279 0.702590 -10.936861 -0.360574 7.156197 0.000000 8.774815 -0.000000 -15.358860 18.448969 6.915344 -1.844031 2.498503 -2.507276 -10.163590 4.678941 4.621104 -20.975996 -0.000001 0.000001 -21.226254 2.451698 -3.593995 0.000000 -0.000006 -0.000000 -1.362681 2.240797 -0.746323 -21.334892 0.584910 3.008319 -13.821196 -0.000001 0.000001 -23.887129 -0.249075 -0.839485 -61.273102 3.066076 -1.018439 -0.294025 1.679686 0.833255 -14.218195 0.093215 1.300579 -34.212002 -0.287561 0.967166 -20.033176 0.964536 1.212838 0.000000 -0.000000 0.000000 -3.440387 0.788233 0.501655 -15.928172 -3.167306 2.999703 -6.338817 -0.000000 0.000001 -18.123419 3.648181 -4.905662 -0.000004 0.000000 -0.000002 -10.106574 13.458165 8.376649 9.879251 -9.290449 -10.915288 0.705030 9.921824 0.102419 6.253901 -14.520217 -18.129009 2.243540 -5.255033 -3.180156 14.282877 -0.826594 6.952496 -0.000000 -12.690593 -0.000001 14.932597 -18.156437 3.430903 1.665665 -1.955920 -2.878297 4.727794 -4.170584 4.993919 11.020511 0.000001 -0.000000 12.109032 -3.735715 -2.866778 0.000000 -0.000000 0.000000 1.291985 -1.928548 -1.498088 14.800115 0.567467 3.865604 14.242553 -1.341738 -6.660648 19.631935 0.143921 -0.648243 49.215050 -0.334542 -6.102713 0.353029 -1.511150 -0.031940 20.222769 3.684305 2.316629 18.787249 0.000001 -0.000001 10.751608 -0.479870 1.397903 0.000000 -0.000000 0.000000 3.273804 0.305947 -0.580110 21.486790 11.830364 2.266131 8.162915 0.000000 -0.000000 18.399052 -3.798986 -4.940567 0.000003 0.000000 -0.000001 -2.390358 8.724615 -4.844857 0.205427 0.111564 15.715253 -5.092716 8.848632 -14.102532 1.626393 -2.364483 -1.139014 0.000000 -0.000000 0.000002 -5.788606 -11.983581 -17.069546 0.079509 0.014463 29.143175 4.063155 8.180419 -14.641802 -1.433175 0.810451 -2.275196 0.000000 -0.000000 -0.000001
0.000000 0.000000 0.000000 0.000000 -0.000000 0.000000 -0.875820 -2.130859 -3.902921 4.044042 -0.138375 3.416058 -1.248354 -0.267159 -1.433022 -0.852619 2.657351 -5.538913 -8.308626 -0.346720 10.466475 15.555565 -6.757074 13.859092 -6.491834 -20.838264 -2.359932 4.151643 -28.677643 -3.967467 0.000077 -0.000022 0.000006 -0.005192 0.041128 -0.129314 0.814726 -3.652237 -10.771121 -0.835632 3.743436 -10.810783 -2.506478 0.504763 12.938008 -63.739136 -1.379161 25.309141 -9.301951 -77.128708 8.215259 -7.258693 11.863295 18.462038 -5.882102 9.861279 0.702590 -10.936861 -0.360574 7.156197 0.000000 8.774815 -0.000000 -15.340972 18.383842 6.884250 -1.844031 2.498503 -2.507276 -10.163590 4.678941 4.621104 -20.975996 -0.000001 0.000001 -21.226254 2.451698 -3.593995 0.000000 -0.000006 -0.000000 -1.362681 2.240797 -0.746323 -21.334892 0.584910 3.008319 -13.821196 -0.000001 0.000001 -23.887129 -0.249075 -0.839485 -60.997051 2.965230 -0.987259 -0.294025 1.679686 0.833255 -14.218195 0.093215 1.300579 -34.212002 -0.287561 0.967166 -20.033176 0.964536 1.212838 0.000000 -0.000000 0.000000 -3.440387 0.788233 0.501655 -15.928172 -3.167306 2.999703 -6.338817 -0.000000 0.000001 -18.123419 3.648181 -4.905662 -0.000004 0.000000 -0.000002 -10.499143 13.298411 7.999773 8.163013 -6.857050 -10.837207 1.343267 10.371037 0.152919 6.894733 -12.463419 -16.566126 2.243540 -5.255033 -3.180156 14.282877 -0.826594 6.952496 -0.000000 -12.690593 -0.000001 14.907793 -17.967346 3.154302 1.665665 -1.955920 -2.878297 4.727794 -4.170584 4.993919 11.020511 0.000001 -0.000000 12.109032 -3.735715 -2.866778 0.000000 -0.000000 0.000000 1.291985 -1.928548 -1.498088 14.800115 0.567467 3.865604 14.242553 -1.341738 -6.660648 19.631935 0.143921 -0.648243 48.858856 -0.446076 -6.189935 0.353029 -1.511150 -0.031940 20.222769 3.684305 2.316629 18.787249 0.000001 -0.000001 10.751608 -0.479870 1.397903 0.000000 -0.000000 0.000000 3.273804 0.305947 -0.580110 21.486790 11.830364 2.266131 8.162915 0.000000 -0.000000 18.399052 -3.798986 -4.940567 0.000003 0.000000 -0.000001 -2.390358 8.724615 -4.844857 0.205427 0.111564 15.715253 -5.092716 8.848632 -14.102532 1.626393 -2.364483 -1.139014 0.000000 -0.000000 0.000002 -5.788606 -11.983581 -17.069546 0.079509 0.014463 29.143175 4.063155 8.180419 -14.641802 -1.433175 0.810451 -2.275196 0.000000 -0.000000 -0.000001
0.000000 0.000000 0.000000 0.000000 -0.000000 0.000000 -0.875820 -1.967377 -3.902921 4.044042 -0.138375 3.416058 -1.599377 -0.334990 -1.759696 -0.946086 2.423736 -5.666776 -8.768728 -0.654638 10.239002 16.193878 -7.433809 13.931528 -6.441011 -20.836325 -2.355436 3.816472 -28.608299 -2.637533 0.000077 -0.000022 0.000006 -0.004874 0.056658 -0.140257 0.815394 -3.633986 -10.774459 -0.834740 3.756137 -10.818256 -2.178017 -0.279222 13.203820 -63.825893 0.978991 24.635191 -6.257600 -74.781982 5.201593 -6.215524 10.924475 19.540497 -5.882102 9.861279 0.702590 -10.936861 -0.360574 7.156197 0.000000 8.774815 -0.000000 -15.390967 18.364885 6.830259 -1.844031 2.498503 -2.507276 -10.163590 4.678941 4.621104 -20.975996 -0.000001 0.000001 -21.226254 2.451698 -3.593995 0.000000 -0.000006 -0.000000 -1.362681 2.240797 -0.746323 -21.334892 0.584910 3.008319 -13.821196 -0.000001 0.000001 -23.887129 -0.249075 -0.839485 -60.770939 2.884206 -0.955638 -0.294025 1.679686 0.833255 -14.218195 0.093215 1.300579 -34.212002 -0.287561 0.967166 -20.033176 0.964536 1.212838 0.000000 -0.000000 0.000000 -3.440387 0.788233 0.501655 -15.928172 -3.167306 2.999703 -6.338817 -0.000000 0.000001 -18.123419 3.648181 -4.905662 -0.000004 0.000000 -0.000002 -10.032819 12.593764 7.843780 6.847442 -5.919690 -11.409179 1.685948 12.221373 0.194847 6.728023 -11.098886 -14.737860 2.243540 -5.255033 -3.180156 14.282877 -0.826594 6.952496 -0.000000 -12.690593 -0.000001 14.885246 -17.763670 2.998414 1.665665 -1.955920 -2.878297 4.727794 -4.170584 4.993919 11.020511 0.000001 -0.000000 12.109032 -3.735715 -2.866778 0.000000 -0.000000 0.000000 1.291985 -1.928548 -1.498088 14.800115 0.567467 3.865604 14.242553 -1.341738 -6.660648 19.631935 0.143921 -0.648243 48.650352 -0.470127 -6.151209 0.353029 -1.511150 -0.031940 20.222769 3.684305 2.316629 18.787249 0.000001 -0.000001 10.751608 -0.479870 1.397903 0.000000 -0.000000 0.000000 3.273804 0.305947 -0.580110 21.486790 11.830364 2.266131 8.162915 0.000000 -0.000000 18.399052 -3.798986 -4.940567 0.000003 0.000000 -0.000001 -2.390358 8.724615 -4.844857 0.205427 0.111564 15.715253 -5.092716 8.848632 -14.102532 1.626393 -2.364483 -1.139014 0.000000 -0.000000 0.000002 -5.788606 -11.983581 -17.069546 0.079509 0.014463 29.143175 4.063155 8.180419 -14.641802 -1.433175 0.810451 -2.275196 0.000000 -0.000000 -0.000001
0.000000 0.000000 0.000000 0.000000 -0.000000 0.000000 -0.875820 -1.837912 -3.902921 4.044042 -0.138375 3.416058 -1.971946 -0.385711 -2.053480 -1.035300 2.214031 -5.798950 -9.236660 -0.946310 10.103531 16.860958 -7.915462 13.663875 -6.423242 -20.831818 -2.332432 3.526280 -28.576773 -1.643550 0.000077 -0.000022 0.000006 -0.002383 0.059339 -0.159352 0.825256 -3.628635 -10.784604 -0.838721 3.756131 -10.824301 -2.069580 -1.144238 13.379166 -63.398876 2.334022 24.999765 -4.144444 -72.397827 3.122126 -5.815053 9.845797 20.504257 -5.882102 9.861279 0.702590 -10.936861 -0.360574 7.156197 0.000000 8.774815 -0.000000 -15.467945 18.322588 6.762172 -1.844031 2.498503 -2.507276 -10.163590 4.678941 4.621104 -20.975996 -0.000001 0.000001 -21.226254 2.451698 -3.593995 0.000000 -0.000006 -0.000000 -1.362681 2.240797 -0.746323 -21.334892 0.584910 3.008319 -13.821196 -0.000001 0.000001 -23.887129 -0.249075 -0.839485 -60.669914 2.831452 -0.934326 -0.294025 1.679686 0.833255 -14.218195 0.093215 1.300579 -34.212002 -0.287561 0.967166 -20.033176 0.964536 1.212838 0.000000 -0.000000 0.000000 -3.440387 0.788233 0.501655 -15.928172 -3.167306 2.999703 -6.338817 -0.000000 0.000001 -18.123419 3.648181 -4.905662 -0.000004 0.000000 -0.000002 -9.224920 11.938546 7.877805 5.590442 -5.667146 -12.367848 1.640049 13.790897 0.163992 5.974151 -10.490750 -12.803675 2.243540 -5.255033 -3.180156 14.282877 -0.826594 6.952496 -0.000000 -12.690593 -0.000001 14.761528 -17.590591 3.001973 1.665665 -1.955920 -2.878297 4.727794 -4.170584 4.993919 11.020511 0.000001 -0.000000 12.109032 -3.735715 -2.866778 0.000000 -0.000000 0.000000 1.291985 -1.928548 -1.498088 14.800115 0.567467 3.865604 14.242553 -1.341738 -6.660648 19.631935 0.143921 -0.648243 48.518616 -0.429389 -6.083665 0.353029 -1.511150 -0.031940 20.222769 3.684305 2.316629 18.787249 0.000001 -0.000001 10.751608 -0.479870 1.397903 0.000000 -0.000000 0.000000 3.273804 0.305947 -0.580110 21.486790 11.830364 2.266131 8.162915 0.000000 -0.000000 18.399052 -3.798986 -4.940567 0.000003 0.000000 -0.000001 -2.390358 8.724615 -4.844857 0.205427 0.111564 15.715253 -5.092716 8.848632 -14.102532 1.626393 -2.364483 -1.139014 0.000000 -0.000000 0.000002 -5.788606 -11.983581 -17.069546 0.079509 0.014463 29.143175 4.063155 8.180419 -14.641802 -1.433175 0.810451 -2.275196 0.000000 -0.000000 -0.000001
0.000000 0.000000 0.000000 0.000000 -0.000000 0.000000 -0.875820 -1.794081 -3.902921 4.044042 -0.138375 3.416058 -2.321969 -0.391094 -2.321832 -1.129526 2.047265 -5.889476 -9.670315 -1.197364 10.003032 17.422623 -8.171583 13.233453 -6.444522 -20.863241 -2.313868 3.240571 -28.525436 -0.985517 0.000077 -0.000022 0.000006 0.007278 0.045374 -0.173568 0.838992 -3.640395 -10.771716 -0.832664 3.740049 -10.802784 -1.990325 -1.946979 13.306319 -62.831978 3.162960 25.794580 -3.223344 -70.123726 2.173681 -5.544635 8.679560 21.470665 -5.882102 9.861279 0.702590 -10.936861 -0.360574 7.156197 0.000000 8.774815 -0.000000 -15.556200 18.331514 6.734614 -1.844031 2.498503 -2.507276 -10.163590 4.678941 4.621104 -20.975996 -0.000001 0.000001 -21.226254 2.451698 -3.593995 0.000000 -0.000006 -0.000000 -1.362681 2.240797 -0.746323 -21.334892 0.584910 3.008319 -13.821196 -0.000001 0.000001 -23.887129 -0.249075 -0.839485 -60.747765 2.854362 -0.907981 -0.294025 1.679686 0.833255 -14.218195 0.093215 1.300579 -34.212002 -0.287561 0.967166 -20.033176 0.964536 1.212838 0.000000 -0.000000 0.000000 -3.440387 0.788233 0.501655 -15.928172 -3.167306 2.999703 -6.338817 -0.000000 0.000001 -18.123419 3.648181 -4.905662 -0.000004 0.000000 -0.000002 -8.479699 11.445473 7.947406 4.413992 -5.625354 -13.584787 1.581323 14.782881 0.182492 5.175092 -10.287612 -11.209076 2.243540 -5.255033 -3.180156 14.282877 -0.826594 6.952496 -0.000000 -12.690593 -0.000001 14.674098 -17.502466 2.995237 1.665665 -1.955920 -2.878297 4.727794 -4.170584 4.993919 11.020511 0.000001 -0.000000 12.109032 -3.735715 -2.866778 0.000000 -0.000000 0.000000 1.291985 -1.928548 -1.498088 14.800115 0.567467 3.865604 14.242553 -1.341738 -6.660648 19.631935 0.143921 -0.648243 48.468193 -0.330027 -6.024419 0.353029 -1.511150 -0.031940 20.222769 3.684305 2.316629 18.787249 0.000001 -0.000001 10.751608 -0.479870 1.397903 0.000000 -0.000000 0.000000 3.273804 0.305947 -0.580110 21.486790 11.830364 2.266131 8.162915 0.000000 -0.000000 18.399052 -3.798986 -4.940567 0.000003 0.000000 -0.000001 -2.390358 8.724615 -4.844857 0.205427 0.111564 15.715253 -5.092716 8.848632 -14.102532 1.626393 -2.364483 -1.139014 0.000000 -0.000000 0.000002 -5.788606 -11.983581 -17.069546 0.079509 0.014463 29.143175 4.063155 8.180419 -14.641802 -1.433175 0.810451 -2.275196 0.000000 -0.000000 -0.000001
0.000000 0.000000 0.000000 0.000000 -0.000000 0.000000 -0.875820 -1.810279 -3.902921 4.044042 -0.138375 3.416058 -2.584616 -0.394122 -2.444876 -1.179280 2.138804 -5.944888 -10.036167 -1.146454 9.873927 17.626728 -8.109402 12.879971 -6.472092 -20.956190 -2.253365 3.085861 -28.342182 -0.476028 0.000077 -0.000022 0.000006 0.009299 0.019136 -0.183867 0.848707 -3.665634 -10.790185 -0.838282 3.713194 -10.816329 -2.166379 -2.352119 13.189592 -62.336624 3.478349 26.423275 -2.701485 -68.068459 1.610845 -5.296732 7.551819 21.652431 -5.882102 9.861279 0.702590 -10.936861 -0.360574 7.156197 0.000000 8.774815 -0.000000 -15.609325 18.265825 6.675609 -1.844031 2.498503 -2.507276 -10.163590 4.678941 4.621104 -20.975996 -0.000001 0.000001 -21.226254 2.451698 -3.593995 0.000000 -0.000006 -0.000000 -1.362681 2.240797 -0.746323 -21.334892 0.584910 3.008319 -13.821196 -0.000001 0.000001 -23.887129 -0.249075 -0.839485 -60.820377 2.816454 -0.893936 -0.294025 1.679686 0.833255 -14.218195 0.093215 1.300579 -34.212002 -0.287561 0.967166 -20.033176 0.964536 1.212838 0.000000 -0.000000 0.000000 -3.440387 0.788233 0.501655 -15.928172 -3.167306 2.999703 -6.338817 -0.000000 0.000001 -18.123419 3.648181 -4.905662 -0.000004 0.000000 -0.000002 -8.132594 11.442513 8.029866 3.603316 -5.129045 -14.179770 1.259581 14.989782 0.120477 5.030831 -10.186535 -10.239357 2.243540 -5.255033 -3.180156 14.282877 -0.826594 6.952496 -0.000000 -12.690593 -0.000001 14.568648 -17.444792 3.091894 1.665665 -1.955920 -2.878297 4.727794 -4.170584 4.993919 11.020511 0.000001 -0.000000 12.109032 -3.735715 -2.866778 0.000000 -0.000000 0.000000 1.291985 -1.928548 -1.498088 14.800115 0.567467 3.865604 14.242553 -1.341738 -6.660648 19.631935 0.143921 -0.648243 48.506233 -0.314489 -6.024829 0.353029 -1.511150 -0.031940 20.222769 3.684305 2.316629 18.787249 0.000001 -0.000001 10.751608 -0.479870 1.397903 0.000000 -0.000000 0.000000 3.273804 0.305947 -0.580110 21.486790 11.830364 2.266131 8.162915 0.000000 -0.000000 18.399052 -3.798986 -4.940567 0.000003 0.000000 -0.000001 -2.390358 8.724615 -4.844857 0.205427 0.111564 15.715253 -5.092716 8.848632 -14.102532 1.626393 -2.364483 -1.139014 0.000000 -0.000000 0.000002 -5.788606 -11.983581 -17.069546 0.079509 0.014463 29.143175 4.063155 8.180419 -14.641802 -1.433175 0.810451 -2.275196 0.000000 -0.000000 -0.000001
0.000000 0.000000 0.000000 0.000000 -0.000000 0.000000 -0.875820 -1.858855 -3.902921 4.044042 -0.138375 3.416058 -2.810697 -0.385890 -2.524286 -1.232610 2.216468 -5.968165 -10.343893 -1.152729 9.722768 17.754110 -7.985507 12.511759 -6.524829 -20.979219 -2.194548 2.945835 -28.224644 -0.113582 0.000077 -0.000022 0.000006 0.006176 0.018897 -0.186173 0.847954 -3.664783 -10.769478 -0.843742 3.712310 -10.789006 -2.326448 -2.623664 12.957493 -61.974049 3.515649 26.821056 -2.630106 -66.075706 1.459833 -4.894163 6.514921 21.962894 -5.882102 9.861279 0.702590 -10.936861 -0.360574 7.156197 0.000000 8.774815 -0.000000 -15.654534 18.276484 6.615197 -1.844031 2.498503 -2.507276 -10.163590 4.678941 4.621104 -20.975996 -0.000001 0.000001 -21.226254 2.451698 -3.593995 0.000000 -0.000006 -0.000000 -1.362681 2.240797 -0.746323 -21.334892 0.584910 3.008319 -13.821196 -0.000001 0.000001 -23.887129 -0.249075 -0.839485 -60.876125 2.816447 -0.900156 -0.294025 1.679686 0.833255 -14.218195 0.093215 1.300579 -34.212002 -0.287561 0.967166 -20.033176 0.964536 1.212838 0.000000 -0.000000 0.000000 -3.440387 0.788233 0.501655 -15.928172 -3.167306 2.999703 -6.338817 -0.000000 0.000001 -18.123419 3.648181 -4.905662 -0.000004 0.000000 -0.000002 -7.942520 11.595335 8.119612 3.013006 -4.608558 -14.168993 0.980316 14.901228 0.120501 5.402106 -10.093559 -9.630033 2.243540 -5.255033 -3.180156 14.282877 -0.826594 6.952496 -0.000000 -12.690593 -0.000001 14.599289 -17.468109 3.125772 1.665665 -1.955920 -2.878297 4.727794 -4.170584 4.993919 11.020511 0.000001 -0.000000 12.109032 -3.735715 -2.866778 0.000000 -0.000000 0.000000 1.291985 -1.928548 -1.498088 14.800115 0.567467 3.865604 14.242553 -1.341738 -6.660648 19.631935 0.143921 -0.648243 48.671276 -0.298450 -6.024604 0.353029 -1.511150 -0.031940 20.222769 3.684305 2.316629 18.787249 0.000001 -0.000001 10.751608 -0.479870 1.397903 0.000000 -0.000000 0.000000 3.273804 0.305947 -0.580110 21.486790 11.830364 2.266131 8.162915 0.000000 -0.000000 18.399052 -3.798986 -4.940567 0.000003 0.000000 -0.000001 -2.390358 8.724615 -4.844857 0.205427 0.111564 15.715253 -5.092716 8.848632 -14.102532 1.626393 -2.364483 -1.139014 0.000000 -0.000000 0.000002 -5.788606 -11.983581 -17.069546 0.079509 0.014463 29.143175 4.063155 8.180419 -14.641802 -1.433175 0.810451 -2.275196 0.000000 -0.000000 -0.000001
0.000000 0.000000 0.000000 0.000000 -0.000000 0.000000 -0.875820 -1.900176 -3.902921 4.044042 -0.138375 3.416058 -2.977268 -0.415433 -2.554337 -1.271780 2.248453 -5.972672 -10.574324 -1.192503 9.577791 17.778748 -7.933549 12.246436 -6.526196 -20.859610 -2.143134 2.892870 -28.190247 0.182949 0.000077 -0.000022 0.000006 -0.001009 0.036762 -0.189088 0.843542 -3.644723 -10.756568 -0.853313 3.727778 -10.769693 -2.416570 -2.868413 12.814898 -61.796497 3.204454 27.065193 -2.498731 -64.273140 1.303308 -4.460120 5.612468 22.049253 -5.882102 9.861279 0.702590 -10.936861 -0.360574 7.156197 0.000000 8.774815 -0.000000 -15.720917 18.275002 6.538179 -1.844031 2.498503 -2.507276 -10.163590 4.678941 4.621104 -20.975996 -0.000001 0.000001 -21.226254 2.451698 -3.593995 0.000000 -0.000006 -0.000000 -1.362681 2.240797 -0.746323 -21.334892 0.584910 3.008319 -13.821196 -0.000001 0.000001 -23.887129 -0.249075 -0.839485 -60.898144 2.805482 -0.934212 -0.294025 1.679686 0.833255 -14.218195 0.093215 1.300579 -34.212002 -0.287561 0.967166 -20.033176 0.964536 1.212838 0.000000 -0.000000 0.000000 -3.440387 0.788233 0.501655 -15.928172 -3.167306 2.999703 -6.338817 -0.000000 0.000001 -18.123419 3.648181 -4.905662 -0.000004 0.000000 -0.000002 -7.919607 11.777823 8.117912 2.763139 -4.079523 -13.999394 0.795593 14.690761 0.149420 5.811632 -9.996776 -9.078878 2.243540 -5.255033 -3.180156 14.282877 -0.826594 6.952496 -0.000000 -12.690593 -0.000001 14.725707 -17.483644 3.113079 1.665665 -1.955920 -2.878297 4.727794 -4.170584 4.993919 11.020511 0.000001 -0.000000 12.109032 -3.735715 -2.866778 0.000000 -0.000000 0.000000 1.291985 -1.928548 -1.498088 14.800115 0.567467 3.865604 14.242553 -1.341738 -6.660648 19.631935 0.143921 -0.648243 48.834545 -0.306081 -6.041175 0.353029 -1.511150 -0.031940 20.222769 3.684305 2.316629 18.787249 0.000001 -0.000001 10.751608 -0.479870 1.397903 0.000000 -0.000000 0.000000 3.273804 0.305947 -0.580110 21.486790 11.830364 2.266131 8.162915 0.000000 -0.000000 18.399052 -3.798986 -4.940567 0.000003 0.000000 -0.000001 -2.390358 8.724615 -4.844857 0.205427 0.111564 15.715253 -5.092716 8.848632 -14.102532 1.626393 -2.364483 -1.139014 0.000000 -0.000000 0.000002 -5.788606 -11.983581 -17.069546 0.079509 0.014463 29.143175 4.063155 8.180419 -14.641802 -1.433175 0.810451 -2.275196 0.000000 -0.000000 -0.000001
0.000000 0.000000 0.000000 0.000000 -0.000000 0.000000 -0.875820 -1.924590 -3.902921 4.044042 -0.138375 3.416058 -3.111038 -0.453698 -2.573570 -1.289473 2.209737 -5.972121 -10.738621 -1.255595 9.469358 17.801653 -7.976467 12.104933 -6.496795 -20.732616 -2.119500 2.852792 -28.187304 0.432133 0.000077 -0.000022 0.000006 -0.004550 0.045331 -0.195482 0.843099 -3.636138 -10.763515 -0.859259 3.735254 -10.770427 -2.395039 -3.180509 12.724849 -61.728184 2.732317 27.324821 -2.303077 -62.778961 1.154205 -4.128023 4.888626 21.820326 -5.882102 9.861279 0.702590 -10.936861 -0.360574 7.156197 0.000000 8.774815 -0.000000 -15.787282 18.275700 6.473223 -1.844031 2.498503 -2.507276 -10.163590 4.678941 4.621104 -20.975996 -0.000001 0.000001 -21.226254 2.451698 -3.593995 0.000000 -0.000006 -0.000000 -1.362681 2.240797 -0.746323 -21.334892 0.584910 3.008319 -13.821196 -0.000001 0.000001 -23.887129 -0.249075 -0.839485 -60.949474 2.792426 -0.958998 -0.294025 1.679686 0.833255 -14.218195 0.093215 1.300579 -34.212002 -0.287561 0.967166 -20.033176 0.964536 1.212838 0.000000 -0.000000 0.000000 -3.440387 0.788233 0.501655 -15.928172 -3.167306 2.999703 -6.338817 -0.000000 0.000001 -18.123419 3.648181 -4.905662 -0.000004 0.000000 -0.000002 -7.989201 11.915964 8.047271 2.768412 -3.640524 -14.047229 0.715586 14.443395 0.182844 5.949032 -9.890503 -8.449134 2.243540 -5.255033 -3.180156 14.282877 -0.826594 6.952496 -0.000000 -12.690593 -0.000001 14.839646 -17.461384 3.066598 1.665665 -1.955920 -2.878297 4.727794 -4.170584 4.993919 11.020511 0.000001 -0.000000 12.109032 -3.735715 -2.866778 0.000000 -0.000000 0.000000 1.291985 -1.928548 -1.498088 14.800115 0.567467 3.865604 14.242553 -1.341738 -6.660648 19.631935 0.143921 -0.648243 48.881271 -0.333664 -6.070807 0.353029 -1.511150 -0.031940 20.222769 3.684305 2.316629 18.787249 0.000001 -0.000001 10.751608 -0.479870 1.397903 0.000000 -0.000000 0.000000 3.273804 0.305947 -0.580110 21.486790 11.830364 2.266131 8.162915 0.000000 -0.000000 18.399052 -3.798986 -4.940567 0.000003 0.000000 -0.000001 -2.390358 8.724615 -4.844857 0.205427 0.111564 15.715253 -5.092716 8.848632 -14.102532 1.626393 -2.364483 -1.139014 0.000000 -0.000000 0.000002 -5.788606 -11.983581 -17.069546 0.079509 0.014463 29.143175 4.063155 8.180419 -14.641802 -1.433175 0.810451 -2.275196 0.000000 -0.000000 -0.000001
0.000000 0.000000 0.000000 0.000000 -0.000000 0.000000 -0.875820 -1.933631 -3.902921 4.044042 -0.138375 3.416058 -3.218920 -0.484793 -2.587015 -1.297609 2.135664 -5.966633 -10.849844 -1.335672 9.383130 17.837858 -8.052423 12.054559 -6.477018 -20.627432 -2.111468 2.800462 -28.183199 0.637981 0.000077 -0.000022 0.000006 -0.005355 0.050499 -0.201148 0.841522 -3.633051 -10.775986 -0.858468 3.741008 -10.777252 -2.326829 -3.513397 12.629649 -61.708508 2.243071 27.552141 -2.167554 -61.653366 1.100365 -3.895316 4.328710 21.456087 -5.882102 9.861279 0.702590 -10.936861 -0.360574 7.156197 0.000000 8.774815 -0.000000 -15.844008 18.287289 6.430981 -1.844031 2.498503 -2.507276 -10.163590 4.678941 4.621104 -20.975996 -0.000001 0.000001 -21.226254 2.451698 -3.593995 0.000000 -0.000006 -0.000000 -1.362681 2.240797 -0.746323 -21.334892 0.584910 3.008319 -13.821196 -0.000001 0.000001 -23.887129 -0.249075 -0.839485 -61.016315 2.785894 -0.962464 -0.294025 1.679686 0.833255 -14.218195 0.093215 1.300579 -34.212002 -0.287561 0.967166 -20.033176 0.964536 1.212838 0.000000 -0.000000 0.000000 -3.440387 0.788233 0.501655 -15.928172 -3.167306 2.999703 -6.338817 -0.000000 0.000001 -18.123419 3.648181 -4.905662 -0.000004 0.000000 -0.000002 -8.053263 12.029955 7.953859 2.839120 -3.284944 -14.209415 0.644982 14.135504 0.179831 5.883341 -9.764464 -7.784854 2.243540 -5.255033 -3.180156 14.282877 -0.826594 6.952496 -0.000000 -12.690593 -0.000001 14.926785 -17.424078 3.027846 1.665665 -1.955920 -2.878297 4.727794 -4.170584 4.993919 11.020511 0.000001 -0.000000 12.109032 -3.735715 -2.866778 0.000000 -0.000000 0.000000 1.291985 -1.928548 -1.498088 14.800115 0.567467 3.865604 14.242553 -1.341738 -6.660648 19.631935 0.143921 -0.648243 48.889641 -0.365082 -6.090956 0.353029 -1.511150 -0.031940 20.222769 3.684305 2.316629 18.787249 0.000001 -0.000001 10.751608 -0.479870 1.397903 0.000000 -0.000000 0.000000 3.273804 0.305947 -0.580110 21.486790 11.830364 2.266131 8.162915 0.000000 -0.000000 18.399052 -3.798986 -4.940567 0.000003 0.000000 -0.000001 -2.390358 8.724615 -4.844857 0.205427 0.111564 15.715253 -5.092716 8.848632 -14.102532 1.626393 -2.364483 -1.139014 0.000000 -0.000000 0.000002 -5.788606 -11.983581 -17.069546 0.079509 0.014463 29.143175 4.063155 8.180419 -14.641802 -1.433175 0.810451 -2.275196 0.000000 -0.000000 -0.000001
0.000000 0.000000 0.000000 0.000000 -0.000000 0.000000 -0.875820 -1.938727 -3.902921 4.044042 -0.138375 3.416058 -3.317005 -0.497516 -2.584382 -1.312268 2.061838 -5.952076 -10.916229 -1.394465 9.297572 17.894222 -8.136206 12.052260 -6.490842 -20.486067 -2.122902 2.744815 -28.157492 0.837680 0.000077 -0.000022 0.000006 -0.007604 0.064658 -0.204510 0.835952 -3.622295 -10.788393 -0.856675 3.756944 -10.783424 -2.268232 -3.811083 12.557940 -61.690063 1.777869 27.733423 -2.088049 -60.931503 1.079860 -3.741085 3.924499 21.047123 -5.882102 9.861279 0.702590 -10.936861 -0.360574 7.156197 0.000000 8.774815 -0.000000 -15.887182 18.318336 6.408103 -1.844031 2.498503 -2.507276 -10.163590 4.678941 4.621104 -20.975996 -0.000001 0.000001 -21.226254 2.451698 -3.593995 0.000000 -0.000006 -0.000000 -1.362681 2.240797 -0.746323 -21.334892 0.584910 3.008319 -13.821196 -0.000001 0.000001 -23.887129 -0.249075 -0.839485 -61.066025 2.801605 -0.964129 -0.294025 1.679686 0.833255 -14.218195 0.093215 1.300579 -34.212002 -0.287561 0.967166 -20.033176 0.964536 1.212838 0.000000 -0.000000 0.000000 -3.440387 0.788233 0.501655 -15.928172 -3.167306 2.999703 -6.338817 -0.000000 0.000001 -18.123419 3.648181 -4.905662 -0.000004 0.000000 -0.000002 -8.081299 12.148295 7.866493 2.869501 -2.996524 -14.363564 0.551149 13.683302 0.132064 5.778495 -9.664815 -7.082829 2.243540 -5.255033 -3.180156 14.282877 -0.826594 6.952496 -0.000000 -12.690593 -0.000001 14.979204 -17.389709 3.008765 1.665665 -1.955920 -2.878297 4.727794 -4.170584 4.993919 11.020511 0.000001 -0.000000 12.109032 -3.735715 -2.866778 0.000000 -0.000000 0.000000 1.291985 -1.928548 -1.498088 14.800115 0.567467 3.865604 14.242553 -1.341738 -6.660648 19.631935 0.143921 -0.648243 48.843800 -0.384565 -6.111908 0.353029 -1.511150 -0.031940 20.222769 3.684305 2.316629 18.787249 0.000001 -0.000001 10.751608 -0.479870 1.397903 0.000000 -0.000000 0.000000 3.273804 0.305947 -0.580110 21.486790 11.830364 2.266131 8.162915 0.000000 -0.000000 18.399052 -3.798986 -4.940567 0.000003 0.000000 -0.000001 -2.390358 8.724615 -4.844857 0.205427 0.111564 15.715253 -5.092716 8.848632 -14.102532 1.626393 -2.364483 -1.139014 0.000000 -0.000000 0.000002 -5.788606 -11.983581 -17.069546 0.079509 0.014463 29.143175 4.063155 8.180419 -14.641802 -1.433175 0.810451 -2.275196 0.000000 -0.000000 -0.000001
0.000000 0.000000 0.000000 0.000000 -0.000000 0.000000 -0.875820 -1.963408 -3.902921 4.044042 -0.138375 3.416058 -3.397564 -0.494509 -2.632887 -1.353218 1.989329 -5.936088 -10.942476 -1.453502 9.230058 17.932238 -8.200890 12.041902 -6.518703 -20.350452 -2.148047 2.689298 -28.145931 1.023381 0.000077 -0.000022 0.000006 -0.005692 0.073284 -0.204345 0.831153 -3.615460 -10.785297 -0.847545 3.765607 -10.770104 -2.159775 -4.084248 12.378235 -61.715515 1.494900 27.805182 -2.316865 -60.481518 1.314400 -3.510102 3.555133 20.768372 -5.882102 9.861279 0.702590 -10.936861 -0.360574 7.156197 0.000000 8.774815 -0.000000 -15.909215 18.390913 6.410076 -1.844031 2.498503 -2.507276 -10.163590 4.678941 4.621104 -20.975996 -0.000001 0.000001 -21.226254 2.451698 -3.593995 0.000000 -0.000006 -0.000000 -1.362681 2.240797 -0.746323 -21.334892 0.584910 3.008319 -13.821196 -0.000001 0.000001 -23.887129 -0.249075 -0.839485 -61.109211 2.863599 -0.960731 -0.294025 1.679686 0.833255 -14.218195 0.093215 1.300579 -34.212002 -0.287561 0.967166 -20.033176 0.964536 1.212838 0.000000 -0.000000 0.000000 -3.440387 0.788233 0.501655 -15.928172 -3.167306 2.999703 -6.338817 -0.000000 0.000001 -18.123419 3.648181 -4.905662 -0.000004 0.000000 -0.000002 -8.108239 12.232559 7.772844 2.835832 -2.805296 -14.833006 0.664259 13.109373 0.134292 5.577841 -9.695832 -6.297137 2.243540 -5.255033 -3.180156 14.282877 -0.826594 6.952496 -0.000000 -12.690593 -0.000001 15.073529 -17.379433 2.961175 1.665665 -1.955920 -2.878297 4.727794 -4.170584 4.993919 11.020511 0.000001 -0.000000 12.109032 -3.735715 -2.866778 0.000000 -0.000000 0.000000 1.291985 -1.928548 -1.498088 14.800115 0.567467 3.865604 14.242553 -1.341738 -6.660648 19.631935 0.143921 -0.648243 48.824150 -0.350833 -6.106478 0.353029 -1.511150 -0.031940 20.222769 3.684305 2.316629 18.787249 0.000001 -0.000001 10.751608 -0.479870 1.397903 0.000000 -0.000000 0.000000 3.273804 0.305947 -0.580110 21.486790 11.830364 2.266131 8.162915 0.000000 -0.000000 18.399052 -3.798986 -4.940567 0.000003 0.000000 -0.000001 -2.390358 8.724615 -4.844857 0.205427 0.111564 15.715253 -5.092716 8.848632 -14.102532 1.626393 -2.364483 -1.139014 0.000000 -0.000000 0.000002 -5.788606 -11.983581 -17.069546 0.079509 0.014463 29.143175 4.063155 8.180419 -14.641802 -1.433175 0.810451 -2.275196 0.000000 -0.000000 -0.000001
0.000000 0.000000 0.000000 0.000000 -0.000000 0.000000 -0.875820 -1.995215 -3.902921 4.044042 -0.138375 3.416058 -3.441898 -0.498008 -2.649462 -1.370894 2.072800 -5.943019 -10.968577 -1.325939 9.176323 17.816486 -8.157080 12.096597 -6.472899 -20.336111 -2.128211 2.759669 -28.022587 1.219286 0.000077 -0.000022 0.000006 -0.006861 0.054682 -0.203373 0.832111 -3.637262 -10.822875 -0.850919 3.750127 -10.801283 -2.226081 -4.121418 12.288128 -61.694088 1.217456 27.863325 -2.341427 -60.222530 1.364475 -3.366414 3.220719 20.166565 -5.882102 9.861279 0.702590 -10.936861 -0.360574 7.156197 0.000000 8.774815 -0.000000 -15.912512 18.367908 6.391301 -1.844031 2.498503 -2.507276 -10.163590 4.678941 4.621104 -20.975996 -0.000001 0.000001 -21.226254 2.451698 -3.593995 0.000000 -0.000006 -0.000000 -1.362681 2.240797 -0.746323 -21.334892 0.584910 3.008319 -13.821196 -0.000001 0.000001 -23.887129 -0.249075 -0.839485 -61.137466 2.882977 -0.971718 -0.294025 1.679686 0.833255 -14.218195 0.093215 1.300579 -34.212002 -0.287561 0.967166 -20.033176 0.964536 1.212838 0.000000 -0.000000 0.000000 -3.440387 0.788233 0.501655 -15.928172 -3.167306 2.999703 -6.338817 -0.000000 0.000001 -18.123419 3.648181 -4.905662 -0.000004 0.000000 -0.000002 -8.201273 12.453150 7.719541 2.887794 -2.495994 -15.085522 0.687298 12.377277 0.090111 5.493206 -9.746771 -5.866349 2.243540 -5.255033 -3.180156 14.282877 -0.826594 6.952496 -0.000000 -12.690593 -0.000001 15.049291 -17.329416 2.992873 1.665665 -1.955920 -2.878297 4.727794 -4.170584 4.993919 11.020511 0.000001 -0.000000 12.109032 -3.735715 -2.866778 0.000000 -0.000000 0.000000 1.291985 -1.928548 -1.498088 14.800115 0.567467 3.865604 14.242553 -1.341738 -6.660648 19.631935 0.143921 -0.648243 48.723892 -0.370609 -6.143542 0.353029 -1.511150 -0.031940 20.222769 3.684305 2.316629 18.787249 0.000001 -0.000001 10.751608 -0.479870 1.397903 0.000000 -0.000000 0.000000 3.273804 0.305947 -0.580110 21.486790 11.830364 2.266131 8.162915 0.000000 -0.000000 18.399052 -3.798986 -4.940567 0.000003 0.000000 -0.000001 -2.390358 8.724615 -4.844857 0.205427 0.111564 15.715253 -5.092716 8.848632 -14.102532 1.626393 -2.364483 -1.139014 0.000000 -0.000000 0.000002 -5.788606 -11.983581 -17.069546 0.079509 0.014463 29.143175 4.063155 8.180419 -14.641802 -1.433175 0.810451 -2.275196 0.000000 -0.000000 -0.000001
0.000000 0.000000 0.000000 0.000000 -0.000000 0.000000 -0.875820 -2.022048 -3.902921 4.044042 -0.138375 3.416058 -3.506937 -0.486593 -2.688522 -1.394744 2.132468 -5.951858 -10.984550 -1.255021 9.132898 17.743504 -8.092474 12.110589 -6.465478 -20.328691 -2.127087 2.764524 -27.952612 1.373562 0.000077 -0.000022 0.000006 -0.008358 0.049223 -0.203901 0.829262 -3.642169 -10.824884 -0.851265 3.744296 -10.799739 -2.283946 -4.126833 12.149023 -61.679581 1.133031 27.774599 -2.556317 -60.137188 1.593201 -3.242928 3.000040 19.888023 -5.882102 9.861279 0.702590 -10.936861 -0.360574 7.156197 0.000000 8.774815 -0.000000 -15.918875 18.393660 6.351379 -1.844031 2.498503 -2.507276 -10.163590 4.678941 4.621104 -20.975996 -0.000001 0.000001 -21.226254 2.451698 -3.593995 0.000000 -0.000006 -0.000000 -1.362681 2.240797 -0.746323 -21.334892 0.584910 3.008319 -13.821196 -0.000001 0.000001 -23.887129 -0.249075 -0.839485 -61.131149 2.905133 -1.001265 -0.294025 1.679686 0.833255 -14.218195 0.093215 1.300579 -34.212002 -0.287561 0.967166 -20.033176 0.964536 1.212838 0.000000 -0.000000 0.000000 -3.440387 0.788233 0.501655 -15.928172 -3.167306 2.999703 -6.338817 -0.000000 0.000001 -18.123419 3.648181 -4.905662 -0.000004 0.000000 -0.000002 -8.249617 12.672903 7.711724 2.907903 -2.399911 -15.212976 0.788166 11.824856 0.088669 5.669606 -9.867316 -5.597026 2.243540 -5.255033 -3.180156 14.282877 -0.826594 6.952496 -0.000000 -12.690593 -0.000001 15.029515 -17.330605 2.998048 1.665665 -1.955920 -2.878297 4.727794 -4.170584 4.993919 11.020511 0.000001 -0.000000 12.109032 -3.735715 -2.866778 0.000000 -0.000000 0.000000 1.291985 -1.928548 -1.498088 14.800115 0.567467 3.865604 14.242553 -1.341738 -6.660648 19.631935 0.143921 -0.648243 48.675346 -0.360047 -6.145363 0.353029 -1.511150 -0.031940 20.222769 3.684305 2.316629 18.787249 0.000001 -0.000001 10.751608 -0.479870 1.397903 0.000000 -0.000000 0.000000 3.273804 0.305947 -0.580110 21.486790 11.830364 2.266131 8.162915 0.000000 -0.000000 18.399052 -3.798986 -4.940567 0.000003 0.000000 -0.000001 -2.390358 8.724615 -4.844857 0.205427 0.111564 15.715253 -5.092716 8.848632 -14.102532 1.626393 -2.364483 -1.139014 0.000000 -0.000000 0.000002 -5.788606 -11.983581 -17.069546 0.079509 0.014463 29.143175 4.063155 8.180419 -14.641802 -1.433175 0.810451 -2.275196 0.000000 -0.000000 -0.000001
0.000000 0.000000 0.000000 0.000000 -0.000000 0.000000 -0.875820 -2.041861 -3.902921 4.044042 -0.138375 3.416058 -3.581776 -0.487394 -2.716158 -1.413764 2.183858 -5.967921 -11.015213 -1.229541 9.102041 17.666380 -8.029069 12.099401 -6.426164 -20.373209 -2.122309 2.760487 -27.880735 1.453028 0.000077 -0.000022 0.000006 -0.011797 0.051306 -0.203922 0.823423 -3.637971 -10.820309 -0.852539 3.744542 -10.791089 -2.334030 -4.121884 12.040822 -61.652668 1.140953 27.628187 -2.783566 -60.141899 1.827140 -3.176213 2.882313 19.779448 -5.882102 9.861279 0.702590 -10.936861 -0.360574 7.156197 0.000000 8.774815 -0.000000 -15.941757 18.393982 6.296805 -1.844031 2.498503 -2.507276 -10.163590 4.678941 4.621104 -20.975996 -0.000001 0.000001 -21.226254 2.451698 -3.593995 0.000000 -0.000006 -0.000000 -1.362681 2.240797 -0.746323 -21.334892 0.584910 3.008319 -13.821196 -0.000001 0.000001 -23.887129 -0.249075 -0.839485 -61.084446 2.893961 -1.042480 -0.294025 1.679686 0.833255 -14.218195 0.093215 1.300579 -34.212002 -0.287561 0.967166 -20.033176 0.964536 1.212838 0.000000 -0.000000 0.000000 -3.440387 0.788233 0.501655 -15.928172 -3.167306 2.999703 -6.338817 -0.000000 0.000001 -18.123419 3.648181 -4.905662 -0.000004 0.000000 -0.000002 -8.274498 12.820199 7.645153 2.983759 -2.422513 -15.105719 0.857160 11.512652 0.090281 6.072246 -10.039466 -5.419713 2.243540 -5.255033 -3.180156 14.282877 -0.826594 6.952496 -0.000000 -12.690593 -0.000001 15.040111 -17.323828 2.989711 1.665665 -1.955920 -2.878297 4.727794 -4.170584 4.993919 11.020511 0.000001 -0.000000 12.109032 -3.735715 -2.866778 0.000000 -0.000000 0.000000 1.291985 -1.928548 -1.498088 14.800115 0.567467 3.865604 14.242553 -1.341738 -6.660648 19.631935 0.143921 -0.648243 48.689743 -0.347138 -6.136862 0.353029 -1.511150 -0.031940 20.222769 3.684305 2.316629 18.787249 0.000001 -0.000001 10.751608 -0.479870 1.397903 0.000000 -0.000000 0.000000 3.273804 0.305947 -0.580110 21.486790 11.830364 2.266131 8.162915 0.000000 -0.000000 18.399052 -3.798986 -4.940567 0.000003 0.000000 -0.000001 -2.390358 8.724615 -4.844857 0.205427 0.111564 15.715253 -5.092716 8.848632 -14.102532 1.626393 -2.364483 -1.139014 0.000000 -0.000000 0.000002 -5.788606 -11.983581 -17.069546 0.079509 0.014463 29.143175 4.063155 8.180419 -14.641802 -1.433175 0.810451 -2.275196 0.000000 -0.000000 -0.000001
0.000000 0.000000 0.000000 0.000000 -0.000000 0.000000 -0.875820 -2.056281 -3.902921 4.044042 -0.138375 3.416058 -3.653887 -0.494001 -2.735405 -1.431854 2.214004 -5.984060 -11.043089 -1.233470 9.083491 17.594137 -7.997855 12.069804 -6.348012 -20.393312 -2.122085 2.727872 -27.848232 1.481830 0.000077 -0.000022 0.000006 -0.015083 0.055884 -0.204338 0.819322 -3.631217 -10.816449 -0.855252 3.747435 -10.783534 -2.345649 -4.128229 11.951541 -61.642513 1.197005 27.590557 -2.852205 -60.162296 1.903652 -3.168738 2.861406 19.829668 -5.882102 9.861279 0.702590 -10.936861 -0.360574 7.156197 0.000000 8.774815 -0.000000 -15.971640 18.375929 6.251537 -1.844031 2.498503 -2.507276 -10.163590 4.678941 4.621104 -20.975996 -0.000001 0.000001 -21.226254 2.451698 -3.593995 0.000000 -0.000006 -0.000000 -1.362681 2.240797 -0.746323 -21.334892 0.584910 3.008319 -13.821196 -0.000001 0.000001 -23.887129 -0.249075 -0.839485 -61.040573 2.863986 -1.065796 -0.294025 1.679686 0.833255 -14.218195 0.093215 1.300579 -34.212002 -0.287561 0.967166 -20.033176 0.964536 1.212838 0.000000 -0.000000 0.000000 -3.440387 0.788233 0.501655 -15.928172 -3.167306 2.999703 -6.338817 -0.000000 0.000001 -18.123419 3.648181 -4.905662 -0.000004 0.000000 -0.000002 -8.276717 12.905480 7.540874 3.125168 -2.548034 -14.846140 0.874557 11.336866 0.080554 6.619587 -10.181482 -5.166461 2.243540 -5.255033 -3.180156 14.282877 -0.826594 6.952496 -0.000000 -12.690593 -0.000001 15.075430 -17.316488 2.980700 1.665665 -1.955920 -2.878297 4.727794 -4.170584 4.993919 11.020511 0.000001 -0.000000 12.109032 -3.735715 -2.866778 0.000000 -0.000000 0.000000 1.291985 -1.928548 -1.498088 14.800115 0.567467 3.865604 14.242553 -1.341738 -6.660648 19.631935 0.143921 -0.648243 48.749340 -0.326153 -6.109638 0.353029 -1.511150 -0.031940 20.222769 3.684305 2.316629 18.787249 0.000001 -0.000001 10.751608 -0.479870 1.397903 0.000000 -0.000000 0.000000 3.273804 0.305947 -0.580110 21.486790 11.830364 2.266131 8.162915 0.000000 -0.000000 18.399052 -3.798986 -4.940567 0.000003 0.000000 -0.000001 -2.390358 8.724615 -4.844857 0.205427 0.111564 15.715253 -5.092716 8.848632 -14.102532 1.626393 -2.364483 -1.139014 0.000000 -0.000000 0.000002 -5.788606 -11.983581 -17.069546 0.079509 0.014463 29.143175 4.063155 8.180419 -14.641802 -1.433175 0.810451 -2.275196 0.000000 -0.000000 -0.000001
0.000000 0.000000 0.000000 0.000000 -0.000000 0.000000 -0.875820 -2.073378 -3.902921 4.044042 -0.138375 3.416058 -3.716471 -0.496596 -2.747288 -1.449028 2.213802 -5.992847 -11.073591 -1.275287 9.064803 17.549286 -7.983594 12.023663 -6.274700 -20.425463 -2.122193 2.659234 -27.856356 1.496812 0.000077 -0.000022 0.000006 -0.017367 0.063709 -0.203603 0.816433 -3.621000 -10.809324 -0.857110 3.753260 -10.774158 -2.353676 -4.134368 11.861596 -61.636406 1.297251 27.624987 -2.810921 -60.136948 1.864806 -3.188603 2.860065 20.004032 -5.882102 9.861279 0.702590 -10.936861 -0.360574 7.156197 0.000000 8.774815 -0.000000 -15.982585 18.364580 6.241367 -1.844031 2.498503 -2.507276 -10.163590 4.678941 4.621104 -20.975996 -0.000001 0.000001 -21.226254 2.451698 -3.593995 0.000000 -0.000006 -0.000000 -1.362681 2.240797 -0.746323 -21.334892 0.584910 3.008319 -13.821196 -0.000001 0.000001 -23.887129 -0.249075 -0.839485 -61.008789 2.845451 -1.069892 -0.294025 1.679686 0.833255 -14.218195 0.093215 1.300579 -34.212002 -0.287561 0.967166 -20.033176 0.964536 1.212838 0.000000 -0.000000 0.000000 -3.440387 0.788233 0.501655 -15.928172 -3.167306 2.999703 -6.338817 -0.000000 0.000001 -18.123419 3.648181 -4.905662 -0.000004 0.000000 -0.000002 -8.243052 12.938461 7.410732 3.259113 -2.713975 -14.551132 0.873295 11.245705 0.071508 7.129740 -10.268964 -4.940254 2.243540 -5.255033 -3.180156 14.282877 -0.826594 6.952496 -0.000000 -12.690593 -0.000001 15.130221 -17.289188 2.945110 1.665665 -1.955920 -2.878297 4.727794 -4.170584 4.993919 11.020511 0.000001 -0.000000 12.109032 -3.735715 -2.866778 0.000000 -0.000000 0.000000 1.291985 -1.928548 -1.498088 14.800115 0.567467 3.865604 14.242553 -1.341738 -6.660648 19.631935 0.143921 -0.648243 48.801731 -0.292788 -6.085384 0.353029 -1.511150 -0.031940 20.222769 3.684305 2.316629 18.787249 0.000001 -0.000001 10.751608 -0.479870 1.397903 0.000000 -0.000000 0.000000 3.273804 0.305947 -0.580110 21.486790 11.830364 2.266131 8.162915 0.000000 -0.000000 18.399052 -3.798986 -4.940567 0.000003 0.000000 -0.000001 -2.390358 8.724615 -4.844857 0.205427 0.111564 15.715253 -5.092716 8.848632 -14.102532 1.626393 -2.364483 -1.139014 0.000000 -0.000000 0.000002 -5.788606 -11.983581 -17.069546 0.079509 0.014463 29.143175 4.063155 8.180419 -14.641802 -1.433175 0.810451 -2.275196 0.000000 -0.000000 -0.000001
0.000000 0.000000 0.000000 0.000000 -0.000000 0.000000 -0.875820 -2.082511 -3.902921 4.044042 -0.138375 3.416058 -3.771972 -0.498083 -2.755763 -1.459102 2.198853 -5.998468 -11.092863 -1.328764 9.049020 17.557501 -8.010577 12.002187 -6.248728 -20.429615 -2.133287 2.582427 -27.882362 1.475595 0.000077 -0.000022 0.000006 -0.019921 0.076341 -0.203608 0.814360 -3.606688 -10.801712 -0.860082 3.764155 -10.766511 -2.417794 -4.132267 11.860061 -61.590385 1.378850 27.656479 -2.707993 -60.099777 1.762339 -3.218127 2.875839 20.198540 -5.882102 9.861279 0.702590 -10.936861 -0.360574 7.156197 0.000000 8.774815 -0.000000 -15.987057 18.369858 6.238837 -1.844031 2.498503 -2.507276 -10.163590 4.678941 4.621104 -20.975996 -0.000001 0.000001 -21.226254 2.451698 -3.593995 0.000000 -0.000006 -0.000000 -1.362681 2.240797 -0.746323 -21.334892 0.584910 3.008319 -13.821196 -0.000001 0.000001 -23.887129 -0.249075 -0.839485 -60.980339 2.848517 -1.080799 -0.294025 1.679686 0.833255 -14.218195 0.093215 1.300579 -34.212002 -0.287561 0.967166 -20.033176 0.964536 1.212838 0.000000 -0.000000 0.000000 -3.440387 0.788233 0.501655 -15.928172 -3.167306 2.999703 -6.338817 -0.000000 0.000001 -18.123419 3.648181 -4.905662 -0.000004 0.000000 -0.000002 -8.176642 12.933357 7.319566 3.322289 -2.882276 -14.220811 0.826159 11.263051 0.056906 7.478536 -10.320725 -4.849105 2.243540 -5.255033 -3.180156 14.282877 -0.826594 6.952496 -0.000000 -12.690593 -0.000001 15.140130 -17.263618 2.929391 1.665665 -1.955920 -2.878297 4.727794 -4.170584 4.993919 11.020511 0.000001 -0.000000 12.109032 -3.735715 -2.866778 0.000000 -0.000000 0.000000 1.291985 -1.928548 -1.498088 14.800115 0.567467 3.865604 14.242553 -1.341738 -6.660648 19.631935 0.143921 -0.648243 48.805458 -0.267239 -6.076798 0.353029 -1.511150 -0.031940 20.222769 3.684305 2.316629 18.787249 0.000001 -0.000001 10.751608 -0.479870 1.397903 0.000000 -0.000000 0.000000 3.273804 0.305947 -0.580110 21.486790 11.830364 2.266131 8.162915 0.000000 -0.000000 18.399052 -3.798986 -4.940567 0.000003 0.000000 -0.000001 -2.390358 8.724615 -4.844857 0.205427 0.111564 15.715253 -5.092716 8.848632 -14.102532 1.626393 -2.364483 -1.139014 0.000000 -0.000000 0.000002 -5.788606 -11.983581 -17.069546 0.079509 0.014463 29.143175 4.063155 8.180419 -14.641802 -1.433175 0.810451 -2.275196 0.000000 -0.000000 -0.000001
0.000000 0.000000 0.000000 0.000000 -0.000000 0.000000 -0.875820 -2.103377 -3.902921 4.044042 -0.138375 3.416058 -3.818030 -0.490172 -2.806105 -1.477073 2.137369 -5.997914 -11.097424 -1.416696 9.050792 17.605556 -8.051664 11.975690 -6.282113 -20.419565 -2.155630 2.486411 -27.964846 1.416339 0.000077 -0.000022 0.000006 -0.019104 0.086903 -0.202388 0.814479 -3.594231 -10.782331 -0.858387 3.772278 -10.746679 -2.434725 -4.167823 11.806231 -61.580940 1.554489 27.605804 -2.818841 -60.045750 1.854283 -3.188702 2.876916 20.497158 -5.882102 9.861279 0.702590 -10.936861 -0.360574 7.156197 0.000000 8.774815 -0.000000 -15.989285 18.389956 6.263940 -1.844031 2.498503 -2.507276 -10.163590 4.678941 4.621104 -20.975996 -0.000001 0.000001 -21.226254 2.451698 -3.593995 0.000000 -0.000006 -0.000000 -1.362681 2.240797 -0.746323 -21.334892 0.584910 3.008319 -13.821196 -0.000001 0.000001 -23.887129 -0.249075 -0.839485 -60.999886 2.881782 -1.081470 -0.294025 1.679686 0.833255 -14.218195 0.093215 1.300579 -34.212002 -0.287561 0.967166 -20.033176 0.964536 1.212838 0.000000 -0.000000 0.000000 -3.440387 0.788233 0.501655 -15.928172 -3.167306 2.999703 -6.338817 -0.000000 0.000001 -18.123419 3.648181 -4.905662 -0.000004 0.000000 -0.000002 -8.070472 12.864206 7.266867 3.277192 -3.047158 -14.246216 0.909416 11.349136 0.079482 7.544648 -10.428757 -4.764193 2.243540 -5.255033 -3.180156 14.282877 -0.826594 6.952496 -0.000000 -12.690593 -0.000001 15.203632 -17.299046 2.904213 1.665665 -1.955920 -2.878297 4.727794 -4.170584 4.993919 11.020511 0.000001 -0.000000 12.109032 -3.735715 -2.866778 0.000000 -0.000000 0.000000 1.291985 -1.928548 -1.498088 14.800115 0.567467 3.865604 14.242553 -1.341738 -6.660648 19.631935 0.143921 -0.648243 48.863304 -0.232611 -6.067703 0.353029 -1.511150 -0.031940 20.222769 3.684305 2.316629 18.787249 0.000001 -0.000001 10.751608 -0.479870 1.397903 0.000000 -0.000000 0.000000 3.273804 0.305947 -0.580110 21.486790 11.830364 2.266131 8.162915 0.000000 -0.000000 18.399052 -3.798986 -4.940567 0.000003 0.000000 -0.000001 -2.390358 8.724615 -4.844857 0.205427 0.111564 15.715253 -5.092716 8.848632 -14.102532 1.626393 -2.364483 -1.139014 0.000000 -0.000000 0.000002 -5.788606 -11.983581 -17.069546 0.079509 0.014463 29.143175 4.063155 8.180419 -14.641802 -1.433175 0.810451 -2.275196 0.000000 -0.000000 -0.000001
0.000000 0.000000 0.000000 0.000000 -0.000000 0.000000 -0.875820 -2.113387 -3.902921 4.044042 -0.138375 3.416058 -3.837322 -0.517165 -2.823682 -1.469350 2.181907 -6.020513 -11.117541 -1.332378 9.060939 17.582762 -8.080688 12.008113 -6.273619 -20.455431 -2.142775 2.468958 -27.980642 1.398037 0.000077 -0.000022 0.000006 -0.020004 0.077056 -0.202420 0.818218 -3.606745 -10.810584 -0.863835 3.764987 -10.779768 -2.563301 -4.113157 11.862566 -61.532394 1.630737 27.640974 -2.621690 -59.930397 1.669614 -3.230383 2.835240 20.266485 -5.882102 9.861279 0.702590 -10.936861 -0.360574 7.156197 0.000000 8.774815 -0.000000 -15.980278 18.333677 6.265625 -1.844031 2.498503 -2.507276 -10.163590 4.678941 4.621104 -20.975996 -0.000001 0.000001 -21.226254 2.451698 -3.593995 0.000000 -0.000006 -0.000000 -1.362681 2.240797 -0.746323 -21.334892 0.584910 3.008319 -13.821196 -0.000001 0.000001 -23.887129 -0.249075 -0.839485 -61.015720 2.843471 -1.089107 -0.294025 1.679686 0.833255 -14.218195 0.093215 1.300579 -34.212002 -0.287561 0.967166 -20.033176 0.964536 1.212838 0.000000 -0.000000 0.000000 -3.440387 0.788233 0.501655 -15.928172 -3.167306 2.999703 -6.338817 -0.000000 0.000001 -18.123419 3.648181 -4.905662 -0.000004 0.000000 -0.000002 -8.000812 12.865346 7.203508 3.252821 -2.947070 -14.154620 0.826794 11.287684 0.053116 7.484835 -10.414649 -4.965705 2.243540 -5.255033 -3.180156 14.282877 -0.826594 6.952496 -0.000000 -12.690593 -0.000001 15.120509 -17.248030 2.946094 1.665665 -1.955920 -2.878297 4.727794 -4.170584 4.993919 11.020511 0.000001 -0.000000 12.109032 -3.735715 -2.866778 0.000000 -0.000000 0.000000 1.291985 -1.928548 -1.498088 14.800115 0.567467 3.865604 14.242553 -1.341738 -6.660648 19.631935 0.143921 -0.648243 48.793457 -0.269487 -6.093992 0.353029 -1.511150 -0.031940 20.222769 3.684305 2.316629 18.787249 0.000001 -0.000001 10.751608 -0.479870 1.397903 0.000000 -0.000000 0.000000 3.273804 0.305947 -0.580110 21.486790 11.830364 2.266131 8.162915 0.000000 -0.000000 18.399052 -3.798986 -4.940567 0.000003 0.000000 -0.000001 -2.390358 8.724615 -4.844857 0.205427 0.111564 15.715253 -5.092716 8.848632 -14.102532 1.626393 -2.364483 -1.139014 0.000000 -0.000000 0.000002 -5.788606 -11.983581 -17.069546 0.079509 0.014463 29.143175 4.063155 8.180419 -14.641802 -1.433175 0.810451 -2.275196 0.000000 -0.000000 -0.000001
0.000000 0.000000 0.000000 0.000000 -0.000000 0.000000 -0.875820 -2.122794 -3.902921 4.044042 -0.138375 3.416058 -3.864464 -0.522440 -2.861027 -1.462638 2.178992 -6.029438 -11.104367 -1.300864 9.058909 17.606239 -8.101732 11.992190 -6.337389 -20.424669 -2.143102 2.363776 -28.018000 1.393353 0.000077 -0.000022 0.000006 -0.020906 0.079650 -0.199742 0.817370 -3.607051 -10.813754 -0.864621 3.769825 -10.788561 -2.662887 -4.068413 11.885800 -61.539745 1.751086 27.595297 -2.551300 -59.779034 1.610198 -3.278897 2.797631 20.200073 -5.882102 9.861279 0.702590 -10.936861 -0.360574 7.156197 0.000000 8.774815 -0.000000 -15.967082 18.330214 6.286984 -1.844031 2.498503 -2.507276 -10.163590 4.678941 4.621104 -20.975996 -0.000001 0.000001 -21.226254 2.451698 -3.593995 0.000000 -0.000006 -0.000000 -1.362681 2.240797 -0.746323 -21.334892 0.584910 3.008319 -13.821196 -0.000001 0.000001 -23.887129 -0.249075 -0.839485 -61.059002 2.842607 -1.090112 -0.294025 1.679686 0.833255 -14.218195 0.093215 1.300579 -34.212002 -0.287561 0.967166 -20.033176 0.964536 1.212838 0.000000 -0.000000 0.000000 -3.440387 0.788233 0.501655 -15.928172 -3.167306 2.999703 -6.338817 -0.000000 0.000001 -18.123419 3.648181 -4.905662 -0.000004 0.000000 -0.000002 -7.894696 12.872182 7.196767 3.164172 -2.880859 -14.267817 0.825216 11.356080 0.048223 7.408135 -10.432819 -5.106180 2.243540 -5.255033 -3.180156 14.282877 -0.826594 6.952496 -0.000000 -12.690593 -0.000001 15.096943 -17.258696 2.972973 1.665665 -1.955920 -2.878297 4.727794 -4.170584 4.993919 11.020511 0.000001 -0.000000 12.109032 -3.735715 -2.866778 0.000000 -0.000000 0.000000 1.291985 -1.928548 -1.498088 14.800115 0.567467 3.865604 14.242553 -1.341738 -6.660648 19.631935 0.143921 -0.648243 48.804871 -0.289791 -6.094299 0.353029 -1.511150 -0.031940 20.222769 3.684305 2.316629 18.787249 0.000001 -0.000001 10.751608 -0.479870 1.397903 0.000000 -0.000000 0.000000 3.273804 0.305947 -0.580110 21.486790 11.830364 2.266131 8.162915 0.000000 -0.000000 18.399052 -3.798986 -4.940567 0.000003 0.000000 -0.000001 -2.390358 8.724615 -4.844857 0.205427 0.111564 15.715253 -5.092716 8.848632 -14.102532 1.626393 -2.364483 -1.139014 0.000000 -0.000000 0.000002 -5.788606 -11.983581 -17.069546 0.079509 0.014463 29.143175 4.063155 8.180419 -14.641802 -1.433175 0.810451 -2.275196 0.000000 -0.000000 -0.000001
0.000000 0.000000 0.000000 0.000000 -0.000000 0.000000 -0.875820 -2.122359 -3.902921 4.044042 -0.138375 3.416058 -3.891602 -0.521211 -2.898279 -1.455140 2.172274 -6.041095 -11.091200 -1.279011 9.046492 17.641920 -8.118354 11.966144 -6.375679 -20.427984 -2.144840 2.240480 -28.041224 1.375645 0.000077 -0.000022 0.000006 -0.022621 0.086201 -0.196348 0.813080 -3.602127 -10.811774 -0.863622 3.777198 -10.790380 -2.746017 -4.061109 11.925233 -61.580044 1.863800 27.465075 -2.584231 -59.617287 1.640080 -3.331407 2.756300 20.105635 -5.882102 9.861279 0.702590 -10.936861 -0.360574 7.156197 0.000000 8.774815 -0.000000 -15.963034 18.323584 6.302608 -1.844031 2.498503 -2.507276 -10.163590 4.678941 4.621104 -20.975996 -0.000001 0.000001 -21.226254 2.451698 -3.593995 0.000000 -0.000006 -0.000000 -1.362681 2.240797 -0.746323 -21.334892 0.584910 3.008319 -13.821196 -0.000001 0.000001 -23.887129 -0.249075 -0.839485 -61.070690 2.824399 -1.091040 -0.294025 1.679686 0.833255 -14.218195 0.093215 1.300579 -34.212002 -0.287561 0.967166 -20.033176 0.964536 1.212838 0.000000 -0.000000 0.000000 -3.440387 0.788233 0.501655 -15.928172 -3.167306 2.999703 -6.338817 -0.000000 0.000001 -18.123419 3.648181 -4.905662 -0.000004 0.000000 -0.000002 -7.779558 12.848403 7.186160 3.045917 -2.790224 -14.341405 0.830776 11.477595 0.040137 7.390036 -10.452774 -5.288274 2.243540 -5.255033 -3.180156 14.282877 -0.826594 6.952496 -0.000000 -12.690593 -0.000001 15.106292 -17.283779 2.993483 1.665665 -1.955920 -2.878297 4.727794 -4.170584 4.993919 11.020511 0.000001 -0.000000 12.109032 -3.735715 -2.866778 0.000000 -0.000000 0.000000 1.291985 -1.928548 -1.498088 14.800115 0.567467 3.865604 14.242553 -1.341738 -6.660648 19.631935 0.143921 -0.648243 48.876373 -0.310453 -6.087332 0.353029 -1.511150 -0.031940 20.222769 3.684305 2.316629 18.787249 0.000001 -0.000001 10.751608 -0.479870 1.397903 0.000000 -0.000000 0.000000 3.273804 0.305947 -0.580110 21.486790 11.830364 2.266131 8.162915 0.000000 -0.000000 18.399052 -3.798986 -4.940567 0.000003 0.000000 -0.000001 -2.390358 8.724615 -4.844857 0.205427 0.111564 15.715253 -5.092716 8.848632 -14.102532 1.626393 -2.364483 -1.139014 0.000000 -0.000000 0.000002 -5.788606 -11.983581 -17.069546 0.079509 0.014463 29.143175 4.063155 8.180419 -14.641802 -1.433175 0.810451 -2.275196 0.000000 -0.000000 -0.000001
0.000000 0.000000 0.000000 0.000000 -0.000000 0.000000 -0.875820 -2.117377 -3.902921 4.044042 -0.138375 3.416058 -3.914466 -0.516278 -2.937148 -1.449795 2.161720 -6.054969 -11.079611 -1.271054 9.032181 17.701580 -8.122942 11.911613 -6.406331 -20.478188 -2.154497 2.118273 -28.052334 1.376058 0.000077 -0.000022 0.000006 -0.022715 0.088111 -0.194616 0.810918 -3.600437 -10.807118 -0.861518 3.778819 -10.788276 -2.810257 -4.074675 11.956738 -61.639652 1.957130 27.357708 -2.659321 -59.455173 1.707505 -3.371383 2.731830 19.969227 -5.882102 9.861279 0.702590 -10.936861 -0.360574 7.156197 0.000000 8.774815 -0.000000 -15.962179 18.328405 6.318382 -1.844031 2.498503 -2.507276 -10.163590 4.678941 4.621104 -20.975996 -0.000001 0.000001 -21.226254 2.451698 -3.593995 0.000000 -0.000006 -0.000000 -1.362681 2.240797 -0.746323 -21.334892 0.584910 3.008319 -13.821196 -0.000001 0.000001 -23.887129 -0.249075 -0.839485 -61.055241 2.807308 -1.076183 -0.294025 1.679686 0.833255 -14.218195 0.093215 1.300579 -34.212002 -0.287561 0.967166 -20.033176 0.964536 1.212838 0.000000 -0.000000 0.000000 -3.440387 0.788233 0.501655 -15.928172 -3.167306 2.999703 -6.338817 -0.000000 0.000001 -18.123419 3.648181 -4.905662 -0.000004 0.000000 -0.000002 -7.647638 12.804165 7.181453 2.901685 -2.723912 -14.349983 0.860432 11.613860 0.035755 7.420384 -10.502539 -5.504662 2.243540 -5.255033 -3.180156 14.282877 -0.826594 6.952496 -0.000000 -12.690593 -0.000001 15.114970 -17.297760 3.000769 1.665665 -1.955920 -2.878297 4.727794 -4.170584 4.993919 11.020511 0.000001 -0.000000 12.109032 -3.735715 -2.866778 0.000000 -0.000000 0.000000 1.291985 -1.928548 -1.498088 14.800115 0.567467 3.865604 14.242553 -1.341738 -6.660648 19.631935 0.143921 -0.648243 48.931686 -0.325644 -6.085969 0.353029 -1.511150 -0.031940 20.222769 3.684305 2.316629 18.787249 0.000001 -0.000001 10.751608 -0.479870 1.397903 0.000000 -0.000000 0.000000 3.273804 0.305947 -0.580110 21.486790 11.830364 2.266131 8.162915 0.000000 -0.000000 18.399052 -3.798986 -4.940567 0.000003 0.000000 -0.000001 -2.390358 8.724615 -4.844857 0.205427 0.111564 15.715253 -5.092716 8.848632 -14.102532 1.626393 -2.364483 -1.139014 0.000000 -0.000000 0.000002 -5.788606 -11.983581 -17.069546 0.079509 0.014463 29.143175 4.063155 8.180419 -14.641802 -1.433175 0.810451 -2.275196 0.000000 -0.000000 -0.000001
0.000000 0.000000 0.000000 0.000000 -0.000000 0.000000 -0.875820 -2.107648 -3.902921 4.044042 -0.138375 3.416058 -3.943444 -0.511242 -2.970543 -1.449054 2.153651 -6.069358 -11.078291 -1.294583 9.020261 17.778906 -8.130937 11.816041 -6.428397 -20.529215 -2.160633 1.987086 -28.063026 1.402074 0.000077 -0.000022 0.000006 -0.020244 0.083151 -0.194053 0.813238 -3.605705 -10.802245 -0.858801 3.773677 -10.784506 -2.855693 -4.109961 11.966094 -61.704041 2.055318 27.310318 -2.703725 -59.355206 1.756806 -3.421763 2.760413 19.842655 -5.882102 9.861279 0.702590 -10.936861 -0.360574 7.156197 0.000000 8.774815 -0.000000 -15.986549 18.326214 6.313711 -1.844031 2.498503 -2.507276 -10.163590 4.678941 4.621104 -20.975996 -0.000001 0.000001 -21.226254 2.451698 -3.593995 0.000000 -0.000006 -0.000000 -1.362681 2.240797 -0.746323 -21.334892 0.584910 3.008319 -13.821196 -0.000001 0.000001 -23.887129 -0.249075 -0.839485 -61.044312 2.794213 -1.051593 -0.294025 1.679686 0.833255 -14.218195 0.093215 1.300579 -34.212002 -0.287561 0.967166 -20.033176 0.964536 1.212838 0.000000 -0.000000 0.000000 -3.440387 0.788233 0.501655 -15.928172 -3.167306 2.999703 -6.338817 -0.000000 0.000001 -18.123419 3.648181 -4.905662 -0.000004 0.000000 -0.000002 -7.510303 12.745532 7.178390 2.752273 -2.676489 -14.359909 0.911732 11.726478 0.031553 7.408437 -10.558242 -5.669914 2.243540 -5.255033 -3.180156 14.282877 -0.826594 6.952496 -0.000000 -12.690593 -0.000001 15.108278 -17.299637 2.992569 1.665665 -1.955920 -2.878297 4.727794 -4.170584 4.993919 11.020511 0.000001 -0.000000 12.109032 -3.735715 -2.866778 0.000000 -0.000000 0.000000 1.291985 -1.928548 -1.498088 14.800115 0.567467 3.865604 14.242553 -1.341738 -6.660648 19.631935 0.143921 -0.648243 48.937702 -0.331759 -6.096871 0.353029 -1.511150 -0.031940 20.222769 3.684305 2.316629 18.787249 0.000001 -0.000001 10.751608 -0.479870 1.397903 0.000000 -0.000000 0.000000 3.273804 0.305947 -0.580110 21.486790 11.830364 2.266131 8.162915 0.000000 -0.000000 18.399052 -3.798986 -4.940567 0.000003 0.000000 -0.000001 -2.390358 8.724615 -4.844857 0.205427 0.111564 15.715253 -5.092716 8.848632 -14.102532 1.626393 -2.364483 -1.139014 0.000000 -0.000000 0.000002 -5.788606 -11.983581 -17.069546 0.079509 0.014463 29.143175 4.063155 8.180419 -14.641802 -1.433175 0.810451 -2.275196 0.000000 -0.000000 -0.000001
0.000000 0.000000 0.000000 0.000000 -0.000000 0.000000 -0.875820 -2.102384 -3.902921 4.044042 -0.138375 3.416058 -3.980828 -0.503057 -2.994099 -1.451799 2.148775 -6.084743 -11.088343 -1.332291 9.013646 17.876530 -8.150863 11.692066 -6.451338 -20.507650 -2.171304 1.840892 -28.080620 1.470026 0.000077 -0.000022 0.000006 -0.017309 0.078033 -0.192900 0.817049 -3.611547 -10.794090 -0.856659 3.768655 -10.777927 -2.926987 -4.138640 12.004897 -61.714272 2.118398 27.310019 -2.719427 -59.361660 1.780755 -3.525894 2.827018 19.818405 -5.882102 9.861279 0.702590 -10.936861 -0.360574 7.156197 0.000000 8.774815 -0.000000 -16.025991 18.316446 6.291490 -1.844031 2.498503 -2.507276 -10.163590 4.678941 4.621104 -20.975996 -0.000001 0.000001 -21.226254 2.451698 -3.593995 0.000000 -0.000006 -0.000000 -1.362681 2.240797 -0.746323 -21.334892 0.584910 3.008319 -13.821196 -0.000001 0.000001 -23.887129 -0.249075 -0.839485 -61.021275 2.783232 -1.018487 -0.294025 1.679686 0.833255 -14.218195 0.093215 1.300579 -34.212002 -0.287561 0.967166 -20.033176 0.964536 1.212838 0.000000 -0.000000 0.000000 -3.440387 0.788233 0.501655 -15.928172 -3.167306 2.999703 -6.338817 -0.000000 0.000001 -18.123419 3.648181 -4.905662 -0.000004 0.000000 -0.000002 -7.367182 12.703323 7.199324 2.582010 -2.644551 -14.303009 0.946034 11.754292 0.016735 7.395783 -10.581532 -5.773520 2.243540 -5.255033 -3.180156 14.282877 -0.826594 6.952496 -0.000000 -12.690593 -0.000001 15.082595 -17.329386 2.992604 1.665665 -1.955920 -2.878297 4.727794 -4.170584 4.993919 11.020511 0.000001 -0.000000 12.109032 -3.735715 -2.866778 0.000000 -0.000000 0.000000 1.291985 -1.928548 -1.498088 14.800115 0.567467 3.865604 14.242553 -1.341738 -6.660648 19.631935 0.143921 -0.648243 48.938427 -0.324956 -6.113858 0.353029 -1.511150 -0.031940 20.222769 3.684305 2.316629 18.787249 0.000001 -0.000001 10.751608 -0.479870 1.397903 0.000000 -0.000000 0.000000 3.273804 0.305947 -0.580110 21.486790 11.830364 2.266131 8.162915 0.000000 -0.000000 18.399052 -3.798986 -4.940567 0.000003 0.000000 -0.000001 -2.390358 8.724615 -4.844857 0.205427 0.111564 15.715253 -5.092716 8.848632 -14.102532 1.626393 -2.364483 -1.139014 0.000000 -0.000000 0.000002 -5.788606 -11.983581 -17.069546 0.079509 0.014463 29.143175 4.063155 8.180419 -14.641802 -1.433175 0.810451 -2.275196 0.000000 -0.000000 -0.000001
0.000000 0.000000 0.000000 0.000000 -0.000000 0.000000 -0.875820 -2.113172 -3.902921 4.044042 -0.138375 3.416058 -4.018031 -0.475280 -3.052110 -1.468614 2.112367 -6.092237 -11.104447 -1.413756 9.019835 17.953470 -8.138779 11.535545 -6.475873 -20.490904 -2.189794 1.693676 -28.110939 1.527793 0.000077 -0.000022 0.000006 -0.013025 0.072147 -0.189726 0.820202 -3.618128 -10.781082 -0.851334 3.762973 -10.761644 -2.956825 -4.180341 11.953780 -61.683460 2.254269 27.328236 -2.849949 -59.457897 1.912778 -3.592593 2.888209 20.048904 -5.882102 9.861279 0.702590 -10.936861 -0.360574 7.156197 0.000000 8.774815 -0.000000 -16.048645 18.334587 6.304465 -1.844031 2.498503 -2.507276 -10.163590 4.678941 4.621104 -20.975996 -0.000001 0.000001 -21.226254 2.451698 -3.593995 0.000000 -0.000006 -0.000000 -1.362681 2.240797 -0.746323 -21.334892 0.584910 3.008319 -13.821196 -0.000001 0.000001 -23.887129 -0.249075 -0.839485 -61.031319 2.809252 -0.981947 -0.294025 1.679686 0.833255 -14.218195 0.093215 1.300579 -34.212002 -0.287561 0.967166 -20.033176 0.964536 1.212838 0.000000 -0.000000 0.000000 -3.440387 0.788233 0.501655 -15.928172 -3.167306 2.999703 -6.338817 -0.000000 0.000001 -18.123419 3.648181 -4.905662 -0.000004 0.000000 -0.000002 -7.269445 12.650322 7.168795 2.396374 -2.659117 -14.327632 1.098973 11.754867 0.035907 7.353599 -10.640298 -5.810015 2.243540 -5.255033 -3.180156 14.282877 -0.826594 6.952496 -0.000000 -12.690593 -0.000001 15.113932 -17.405355 2.973352 1.665665 -1.955920 -2.878297 4.727794 -4.170584 4.993919 11.020511 0.000001 -0.000000 12.109032 -3.735715 -2.866778 0.000000 -0.000000 0.000000 1.291985 -1.928548 -1.498088 14.800115 0.567467 3.865604 14.242553 -1.341738 -6.660648 19.631935 0.143921 -0.648243 49.014374 -0.279623 -6.105773 0.353029 -1.511150 -0.031940 20.222769 3.684305 2.316629 18.787249 0.000001 -0.000001 10.751608 -0.479870 1.397903 0.000000 -0.000000 0.000000 3.273804 0.305947 -0.580110 21.486790 11.830364 2.266131 8.162915 0.000000 -0.000000 18.399052 -3.798986 -4.940567 0.000003 0.000000 -0.000001 -2.390358 8.724615 -4.844857 0.205427 0.111564 15.715253 -5.092716 8.848632 -14.102532 1.626393 -2.364483 -1.139014 0.000000 -0.000000 0.000002 -5.788606 -11.983581 -17.069546 0.079509 0.014463 29.143175 4.063155 8.180419 -14.641802 -1.433175 0.810451 -2.275196 0.000000 -0.000000 -0.000001
0.000000 0.000000 0.000000 0.000000 -0.000000 0.000000 -0.875820 -2.120176 -3.902921 4.044042 -0.138375 3.416058 -4.033182 -0.484427 -3.061172 -1.464121 2.178540 -6.121945 -11.170285 -1.334485 9.021649 17.930691 -8.072297 11.411892 -6.452023 -20.558681 -2.171051 1.636809 -28.109615 1.665298 0.000077 -0.000022 0.000006 -0.013164 0.057599 -0.190466 0.826761 -3.635404 -10.805681 -0.858660 3.752069 -10.788141 -3.039020 -4.119991 11.993744 -61.649124 2.221708 27.358736 -2.836704 -59.480206 1.885464 -3.667917 2.855394 20.088177 -5.882102 9.861279 0.702590 -10.936861 -0.360574 7.156197 0.000000 8.774815 -0.000000 -16.042269 18.281786 6.297760 -1.844031 2.498503 -2.507276 -10.163590 4.678941 4.621104 -20.975996 -0.000001 0.000001 -21.226254 2.451698 -3.593995 0.000000 -0.000006 -0.000000 -1.362681 2.240797 -0.746323 -21.334892 0.584910 3.008319 -13.821196 -0.000001 0.000001 -23.887129 -0.249075 -0.839485 -61.026531 2.803748 -0.957715 -0.294025 1.679686 0.833255 -14.218195 0.093215 1.300579 -34.212002 -0.287561 0.967166 -20.033176 0.964536 1.212838 0.000000 -0.000000 0.000000 -3.440387 0.788233 0.501655 -15.928172 -3.167306 2.999703 -6.338817 -0.000000 0.000001 -18.123419 3.648181 -4.905662 -0.000004 0.000000 -0.000002 -7.271716 12.686047 7.089172 2.353403 -2.481960 -14.080540 1.017795 11.533443 0.032283 7.386968 -10.582151 -6.115483 2.243540 -5.255033 -3.180156 14.282877 -0.826594 6.952496 -0.000000 -12.690593 -0.000001 15.051814 -17.394850 2.974236 1.665665 -1.955920 -2.878297 4.727794 -4.170584 4.993919 11.020511 0.000001 -0.000000 12.109032 -3.735715 -2.866778 0.000000 -0.000000 0.000000 1.291985 -1.928548 -1.498088 14.800115 0.567467 3.865604 14.242553 -1.341738 -6.660648 19.631935 0.143921 -0.648243 48.974331 -0.258403 -6.131614 0.353029 -1.511150 -0.031940 20.222769 3.684305 2.316629 18.787249 0.000001 -0.000001 10.751608 -0.479870 1.397903 0.000000 -0.000000 0.000000 3.273804 0.305947 -0.580110 21.486790 11.830364 2.266131 8.162915 0.000000 -0.000000 18.399052 -3.798986 -4.940567 0.000003 0.000000 -0.000001 -2.390358 8.724615 -4.844857 0.205427 0.111564 15.715253 -5.092716 8.848632 -14.102532 1.626393 -2.364483 -1.139014 0.000000 -0.000000 0.000002 -5.788606 -11.983581 -17.069546 0.079509 0.014463 29.143175 4.063155 8.180419 -14.641802 -1.433175 0.810451 -2.275196 0.000000 -0.000000 -0.000001
0.000000 0.000000 0.000000 0.000000 -0.000000 0.000000 -0.875820 -2.133397 -3.902921 4.044042 -0.138375 3.416058 -4.056677 -0.464590 -3.090142 -1.466854 2.216606 -6.131588 -11.228135 -1.306870 9.012000 17.894287 -7.994677 11.294471 -6.470343 -20.556101 -2.164715 1.567750 -28.115873 1.735812 0.000077 -0.000022 0.000006 -0.013956 0.056718 -0.192436 0.828613 -3.637644 -10.800874 -0.862475 3.753237 -10.786534 -3.109012 -4.032448 11.964698 -61.585670 2.234016 27.378376 -2.919180 -59.547775 1.942904 -3.649936 2.854292 20.278879 -5.882102 9.861279 0.702590 -10.936861 -0.360574 7.156197 0.000000 8.774815 -0.000000 -16.005251 18.286783 6.296822 -1.844031 2.498503 -2.507276 -10.163590 4.678941 4.621104 -20.975996 -0.000001 0.000001 -21.226254 2.451698 -3.593995 0.000000 -0.000006 -0.000000 -1.362681 2.240797 -0.746323 -21.334892 0.584910 3.008319 -13.821196 -0.000001 0.000001 -23.887129 -0.249075 -0.839485 -61.002552 2.802382 -0.966845 -0.294025 1.679686 0.833255 -14.218195 0.093215 1.300579 -34.212002 -0.287561 0.967166 -20.033176 0.964536 1.212838 0.000000 -0.000000 0.000000 -3.440387 0.788233 0.501655 -15.928172 -3.167306 2.999703 -6.338817 -0.000000 0.000001 -18.123419 3.648181 -4.905662 -0.000004 0.000000 -0.000002 -7.249117 12.738517 7.025968 2.232419 -2.372653 -13.659988 0.956843 11.441182 0.049035 7.532556 -10.531851 -6.494095 2.243540 -5.255033 -3.180156 14.282877 -0.826594 6.952496 -0.000000 -12.690593 -0.000001 15.016589 -17.398880 2.974244 1.665665 -1.955920 -2.878297 4.727794 -4.170584 4.993919 11.020511 0.000001 -0.000000 12.109032 -3.735715 -2.866778 0.000000 -0.000000 0.000000 1.291985 -1.928548 -1.498088 14.800115 0.567467 3.865604 14.242553 -1.341738 -6.660648 19.631935 0.143921 -0.648243 48.978928 -0.242682 -6.125533 0.353029 -1.511150 -0.031940 20.222769 3.684305 2.316629 18.787249 0.000001 -0.000001 10.751608 -0.479870 1.397903 0.000000 -0.000000 0.000000 3.273804 0.305947 -0.580110 21.486790 11.830364 2.266131 8.162915 0.000000 -0.000000 18.399052 -3.798986 -4.940567 0.000003 0.000000 -0.000001 -2.390358 8.724615 -4.844857 0.205427 0.111564 15.715253 -5.092716 8.848632 -14.102532 1.626393 -2.364483 -1.139014 0.000000 -0.000000 0.000002 -5.788606 -11.983581 -17.069546 0.079509 0.014463 29.143175 4.063155 8.180419 -14.641802 -1.433175 0.810451 -2.275196 0.000000 -0.000000 -0.000001
0.000000 0.000000 0.000000 0.000000 -0.000000 0.000000 -0.875820 -2.157218 -3.902921 4.044042 -0.138375 3.416058 -4.085080 -0.458498 -3.099901 -1.464464 2.253471 -6.137143 -11.304648 -1.305434 8.985778 17.842331 -7.916740 11.202870 -6.483793 -20.560301 -2.154271 1.534110 -28.128754 1.799502 0.000077 -0.000022 0.000006 -0.016333 0.063440 -0.194636 0.827205 -3.630322 -10.795110 -0.866114 3.760151 -10.783981 -3.162158 -3.980562 11.939101 -61.526714 2.255522 27.321608 -3.043363 -59.612812 2.028214 -3.590595 2.826931 20.434538 -5.882102 9.861279 0.702590 -10.936861 -0.360574 7.156197 0.000000 8.774815 -0.000000 -15.973091 18.288773 6.299488 -1.844031 2.498503 -2.507276 -10.163590 4.678941 4.621104 -20.975996 -0.000001 0.000001 -21.226254 2.451698 -3.593995 0.000000 -0.000006 -0.000000 -1.362681 2.240797 -0.746323 -21.334892 0.584910 3.008319 -13.821196 -0.000001 0.000001 -23.887129 -0.249075 -0.839485 -60.967163 2.792320 -0.968697 -0.294025 1.679686 0.833255 -14.218195 0.093215 1.300579 -34.212002 -0.287561 0.967166 -20.033176 0.964536 1.212838 0.000000 -0.000000 0.000000 -3.440387 0.788233 0.501655 -15.928172 -3.167306 2.999703 -6.338817 -0.000000 0.000001 -18.123419 3.648181 -4.905662 -0.000004 0.000000 -0.000002 -7.214955 12.780439 6.981590 2.110352 -2.252600 -13.091548 0.874909 11.392094 0.069464 7.707596 -10.422034 -6.860229 2.243540 -5.255033 -3.180156 14.282877 -0.826594 6.952496 -0.000000 -12.690593 -0.000001 15.009698 -17.387272 2.967661 1.665665 -1.955920 -2.878297 4.727794 -4.170584 4.993919 11.020511 0.000001 -0.000000 12.109032 -3.735715 -2.866778 0.000000 -0.000000 0.000000 1.291985 -1.928548 -1.498088 14.800115 0.567467 3.865604 14.242553 -1.341738 -6.660648 19.631935 0.143921 -0.648243 48.980724 -0.231660 -6.120182 0.353029 -1.511150 -0.031940 20.222769 3.684305 2.316629 18.787249 0.000001 -0.000001 10.751608 -0.479870 1.397903 0.000000 -0.000000 0.000000 3.273804 0.305947 -0.580110 21.486790 11.830364 2.266131 8.162915 0.000000 -0.000000 18.399052 -3.798986 -4.940567 0.000003 0.000000 -0.000001 -2.390358 8.724615 -4.844857 0.205427 0.111564 15.715253 -5.092716 8.848632 -14.102532 1.626393 -2.364483 -1.139014 0.000000 -0.000000 0.000002 -5.788606 -11.983581 -17.069546 0.079509 0.014463 29.143175 4.063155 8.180419 -14.641802 -1.433175 0.810451 -2.275196 0.000000 -0.000000 -0.000001
0.000000 0.000000 0.000000 0.000000 -0.000000 0.000000 -0.875820 -2.169341 -3.902921 4.044042 -0.138375 3.416058 -4.108187 -0.462345 -3.098578 -1.464763 2.265656 -6.137064 -11.375547 -1.309941 8.946210 17.793159 -7.860663 11.116777 -6.505846 -20.549433 -2.145483 1.494345 -28.140303 1.878589 0.000077 -0.000022 0.000006 -0.018597 0.071145 -0.196354 0.825546 -3.622308 -10.791142 -0.869139 3.768104 -10.781912 -3.201546 -3.981174 11.905500 -61.444595 2.291565 27.306862 -3.092544 -59.683422 2.037297 -3.556710 2.767359 20.548374 -5.882102 9.861279 0.702590 -10.936861 -0.360574 7.156197 0.000000 8.774815 -0.000000 -15.954577 18.293873 6.311285 -1.844031 2.498503 -2.507276 -10.163590 4.678941 4.621104 -20.975996 -0.000001 0.000001 -21.226254 2.451698 -3.593995 0.000000 -0.000006 -0.000000 -1.362681 2.240797 -0.746323 -21.334892 0.584910 3.008319 -13.821196 -0.000001 0.000001 -23.887129 -0.249075 -0.839485 -60.956413 2.780928 -0.951978 -0.294025 1.679686 0.833255 -14.218195 0.093215 1.300579 -34.212002 -0.287561 0.967166 -20.033176 0.964536 1.212838 0.000000 -0.000000 0.000000 -3.440387 0.788233 0.501655 -15.928172 -3.167306 2.999703 -6.338817 -0.000000 0.000001 -18.123419 3.648181 -4.905662 -0.000004 0.000000 -0.000002 -7.150145 12.803232 6.946410 2.000800 -2.145892 -12.567966 0.796419 11.359175 0.083300 7.799498 -10.280975 -7.063236 2.243540 -5.255033 -3.180156 14.282877 -0.826594 6.952496 -0.000000 -12.690593 -0.000001 15.015454 -17.387035 2.970827 1.665665 -1.955920 -2.878297 4.727794 -4.170584 4.993919 11.020511 0.000001 -0.000000 12.109032 -3.735715 -2.866778 0.000000 -0.000000 0.000000 1.291985 -1.928548 -1.498088 14.800115 0.567467 3.865604 14.242553 -1.341738 -6.660648 19.631935 0.143921 -0.648243 48.989990 -0.227165 -6.113077 0.353029 -1.511150 -0.031940 20.222769 3.684305 2.316629 18.787249 0.000001 -0.000001 10.751608 -0.479870 1.397903 0.000000 -0.000000 0.000000 3.273804 0.305947 -0.580110 21.486790 11.830364 2.266131 8.162915 0.000000 -0.000000 18.399052 -3.798986 -4.940567 0.000003 0.000000 -0.000001 -2.390358 8.724615 -4.844857 0.205427 0.111564 15.715253 -5.092716 8.848632 -14.102532 1.626393 -2.364483 -1.139014 0.000000 -0.000000 0.000002 -5.788606 -11.983581 -17.069546 0.079509 0.014463 29.143175 4.063155 8.180419 -14.641802 -1.433175 0.810451 -2.275196 0.000000 -0.000000 -0.000001
0.000000 0.000000 0.000000 0.000000 -0.000000 0.000000 -0.875820 -2.166889 -3.902921 4.044042 -0.138375 3.416058 -4.128728 -0.473138 -3.100634 -1.469867 2.261349 -6.132721 -11.431507 -1.323615 8.907563 17.766853 -7.828381 11.037050 -6.547399 -20.544886 -2.138607 1.428445 -28.147125 1.984800 0.000077 -0.000022 0.000006 -0.018700 0.074263 -0.198527 0.824740 -3.619470 -10.790982 -0.868393 3.771148 -10.783358 -3.233453 -4.009006 11.878289 -61.357311 2.320986 27.354475 -3.018002 -59.731308 1.962157 -3.535265 2.691582 20.604895 -5.882102 9.861279 0.702590 -10.936861 -0.360574 7.156197 0.000000 8.774815 -0.000000 -15.954393 18.304562 6.334096 -1.844031 2.498503 -2.507276 -10.163590 4.678941 4.621104 -20.975996 -0.000001 0.000001 -21.226254 2.451698 -3.593995 0.000000 -0.000006 -0.000000 -1.362681 2.240797 -0.746323 -21.334892 0.584910 3.008319 -13.821196 -0.000001 0.000001 -23.887129 -0.249075 -0.839485 -60.979397 2.777602 -0.913074 -0.294025 1.679686 0.833255 -14.218195 0.093215 1.300579 -34.212002 -0.287561 0.967166 -20.033176 0.964536 1.212838 0.000000 -0.000000 0.000000 -3.440387 0.788233 0.501655 -15.928172 -3.167306 2.999703 -6.338817 -0.000000 0.000001 -18.123419 3.648181 -4.905662 -0.000004 0.000000 -0.000002 -7.055614 12.835734 6.946488 1.884980 -2.058339 -12.108897 0.744678 11.282043 0.084500 7.813405 -10.099301 -7.056681 2.243540 -5.255033 -3.180156 14.282877 -0.826594 6.952496 -0.000000 -12.690593 -0.000001 15.040955 -17.413807 2.987002 1.665665 -1.955920 -2.878297 4.727794 -4.170584 4.993919 11.020511 0.000001 -0.000000 12.109032 -3.735715 -2.866778 0.000000 -0.000000 0.000000 1.291985 -1.928548 -1.498088 14.800115 0.567467 3.865604 14.242553 -1.341738 -6.660648 19.631935 0.143921 -0.648243 49.019344 -0.237296 -6.111612 0.353029 -1.511150 -0.031940 20.222769 3.684305 2.316629 18.787249 0.000001 -0.000001 10.751608 -0.479870 1.397903 0.000000 -0.000000 0.000000 3.273804 0.305947 -0.580110 21.486790 11.830364 2.266131 8.162915 0.000000 -0.000000 18.399052 -3.798986 -4.940567 0.000003 0.000000 -0.000001 -2.390358 8.724615 -4.844857 0.205427 0.111564 15.715253 -5.092716 8.848632 -14.102532 1.626393 -2.364483 -1.139014 0.000000 -0.000000 0.000002 -5.788606 -11.983581 -17.069546 0.079509 0.014463 29.143175 4.063155 8.180419 -14.641802 -1.433175 0.810451 -2.275196 0.000000 -0.000000 -0.000001
0.000000 0.000000 0.000000 0.000000 -0.000000 0.000000 -0.875820 -2.158733 -3.902921 4.044042 -0.138375 3.416058 -4.157260 -0.484721 -3.101630 -1.476832 2.246187 -6.131654 -11.479791 -1.320658 8.863881 17.787308 -7.815069 10.956535 -6.613092 -20.511274 -2.146278 1.326694 -28.179434 2.142694 0.000077 -0.000022 0.000006 -0.018338 0.079424 -0.202398 0.822640 -3.615096 -10.795885 -0.865352 3.776605 -10.790072 -3.300711 -4.056039 11.872449 -61.227005 2.334142 27.485809 -2.874785 -59.750687 1.835734 -3.510931 2.608793 20.641495 -5.882102 9.861279 0.702590 -10.936861 -0.360574 7.156197 0.000000 8.774815 -0.000000 -15.964926 18.304983 6.346054 -1.844031 2.498503 -2.507276 -10.163590 4.678941 4.621104 -20.975996 -0.000001 0.000001 -21.226254 2.451698 -3.593995 0.000000 -0.000006 -0.000000 -1.362681 2.240797 -0.746323 -21.334892 0.584910 3.008319 -13.821196 -0.000001 0.000001 -23.887129 -0.249075 -0.839485 -60.982765 2.771595 -0.876292 -0.294025 1.679686 0.833255 -14.218195 0.093215 1.300579 -34.212002 -0.287561 0.967166 -20.033176 0.964536 1.212838 0.000000 -0.000000 0.000000 -3.440387 0.788233 0.501655 -15.928172 -3.167306 2.999703 -6.338817 -0.000000 0.000001 -18.123419 3.648181 -4.905662 -0.000004 0.000000 -0.000002 -6.893487 12.872985 7.000296 1.716638 -1.984667 -11.676443 0.677065 11.148167 0.066843 7.816158 -9.910808 -6.876050 2.243540 -5.255033 -3.180156 14.282877 -0.826594 6.952496 -0.000000 -12.690593 -0.000001 15.079321 -17.455374 3.012094 1.665665 -1.955920 -2.878297 4.727794 -4.170584 4.993919 11.020511 0.000001 -0.000000 12.109032 -3.735715 -2.866778 0.000000 -0.000000 0.000000 1.291985 -1.928548 -1.498088 14.800115 0.567467 3.865604 14.242553 -1.341738 -6.660648 19.631935 0.143921 -0.648243 49.040119 -0.251053 -6.112828 0.353029 -1.511150 -0.031940 20.222769 3.684305 2.316629 18.787249 0.000001 -0.000001 10.751608 -0.479870 1.397903 0.000000 -0.000000 0.000000 3.273804 0.305947 -0.580110 21.486790 11.830364 2.266131 8.162915 0.000000 -0.000000 18.399052 -3.798986 -4.940567 0.000003 0.000000 -0.000001 -2.390358 8.724615 -4.844857 0.205427 0.111564 15.715253 -5.092716 8.848632 -14.102532 1.626393 -2.364483 -1.139014 0.000000 -0.000000 0.000002 -5.788606 -11.983581 -17.069546 0.079509 0.014463 29.143175 4.063155 8.180419 -14.641802 -1.433175 0.810451 -2.275196 0.000000 -0.000000 -0.000001
0.000000 0.000000 0.000000 0.000000 -0.000000 0.000000 -0.875820 -2.165592 -3.902921 4.044042 -0.138375 3.416058 -4.181201 -0.477714 -3.152583 -1.497842 2.199388 -6.127156 -11.526225 -1.350816 8.842215 17.795509 -7.803828 10.865166 -6.654666 -20.440147 -2.156563 1.208456 -28.233067 2.248626 0.000077 -0.000022 0.000006 -0.014611 0.079472 -0.206941 0.820227 -3.616552 -10.793613 -0.855342 3.777672 -10.787624 -3.349529 -4.135695 11.819162 -61.068272 2.414312 27.536886 -2.957313 -59.755699 1.915724 -3.435972 2.538420 20.773146 -5.882102 9.861279 0.702590 -10.936861 -0.360574 7.156197 0.000000 8.774815 -0.000000 -15.963252 18.329470 6.362000 -1.844031 2.498503 -2.507276 -10.163590 4.678941 4.621104 -20.975996 -0.000001 0.000001 -21.226254 2.451698 -3.593995 0.000000 -0.000006 -0.000000 -1.362681 2.240797 -0.746323 -21.334892 0.584910 3.008319 -13.821196 -0.000001 0.000001 -23.887129 -0.249075 -0.839485 -61.018875 2.778185 -0.861276 -0.294025 1.679686 0.833255 -14.218195 0.093215 1.300579 -34.212002 -0.287561 0.967166 -20.033176 0.964536 1.212838 0.000000 -0.000000 0.000000 -3.440387 0.788233 0.501655 -15.928172 -3.167306 2.999703 -6.338817 -0.000000 0.000001 -18.123419 3.648181 -4.905662 -0.000004 0.000000 -0.000002 -6.685110 12.887937 7.088143 1.453509 -1.957273 -11.623294 0.801856 11.015789 0.078545 7.697114 -9.815826 -6.458225 2.243540 -5.255033 -3.180156 14.282877 -0.826594 6.952496 -0.000000 -12.690593 -0.000001 15.192458 -17.536915 3.001763 1.665665 -1.955920 -2.878297 4.727794 -4.170584 4.993919 11.020511 0.000001 -0.000000 12.109032 -3.735715 -2.866778 0.000000 -0.000000 0.000000 1.291985 -1.928548 -1.498088 14.800115 0.567467 3.865604 14.242553 -1.341738 -6.660648 19.631935 0.143921 -0.648243 49.138561 -0.240630 -6.099888 0.353029 -1.511150 -0.031940 20.222769 3.684305 2.316629 18.787249 0.000001 -0.000001 10.751608 -0.479870 1.397903 0.000000 -0.000000 0.000000 3.273804 0.305947 -0.580110 21.486790 11.830364 2.266131 8.162915 0.000000 -0.000000 18.399052 -3.798986 -4.940567 0.000003 0.000000 -0.000001 -2.390358 8.724615 -4.844857 0.205427 0.111564 15.715253 -5.092716 8.848632 -14.102532 1.626393 -2.364483 -1.139014 0.000000 -0.000000 0.000002 -5.788606 -11.983581 -17.069546 0.079509 0.014463 29.143175 4.063155 8.180419 -14.641802 -1.433175 0.810451 -2.275196 0.000000 -0.000000 -0.000001
0.000000 0.000000 0.000000 0.000000 -0.000000 0.000000 -0.875820 -2.162510 -3.902921 4.044042 -0.138375 3.416058 -4.175617 -0.497963 -3.173837 -1.491765 2.256667 -6.146221 -11.586617 -1.224300 8.845129 17.713766 -7.758962 10.810622 -6.637431 -20.470917 -2.122650 1.212302 -28.196516 2.352602 0.000077 -0.000022 0.000006 -0.014954 0.060610 -0.206851 0.824962 -3.637928 -10.820391 -0.860942 3.761644 -10.812373 -3.470116 -4.158253 11.831525 -60.933750 2.362082 27.618610 -2.897516 -59.627205 1.868246 -3.441301 2.355435 20.575560 -5.882102 9.861279 0.702590 -10.936861 -0.360574 7.156197 0.000000 8.774815 -0.000000 -15.960077 18.265713 6.348959 -1.844031 2.498503 -2.507276 -10.163590 4.678941 4.621104 -20.975996 -0.000001 0.000001 -21.226254 2.451698 -3.593995 0.000000 -0.000006 -0.000000 -1.362681 2.240797 -0.746323 -21.334892 0.584910 3.008319 -13.821196 -0.000001 0.000001 -23.887129 -0.249075 -0.839485 -61.032974 2.767300 -0.846572 -0.294025 1.679686 0.833255 -14.218195 0.093215 1.300579 -34.212002 -0.287561 0.967166 -20.033176 0.964536 1.212838 0.000000 -0.000000 0.000000 -3.440387 0.788233 0.501655 -15.928172 -3.167306 2.999703 -6.338817 -0.000000 0.000001 -18.123419 3.648181 -4.905662 -0.000004 0.000000 -0.000002 -6.577556 12.937005 7.146021 1.390333 -1.802871 -11.510695 0.650636 10.744478 0.049228 7.528990 -9.675423 -6.320657 2.243540 -5.255033 -3.180156 14.282877 -0.826594 6.952496 -0.000000 -12.690593 -0.000001 15.153717 -17.523760 3.050157 1.665665 -1.955920 -2.878297 4.727794 -4.170584 4.993919 11.020511 0.000001 -0.000000 12.109032 -3.735715 -2.866778 0.000000 -0.000000 0.000000 1.291985 -1.928548 -1.498088 14.800115 0.567467 3.865604 14.242553 -1.341738 -6.660648 19.631935 0.143921 -0.648243 49.102482 -0.272012 -6.116235 0.353029 -1.511150 -0.031940 20.222769 3.684305 2.316629 18.787249 0.000001 -0.000001 10.751608 -0.479870 1.397903 0.000000 -0.000000 0.000000 3.273804 0.305947 -0.580110 21.486790 11.830364 2.266131 8.162915 0.000000 -0.000000 18.399052 -3.798986 -4.940567 0.000003 0.000000 -0.000001 -2.390358 8.724615 -4.844857 0.205427 0.111564 15.715253 -5.092716 8.848632 -14.102532 1.626393 -2.364483 -1.139014 0.000000 -0.000000 0.000002 -5.788606 -11.983581 -17.069546 0.079509 0.014463 29.143175 4.063155 8.180419 -14.641802 -1.433175 0.810451 -2.275196 0.000000 -0.000000 -0.000001
0.000000 0.000000 0.000000 0.000000 -0.000000 0.000000 -0.875820 -2.165363 -3.902921 4.044042 -0.138375 3.416058 -4.172843 -0.486749 -3.229629 -1.499331 2.271649 -6.157531 -11.633067 -1.180582 8.835083 17.682644 -7.738197 10.747090 -6.651845 -20.444183 -2.111819 1.156849 -28.194227 2.450149 0.000077 -0.000022 0.000006 -0.014053 0.051342 -0.205167 0.829116 -3.648292 -10.820142 -0.863396 3.753464 -10.808861 -3.557186 -4.166522 11.784282 -60.825500 2.352261 27.717638 -2.903670 -59.481995 1.889278 -3.417690 2.225970 20.605124 -5.882102 9.861279 0.702590 -10.936861 -0.360574 7.156197 0.000000 8.774815 -0.000000 -15.932644 18.258839 6.346418 -1.844031 2.498503 -2.507276 -10.163590 4.678941 4.621104 -20.975996 -0.000001 0.000001 -21.226254 2.451698 -3.593995 0.000000 -0.000006 -0.000000 -1.362681 2.240797 -0.746323 -21.334892 0.584910 3.008319 -13.821196 -0.000001 0.000001 -23.887129 -0.249075 -0.839485 -61.025475 2.781334 -0.836004 -0.294025 1.679686 0.833255 -14.218195 0.093215 1.300579 -34.212002 -0.287561 0.967166 -20.033176 0.964536 1.212838 0.000000 -0.000000 0.000000 -3.440387 0.788233 0.501655 -15.928172 -3.167306 2.999703 -6.338817 -0.000000 0.000001 -18.123419 3.648181 -4.905662 -0.000004 0.000000 -0.000002 -6.440991 12.979084 7.208782 1.272131 -1.722299 -11.454098 0.591981 10.589381 0.041406 7.432011 -9.606951 -6.193434 2.243540 -5.255033 -3.180156 14.282877 -0.826594 6.952496 -0.000000 -12.690593 -0.000001 15.146713 -17.540197 3.060465 1.665665 -1.955920 -2.878297 4.727794 -4.170584 4.993919 11.020511 0.000001 -0.000000 12.109032 -3.735715 -2.866778 0.000000 -0.000000 0.000000 1.291985 -1.928548 -1.498088 14.800115 0.567467 3.865604 14.242553 -1.341738 -6.660648 19.631935 0.143921 -0.648243 49.080017 -0.282469 -6.120761 0.353029 -1.511150 -0.031940 20.222769 3.684305 2.316629 18.787249 0.000001 -0.000001 10.751608 -0.479870 1.397903 0.000000 -0.000000 0.000000 3.273804 0.305947 -0.580110 21.486790 11.830364 2.266131 8.162915 0.000000 -0.000000 18.399052 -3.798986 -4.940567 0.000003 0.000000 -0.000001 -2.390358 8.724615 -4.844857 0.205427 0.111564 15.715253 -5.092716 8.848632 -14.102532 1.626393 -2.364483 -1.139014 0.000000 -0.000000 0.000002 -5.788606 -11.983581 -17.069546 0.079509 0.014463 29.143175 4.063155 8.180419 -14.641802 -1.433175 0.810451 -2.275196 0.000000 -0.000000 -0.000001
0.000000 0.000000 0.000000 0.000000 -0.000000 0.000000 -0.875820 -2.163336 -3.902921 4.044042 -0.138375 3.416058 -4.172507 -0.477285 -3.281706 -1.506644 2.291453 -6.169060 -11.675853 -1.181077 8.807492 17.674725 -7.727871 10.717780 -6.648916 -20.438818 -2.105420 1.115631 -28.198551 2.537523 0.000077 -0.000022 0.000006 -0.014996 0.052109 -0.204966 0.829208 -3.646859 -10.817712 -0.865443 3.753416 -10.803418 -3.622285 -4.191652 11.727831 -60.774628 2.356598 27.774689 -2.939934 -59.290081 1.942883 -3.392181 2.102804 20.660650 -5.882102 9.861279 0.702590 -10.936861 -0.360574 7.156197 0.000000 8.774815 -0.000000 -15.924014 18.243984 6.338397 -1.844031 2.498503 -2.507276 -10.163590 4.678941 4.621104 -20.975996 -0.000001 0.000001 -21.226254 2.451698 -3.593995 0.000000 -0.000006 -0.000000 -1.362681 2.240797 -0.746323 -21.334892 0.584910 3.008319 -13.821196 -0.000001 0.000001 -23.887129 -0.249075 -0.839485 -61.005482 2.787861 -0.816328 -0.294025 1.679686 0.833255 -14.218195 0.093215 1.300579 -34.212002 -0.287561 0.967166 -20.033176 0.964536 1.212838 0.000000 -0.000000 0.000000 -3.440387 0.788233 0.501655 -15.928172 -3.167306 2.999703 -6.338817 -0.000000 0.000001 -18.123419 3.648181 -4.905662 -0.000004 0.000000 -0.000002 -6.321259 13.005016 7.238170 1.172680 -1.664809 -11.339881 0.542307 10.504499 0.034406 7.401320 -9.550854 -6.051951 2.243540 -5.255033 -3.180156 14.282877 -0.826594 6.952496 -0.000000 -12.690593 -0.000001 15.128307 -17.555431 3.071501 1.665665 -1.955920 -2.878297 4.727794 -4.170584 4.993919 11.020511 0.000001 -0.000000 12.109032 -3.735715 -2.866778 0.000000 -0.000000 0.000000 1.291985 -1.928548 -1.498088 14.800115 0.567467 3.865604 14.242553 -1.341738 -6.660648 19.631935 0.143921 -0.648243 49.059536 -0.288255 -6.128591 0.353029 -1.511150 -0.031940 20.222769 3.684305 2.316629 18.787249 0.000001 -0.000001 10.751608 -0.479870 1.397903 0.000000 -0.000000 0.000000 3.273804 0.305947 -0.580110 21.486790 11.830364 2.266131 8.162915 0.000000 -0.000000 18.399052 -3.798986 -4.940567 0.000003 0.000000 -0.000001 -2.390358 8.724615 -4.844857 0.205427 0.111564 15.715253 -5.092716 8.848632 -14.102532 1.626393 -2.364483 -1.139014 0.000000 -0.000000 0.000002 -5.788606 -11.983581 -17.069546 0.079509 0.014463 29.143175 4.063155 8.180419 -14.641802 -1.433175 0.810451 -2.275196 0.000000 -0.000000 -0.000001
0.000000 0.000000 0.000000 0.000000 -0.000000 0.000000 -0.875820 -2.159354 -3.902921 4.044042 -0.138375 3.416058 -4.176598 -0.473842 -3.332044 -1.511821 2.303070 -6.178365 -11.712677 -1.195099 8.777751 17.699450 -7.737473 10.708851 -6.633480 -20.464611 -2.103850 1.098146 -28.184128 2.594161 0.000077 -0.000022 0.000006 -0.017046 0.058524 -0.206457 0.826774 -3.639510 -10.817525 -0.867139 3.758995 -10.799292 -3.656280 -4.229582 11.654037 -60.770214 2.380521 27.857067 -2.938921 -59.078350 1.965639 -3.350397 1.969738 20.680084 -5.882102 9.861279 0.702590 -10.936861 -0.360574 7.156197 0.000000 8.774815 -0.000000 -15.919290 18.243231 6.336756 -1.844031 2.498503 -2.507276 -10.163590 4.678941 4.621104 -20.975996 -0.000001 0.000001 -21.226254 2.451698 -3.593995 0.000000 -0.000006 -0.000000 -1.362681 2.240797 -0.746323 -21.334892 0.584910 3.008319 -13.821196 -0.000001 0.000001 -23.887129 -0.249075 -0.839485 -60.995590 2.799044 -0.798855 -0.294025 1.679686 0.833255 -14.218195 0.093215 1.300579 -34.212002 -0.287561 0.967166 -20.033176 0.964536 1.212838 0.000000 -0.000000 0.000000 -3.440387 0.788233 0.501655 -15.928172 -3.167306 2.999703 -6.338817 -0.000000 0.000001 -18.123419 3.648181 -4.905662 -0.000004 0.000000 -0.000002 -6.219046 13.012325 7.233374 1.093949 -1.647173 -11.227976 0.516188 10.464445 0.022907 7.374400 -9.513173 -5.878589 2.243540 -5.255033 -3.180156 14.282877 -0.826594 6.952496 -0.000000 -12.690593 -0.000001 15.105751 -17.560179 3.082595 1.665665 -1.955920 -2.878297 4.727794 -4.170584 4.993919 11.020511 0.000001 -0.000000 12.109032 -3.735715 -2.866778 0.000000 -0.000000 0.000000 1.291985 -1.928548 -1.498088 14.800115 0.567467 3.865604 14.242553 -1.341738 -6.660648 19.631935 0.143921 -0.648243 49.050938 -0.287350 -6.129324 0.353029 -1.511150 -0.031940 20.222769 3.684305 2.316629 18.787249 0.000001 -0.000001 10.751608 -0.479870 1.397903 0.000000 -0.000000 0.000000 3.273804 0.305947 -0.580110 21.486790 11.830364 2.266131 8.162915 0.000000 -0.000000 18.399052 -3.798986 -4.940567 0.000003 0.000000 -0.000001 -2.390358 8.724615 -4.844857 0.205427 0.111564 15.715253 -5.092716 8.848632 -14.102532 1.626393 -2.364483 -1.139014 0.000000 -0.000000 0.000002 -5.788606 -11.983581 -17.069546 0.079509 0.014463 29.143175 4.063155 8.180419 -14.641802 -1.433175 0.810451 -2.275196 0.000000 -0.000000 -0.000001
0.000000 0.000000 0.000000 0.000000 -0.000000 0.000000 -0.875820 -2.155097 -3.902921 4.044042 -0.138375 3.416058 -4.191759 -0.467509 -3.373838 -1.516634 2.297737 -6.186163 -11.739039 -1.227578 8.747264 17.761961 -7.778615 10.706429 -6.619131 -20.476925 -2.106838 1.089569 -28.168489 2.609380 0.000077 -0.000022 0.000006 -0.021305 0.077568 -0.209302 0.821383 -3.619011 -10.816920 -0.870184 3.776294 -10.795689 -3.662902 -4.285369 11.569128 -60.802780 2.427626 27.921232 -2.937659 -58.867741 1.978629 -3.300761 1.836264 20.668339 -5.882102 9.861279 0.702590 -10.936861 -0.360574 7.156197 0.000000 8.774815 -0.000000 -15.939831 18.254148 6.331549 -1.844031 2.498503 -2.507276 -10.163590 4.678941 4.621104 -20.975996 -0.000001 0.000001 -21.226254 2.451698 -3.593995 0.000000 -0.000006 -0.000000 -1.362681 2.240797 -0.746323 -21.334892 0.584910 3.008319 -13.821196 -0.000001 0.000001 -23.887129 -0.249075 -0.839485 -61.007996 2.804290 -0.778203 -0.294025 1.679686 0.833255 -14.218195 0.093215 1.300579 -34.212002 -0.287561 0.967166 -20.033176 0.964536 1.212838 0.000000 -0.000000 0.000000 -3.440387 0.788233 0.501655 -15.928172 -3.167306 2.999703 -6.338817 -0.000000 0.000001 -18.123419 3.648181 -4.905662 -0.000004 0.000000 -0.000002 -6.141507 13.017621 7.194536 1.042100 -1.645742 -11.086774 0.493880 10.452719 0.013944 7.334659 -9.477605 -5.772924 2.243540 -5.255033 -3.180156 14.282877 -0.826594 6.952496 -0.000000 -12.690593 -0.000001 15.075172 -17.555296 3.086968 1.665665 -1.955920 -2.878297 4.727794 -4.170584 4.993919 11.020511 0.000001 -0.000000 12.109032 -3.735715 -2.866778 0.000000 -0.000000 0.000000 1.291985 -1.928548 -1.498088 14.800115 0.567467 3.865604 14.242553 -1.341738 -6.660648 19.631935 0.143921 -0.648243 49.038769 -0.271227 -6.123097 0.353029 -1.511150 -0.031940 20.222769 3.684305 2.316629 18.787249 0.000001 -0.000001 10.751608 -0.479870 1.397903 0.000000 -0.000000 0.000000 3.273804 0.305947 -0.580110 21.486790 11.830364 2.266131 8.162915 0.000000 -0.000000 18.399052 -3.798986 -4.940567 0.000003 0.000000 -0.000001 -2.390358 8.724615 -4.844857 0.205427 0.111564 15.715253 -5.092716 8.848632 -14.102532 1.626393 -2.364483 -1.139014 0.000000 -0.000000 0.000002 -5.788606 -11.983581 -17.069546 0.079509 0.014463 29.143175 4.063155 8.180419 -14.641802 -1.433175 0.810451 -2.275196 0.000000 -0.000000 -0.000001
0.000000 0.000000 0.000000 0.000000 -0.000000 0.000000 -0.875820 -2.148917 -3.902921 4.044042 -0.138375 3.416058 -4.222498 -0.457573 -3.409071 -1.523302 2.287832 -6.197075 -11.775441 -1.257469 8.721025 17.877113 -7.871997 10.685469 -6.612246 -20.429789 -2.112844 1.073589 -28.156824 2.617347 0.000077 -0.000022 0.000006 -0.025363 0.096588 -0.209772 0.816946 -3.599567 -10.813989 -0.873752 3.794583 -10.791536 -3.688159 -4.335302 11.523482 -60.814392 2.457561 27.991701 -2.887283 -58.702076 1.934927 -3.282645 1.727596 20.653925 -5.882102 9.861279 0.702590 -10.936861 -0.360574 7.156197 0.000000 8.774815 -0.000000 -15.947778 18.274632 6.316955 -1.844031 2.498503 -2.507276 -10.163590 4.678941 4.621104 -20.975996 -0.000001 0.000001 -21.226254 2.451698 -3.593995 0.000000 -0.000006 -0.000000 -1.362681 2.240797 -0.746323 -21.334892 0.584910 3.008319 -13.821196 -0.000001 0.000001 -23.887129 -0.249075 -0.839485 -60.994698 2.816562 -0.800290 -0.294025 1.679686 0.833255 -14.218195 0.093215 1.300579 -34.212002 -0.287561 0.967166 -20.033176 0.964536 1.212838 0.000000 -0.000000 0.000000 -3.440387 0.788233 0.501655 -15.928172 -3.167306 2.999703 -6.338817 -0.000000 0.000001 -18.123419 3.648181 -4.905662 -0.000004 0.000000 -0.000002 -6.045458 13.026492 7.163735 0.972448 -1.669481 -10.989602 0.471123 10.474271 0.007886 7.224431 -9.476667 -5.568995 2.243540 -5.255033 -3.180156 14.282877 -0.826594 6.952496 -0.000000 -12.690593 -0.000001 15.045660 -17.541054 3.077117 1.665665 -1.955920 -2.878297 4.727794 -4.170584 4.993919 11.020511 0.000001 -0.000000 12.109032 -3.735715 -2.866778 0.000000 -0.000000 0.000000 1.291985 -1.928548 -1.498088 14.800115 0.567467 3.865604 14.242553 -1.341738 -6.660648 19.631935 0.143921 -0.648243 48.993797 -0.252165 -6.130510 0.353029 -1.511150 -0.031940 20.222769 3.684305 2.316629 18.787249 0.000001 -0.000001 10.751608 -0.479870 1.397903 0.000000 -0.000000 0.000000 3.273804 0.305947 -0.580110 21.486790 11.830364 2.266131 8.162915 0.000000 -0.000000 18.399052 -3.798986 -4.940567 0.000003 0.000000 -0.000001 -2.390358 8.724615 -4.844857 0.205427 0.111564 15.715253 -5.092716 8.848632 -14.102532 1.626393 -2.364483 -1.139014 0.000000 -0.000000 0.000002 -5.788606 -11.983581 -17.069546 0.079509 0.014463 29.143175 4.063155 8.180419 -14.641802 -1.433175 0.810451 -2.275196 0.000000 -0.000000 -0.000001
0.000000 0.000000 0.000000 0.000000 -0.000000 0.000000 -0.875820 -2.159003 -3.902921 4.044042 -0.138375 3.416058 -4.250839 -0.449882 -3.476519 -1.538979 2.251810 -6.207732 -11.832936 -1.335015 8.714122 18.027208 -7.978040 10.648367 -6.618661 -20.373407 -2.137290 1.036215 -28.188696 2.610797 0.000077 -0.000022 0.000006 -0.024008 0.103813 -0.210349 0.814978 -3.589922 -10.796721 -0.869123 3.799510 -10.772566 -3.655356 -4.429667 11.436011 -60.825562 2.565823 28.020470 -2.960267 -58.600346 1.988952 -3.236211 1.662938 20.868109 -5.882102 9.861279 0.702590 -10.936861 -0.360574 7.156197 0.000000 8.774815 -0.000000 -15.944377 18.318012 6.319290 -1.844031 2.498503 -2.507276 -10.163590 4.678941 4.621104 -20.975996 -0.000001 0.000001 -21.226254 2.451698 -3.593995 0.000000 -0.000006 -0.000000 -1.362681 2.240797 -0.746323 -21.334892 0.584910 3.008319 -13.821196 -0.000001 0.000001 -23.887129 -0.249075 -0.839485 -60.994492 2.836367 -0.848884 -0.294025 1.679686 0.833255 -14.218195 0.093215 1.300579 -34.212002 -0.287561 0.967166 -20.033176 0.964536 1.212838 0.000000 -0.000000 0.000000 -3.440387 0.788233 0.501655 -15.928172 -3.167306 2.999703 -6.338817 -0.000000 0.000001 -18.123419 3.648181 -4.905662 -0.000004 0.000000 -0.000002 -5.939806 13.003295 7.079289 0.877247 -1.768313 -11.074216 0.584031 10.559933 0.038351 7.024222 -9.573298 -5.238315 2.243540 -5.255033 -3.180156 14.282877 -0.826594 6.952496 -0.000000 -12.690593 -0.000001 15.112560 -17.567408 3.035925 1.665665 -1.955920 -2.878297 4.727794 -4.170584 4.993919 11.020511 0.000001 -0.000000 12.109032 -3.735715 -2.866778 0.000000 -0.000000 0.000000 1.291985 -1.928548 -1.498088 14.800115 0.567467 3.865604 14.242553 -1.341738 -6.660648 19.631935 0.143921 -0.648243 49.042221 -0.213928 -6.118356 0.353029 -1.511150 -0.031940 20.222769 3.684305 2.316629 18.787249 0.000001 -0.000001 10.751608 -0.479870 1.397903 0.000000 -0.000000 0.000000 3.273804 0.305947 -0.580110 21.486790 11.830364 2.266131 8.162915 0.000000 -0.000000 18.399052 -3.798986 -4.940567 0.000003 0.000000 -0.000001 -2.390358 8.724615 -4.844857 0.205427 0.111564 15.715253 -5.092716 8.848632 -14.102532 1.626393 -2.364483 -1.139014 0.000000 -0.000000 0.000002 -5.788606 -11.983581 -17.069546 0.079509 0.014463 29.143175 4.063155 8.180419 -14.641802 -1.433175 0.810451 -2.275196 0.000000 -0.000000 -0.000001
0.000000 0.000000 0.000000 0.000000 -0.000000 0.000000 -0.875820 -2.165419 -3.902921 4.044042 -0.138375 3.416058 -4.254548 -0.476875 -3.474546 -1.534833 2.303556 -6.237613 -11.892850 -1.261119 8.708457 18.043953 -8.024067 10.650781 -6.553597 -20.461802 -2.107645 1.080564 -28.137064 2.644070 0.000077 -0.000022 0.000006 -0.022552 0.081959 -0.205767 0.819228 -3.614418 -10.828703 -0.870546 3.780525 -10.803422 -3.709672 -4.431256 11.432317 -60.829693 2.556714 28.066755 -2.846767 -58.427612 1.851383 -3.286985 1.549282 20.742775 -5.882102 9.861279 0.702590 -10.936861 -0.360574 7.156197 0.000000 8.774815 -0.000000 -15.962630 18.269440 6.306889 -1.844031 2.498503 -2.507276 -10.163590 4.678941 4.621104 -20.975996 -0.000001 0.000001 -21.226254 2.451698 -3.593995 0.000000 -0.000006 -0.000000 -1.362681 2.240797 -0.746323 -21.334892 0.584910 3.008319 -13.821196 -0.000001 0.000001 -23.887129 -0.249075 -0.839485 -61.020973 2.820832 -0.865765 -0.294025 1.679686 0.833255 -14.218195 0.093215 1.300579 -34.212002 -0.287561 0.967166 -20.033176 0.964536 1.212838 0.000000 -0.000000 0.000000 -3.440387 0.788233 0.501655 -15.928172 -3.167306 2.999703 -6.338817 -0.000000 0.000001 -18.123419 3.648181 -4.905662 -0.000004 0.000000 -0.000002 -5.920421 13.025205 7.027310 0.895621 -1.668791 -11.106926 0.503582 10.462801 0.035717 6.829082 -9.594122 -5.136372 2.243540 -5.255033 -3.180156 14.282877 -0.826594 6.952496 -0.000000 -12.690593 -0.000001 15.111275 -17.538574 3.040318 1.665665 -1.955920 -2.878297 4.727794 -4.170584 4.993919 11.020511 0.000001 -0.000000 12.109032 -3.735715 -2.866778 0.000000 -0.000000 0.000000 1.291985 -1.928548 -1.498088 14.800115 0.567467 3.865604 14.242553 -1.341738 -6.660648 19.631935 0.143921 -0.648243 49.024448 -0.217410 -6.141831 0.353029 -1.511150 -0.031940 20.222769 3.684305 2.316629 18.787249 0.000001 -0.000001 10.751608 -0.479870 1.397903 0.000000 -0.000000 0.000000 3.273804 0.305947 -0.580110 21.486790 11.830364 2.266131 8.162915 0.000000 -0.000000 18.399052 -3.798986 -4.940567 0.000003 0.000000 -0.000001 -2.390358 8.724615 -4.844857 0.205427 0.111564 15.715253 -5.092716 8.848632 -14.102532 1.626393 -2.364483 -1.139014 0.000000 -0.000000 0.000002 -5.788606 -11.983581 -17.069546 0.079509 0.014463 29.143175 4.063155 8.180419 -14.641802 -1.433175 0.810451 -2.275196 0.000000 -0.000000 -0.000001
0.000000 0.000000 0.000000 0.000000 -0.000000 0.000000 -0.875820 -2.175254 -3.902921 4.044042 -0.138375 3.416058 -4.273509 -0.478698 -3.499494 -1.533563 2.313862 -6.246565 -11.951020 -1.249538 8.702146 18.112707 -8.081168 10.660597 -6.555100 -20.490608 -2.095004 1.095989 -28.138943 2.648968 0.000077 -0.000022 0.000006 -0.020764 0.070345 -0.202191 0.821441 -3.626524 -10.832696 -0.869170 3.769443 -10.805343 -3.748018 -4.441684 11.399411 -60.804127 2.595603 28.144159 -2.744248 -58.284660 1.743647 -3.284224 1.513647 20.672499 -5.882102 9.861279 0.702590 -10.936861 -0.360574 7.156197 0.000000 8.774815 -0.000000 -15.963639 18.285814 6.307588 -1.844031 2.498503 -2.507276 -10.163590 4.678941 4.621104 -20.975996 -0.000001 0.000001 -21.226254 2.451698 -3.593995 0.000000 -0.000006 -0.000000 -1.362681 2.240797 -0.746323 -21.334892 0.584910 3.008319 -13.821196 -0.000001 0.000001 -23.887129 -0.249075 -0.839485 -61.050552 2.821924 -0.874841 -0.294025 1.679686 0.833255 -14.218195 0.093215 1.300579 -34.212002 -0.287561 0.967166 -20.033176 0.964536 1.212838 0.000000 -0.000000 0.000000 -3.440387 0.788233 0.501655 -15.928172 -3.167306 2.999703 -6.338817 -0.000000 0.000001 -18.123419 3.648181 -4.905662 -0.000004 0.000000 -0.000002 -5.899069 13.066885 7.040500 0.883535 -1.674409 -11.112877 0.471366 10.488172 0.048859 6.717136 -9.628470 -5.151229 2.243540 -5.255033 -3.180156 14.282877 -0.826594 6.952496 -0.000000 -12.690593 -0.000001 15.094705 -17.540302 3.052156 1.665665 -1.955920 -2.878297 4.727794 -4.170584 4.993919 11.020511 0.000001 -0.000000 12.109032 -3.735715 -2.866778 0.000000 -0.000000 0.000000 1.291985 -1.928548 -1.498088 14.800115 0.567467 3.865604 14.242553 -1.341738 -6.660648 19.631935 0.143921 -0.648243 49.010807 -0.217909 -6.128191 0.353029 -1.511150 -0.031940 20.222769 3.684305 2.316629 18.787249 0.000001 -0.000001 10.751608 -0.479870 1.397903 0.000000 -0.000000 0.000000 3.273804 0.305947 -0.580110 21.486790 11.830364 2.266131 8.162915 0.000000 -0.000000 18.399052 -3.798986 -4.940567 0.000003 0.000000 -0.000001 -2.390358 8.724615 -4.844857 0.205427 0.111564 15.715253 -5.092716 8.848632 -14.102532 1.626393 -2.364483 -1.139014 0.000000 -0.000000 0.000002 -5.788606 -11.983581 -17.069546 0.079509 0.014463 29.143175 4.063155 8.180419 -14.641802 -1.433175 0.810451 -2.275196 0.000000 -0.000000 -0.000001
0.000000 0.000000 0.000000 0.000000 -0.000000 0.000000 -0.875820 -2.178755 -3.902921 4.044042 -0.138375 3.416058 -4.292326 -0.481604 -3.522944 -1.526279 2.321469 -6.246368 -11.999709 -1.247939 8.690623 18.148790 -8.132127 10.717328 -6.551057 -20.500744 -2.083111 1.127797 -28.125711 2.646589 0.000077 -0.000022 0.000006 -0.018039 0.057736 -0.197109 0.824697 -3.638015 -10.828825 -0.866896 3.755639 -10.800249 -3.797464 -4.444500 11.387177 -60.784286 2.613559 28.183722 -2.630191 -58.132179 1.633796 -3.265999 1.527742 20.570744 -5.882102 9.861279 0.702590 -10.936861 -0.360574 7.156197 0.000000 8.774815 -0.000000 -15.968598 18.304756 6.320794 -1.844031 2.498503 -2.507276 -10.163590 4.678941 4.621104 -20.975996 -0.000001 0.000001 -21.226254 2.451698 -3.593995 0.000000 -0.000006 -0.000000 -1.362681 2.240797 -0.746323 -21.334892 0.584910 3.008319 -13.821196 -0.000001 0.000001 -23.887129 -0.249075 -0.839485 -61.094704 2.821881 -0.880706 -0.294025 1.679686 0.833255 -14.218195 0.093215 1.300579 -34.212002 -0.287561 0.967166 -20.033176 0.964536 1.212838 0.000000 -0.000000 0.000000 -3.440387 0.788233 0.501655 -15.928172 -3.167306 2.999703 -6.338817 -0.000000 0.000001 -18.123419 3.648181 -4.905662 -0.000004 0.000000 -0.000002 -5.884231 13.098557 7.069465 0.867236 -1.654703 -11.159643 0.450984 10.530880 0.058423 6.611990 -9.638372 -5.187085 2.243540 -5.255033 -3.180156 14.282877 -0.826594 6.952496 -0.000000 -12.690593 -0.000001 15.094930 -17.544107 3.051280 1.665665 -1.955920 -2.878297 4.727794 -4.170584 4.993919 11.020511 0.000001 -0.000000 12.109032 -3.735715 -2.866778 0.000000 -0.000000 0.000000 1.291985 -1.928548 -1.498088 14.800115 0.567467 3.865604 14.242553 -1.341738 -6.660648 19.631935 0.143921 -0.648243 49.037796 -0.219236 -6.111742 0.353029 -1.511150 -0.031940 20.222769 3.684305 2.316629 18.787249 0.000001 -0.000001 10.751608 -0.479870 1.397903 0.000000 -0.000000 0.000000 3.273804 0.305947 -0.580110 21.486790 11.830364 2.266131 8.162915 0.000000 -0.000000 18.399052 -3.798986 -4.940567 0.000003 0.000000 -0.000001 -2.390358 8.724615 -4.844857 0.205427 0.111564 15.715253 -5.092716 8.848632 -14.102532 1.626393 -2.364483 -1.139014 0.000000 -0.000000 0.000002 -5.788606 -11.983581 -17.069546 0.079509 0.014463 29.143175 4.063155 8.180419 -14.641802 -1.433175 0.810451 -2.275196 0.000000 -0.000000 -0.000001
0.000000 0.000000 0.000000 0.000000 -0.000000 0.000000 -0.875820 -2.180281 -3.902921 4.044042 -0.138375 3.416058 -4.298065 -0.492894 -3.550866 -1.520286 2.318604 -6.247671 -12.025821 -1.235139 8.689543 18.154577 -8.185491 10.796364 -6.555418 -20.468159 -2.075552 1.167908 -28.087492 2.659055 0.000077 -0.000022 0.000006 -0.016639 0.053170 -0.194298 0.827256 -3.641840 -10.827033 -0.866555 3.750141 -10.798591 -3.856007 -4.435506 11.383737 -60.783112 2.592321 28.182808 -2.532269 -57.943882 1.548970 -3.281229 1.573244 20.486731 -5.882102 9.861279 0.702590 -10.936861 -0.360574 7.156197 0.000000 8.774815 -0.000000 -15.981736 18.328949 6.333898 -1.844031 2.498503 -2.507276 -10.163590 4.678941 4.621104 -20.975996 -0.000001 0.000001 -21.226254 2.451698 -3.593995 0.000000 -0.000006 -0.000000 -1.362681 2.240797 -0.746323 -21.334892 0.584910 3.008319 -13.821196 -0.000001 0.000001 -23.887129 -0.249075 -0.839485 -61.160328 2.850498 -0.898441 -0.294025 1.679686 0.833255 -14.218195 0.093215 1.300579 -34.212002 -0.287561 0.967166 -20.033176 0.964536 1.212838 0.000000 -0.000000 0.000000 -3.440387 0.788233 0.501655 -15.928172 -3.167306 2.999703 -6.338817 -0.000000 0.000001 -18.123419 3.648181 -4.905662 -0.000004 0.000000 -0.000002 -5.842555 13.119772 7.119006 0.828209 -1.603570 -11.302858 0.446970 10.566524 0.060905 6.475996 -9.651646 -5.143041 2.243540 -5.255033 -3.180156 14.282877 -0.826594 6.952496 -0.000000 -12.690593 -0.000001 15.120902 -17.550680 3.041086 1.665665 -1.955920 -2.878297 4.727794 -4.170584 4.993919 11.020511 0.000001 -0.000000 12.109032 -3.735715 -2.866778 0.000000 -0.000000 0.000000 1.291985 -1.928548 -1.498088 14.800115 0.567467 3.865604 14.242553 -1.341738 -6.660648 19.631935 0.143921 -0.648243 49.054878 -0.217346 -6.116851 0.353029 -1.511150 -0.031940 20.222769 3.684305 2.316629 18.787249 0.000001 -0.000001 10.751608 -0.479870 1.397903 0.000000 -0.000000 0.000000 3.273804 0.305947 -0.580110 21.486790 11.830364 2.266131 8.162915 0.000000 -0.000000 18.399052 -3.798986 -4.940567 0.000003 0.000000 -0.000001 -2.390358 8.724615 -4.844857 0.205427 0.111564 15.715253 -5.092716 8.848632 -14.102532 1.626393 -2.364483 -1.139014 0.000000 -0.000000 0.000002 -5.788606 -11.983581 -17.069546 0.079509 0.014463 29.143175 4.063155 8.180419 -14.641802 -1.433175 0.810451 -2.275196 0.000000 -0.000000 -0.000001
0.000000 0.000000 0.000000 0.000000 -0.000000 0.000000 -0.875820 -2.183959 -3.902921 4.044042 -0.138375 3.416058 -4.298480 -0.498681 -3.573072 -1.520101 2.310744 -6.249555 -12.047949 -1.221923 8.700901 18.160261 -8.215456 10.873177 -6.570030 -20.430733 -2.076303 1.206424 -28.050108 2.695510 0.000077 -0.000022 0.000006 -0.016985 0.057453 -0.195233 0.824305 -3.636509 -10.822431 -0.864136 3.752955 -10.795271 -3.951372 -4.421551 11.384085 -60.746830 2.556877 28.125883 -2.487955 -57.749271 1.518958 -3.320677 1.619771 20.409901 -5.882102 9.861279 0.702590 -10.936861 -0.360574 7.156197 0.000000 8.774815 -0.000000 -15.993297 18.340054 6.345996 -1.844031 2.498503 -2.507276 -10.163590 4.678941 4.621104 -20.975996 -0.000001 0.000001 -21.226254 2.451698 -3.593995 0.000000 -0.000006 -0.000000 -1.362681 2.240797 -0.746323 -21.334892 0.584910 3.008319 -13.821196 -0.000001 0.000001 -23.887129 -0.249075 -0.839485 -61.213276 2.875000 -0.892151 -0.294025 1.679686 0.833255 -14.218195 0.093215 1.300579 -34.212002 -0.287561 0.967166 -20.033176 0.964536 1.212838 0.000000 -0.000000 0.000000 -3.440387 0.788233 0.501655 -15.928172 -3.167306 2.999703 -6.338817 -0.000000 0.000001 -18.123419 3.648181 -4.905662 -0.000004 0.000000 -0.000002 -5.767966 13.151175 7.192958 0.756665 -1.553546 -11.398703 0.429553 10.602238 0.055659 6.430194 -9.676237 -5.107895 2.243540 -5.255033 -3.180156 14.282877 -0.826594 6.952496 -0.000000 -12.690593 -0.000001 15.166686 -17.539965 3.020672 1.665665 -1.955920 -2.878297 4.727794 -4.170584 4.993919 11.020511 0.000001 -0.000000 12.109032 -3.735715 -2.866778 0.000000 -0.000000 0.000000 1.291985 -1.928548 -1.498088 14.800115 0.567467 3.865604 14.242553 -1.341738 -6.660648 19.631935 0.143921 -0.648243 49.069225 -0.213145 -6.114088 0.353029 -1.511150 -0.031940 20.222769 3.684305 2.316629 18.787249 0.000001 -0.000001 10.751608 -0.479870 1.397903 0.000000 -0.000000 0.000000 3.273804 0.305947 -0.580110 21.486790 11.830364 2.266131 8.162915 0.000000 -0.000000 18.399052 -3.798986 -4.940567 0.000003 0.000000 -0.000001 -2.390358 8.724615 -4.844857 0.205427 0.111564 15.715253 -5.092716 8.848632 -14.102532 1.626393 -2.364483 -1.139014 0.000000 -0.000000 0.000002 -5.788606 -11.983581 -17.069546 0.079509 0.014463 29.143175 4.063155 8.180419 -14.641802 -1.433175 0.810451 -2.275196 0.000000 -0.000000 -0.000001
0.000000 0.000000 0.000000 0.000000 -0.000000 0.000000 -0.875820 -2.180007 -3.902921 4.044042 -0.138375 3.416058 -4.301429 -0.502304 -3.593040 -1.523253 2.311810 -6.257821 -12.068729 -1.201399 8.715337 18.169601 -8.237795 10.958105 -6.581411 -20.365368 -2.091027 1.221351 -28.017063 2.748802 0.000077 -0.000022 0.000006 -0.019329 0.071568 -0.198124 0.817868 -3.621648 -10.817321 -0.862256 3.765940 -10.791019 -4.091152 -4.405521 11.418742 -60.659954 2.512568 28.063671 -2.433290 -57.620575 1.490968 -3.390279 1.686761 20.374199 -5.882102 9.861279 0.702590 -10.936861 -0.360574 7.156197 0.000000 8.774815 -0.000000 -15.995931 18.336607 6.345904 -1.844031 2.498503 -2.507276 -10.163590 4.678941 4.621104 -20.975996 -0.000001 0.000001 -21.226254 2.451698 -3.593995 0.000000 -0.000006 -0.000000 -1.362681 2.240797 -0.746323 -21.334892 0.584910 3.008319 -13.821196 -0.000001 0.000001 -23.887129 -0.249075 -0.839485 -61.210918 2.889951 -0.887518 -0.294025 1.679686 0.833255 -14.218195 0.093215 1.300579 -34.212002 -0.287561 0.967166 -20.033176 0.964536 1.212838 0.000000 -0.000000 0.000000 -3.440387 0.788233 0.501655 -15.928172 -3.167306 2.999703 -6.338817 -0.000000 0.000001 -18.123419 3.648181 -4.905662 -0.000004 0.000000 -0.000002 -5.693699 13.199314 7.238659 0.674101 -1.521933 -11.323661 0.375833 10.624677 0.021420 6.468091 -9.731412 -4.981719 2.243540 -5.255033 -3.180156 14.282877 -0.826594 6.952496 -0.000000 -12.690593 -0.000001 15.189624 -17.554579 3.027234 1.665665 -1.955920 -2.878297 4.727794 -4.170584 4.993919 11.020511 0.000001 -0.000000 12.109032 -3.735715 -2.866778 0.000000 -0.000000 0.000000 1.291985 -1.928548 -1.498088 14.800115 0.567467 3.865604 14.242553 -1.341738 -6.660648 19.631935 0.143921 -0.648243 49.108315 -0.212148 -6.118566 0.353029 -1.511150 -0.031940 20.222769 3.684305 2.316629 18.787249 0.000001 -0.000001 10.751608 -0.479870 1.397903 0.000000 -0.000000 0.000000 3.273804 0.305947 -0.580110 21.486790 11.830364 2.266131 8.162915 0.000000 -0.000000 18.399052 -3.798986 -4.940567 0.000003 0.000000 -0.000001 -2.390358 8.724615 -4.844857 0.205427 0.111564 15.715253 -5.092716 8.848632 -14.102532 1.626393 -2.364483 -1.139014 0.000000 -0.000000 0.000002 -5.788606 -11.983581 -17.069546 0.079509 0.014463 29.143175 4.063155 8.180419 -14.641802 -1.433175 0.810451 -2.275196 0.000000 -0.000000 -0.000001
0.000000 0.000000 0.000000 0.000000 -0.000000 0.000000 -0.875820 -2.180022 -3.902921 4.044042 -0.138375 3.416058 -4.313386 -0.487385 -3.652727 -1.537709 2.293153 -6.262138 -12.091957 -1.222661 8.720476 18.170490 -8.254384 11.054342 -6.608133 -20.274311 -2.110362 1.213088 -28.028849 2.794827 0.000077 -0.000022 0.000006 -0.019174 0.084935 -0.201196 0.811698 -3.604868 -10.795153 -0.855651 3.775193 -10.767753 -4.175780 -4.422942 11.402938 -60.609093 2.571312 27.928469 -2.542107 -57.563160 1.604380 -3.400384 1.753571 20.578720 -5.882102 9.861279 0.702590 -10.936861 -0.360574 7.156197 0.000000 8.774815 -0.000000 -15.978341 18.332878 6.350171 -1.844031 2.498503 -2.507276 -10.163590 4.678941 4.621104 -20.975996 -0.000001 0.000001 -21.226254 2.451698 -3.593995 0.000000 -0.000006 -0.000000 -1.362681 2.240797 -0.746323 -21.334892 0.584910 3.008319 -13.821196 -0.000001 0.000001 -23.887129 -0.249075 -0.839485 -61.192764 2.897976 -0.887499 -0.294025 1.679686 0.833255 -14.218195 0.093215 1.300579 -34.212002 -0.287561 0.967166 -20.033176 0.964536 1.212838 0.000000 -0.000000 0.000000 -3.440387 0.788233 0.501655 -15.928172 -3.167306 2.999703 -6.338817 -0.000000 0.000001 -18.123419 3.648181 -4.905662 -0.000004 0.000000 -0.000002 -5.630005 13.238750 7.271309 0.535521 -1.527776 -11.412852 0.474695 10.697360 0.010847 6.498347 -9.940166 -4.629983 2.243540 -5.255033 -3.180156 14.282877 -0.826594 6.952496 -0.000000 -12.690593 -0.000001 15.251225 -17.620409 3.032214 1.665665 -1.955920 -2.878297 4.727794 -4.170584 4.993919 11.020511 0.000001 -0.000000 12.109032 -3.735715 -2.866778 0.000000 -0.000000 0.000000 1.291985 -1.928548 -1.498088 14.800115 0.567467 3.865604 14.242553 -1.341738 -6.660648 19.631935 0.143921 -0.648243 49.211758 -0.210934 -6.114774 0.353029 -1.511150 -0.031940 20.222769 3.684305 2.316629 18.787249 0.000001 -0.000001 10.751608 -0.479870 1.397903 0.000000 -0.000000 0.000000 3.273804 0.305947 -0.580110 21.486790 11.830364 2.266131 8.162915 0.000000 -0.000000 18.399052 -3.798986 -4.940567 0.000003 0.000000 -0.000001 -2.390358 8.724615 -4.844857 0.205427 0.111564 15.715253 -5.092716 8.848632 -14.102532 1.626393 -2.364483 -1.139014 0.000000 -0.000000 0.000002 -5.788606 -11.983581 -17.069546 0.079509 0.014463 29.143175 4.063155 8.180419 -14.641802 -1.433175 0.810451 -2.275196 0.000000 -0.000000 -0.000001
0.000000 0.000000 0.000000 0.000000 -0.000000 0.000000 -0.875820 -2.181861 -3.902921 4.044042 -0.138375 3.416058 -4.306496 -0.506686 -3.671780 -1.532167 2.368386 -6.290739 -12.136932 -1.142827 8.759151 18.073704 -8.227097 11.141497 -6.525362 -20.320253 -2.100296 1.274757 -27.915739 2.844966 0.000077 -0.000022 0.000006 -0.020507 0.074327 -0.200894 0.812887 -3.617714 -10.822803 -0.859533 3.766650 -10.792329 -4.317892 -4.363449 11.432182 -60.559967 2.537790 27.872000 -2.491139 -57.479370 1.554366 -3.455731 1.793014 20.446270 -5.882102 9.861279 0.702590 -10.936861 -0.360574 7.156197 0.000000 8.774815 -0.000000 -16.008518 18.252701 6.317848 -1.844031 2.498503 -2.507276 -10.163590 4.678941 4.621104 -20.975996 -0.000001 0.000001 -21.226254 2.451698 -3.593995 0.000000 -0.000006 -0.000000 -1.362681 2.240797 -0.746323 -21.334892 0.584910 3.008319 -13.821196 -0.000001 0.000001 -23.887129 -0.249075 -0.839485 -61.190155 2.889406 -0.881646 -0.294025 1.679686 0.833255 -14.218195 0.093215 1.300579 -34.212002 -0.287561 0.967166 -20.033176 0.964536 1.212838 0.000000 -0.000000 0.000000 -3.440387 0.788233 0.501655 -15.928172 -3.167306 2.999703 -6.338817 -0.000000 0.000001 -18.123419 3.648181 -4.905662 -0.000004 0.000000 -0.000002 -5.640186 13.286601 7.249627 0.530048 -1.386821 -11.319757 0.389143 10.647398 -0.033912 6.512710 -10.058025 -4.640674 2.243540 -5.255033 -3.180156 14.282877 -0.826594 6.952496 -0.000000 -12.690593 -0.000001 15.245992 -17.596418 3.056396 1.665665 -1.955920 -2.878297 4.727794 -4.170584 4.993919 11.020511 0.000001 -0.000000 12.109032 -3.735715 -2.866778 0.000000 -0.000000 0.000000 1.291985 -1.928548 -1.498088 14.800115 0.567467 3.865604 14.242553 -1.341738 -6.660648 19.631935 0.143921 -0.648243 49.221230 -0.228540 -6.146361 0.353029 -1.511150 -0.031940 20.222769 3.684305 2.316629 18.787249 0.000001 -0.000001 10.751608 -0.479870 1.397903 0.000000 -0.000000 0.000000 3.273804 0.305947 -0.580110 21.486790 11.830364 2.266131 8.162915 0.000000 -0.000000 18.399052 -3.798986 -4.940567 0.000003 0.000000 -0.000001 -2.390358 8.724615 -4.844857 0.205427 0.111564 15.715253 -5.092716 8.848632 -14.102532 1.626393 -2.364483 -1.139014 0.000000 -0.000000 0.000002 -5.788606 -11.983581 -17.069546 0.079509 0.014463 29.143175 4.063155 8.180419 -14.641802 -1.433175 0.810451 -2.275196 0.000000 -0.000000 -0.000001
0.000000 0.000000 0.000000 0.000000 -0.000000 0.000000 -0.875820 -2.181258 -3.902921 4.044042 -0.138375 3.416058 -4.317349 -0.495848 -3.722944 -1.534477 2.405218 -6.305781 -12.168103 -1.112802 8.798139 18.016487 -8.200173 11.183368 -6.521026 -20.298761 -2.101518 1.287830 -27.863638 2.908960 0.000077 -0.000022 0.000006 -0.021718 0.075658 -0.199204 0.812220 -3.617559 -10.824615 -0.861310 3.769065 -10.793005 -4.433528 -4.321925 11.423907 -60.519173 2.555033 27.802641 -2.531425 -57.464348 1.598364 -3.465990 1.863721 20.524591 -5.882102 9.861279 0.702590 -10.936861 -0.360574 7.156197 0.000000 8.774815 -0.000000 -15.999272 18.251305 6.309388 -1.844031 2.498503 -2.507276 -10.163590 4.678941 4.621104 -20.975996 -0.000001 0.000001 -21.226254 2.451698 -3.593995 0.000000 -0.000006 -0.000000 -1.362681 2.240797 -0.746323 -21.334892 0.584910 3.008319 -13.821196 -0.000001 0.000001 -23.887129 -0.249075 -0.839485 -61.165520 2.893629 -0.894368 -0.294025 1.679686 0.833255 -14.218195 0.093215 1.300579 -34.212002 -0.287561 0.967166 -20.033176 0.964536 1.212838 0.000000 -0.000000 0.000000 -3.440387 0.788233 0.501655 -15.928172 -3.167306 2.999703 -6.338817 -0.000000 0.000001 -18.123419 3.648181 -4.905662 -0.000004 0.000000 -0.000002 -5.606736 13.332292 7.284740 0.418821 -1.351585 -11.332324 0.413370 10.696364 -0.041451 6.558269 -10.207423 -4.688199 2.243540 -5.255033 -3.180156 14.282877 -0.826594 6.952496 -0.000000 -12.690593 -0.000001 15.233253 -17.587900 3.067282 1.665665 -1.955920 -2.878297 4.727794 -4.170584 4.993919 11.020511 0.000001 -0.000000 12.109032 -3.735715 -2.866778 0.000000 -0.000000 0.000000 1.291985 -1.928548 -1.498088 14.800115 0.567467 3.865604 14.242553 -1.341738 -6.660648 19.631935 0.143921 -0.648243 49.195801 -0.244263 -6.146460 0.353029 -1.511150 -0.031940 20.222769 3.684305 2.316629 18.787249 0.000001 -0.000001 10.751608 -0.479870 1.397903 0.000000 -0.000000 0.000000 3.273804 0.305947 -0.580110 21.486790 11.830364 2.266131 8.162915 0.000000 -0.000000 18.399052 -3.798986 -4.940567 0.000003 0.000000 -0.000001 -2.390358 8.724615 -4.844857 0.205427 0.111564 15.715253 -5.092716 8.848632 -14.102532 1.626393 -2.364483 -1.139014 0.000000 -0.000000 0.000002 -5.788606 -11.983581 -17.069546 0.079509 0.014463 29.143175 4.063155 8.180419 -14.641802 -1.433175 0.810451 -2.275196 0.000000 -0.000000 -0.000001
0.000000 0.000000 0.000000 0.000000 -0.000000 0.000000 -0.875820 -2.182280 -3.902921 4.044042 -0.138375 3.416058 -4.331278 -0.487776 -3.769948 -1.535416 2.433683 -6.318493 -12.203978 -1.100075 8.834330 17.963224 -8.163954 11.208234 -6.516954 -20.302561 -2.101883 1.284758 -27.797812 2.975310 0.000077 -0.000022 0.000006 -0.022508 0.076123 -0.195664 0.812220 -3.617445 -10.821604 -0.862997 3.769781 -10.789680 -4.542114 -4.301301 11.411953 -60.475754 2.583001 27.699224 -2.613966 -57.474342 1.668370 -3.504529 1.910670 20.633108 -5.882102 9.861279 0.702590 -10.936861 -0.360574 7.156197 0.000000 8.774815 -0.000000 -15.999792 18.264153 6.314782 -1.844031 2.498503 -2.507276 -10.163590 4.678941 4.621104 -20.975996 -0.000001 0.000001 -21.226254 2.451698 -3.593995 0.000000 -0.000006 -0.000000 -1.362681 2.240797 -0.746323 -21.334892 0.584910 3.008319 -13.821196 -0.000001 0.000001 -23.887129 -0.249075 -0.839485 -61.156075 2.899102 -0.895390 -0.294025 1.679686 0.833255 -14.218195 0.093215 1.300579 -34.212002 -0.287561 0.967166 -20.033176 0.964536 1.212838 0.000000 -0.000000 0.000000 -3.440387 0.788233 0.501655 -15.928172 -3.167306 2.999703 -6.338817 -0.000000 0.000001 -18.123419 3.648181 -4.905662 -0.000004 0.000000 -0.000002 -5.585700 13.353375 7.286901 0.312656 -1.332907 -11.295845 0.448657 10.777797 -0.035262 6.596618 -10.313219 -4.816483 2.243540 -5.255033 -3.180156 14.282877 -0.826594 6.952496 -0.000000 -12.690593 -0.000001 15.230955 -17.554472 3.046843 1.665665 -1.955920 -2.878297 4.727794 -4.170584 4.993919 11.020511 0.000001 -0.000000 12.109032 -3.735715 -2.866778 0.000000 -0.000000 0.000000 1.291985 -1.928548 -1.498088 14.800115 0.567467 3.865604 14.242553 -1.341738 -6.660648 19.631935 0.143921 -0.648243 49.155293 -0.240601 -6.130507 0.353029 -1.511150 -0.031940 20.222769 3.684305 2.316629 18.787249 0.000001 -0.000001 10.751608 -0.479870 1.397903 0.000000 -0.000000 0.000000 3.273804 0.305947 -0.580110 21.486790 11.830364 2.266131 8.162915 0.000000 -0.000000 18.399052 -3.798986 -4.940567 0.000003 0.000000 -0.000001 -2.390358 8.724615 -4.844857 0.205427 0.111564 15.715253 -5.092716 8.848632 -14.102532 1.626393 -2.364483 -1.139014 0.000000 -0.000000 0.000002 -5.788606 -11.983581 -17.069546 0.079509 0.014463 29.143175 4.063155 8.180419 -14.641802 -1.433175 0.810451 -2.275196 0.000000 -0.000000 -0.000001
0.000000 0.000000 0.000000 0.000000 -0.000000 0.000000 -0.875820 -2.181746 -3.902921 4.044042 -0.138375 3.416058 -4.341372 -0.483691 -3.808831 -1.534808 2.448448 -6.329070 -12.246100 -1.086050 8.865686 17.933966 -8.135770 11.216657 -6.518614 -20.321098 -2.103057 1.286105 -27.717743 3.039964 0.000077 -0.000022 0.000006 -0.022999 0.074918 -0.192772 0.812571 -3.619054 -10.818910 -0.864487 3.769164 -10.787857 -4.635773 -4.287957 11.376970 -60.422039 2.623554 27.604029 -2.722072 -57.498802 1.753083 -3.585405 1.948230 20.706146 -5.882102 9.861279 0.702590 -10.936861 -0.360574 7.156197 0.000000 8.774815 -0.000000 -15.999905 18.282164 6.324667 -1.844031 2.498503 -2.507276 -10.163590 4.678941 4.621104 -20.975996 -0.000001 0.000001 -21.226254 2.451698 -3.593995 0.000000 -0.000006 -0.000000 -1.362681 2.240797 -0.746323 -21.334892 0.584910 3.008319 -13.821196 -0.000001 0.000001 -23.887129 -0.249075 -0.839485 -61.155228 2.916277 -0.884328 -0.294025 1.679686 0.833255 -14.218195 0.093215 1.300579 -34.212002 -0.287561 0.967166 -20.033176 0.964536 1.212838 0.000000 -0.000000 0.000000 -3.440387 0.788233 0.501655 -15.928172 -3.167306 2.999703 -6.338817 -0.000000 0.000001 -18.123419 3.648181 -4.905662 -0.000004 0.000000 -0.000002 -5.567994 13.357507 7.254628 0.234065 -1.326558 -11.202468 0.474756 10.851185 -0.019209 6.629951 -10.379981 -5.019460 2.243540 -5.255033 -3.180156 14.282877 -0.826594 6.952496 -0.000000 -12.690593 -0.000001 15.224786 -17.518236 3.008262 1.665665 -1.955920 -2.878297 4.727794 -4.170584 4.993919 11.020511 0.000001 -0.000000 12.109032 -3.735715 -2.866778 0.000000 -0.000000 0.000000 1.291985 -1.928548 -1.498088 14.800115 0.567467 3.865604 14.242553 -1.341738 -6.660648 19.631935 0.143921 -0.648243 49.101353 -0.228269 -6.122443 0.353029 -1.511150 -0.031940 20.222769 3.684305 2.316629 18.787249 0.000001 -0.000001 10.751608 -0.479870 1.397903 0.000000 -0.000000 0.000000 3.273804 0.305947 -0.580110 21.486790 11.830364 2.266131 8.162915 0.000000 -0.000000 18.399052 -3.798986 -4.940567 0.000003 0.000000 -0.000001 -2.390358 8.724615 -4.844857 0.205427 0.111564 15.715253 -5.092716 8.848632 -14.102532 1.626393 -2.364483 -1.139014 0.000000 -0.000000 0.000002 -5.788606 -11.983581 -17.069546 0.079509 0.014463 29.143175 4.063155 8.180419 -14.641802 -1.433175 0.810451 -2.275196 0.000000 -0.000000 -0.000001
0.000000 0.000000 0.000000 0.000000 -0.000000 0.000000 -0.875820 -2.174544 -3.902921 4.044042 -0.138375 3.416058 -4.355845 -0.479461 -3.837869 -1.539968 2.457635 -6.339270 -12.296134 -1.083723 8.883624 17.922337 -8.116620 11.222533 -6.516244 -20.327404 -2.104040 1.293131 -27.638588 3.100077 0.000077 -0.000022 0.000006 -0.022011 0.070993 -0.191153 0.813591 -3.622578 -10.813574 -0.863673 3.764921 -10.782154 -4.712219 -4.271951 11.330173 -60.368690 2.674107 27.534609 -2.806534 -57.545895 1.803270 -3.677073 1.984853 20.788866 -5.882102 9.861279 0.702590 -10.936861 -0.360574 7.156197 0.000000 8.774815 -0.000000 -15.997024 18.295511 6.326265 -1.844031 2.498503 -2.507276 -10.163590 4.678941 4.621104 -20.975996 -0.000001 0.000001 -21.226254 2.451698 -3.593995 0.000000 -0.000006 -0.000000 -1.362681 2.240797 -0.746323 -21.334892 0.584910 3.008319 -13.821196 -0.000001 0.000001 -23.887129 -0.249075 -0.839485 -61.149612 2.925975 -0.878064 -0.294025 1.679686 0.833255 -14.218195 0.093215 1.300579 -34.212002 -0.287561 0.967166 -20.033176 0.964536 1.212838 0.000000 -0.000000 0.000000 -3.440387 0.788233 0.501655 -15.928172 -3.167306 2.999703 -6.338817 -0.000000 0.000001 -18.123419 3.648181 -4.905662 -0.000004 0.000000 -0.000002 -5.535489 13.353868 7.208327 0.180993 -1.321538 -11.145967 0.497227 10.918411 -0.000270 6.679066 -10.452167 -5.133074 2.243540 -5.255033 -3.180156 14.282877 -0.826594 6.952496 -0.000000 -12.690593 -0.000001 15.238386 -17.489992 2.967913 1.665665 -1.955920 -2.878297 4.727794 -4.170584 4.993919 11.020511 0.000001 -0.000000 12.109032 -3.735715 -2.866778 0.000000 -0.000000 0.000000 1.291985 -1.928548 -1.498088 14.800115 0.567467 3.865604 14.242553 -1.341738 -6.660648 19.631935 0.143921 -0.648243 49.075974 -0.212840 -6.113137 0.353029 -1.511150 -0.031940 20.222769 3.684305 2.316629 18.787249 0.000001 -0.000001 10.751608 -0.479870 1.397903 0.000000 -0.000000 0.000000 3.273804 0.305947 -0.580110 21.486790 11.830364 2.266131 8.162915 0.000000 -0.000000 18.399052 -3.798986 -4.940567 0.000003 0.000000 -0.000001 -2.390358 8.724615 -4.844857 0.205427 0.111564 15.715253 -5.092716 8.848632 -14.102532 1.626393 -2.364483 -1.139014 0.000000 -0.000000 0.000002 -5.788606 -11.983581 -17.069546 0.079509 0.014463 29.143175 4.063155 8.180419 -14.641802 -1.433175 0.810451 -2.275196 0.000000 -0.000000 -0.000001
0.000000 0.000000 0.000000 0.000000 -0.000000 0.000000 -0.875820 -2.167151 -3.902921 4.044042 -0.138375 3.416058 -4.385800 -0.482345 -3.845665 -1.544933 2.475474 -6.350161 -12.347602 -1.082873 8.882065 17.942196 -8.124384 11.230693 -6.527226 -20.289722 -2.109046 1.300481 -27.589905 3.164541 0.000077 -0.000022 0.000006 -0.022596 0.075263 -0.189803 0.813754 -3.617573 -10.807633 -0.865137 3.768500 -10.775806 -4.799057 -4.239169 11.322136 -60.280411 2.684198 27.507410 -2.872942 -57.625652 1.835924 -3.759222 2.006973 20.915646 -5.882102 9.861279 0.702590 -10.936861 -0.360574 7.156197 0.000000 8.774815 -0.000000 -15.992167 18.298893 6.314608 -1.844031 2.498503 -2.507276 -10.163590 4.678941 4.621104 -20.975996 -0.000001 0.000001 -21.226254 2.451698 -3.593995 0.000000 -0.000006 -0.000000 -1.362681 2.240797 -0.746323 -21.334892 0.584910 3.008319 -13.821196 -0.000001 0.000001 -23.887129 -0.249075 -0.839485 -61.122215 2.934498 -0.890380 -0.294025 1.679686 0.833255 -14.218195 0.093215 1.300579 -34.212002 -0.287561 0.967166 -20.033176 0.964536 1.212838 0.000000 -0.000000 0.000000 -3.440387 0.788233 0.501655 -15.928172 -3.167306 2.999703 -6.338817 -0.000000 0.000001 -18.123419 3.648181 -4.905662 -0.000004 0.000000 -0.000002 -5.482045 13.349265 7.191780 0.137357 -1.328022 -11.081081 0.497985 10.994586 0.013917 6.743109 -10.545469 -5.156804 2.243540 -5.255033 -3.180156 14.282877 -0.826594 6.952496 -0.000000 -12.690593 -0.000001 15.256493 -17.485098 2.950049 1.665665 -1.955920 -2.878297 4.727794 -4.170584 4.993919 11.020511 0.000001 -0.000000 12.109032 -3.735715 -2.866778 0.000000 -0.000000 0.000000 1.291985 -1.928548 -1.498088 14.800115 0.567467 3.865604 14.242553 -1.341738 -6.660648 19.631935 0.143921 -0.648243 49.079361 -0.203803 -6.119993 0.353029 -1.511150 -0.031940 20.222769 3.684305 2.316629 18.787249 0.000001 -0.000001 10.751608 -0.479870 1.397903 0.000000 -0.000000 0.000000 3.273804 0.305947 -0.580110 21.486790 11.830364 2.266131 8.162915 0.000000 -0.000000 18.399052 -3.798986 -4.940567 0.000003 0.000000 -0.000001 -2.390358 8.724615 -4.844857 0.205427 0.111564 15.715253 -5.092716 8.848632 -14.102532 1.626393 -2.364483 -1.139014 0.000000 -0.000000 0.000002 -5.788606 -11.983581 -17.069546 0.079509 0.014463 29.143175 4.063155 8.180419 -14.641802 -1.433175 0.810451 -2.275196 0.000000 -0.000000 -0.000001
0.000000 0.000000 0.000000 0.000000 -0.000000 0.000000 -0.875820 -2.178229 -3.902921 4.044042 -0.138375 3.416058 -4.417216 -0.477132 -3.888026 -1.559270 2.464042 -6.359297 -12.409497 -1.117773 8.895206 17.962086 -8.121836 11.219296 -6.545996 -20.243731 -2.114866 1.311337 -27.621931 3.196335 0.000077 -0.000022 0.000006 -0.023218 0.086267 -0.189249 0.810967 -3.602378 -10.787271 -0.863728 3.775359 -10.752260 -4.828445 -4.256693 11.290506 -60.195816 2.733921 27.476357 -3.016224 -57.727352 1.960467 -3.798730 1.976416 21.175404 -5.882102 9.861279 0.702590 -10.936861 -0.360574 7.156197 0.000000 8.774815 -0.000000 -15.989644 18.321924 6.322664 -1.844031 2.498503 -2.507276 -10.163590 4.678941 4.621104 -20.975996 -0.000001 0.000001 -21.226254 2.451698 -3.593995 0.000000 -0.000006 -0.000000 -1.362681 2.240797 -0.746323 -21.334892 0.584910 3.008319 -13.821196 -0.000001 0.000001 -23.887129 -0.249075 -0.839485 -61.138042 2.959855 -0.880229 -0.294025 1.679686 0.833255 -14.218195 0.093215 1.300579 -34.212002 -0.287561 0.967166 -20.033176 0.964536 1.212838 0.000000 -0.000000 0.000000 -3.440387 0.788233 0.501655 -15.928172 -3.167306 2.999703 -6.338817 -0.000000 0.000001 -18.123419 3.648181 -4.905662 -0.000004 0.000000 -0.000002 -5.415829 13.309394 7.167871 0.049972 -1.376868 -11.239771 0.651634 11.068178 0.064386 6.707327 -10.708440 -5.079425 2.243540 -5.255033 -3.180156 14.282877 -0.826594 6.952496 -0.000000 -12.690593 -0.000001 15.349293 -17.523590 2.915364 1.665665 -1.955920 -2.878297 4.727794 -4.170584 4.993919 11.020511 0.000001 -0.000000 12.109032 -3.735715 -2.866778 0.000000 -0.000000 0.000000 1.291985 -1.928548 -1.498088 14.800115 0.567467 3.865604 14.242553 -1.341738 -6.660648 19.631935 0.143921 -0.648243 49.163940 -0.178839 -6.118157 0.353029 -1.511150 -0.031940 20.222769 3.684305 2.316629 18.787249 0.000001 -0.000001 10.751608 -0.479870 1.397903 0.000000 -0.000000 0.000000 3.273804 0.305947 -0.580110 21.486790 11.830364 2.266131 8.162915 0.000000 -0.000000 18.399052 -3.798986 -4.940567 0.000003 0.000000 -0.000001 -2.390358 8.724615 -4.844857 0.205427 0.111564 15.715253 -5.092716 8.848632 -14.102532 1.626393 -2.364483 -1.139014 0.000000 -0.000000 0.000002 -5.788606 -11.983581 -17.069546 0.079509 0.014463 29.143175 4.063155 8.180419 -14.641802 -1.433175 0.810451 -2.275196 0.000000 -0.000000 -0.000001
0.000000 0.000000 0.000000 0.000000 -0.000000 0.000000 -0.875820 -2.178710 -3.902921 4.044042 -0.138375 3.416058 -4.419983 -0.505301 -3.881051 -1.553681 2.544366 -6.383908 -12.471306 -1.023687 8.910955 17.888567 -8.120521 11.227284 -6.467668 -20.248863 -2.088903 1.400329 -27.601700 3.235001 0.000077 -0.000022 0.000006 -0.026774 0.083870 -0.187798 0.810626 -3.607986 -10.809744 -0.870732 3.776954 -10.776531 -4.921600 -4.224076 11.351398 -60.108700 2.664506 27.434460 -2.985460 -57.779045 1.915194 -3.874859 1.969118 21.058571 -5.882102 9.861279 0.702590 -10.936861 -0.360574 7.156197 0.000000 8.774815 -0.000000 -16.004602 18.275267 6.306521 -1.844031 2.498503 -2.507276 -10.163590 4.678941 4.621104 -20.975996 -0.000001 0.000001 -21.226254 2.451698 -3.593995 0.000000 -0.000006 -0.000000 -1.362681 2.240797 -0.746323 -21.334892 0.584910 3.008319 -13.821196 -0.000001 0.000001 -23.887129 -0.249075 -0.839485 -61.160923 2.950730 -0.879662 -0.294025 1.679686 0.833255 -14.218195 0.093215 1.300579 -34.212002 -0.287561 0.967166 -20.033176 0.964536 1.212838 0.000000 -0.000000 0.000000 -3.440387 0.788233 0.501655 -15.928172 -3.167306 2.999703 -6.338817 -0.000000 0.000001 -18.123419 3.648181 -4.905662 -0.000004 0.000000 -0.000002 -5.393137 13.320777 7.144124 0.089455 -1.238784 -11.101385 0.548960 10.939153 0.062905 6.661918 -10.680274 -5.258505 2.243540 -5.255033 -3.180156 14.282877 -0.826594 6.952496 -0.000000 -12.690593 -0.000001 15.331573 -17.503536 2.938255 1.665665 -1.955920 -2.878297 4.727794 -4.170584 4.993919 11.020511 0.000001 -0.000000 12.109032 -3.735715 -2.866778 0.000000 -0.000000 0.000000 1.291985 -1.928548 -1.498088 14.800115 0.567467 3.865604 14.242553 -1.341738 -6.660648 19.631935 0.143921 -0.648243 49.174198 -0.200648 -6.163247 0.353029 -1.511150 -0.031940 20.222769 3.684305 2.316629 18.787249 0.000001 -0.000001 10.751608 -0.479870 1.397903 0.000000 -0.000000 0.000000 3.273804 0.305947 -0.580110 21.486790 11.830364 2.266131 8.162915 0.000000 -0.000000 18.399052 -3.798986 -4.940567 0.000003 0.000000 -0.000001 -2.390358 8.724615 -4.844857 0.205427 0.111564 15.715253 -5.092716 8.848632 -14.102532 1.626393 -2.364483 -1.139014 0.000000 -0.000000 0.000002 -5.788606 -11.983581 -17.069546 0.079509 0.014463 29.143175 4.063155 8.180419 -14.641802 -1.433175 0.810451 -2.275196 0.000000 -0.000000 -0.000001
0.000000 0.000000 0.000000 0.000000 -0.000000 0.000000 -0.875820 -2.184058 -3.902921 4.044042 -0.138375 3.416058 -4.431974 -0.505262 -3.904479 -1.552163 2.567475 -6.391568 -12.517497 -0.994263 8.913907 17.875080 -8.138094 11.232753 -6.445518 -20.186762 -2.082017 1.436672 -27.631796 3.251109 0.000077 -0.000022 0.000006 -0.030005 0.090928 -0.186713 0.806299 -3.603592 -10.810441 -0.872931 3.787089 -10.779870 -4.988972 -4.195483 11.370783 -60.011593 2.623525 27.494740 -2.911069 -57.815872 1.861303 -3.898503 1.956121 21.027708 -5.882102 9.861279 0.702590 -10.936861 -0.360574 7.156197 0.000000 8.774815 -0.000000 -15.994601 18.273861 6.316041 -1.844031 2.498503 -2.507276 -10.163590 4.678941 4.621104 -20.975996 -0.000001 0.000001 -21.226254 2.451698 -3.593995 0.000000 -0.000006 -0.000000 -1.362681 2.240797 -0.746323 -21.334892 0.584910 3.008319 -13.821196 -0.000001 0.000001 -23.887129 -0.249075 -0.839485 -61.166611 2.944141 -0.869983 -0.294025 1.679686 0.833255 -14.218195 0.093215 1.300579 -34.212002 -0.287561 0.967166 -20.033176 0.964536 1.212838 0.000000 -0.000000 0.000000 -3.440387 0.788233 0.501655 -15.928172 -3.167306 2.999703 -6.338817 -0.000000 0.000001 -18.123419 3.648181 -4.905662 -0.000004 0.000000 -0.000002 -5.326438 13.330292 7.150612 0.029500 -1.185496 -10.881554 0.519455 10.890892 0.076521 6.678085 -10.637703 -5.486885 2.243540 -5.255033 -3.180156 14.282877 -0.826594 6.952496 -0.000000 -12.690593 -0.000001 15.302197 -17.514006 2.956294 1.665665 -1.955920 -2.878297 4.727794 -4.170584 4.993919 11.020511 0.000001 -0.000000 12.109032 -3.735715 -2.866778 0.000000 -0.000000 0.000000 1.291985 -1.928548 -1.498088 14.800115 0.567467 3.865604 14.242553 -1.341738 -6.660648 19.631935 0.143921 -0.648243 49.168015 -0.234943 -6.185473 0.353029 -1.511150 -0.031940 20.222769 3.684305 2.316629 18.787249 0.000001 -0.000001 10.751608 -0.479870 1.397903 0.000000 -0.000000 0.000000 3.273804 0.305947 -0.580110 21.486790 11.830364 2.266131 8.162915 0.000000 -0.000000 18.399052 -3.798986 -4.940567 0.000003 0.000000 -0.000001 -2.390358 8.724615 -4.844857 0.205427 0.111564 15.715253 -5.092716 8.848632 -14.102532 1.626393 -2.364483 -1.139014 0.000000 -0.000000 0.000002 -5.788606 -11.983581 -17.069546 0.079509 0.014463 29.143175 4.063155 8.180419 -14.641802 -1.433175 0.810451 -2.275196 0.000000 -0.000000 -0.000001
0.000000 0.000000 0.000000 0.000000 -0.000000 0.000000 -0.875820 -2.187613 -3.902921 4.044042 -0.138375 3.416058 -4.442050 -0.509246 -3.923666 -1.546485 2.570064 -6.395041 -12.554537 -0.970734 8.896762 17.878937 -8.169701 11.239305 -6.438833 -20.099457 -2.075839 1.481916 -27.638384 3.295362 0.000077 -0.000022 0.000006 -0.031705 0.093317 -0.185965 0.803511 -3.603221 -10.814124 -0.873474 3.791571 -10.785928 -5.050402 -4.173689 11.360086 -59.942478 2.612293 27.516483 -2.854501 -57.823734 1.828556 -3.913017 1.930212 20.968344 -5.882102 9.861279 0.702590 -10.936861 -0.360574 7.156197 0.000000 8.774815 -0.000000 -16.008394 18.268795 6.312447 -1.844031 2.498503 -2.507276 -10.163590 4.678941 4.621104 -20.975996 -0.000001 0.000001 -21.226254 2.451698 -3.593995 0.000000 -0.000006 -0.000000 -1.362681 2.240797 -0.746323 -21.334892 0.584910 3.008319 -13.821196 -0.000001 0.000001 -23.887129 -0.249075 -0.839485 -61.168701 2.926152 -0.866745 -0.294025 1.679686 0.833255 -14.218195 0.093215 1.300579 -34.212002 -0.287561 0.967166 -20.033176 0.964536 1.212838 0.000000 -0.000000 0.000000 -3.440387 0.788233 0.501655 -15.928172 -3.167306 2.999703 -6.338817 -0.000000 0.000001 -18.123419 3.648181 -4.905662 -0.000004 0.000000 -0.000002 -5.253241 13.327461 7.177586 -0.040290 -1.111670 -10.683468 0.485992 10.891966 0.080842 6.659019 -10.551306 -5.621577 2.243540 -5.255033 -3.180156 14.282877 -0.826594 6.952496 -0.000000 -12.690593 -0.000001 15.278165 -17.517550 2.975121 1.665665 -1.955920 -2.878297 4.727794 -4.170584 4.993919 11.020511 0.000001 -0.000000 12.109032 -3.735715 -2.866778 0.000000 -0.000000 0.000000 1.291985 -1.928548 -1.498088 14.800115 0.567467 3.865604 14.242553 -1.341738 -6.660648 19.631935 0.143921 -0.648243 49.171223 -0.268123 -6.196797 0.353029 -1.511150 -0.031940 20.222769 3.684305 2.316629 18.787249 0.000001 -0.000001 10.751608 -0.479870 1.397903 0.000000 -0.000000 0.000000 3.273804 0.305947 -0.580110 21.486790 11.830364 2.266131 8.162915 0.000000 -0.000000 18.399052 -3.798986 -4.940567 0.000003 0.000000 -0.000001 -2.390358 8.724615 -4.844857 0.205427 0.111564 15.715253 -5.092716 8.848632 -14.102532 1.626393 -2.364483 -1.139014 0.000000 -0.000000 0.000002 -5.788606 -11.983581 -17.069546 0.079509 0.014463 29.143175 4.063155 8.180419 -14.641802 -1.433175 0.810451 -2.275196 0.000000 -0.000000 -0.000001
0.000000 0.000000 0.000000 0.000000 -0.000000 0.000000 -0.875820 -2.186866 -3.902921 4.044042 -0.138375 3.416058 -4.449484 -0.509320 -3.938206 -1.542012 2.556187 -6.398355 -12.569508 -0.948094 8.887889 17.921926 -8.187783 11.213986 -6.449352 -20.022861 -2.087371 1.509257 -27.596670 3.352967 0.000077 -0.000022 0.000006 -0.031459 0.090177 -0.187610 0.802996 -3.608287 -10.817404 -0.872259 3.790167 -10.792585 -5.097888 -4.170184 11.332001 -59.903801 2.605531 27.492228 -2.828752 -57.803783 1.818092 -3.951748 1.912377 20.852318 -5.882102 9.861279 0.702590 -10.936861 -0.360574 7.156197 0.000000 8.774815 -0.000000 -16.024410 18.268732 6.310330 -1.844031 2.498503 -2.507276 -10.163590 4.678941 4.621104 -20.975996 -0.000001 0.000001 -21.226254 2.451698 -3.593995 0.000000 -0.000006 -0.000000 -1.362681 2.240797 -0.746323 -21.334892 0.584910 3.008319 -13.821196 -0.000001 0.000001 -23.887129 -0.249075 -0.839485 -61.159222 2.894858 -0.845426 -0.294025 1.679686 0.833255 -14.218195 0.093215 1.300579 -34.212002 -0.287561 0.967166 -20.033176 0.964536 1.212838 0.000000 -0.000000 0.000000 -3.440387 0.788233 0.501655 -15.928172 -3.167306 2.999703 -6.338817 -0.000000 0.000001 -18.123419 3.648181 -4.905662 -0.000004 0.000000 -0.000002 -5.188814 13.306559 7.219022 -0.121404 -1.035293 -10.554676 0.452886 10.879416 0.067530 6.636467 -10.451166 -5.651861 2.243540 -5.255033 -3.180156 14.282877 -0.826594 6.952496 -0.000000 -12.690593 -0.000001 15.259587 -17.531136 3.004287 1.665665 -1.955920 -2.878297 4.727794 -4.170584 4.993919 11.020511 0.000001 -0.000000 12.109032 -3.735715 -2.866778 0.000000 -0.000000 0.000000 1.291985 -1.928548 -1.498088 14.800115 0.567467 3.865604 14.242553 -1.341738 -6.660648 19.631935 0.143921 -0.648243 49.179989 -0.289186 -6.186591 0.353029 -1.511150 -0.031940 20.222769 3.684305 2.316629 18.787249 0.000001 -0.000001 10.751608 -0.479870 1.397903 0.000000 -0.000000 0.000000 3.273804 0.305947 -0.580110 21.486790 11.830364 2.266131 8.162915 0.000000 -0.000000 18.399052 -3.798986 -4.940567 0.000003 0.000000 -0.000001 -2.390358 8.724615 -4.844857 0.205427 0.111564 15.715253 -5.092716 8.848632 -14.102532 1.626393 -2.364483 -1.139014 0.000000 -0.000000 0.000002 -5.788606 -11.983581 -17.069546 0.079509 0.014463 29.143175 4.063155 8.180419 -14.641802 -1.433175 0.810451 -2.275196 0.000000 -0.000000 -0.000001
0.000000 0.000000 0.000000 0.000000 -0.000000 0.000000 -0.875820 -2.186240 -3.902921 4.044042 -0.138375 3.416058 -4.460702 -0.497063 -3.948218 -1.541501 2.538076 -6.400173 -12.565287 -0.937013 8.878934 17.999119 -8.206411 11.169947 -6.465172 -19.936426 -2.114688 1.510556 -27.530994 3.408963 0.000077 -0.000022 0.000006 -0.030909 0.090946 -0.190117 0.802796 -3.608091 -10.815561 -0.870725 3.790814 -10.793036 -5.127316 -4.195994 11.303623 -59.902596 2.615613 27.367523 -2.855774 -57.761211 1.827921 -4.052700 1.910110 20.712265 -5.882102 9.861279 0.702590 -10.936861 -0.360574 7.156197 0.000000 8.774815 -0.000000 -16.035189 18.264166 6.312312 -1.844031 2.498503 -2.507276 -10.163590 4.678941 4.621104 -20.975996 -0.000001 0.000001 -21.226254 2.451698 -3.593995 0.000000 -0.000006 -0.000000 -1.362681 2.240797 -0.746323 -21.334892 0.584910 3.008319 -13.821196 -0.000001 0.000001 -23.887129 -0.249075 -0.839485 -61.135227 2.859307 -0.806885 -0.294025 1.679686 0.833255 -14.218195 0.093215 1.300579 -34.212002 -0.287561 0.967166 -20.033176 0.964536 1.212838 0.000000 -0.000000 0.000000 -3.440387 0.788233 0.501655 -15.928172 -3.167306 2.999703 -6.338817 -0.000000 0.000001 -18.123419 3.648181 -4.905662 -0.000004 0.000000 -0.000002 -5.131433 13.277987 7.248862 -0.213895 -0.949552 -10.513867 0.427112 10.835749 0.042753 6.613854 -10.359521 -5.591311 2.243540 -5.255033 -3.180156 14.282877 -0.826594 6.952496 -0.000000 -12.690593 -0.000001 15.251225 -17.541842 3.029670 1.665665 -1.955920 -2.878297 4.727794 -4.170584 4.993919 11.020511 0.000001 -0.000000 12.109032 -3.735715 -2.866778 0.000000 -0.000000 0.000000 1.291985 -1.928548 -1.498088 14.800115 0.567467 3.865604 14.242553 -1.341738 -6.660648 19.631935 0.143921 -0.648243 49.168568 -0.297761 -6.171759 0.353029 -1.511150 -0.031940 20.222769 3.684305 2.316629 18.787249 0.000001 -0.000001 10.751608 -0.479870 1.397903 0.000000 -0.000000 0.000000 3.273804 0.305947 -0.580110 21.486790 11.830364 2.266131 8.162915 0.000000 -0.000000 18.399052 -3.798986 -4.940567 0.000003 0.000000 -0.000001 -2.390358 8.724615 -4.844857 0.205427 0.111564 15.715253 -5.092716 8.848632 -14.102532 1.626393 -2.364483 -1.139014 0.000000 -0.000000 0.000002 -5.788606 -11.983581 -17.069546 0.079509 0.014463 29.143175 4.063155 8.180419 -14.641802 -1.433175 0.810451 -2.275196 0.000000 -0.000000 -0.000001
0.000000 0.000000 0.000000 0.000000 -0.000000 0.000000 -0.875820 -2.185004 -3.902921 4.044042 -0.138375 3.416058 -4.483678 -0.479791 -3.951277 -1.542301 2.536165 -6.402194 -12.563177 -0.932164 8.860983 18.113712 -8.237506 11.118104 -6.471133 -19.823940 -2.158527 1.498525 -27.455385 3.485430 0.000077 -0.000022 0.000006 -0.030491 0.093315 -0.192514 0.802755 -3.605302 -10.812327 -0.869649 3.792162 -10.790414 -5.162390 -4.228623 11.281708 -59.877934 2.646112 27.207672 -2.918929 -57.755882 1.883174 -4.196247 1.930978 20.556850 -5.882102 9.861279 0.702590 -10.936861 -0.360574 7.156197 0.000000 8.774815 -0.000000 -16.034969 18.251240 6.314583 -1.844031 2.498503 -2.507276 -10.163590 4.678941 4.621104 -20.975996 -0.000001 0.000001 -21.226254 2.451698 -3.593995 0.000000 -0.000006 -0.000000 -1.362681 2.240797 -0.746323 -21.334892 0.584910 3.008319 -13.821196 -0.000001 0.000001 -23.887129 -0.249075 -0.839485 -61.081242 2.831462 -0.772079 -0.294025 1.679686 0.833255 -14.218195 0.093215 1.300579 -34.212002 -0.287561 0.967166 -20.033176 0.964536 1.212838 0.000000 -0.000000 0.000000 -3.440387 0.788233 0.501655 -15.928172 -3.167306 2.999703 -6.338817 -0.000000 0.000001 -18.123419 3.648181 -4.905662 -0.000004 0.000000 -0.000002 -5.058043 13.243227 7.281234 -0.345112 -0.868070 -10.476450 0.407808 10.807138 0.007537 6.617158 -10.309669 -5.431899 2.243540 -5.255033 -3.180156 14.282877 -0.826594 6.952496 -0.000000 -12.690593 -0.000001 15.230562 -17.566547 3.058914 1.665665 -1.955920 -2.878297 4.727794 -4.170584 4.993919 11.020511 0.000001 -0.000000 12.109032 -3.735715 -2.866778 0.000000 -0.000000 0.000000 1.291985 -1.928548 -1.498088 14.800115 0.567467 3.865604 14.242553 -1.341738 -6.660648 19.631935 0.143921 -0.648243 49.153728 -0.303787 -6.166042 0.353029 -1.511150 -0.031940 20.222769 3.684305 2.316629 18.787249 0.000001 -0.000001 10.751608 -0.479870 1.397903 0.000000 -0.000000 0.000000 3.273804 0.305947 -0.580110 21.486790 11.830364 2.266131 8.162915 0.000000 -0.000000 18.399052 -3.798986 -4.940567 0.000003 0.000000 -0.000001 -2.390358 8.724615 -4.844857 0.205427 0.111564 15.715253 -5.092716 8.848632 -14.102532 1.626393 -2.364483 -1.139014 0.000000 -0.000000 0.000002 -5.788606 -11.983581 -17.069546 0.079509 0.014463 29.143175 4.063155 8.180419 -14.641802 -1.433175 0.810451 -2.275196 0.000000 -0.000000 -0.000001
0.000000 0.000000 0.000000 0.000000 -0.000000 0.000000 -0.875820 -2.190528 -3.902921 4.044042 -0.138375 3.416058 -4.504879 -0.448300 -3.994044 -1.559331 2.521210 -6.399561 -12.563817 -0.974437 8.862928 18.219088 -8.248733 11.059714 -6.474753 -19.704039 -2.209521 1.501900 -27.411930 3.550239 0.000077 -0.000022 0.000006 -0.028267 0.091199 -0.193079 0.801403 -3.605135 -10.791353 -0.863860 3.787342 -10.767026 -5.172524 -4.270211 11.239380 -59.832081 2.741792 27.014669 -3.093990 -57.837856 2.050773 -4.273242 1.964613 20.576464 -5.882102 9.861279 0.702590 -10.936861 -0.360574 7.156197 0.000000 8.774815 -0.000000 -16.030087 18.266729 6.336959 -1.844031 2.498503 -2.507276 -10.163590 4.678941 4.621104 -20.975996 -0.000001 0.000001 -21.226254 2.451698 -3.593995 0.000000 -0.000006 -0.000000 -1.362681 2.240797 -0.746323 -21.334892 0.584910 3.008319 -13.821196 -0.000001 0.000001 -23.887129 -0.249075 -0.839485 -61.065361 2.824551 -0.752518 -0.294025 1.679686 0.833255 -14.218195 0.093215 1.300579 -34.212002 -0.287561 0.967166 -20.033176 0.964536 1.212838 0.000000 -0.000000 0.000000 -3.440387 0.788233 0.501655 -15.928172 -3.167306 2.999703 -6.338817 -0.000000 0.000001 -18.123419 3.648181 -4.905662 -0.000004 0.000000 -0.000002 -4.990873 13.201936 7.276100 -0.546097 -0.813881 -10.602213 0.536066 10.824533 0.000347 6.614361 -10.358075 -5.220526 2.243540 -5.255033 -3.180156 14.282877 -0.826594 6.952496 -0.000000 -12.690593 -0.000001 15.263681 -17.636187 3.068873 1.665665 -1.955920 -2.878297 4.727794 -4.170584 4.993919 11.020511 0.000001 -0.000000 12.109032 -3.735715 -2.866778 0.000000 -0.000000 0.000000 1.291985 -1.928548 -1.498088 14.800115 0.567467 3.865604 14.242553 -1.341738 -6.660648 19.631935 0.143921 -0.648243 49.220951 -0.291198 -6.149129 0.353029 -1.511150 -0.031940 20.222769 3.684305 2.316629 18.787249 0.000001 -0.000001 10.751608 -0.479870 1.397903 0.000000 -0.000000 0.000000 3.273804 0.305947 -0.580110 21.486790 11.830364 2.266131 8.162915 0.000000 -0.000000 18.399052 -3.798986 -4.940567 0.000003 0.000000 -0.000001 -2.390358 8.724615 -4.844857 0.205427 0.111564 15.715253 -5.092716 8.848632 -14.102532 1.626393 -2.364483 -1.139014 0.000000 -0.000000 0.000002 -5.788606 -11.983581 -17.069546 0.079509 0.014463 29.143175 4.063155 8.180419 -14.641802 -1.433175 0.810451 -2.275196 0.000000 -0.000000 -0.000001
0.000000 0.000000 0.000000 0.000000 -0.000000 0.000000 -0.875820 -2.197035 -3.902921 4.044042 -0.138375 3.416058 -4.499899 -0.451717 -3.987298 -1.548724 2.588217 -6.408712 -12.577675 -0.898526 8.869910 18.236221 -8.242595 11.004407 -6.405087 -19.689974 -2.213627 1.575148 -27.252354 3.649106 0.000077 -0.000022 0.000006 -0.028940 0.077061 -0.189244 0.805530 -3.621382 -10.807801 -0.869608 3.776052 -10.782762 -5.237046 -4.261378 11.255095 -59.809967 2.785470 26.719093 -3.214799 -57.860474 2.123329 -4.446356 2.038606 20.466839 -5.882102 9.861279 0.702590 -10.936861 -0.360574 7.156197 0.000000 8.774815 -0.000000 -16.037043 18.225845 6.344769 -1.844031 2.498503 -2.507276 -10.163590 4.678941 4.621104 -20.975996 -0.000001 0.000001 -21.226254 2.451698 -3.593995 0.000000 -0.000006 -0.000000 -1.362681 2.240797 -0.746323 -21.334892 0.584910 3.008319 -13.821196 -0.000001 0.000001 -23.887129 -0.249075 -0.839485 -61.077049 2.835696 -0.753043 -0.294025 1.679686 0.833255 -14.218195 0.093215 1.300579 -34.212002 -0.287561 0.967166 -20.033176 0.964536 1.212838 0.000000 -0.000000 0.000000 -3.440387 0.788233 0.501655 -15.928172 -3.167306 2.999703 -6.338817 -0.000000 0.000001 -18.123419 3.648181 -4.905662 -0.000004 0.000000 -0.000002 -5.004430 13.197591 7.274579 -0.566547 -0.581657 -10.576807 0.465954 10.677108 -0.016284 6.573663 -10.274487 -5.418157 2.243540 -5.255033 -3.180156 14.282877 -0.826594 6.952496 -0.000000 -12.690593 -0.000001 15.255378 -17.613510 3.077201 1.665665 -1.955920 -2.878297 4.727794 -4.170584 4.993919 11.020511 0.000001 -0.000000 12.109032 -3.735715 -2.866778 0.000000 -0.000000 0.000000 1.291985 -1.928548 -1.498088 14.800115 0.567467 3.865604 14.242553 -1.341738 -6.660648 19.631935 0.143921 -0.648243 49.207859 -0.292066 -6.170243 0.353029 -1.511150 -0.031940 20.222769 3.684305 2.316629 18.787249 0.000001 -0.000001 10.751608 -0.479870 1.397903 0.000000 -0.000000 0.000000 3.273804 0.305947 -0.580110 21.486790 11.830364 2.266131 8.162915 0.000000 -0.000000 18.399052 -3.798986 -4.940567 0.000003 0.000000 -0.000001 -2.390358 8.724615 -4.844857 0.205427 0.111564 15.715253 -5.092716 8.848632 -14.102532 1.626393 -2.364483 -1.139014 0.000000 -0.000000 0.000002 -5.788606 -11.983581 -17.069546 0.079509 0.014463 29.143175 4.063155 8.180419 -14.641802 -1.433175 0.810451 -2.275196 0.000000 -0.000000 -0.000001
0.000000 0.000000 0.000000 0.000000 -0.000000 0.000000 -0.875820 -2.206725 -3.902921 4.044042 -0.138375 3.416058 -4.498003 -0.432523 -4.011997 -1.541386 2.625199 -6.410217 -12.600524 -0.873989 8.880591 18.266798 -8.267824 10.949503 -6.369494 -19.605494 -2.220378 1.624833 -27.136093 3.728382 0.000077 -0.000022 0.000006 -0.030193 0.074397 -0.185456 0.806249 -3.624347 -10.799884 -0.873064 3.774192 -10.774049 -5.307117 -4.230927 11.251502 -59.730968 2.846209 26.546747 -3.303499 -57.920284 2.185695 -4.532750 2.116083 20.522972 -5.882102 9.861279 0.702590 -10.936861 -0.360574 7.156197 0.000000 8.774815 -0.000000 -16.016960 18.246243 6.367568 -1.844031 2.498503 -2.507276 -10.163590 4.678941 4.621104 -20.975996 -0.000001 0.000001 -21.226254 2.451698 -3.593995 0.000000 -0.000006 -0.000000 -1.362681 2.240797 -0.746323 -21.334892 0.584910 3.008319 -13.821196 -0.000001 0.000001 -23.887129 -0.249075 -0.839485 -61.086044 2.865428 -0.762161 -0.294025 1.679686 0.833255 -14.218195 0.093215 1.300579 -34.212002 -0.287561 0.967166 -20.033176 0.964536 1.212838 0.000000 -0.000000 0.000000 -3.440387 0.788233 0.501655 -15.928172 -3.167306 2.999703 -6.338817 -0.000000 0.000001 -18.123419 3.648181 -4.905662 -0.000004 0.000000 -0.000002 -4.998011 13.202469 7.289636 -0.639517 -0.448079 -10.443197 0.452735 10.661273 0.006863 6.589935 -10.248376 -5.734407 2.243540 -5.255033 -3.180156 14.282877 -0.826594 6.952496 -0.000000 -12.690593 -0.000001 15.241093 -17.621796 3.053035 1.665665 -1.955920 -2.878297 4.727794 -4.170584 4.993919 11.020511 0.000001 -0.000000 12.109032 -3.735715 -2.866778 0.000000 -0.000000 0.000000 1.291985 -1.928548 -1.498088 14.800115 0.567467 3.865604 14.242553 -1.341738 -6.660648 19.631935 0.143921 -0.648243 49.195717 -0.288796 -6.189132 0.353029 -1.511150 -0.031940 20.222769 3.684305 2.316629 18.787249 0.000001 -0.000001 10.751608 -0.479870 1.397903 0.000000 -0.000000 0.000000 3.273804 0.305947 -0.580110 21.486790 11.830364 2.266131 8.162915 0.000000 -0.000000 18.399052 -3.798986 -4.940567 0.000003 0.000000 -0.000001 -2.390358 8.724615 -4.844857 0.205427 0.111564 15.715253 -5.092716 8.848632 -14.102532 1.626393 -2.364483 -1.139014 0.000000 -0.000000 0.000002 -5.788606 -11.983581 -17.069546 0.079509 0.014463 29.143175 4.063155 8.180419 -14.641802 -1.433175 0.810451 -2.275196 0.000000 -0.000000 -0.000001
0.000000 0.000000 0.000000 0.000000 -0.000000 0.000000 -0.875820 -2.219451 -3.902921 4.044042 -0.138375 3.416058 -4.495589 -0.421956 -4.028453 -1.535738 2.659921 -6.413326 -12.632196 -0.855255 8.894461 18.270115 -8.327137 10.922932 -6.298908 -19.477161 -2.219480 1.695586 -27.040758 3.774081 0.000077 -0.000022 0.000006 -0.032494 0.077111 -0.185024 0.804977 -3.621040 -10.792575 -0.876693 3.777368 -10.767899 -5.371484 -4.195850 11.269654 -59.644806 2.872440 26.422503 -3.384060 -57.955242 2.225243 -4.568545 2.200402 20.623173 -5.882102 9.861279 0.702590 -10.936861 -0.360574 7.156197 0.000000 8.774815 -0.000000 -15.987190 18.264557 6.387915 -1.844031 2.498503 -2.507276 -10.163590 4.678941 4.621104 -20.975996 -0.000001 0.000001 -21.226254 2.451698 -3.593995 0.000000 -0.000006 -0.000000 -1.362681 2.240797 -0.746323 -21.334892 0.584910 3.008319 -13.821196 -0.000001 0.000001 -23.887129 -0.249075 -0.839485 -61.084568 2.895947 -0.771326 -0.294025 1.679686 0.833255 -14.218195 0.093215 1.300579 -34.212002 -0.287561 0.967166 -20.033176 0.964536 1.212838 0.000000 -0.000000 0.000000 -3.440387 0.788233 0.501655 -15.928172 -3.167306 2.999703 -6.338817 -0.000000 0.000001 -18.123419 3.648181 -4.905662 -0.000004 0.000000 -0.000002 -4.996295 13.193534 7.291652 -0.694032 -0.319005 -10.236182 0.452494 10.691523 0.042838 6.562101 -10.208682 -5.963630 2.243540 -5.255033 -3.180156 14.282877 -0.826594 6.952496 -0.000000 -12.690593 -0.000001 15.218792 -17.625765 3.028759 1.665665 -1.955920 -2.878297 4.727794 -4.170584 4.993919 11.020511 0.000001 -0.000000 12.109032 -3.735715 -2.866778 0.000000 -0.000000 0.000000 1.291985 -1.928548 -1.498088 14.800115 0.567467 3.865604 14.242553 -1.341738 -6.660648 19.631935 0.143921 -0.648243 49.187077 -0.282397 -6.208524 0.353029 -1.511150 -0.031940 20.222769 3.684305 2.316629 18.787249 0.000001 -0.000001 10.751608 -0.479870 1.397903 0.000000 -0.000000 0.000000 3.273804 0.305947 -0.580110 21.486790 11.830364 2.266131 8.162915 0.000000 -0.000000 18.399052 -3.798986 -4.940567 0.000003 0.000000 -0.000001 -2.390358 8.724615 -4.844857 0.205427 0.111564 15.715253 -5.092716 8.848632 -14.102532 1.626393 -2.364483 -1.139014 0.000000 -0.000000 0.000002 -5.788606 -11.983581 -17.069546 0.079509 0.014463 29.143175 4.063155 8.180419 -14.641802 -1.433175 0.810451 -2.275196 0.000000 -0.000000 -0.000001
0.000000 0.000000 0.000000 0.000000 -0.000000 0.000000 -0.875820 -2.234511 -3.902921 4.044042 -0.138375 3.416058 -4.493282 -0.421851 -4.026552 -1.536753 2.682132 -6.418204 -12.656811 -0.840106 8.900252 18.267832 -8.412988 10.926894 -6.220076 -19.327879 -2.222679 1.792336 -26.971395 3.791038 0.000077 -0.000022 0.000006 -0.036127 0.084942 -0.187121 0.802539 -3.612671 -10.790902 -0.881705 3.785482 -10.768773 -5.411904 -4.167267 11.292602 -59.568867 2.885742 26.425190 -3.368495 -57.975014 2.193519 -4.588212 2.271359 20.699654 -5.882102 9.861279 0.702590 -10.936861 -0.360574 7.156197 0.000000 8.774815 -0.000000 -15.957672 18.279940 6.407627 -1.844031 2.498503 -2.507276 -10.163590 4.678941 4.621104 -20.975996 -0.000001 0.000001 -21.226254 2.451698 -3.593995 0.000000 -0.000006 -0.000000 -1.362681 2.240797 -0.746323 -21.334892 0.584910 3.008319 -13.821196 -0.000001 0.000001 -23.887129 -0.249075 -0.839485 -61.077232 2.916054 -0.780434 -0.294025 1.679686 0.833255 -14.218195 0.093215 1.300579 -34.212002 -0.287561 0.967166 -20.033176 0.964536 1.212838 0.000000 -0.000000 0.000000 -3.440387 0.788233 0.501655 -15.928172 -3.167306 2.999703 -6.338817 -0.000000 0.000001 -18.123419 3.648181 -4.905662 -0.000004 0.000000 -0.000002 -4.970108 13.171258 7.310052 -0.730710 -0.209306 -10.037773 0.429161 10.726546 0.067992 6.504172 -10.131397 -6.093342 2.243540 -5.255033 -3.180156 14.282877 -0.826594 6.952496 -0.000000 -12.690593 -0.000001 15.196305 -17.626553 3.025338 1.665665 -1.955920 -2.878297 4.727794 -4.170584 4.993919 11.020511 0.000001 -0.000000 12.109032 -3.735715 -2.866778 0.000000 -0.000000 0.000000 1.291985 -1.928548 -1.498088 14.800115 0.567467 3.865604 14.242553 -1.341738 -6.660648 19.631935 0.143921 -0.648243 49.174995 -0.279129 -6.218139 0.353029 -1.511150 -0.031940 20.222769 3.684305 2.316629 18.787249 0.000001 -0.000001 10.751608 -0.479870 1.397903 0.000000 -0.000000 0.000000 3.273804 0.305947 -0.580110 21.486790 11.830364 2.266131 8.162915 0.000000 -0.000000 18.399052 -3.798986 -4.940567 0.000003 0.000000 -0.000001 -2.390358 8.724615 -4.844857 0.205427 0.111564 15.715253 -5.092716 8.848632 -14.102532 1.626393 -2.364483 -1.139014 0.000000 -0.000000 0.000002 -5.788606 -11.983581 -17.069546 0.079509 0.014463 29.143175 4.063155 8.180419 -14.641802 -1.433175 0.810451 -2.275196 0.000000 -0.000000 -0.000001
0.000000 0.000000 0.000000 0.000000 -0.000000 0.000000 -0.875820 -2.248862 -3.902921 4.044042 -0.138375 3.416058 -4.494181 -0.427718 -4.010918 -1.541607 2.680040 -6.425180 -12.665486 -0.833740 8.889341 18.285666 -8.516494 10.947933 -6.173454 -19.177204 -2.228426 1.872871 -26.927031 3.837983 0.000077 -0.000022 0.000006 -0.040934 0.102426 -0.188893 0.799276 -3.595606 -10.792303 -0.888172 3.804301 -10.773117 -5.443575 -4.159410 11.313556 -59.515652 2.929294 26.458719 -3.308171 -57.987904 2.140416 -4.609128 2.297935 20.737885 -5.882102 9.861279 0.702590 -10.936861 -0.360574 7.156197 0.000000 8.774815 -0.000000 -15.935740 18.282478 6.413486 -1.844031 2.498503 -2.507276 -10.163590 4.678941 4.621104 -20.975996 -0.000001 0.000001 -21.226254 2.451698 -3.593995 0.000000 -0.000006 -0.000000 -1.362681 2.240797 -0.746323 -21.334892 0.584910 3.008319 -13.821196 -0.000001 0.000001 -23.887129 -0.249075 -0.839485 -61.053093 2.918006 -0.784244 -0.294025 1.679686 0.833255 -14.218195 0.093215 1.300579 -34.212002 -0.287561 0.967166 -20.033176 0.964536 1.212838 0.000000 -0.000000 0.000000 -3.440387 0.788233 0.501655 -15.928172 -3.167306 2.999703 -6.338817 -0.000000 0.000001 -18.123419 3.648181 -4.905662 -0.000004 0.000000 -0.000002 -4.934222 13.153190 7.336238 -0.752025 -0.110217 -9.948015 0.399061 10.741200 0.079098 6.435733 -10.044231 -6.080279 2.243540 -5.255033 -3.180156 14.282877 -0.826594 6.952496 -0.000000 -12.690593 -0.000001 15.179187 -17.642427 3.036673 1.665665 -1.955920 -2.878297 4.727794 -4.170584 4.993919 11.020511 0.000001 -0.000000 12.109032 -3.735715 -2.866778 0.000000 -0.000000 0.000000 1.291985 -1.928548 -1.498088 14.800115 0.567467 3.865604 14.242553 -1.341738 -6.660648 19.631935 0.143921 -0.648243 49.192554 -0.268385 -6.219131 0.353029 -1.511150 -0.031940 20.222769 3.684305 2.316629 18.787249 0.000001 -0.000001 10.751608 -0.479870 1.397903 0.000000 -0.000000 0.000000 3.273804 0.305947 -0.580110 21.486790 11.830364 2.266131 8.162915 0.000000 -0.000000 18.399052 -3.798986 -4.940567 0.000003 0.000000 -0.000001 -2.390358 8.724615 -4.844857 0.205427 0.111564 15.715253 -5.092716 8.848632 -14.102532 1.626393 -2.364483 -1.139014 0.000000 -0.000000 0.000002 -5.788606 -11.983581 -17.069546 0.079509 0.014463 29.143175 4.063155 8.180419 -14.641802 -1.433175 0.810451 -2.275196 0.000000 -0.000000 -0.000001
0.000000 0.000000 0.000000 0.000000 -0.000000 0.000000 -0.875820 -2.256858 -3.902921 4.044042 -0.138375 3.416058 -4.504368 -0.430094 -3.993541 -1.542886 2.666106 -6.426535 -12.668925 -0.837742 8.866163 18.360239 -8.618795 10.971634 -6.159670 -19.025911 -2.244819 1.923551 -26.906292 3.904796 0.000077 -0.000022 0.000006 -0.046540 0.124008 -0.188790 0.795776 -3.574355 -10.787618 -0.895906 3.826868 -10.771711 -5.475870 -4.159925 11.343485 -59.443832 2.980977 26.550188 -3.206156 -58.046116 2.072961 -4.678088 2.320835 20.754496 -5.882102 9.861279 0.702590 -10.936861 -0.360574 7.156197 0.000000 8.774815 -0.000000 -15.911585 18.284256 6.416910 -1.844031 2.498503 -2.507276 -10.163590 4.678941 4.621104 -20.975996 -0.000001 0.000001 -21.226254 2.451698 -3.593995 0.000000 -0.000006 -0.000000 -1.362681 2.240797 -0.746323 -21.334892 0.584910 3.008319 -13.821196 -0.000001 0.000001 -23.887129 -0.249075 -0.839485 -61.003407 2.915473 -0.784309 -0.294025 1.679686 0.833255 -14.218195 0.093215 1.300579 -34.212002 -0.287561 0.967166 -20.033176 0.964536 1.212838 0.000000 -0.000000 0.000000 -3.440387 0.788233 0.501655 -15.928172 -3.167306 2.999703 -6.338817 -0.000000 0.000001 -18.123419 3.648181 -4.905662 -0.000004 0.000000 -0.000002 -4.861939 13.148117 7.386124 -0.809545 -0.066635 -9.850469 0.347044 10.750353 0.072781 6.384045 -9.931295 -5.965244 2.243540 -5.255033 -3.180156 14.282877 -0.826594 6.952496 -0.000000 -12.690593 -0.000001 15.162240 -17.665096 3.057889 1.665665 -1.955920 -2.878297 4.727794 -4.170584 4.993919 11.020511 0.000001 -0.000000 12.109032 -3.735715 -2.866778 0.000000 -0.000000 0.000000 1.291985 -1.928548 -1.498088 14.800115 0.567467 3.865604 14.242553 -1.341738 -6.660648 19.631935 0.143921 -0.648243 49.196888 -0.275595 -6.219798 0.353029 -1.511150 -0.031940 20.222769 3.684305 2.316629 18.787249 0.000001 -0.000001 10.751608 -0.479870 1.397903 0.000000 -0.000000 0.000000 3.273804 0.305947 -0.580110 21.486790 11.830364 2.266131 8.162915 0.000000 -0.000000 18.399052 -3.798986 -4.940567 0.000003 0.000000 -0.000001 -2.390358 8.724615 -4.844857 0.205427 0.111564 15.715253 -5.092716 8.848632 -14.102532 1.626393 -2.364483 -1.139014 0.000000 -0.000000 0.000002 -5.788606 -11.983581 -17.069546 0.079509 0.014463 29.143175 4.063155 8.180419 -14.641802 -1.433175 0.810451 -2.275196 0.000000 -0.000000 -0.000001
0.000000 0.000000 0.000000 0.000000 -0.000000 0.000000 -0.875820 -2.278891 -3.902921 4.044042 -0.138375 3.416058 -4.510883 -0.431442 -4.019117 -1.559513 2.614824 -6.426219 -12.684279 -0.893824 8.871090 18.463285 -8.695979 10.969221 -6.165290 -18.875374 -2.271370 1.929219 -26.960836 3.914337 0.000077 -0.000022 0.000006 -0.050014 0.144130 -0.191117 0.793189 -3.552365 -10.767706 -0.900115 3.844996 -10.754105 -5.442307 -4.211052 11.331495 -59.384712 3.090924 26.668718 -3.184847 -58.165733 2.091743 -4.694849 2.305299 20.862720 -5.882102 9.861279 0.702590 -10.936861 -0.360574 7.156197 0.000000 8.774815 -0.000000 -15.905554 18.293718 6.435470 -1.844031 2.498503 -2.507276 -10.163590 4.678941 4.621104 -20.975996 -0.000001 0.000001 -21.226254 2.451698 -3.593995 0.000000 -0.000006 -0.000000 -1.362681 2.240797 -0.746323 -21.334892 0.584910 3.008319 -13.821196 -0.000001 0.000001 -23.887129 -0.249075 -0.839485 -61.004253 2.908000 -0.770952 -0.294025 1.679686 0.833255 -14.218195 0.093215 1.300579 -34.212002 -0.287561 0.967166 -20.033176 0.964536 1.212838 0.000000 -0.000000 0.000000 -3.440387 0.788233 0.501655 -15.928172 -3.167306 2.999703 -6.338817 -0.000000 0.000001 -18.123419 3.648181 -4.905662 -0.000004 0.000000 -0.000002 -4.737029 13.119184 7.427944 -0.960639 -0.088110 -10.040824 0.466152 10.791793 0.092852 6.237833 -9.882423 -5.689592 2.243540 -5.255033 -3.180156 14.282877 -0.826594 6.952496 -0.000000 -12.690593 -0.000001 15.183481 -17.728485 3.057575 1.665665 -1.955920 -2.878297 4.727794 -4.170584 4.993919 11.020511 0.000001 -0.000000 12.109032 -3.735715 -2.866778 0.000000 -0.000000 0.000000 1.291985 -1.928548 -1.498088 14.800115 0.567467 3.865604 14.242553 -1.341738 -6.660648 19.631935 0.143921 -0.648243 49.250286 -0.276400 -6.215327 0.353029 -1.511150 -0.031940 20.222769 3.684305 2.316629 18.787249 0.000001 -0.000001 10.751608 -0.479870 1.397903 0.000000 -0.000000 0.000000 3.273804 0.305947 -0.580110 21.486790 11.830364 2.266131 8.162915 0.000000 -0.000000 18.399052 -3.798986 -4.940567 0.000003 0.000000 -0.000001 -2.390358 8.724615 -4.844857 0.205427 0.111564 15.715253 -5.092716 8.848632 -14.102532 1.626393 -2.364483 -1.139014 0.000000 -0.000000 0.000002 -5.788606 -11.983581 -17.069546 0.079509 0.014463 29.143175 4.063155 8.180419 -14.641802 -1.433175 0.810451 -2.275196 0.000000 -0.000000 -0.000001
0.000000 0.000000 0.000000 0.000000 -0.000000 0.000000 -0.875820 -2.284453 -3.902921 4.044042 -0.138375 3.416058 -4.485982 -0.465388 -4.001562 -1.542351 2.658748 -6.441799 -12.658908 -0.826720 8.899564 18.439999 -8.702374 10.973874 -6.113388 -18.835325 -2.255179 2.020605 -26.876081 3.960701 0.000077 -0.000022 0.000006 -0.051409 0.137995 -0.194942 0.799605 -3.560529 -10.793908 -0.909127 3.841058 -10.785380 -5.457148 -4.197556 11.322912 -59.374329 3.153876 26.747623 -3.128222 -58.202679 2.041911 -4.788354 2.271675 20.566813 -5.882102 9.861279 0.702590 -10.936861 -0.360574 7.156197 0.000000 8.774815 -0.000000 -15.916721 18.257456 6.439513 -1.844031 2.498503 -2.507276 -10.163590 4.678941 4.621104 -20.975996 -0.000001 0.000001 -21.226254 2.451698 -3.593995 0.000000 -0.000006 -0.000000 -1.362681 2.240797 -0.746323 -21.334892 0.584910 3.008319 -13.821196 -0.000001 0.000001 -23.887129 -0.249075 -0.839485 -61.035065 2.893763 -0.770337 -0.294025 1.679686 0.833255 -14.218195 0.093215 1.300579 -34.212002 -0.287561 0.967166 -20.033176 0.964536 1.212838 0.000000 -0.000000 0.000000 -3.440387 0.788233 0.501655 -15.928172 -3.167306 2.999703 -6.338817 -0.000000 0.000001 -18.123419 3.648181 -4.905662 -0.000004 0.000000 -0.000002 -4.693402 13.152882 7.468709 -0.950793 0.072396 -10.102414 0.357430 10.667254 0.054916 6.064179 -9.721336 -5.652552 2.243540 -5.255033 -3.180156 14.282877 -0.826594 6.952496 -0.000000 -12.690593 -0.000001 15.133049 -17.706318 3.096966 1.665665 -1.955920 -2.878297 4.727794 -4.170584 4.993919 11.020511 0.000001 -0.000000 12.109032 -3.735715 -2.866778 0.000000 -0.000000 0.000000 1.291985 -1.928548 -1.498088 14.800115 0.567467 3.865604 14.242553 -1.341738 -6.660648 19.631935 0.143921 -0.648243 49.201103 -0.315402 -6.231018 0.353029 -1.511150 -0.031940 20.222769 3.684305 2.316629 18.787249 0.000001 -0.000001 10.751608 -0.479870 1.397903 0.000000 -0.000000 0.000000 3.273804 0.305947 -0.580110 21.486790 11.830364 2.266131 8.162915 0.000000 -0.000000 18.399052 -3.798986 -4.940567 0.000003 0.000000 -0.000001 -2.390358 8.724615 -4.844857 0.205427 0.111564 15.715253 -5.092716 8.848632 -14.102532 1.626393 -2.364483 -1.139014 0.000000 -0.000000 0.000002 -5.788606 -11.983581 -17.069546 0.079509 0.014463 29.143175 4.063155 8.180419 -14.641802 -1.433175 0.810451 -2.275196 0.000000 -0.000000 -0.000001
0.000000 0.000000 0.000000 0.000000 -0.000000 0.000000 -0.875820 -2.291403 -3.902921 4.044042 -0.138375 3.416058 -4.478966 -0.458185 -4.008609 -1.525774 2.657986 -6.442067 -12.629308 -0.815287 8.923903 18.476465 -8.729281 10.953627 -6.082476 -18.736458 -2.268458 2.022585 -26.804129 4.010162 0.000077 -0.000022 0.000006 -0.051843 0.135293 -0.195761 0.803386 -3.564754 -10.793444 -0.913581 3.839692 -10.788165 -5.454271 -4.187728 11.296759 -59.353771 3.229909 26.909729 -3.056216 -58.293427 2.012910 -4.828557 2.250760 20.349180 -5.882102 9.861279 0.702590 -10.936861 -0.360574 7.156197 0.000000 8.774815 -0.000000 -15.895742 18.279490 6.465899 -1.844031 2.498503 -2.507276 -10.163590 4.678941 4.621104 -20.975996 -0.000001 0.000001 -21.226254 2.451698 -3.593995 0.000000 -0.000006 -0.000000 -1.362681 2.240797 -0.746323 -21.334892 0.584910 3.008319 -13.821196 -0.000001 0.000001 -23.887129 -0.249075 -0.839485 -61.053833 2.888797 -0.773647 -0.294025 1.679686 0.833255 -14.218195 0.093215 1.300579 -34.212002 -0.287561 0.967166 -20.033176 0.964536 1.212838 0.000000 -0.000000 0.000000 -3.440387 0.788233 0.501655 -15.928172 -3.167306 2.999703 -6.338817 -0.000000 0.000001 -18.123419 3.648181 -4.905662 -0.000004 0.000000 -0.000002 -4.628428 13.192066 7.555724 -1.002550 0.158497 -10.281053 0.324458 10.631212 0.033186 6.014627 -9.657041 -5.727228 2.243540 -5.255033 -3.180156 14.282877 -0.826594 6.952496 -0.000000 -12.690593 -0.000001 15.095115 -17.717726 3.111564 1.665665 -1.955920 -2.878297 4.727794 -4.170584 4.993919 11.020511 0.000001 -0.000000 12.109032 -3.735715 -2.866778 0.000000 -0.000000 0.000000 1.291985 -1.928548 -1.498088 14.800115 0.567467 3.865604 14.242553 -1.341738 -6.660648 19.631935 0.143921 -0.648243 49.182884 -0.335875 -6.222540 0.353029 -1.511150 -0.031940 20.222769 3.684305 2.316629 18.787249 0.000001 -0.000001 10.751608 -0.479870 1.397903 0.000000 -0.000000 0.000000 3.273804 0.305947 -0.580110 21.486790 11.830364 2.266131 8.162915 0.000000 -0.000000 18.399052 -3.798986 -4.940567 0.000003 0.000000 -0.000001 -2.390358 8.724615 -4.844857 0.205427 0.111564 15.715253 -5.092716 8.848632 -14.102532 1.626393 -2.364483 -1.139014 0.000000 -0.000000 0.000002 -5.788606 -11.983581 -17.069546 0.079509 0.014463 29.143175 4.063155 8.180419 -14.641802 -1.433175 0.810451 -2.275196 0.000000 -0.000000 -0.000001
0.000000 0.000000 0.000000 0.000000 -0.000000 0.000000 -0.875820 -2.298857 -3.902921 4.044042 -0.138375 3.416058 -4.478011 -0.443226 -4.004695 -1.510822 2.647135 -6.435183 -12.595441 -0.805395 8.940839 18.530890 -8.753080 10.936831 -6.029880 -18.654547 -2.296854 1.999111 -26.683640 4.070157 0.000077 -0.000022 0.000006 -0.051530 0.126602 -0.194279 0.804733 -3.574417 -10.795869 -0.914174 3.831942 -10.788877 -5.431556 -4.206246 11.290859 -59.359325 3.267544 26.989513 -3.101166 -58.383884 2.082815 -4.858104 2.226583 20.170794 -5.882102 9.861279 0.702590 -10.936861 -0.360574 7.156197 0.000000 8.774815 -0.000000 -15.884667 18.298838 6.497374 -1.844031 2.498503 -2.507276 -10.163590 4.678941 4.621104 -20.975996 -0.000001 0.000001 -21.226254 2.451698 -3.593995 0.000000 -0.000006 -0.000000 -1.362681 2.240797 -0.746323 -21.334892 0.584910 3.008319 -13.821196 -0.000001 0.000001 -23.887129 -0.249075 -0.839485 -61.058708 2.873814 -0.765964 -0.294025 1.679686 0.833255 -14.218195 0.093215 1.300579 -34.212002 -0.287561 0.967166 -20.033176 0.964536 1.212838 0.000000 -0.000000 0.000000 -3.440387 0.788233 0.501655 -15.928172 -3.167306 2.999703 -6.338817 -0.000000 0.000001 -18.123419 3.648181 -4.905662 -0.000004 0.000000 -0.000002 -4.593456 13.222984 7.595982 -1.016310 0.261617 -10.435451 0.274123 10.602614 0.008751 6.049994 -9.623939 -5.763554 2.243540 -5.255033 -3.180156 14.282877 -0.826594 6.952496 -0.000000 -12.690593 -0.000001 15.083276 -17.726408 3.126174 1.665665 -1.955920 -2.878297 4.727794 -4.170584 4.993919 11.020511 0.000001 -0.000000 12.109032 -3.735715 -2.866778 0.000000 -0.000000 0.000000 1.291985 -1.928548 -1.498088 14.800115 0.567467 3.865604 14.242553 -1.341738 -6.660648 19.631935 0.143921 -0.648243 49.205200 -0.343990 -6.204264 0.353029 -1.511150 -0.031940 20.222769 3.684305 2.316629 18.787249 0.000001 -0.000001 10.751608 -0.479870 1.397903 0.000000 -0.000000 0.000000 3.273804 0.305947 -0.580110 21.486790 11.830364 2.266131 8.162915 0.000000 -0.000000 18.399052 -3.798986 -4.940567 0.000003 0.000000 -0.000001 -2.390358 8.724615 -4.844857 0.205427 0.111564 15.715253 -5.092716 8.848632 -14.102532 1.626393 -2.364483 -1.139014 0.000000 -0.000000 0.000002 -5.788606 -11.983581 -17.069546 0.079509 0.014463 29.143175 4.063155 8.180419 -14.641802 -1.433175 0.810451 -2.275196 0.000000 -0.000000 -0.000001
0.000000 0.000000 0.000000 0.000000 -0.000000 0.000000 -0.875820 -2.302725 -3.902921 4.044042 -0.138375 3.416058 -4.478240 -0.422523 -3.999218 -1.505499 2.633864 -6.430454 -12.552229 -0.797284 8.966884 18.588295 -8.792314 10.913034 -5.978389 -18.594521 -2.324695 1.984510 -26.545935 4.115166 0.000077 -0.000022 0.000006 -0.050552 0.113739 -0.192089 0.806496 -3.588488 -10.801671 -0.913786 3.819949 -10.792647 -5.383793 -4.255502 11.282266 -59.398346 3.277760 27.065418 -3.143006 -58.451668 2.158834 -4.901452 2.186034 19.969620 -5.882102 9.861279 0.702590 -10.936861 -0.360574 7.156197 0.000000 8.774815 -0.000000 -15.892990 18.316589 6.516555 -1.844031 2.498503 -2.507276 -10.163590 4.678941 4.621104 -20.975996 -0.000001 0.000001 -21.226254 2.451698 -3.593995 0.000000 -0.000006 -0.000000 -1.362681 2.240797 -0.746323 -21.334892 0.584910 3.008319 -13.821196 -0.000001 0.000001 -23.887129 -0.249075 -0.839485 -61.063908 2.861836 -0.762546 -0.294025 1.679686 0.833255 -14.218195 0.093215 1.300579 -34.212002 -0.287561 0.967166 -20.033176 0.964536 1.212838 0.000000 -0.000000 0.000000 -3.440387 0.788233 0.501655 -15.928172 -3.167306 2.999703 -6.338817 -0.000000 0.000001 -18.123419 3.648181 -4.905662 -0.000004 0.000000 -0.000002 -4.583901 13.241016 7.605519 -0.996900 0.359651 -10.580653 0.236531 10.576969 -0.013185 6.072107 -9.621220 -5.780279 2.243540 -5.255033 -3.180156 14.282877 -0.826594 6.952496 -0.000000 -12.690593 -0.000001 15.065668 -17.727846 3.147429 1.665665 -1.955920 -2.878297 4.727794 -4.170584 4.993919 11.020511 0.000001 -0.000000 12.109032 -3.735715 -2.866778 0.000000 -0.000000 0.000000 1.291985 -1.928548 -1.498088 14.800115 0.567467 3.865604 14.242553 -1.341738 -6.660648 19.631935 0.143921 -0.648243 49.233082 -0.346247 -6.189965 0.353029 -1.511150 -0.031940 20.222769 3.684305 2.316629 18.787249 0.000001 -0.000001 10.751608 -0.479870 1.397903 0.000000 -0.000000 0.000000 3.273804 0.305947 -0.580110 21.486790 11.830364 2.266131 8.162915 0.000000 -0.000000 18.399052 -3.798986 -4.940567 0.000003 0.000000 -0.000001 -2.390358 8.724615 -4.844857 0.205427 0.111564 15.715253 -5.092716 8.848632 -14.102532 1.626393 -2.364483 -1.139014 0.000000 -0.000000 0.000002 -5.788606 -11.983581 -17.069546 0.079509 0.014463 29.143175 4.063155 8.180419 -14.641802 -1.433175 0.810451 -2.275196 0.000000 -0.000000 -0.000001
0.000000 0.000000 0.000000 0.000000 -0.000000 0.000000 -0.875820 -2.303604 -3.902921 4.044042 -0.138375 3.416058 -4.478687 -0.399950 -3.989356 -1.509658 2.615920 -6.424860 -12.503693 -0.801162 8.996876 18.640059 -8.844491 10.894964 -5.938291 -18.535261 -2.342334 1.987622 -26.423330 4.153742 0.000077 -0.000022 0.000006 -0.050757 0.106353 -0.189143 0.807425 -3.596488 -10.803953 -0.915136 3.813315 -10.791034 -5.322328 -4.325780 11.271543 -59.477703 3.276067 27.079546 -3.173124 -58.500843 2.228679 -4.982758 2.135009 19.797451 -5.882102 9.861279 0.702590 -10.936861 -0.360574 7.156197 0.000000 8.774815 -0.000000 -15.904408 18.330641 6.520044 -1.844031 2.498503 -2.507276 -10.163590 4.678941 4.621104 -20.975996 -0.000001 0.000001 -21.226254 2.451698 -3.593995 0.000000 -0.000006 -0.000000 -1.362681 2.240797 -0.746323 -21.334892 0.584910 3.008319 -13.821196 -0.000001 0.000001 -23.887129 -0.249075 -0.839485 -61.064507 2.866475 -0.766508 -0.294025 1.679686 0.833255 -14.218195 0.093215 1.300579 -34.212002 -0.287561 0.967166 -20.033176 0.964536 1.212838 0.000000 -0.000000 0.000000 -3.440387 0.788233 0.501655 -15.928172 -3.167306 2.999703 -6.338817 -0.000000 0.000001 -18.123419 3.648181 -4.905662 -0.000004 0.000000 -0.000002 -4.590530 13.265403 7.618466 -0.986745 0.448624 -10.720376 0.249001 10.515914 -0.029919 6.066743 -9.627398 -5.703221 2.243540 -5.255033 -3.180156 14.282877 -0.826594 6.952496 -0.000000 -12.690593 -0.000001 15.053036 -17.725613 3.172606 1.665665 -1.955920 -2.878297 4.727794 -4.170584 4.993919 11.020511 0.000001 -0.000000 12.109032 -3.735715 -2.866778 0.000000 -0.000000 0.000000 1.291985 -1.928548 -1.498088 14.800115 0.567467 3.865604 14.242553 -1.341738 -6.660648 19.631935 0.143921 -0.648243 49.265530 -0.334308 -6.177065 0.353029 -1.511150 -0.031940 20.222769 3.684305 2.316629 18.787249 0.000001 -0.000001 10.751608 -0.479870 1.397903 0.000000 -0.000000 0.000000 3.273804 0.305947 -0.580110 21.486790 11.830364 2.266131 8.162915 0.000000 -0.000000 18.399052 -3.798986 -4.940567 0.000003 0.000000 -0.000001 -2.390358 8.724615 -4.844857 0.205427 0.111564 15.715253 -5.092716 8.848632 -14.102532 1.626393 -2.364483 -1.139014 0.000000 -0.000000 0.000002 -5.788606 -11.983581 -17.069546 0.079509 0.014463 29.143175 4.063155 8.180419 -14.641802 -1.433175 0.810451 -2.275196 0.000000 -0.000000 -0.000001
0.000000 0.000000 0.000000 0.000000 -0.000000 0.000000 -0.875820 -2.304651 -3.902921 4.044042 -0.138375 3.416058 -4.480220 -0.377535 -3.959331 -1.515833 2.604422 -6.419620 -12.466524 -0.807021 9.015568 18.711805 -8.926435 10.889081 -5.910342 -18.442635 -2.351463 1.972317 -26.363663 4.193702 0.000077 -0.000022 0.000006 -0.053813 0.114998 -0.185740 0.804329 -3.587439 -10.796890 -0.918275 3.821887 -10.779702 -5.290706 -4.392060 11.279666 -59.511097 3.250951 27.054186 -3.226338 -58.586140 2.299519 -5.090808 2.121129 19.746742 -5.882102 9.861279 0.702590 -10.936861 -0.360574 7.156197 0.000000 8.774815 -0.000000 -15.907504 18.337299 6.510522 -1.844031 2.498503 -2.507276 -10.163590 4.678941 4.621104 -20.975996 -0.000001 0.000001 -21.226254 2.451698 -3.593995 0.000000 -0.000006 -0.000000 -1.362681 2.240797 -0.746323 -21.334892 0.584910 3.008319 -13.821196 -0.000001 0.000001 -23.887129 -0.249075 -0.839485 -61.045254 2.883513 -0.776200 -0.294025 1.679686 0.833255 -14.218195 0.093215 1.300579 -34.212002 -0.287561 0.967166 -20.033176 0.964536 1.212838 0.000000 -0.000000 0.000000 -3.440387 0.788233 0.501655 -15.928172 -3.167306 2.999703 -6.338817 -0.000000 0.000001 -18.123419 3.648181 -4.905662 -0.000004 0.000000 -0.000002 -4.567791 13.289579 7.674646 -1.038663 0.507792 -10.574721 0.248293 10.393549 -0.037897 6.153075 -9.573806 -5.669301 2.243540 -5.255033 -3.180156 14.282877 -0.826594 6.952496 -0.000000 -12.690593 -0.000001 15.047510 -17.728998 3.201465 1.665665 -1.955920 -2.878297 4.727794 -4.170584 4.993919 11.020511 0.000001 -0.000000 12.109032 -3.735715 -2.866778 0.000000 -0.000000 0.000000 1.291985 -1.928548 -1.498088 14.800115 0.567467 3.865604 14.242553 -1.341738 -6.660648 19.631935 0.143921 -0.648243 49.302494 -0.311179 -6.158265 0.353029 -1.511150 -0.031940 20.222769 3.684305 2.316629 18.787249 0.000001 -0.000001 10.751608 -0.479870 1.397903 0.000000 -0.000000 0.000000 3.273804 0.305947 -0.580110 21.486790 11.830364 2.266131 8.162915 0.000000 -0.000000 18.399052 -3.798986 -4.940567 0.000003 0.000000 -0.000001 -2.390358 8.724615 -4.844857 0.205427 0.111564 15.715253 -5.092716 8.848632 -14.102532 1.626393 -2.364483 -1.139014 0.000000 -0.000000 0.000002 -5.788606 -11.983581 -17.069546 0.079509 0.014463 29.143175 4.063155 8.180419 -14.641802 -1.433175 0.810451 -2.275196 0.000000 -0.000000 -0.000001
0.000000 0.000000 0.000000 0.000000 -0.000000 0.000000 -0.875820 -2.308121 -3.902921 4.044042 -0.138375 3.416058 -4.476829 -0.358098 -3.960720 -1.533190 2.560416 -6.411319 -12.448137 -0.863059 9.029341 18.808037 -9.019910 10.896883 -5.905570 -18.329248 -2.354913 1.933906 -26.419296 4.171537 0.000077 -0.000022 0.000006 -0.058899 0.134866 -0.180302 0.798201 -3.563083 -10.760492 -0.922525 3.837631 -10.736619 -5.214895 -4.489419 11.271056 -59.509975 3.264132 27.021830 -3.383652 -58.749832 2.459179 -5.063891 2.104339 19.898968 -5.882102 9.861279 0.702590 -10.936861 -0.360574 7.156197 0.000000 8.774815 -0.000000 -15.894336 18.359909 6.524470 -1.844031 2.498503 -2.507276 -10.163590 4.678941 4.621104 -20.975996 -0.000001 0.000001 -21.226254 2.451698 -3.593995 0.000000 -0.000006 -0.000000 -1.362681 2.240797 -0.746323 -21.334892 0.584910 3.008319 -13.821196 -0.000001 0.000001 -23.887129 -0.249075 -0.839485 -61.044415 2.905258 -0.779518 -0.294025 1.679686 0.833255 -14.218195 0.093215 1.300579 -34.212002 -0.287561 0.967166 -20.033176 0.964536 1.212838 0.000000 -0.000000 0.000000 -3.440387 0.788233 0.501655 -15.928172 -3.167306 2.999703 -6.338817 -0.000000 0.000001 -18.123419 3.648181 -4.905662 -0.000004 0.000000 -0.000002 -4.541007 13.301266 7.706835 -1.121147 0.474382 -10.384284 0.357586 10.315076 0.004062 6.223103 -9.570901 -5.733676 2.243540 -5.255033 -3.180156 14.282877 -0.826594 6.952496 -0.000000 -12.690593 -0.000001 15.056747 -17.771036 3.214293 1.665665 -1.955920 -2.878297 4.727794 -4.170584 4.993919 11.020511 0.000001 -0.000000 12.109032 -3.735715 -2.866778 0.000000 -0.000000 0.000000 1.291985 -1.928548 -1.498088 14.800115 0.567467 3.865604 14.242553 -1.341738 -6.660648 19.631935 0.143921 -0.648243 49.388760 -0.267459 -6.129003 0.353029 -1.511150 -0.031940 20.222769 3.684305 2.316629 18.787249 0.000001 -0.000001 10.751608 -0.479870 1.397903 0.000000 -0.000000 0.000000 3.273804 0.305947 -0.580110 21.486790 11.830364 2.266131 8.162915 0.000000 -0.000000 18.399052 -3.798986 -4.940567 0.000003 0.000000 -0.000001 -2.390358 8.724615 -4.844857 0.205427 0.111564 15.715253 -5.092716 8.848632 -14.102532 1.626393 -2.364483 -1.139014 0.000000 -0.000000 0.000002 -5.788606 -11.983581 -17.069546 0.079509 0.014463 29.143175 4.063155 8.180419 -14.641802 -1.433175 0.810451 -2.275196 0.000000 -0.000000 -0.000001
0.000000 0.000000 0.000000 0.000000 -0.000000 0.000000 -0.875820 -2.310905 -3.902921 4.044042 -0.138375 3.416058 -4.432618 -0.384939 -3.921477 -1.524380 2.620758 -6.423026 -12.427762 -0.813039 9.037254 18.755461 -9.053121 10.950277 -5.778122 -18.299187 -2.299971 1.909972 -26.457619 4.207723 0.000077 -0.000022 0.000006 -0.062590 0.135533 -0.173802 0.796274 -3.565256 -10.776338 -0.928188 3.841912 -10.751215 -5.202841 -4.467681 11.311612 -59.521389 3.159137 26.984659 -3.346578 -58.789993 2.423261 -5.133840 2.091655 19.840704 -5.882102 9.861279 0.702590 -10.936861 -0.360574 7.156197 0.000000 8.774815 -0.000000 -15.873042 18.343935 6.548802 -1.844031 2.498503 -2.507276 -10.163590 4.678941 4.621104 -20.975996 -0.000001 0.000001 -21.226254 2.451698 -3.593995 0.000000 -0.000006 -0.000000 -1.362681 2.240797 -0.746323 -21.334892 0.584910 3.008319 -13.821196 -0.000001 0.000001 -23.887129 -0.249075 -0.839485 -61.126575 2.936934 -0.821104 -0.294025 1.679686 0.833255 -14.218195 0.093215 1.300579 -34.212002 -0.287561 0.967166 -20.033176 0.964536 1.212838 0.000000 -0.000000 0.000000 -3.440387 0.788233 0.501655 -15.928172 -3.167306 2.999703 -6.338817 -0.000000 0.000001 -18.123419 3.648181 -4.905662 -0.000004 0.000000 -0.000002 -4.573380 13.358414 7.748075 -1.088030 0.590196 -10.005960 0.321432 10.098577 0.038651 6.200425 -9.451819 -5.969279 2.243540 -5.255033 -3.180156 14.282877 -0.826594 6.952496 -0.000000 -12.690593 -0.000001 15.024454 -17.723942 3.226419 1.665665 -1.955920 -2.878297 4.727794 -4.170584 4.993919 11.020511 0.000001 -0.000000 12.109032 -3.735715 -2.866778 0.000000 -0.000000 0.000000 1.291985 -1.928548 -1.498088 14.800115 0.567467 3.865604 14.242553 -1.341738 -6.660648 19.631935 0.143921 -0.648243 49.375896 -0.270725 -6.153649 0.353029 -1.511150 -0.031940 20.222769 3.684305 2.316629 18.787249 0.000001 -0.000001 10.751608 -0.479870 1.397903 0.000000 -0.000000 0.000000 3.273804 0.305947 -0.580110 21.486790 11.830364 2.266131 8.162915 0.000000 -0.000000 18.399052 -3.798986 -4.940567 0.000003 0.000000 -0.000001 -2.390358 8.724615 -4.844857 0.205427 0.111564 15.715253 -5.092716 8.848632 -14.102532 1.626393 -2.364483 -1.139014 0.000000 -0.000000 0.000002 -5.788606 -11.983581 -17.069546 0.079509 0.014463 29.143175 4.063155 8.180419 -14.641802 -1.433175 0.810451 -2.275196 0.000000 -0.000000 -0.000001
0.000000 0.000000 0.000000 0.000000 -0.000000 0.000000 -0.875820 -2.310013 -3.902921 4.044042 -0.138375 3.416058 -4.399472 -0.388331 -3.905049 -1.513500 2.619263 -6.418608 -12.385143 -0.807264 9.032535 18.742395 -9.113498 11.024837 -5.693481 -18.193617 -2.276694 1.831586 -26.539394 4.219266 0.000077 -0.000022 0.000006 -0.064662 0.135521 -0.170493 0.793921 -3.568705 -10.773869 -0.929858 3.845328 -10.747917 -5.172911 -4.428967 11.322808 -59.502483 3.067230 27.145111 -3.156594 -58.906727 2.293038 -5.092937 2.056526 19.854826 -5.882102 9.861279 0.702590 -10.936861 -0.360574 7.156197 0.000000 8.774815 -0.000000 -15.847501 18.385607 6.591075 -1.844031 2.498503 -2.507276 -10.163590 4.678941 4.621104 -20.975996 -0.000001 0.000001 -21.226254 2.451698 -3.593995 0.000000 -0.000006 -0.000000 -1.362681 2.240797 -0.746323 -21.334892 0.584910 3.008319 -13.821196 -0.000001 0.000001 -23.887129 -0.249075 -0.839485 -61.237503 2.965194 -0.842260 -0.294025 1.679686 0.833255 -14.218195 0.093215 1.300579 -34.212002 -0.287561 0.967166 -20.033176 0.964536 1.212838 0.000000 -0.000000 0.000000 -3.440387 0.788233 0.501655 -15.928172 -3.167306 2.999703 -6.338817 -0.000000 0.000001 -18.123419 3.648181 -4.905662 -0.000004 0.000000 -0.000002 -4.616078 13.426375 7.791952 -1.037092 0.590917 -9.611373 0.343830 10.055245 0.092833 6.204180 -9.442023 -6.163364 2.243540 -5.255033 -3.180156 14.282877 -0.826594 6.952496 -0.000000 -12.690593 -0.000001 15.020103 -17.717047 3.237289 1.665665 -1.955920 -2.878297 4.727794 -4.170584 4.993919 11.020511 0.000001 -0.000000 12.109032 -3.735715 -2.866778 0.000000 -0.000000 0.000000 1.291985 -1.928548 -1.498088 14.800115 0.567467 3.865604 14.242553 -1.341738 -6.660648 19.631935 0.143921 -0.648243 49.402290 -0.275075 -6.179404 0.353029 -1.511150 -0.031940 20.222769 3.684305 2.316629 18.787249 0.000001 -0.000001 10.751608 -0.479870 1.397903 0.000000 -0.000000 0.000000 3.273804 0.305947 -0.580110 21.486790 11.830364 2.266131 8.162915 0.000000 -0.000000 18.399052 -3.798986 -4.940567 0.000003 0.000000 -0.000001 -2.390358 8.724615 -4.844857 0.205427 0.111564 15.715253 -5.092716 8.848632 -14.102532 1.626393 -2.364483 -1.139014 0.000000 -0.000000 0.000002 -5.788606 -11.983581 -17.069546 0.079509 0.014463 29.143175 4.063155 8.180419 -14.641802 -1.433175 0.810451 -2.275196 0.000000 -0.000000 -0.000001
0.000000 0.000000 0.000000 0.000000 -0.000000 0.000000 -0.875820 -2.302175 -3.902921 4.044042 -0.138375 3.416058 -4.379712 -0.395976 -3.883432 -1.496372 2.595343 -6.399747 -12.310738 -0.792335 9.014866 18.701603 -9.165301 11.130490 -5.620210 -18.093031 -2.261487 1.745476 -26.596140 4.187570 0.000077 -0.000022 0.000006 -0.061561 0.120499 -0.170977 0.791950 -3.586050 -10.773300 -0.921318 3.831976 -10.747535 -5.129752 -4.383974 11.306119 -59.497131 2.992347 27.361824 -2.911814 -59.065655 2.128417 -5.068038 2.002109 19.828897 -5.882102 9.861279 0.702590 -10.936861 -0.360574 7.156197 0.000000 8.774815 -0.000000 -15.874567 18.417263 6.626937 -1.844031 2.498503 -2.507276 -10.163590 4.678941 4.621104 -20.975996 -0.000001 0.000001 -21.226254 2.451698 -3.593995 0.000000 -0.000006 -0.000000 -1.362681 2.240797 -0.746323 -21.334892 0.584910 3.008319 -13.821196 -0.000001 0.000001 -23.887129 -0.249075 -0.839485 -61.371151 2.984613 -0.826851 -0.294025 1.679686 0.833255 -14.218195 0.093215 1.300579 -34.212002 -0.287561 0.967166 -20.033176 0.964536 1.212838 0.000000 -0.000000 0.000000 -3.440387 0.788233 0.501655 -15.928172 -3.167306 2.999703 -6.338817 -0.000000 0.000001 -18.123419 3.648181 -4.905662 -0.000004 0.000000 -0.000002 -4.681704 13.494744 7.818401 -0.934361 0.594738 -9.228425 0.334882 10.098915 0.129995 6.163874 -9.454355 -6.308663 2.243540 -5.255033 -3.180156 14.282877 -0.826594 6.952496 -0.000000 -12.690593 -0.000001 15.076419 -17.703737 3.232935 1.665665 -1.955920 -2.878297 4.727794 -4.170584 4.993919 11.020511 0.000001 -0.000000 12.109032 -3.735715 -2.866778 0.000000 -0.000000 0.000000 1.291985 -1.928548 -1.498088 14.800115 0.567467 3.865604 14.242553 -1.341738 -6.660648 19.631935 0.143921 -0.648243 49.459526 -0.296457 -6.216271 0.353029 -1.511150 -0.031940 20.222769 3.684305 2.316629 18.787249 0.000001 -0.000001 10.751608 -0.479870 1.397903 0.000000 -0.000000 0.000000 3.273804 0.305947 -0.580110 21.486790 11.830364 2.266131 8.162915 0.000000 -0.000000 18.399052 -3.798986 -4.940567 0.000003 0.000000 -0.000001 -2.390358 8.724615 -4.844857 0.205427 0.111564 15.715253 -5.092716 8.848632 -14.102532 1.626393 -2.364483 -1.139014 0.000000 -0.000000 0.000002 -5.788606 -11.983581 -17.069546 0.079509 0.014463 29.143175 4.063155 8.180419 -14.641802 -1.433175 0.810451 -2.275196 0.000000 -0.000000 -0.000001
0.000000 0.000000 0.000000 0.000000 -0.000000 0.000000 -0.875820 -2.282154 -3.902921 4.044042 -0.138375 3.416058 -4.383255 -0.398814 -3.839358 -1.493175 2.548838 -6.365148 -12.178968 -0.768405 8.998118 18.661139 -9.247499 11.214161 -5.593565 -17.972271 -2.260921 1.629853 -26.618708 4.128488 0.000077 -0.000022 0.000006 -0.056671 0.102529 -0.171976 0.788637 -3.602964 -10.758675 -0.907514 3.811279 -10.732943 -5.078126 -4.327792 11.325482 -59.487621 2.859833 27.591919 -2.679857 -59.331436 1.970358 -5.075311 1.986346 19.751829 -5.882102 9.861279 0.702590 -10.936861 -0.360574 7.156197 0.000000 8.774815 -0.000000 -15.969534 18.433531 6.652142 -1.844031 2.498503 -2.507276 -10.163590 4.678941 4.621104 -20.975996 -0.000001 0.000001 -21.226254 2.451698 -3.593995 0.000000 -0.000006 -0.000000 -1.362681 2.240797 -0.746323 -21.334892 0.584910 3.008319 -13.821196 -0.000001 0.000001 -23.887129 -0.249075 -0.839485 -61.545242 3.024466 -0.771352 -0.294025 1.679686 0.833255 -14.218195 0.093215 1.300579 -34.212002 -0.287561 0.967166 -20.033176 0.964536 1.212838 0.000000 -0.000000 0.000000 -3.440387 0.788233 0.501655 -15.928172 -3.167306 2.999703 -6.338817 -0.000000 0.000001 -18.123419 3.648181 -4.905662 -0.000004 0.000000 -0.000002 -4.756058 13.576617 7.853292 -0.850867 0.577331 -8.966901 0.349012 10.191042 0.141180 6.070142 -9.487227 -6.458692 2.243540 -5.255033 -3.180156 14.282877 -0.826594 6.952496 -0.000000 -12.690593 -0.000001 15.192646 -17.681707 3.196840 1.665665 -1.955920 -2.878297 4.727794 -4.170584 4.993919 11.020511 0.000001 -0.000000 12.109032 -3.735715 -2.866778 0.000000 -0.000000 0.000000 1.291985 -1.928548 -1.498088 14.800115 0.567467 3.865604 14.242553 -1.341738 -6.660648 19.631935 0.143921 -0.648243 49.524582 -0.321152 -6.246561 0.353029 -1.511150 -0.031940 20.222769 3.684305 2.316629 18.787249 0.000001 -0.000001 10.751608 -0.479870 1.397903 0.000000 -0.000000 0.000000 3.273804 0.305947 -0.580110 21.486790 11.830364 2.266131 8.162915 0.000000 -0.000000 18.399052 -3.798986 -4.940567 0.000003 0.000000 -0.000001 -2.390358 8.724615 -4.844857 0.205427 0.111564 15.715253 -5.092716 8.848632 -14.102532 1.626393 -2.364483 -1.139014 0.000000 -0.000000 0.000002 -5.788606 -11.983581 -17.069546 0.079509 0.014463 29.143175 4.063155 8.180419 -14.641802 -1.433175 0.810451 -2.275196 0.000000 -0.000000 -0.000001
0.000000 0.000000 0.000000 0.000000 -0.000000 0.000000 -0.875820 -2.273146 -3.902921 4.044042 -0.138375 3.416058 -4.432405 -0.399154 -3.777158 -1.531786 2.404273 -6.301342 -11.954038 -0.775838 8.986332 18.697523 -9.457943 11.237254 -5.657720 -17.701290 -2.326051 1.506812 -26.651335 4.002293 0.000077 -0.000022 0.000006 -0.050501 0.082182 -0.173238 0.784272 -3.614697 -10.709668 -0.889873 3.780154 -10.677217 -4.962681 -4.309097 11.475308 -59.420780 2.577850 27.785261 -2.640048 -59.896294 1.990220 -5.019050 2.035412 19.862240 -5.882102 9.861279 0.702590 -10.936861 -0.360574 7.156197 0.000000 8.774815 -0.000000 -16.109842 18.427141 6.659445 -1.844031 2.498503 -2.507276 -10.163590 4.678941 4.621104 -20.975996 -0.000001 0.000001 -21.226254 2.451698 -3.593995 0.000000 -0.000006 -0.000000 -1.362681 2.240797 -0.746323 -21.334892 0.584910 3.008319 -13.821196 -0.000001 0.000001 -23.887129 -0.249075 -0.839485 -61.710670 3.071375 -0.741750 -0.294025 1.679686 0.833255 -14.218195 0.093215 1.300579 -34.212002 -0.287561 0.967166 -20.033176 0.964536 1.212838 0.000000 -0.000000 0.000000 -3.440387 0.788233 0.501655 -15.928172 -3.167306 2.999703 -6.338817 -0.000000 0.000001 -18.123419 3.648181 -4.905662 -0.000004 0.000000 -0.000002 -4.783055 13.650519 7.903046 -0.888098 0.380270 -8.902464 0.560361 10.450123 0.165336 5.917240 -9.541273 -6.519552 2.243540 -5.255033 -3.180156 14.282877 -0.826594 6.952496 -0.000000 -12.690593 -0.000001 15.307716 -17.670795 3.154068 1.665665 -1.955920 -2.878297 4.727794 -4.170584 4.993919 11.020511 0.000001 -0.000000 12.109032 -3.735715 -2.866778 0.000000 -0.000000 0.000000 1.291985 -1.928548 -1.498088 14.800115 0.567467 3.865604 14.242553 -1.341738 -6.660648 19.631935 0.143921 -0.648243 49.534630 -0.345482 -6.234384 0.353029 -1.511150 -0.031940 20.222769 3.684305 2.316629 18.787249 0.000001 -0.000001 10.751608 -0.479870 1.397903 0.000000 -0.000000 0.000000 3.273804 0.305947 -0.580110 21.486790 11.830364 2.266131 8.162915 0.000000 -0.000000 18.399052 -3.798986 -4.940567 0.000003 0.000000 -0.000001 -2.390358 8.724615 -4.844857 0.205427 0.111564 15.715253 -5.092716 8.848632 -14.102532 1.626393 -2.364483 -1.139014 0.000000 -0.000000 0.000002 -5.788606 -11.983581 -17.069546 0.079509 0.014463 29.143175 4.063155 8.180419 -14.641802 -1.433175 0.810451 -2.275196 0.000000 -0.000000 -0.000001
