HIERARCHY
ROOT Root
{
  OFFSET 0.000000 0.000000 0.000000
  CHANNELS 6 Xposition Yposition Zposition Zrotation Yrotation Xrotation
  JOINT Hips
  {
    OFFSET 0.000000 100.000000 0.000000
    CHANNELS 6 Xposition Yposition Zposition Zrotation Yrotation Xrotation
    JOINT Spine1
    {
      OFFSET -0.013727 5.003763 -0.053727
      CHANNELS 3 Zrotation Yrotation Xrotation
      JOINT Spine2
      {
        OFFSET -0.000000 7.125301 -0.029825
        CHANNELS 3 Zrotation Yrotation Xrotation
        JOINT Chest
        {
          OFFSET -0.000001 7.550063 -0.815971
          CHANNELS 3 Zrotation Yrotation Xrotation
          JOINT Neck1
          {
            OFFSET -0.181677 26.311295 -0.553348
            CHANNELS 3 Zrotation Yrotation Xrotation
            JOINT Neck2
            {
              OFFSET -0.000003 7.709397 2.302585
              CHANNELS 3 Zrotation Yrotation Xrotation
              JOINT Head
              {
                OFFSET -0.000005 6.128916 1.953709
                CHANNELS 3 Zrotation Yrotation Xrotation
                JOINT HeadEnd
                {
                  OFFSET 0.003598 16.065403 -1.835379
                  CHANNELS 3 Zrotation Yrotation Xrotation
                }
                JOINT Jaw
                {
                  OFFSET 0.002637 0.475592 3.094941
                  CHANNELS 3 Zrotation Yrotation Xrotation
                }
                JOINT LeftEye
                {
                  OFFSET 3.206381 5.380205 7.586883
                  CHANNELS 3 Zrotation Yrotation Xrotation
                }
                JOINT RightEye
                {
                  OFFSET -3.222440 5.361869 7.558234
                  CHANNELS 3 Zrotation Yrotation Xrotation
                }
              }
            }
          }
          JOINT LeftShoulder
          {
            OFFSET 1.621652 23.237164 5.113413
            CHANNELS 3 Zrotation Yrotation Xrotation
            JOINT LeftArm
            {
              OFFSET 14.919846 0.000002 -5.502326
              CHANNELS 3 Zrotation Yrotation Xrotation
              JOINT LeftForeArm
              {
                OFFSET 28.739307 0.000000 -0.002588
                CHANNELS 3 Zrotation Yrotation Xrotation
                JOINT LeftHand
                {
                  OFFSET 27.093981 -0.000001 0.002609
                  CHANNELS 3 Zrotation Yrotation Xrotation
                  JOINT LeftHandThumb1
                  {
                    OFFSET 2.276482 -1.392045 3.191413
                    CHANNELS 3 Zrotation Yrotation Xrotation
                    JOINT LeftHandThumb2
                    {
                      OFFSET 4.012836 -1.828127 1.641654
                      CHANNELS 3 Zrotation Yrotation Xrotation
                      JOINT LeftHandThumb3
                      {
                        OFFSET 2.798515 0.000000 -0.000003
                        CHANNELS 3 Zrotation Yrotation Xrotation
                        JOINT LeftHandThumbEnd
                        {
                          OFFSET 3.180793 -0.000004 0.000004
                          CHANNELS 3 Zrotation Yrotation Xrotation
                        }
                      }
                    }
                  }
                  JOINT LeftHandIndex1
                  {
                    OFFSET 3.247555 -0.531998 2.296169
                    CHANNELS 3 Zrotation Yrotation Xrotation
                    JOINT LeftHandIndex2
                    {
                      OFFSET 6.364578 0.012060 0.178600
                      CHANNELS 3 Zrotation Yrotation Xrotation
                      JOINT LeftHandIndex3
                      {
                        OFFSET 3.662364 0.000000 0.000000
                        CHANNELS 3 Zrotation Yrotation Xrotation
                        JOINT LeftHandIndex4
                        {
                          OFFSET 2.329242 0.000004 0.000004
                          CHANNELS 3 Zrotation Yrotation Xrotation
                          JOINT LeftHandIndexEnd
                          {
                            OFFSET 2.759615 -0.180537 -0.113024
                            CHANNELS 3 Zrotation Yrotation Xrotation
                          }
                        }
                      }
                    }
                  }
                  JOINT LeftHandMiddle1
                  {
                    OFFSET 3.163495 0.240981 1.000332
                    CHANNELS 3 Zrotation Yrotation Xrotation
                    JOINT LeftHandMiddle2
                    {
                      OFFSET 6.190780 -0.259278 -1.002548
                      CHANNELS 3 Zrotation Yrotation Xrotation
                      JOINT LeftHandMiddle3
                      {
                        OFFSET 4.356520 -0.000004 -0.000001
                        CHANNELS 3 Zrotation Yrotation Xrotation
                        JOINT LeftHandMiddle4
                        {
                          OFFSET 2.996877 -0.000008 0.000000
                          CHANNELS 3 Zrotation Yrotation Xrotation
                          JOINT LeftHandMiddleEnd
                          {
                            OFFSET 2.304287 -0.294569 -0.031741
                            CHANNELS 3 Zrotation Yrotation Xrotation
                          }
                        }
                      }
                    }
                  }
                  JOINT LeftHandRing1
                  {
                    OFFSET 2.882643 -0.053652 -0.322543
                    CHANNELS 3 Zrotation Yrotation Xrotation
                    JOINT LeftHandRing2
                    {
                      OFFSET 5.854541 -0.486202 -1.373841
                      CHANNELS 3 Zrotation Yrotation Xrotation
                      JOINT LeftHandRing3
                      {
                        OFFSET 4.350578 0.000000 0.000003
                        CHANNELS 3 Zrotation Yrotation Xrotation
                        JOINT LeftHandRing4
                        {
                          OFFSET 2.651321 0.000007 0.000002
                          CHANNELS 3 Zrotation Yrotation Xrotation
                          JOINT LeftHandRingEnd
                          {
                            OFFSET 1.936105 0.077687 -0.000071
                            CHANNELS 3 Zrotation Yrotation Xrotation
                          }
                        }
                      }
                    }
                  }
                  JOINT LeftHandPinky1
                  {
                    OFFSET 2.865500 -0.310005 -1.600378
                    CHANNELS 3 Zrotation Yrotation Xrotation
                    JOINT LeftHandPinky2
                    {
                      OFFSET 5.087849 -1.331141 -1.771230
                      CHANNELS 3 Zrotation Yrotation Xrotation
                      JOINT LeftHandPinky3
                      {
                        OFFSET 3.070974 0.000004 0.000000
                        CHANNELS 3 Zrotation Yrotation Xrotation
                        JOINT LeftHandPinky4
                        {
                          OFFSET 1.549672 0.000000 0.000001
                          CHANNELS 3 Zrotation Yrotation Xrotation
                          JOINT LeftHandPinkyEnd
                          {
                            OFFSET 1.944893 -0.157802 0.057219
                            CHANNELS 3 Zrotation Yrotation Xrotation
                          }
                        }
                      }
                    }
                  }
                }
              }
            }
          }
          JOINT RightShoulder
          {
            OFFSET -1.380118 23.180309 5.214158
            CHANNELS 3 Zrotation Yrotation Xrotation
            JOINT RightArm
            {
              OFFSET -15.037196 0.000012 -5.545604
              CHANNELS 3 Zrotation Yrotation Xrotation
              JOINT RightForeArm
              {
                OFFSET -28.736639 0.000002 -0.002597
                CHANNELS 3 Zrotation Yrotation Xrotation
                JOINT RightHand
                {
                  OFFSET -27.133619 -0.000000 0.002613
                  CHANNELS 3 Zrotation Yrotation Xrotation
                  JOINT RightHandThumb1
                  {
                    OFFSET -2.274032 -1.383988 3.163127
                    CHANNELS 3 Zrotation Yrotation Xrotation
                    JOINT RightHandThumb2
                    {
                      OFFSET -4.011429 -1.827466 1.640914
                      CHANNELS 3 Zrotation Yrotation Xrotation
                      JOINT RightHandThumb3
                      {
                        OFFSET -2.794935 -0.000004 -0.000003
                        CHANNELS 3 Zrotation Yrotation Xrotation
                        JOINT RightHandThumbEnd
                        {
                          OFFSET -3.183852 0.000004 0.000001
                          CHANNELS 3 Zrotation Yrotation Xrotation
                        }
                      }
                    }
                  }
                  JOINT RightHandIndex1
                  {
                    OFFSET -3.253266 -0.520057 2.282866
                    CHANNELS 3 Zrotation Yrotation Xrotation
                    JOINT RightHandIndex2
                    {
                      OFFSET -6.341917 0.012471 0.178266
                      CHANNELS 3 Zrotation Yrotation Xrotation
                      JOINT RightHandIndex3
                      {
                        OFFSET -3.654871 -0.000008 -0.000000
                        CHANNELS 3 Zrotation Yrotation Xrotation
                        JOINT RightHandIndex4
                        {
                          OFFSET -2.327586 0.000000 0.000001
                          CHANNELS 3 Zrotation Yrotation Xrotation
                          JOINT RightHandIndexEnd
                          {
                            OFFSET -2.761790 -0.180656 -0.113078
                            CHANNELS 3 Zrotation Yrotation Xrotation
                          }
                        }
                      }
                    }
                  }
                  JOINT RightHandMiddle1
                  {
                    OFFSET -3.168106 0.246593 1.001030
                    CHANNELS 3 Zrotation Yrotation Xrotation
                    JOINT RightHandMiddle2
                    {
                      OFFSET -6.180828 -0.258836 -1.000895
                      CHANNELS 3 Zrotation Yrotation Xrotation
                      JOINT RightHandMiddle3
                      {
                        OFFSET -4.348901 0.000000 -0.000000
                        CHANNELS 3 Zrotation Yrotation Xrotation
                        JOINT RightHandMiddle4
                        {
                          OFFSET -3.000240 -0.000004 -0.000002
                          CHANNELS 3 Zrotation Yrotation Xrotation
                          JOINT RightHandMiddleEnd
                          {
                            OFFSET -2.302520 -0.294370 -0.031706
                            CHANNELS 3 Zrotation Yrotation Xrotation
                          }
                        }
                      }
                    }
                  }
                  JOINT RightHandRing1
                  {
                    OFFSET -2.885690 -0.067952 -0.308858
                    CHANNELS 3 Zrotation Yrotation Xrotation
                    JOINT RightHandRing2
                    {
                      OFFSET -5.854198 -0.486130 -1.373731
                      CHANNELS 3 Zrotation Yrotation Xrotation
                      JOINT RightHandRing3
                      {
                        OFFSET -4.338810 -0.000004 -0.000000
                        CHANNELS 3 Zrotation Yrotation Xrotation
                        JOINT RightHandRing4
                        {
                          OFFSET -2.654903 -0.000004 0.000004
                          CHANNELS 3 Zrotation Yrotation Xrotation
                          JOINT RightHandRingEnd
                          {
                            OFFSET -1.933568 0.077527 -0.000052
                            CHANNELS 3 Zrotation Yrotation Xrotation
                          }
                        }
                      }
                    }
                  }
                  JOINT RightHandPinky1
                  {
                    OFFSET -2.866425 -0.342796 -1.584145
                    CHANNELS 3 Zrotation Yrotation Xrotation
                    JOINT RightHandPinky2
                    {
                      OFFSET -5.091371 -1.332055 -1.772385
                      CHANNELS 3 Zrotation Yrotation Xrotation
                      JOINT RightHandPinky3
                      {
                        OFFSET -3.062664 -0.000004 0.000001
                        CHANNELS 3 Zrotation Yrotation Xrotation
                        JOINT RightHandPinky4
                        {
                          OFFSET -1.546529 0.000004 -0.000002
                          CHANNELS 3 Zrotation Yrotation Xrotation
                          JOINT RightHandPinkyEnd
                          {
                            OFFSET -1.945119 -0.157718 0.057211
                            CHANNELS 3 Zrotation Yrotation Xrotation
                          }
                        }
                      }
                    }
                  }
                }
              }
            }
          }
        }
      }
    }
    JOINT LeftLeg
    {
      OFFSET 10.043214 -8.434526 2.595655
      CHANNELS 3 Zrotation Yrotation Xrotation
      JOINT LeftShin
      {
        OFFSET -0.000001 -43.221752 -0.802913
        CHANNELS 3 Zrotation Yrotation Xrotation
        JOINT LeftFoot
        {
          OFFSET 0.000001 -42.155094 -3.481523
          CHANNELS 3 Zrotation Yrotation Xrotation
          JOINT LeftToeBase
          {
            OFFSET 0.000000 -5.059472 13.231529
            CHANNELS 3 Zrotation Yrotation Xrotation
            JOINT LeftToeEnd
            {
              OFFSET -0.009607 -1.647619 6.513017
              CHANNELS 3 Zrotation Yrotation Xrotation
            }
          }
        }
      }
    }
    JOINT RightLeg
    {
      OFFSET -10.047278 -8.295260 2.620317
      CHANNELS 3 Zrotation Yrotation Xrotation
      JOINT RightShin
      {
        OFFSET 0.000001 -43.362206 -0.805556
        CHANNELS 3 Zrotation Yrotation Xrotation
        JOINT RightFoot
        {
          OFFSET 0.000002 -42.117393 -3.478398
          CHANNELS 3 Zrotation Yrotation Xrotation
          JOINT RightToeBase
          {
            OFFSET -0.000000 -5.079609 13.284196
            CHANNELS 3 Zrotation Yrotation Xrotation
            JOINT RightToeEnd
            {
              OFFSET 0.009532 -1.634378 6.460591
              CHANNELS 3 Zrotation Yrotation Xrotation
            }
          }
        }
      }
    }
  }
}
MOTION
Frames: 90
Frame Time: 0.03333333
0.000000 0.000000 0.000000 0.000000 -0.000000 0.000000 -0.694583 1.300203 -2.840878 -1.295923 0.158284 -6.460500 0.582382 1.419565 -0.277308 -0.280543 2.667907 -5.380936 0.031262 1.376039 11.270614 -3.597433 5.232379 24.591295 -3.176384 -5.931441 -3.291660 -9.109670 -3.654025 -5.091895 0.000077 -0.000022 0.000006 0.198083 -0.324584 0.019971 0.869995 -4.089687 -10.248255 -0.484497 3.425559 -10.335392 -2.201529 -0.209155 8.264242 -64.437553 -1.890931 -17.591467 -59.566654 -88.499237 59.701756 -25.861717 -22.400801 -68.029335 -5.882102 9.861279 0.702590 -10.936861 -0.360574 7.156197 0.000000 8.774815 -0.000000 -17.380503 18.389706 5.867644 -1.844031 2.498503 -2.507276 -10.163590 4.678941 4.621104 -20.975996 -0.000001 0.000001 -21.226254 2.451698 -3.593995 0.000000 -0.000006 -0.000000 -1.362681 2.240797 -0.746323 -21.334892 0.584910 3.008319 -13.821196 -0.000001 0.000001 -23.887129 -0.249075 -0.839485 -60.882519 2.782726 -1.213107 -0.294025 1.679686 0.833255 -14.218195 0.093215 1.300579 -34.212002 -0.287561 0.967166 -20.033176 0.964536 1.212838 0.000000 -0.000000 0.000000 -3.440387 0.788233 0.501655 -15.928172 -3.167306 2.999703 -6.338817 -0.000000 0.000001 -18.123419 3.648181 -4.905662 -0.000004 0.000000 -0.000002 0.444133 9.664618 2.678590 30.406189 58.476173 -2.748392 -177.743210 47.952038 -177.058197 -22.052389 20.099438 9.449323 2.243540 -5.255033 -3.180156 14.282877 -0.826594 6.952496 -0.000000 -12.690593 -0.000001 14.824346 -17.603542 4.562860 1.665665 -1.955920 -2.878297 4.727794 -4.170584 4.993919 11.020511 0.000001 -0.000000 12.109032 -3.735715 -2.866778 0.000000 -0.000000 0.000000 1.291985 -1.928548 -1.498088 14.800115 0.567467 3.865604 14.242553 -1.341738 -6.660648 19.631935 0.143921 -0.648243 48.633675 -1.404865 -5.720992 0.353029 -1.511150 -0.031940 20.222769 3.684305 2.316629 18.787249 0.000001 -0.000001 10.751608 -0.479870 1.397903 0.000000 -0.000000 0.000000 3.273804 0.305947 -0.580110 21.486790 11.830364 2.266131 8.162915 0.000000 -0.000000 18.399052 -3.798986 -4.940567 0.000003 0.000000 -0.000001 11.747150 6.793113 9.689788 0.001598 -0.663446 23.729860 -13.478168 2.109457 2.015690 1.867364 -2.274660 -12.848432 0.000000 -0.000000 0.000002 2.163299 -4.187301 -6.448720 -0.017598 -0.376798 11.446112 5.133771 -5.300646 0.952221 -1.391944 0.924912 -1.624951 0.000000 -0.000000 -0.000001
0.000000 0.000000 0.000000 0.000000 -0.000000 0.000000 -0.694583 1.733749 -2.840878 -1.295923 0.158284 -6.460500 -0.110734 1.013725 -0.562492 -0.490467 2.674868 -5.361652 -0.614750 1.460510 11.225226 -3.436819 5.203828 22.875458 -1.968235 -2.291048 -3.438754 -8.586717 -1.278996 -6.077306 0.000077 -0.000022 0.000006 0.095679 0.003212 0.034870 0.728292 -3.804692 -10.276536 -0.547265 3.801037 -10.343904 -2.157851 -0.860917 8.773746 -64.321587 -2.361557 -15.749143 -13.893418 -87.140221 13.661280 -24.549891 -21.502590 -55.151196 -5.882102 9.861279 0.702590 -10.936861 -0.360574 7.156197 0.000000 8.774815 -0.000000 -16.359446 18.898661 6.491505 -1.844031 2.498503 -2.507276 -10.163590 4.678941 4.621104 -20.975996 -0.000001 0.000001 -21.226254 2.451698 -3.593995 0.000000 -0.000006 -0.000000 -1.362681 2.240797 -0.746323 -21.334892 0.584910 3.008319 -13.821196 -0.000001 0.000001 -23.887129 -0.249075 -0.839485 -60.446281 2.933404 -1.414087 -0.294025 1.679686 0.833255 -14.218195 0.093215 1.300579 -34.212002 -0.287561 0.967166 -20.033176 0.964536 1.212838 0.000000 -0.000000 0.000000 -3.440387 0.788233 0.501655 -15.928172 -3.167306 2.999703 -6.338817 -0.000000 0.000001 -18.123419 3.648181 -4.905662 -0.000004 0.000000 -0.000002 -1.621174 8.582829 2.492948 35.716362 46.351250 -0.860453 -177.802902 47.782284 -177.319550 -20.220591 24.718597 9.850855 2.243540 -5.255033 -3.180156 14.282877 -0.826594 6.952496 -0.000000 -12.690593 -0.000001 14.439513 -18.178230 3.943723 1.665665 -1.955920 -2.878297 4.727794 -4.170584 4.993919 11.020511 0.000001 -0.000000 12.109032 -3.735715 -2.866778 0.000000 -0.000000 0.000000 1.291985 -1.928548 -1.498088 14.800115 0.567467 3.865604 14.242553 -1.341738 -6.660648 19.631935 0.143921 -0.648243 48.071678 -1.538821 -6.024147 0.353029 -1.511150 -0.031940 20.222769 3.684305 2.316629 18.787249 0.000001 -0.000001 10.751608 -0.479870 1.397903 0.000000 -0.000000 0.000000 3.273804 0.305947 -0.580110 21.486790 11.830364 2.266131 8.162915 0.000000 -0.000000 18.399052 -3.798986 -4.940567 0.000003 0.000000 -0.000001 11.747150 6.793113 9.689788 0.001598 -0.663446 23.729860 -13.478168 2.109457 2.015690 1.867364 -2.274660 -12.848432 0.000000 -0.000000 0.000002 2.163299 -4.187301 -6.448720 -0.017598 -0.376798 11.446112 5.133771 -5.300646 0.952221 -1.391944 0.924912 -1.624951 0.000000 -0.000000 -0.000001
0.000000 0.000000 0.000000 0.000000 -0.000000 0.000000 -0.694583 2.048173 -2.840878 -1.295923 0.158284 -6.460500 -0.420821 0.359065 -1.164347 -0.790740 1.494423 -5.318799 -0.809094 0.392613 11.522331 -2.752208 4.220791 21.218288 -0.253078 2.098472 -3.658345 -7.790444 3.045103 -6.665013 0.000077 -0.000022 0.000006 0.024332 0.194035 0.028230 0.672332 -3.600169 -10.367920 -0.633029 3.989777 -10.378120 -1.097128 -3.023647 9.136517 -64.640587 -3.878341 -14.966867 -2.578215 -83.571846 2.413316 -24.395344 -19.299696 -40.143951 -5.882102 9.861279 0.702590 -10.936861 -0.360574 7.156197 0.000000 8.774815 -0.000000 -15.958602 19.444069 6.420982 -1.844031 2.498503 -2.507276 -10.163590 4.678941 4.621104 -20.975996 -0.000001 0.000001 -21.226254 2.451698 -3.593995 0.000000 -0.000006 -0.000000 -1.362681 2.240797 -0.746323 -21.334892 0.584910 3.008319 -13.821196 -0.000001 0.000001 -23.887129 -0.249075 -0.839485 -60.713421 3.051351 -1.664319 -0.294025 1.679686 0.833255 -14.218195 0.093215 1.300579 -34.212002 -0.287561 0.967166 -20.033176 0.964536 1.212838 0.000000 -0.000000 0.000000 -3.440387 0.788233 0.501655 -15.928172 -3.167306 2.999703 -6.338817 -0.000000 0.000001 -18.123419 3.648181 -4.905662 -0.000004 0.000000 -0.000002 -2.246492 6.756145 2.649373 36.969585 32.478245 -2.478461 -177.970062 47.310223 -177.622803 -19.282213 26.791090 10.832788 2.243540 -5.255033 -3.180156 14.282877 -0.826594 6.952496 -0.000000 -12.690593 -0.000001 14.738914 -18.330755 3.178330 1.665665 -1.955920 -2.878297 4.727794 -4.170584 4.993919 11.020511 0.000001 -0.000000 12.109032 -3.735715 -2.866778 0.000000 -0.000000 0.000000 1.291985 -1.928548 -1.498088 14.800115 0.567467 3.865604 14.242553 -1.341738 -6.660648 19.631935 0.143921 -0.648243 48.264462 -1.484537 -6.290164 0.353029 -1.511150 -0.031940 20.222769 3.684305 2.316629 18.787249 0.000001 -0.000001 10.751608 -0.479870 1.397903 0.000000 -0.000000 0.000000 3.273804 0.305947 -0.580110 21.486790 11.830364 2.266131 8.162915 0.000000 -0.000000 18.399052 -3.798986 -4.940567 0.000003 0.000000 -0.000001 11.747150 6.793113 9.689788 0.001598 -0.663446 23.729860 -13.478168 2.109457 2.015690 1.867364 -2.274660 -12.848432 0.000000 -0.000000 0.000002 2.163299 -4.187301 -6.448720 -0.017598 -0.376798 11.446112 5.133771 -5.300646 0.952221 -1.391944 0.924912 -1.624951 0.000000 -0.000000 -0.000001
0.000000 0.000000 0.000000 0.000000 -0.000000 0.000000 -0.694583 2.075237 -2.840878 -1.295923 0.158284 -6.460500 -0.418289 -0.116794 -1.699408 -0.940250 -0.052821 -5.432453 -0.782937 -1.328236 12.639323 -0.818635 2.553807 20.717785 0.465143 4.922628 -3.689468 -6.996927 5.618103 -7.732261 0.000077 -0.000022 0.000006 -0.015741 0.192444 0.000490 0.690774 -3.563193 -10.476186 -0.728810 3.961269 -10.473968 1.008877 -5.677677 9.485367 -65.774315 -6.254227 -14.364719 -4.602326 -78.760643 4.256592 -23.482548 -15.552385 -28.378336 -5.882102 9.861279 0.702590 -10.936861 -0.360574 7.156197 0.000000 8.774815 -0.000000 -16.023413 19.191477 6.339002 -1.844031 2.498503 -2.507276 -10.163590 4.678941 4.621104 -20.975996 -0.000001 0.000001 -21.226254 2.451698 -3.593995 0.000000 -0.000006 -0.000000 -1.362681 2.240797 -0.746323 -21.334892 0.584910 3.008319 -13.821196 -0.000001 0.000001 -23.887129 -0.249075 -0.839485 -61.245022 2.995252 -1.661935 -0.294025 1.679686 0.833255 -14.218195 0.093215 1.300579 -34.212002 -0.287561 0.967166 -20.033176 0.964536 1.212838 0.000000 -0.000000 0.000000 -3.440387 0.788233 0.501655 -15.928172 -3.167306 2.999703 -6.338817 -0.000000 0.000001 -18.123419 3.648181 -4.905662 -0.000004 0.000000 -0.000002 -1.817891 4.262476 3.701137 34.217541 21.423605 -4.839863 -177.963058 45.793270 -177.616653 -20.372288 26.947798 10.163674 2.243540 -5.255033 -3.180156 14.282877 -0.826594 6.952496 -0.000000 -12.690593 -0.000001 15.542226 -18.197540 2.328313 1.665665 -1.955920 -2.878297 4.727794 -4.170584 4.993919 11.020511 0.000001 -0.000000 12.109032 -3.735715 -2.866778 0.000000 -0.000000 0.000000 1.291985 -1.928548 -1.498088 14.800115 0.567467 3.865604 14.242553 -1.341738 -6.660648 19.631935 0.143921 -0.648243 48.460831 -1.275227 -6.607835 0.353029 -1.511150 -0.031940 20.222769 3.684305 2.316629 18.787249 0.000001 -0.000001 10.751608 -0.479870 1.397903 0.000000 -0.000000 0.000000 3.273804 0.305947 -0.580110 21.486790 11.830364 2.266131 8.162915 0.000000 -0.000000 18.399052 -3.798986 -4.940567 0.000003 0.000000 -0.000001 11.747150 6.793113 9.689788 0.001598 -0.663446 23.729860 -13.478168 2.109457 2.015690 1.867364 -2.274660 -12.848432 0.000000 -0.000000 0.000002 2.163299 -4.187301 -6.448720 -0.017598 -0.376798 11.446112 5.133771 -5.300646 0.952221 -1.391944 0.924912 -1.624951 0.000000 -0.000000 -0.000001
0.000000 0.000000 0.000000 0.000000 -0.000000 0.000000 -0.694583 1.546056 -2.840878 -1.295923 0.158284 -6.460500 -0.367302 -0.505987 -2.268472 -0.865474 -0.922728 -5.783893 -0.851787 -3.196357 14.224165 2.173860 0.748854 21.933723 0.712192 5.312543 -3.850936 -6.786623 6.734387 -8.720387 0.000077 -0.000022 0.000006 -0.019062 0.108830 0.024079 0.700255 -3.639706 -10.609946 -0.743136 3.871136 -10.593143 3.768032 -7.697418 9.468946 -67.962547 -8.761308 -13.167454 -7.696941 -72.639374 6.765274 -20.201176 -10.372852 -17.353077 -5.882102 9.861279 0.702590 -10.936861 -0.360574 7.156197 0.000000 8.774815 -0.000000 -16.404280 18.622967 6.067607 -1.844031 2.498503 -2.507276 -10.163590 4.678941 4.621104 -20.975996 -0.000001 0.000001 -21.226254 2.451698 -3.593995 0.000000 -0.000006 -0.000000 -1.362681 2.240797 -0.746323 -21.334892 0.584910 3.008319 -13.821196 -0.000001 0.000001 -23.887129 -0.249075 -0.839485 -61.890823 3.032621 -1.704177 -0.294025 1.679686 0.833255 -14.218195 0.093215 1.300579 -34.212002 -0.287561 0.967166 -20.033176 0.964536 1.212838 0.000000 -0.000000 0.000000 -3.440387 0.788233 0.501655 -15.928172 -3.167306 2.999703 -6.338817 -0.000000 0.000001 -18.123419 3.648181 -4.905662 -0.000004 0.000000 -0.000002 -1.327670 1.936795 5.358996 30.425488 13.506777 -6.215508 -177.998840 43.892372 -177.550995 -22.164160 26.120840 9.912903 2.243540 -5.255033 -3.180156 14.282877 -0.826594 6.952496 -0.000000 -12.690593 -0.000001 16.078571 -18.388039 1.845075 1.665665 -1.955920 -2.878297 4.727794 -4.170584 4.993919 11.020511 0.000001 -0.000000 12.109032 -3.735715 -2.866778 0.000000 -0.000000 0.000000 1.291985 -1.928548 -1.498088 14.800115 0.567467 3.865604 14.242553 -1.341738 -6.660648 19.631935 0.143921 -0.648243 48.607086 -1.212229 -6.936468 0.353029 -1.511150 -0.031940 20.222769 3.684305 2.316629 18.787249 0.000001 -0.000001 10.751608 -0.479870 1.397903 0.000000 -0.000000 0.000000 3.273804 0.305947 -0.580110 21.486790 11.830364 2.266131 8.162915 0.000000 -0.000000 18.399052 -3.798986 -4.940567 0.000003 0.000000 -0.000001 11.747150 6.793113 9.689788 0.001598 -0.663446 23.729860 -13.478168 2.109457 2.015690 1.867364 -2.274660 -12.848432 0.000000 -0.000000 0.000002 2.163299 -4.187301 -6.448720 -0.017598 -0.376798 11.446112 5.133771 -5.300646 0.952221 -1.391944 0.924912 -1.624951 0.000000 -0.000000 -0.000001
0.000000 0.000000 0.000000 0.000000 -0.000000 0.000000 -0.694583 1.091212 -2.840878 -1.295923 0.158284 -6.460500 -0.211256 -0.757005 -2.881199 -0.840873 -1.764746 -6.045794 -0.423240 -4.416707 15.329139 5.345402 -1.729079 24.570299 0.234011 4.853197 -3.986572 -6.558825 5.849043 -8.145314 0.000077 -0.000022 0.000006 -0.009810 0.043205 0.049065 0.693781 -3.684694 -10.630488 -0.717197 3.783001 -10.587785 6.362744 -8.662402 9.498729 -71.448250 -10.691894 -10.066022 -7.264538 -65.483139 5.977915 -14.620214 -5.945412 -5.254368 -5.882102 9.861279 0.702590 -10.936861 -0.360574 7.156197 0.000000 8.774815 -0.000000 -16.134132 18.542450 6.258420 -1.844031 2.498503 -2.507276 -10.163590 4.678941 4.621104 -20.975996 -0.000001 0.000001 -21.226254 2.451698 -3.593995 0.000000 -0.000006 -0.000000 -1.362681 2.240797 -0.746323 -21.334892 0.584910 3.008319 -13.821196 -0.000001 0.000001 -23.887129 -0.249075 -0.839485 -61.662647 2.967994 -1.502506 -0.294025 1.679686 0.833255 -14.218195 0.093215 1.300579 -34.212002 -0.287561 0.967166 -20.033176 0.964536 1.212838 0.000000 -0.000000 0.000000 -3.440387 0.788233 0.501655 -15.928172 -3.167306 2.999703 -6.338817 -0.000000 0.000001 -18.123419 3.648181 -4.905662 -0.000004 0.000000 -0.000002 -0.316705 -0.623329 6.511740 25.389715 9.728540 -6.678097 -179.134644 42.672207 -178.178604 -23.575638 23.515915 9.247877 2.243540 -5.255033 -3.180156 14.282877 -0.826594 6.952496 -0.000000 -12.690593 -0.000001 16.316393 -18.402060 1.540509 1.665665 -1.955920 -2.878297 4.727794 -4.170584 4.993919 11.020511 0.000001 -0.000000 12.109032 -3.735715 -2.866778 0.000000 -0.000000 0.000000 1.291985 -1.928548 -1.498088 14.800115 0.567467 3.865604 14.242553 -1.341738 -6.660648 19.631935 0.143921 -0.648243 48.420521 -1.159313 -7.019132 0.353029 -1.511150 -0.031940 20.222769 3.684305 2.316629 18.787249 0.000001 -0.000001 10.751608 -0.479870 1.397903 0.000000 -0.000000 0.000000 3.273804 0.305947 -0.580110 21.486790 11.830364 2.266131 8.162915 0.000000 -0.000000 18.399052 -3.798986 -4.940567 0.000003 0.000000 -0.000001 11.747150 6.793113 9.689788 0.001598 -0.663446 23.729860 -13.478168 2.109457 2.015690 1.867364 -2.274660 -12.848432 0.000000 -0.000000 0.000002 2.163299 -4.187301 -6.448720 -0.017598 -0.376798 11.446112 5.133771 -5.300646 0.952221 -1.391944 0.924912 -1.624951 0.000000 -0.000000 -0.000001
0.000000 0.000000 0.000000 0.000000 -0.000000 0.000000 -0.694583 0.693229 -2.840878 -1.295923 0.158284 -6.460500 -0.317538 -0.894834 -3.905830 -0.848087 -2.568688 -6.408107 0.106789 -5.165947 16.210850 8.267973 -5.227310 27.689365 -0.221474 4.132404 -4.155764 -6.505866 4.609131 -6.507268 0.000077 -0.000022 0.000006 0.033699 -0.085250 0.049480 0.706397 -3.808859 -10.685151 -0.642545 3.648773 -10.624372 8.558141 -9.058903 9.761993 -74.860710 -10.655205 -5.541391 -6.143855 -58.269054 4.604087 -9.674006 -3.513560 5.033532 -5.882102 9.861279 0.702590 -10.936861 -0.360574 7.156197 0.000000 8.774815 -0.000000 -16.004749 18.786472 6.418308 -1.844031 2.498503 -2.507276 -10.163590 4.678941 4.621104 -20.975996 -0.000001 0.000001 -21.226254 2.451698 -3.593995 0.000000 -0.000006 -0.000000 -1.362681 2.240797 -0.746323 -21.334892 0.584910 3.008319 -13.821196 -0.000001 0.000001 -23.887129 -0.249075 -0.839485 -61.321377 2.980907 -1.343681 -0.294025 1.679686 0.833255 -14.218195 0.093215 1.300579 -34.212002 -0.287561 0.967166 -20.033176 0.964536 1.212838 0.000000 -0.000000 0.000000 -3.440387 0.788233 0.501655 -15.928172 -3.167306 2.999703 -6.338817 -0.000000 0.000001 -18.123419 3.648181 -4.905662 -0.000004 0.000000 -0.000002 1.606254 -3.117673 7.417245 19.678370 9.853899 -6.629870 179.612976 42.580299 -178.513397 -24.306410 20.120373 8.735662 2.243540 -5.255033 -3.180156 14.282877 -0.826594 6.952496 -0.000000 -12.690593 -0.000001 16.267649 -18.172979 1.505136 1.665665 -1.955920 -2.878297 4.727794 -4.170584 4.993919 11.020511 0.000001 -0.000000 12.109032 -3.735715 -2.866778 0.000000 -0.000000 0.000000 1.291985 -1.928548 -1.498088 14.800115 0.567467 3.865604 14.242553 -1.341738 -6.660648 19.631935 0.143921 -0.648243 47.925812 -1.145696 -6.875333 0.353029 -1.511150 -0.031940 20.222769 3.684305 2.316629 18.787249 0.000001 -0.000001 10.751608 -0.479870 1.397903 0.000000 -0.000000 0.000000 3.273804 0.305947 -0.580110 21.486790 11.830364 2.266131 8.162915 0.000000 -0.000000 18.399052 -3.798986 -4.940567 0.000003 0.000000 -0.000001 11.747150 6.793113 9.689788 0.001598 -0.663446 23.729860 -13.478168 2.109457 2.015690 1.867364 -2.274660 -12.848432 0.000000 -0.000000 0.000002 2.163299 -4.187301 -6.448720 -0.017598 -0.376798 11.446112 5.133771 -5.300646 0.952221 -1.391944 0.924912 -1.624951 0.000000 -0.000000 -0.000001
0.000000 0.000000 0.000000 0.000000 -0.000000 0.000000 -0.694583 0.535202 -2.840878 -1.295923 0.158284 -6.460500 -1.109768 -1.055656 -5.112053 -1.034200 -3.071560 -6.813578 0.398787 -5.148395 17.024340 10.948524 -9.115212 30.596809 -0.805831 3.327814 -4.296576 -6.620983 3.438500 -4.694743 0.000077 -0.000022 0.000006 0.111053 -0.254550 0.045451 0.732222 -3.998020 -10.796136 -0.513111 3.496944 -10.712605 10.054337 -8.661503 10.177218 -77.336739 -8.721233 -0.763941 -5.126560 -50.510334 3.230770 -6.074558 -2.354689 12.580200 -5.882102 9.861279 0.702590 -10.936861 -0.360574 7.156197 0.000000 8.774815 -0.000000 -15.954407 18.916756 6.576817 -1.844031 2.498503 -2.507276 -10.163590 4.678941 4.621104 -20.975996 -0.000001 0.000001 -21.226254 2.451698 -3.593995 0.000000 -0.000006 -0.000000 -1.362681 2.240797 -0.746323 -21.334892 0.584910 3.008319 -13.821196 -0.000001 0.000001 -23.887129 -0.249075 -0.839485 -60.895550 2.854815 -1.018967 -0.294025 1.679686 0.833255 -14.218195 0.093215 1.300579 -34.212002 -0.287561 0.967166 -20.033176 0.964536 1.212838 0.000000 -0.000000 0.000000 -3.440387 0.788233 0.501655 -15.928172 -3.167306 2.999703 -6.338817 -0.000000 0.000001 -18.123419 3.648181 -4.905662 -0.000004 0.000000 -0.000002 4.200996 -5.106202 8.167499 14.952186 12.860445 -6.959778 177.985504 43.282665 -179.037979 -24.284994 16.795908 7.731433 2.243540 -5.255033 -3.180156 14.282877 -0.826594 6.952496 -0.000000 -12.690593 -0.000001 15.586366 -18.049309 1.781051 1.665665 -1.955920 -2.878297 4.727794 -4.170584 4.993919 11.020511 0.000001 -0.000000 12.109032 -3.735715 -2.866778 0.000000 -0.000000 0.000000 1.291985 -1.928548 -1.498088 14.800115 0.567467 3.865604 14.242553 -1.341738 -6.660648 19.631935 0.143921 -0.648243 47.059227 -1.128786 -6.786532 0.353029 -1.511150 -0.031940 20.222769 3.684305 2.316629 18.787249 0.000001 -0.000001 10.751608 -0.479870 1.397903 0.000000 -0.000000 0.000000 3.273804 0.305947 -0.580110 21.486790 11.830364 2.266131 8.162915 0.000000 -0.000000 18.399052 -3.798986 -4.940567 0.000003 0.000000 -0.000001 11.747150 6.793113 9.689788 0.001598 -0.663446 23.729860 -13.478168 2.109457 2.015690 1.867364 -2.274660 -12.848432 0.000000 -0.000000 0.000002 2.163299 -4.187301 -6.448720 -0.017598 -0.376798 11.446112 5.133771 -5.300646 0.952221 -1.391944 0.924912 -1.624951 0.000000 -0.000000 -0.000001
0.000000 0.000000 0.000000 0.000000 -0.000000 0.000000 -0.694583 0.653526 -2.840878 -1.295923 0.158284 -6.460500 -2.167961 -0.885709 -6.112226 -1.204646 -2.589535 -7.251551 0.002221 -4.442184 17.550343 11.990141 -11.278707 32.888020 -1.125842 2.989917 -4.351652 -6.497000 2.750974 -3.143575 0.000077 -0.000022 0.000006 0.145546 -0.277167 0.032176 0.714263 -4.037979 -10.837049 -0.427206 3.494245 -10.769297 10.140953 -7.077836 10.495844 -79.051964 -4.860004 1.500879 -4.375517 -41.321045 2.138931 -3.063818 -1.718477 17.291164 -5.882102 9.861279 0.702590 -10.936861 -0.360574 7.156197 0.000000 8.774815 -0.000000 -16.362827 18.608984 6.123423 -1.844031 2.498503 -2.507276 -10.163590 4.678941 4.621104 -20.975996 -0.000001 0.000001 -21.226254 2.451698 -3.593995 0.000000 -0.000006 -0.000000 -1.362681 2.240797 -0.746323 -21.334892 0.584910 3.008319 -13.821196 -0.000001 0.000001 -23.887129 -0.249075 -0.839485 -60.829063 2.611329 -0.882413 -0.294025 1.679686 0.833255 -14.218195 0.093215 1.300579 -34.212002 -0.287561 0.967166 -20.033176 0.964536 1.212838 0.000000 -0.000000 0.000000 -3.440387 0.788233 0.501655 -15.928172 -3.167306 2.999703 -6.338817 -0.000000 0.000001 -18.123419 3.648181 -4.905662 -0.000004 0.000000 -0.000002 5.930653 -5.310507 8.710052 12.804628 17.937189 -4.219873 178.485870 44.566082 -178.218491 -23.540421 15.292417 7.012428 2.243540 -5.255033 -3.180156 14.282877 -0.826594 6.952496 -0.000000 -12.690593 -0.000001 15.170870 -17.986826 2.255613 1.665665 -1.955920 -2.878297 4.727794 -4.170584 4.993919 11.020511 0.000001 -0.000000 12.109032 -3.735715 -2.866778 0.000000 -0.000000 0.000000 1.291985 -1.928548 -1.498088 14.800115 0.567467 3.865604 14.242553 -1.341738 -6.660648 19.631935 0.143921 -0.648243 47.078602 -1.082709 -6.579772 0.353029 -1.511150 -0.031940 20.222769 3.684305 2.316629 18.787249 0.000001 -0.000001 10.751608 -0.479870 1.397903 0.000000 -0.000000 0.000000 3.273804 0.305947 -0.580110 21.486790 11.830364 2.266131 8.162915 0.000000 -0.000000 18.399052 -3.798986 -4.940567 0.000003 0.000000 -0.000001 11.747150 6.793113 9.689788 0.001598 -0.663446 23.729860 -13.478168 2.109457 2.015690 1.867364 -2.274660 -12.848432 0.000000 -0.000000 0.000002 2.163299 -4.187301 -6.448720 -0.017598 -0.376798 11.446112 5.133771 -5.300646 0.952221 -1.391944 0.924912 -1.624951 0.000000 -0.000000 -0.000001
0.000000 0.000000 0.000000 0.000000 -0.000000 0.000000 -0.694583 0.790602 -2.840878 -1.295923 0.158284 -6.460500 -3.012670 -0.649219 -6.942608 -1.330510 -1.863753 -7.608060 -0.562722 -3.988447 17.586565 12.067262 -11.507318 33.350525 -1.105445 2.899189 -4.320417 -6.269635 2.492836 -2.786177 0.000077 -0.000022 0.000006 0.132385 -0.236058 0.036580 0.674519 -4.003115 -10.786457 -0.413978 3.543873 -10.743073 9.368679 -5.626216 10.390535 -80.844589 0.036404 -0.777530 -3.430522 -31.601974 1.267676 -0.114204 -0.995650 19.097803 -5.882102 9.861279 0.702590 -10.936861 -0.360574 7.156197 0.000000 8.774815 -0.000000 -16.615046 18.013699 5.581051 -1.844031 2.498503 -2.507276 -10.163590 4.678941 4.621104 -20.975996 -0.000001 0.000001 -21.226254 2.451698 -3.593995 0.000000 -0.000006 -0.000000 -1.362681 2.240797 -0.746323 -21.334892 0.584910 3.008319 -13.821196 -0.000001 0.000001 -23.887129 -0.249075 -0.839485 -60.365677 2.513803 -0.792554 -0.294025 1.679686 0.833255 -14.218195 0.093215 1.300579 -34.212002 -0.287561 0.967166 -20.033176 0.964536 1.212838 0.000000 -0.000000 0.000000 -3.440387 0.788233 0.501655 -15.928172 -3.167306 2.999703 -6.338817 -0.000000 0.000001 -18.123419 3.648181 -4.905662 -0.000004 0.000000 -0.000002 6.209807 -4.741043 8.794240 13.507116 22.716732 0.062124 178.962463 45.490776 -177.824036 -21.512936 15.109854 6.779810 2.243540 -5.255033 -3.180156 14.282877 -0.826594 6.952496 -0.000000 -12.690593 -0.000001 15.094423 -17.833063 2.371084 1.665665 -1.955920 -2.878297 4.727794 -4.170584 4.993919 11.020511 0.000001 -0.000000 12.109032 -3.735715 -2.866778 0.000000 -0.000000 0.000000 1.291985 -1.928548 -1.498088 14.800115 0.567467 3.865604 14.242553 -1.341738 -6.660648 19.631935 0.143921 -0.648243 47.407932 -1.016301 -6.534114 0.353029 -1.511150 -0.031940 20.222769 3.684305 2.316629 18.787249 0.000001 -0.000001 10.751608 -0.479870 1.397903 0.000000 -0.000000 0.000000 3.273804 0.305947 -0.580110 21.486790 11.830364 2.266131 8.162915 0.000000 -0.000000 18.399052 -3.798986 -4.940567 0.000003 0.000000 -0.000001 11.747150 6.793113 9.689788 0.001598 -0.663446 23.729860 -13.478168 2.109457 2.015690 1.867364 -2.274660 -12.848432 0.000000 -0.000000 0.000002 2.163299 -4.187301 -6.448720 -0.017598 -0.376798 11.446112 5.133771 -5.300646 0.952221 -1.391944 0.924912 -1.624951 0.000000 -0.000000 -0.000001
0.000000 0.000000 0.000000 0.000000 -0.000000 0.000000 -0.694583 0.845589 -2.840878 -1.295923 0.158284 -6.460500 -3.607107 -0.493351 -7.583589 -1.440640 -1.325835 -7.907207 -1.132634 -3.929045 17.240313 11.938653 -10.680491 31.910995 -0.936986 2.874575 -4.270510 -5.895322 2.350371 -3.009507 0.000077 -0.000022 0.000006 0.092619 -0.180883 0.023616 0.630057 -3.945358 -10.730622 -0.447653 3.598369 -10.695040 8.449165 -4.919643 10.075143 -82.708115 4.986667 -6.442337 -1.886032 -23.983234 0.460959 2.728016 -0.549736 17.886278 -5.882102 9.861279 0.702590 -10.936861 -0.360574 7.156197 0.000000 8.774815 -0.000000 -16.802025 17.770887 5.357013 -1.844031 2.498503 -2.507276 -10.163590 4.678941 4.621104 -20.975996 -0.000001 0.000001 -21.226254 2.451698 -3.593995 0.000000 -0.000006 -0.000000 -1.362681 2.240797 -0.746323 -21.334892 0.584910 3.008319 -13.821196 -0.000001 0.000001 -23.887129 -0.249075 -0.839485 -59.764156 2.604382 -0.943347 -0.294025 1.679686 0.833255 -14.218195 0.093215 1.300579 -34.212002 -0.287561 0.967166 -20.033176 0.964536 1.212838 0.000000 -0.000000 0.000000 -3.440387 0.788233 0.501655 -15.928172 -3.167306 2.999703 -6.338817 -0.000000 0.000001 -18.123419 3.648181 -4.905662 -0.000004 0.000000 -0.000002 5.802589 -4.347151 8.430230 15.615720 26.458855 5.446432 179.409439 46.457855 -177.658081 -18.215851 14.910022 5.945932 2.243540 -5.255033 -3.180156 14.282877 -0.826594 6.952496 -0.000000 -12.690593 -0.000001 15.330709 -17.638483 2.269856 1.665665 -1.955920 -2.878297 4.727794 -4.170584 4.993919 11.020511 0.000001 -0.000000 12.109032 -3.735715 -2.866778 0.000000 -0.000000 0.000000 1.291985 -1.928548 -1.498088 14.800115 0.567467 3.865604 14.242553 -1.341738 -6.660648 19.631935 0.143921 -0.648243 48.084141 -0.920441 -6.521067 0.353029 -1.511150 -0.031940 20.222769 3.684305 2.316629 18.787249 0.000001 -0.000001 10.751608 -0.479870 1.397903 0.000000 -0.000000 0.000000 3.273804 0.305947 -0.580110 21.486790 11.830364 2.266131 8.162915 0.000000 -0.000000 18.399052 -3.798986 -4.940567 0.000003 0.000000 -0.000001 11.747150 6.793113 9.689788 0.001598 -0.663446 23.729860 -13.478168 2.109457 2.015690 1.867364 -2.274660 -12.848432 0.000000 -0.000000 0.000002 2.163299 -4.187301 -6.448720 -0.017598 -0.376798 11.446112 5.133771 -5.300646 0.952221 -1.391944 0.924912 -1.624951 0.000000 -0.000000 -0.000001
0.000000 0.000000 0.000000 0.000000 -0.000000 0.000000 -0.694583 0.898056 -2.840878 -1.295923 0.158284 -6.460500 -4.127106 -0.454650 -8.003344 -1.592113 -1.182472 -8.127722 -1.616798 -4.109233 16.761999 12.105971 -9.731248 29.128668 -0.693159 2.839296 -4.251039 -5.590158 2.310178 -3.399341 0.000077 -0.000022 0.000006 0.065738 -0.167055 0.002298 0.619644 -3.918641 -10.690378 -0.488315 3.600148 -10.643512 8.116720 -5.077720 9.731117 -84.366890 8.867854 -11.902719 -0.512152 -19.423565 -0.014391 4.534816 -0.542907 15.439583 -5.882102 9.861279 0.702590 -10.936861 -0.360574 7.156197 0.000000 8.774815 -0.000000 -16.833838 17.780153 5.402394 -1.844031 2.498503 -2.507276 -10.163590 4.678941 4.621104 -20.975996 -0.000001 0.000001 -21.226254 2.451698 -3.593995 0.000000 -0.000006 -0.000000 -1.362681 2.240797 -0.746323 -21.334892 0.584910 3.008319 -13.821196 -0.000001 0.000001 -23.887129 -0.249075 -0.839485 -59.470375 2.659169 -1.068397 -0.294025 1.679686 0.833255 -14.218195 0.093215 1.300579 -34.212002 -0.287561 0.967166 -20.033176 0.964536 1.212838 0.000000 -0.000000 0.000000 -3.440387 0.788233 0.501655 -15.928172 -3.167306 2.999703 -6.338817 -0.000000 0.000001 -18.123419 3.648181 -4.905662 -0.000004 0.000000 -0.000002 5.480121 -4.591523 7.745889 17.521070 27.875547 9.689731 179.315353 47.767292 -177.901703 -14.472782 13.585560 4.150687 2.243540 -5.255033 -3.180156 14.282877 -0.826594 6.952496 -0.000000 -12.690593 -0.000001 15.644724 -17.542822 2.124455 1.665665 -1.955920 -2.878297 4.727794 -4.170584 4.993919 11.020511 0.000001 -0.000000 12.109032 -3.735715 -2.866778 0.000000 -0.000000 0.000000 1.291985 -1.928548 -1.498088 14.800115 0.567467 3.865604 14.242553 -1.341738 -6.660648 19.631935 0.143921 -0.648243 48.708069 -0.826405 -6.562610 0.353029 -1.511150 -0.031940 20.222769 3.684305 2.316629 18.787249 0.000001 -0.000001 10.751608 -0.479870 1.397903 0.000000 -0.000000 0.000000 3.273804 0.305947 -0.580110 21.486790 11.830364 2.266131 8.162915 0.000000 -0.000000 18.399052 -3.798986 -4.940567 0.000003 0.000000 -0.000001 11.747150 6.793113 9.689788 0.001598 -0.663446 23.729860 -13.478168 2.109457 2.015690 1.867364 -2.274660 -12.848432 0.000000 -0.000000 0.000002 2.163299 -4.187301 -6.448720 -0.017598 -0.376798 11.446112 5.133771 -5.300646 0.952221 -1.391944 0.924912 -1.624951 0.000000 -0.000000 -0.000001
0.000000 0.000000 0.000000 0.000000 -0.000000 0.000000 -0.694583 0.935204 -2.840878 -1.295923 0.158284 -6.460500 -4.665402 -0.479001 -8.171096 -1.782814 -1.381151 -8.226795 -1.981026 -4.407043 16.333694 12.636327 -8.923291 25.890839 -0.515743 2.671014 -4.257601 -5.428056 2.301216 -3.894037 0.000077 -0.000022 0.000006 0.049870 -0.178137 -0.006782 0.625698 -3.916232 -10.665613 -0.523102 3.575416 -10.606598 8.382312 -5.746264 9.344908 -85.434074 11.169070 -14.915539 0.143189 -17.129890 -0.196727 4.726089 -0.384370 14.477623 -5.882102 9.861279 0.702590 -10.936861 -0.360574 7.156197 0.000000 8.774815 -0.000000 -16.824823 17.775799 5.463175 -1.844031 2.498503 -2.507276 -10.163590 4.678941 4.621104 -20.975996 -0.000001 0.000001 -21.226254 2.451698 -3.593995 0.000000 -0.000006 -0.000000 -1.362681 2.240797 -0.746323 -21.334892 0.584910 3.008319 -13.821196 -0.000001 0.000001 -23.887129 -0.249075 -0.839485 -59.415100 2.624548 -1.014265 -0.294025 1.679686 0.833255 -14.218195 0.093215 1.300579 -34.212002 -0.287561 0.967166 -20.033176 0.964536 1.212838 0.000000 -0.000000 0.000000 -3.440387 0.788233 0.501655 -15.928172 -3.167306 2.999703 -6.338817 -0.000000 0.000001 -18.123419 3.648181 -4.905662 -0.000004 0.000000 -0.000002 5.675811 -5.326193 7.108988 18.233143 26.504555 11.675713 179.165359 49.354305 -178.159073 -11.521604 11.446402 1.726837 2.243540 -5.255033 -3.180156 14.282877 -0.826594 6.952496 -0.000000 -12.690593 -0.000001 16.031046 -17.533409 2.048650 1.665665 -1.955920 -2.878297 4.727794 -4.170584 4.993919 11.020511 0.000001 -0.000000 12.109032 -3.735715 -2.866778 0.000000 -0.000000 0.000000 1.291985 -1.928548 -1.498088 14.800115 0.567467 3.865604 14.242553 -1.341738 -6.660648 19.631935 0.143921 -0.648243 49.182697 -0.725177 -6.593941 0.353029 -1.511150 -0.031940 20.222769 3.684305 2.316629 18.787249 0.000001 -0.000001 10.751608 -0.479870 1.397903 0.000000 -0.000000 0.000000 3.273804 0.305947 -0.580110 21.486790 11.830364 2.266131 8.162915 0.000000 -0.000000 18.399052 -3.798986 -4.940567 0.000003 0.000000 -0.000001 11.747150 6.793113 9.689788 0.001598 -0.663446 23.729860 -13.478168 2.109457 2.015690 1.867364 -2.274660 -12.848432 0.000000 -0.000000 0.000002 2.163299 -4.187301 -6.448720 -0.017598 -0.376798 11.446112 5.133771 -5.300646 0.952221 -1.391944 0.924912 -1.624951 0.000000 -0.000000 -0.000001
0.000000 0.000000 0.000000 0.000000 -0.000000 0.000000 -0.694583 0.997231 -2.840878 -1.295923 0.158284 -6.460500 -5.204150 -0.506659 -8.144973 -1.970237 -1.746343 -8.236785 -2.236007 -4.822264 16.028210 13.272357 -8.151433 22.918303 -0.508019 2.534007 -4.274056 -5.325276 2.228344 -4.360995 0.000077 -0.000022 0.000006 0.037735 -0.170134 -0.014245 0.630144 -3.894136 -10.649075 -0.549550 3.569467 -10.582982 8.957892 -6.526984 8.877224 -85.829437 12.256654 -15.298835 0.242909 -16.469957 -0.250817 3.532103 0.133472 14.945564 -5.882102 9.861279 0.702590 -10.936861 -0.360574 7.156197 0.000000 8.774815 -0.000000 -16.848900 17.702957 5.509193 -1.844031 2.498503 -2.507276 -10.163590 4.678941 4.621104 -20.975996 -0.000001 0.000001 -21.226254 2.451698 -3.593995 0.000000 -0.000006 -0.000000 -1.362681 2.240797 -0.746323 -21.334892 0.584910 3.008319 -13.821196 -0.000001 0.000001 -23.887129 -0.249075 -0.839485 -59.470600 2.621206 -0.850117 -0.294025 1.679686 0.833255 -14.218195 0.093215 1.300579 -34.212002 -0.287561 0.967166 -20.033176 0.964536 1.212838 0.000000 -0.000000 0.000000 -3.440387 0.788233 0.501655 -15.928172 -3.167306 2.999703 -6.338817 -0.000000 0.000001 -18.123419 3.648181 -4.905662 -0.000004 0.000000 -0.000002 6.429321 -6.111599 6.841013 18.076965 22.501276 11.784826 179.436874 51.296715 -178.310394 -9.332089 9.244389 -0.855671 2.243540 -5.255033 -3.180156 14.282877 -0.826594 6.952496 -0.000000 -12.690593 -0.000001 16.544853 -17.600517 2.004661 1.665665 -1.955920 -2.878297 4.727794 -4.170584 4.993919 11.020511 0.000001 -0.000000 12.109032 -3.735715 -2.866778 0.000000 -0.000000 0.000000 1.291985 -1.928548 -1.498088 14.800115 0.567467 3.865604 14.242553 -1.341738 -6.660648 19.631935 0.143921 -0.648243 49.625061 -0.626713 -6.643023 0.353029 -1.511150 -0.031940 20.222769 3.684305 2.316629 18.787249 0.000001 -0.000001 10.751608 -0.479870 1.397903 0.000000 -0.000000 0.000000 3.273804 0.305947 -0.580110 21.486790 11.830364 2.266131 8.162915 0.000000 -0.000000 18.399052 -3.798986 -4.940567 0.000003 0.000000 -0.000001 11.747150 6.793113 9.689788 0.001598 -0.663446 23.729860 -13.478168 2.109457 2.015690 1.867364 -2.274660 -12.848432 0.000000 -0.000000 0.000002 2.163299 -4.187301 -6.448720 -0.017598 -0.376798 11.446112 5.133771 -5.300646 0.952221 -1.391944 0.924912 -1.624951 0.000000 -0.000000 -0.000001
0.000000 0.000000 0.000000 0.000000 -0.000000 0.000000 -0.694583 1.081902 -2.840878 -1.295923 0.158284 -6.460500 -5.762817 -0.546011 -8.092378 -2.186616 -2.228225 -8.215117 -2.361553 -5.208523 15.857204 13.758121 -7.440946 20.490389 -0.597616 2.316619 -4.312821 -5.265765 2.196113 -4.834366 0.000077 -0.000022 0.000006 0.037886 -0.206747 -0.005340 0.646899 -3.914557 -10.616886 -0.564621 3.516438 -10.537896 9.813890 -7.174135 8.220702 -85.650276 12.682204 -13.995662 -0.078336 -17.374472 -0.222738 1.070944 0.747478 16.450331 -5.882102 9.861279 0.702590 -10.936861 -0.360574 7.156197 0.000000 8.774815 -0.000000 -16.742758 17.708025 5.591702 -1.844031 2.498503 -2.507276 -10.163590 4.678941 4.621104 -20.975996 -0.000001 0.000001 -21.226254 2.451698 -3.593995 0.000000 -0.000006 -0.000000 -1.362681 2.240797 -0.746323 -21.334892 0.584910 3.008319 -13.821196 -0.000001 0.000001 -23.887129 -0.249075 -0.839485 -59.587055 2.688055 -0.636272 -0.294025 1.679686 0.833255 -14.218195 0.093215 1.300579 -34.212002 -0.287561 0.967166 -20.033176 0.964536 1.212838 0.000000 -0.000000 0.000000 -3.440387 0.788233 0.501655 -15.928172 -3.167306 2.999703 -6.338817 -0.000000 0.000001 -18.123419 3.648181 -4.905662 -0.000004 0.000000 -0.000002 7.408810 -6.673858 6.604841 18.386051 15.841897 11.138940 179.622559 54.091862 -178.662506 -7.167422 6.814120 -2.300427 2.243540 -5.255033 -3.180156 14.282877 -0.826594 6.952496 -0.000000 -12.690593 -0.000001 17.079079 -17.658733 1.964251 1.665665 -1.955920 -2.878297 4.727794 -4.170584 4.993919 11.020511 0.000001 -0.000000 12.109032 -3.735715 -2.866778 0.000000 -0.000000 0.000000 1.291985 -1.928548 -1.498088 14.800115 0.567467 3.865604 14.242553 -1.341738 -6.660648 19.631935 0.143921 -0.648243 50.067940 -0.520086 -6.725982 0.353029 -1.511150 -0.031940 20.222769 3.684305 2.316629 18.787249 0.000001 -0.000001 10.751608 -0.479870 1.397903 0.000000 -0.000000 0.000000 3.273804 0.305947 -0.580110 21.486790 11.830364 2.266131 8.162915 0.000000 -0.000000 18.399052 -3.798986 -4.940567 0.000003 0.000000 -0.000001 11.747150 6.793113 9.689788 0.001598 -0.663446 23.729860 -13.478168 2.109457 2.015690 1.867364 -2.274660 -12.848432 0.000000 -0.000000 0.000002 2.163299 -4.187301 -6.448720 -0.017598 -0.376798 11.446112 5.133771 -5.300646 0.952221 -1.391944 0.924912 -1.624951 0.000000 -0.000000 -0.000001
0.000000 0.000000 0.000000 0.000000 -0.000000 0.000000 -0.694583 1.142319 -2.840878 -1.295923 0.158284 -6.460500 -6.111184 -0.548502 -7.929830 -2.247065 -2.303470 -8.203421 -2.371698 -5.380144 15.765605 13.477892 -6.500448 18.845005 -0.663997 2.214782 -4.265156 -4.988462 2.057330 -5.080285 0.000077 -0.000022 0.000006 0.035534 -0.219298 -0.007975 0.662619 -3.917638 -10.633226 -0.584685 3.494761 -10.567033 10.144699 -7.346821 7.784022 -84.913887 12.622168 -12.451403 -0.502805 -19.997519 -0.209840 -1.525872 1.468708 16.644695 -5.882102 9.861279 0.702590 -10.936861 -0.360574 7.156197 0.000000 8.774815 -0.000000 -16.679937 17.665815 5.656280 -1.844031 2.498503 -2.507276 -10.163590 4.678941 4.621104 -20.975996 -0.000001 0.000001 -21.226254 2.451698 -3.593995 0.000000 -0.000006 -0.000000 -1.362681 2.240797 -0.746323 -21.334892 0.584910 3.008319 -13.821196 -0.000001 0.000001 -23.887129 -0.249075 -0.839485 -60.077339 2.716408 -0.468238 -0.294025 1.679686 0.833255 -14.218195 0.093215 1.300579 -34.212002 -0.287561 0.967166 -20.033176 0.964536 1.212838 0.000000 -0.000000 0.000000 -3.440387 0.788233 0.501655 -15.928172 -3.167306 2.999703 -6.338817 -0.000000 0.000001 -18.123419 3.648181 -4.905662 -0.000004 0.000000 -0.000002 8.215959 -6.551118 6.680062 20.220440 8.593134 10.995231 179.835815 58.859489 -178.654251 -6.276475 4.784138 -1.243210 2.243540 -5.255033 -3.180156 14.282877 -0.826594 6.952496 -0.000000 -12.690593 -0.000001 17.671837 -17.781115 1.892462 1.665665 -1.955920 -2.878297 4.727794 -4.170584 4.993919 11.020511 0.000001 -0.000000 12.109032 -3.735715 -2.866778 0.000000 -0.000000 0.000000 1.291985 -1.928548 -1.498088 14.800115 0.567467 3.865604 14.242553 -1.341738 -6.660648 19.631935 0.143921 -0.648243 50.773056 -0.403500 -6.757594 0.353029 -1.511150 -0.031940 20.222769 3.684305 2.316629 18.787249 0.000001 -0.000001 10.751608 -0.479870 1.397903 0.000000 -0.000000 0.000000 3.273804 0.305947 -0.580110 21.486790 11.830364 2.266131 8.162915 0.000000 -0.000000 18.399052 -3.798986 -4.940567 0.000003 0.000000 -0.000001 11.747150 6.793113 9.689788 0.001598 -0.663446 23.729860 -13.478168 2.109457 2.015690 1.867364 -2.274660 -12.848432 0.000000 -0.000000 0.000002 2.163299 -4.187301 -6.448720 -0.017598 -0.376798 11.446112 5.133771 -5.300646 0.952221 -1.391944 0.924912 -1.624951 0.000000 -0.000000 -0.000001
0.000000 0.000000 0.000000 0.000000 -0.000000 0.000000 -0.694583 1.212006 -2.840878 -1.295923 0.158284 -6.460500 -6.472837 -0.558881 -7.813995 -2.316116 -2.359351 -8.157858 -2.284451 -5.482621 15.719281 12.859888 -5.624959 17.701874 -0.737978 2.020852 -4.231920 -4.571399 1.894460 -5.224424 0.000077 -0.000022 0.000006 0.035471 -0.237819 -0.004310 0.676243 -3.923691 -10.630016 -0.598899 3.463291 -10.573287 10.202844 -7.242006 7.344399 -83.710236 12.254454 -11.528240 -0.814067 -23.865011 -0.167171 -3.837786 2.191533 15.414316 -5.882102 9.861279 0.702590 -10.936861 -0.360574 7.156197 0.000000 8.774815 -0.000000 -16.409931 17.812805 5.843419 -1.844031 2.498503 -2.507276 -10.163590 4.678941 4.621104 -20.975996 -0.000001 0.000001 -21.226254 2.451698 -3.593995 0.000000 -0.000006 -0.000000 -1.362681 2.240797 -0.746323 -21.334892 0.584910 3.008319 -13.821196 -0.000001 0.000001 -23.887129 -0.249075 -0.839485 -60.453239 2.713647 -0.400708 -0.294025 1.679686 0.833255 -14.218195 0.093215 1.300579 -34.212002 -0.287561 0.967166 -20.033176 0.964536 1.212838 0.000000 -0.000000 0.000000 -3.440387 0.788233 0.501655 -15.928172 -3.167306 2.999703 -6.338817 -0.000000 0.000001 -18.123419 3.648181 -4.905662 -0.000004 0.000000 -0.000002 9.162103 -6.135270 6.728088 24.060020 0.968694 10.188023 179.479385 65.868416 -179.204697 -7.589756 3.579577 2.924412 2.243540 -5.255033 -3.180156 14.282877 -0.826594 6.952496 -0.000000 -12.690593 -0.000001 17.896029 -17.758818 1.937408 1.665665 -1.955920 -2.878297 4.727794 -4.170584 4.993919 11.020511 0.000001 -0.000000 12.109032 -3.735715 -2.866778 0.000000 -0.000000 0.000000 1.291985 -1.928548 -1.498088 14.800115 0.567467 3.865604 14.242553 -1.341738 -6.660648 19.631935 0.143921 -0.648243 51.530506 -0.301173 -6.645724 0.353029 -1.511150 -0.031940 20.222769 3.684305 2.316629 18.787249 0.000001 -0.000001 10.751608 -0.479870 1.397903 0.000000 -0.000000 0.000000 3.273804 0.305947 -0.580110 21.486790 11.830364 2.266131 8.162915 0.000000 -0.000000 18.399052 -3.798986 -4.940567 0.000003 0.000000 -0.000001 11.747150 6.793113 9.689788 0.001598 -0.663446 23.729860 -13.478168 2.109457 2.015690 1.867364 -2.274660 -12.848432 0.000000 -0.000000 0.000002 2.163299 -4.187301 -6.448720 -0.017598 -0.376798 11.446112 5.133771 -5.300646 0.952221 -1.391944 0.924912 -1.624951 0.000000 -0.000000 -0.000001
0.000000 0.000000 0.000000 0.000000 -0.000000 0.000000 -0.694583 1.267273 -2.840878 -1.295923 0.158284 -6.460500 -6.766382 -0.612100 -7.689117 -2.366136 -2.382057 -8.096844 -2.213957 -5.526813 15.738485 12.031905 -4.774288 17.018812 -0.811827 1.710210 -4.219137 -3.993724 1.686033 -5.291819 0.000077 -0.000022 0.000006 0.036984 -0.252147 -0.022290 0.686697 -3.927551 -10.646240 -0.607024 3.437881 -10.595441 9.843719 -7.078377 7.045300 -82.241196 11.357857 -11.678280 -0.896612 -27.402269 -0.134454 -5.006363 2.871510 12.747966 -5.882102 9.861279 0.702590 -10.936861 -0.360574 7.156197 0.000000 8.774815 -0.000000 -16.267752 17.947500 6.005174 -1.844031 2.498503 -2.507276 -10.163590 4.678941 4.621104 -20.975996 -0.000001 0.000001 -21.226254 2.451698 -3.593995 0.000000 -0.000006 -0.000000 -1.362681 2.240797 -0.746323 -21.334892 0.584910 3.008319 -13.821196 -0.000001 0.000001 -23.887129 -0.249075 -0.839485 -60.765408 2.655167 -0.456456 -0.294025 1.679686 0.833255 -14.218195 0.093215 1.300579 -34.212002 -0.287561 0.967166 -20.033176 0.964536 1.212838 0.000000 -0.000000 0.000000 -3.440387 0.788233 0.501655 -15.928172 -3.167306 2.999703 -6.338817 -0.000000 0.000001 -18.123419 3.648181 -4.905662 -0.000004 0.000000 -0.000002 10.506232 -5.638560 6.729353 29.609228 -4.994489 7.971154 178.082642 74.726570 179.349518 -11.920341 3.490642 7.397772 2.243540 -5.255033 -3.180156 14.282877 -0.826594 6.952496 -0.000000 -12.690593 -0.000001 17.915632 -17.870754 2.061888 1.665665 -1.955920 -2.878297 4.727794 -4.170584 4.993919 11.020511 0.000001 -0.000000 12.109032 -3.735715 -2.866778 0.000000 -0.000000 0.000000 1.291985 -1.928548 -1.498088 14.800115 0.567467 3.865604 14.242553 -1.341738 -6.660648 19.631935 0.143921 -0.648243 52.074020 -0.214436 -6.505880 0.353029 -1.511150 -0.031940 20.222769 3.684305 2.316629 18.787249 0.000001 -0.000001 10.751608 -0.479870 1.397903 0.000000 -0.000000 0.000000 3.273804 0.305947 -0.580110 21.486790 11.830364 2.266131 8.162915 0.000000 -0.000000 18.399052 -3.798986 -4.940567 0.000003 0.000000 -0.000001 11.747150 6.793113 9.689788 0.001598 -0.663446 23.729860 -13.478168 2.109457 2.015690 1.867364 -2.274660 -12.848432 0.000000 -0.000000 0.000002 2.163299 -4.187301 -6.448720 -0.017598 -0.376798 11.446112 5.133771 -5.300646 0.952221 -1.391944 0.924912 -1.624951 0.000000 -0.000000 -0.000001
0.000000 0.000000 0.000000 0.000000 -0.000000 0.000000 -0.694583 1.311455 -2.840878 -1.295923 0.158284 -6.460500 -6.954345 -0.652701 -7.528572 -2.407723 -2.403124 -7.984900 -2.170966 -5.529432 15.818423 11.092840 -4.007326 16.577887 -0.839967 1.463049 -4.226584 -3.403794 1.472999 -5.335542 0.000077 -0.000022 0.000006 0.041294 -0.269838 -0.039358 0.694160 -3.944458 -10.667584 -0.606282 3.418413 -10.618616 9.285472 -6.937500 6.907581 -80.803749 9.884480 -12.779217 -0.831973 -29.916544 -0.124395 -5.052042 3.524928 9.059380 -5.882102 9.861279 0.702590 -10.936861 -0.360574 7.156197 0.000000 8.774815 -0.000000 -16.163645 18.002838 6.133891 -1.844031 2.498503 -2.507276 -10.163590 4.678941 4.621104 -20.975996 -0.000001 0.000001 -21.226254 2.451698 -3.593995 0.000000 -0.000006 -0.000000 -1.362681 2.240797 -0.746323 -21.334892 0.584910 3.008319 -13.821196 -0.000001 0.000001 -23.887129 -0.249075 -0.839485 -60.974041 2.629593 -0.563241 -0.294025 1.679686 0.833255 -14.218195 0.093215 1.300579 -34.212002 -0.287561 0.967166 -20.033176 0.964536 1.212838 0.000000 -0.000000 0.000000 -3.440387 0.788233 0.501655 -15.928172 -3.167306 2.999703 -6.338817 -0.000000 0.000001 -18.123419 3.648181 -4.905662 -0.000004 0.000000 -0.000002 12.047802 -5.066664 6.703695 36.745571 -8.656902 4.025431 172.770142 85.166733 174.046646 -18.925402 4.374342 9.043110 2.243540 -5.255033 -3.180156 14.282877 -0.826594 6.952496 -0.000000 -12.690593 -0.000001 17.206665 -17.956886 2.271602 1.665665 -1.955920 -2.878297 4.727794 -4.170584 4.993919 11.020511 0.000001 -0.000000 12.109032 -3.735715 -2.866778 0.000000 -0.000000 0.000000 1.291985 -1.928548 -1.498088 14.800115 0.567467 3.865604 14.242553 -1.341738 -6.660648 19.631935 0.143921 -0.648243 51.674496 -0.160651 -6.458185 0.353029 -1.511150 -0.031940 20.222769 3.684305 2.316629 18.787249 0.000001 -0.000001 10.751608 -0.479870 1.397903 0.000000 -0.000000 0.000000 3.273804 0.305947 -0.580110 21.486790 11.830364 2.266131 8.162915 0.000000 -0.000000 18.399052 -3.798986 -4.940567 0.000003 0.000000 -0.000001 11.747150 6.793113 9.689788 0.001598 -0.663446 23.729860 -13.478168 2.109457 2.015690 1.867364 -2.274660 -12.848432 0.000000 -0.000000 0.000002 2.163299 -4.187301 -6.448720 -0.017598 -0.376798 11.446112 5.133771 -5.300646 0.952221 -1.391944 0.924912 -1.624951 0.000000 -0.000000 -0.000001
0.000000 0.000000 0.000000 0.000000 -0.000000 0.000000 -0.694583 1.332687 -2.840878 -1.295923 0.158284 -6.460500 -7.023815 -0.655076 -7.319635 -2.418953 -2.406195 -7.827400 -2.126566 -5.524990 15.943166 10.094995 -3.319643 16.328011 -0.818268 1.284203 -4.224487 -2.884090 1.291345 -5.396682 0.000077 -0.000022 0.000006 0.046348 -0.288684 -0.044955 0.696521 -3.968911 -10.677911 -0.598883 3.404702 -10.629723 8.704930 -6.848351 6.894133 -79.657921 8.129790 -14.057695 -0.696738 -31.358755 -0.114011 -4.436073 4.036117 5.272609 -5.882102 9.861279 0.702590 -10.936861 -0.360574 7.156197 0.000000 8.774815 -0.000000 -16.113688 18.027128 6.192917 -1.844031 2.498503 -2.507276 -10.163590 4.678941 4.621104 -20.975996 -0.000001 0.000001 -21.226254 2.451698 -3.593995 0.000000 -0.000006 -0.000000 -1.362681 2.240797 -0.746323 -21.334892 0.584910 3.008319 -13.821196 -0.000001 0.000001 -23.887129 -0.249075 -0.839485 -61.057098 2.708795 -0.662374 -0.294025 1.679686 0.833255 -14.218195 0.093215 1.300579 -34.212002 -0.287561 0.967166 -20.033176 0.964536 1.212838 0.000000 -0.000000 0.000000 -3.440387 0.788233 0.501655 -15.928172 -3.167306 2.999703 -6.338817 -0.000000 0.000001 -18.123419 3.648181 -4.905662 -0.000004 0.000000 -0.000002 13.414288 -4.361529 6.723614 44.489563 -9.868836 -1.251846 3.706912 83.349693 4.788257 -26.827343 5.710438 5.138197 2.243540 -5.255033 -3.180156 14.282877 -0.826594 6.952496 -0.000000 -12.690593 -0.000001 15.728261 -17.664989 2.442985 1.665665 -1.955920 -2.878297 4.727794 -4.170584 4.993919 11.020511 0.000001 -0.000000 12.109032 -3.735715 -2.866778 0.000000 -0.000000 0.000000 1.291985 -1.928548 -1.498088 14.800115 0.567467 3.865604 14.242553 -1.341738 -6.660648 19.631935 0.143921 -0.648243 50.365711 -0.111993 -6.434464 0.353029 -1.511150 -0.031940 20.222769 3.684305 2.316629 18.787249 0.000001 -0.000001 10.751608 -0.479870 1.397903 0.000000 -0.000000 0.000000 3.273804 0.305947 -0.580110 21.486790 11.830364 2.266131 8.162915 0.000000 -0.000000 18.399052 -3.798986 -4.940567 0.000003 0.000000 -0.000001 11.747150 6.793113 9.689788 0.001598 -0.663446 23.729860 -13.478168 2.109457 2.015690 1.867364 -2.274660 -12.848432 0.000000 -0.000000 0.000002 2.163299 -4.187301 -6.448720 -0.017598 -0.376798 11.446112 5.133771 -5.300646 0.952221 -1.391944 0.924912 -1.624951 0.000000 -0.000000 -0.000001
0.000000 0.000000 0.000000 0.000000 -0.000000 0.000000 -0.694583 1.343292 -2.840878 -1.295923 0.158284 -6.460500 -6.992712 -0.653982 -7.066598 -2.423932 -2.423496 -7.634953 -2.040787 -5.427940 16.059189 9.044878 -2.679054 16.193775 -0.768211 1.143590 -4.221899 -2.492467 1.174350 -5.399746 0.000077 -0.000022 0.000006 0.049875 -0.292802 -0.045476 0.693073 -3.978176 -10.677227 -0.588840 3.405640 -10.633859 8.128691 -6.734515 6.949433 -78.783112 6.433872 -14.674085 -0.537833 -32.168167 -0.085979 -3.698928 4.405839 2.310098 -5.882102 9.861279 0.702590 -10.936861 -0.360574 7.156197 0.000000 8.774815 -0.000000 -16.196255 18.086895 6.197332 -1.844031 2.498503 -2.507276 -10.163590 4.678941 4.621104 -20.975996 -0.000001 0.000001 -21.226254 2.451698 -3.593995 0.000000 -0.000006 -0.000000 -1.362681 2.240797 -0.746323 -21.334892 0.584910 3.008319 -13.821196 -0.000001 0.000001 -23.887129 -0.249075 -0.839485 -60.947624 2.819566 -0.713992 -0.294025 1.679686 0.833255 -14.218195 0.093215 1.300579 -34.212002 -0.287561 0.967166 -20.033176 0.964536 1.212838 0.000000 -0.000000 0.000000 -3.440387 0.788233 0.501655 -15.928172 -3.167306 2.999703 -6.338817 -0.000000 0.000001 -18.123419 3.648181 -4.905662 -0.000004 0.000000 -0.000002 14.299936 -3.484863 6.756145 51.803783 -9.253887 -6.652712 -0.269801 71.509865 0.677038 -32.842041 5.942924 -4.155755 2.243540 -5.255033 -3.180156 14.282877 -0.826594 6.952496 -0.000000 -12.690593 -0.000001 14.838013 -17.121571 2.369548 1.665665 -1.955920 -2.878297 4.727794 -4.170584 4.993919 11.020511 0.000001 -0.000000 12.109032 -3.735715 -2.866778 0.000000 -0.000000 0.000000 1.291985 -1.928548 -1.498088 14.800115 0.567467 3.865604 14.242553 -1.341738 -6.660648 19.631935 0.143921 -0.648243 49.528801 -0.100582 -6.292531 0.353029 -1.511150 -0.031940 20.222769 3.684305 2.316629 18.787249 0.000001 -0.000001 10.751608 -0.479870 1.397903 0.000000 -0.000000 0.000000 3.273804 0.305947 -0.580110 21.486790 11.830364 2.266131 8.162915 0.000000 -0.000000 18.399052 -3.798986 -4.940567 0.000003 0.000000 -0.000001 11.747150 6.793113 9.689788 0.001598 -0.663446 23.729860 -13.478168 2.109457 2.015690 1.867364 -2.274660 -12.848432 0.000000 -0.000000 0.000002 2.163299 -4.187301 -6.448720 -0.017598 -0.376798 11.446112 5.133771 -5.300646 0.952221 -1.391944 0.924912 -1.624951 0.000000 -0.000000 -0.000001
0.000000 0.000000 0.000000 0.000000 -0.000000 0.000000 -0.694583 1.355751 -2.840878 -1.295923 0.158284 -6.460500 -6.907432 -0.704952 -6.884455 -2.444440 -2.438468 -7.463936 -1.996219 -5.190931 16.216009 8.133358 -2.177319 16.112701 -0.724015 0.995902 -4.225615 -2.262384 1.294802 -5.346146 0.000077 -0.000022 0.000006 0.054042 -0.316187 -0.029271 0.693386 -4.005292 -10.653904 -0.581182 3.385983 -10.613317 7.770710 -6.531228 6.916804 -78.234383 5.023640 -14.430641 -0.548429 -32.558994 0.044630 -3.363351 4.496361 0.610250 -5.882102 9.861279 0.702590 -10.936861 -0.360574 7.156197 0.000000 8.774815 -0.000000 -16.279835 18.137787 6.139175 -1.844031 2.498503 -2.507276 -10.163590 4.678941 4.621104 -20.975996 -0.000001 0.000001 -21.226254 2.451698 -3.593995 0.000000 -0.000006 -0.000000 -1.362681 2.240797 -0.746323 -21.334892 0.584910 3.008319 -13.821196 -0.000001 0.000001 -23.887129 -0.249075 -0.839485 -60.560493 2.895979 -0.758631 -0.294025 1.679686 0.833255 -14.218195 0.093215 1.300579 -34.212002 -0.287561 0.967166 -20.033176 0.964536 1.212838 0.000000 -0.000000 0.000000 -3.440387 0.788233 0.501655 -15.928172 -3.167306 2.999703 -6.338817 -0.000000 0.000001 -18.123419 3.648181 -4.905662 -0.000004 0.000000 -0.000002 14.513771 -2.537552 6.717247 57.960175 -7.809530 -11.289458 -0.468668 60.142052 0.463252 -34.979141 3.154371 -15.483709 2.243540 -5.255033 -3.180156 14.282877 -0.826594 6.952496 -0.000000 -12.690593 -0.000001 15.241055 -17.004158 2.114740 1.665665 -1.955920 -2.878297 4.727794 -4.170584 4.993919 11.020511 0.000001 -0.000000 12.109032 -3.735715 -2.866778 0.000000 -0.000000 0.000000 1.291985 -1.928548 -1.498088 14.800115 0.567467 3.865604 14.242553 -1.341738 -6.660648 19.631935 0.143921 -0.648243 49.762753 -0.199198 -6.155547 0.353029 -1.511150 -0.031940 20.222769 3.684305 2.316629 18.787249 0.000001 -0.000001 10.751608 -0.479870 1.397903 0.000000 -0.000000 0.000000 3.273804 0.305947 -0.580110 21.486790 11.830364 2.266131 8.162915 0.000000 -0.000000 18.399052 -3.798986 -4.940567 0.000003 0.000000 -0.000001 11.747150 6.793113 9.689788 0.001598 -0.663446 23.729860 -13.478168 2.109457 2.015690 1.867364 -2.274660 -12.848432 0.000000 -0.000000 0.000002 2.163299 -4.187301 -6.448720 -0.017598 -0.376798 11.446112 5.133771 -5.300646 0.952221 -1.391944 0.924912 -1.624951 0.000000 -0.000000 -0.000001
0.000000 0.000000 0.000000 0.000000 -0.000000 0.000000 -0.694583 1.369797 -2.840878 -1.295923 0.158284 -6.460500 -6.685013 -0.770053 -6.730850 -2.400200 -2.156982 -7.364598 -1.925104 -4.816020 16.402357 6.807669 -1.329988 16.263153 -0.618093 0.977387 -4.170085 -1.890533 1.377244 -5.274498 0.000077 -0.000022 0.000006 0.050409 -0.309751 -0.016104 0.684828 -4.004260 -10.652055 -0.580584 3.398700 -10.623235 7.127185 -5.880574 6.853055 -77.807945 4.150479 -13.511333 -0.650367 -32.895771 0.156259 -3.313038 4.417411 -0.674073 -5.882102 9.861279 0.702590 -10.936861 -0.360574 7.156197 0.000000 8.774815 -0.000000 -16.351196 18.152395 6.023892 -1.844031 2.498503 -2.507276 -10.163590 4.678941 4.621104 -20.975996 -0.000001 0.000001 -21.226254 2.451698 -3.593995 0.000000 -0.000006 -0.000000 -1.362681 2.240797 -0.746323 -21.334892 0.584910 3.008319 -13.821196 -0.000001 0.000001 -23.887129 -0.249075 -0.839485 -60.336483 2.921968 -0.879873 -0.294025 1.679686 0.833255 -14.218195 0.093215 1.300579 -34.212002 -0.287561 0.967166 -20.033176 0.964536 1.212838 0.000000 -0.000000 0.000000 -3.440387 0.788233 0.501655 -15.928172 -3.167306 2.999703 -6.338817 -0.000000 0.000001 -18.123419 3.648181 -4.905662 -0.000004 0.000000 -0.000002 14.115398 -1.166998 6.842858 62.825657 -6.138977 -13.870058 -0.661709 49.438915 0.399660 -32.123840 -2.715413 -26.468660 2.243540 -5.255033 -3.180156 14.282877 -0.826594 6.952496 -0.000000 -12.690593 -0.000001 15.490540 -17.090731 2.126804 1.665665 -1.955920 -2.878297 4.727794 -4.170584 4.993919 11.020511 0.000001 -0.000000 12.109032 -3.735715 -2.866778 0.000000 -0.000000 0.000000 1.291985 -1.928548 -1.498088 14.800115 0.567467 3.865604 14.242553 -1.341738 -6.660648 19.631935 0.143921 -0.648243 50.005367 -0.299437 -5.907792 0.353029 -1.511150 -0.031940 20.222769 3.684305 2.316629 18.787249 0.000001 -0.000001 10.751608 -0.479870 1.397903 0.000000 -0.000000 0.000000 3.273804 0.305947 -0.580110 21.486790 11.830364 2.266131 8.162915 0.000000 -0.000000 18.399052 -3.798986 -4.940567 0.000003 0.000000 -0.000001 11.747150 6.793113 9.689788 0.001598 -0.663446 23.729860 -13.478168 2.109457 2.015690 1.867364 -2.274660 -12.848432 0.000000 -0.000000 0.000002 2.163299 -4.187301 -6.448720 -0.017598 -0.376798 11.446112 5.133771 -5.300646 0.952221 -1.391944 0.924912 -1.624951 0.000000 -0.000000 -0.000001
0.000000 0.000000 0.000000 0.000000 -0.000000 0.000000 -0.694583 1.352615 -2.840878 -1.295923 0.158284 -6.460500 -6.507556 -0.821814 -6.536586 -2.407763 -1.896963 -7.271302 -1.932968 -4.549798 16.596731 5.737327 -0.571515 16.408926 -0.557134 1.073125 -4.131508 -1.673854 1.489608 -5.121975 0.000077 -0.000022 0.000006 0.050495 -0.321380 -0.008112 0.681820 -4.020155 -10.654345 -0.577974 3.391711 -10.635083 6.571288 -5.126840 6.738994 -77.585854 3.586115 -12.087503 -0.784756 -33.250679 0.267341 -3.687255 4.343715 -0.843322 -5.882102 9.861279 0.702590 -10.936861 -0.360574 7.156197 0.000000 8.774815 -0.000000 -16.256163 18.196436 5.932333 -1.844031 2.498503 -2.507276 -10.163590 4.678941 4.621104 -20.975996 -0.000001 0.000001 -21.226254 2.451698 -3.593995 0.000000 -0.000006 -0.000000 -1.362681 2.240797 -0.746323 -21.334892 0.584910 3.008319 -13.821196 -0.000001 0.000001 -23.887129 -0.249075 -0.839485 -60.026817 2.989116 -1.100943 -0.294025 1.679686 0.833255 -14.218195 0.093215 1.300579 -34.212002 -0.287561 0.967166 -20.033176 0.964536 1.212838 0.000000 -0.000000 0.000000 -3.440387 0.788233 0.501655 -15.928172 -3.167306 2.999703 -6.338817 -0.000000 0.000001 -18.123419 3.648181 -4.905662 -0.000004 0.000000 -0.000002 13.733932 -0.099810 7.074370 66.039017 -5.127882 -13.621558 -0.458949 40.621559 0.495189 -24.321466 -8.698235 -35.574009 2.243540 -5.255033 -3.180156 14.282877 -0.826594 6.952496 -0.000000 -12.690593 -0.000001 15.465277 -17.141790 2.466259 1.665665 -1.955920 -2.878297 4.727794 -4.170584 4.993919 11.020511 0.000001 -0.000000 12.109032 -3.735715 -2.866778 0.000000 -0.000000 0.000000 1.291985 -1.928548 -1.498088 14.800115 0.567467 3.865604 14.242553 -1.341738 -6.660648 19.631935 0.143921 -0.648243 50.123322 -0.394242 -5.467428 0.353029 -1.511150 -0.031940 20.222769 3.684305 2.316629 18.787249 0.000001 -0.000001 10.751608 -0.479870 1.397903 0.000000 -0.000000 0.000000 3.273804 0.305947 -0.580110 21.486790 11.830364 2.266131 8.162915 0.000000 -0.000000 18.399052 -3.798986 -4.940567 0.000003 0.000000 -0.000001 11.747150 6.793113 9.689788 0.001598 -0.663446 23.729860 -13.478168 2.109457 2.015690 1.867364 -2.274660 -12.848432 0.000000 -0.000000 0.000002 2.163299 -4.187301 -6.448720 -0.017598 -0.376798 11.446112 5.133771 -5.300646 0.952221 -1.391944 0.924912 -1.624951 0.000000 -0.000000 -0.000001
0.000000 0.000000 0.000000 0.000000 -0.000000 0.000000 -0.694583 1.290184 -2.840878 -1.295923 0.158284 -6.460500 -6.373704 -0.859747 -6.377552 -2.425316 -1.696506 -7.196584 -2.014303 -4.447646 16.841585 4.900838 0.001442 16.544113 -0.522698 1.220903 -4.087818 -1.457877 1.619293 -5.048586 0.000077 -0.000022 0.000006 0.048546 -0.335804 -0.015927 0.679121 -4.041212 -10.683091 -0.579155 3.384139 -10.670798 6.004196 -4.412720 6.749995 -77.413307 3.115623 -10.529067 -0.928487 -33.579643 0.419274 -4.088887 4.056151 -0.619198 -5.882102 9.861279 0.702590 -10.936861 -0.360574 7.156197 0.000000 8.774815 -0.000000 -16.185312 18.257992 5.905263 -1.844031 2.498503 -2.507276 -10.163590 4.678941 4.621104 -20.975996 -0.000001 0.000001 -21.226254 2.451698 -3.593995 0.000000 -0.000006 -0.000000 -1.362681 2.240797 -0.746323 -21.334892 0.584910 3.008319 -13.821196 -0.000001 0.000001 -23.887129 -0.249075 -0.839485 -59.860210 3.032463 -1.257551 -0.294025 1.679686 0.833255 -14.218195 0.093215 1.300579 -34.212002 -0.287561 0.967166 -20.033176 0.964536 1.212838 0.000000 -0.000000 0.000000 -3.440387 0.788233 0.501655 -15.928172 -3.167306 2.999703 -6.338817 -0.000000 0.000001 -18.123419 3.648181 -4.905662 -0.000004 0.000000 -0.000002 13.741321 0.375321 7.335971 68.041229 -5.123018 -11.202106 0.078066 35.226757 0.664876 -16.264507 -11.763735 -40.344204 2.243540 -5.255033 -3.180156 14.282877 -0.826594 6.952496 -0.000000 -12.690593 -0.000001 15.602109 -17.118555 2.850810 1.665665 -1.955920 -2.878297 4.727794 -4.170584 4.993919 11.020511 0.000001 -0.000000 12.109032 -3.735715 -2.866778 0.000000 -0.000000 0.000000 1.291985 -1.928548 -1.498088 14.800115 0.567467 3.865604 14.242553 -1.341738 -6.660648 19.631935 0.143921 -0.648243 50.134415 -0.502875 -5.108278 0.353029 -1.511150 -0.031940 20.222769 3.684305 2.316629 18.787249 0.000001 -0.000001 10.751608 -0.479870 1.397903 0.000000 -0.000000 0.000000 3.273804 0.305947 -0.580110 21.486790 11.830364 2.266131 8.162915 0.000000 -0.000000 18.399052 -3.798986 -4.940567 0.000003 0.000000 -0.000001 11.747150 6.793113 9.689788 0.001598 -0.663446 23.729860 -13.478168 2.109457 2.015690 1.867364 -2.274660 -12.848432 0.000000 -0.000000 0.000002 2.163299 -4.187301 -6.448720 -0.017598 -0.376798 11.446112 5.133771 -5.300646 0.952221 -1.391944 0.924912 -1.624951 0.000000 -0.000000 -0.000001
0.000000 0.000000 0.000000 0.000000 -0.000000 0.000000 -0.694583 1.248260 -2.840878 -1.295923 0.158284 -6.460500 -6.250313 -0.891627 -6.238397 -2.425167 -1.674638 -7.158149 -2.099212 -4.525729 17.107973 4.368507 0.254324 16.607586 -0.491069 1.501401 -4.055317 -1.270398 1.655899 -5.228322 0.000077 -0.000022 0.000006 0.046896 -0.319783 -0.020859 0.680873 -4.023882 -10.695987 -0.583621 3.398539 -10.684738 5.701898 -3.971219 6.851541 -77.506531 2.496496 -9.079685 -1.073709 -33.374844 0.546377 -4.255032 3.612176 -0.506702 -5.882102 9.861279 0.702590 -10.936861 -0.360574 7.156197 0.000000 8.774815 -0.000000 -16.136391 18.292072 5.929708 -1.844031 2.498503 -2.507276 -10.163590 4.678941 4.621104 -20.975996 -0.000001 0.000001 -21.226254 2.451698 -3.593995 0.000000 -0.000006 -0.000000 -1.362681 2.240797 -0.746323 -21.334892 0.584910 3.008319 -13.821196 -0.000001 0.000001 -23.887129 -0.249075 -0.839485 -59.860600 2.999162 -1.220935 -0.294025 1.679686 0.833255 -14.218195 0.093215 1.300579 -34.212002 -0.287561 0.967166 -20.033176 0.964536 1.212838 0.000000 -0.000000 0.000000 -3.440387 0.788233 0.501655 -15.928172 -3.167306 2.999703 -6.338817 -0.000000 0.000001 -18.123419 3.648181 -4.905662 -0.000004 0.000000 -0.000002 13.879700 0.185584 7.510906 70.070473 -6.165321 -9.225462 0.649399 34.033386 0.902864 -11.778091 -12.055539 -41.640499 2.243540 -5.255033 -3.180156 14.282877 -0.826594 6.952496 -0.000000 -12.690593 -0.000001 15.783860 -17.120747 2.966591 1.665665 -1.955920 -2.878297 4.727794 -4.170584 4.993919 11.020511 0.000001 -0.000000 12.109032 -3.735715 -2.866778 0.000000 -0.000000 0.000000 1.291985 -1.928548 -1.498088 14.800115 0.567467 3.865604 14.242553 -1.341738 -6.660648 19.631935 0.143921 -0.648243 50.083252 -0.572779 -5.048265 0.353029 -1.511150 -0.031940 20.222769 3.684305 2.316629 18.787249 0.000001 -0.000001 10.751608 -0.479870 1.397903 0.000000 -0.000000 0.000000 3.273804 0.305947 -0.580110 21.486790 11.830364 2.266131 8.162915 0.000000 -0.000000 18.399052 -3.798986 -4.940567 0.000003 0.000000 -0.000001 11.747150 6.793113 9.689788 0.001598 -0.663446 23.729860 -13.478168 2.109457 2.015690 1.867364 -2.274660 -12.848432 0.000000 -0.000000 0.000002 2.163299 -4.187301 -6.448720 -0.017598 -0.376798 11.446112 5.133771 -5.300646 0.952221 -1.391944 0.924912 -1.624951 0.000000 -0.000000 -0.000001
0.000000 0.000000 0.000000 0.000000 -0.000000 0.000000 -0.694583 1.192436 -2.840878 -1.295923 0.158284 -6.460500 -6.154944 -0.911049 -6.061715 -2.411827 -1.802803 -7.095952 -2.229762 -4.683103 17.302019 4.154471 0.342260 16.722355 -0.453099 1.753930 -4.050791 -1.104836 1.653911 -5.496579 0.000077 -0.000022 0.000006 0.048945 -0.301782 -0.016088 0.690121 -4.001380 -10.691285 -0.588126 3.411917 -10.684804 5.738200 -3.786512 6.998338 -77.900017 1.768847 -7.599507 -1.067654 -32.633236 0.553972 -4.419122 3.186356 -0.122358 -5.882102 9.861279 0.702590 -10.936861 -0.360574 7.156197 0.000000 8.774815 -0.000000 -16.161100 18.297892 5.914377 -1.844031 2.498503 -2.507276 -10.163590 4.678941 4.621104 -20.975996 -0.000001 0.000001 -21.226254 2.451698 -3.593995 0.000000 -0.000006 -0.000000 -1.362681 2.240797 -0.746323 -21.334892 0.584910 3.008319 -13.821196 -0.000001 0.000001 -23.887129 -0.249075 -0.839485 -59.914234 2.966851 -1.126303 -0.294025 1.679686 0.833255 -14.218195 0.093215 1.300579 -34.212002 -0.287561 0.967166 -20.033176 0.964536 1.212838 0.000000 -0.000000 0.000000 -3.440387 0.788233 0.501655 -15.928172 -3.167306 2.999703 -6.338817 -0.000000 0.000001 -18.123419 3.648181 -4.905662 -0.000004 0.000000 -0.000002 13.914826 -0.343463 7.644356 72.145187 -7.630412 -7.715102 0.944673 35.317009 1.029346 -9.042711 -11.464154 -41.500221 2.243540 -5.255033 -3.180156 14.282877 -0.826594 6.952496 -0.000000 -12.690593 -0.000001 15.951388 -17.215862 2.931776 1.665665 -1.955920 -2.878297 4.727794 -4.170584 4.993919 11.020511 0.000001 -0.000000 12.109032 -3.735715 -2.866778 0.000000 -0.000000 0.000000 1.291985 -1.928548 -1.498088 14.800115 0.567467 3.865604 14.242553 -1.341738 -6.660648 19.631935 0.143921 -0.648243 50.217129 -0.610377 -5.141289 0.353029 -1.511150 -0.031940 20.222769 3.684305 2.316629 18.787249 0.000001 -0.000001 10.751608 -0.479870 1.397903 0.000000 -0.000000 0.000000 3.273804 0.305947 -0.580110 21.486790 11.830364 2.266131 8.162915 0.000000 -0.000000 18.399052 -3.798986 -4.940567 0.000003 0.000000 -0.000001 11.747150 6.793113 9.689788 0.001598 -0.663446 23.729860 -13.478168 2.109457 2.015690 1.867364 -2.274660 -12.848432 0.000000 -0.000000 0.000002 2.163299 -4.187301 -6.448720 -0.017598 -0.376798 11.446112 5.133771 -5.300646 0.952221 -1.391944 0.924912 -1.624951 0.000000 -0.000000 -0.000001
0.000000 0.000000 0.000000 0.000000 -0.000000 0.000000 -0.694583 1.132385 -2.840878 -1.295923 0.158284 -6.460500 -6.074443 -0.907450 -5.860014 -2.399458 -1.940860 -7.000516 -2.405151 -4.855838 17.431831 4.141788 0.438567 16.869993 -0.434455 1.893787 -4.056822 -0.928317 1.684621 -5.745812 0.000077 -0.000022 0.000006 0.047819 -0.272229 -0.008478 0.692743 -3.966832 -10.675791 -0.592749 3.436491 -10.677473 5.700885 -3.669349 7.226298 -78.145264 0.996197 -5.878479 -0.944785 -31.735565 0.484862 -4.670455 2.980981 0.626148 -5.882102 9.861279 0.702590 -10.936861 -0.360574 7.156197 0.000000 8.774815 -0.000000 -16.263397 18.345613 5.887737 -1.844031 2.498503 -2.507276 -10.163590 4.678941 4.621104 -20.975996 -0.000001 0.000001 -21.226254 2.451698 -3.593995 0.000000 -0.000006 -0.000000 -1.362681 2.240797 -0.746323 -21.334892 0.584910 3.008319 -13.821196 -0.000001 0.000001 -23.887129 -0.249075 -0.839485 -59.983192 2.980575 -1.036561 -0.294025 1.679686 0.833255 -14.218195 0.093215 1.300579 -34.212002 -0.287561 0.967166 -20.033176 0.964536 1.212838 0.000000 -0.000000 0.000000 -3.440387 0.788233 0.501655 -15.928172 -3.167306 2.999703 -6.338817 -0.000000 0.000001 -18.123419 3.648181 -4.905662 -0.000004 0.000000 -0.000002 13.947013 -0.880904 7.800384 73.942055 -9.036515 -6.196846 0.954419 37.580845 1.052609 -6.579197 -10.665606 -40.679241 2.243540 -5.255033 -3.180156 14.282877 -0.826594 6.952496 -0.000000 -12.690593 -0.000001 16.093975 -17.341791 2.851484 1.665665 -1.955920 -2.878297 4.727794 -4.170584 4.993919 11.020511 0.000001 -0.000000 12.109032 -3.735715 -2.866778 0.000000 -0.000000 0.000000 1.291985 -1.928548 -1.498088 14.800115 0.567467 3.865604 14.242553 -1.341738 -6.660648 19.631935 0.143921 -0.648243 50.408707 -0.590766 -5.280871 0.353029 -1.511150 -0.031940 20.222769 3.684305 2.316629 18.787249 0.000001 -0.000001 10.751608 -0.479870 1.397903 0.000000 -0.000000 0.000000 3.273804 0.305947 -0.580110 21.486790 11.830364 2.266131 8.162915 0.000000 -0.000000 18.399052 -3.798986 -4.940567 0.000003 0.000000 -0.000001 11.747150 6.793113 9.689788 0.001598 -0.663446 23.729860 -13.478168 2.109457 2.015690 1.867364 -2.274660 -12.848432 0.000000 -0.000000 0.000002 2.163299 -4.187301 -6.448720 -0.017598 -0.376798 11.446112 5.133771 -5.300646 0.952221 -1.391944 0.924912 -1.624951 0.000000 -0.000000 -0.000001
0.000000 0.000000 0.000000 0.000000 -0.000000 0.000000 -0.694583 1.049286 -2.840878 -1.295923 0.158284 -6.460500 -5.976033 -0.873992 -5.739483 -2.406930 -2.122077 -6.893913 -2.589484 -4.956693 17.576046 4.184205 0.505528 16.951265 -0.442806 1.946251 -4.082861 -0.786171 1.821729 -6.065156 0.000077 -0.000022 0.000006 0.052644 -0.298002 0.011103 0.698269 -3.987179 -10.656833 -0.588365 3.404466 -10.657387 5.669095 -3.566045 7.346641 -78.321129 0.256549 -4.285002 -0.867379 -30.709637 0.454892 -4.926935 2.724628 1.645549 -5.882102 9.861279 0.702590 -10.936861 -0.360574 7.156197 0.000000 8.774815 -0.000000 -16.307503 18.452227 5.926602 -1.844031 2.498503 -2.507276 -10.163590 4.678941 4.621104 -20.975996 -0.000001 0.000001 -21.226254 2.451698 -3.593995 0.000000 -0.000006 -0.000000 -1.362681 2.240797 -0.746323 -21.334892 0.584910 3.008319 -13.821196 -0.000001 0.000001 -23.887129 -0.249075 -0.839485 -59.959171 3.005960 -0.959306 -0.294025 1.679686 0.833255 -14.218195 0.093215 1.300579 -34.212002 -0.287561 0.967166 -20.033176 0.964536 1.212838 0.000000 -0.000000 0.000000 -3.440387 0.788233 0.501655 -15.928172 -3.167306 2.999703 -6.338817 -0.000000 0.000001 -18.123419 3.648181 -4.905662 -0.000004 0.000000 -0.000002 13.922481 -1.264355 7.865488 75.231697 -10.097845 -4.800711 1.206067 39.615002 1.148029 -4.223364 -9.978043 -39.784092 2.243540 -5.255033 -3.180156 14.282877 -0.826594 6.952496 -0.000000 -12.690593 -0.000001 16.195915 -17.490250 2.783087 1.665665 -1.955920 -2.878297 4.727794 -4.170584 4.993919 11.020511 0.000001 -0.000000 12.109032 -3.735715 -2.866778 0.000000 -0.000000 0.000000 1.291985 -1.928548 -1.498088 14.800115 0.567467 3.865604 14.242553 -1.341738 -6.660648 19.631935 0.143921 -0.648243 50.493389 -0.554458 -5.361857 0.353029 -1.511150 -0.031940 20.222769 3.684305 2.316629 18.787249 0.000001 -0.000001 10.751608 -0.479870 1.397903 0.000000 -0.000000 0.000000 3.273804 0.305947 -0.580110 21.486790 11.830364 2.266131 8.162915 0.000000 -0.000000 18.399052 -3.798986 -4.940567 0.000003 0.000000 -0.000001 11.747150 6.793113 9.689788 0.001598 -0.663446 23.729860 -13.478168 2.109457 2.015690 1.867364 -2.274660 -12.848432 0.000000 -0.000000 0.000002 2.163299 -4.187301 -6.448720 -0.017598 -0.376798 11.446112 5.133771 -5.300646 0.952221 -1.391944 0.924912 -1.624951 0.000000 -0.000000 -0.000001
0.000000 0.000000 0.000000 0.000000 -0.000000 0.000000 -0.694583 0.975761 -2.840878 -1.295923 0.158284 -6.460500 -5.784548 -0.886912 -5.643114 -2.366802 -1.994175 -6.862197 -2.631176 -4.838385 17.686682 3.863187 0.737887 17.030579 -0.351383 2.124234 -4.068241 -0.475843 1.834049 -6.345796 0.000077 -0.000022 0.000006 0.046705 -0.277416 0.010010 0.697898 -3.969276 -10.687995 -0.599853 3.427710 -10.690168 5.309578 -3.306698 7.458138 -78.401474 -0.248405 -3.463622 -0.908886 -29.953033 0.393586 -5.139129 2.549736 2.127862 -5.882102 9.861279 0.702590 -10.936861 -0.360574 7.156197 0.000000 8.774815 -0.000000 -16.341568 18.439249 5.944574 -1.844031 2.498503 -2.507276 -10.163590 4.678941 4.621104 -20.975996 -0.000001 0.000001 -21.226254 2.451698 -3.593995 0.000000 -0.000006 -0.000000 -1.362681 2.240797 -0.746323 -21.334892 0.584910 3.008319 -13.821196 -0.000001 0.000001 -23.887129 -0.249075 -0.839485 -60.114819 3.036995 -0.948952 -0.294025 1.679686 0.833255 -14.218195 0.093215 1.300579 -34.212002 -0.287561 0.967166 -20.033176 0.964536 1.212838 0.000000 -0.000000 0.000000 -3.440387 0.788233 0.501655 -15.928172 -3.167306 2.999703 -6.338817 -0.000000 0.000001 -18.123419 3.648181 -4.905662 -0.000004 0.000000 -0.000002 13.748399 -1.147564 7.949545 75.851692 -10.315679 -2.865040 1.223804 40.493141 1.169569 -2.218140 -9.543912 -38.542202 2.243540 -5.255033 -3.180156 14.282877 -0.826594 6.952496 -0.000000 -12.690593 -0.000001 16.228054 -17.543005 2.761064 1.665665 -1.955920 -2.878297 4.727794 -4.170584 4.993919 11.020511 0.000001 -0.000000 12.109032 -3.735715 -2.866778 0.000000 -0.000000 0.000000 1.291985 -1.928548 -1.498088 14.800115 0.567467 3.865604 14.242553 -1.341738 -6.660648 19.631935 0.143921 -0.648243 50.581406 -0.472971 -5.417469 0.353029 -1.511150 -0.031940 20.222769 3.684305 2.316629 18.787249 0.000001 -0.000001 10.751608 -0.479870 1.397903 0.000000 -0.000000 0.000000 3.273804 0.305947 -0.580110 21.486790 11.830364 2.266131 8.162915 0.000000 -0.000000 18.399052 -3.798986 -4.940567 0.000003 0.000000 -0.000001 11.747150 6.793113 9.689788 0.001598 -0.663446 23.729860 -13.478168 2.109457 2.015690 1.867364 -2.274660 -12.848432 0.000000 -0.000000 0.000002 2.163299 -4.187301 -6.448720 -0.017598 -0.376798 11.446112 5.133771 -5.300646 0.952221 -1.391944 0.924912 -1.624951 0.000000 -0.000000 -0.000001
0.000000 0.000000 0.000000 0.000000 -0.000000 0.000000 -0.694583 0.901176 -2.840878 -1.295923 0.158284 -6.460500 -5.542284 -0.884412 -5.535014 -2.338561 -1.874314 -6.818757 -2.597505 -4.728066 17.762383 3.508392 0.962325 16.893412 -0.272915 2.254892 -4.039936 -0.239561 1.890993 -6.667599 0.000077 -0.000022 0.000006 0.039426 -0.273261 0.013024 0.695601 -3.963286 -10.684065 -0.612146 3.429962 -10.690701 4.937887 -2.998816 7.530749 -78.505821 -0.891260 -2.896393 -0.919663 -29.117458 0.355408 -5.285547 2.374429 2.670768 -5.882102 9.861279 0.702590 -10.936861 -0.360574 7.156197 0.000000 8.774815 -0.000000 -16.307615 18.453287 6.008307 -1.844031 2.498503 -2.507276 -10.163590 4.678941 4.621104 -20.975996 -0.000001 0.000001 -21.226254 2.451698 -3.593995 0.000000 -0.000006 -0.000000 -1.362681 2.240797 -0.746323 -21.334892 0.584910 3.008319 -13.821196 -0.000001 0.000001 -23.887129 -0.249075 -0.839485 -60.185696 3.057786 -0.924283 -0.294025 1.679686 0.833255 -14.218195 0.093215 1.300579 -34.212002 -0.287561 0.967166 -20.033176 0.964536 1.212838 0.000000 -0.000000 0.000000 -3.440387 0.788233 0.501655 -15.928172 -3.167306 2.999703 -6.338817 -0.000000 0.000001 -18.123419 3.648181 -4.905662 -0.000004 0.000000 -0.000002 13.472646 -0.790288 8.022915 76.040092 -10.101956 -0.783511 1.228285 40.775566 1.130420 -0.291019 -9.295610 -36.679409 2.243540 -5.255033 -3.180156 14.282877 -0.826594 6.952496 -0.000000 -12.690593 -0.000001 16.174995 -17.593639 2.800586 1.665665 -1.955920 -2.878297 4.727794 -4.170584 4.993919 11.020511 0.000001 -0.000000 12.109032 -3.735715 -2.866778 0.000000 -0.000000 0.000000 1.291985 -1.928548 -1.498088 14.800115 0.567467 3.865604 14.242553 -1.341738 -6.660648 19.631935 0.143921 -0.648243 50.576977 -0.426768 -5.445451 0.353029 -1.511150 -0.031940 20.222769 3.684305 2.316629 18.787249 0.000001 -0.000001 10.751608 -0.479870 1.397903 0.000000 -0.000000 0.000000 3.273804 0.305947 -0.580110 21.486790 11.830364 2.266131 8.162915 0.000000 -0.000000 18.399052 -3.798986 -4.940567 0.000003 0.000000 -0.000001 11.747150 6.793113 9.689788 0.001598 -0.663446 23.729860 -13.478168 2.109457 2.015690 1.867364 -2.274660 -12.848432 0.000000 -0.000000 0.000002 2.163299 -4.187301 -6.448720 -0.017598 -0.376798 11.446112 5.133771 -5.300646 0.952221 -1.391944 0.924912 -1.624951 0.000000 -0.000000 -0.000001
0.000000 0.000000 0.000000 0.000000 -0.000000 0.000000 -0.694583 0.837074 -2.840878 -1.295923 0.158284 -6.460500 -5.222995 -0.884607 -5.419858 -2.276226 -1.762958 -6.761584 -2.505050 -4.624467 17.779217 3.112520 1.218407 16.575111 -0.196991 2.251331 -4.020892 0.001635 1.958134 -7.142348 0.000077 -0.000022 0.000006 0.031367 -0.274928 0.015135 0.695050 -3.963348 -10.676236 -0.627457 3.427055 -10.683472 4.604893 -2.688903 7.506843 -78.629173 -1.606955 -2.450024 -0.972550 -28.320726 0.362328 -5.217502 2.058269 3.200785 -5.882102 9.861279 0.702590 -10.936861 -0.360574 7.156197 0.000000 8.774815 -0.000000 -16.274534 18.462503 6.094370 -1.844031 2.498503 -2.507276 -10.163590 4.678941 4.621104 -20.975996 -0.000001 0.000001 -21.226254 2.451698 -3.593995 0.000000 -0.000006 -0.000000 -1.362681 2.240797 -0.746323 -21.334892 0.584910 3.008319 -13.821196 -0.000001 0.000001 -23.887129 -0.249075 -0.839485 -60.249939 3.060992 -0.869069 -0.294025 1.679686 0.833255 -14.218195 0.093215 1.300579 -34.212002 -0.287561 0.967166 -20.033176 0.964536 1.212838 0.000000 -0.000000 0.000000 -3.440387 0.788233 0.501655 -15.928172 -3.167306 2.999703 -6.338817 -0.000000 0.000001 -18.123419 3.648181 -4.905662 -0.000004 0.000000 -0.000002 13.129325 -0.292253 8.092193 75.761986 -9.538788 1.555613 1.048915 40.767883 0.975089 1.530422 -9.150203 -34.036037 2.243540 -5.255033 -3.180156 14.282877 -0.826594 6.952496 -0.000000 -12.690593 -0.000001 16.096630 -17.605154 2.856290 1.665665 -1.955920 -2.878297 4.727794 -4.170584 4.993919 11.020511 0.000001 -0.000000 12.109032 -3.735715 -2.866778 0.000000 -0.000000 0.000000 1.291985 -1.928548 -1.498088 14.800115 0.567467 3.865604 14.242553 -1.341738 -6.660648 19.631935 0.143921 -0.648243 50.537289 -0.405285 -5.477999 0.353029 -1.511150 -0.031940 20.222769 3.684305 2.316629 18.787249 0.000001 -0.000001 10.751608 -0.479870 1.397903 0.000000 -0.000000 0.000000 3.273804 0.305947 -0.580110 21.486790 11.830364 2.266131 8.162915 0.000000 -0.000000 18.399052 -3.798986 -4.940567 0.000003 0.000000 -0.000001 11.747150 6.793113 9.689788 0.001598 -0.663446 23.729860 -13.478168 2.109457 2.015690 1.867364 -2.274660 -12.848432 0.000000 -0.000000 0.000002 2.163299 -4.187301 -6.448720 -0.017598 -0.376798 11.446112 5.133771 -5.300646 0.952221 -1.391944 0.924912 -1.624951 0.000000 -0.000000 -0.000001
0.000000 0.000000 0.000000 0.000000 -0.000000 0.000000 -0.694583 0.796555 -2.840878 -1.295923 0.158284 -6.460500 -4.837420 -0.895794 -5.307760 -2.175210 -1.692089 -6.690593 -2.337579 -4.538760 17.735701 2.672619 1.494278 16.158951 -0.129345 2.239330 -4.041921 0.210373 1.979202 -7.777154 0.000077 -0.000022 0.000006 0.024280 -0.277432 0.017684 0.701104 -3.964662 -10.667889 -0.647180 3.423705 -10.671312 4.472863 -2.449222 7.418225 -78.899689 -2.377458 -1.795548 -1.039816 -27.676865 0.401623 -4.973556 1.595727 3.592933 -5.882102 9.861279 0.702590 -10.936861 -0.360574 7.156197 0.000000 8.774815 -0.000000 -16.288057 18.457369 6.155613 -1.844031 2.498503 -2.507276 -10.163590 4.678941 4.621104 -20.975996 -0.000001 0.000001 -21.226254 2.451698 -3.593995 0.000000 -0.000006 -0.000000 -1.362681 2.240797 -0.746323 -21.334892 0.584910 3.008319 -13.821196 -0.000001 0.000001 -23.887129 -0.249075 -0.839485 -60.330112 3.048735 -0.791746 -0.294025 1.679686 0.833255 -14.218195 0.093215 1.300579 -34.212002 -0.287561 0.967166 -20.033176 0.964536 1.212838 0.000000 -0.000000 0.000000 -3.440387 0.788233 0.501655 -15.928172 -3.167306 2.999703 -6.338817 -0.000000 0.000001 -18.123419 3.648181 -4.905662 -0.000004 0.000000 -0.000002 12.636622 0.272455 8.106904 75.244858 -8.838880 3.631709 0.823476 40.828087 0.837262 3.081428 -8.957206 -31.124212 2.243540 -5.255033 -3.180156 14.282877 -0.826594 6.952496 -0.000000 -12.690593 -0.000001 16.048929 -17.574194 2.881769 1.665665 -1.955920 -2.878297 4.727794 -4.170584 4.993919 11.020511 0.000001 -0.000000 12.109032 -3.735715 -2.866778 0.000000 -0.000000 0.000000 1.291985 -1.928548 -1.498088 14.800115 0.567467 3.865604 14.242553 -1.341738 -6.660648 19.631935 0.143921 -0.648243 50.484943 -0.396774 -5.525234 0.353029 -1.511150 -0.031940 20.222769 3.684305 2.316629 18.787249 0.000001 -0.000001 10.751608 -0.479870 1.397903 0.000000 -0.000000 0.000000 3.273804 0.305947 -0.580110 21.486790 11.830364 2.266131 8.162915 0.000000 -0.000000 18.399052 -3.798986 -4.940567 0.000003 0.000000 -0.000001 11.747150 6.793113 9.689788 0.001598 -0.663446 23.729860 -13.478168 2.109457 2.015690 1.867364 -2.274660 -12.848432 0.000000 -0.000000 0.000002 2.163299 -4.187301 -6.448720 -0.017598 -0.376798 11.446112 5.133771 -5.300646 0.952221 -1.391944 0.924912 -1.624951 0.000000 -0.000000 -0.000001
0.000000 0.000000 0.000000 0.000000 -0.000000 0.000000 -0.694583 0.764999 -2.840878 -1.295923 0.158284 -6.460500 -4.443494 -0.895032 -5.183949 -2.056682 -1.679718 -6.607244 -2.114623 -4.514297 17.650715 2.238339 1.760526 15.771527 -0.051694 2.285525 -4.059633 0.320547 2.006808 -8.527596 0.000077 -0.000022 0.000006 0.016823 -0.256195 0.028257 0.706459 -3.941514 -10.643468 -0.667086 3.442990 -10.646664 4.628115 -2.333275 7.350296 -79.337044 -3.050799 -0.655225 -1.065191 -27.479567 0.449472 -4.778056 1.001095 3.586924 -5.882102 9.861279 0.702590 -10.936861 -0.360574 7.156197 0.000000 8.774815 -0.000000 -16.365019 18.456976 6.166423 -1.844031 2.498503 -2.507276 -10.163590 4.678941 4.621104 -20.975996 -0.000001 0.000001 -21.226254 2.451698 -3.593995 0.000000 -0.000006 -0.000000 -1.362681 2.240797 -0.746323 -21.334892 0.584910 3.008319 -13.821196 -0.000001 0.000001 -23.887129 -0.249075 -0.839485 -60.449299 3.047795 -0.717572 -0.294025 1.679686 0.833255 -14.218195 0.093215 1.300579 -34.212002 -0.287561 0.967166 -20.033176 0.964536 1.212838 0.000000 -0.000000 0.000000 -3.440387 0.788233 0.501655 -15.928172 -3.167306 2.999703 -6.338817 -0.000000 0.000001 -18.123419 3.648181 -4.905662 -0.000004 0.000000 -0.000002 12.049498 0.827091 8.106211 74.603523 -8.115085 5.145830 0.515531 40.993481 0.686169 4.301868 -8.589869 -28.308128 2.243540 -5.255033 -3.180156 14.282877 -0.826594 6.952496 -0.000000 -12.690593 -0.000001 16.029346 -17.541706 2.892256 1.665665 -1.955920 -2.878297 4.727794 -4.170584 4.993919 11.020511 0.000001 -0.000000 12.109032 -3.735715 -2.866778 0.000000 -0.000000 0.000000 1.291985 -1.928548 -1.498088 14.800115 0.567467 3.865604 14.242553 -1.341738 -6.660648 19.631935 0.143921 -0.648243 50.449467 -0.397642 -5.586201 0.353029 -1.511150 -0.031940 20.222769 3.684305 2.316629 18.787249 0.000001 -0.000001 10.751608 -0.479870 1.397903 0.000000 -0.000000 0.000000 3.273804 0.305947 -0.580110 21.486790 11.830364 2.266131 8.162915 0.000000 -0.000000 18.399052 -3.798986 -4.940567 0.000003 0.000000 -0.000001 11.747150 6.793113 9.689788 0.001598 -0.663446 23.729860 -13.478168 2.109457 2.015690 1.867364 -2.274660 -12.848432 0.000000 -0.000000 0.000002 2.163299 -4.187301 -6.448720 -0.017598 -0.376798 11.446112 5.133771 -5.300646 0.952221 -1.391944 0.924912 -1.624951 0.000000 -0.000000 -0.000001
0.000000 0.000000 0.000000 0.000000 -0.000000 0.000000 -0.694583 0.742233 -2.840878 -1.295923 0.158284 -6.460500 -4.071469 -0.879625 -5.062196 -1.936380 -1.668581 -6.539013 -1.843660 -4.563933 17.545692 1.919565 1.985772 15.556328 0.021958 2.370932 -4.076365 0.261137 2.087303 -9.175324 0.000077 -0.000022 0.000006 0.013172 -0.233421 0.035315 0.705900 -3.914102 -10.618212 -0.673779 3.460618 -10.620112 4.799192 -2.314741 7.378357 -79.584030 -3.607113 1.198993 -0.981508 -27.651512 0.465247 -4.845263 0.387033 3.383192 -5.882102 9.861279 0.702590 -10.936861 -0.360574 7.156197 0.000000 8.774815 -0.000000 -16.454525 18.467421 6.160468 -1.844031 2.498503 -2.507276 -10.163590 4.678941 4.621104 -20.975996 -0.000001 0.000001 -21.226254 2.451698 -3.593995 0.000000 -0.000006 -0.000000 -1.362681 2.240797 -0.746323 -21.334892 0.584910 3.008319 -13.821196 -0.000001 0.000001 -23.887129 -0.249075 -0.839485 -60.578083 3.048342 -0.669764 -0.294025 1.679686 0.833255 -14.218195 0.093215 1.300579 -34.212002 -0.287561 0.967166 -20.033176 0.964536 1.212838 0.000000 -0.000000 0.000000 -3.440387 0.788233 0.501655 -15.928172 -3.167306 2.999703 -6.338817 -0.000000 0.000001 -18.123419 3.648181 -4.905662 -0.000004 0.000000 -0.000002 11.654143 1.299630 8.114224 73.716217 -7.341583 6.116107 0.128071 41.095837 0.513826 5.227529 -8.152364 -25.912273 2.243540 -5.255033 -3.180156 14.282877 -0.826594 6.952496 -0.000000 -12.690593 -0.000001 16.056065 -17.541945 2.905794 1.665665 -1.955920 -2.878297 4.727794 -4.170584 4.993919 11.020511 0.000001 -0.000000 12.109032 -3.735715 -2.866778 0.000000 -0.000000 0.000000 1.291985 -1.928548 -1.498088 14.800115 0.567467 3.865604 14.242553 -1.341738 -6.660648 19.631935 0.143921 -0.648243 50.462196 -0.383934 -5.640538 0.353029 -1.511150 -0.031940 20.222769 3.684305 2.316629 18.787249 0.000001 -0.000001 10.751608 -0.479870 1.397903 0.000000 -0.000000 0.000000 3.273804 0.305947 -0.580110 21.486790 11.830364 2.266131 8.162915 0.000000 -0.000000 18.399052 -3.798986 -4.940567 0.000003 0.000000 -0.000001 11.747150 6.793113 9.689788 0.001598 -0.663446 23.729860 -13.478168 2.109457 2.015690 1.867364 -2.274660 -12.848432 0.000000 -0.000000 0.000002 2.163299 -4.187301 -6.448720 -0.017598 -0.376798 11.446112 5.133771 -5.300646 0.952221 -1.391944 0.924912 -1.624951 0.000000 -0.000000 -0.000001
0.000000 0.000000 0.000000 0.000000 -0.000000 0.000000 -0.694583 0.722885 -2.840878 -1.295923 0.158284 -6.460500 -3.746881 -0.829972 -5.048301 -1.857584 -1.713515 -6.513014 -1.586539 -4.643526 17.497805 1.773556 2.115516 15.561205 0.059206 2.362685 -4.101373 0.063046 2.281883 -9.615657 0.000077 -0.000022 0.000006 0.013745 -0.254079 0.048707 0.697390 -3.934024 -10.605057 -0.664319 3.437982 -10.594939 4.777044 -2.316195 7.385601 -79.459900 -4.116775 3.095320 -0.923487 -27.632700 0.504535 -5.044859 -0.115743 3.777264 -5.882102 9.861279 0.702590 -10.936861 -0.360574 7.156197 0.000000 8.774815 -0.000000 -16.480688 18.524105 6.195134 -1.844031 2.498503 -2.507276 -10.163590 4.678941 4.621104 -20.975996 -0.000001 0.000001 -21.226254 2.451698 -3.593995 0.000000 -0.000006 -0.000000 -1.362681 2.240797 -0.746323 -21.334892 0.584910 3.008319 -13.821196 -0.000001 0.000001 -23.887129 -0.249075 -0.839485 -60.637444 3.067367 -0.637626 -0.294025 1.679686 0.833255 -14.218195 0.093215 1.300579 -34.212002 -0.287561 0.967166 -20.033176 0.964536 1.212838 0.000000 -0.000000 0.000000 -3.440387 0.788233 0.501655 -15.928172 -3.167306 2.999703 -6.338817 -0.000000 0.000001 -18.123419 3.648181 -4.905662 -0.000004 0.000000 -0.000002 11.427881 1.606808 8.072541 72.697586 -6.496996 6.517325 0.128034 40.953800 0.442039 5.658433 -8.005005 -24.204819 2.243540 -5.255033 -3.180156 14.282877 -0.826594 6.952496 -0.000000 -12.690593 -0.000001 16.068277 -17.545477 2.915211 1.665665 -1.955920 -2.878297 4.727794 -4.170584 4.993919 11.020511 0.000001 -0.000000 12.109032 -3.735715 -2.866778 0.000000 -0.000000 0.000000 1.291985 -1.928548 -1.498088 14.800115 0.567467 3.865604 14.242553 -1.341738 -6.660648 19.631935 0.143921 -0.648243 50.397652 -0.365266 -5.624290 0.353029 -1.511150 -0.031940 20.222769 3.684305 2.316629 18.787249 0.000001 -0.000001 10.751608 -0.479870 1.397903 0.000000 -0.000000 0.000000 3.273804 0.305947 -0.580110 21.486790 11.830364 2.266131 8.162915 0.000000 -0.000000 18.399052 -3.798986 -4.940567 0.000003 0.000000 -0.000001 11.747150 6.793113 9.689788 0.001598 -0.663446 23.729860 -13.478168 2.109457 2.015690 1.867364 -2.274660 -12.848432 0.000000 -0.000000 0.000002 2.163299 -4.187301 -6.448720 -0.017598 -0.376798 11.446112 5.133771 -5.300646 0.952221 -1.391944 0.924912 -1.624951 0.000000 -0.000000 -0.000001
0.000000 0.000000 0.000000 0.000000 -0.000000 0.000000 -0.694583 0.724670 -2.840878 -1.295923 0.158284 -6.460500 -3.478707 -0.814337 -5.102038 -1.742961 -1.608872 -6.584239 -1.281521 -4.572968 17.487892 1.469094 2.304981 15.791846 0.106173 2.470308 -4.111993 -0.062682 2.373277 -9.846189 0.000077 -0.000022 0.000006 0.010549 -0.234817 0.035713 0.687970 -3.921678 -10.642525 -0.661787 3.463751 -10.629975 4.316894 -2.142020 7.397567 -78.992188 -4.447775 4.412793 -0.887182 -27.405931 0.506836 -5.189221 -0.357092 4.120769 -5.882102 9.861279 0.702590 -10.936861 -0.360574 7.156197 0.000000 8.774815 -0.000000 -16.446434 18.474298 6.210988 -1.844031 2.498503 -2.507276 -10.163590 4.678941 4.621104 -20.975996 -0.000001 0.000001 -21.226254 2.451698 -3.593995 0.000000 -0.000006 -0.000000 -1.362681 2.240797 -0.746323 -21.334892 0.584910 3.008319 -13.821196 -0.000001 0.000001 -23.887129 -0.249075 -0.839485 -60.721584 3.051176 -0.607849 -0.294025 1.679686 0.833255 -14.218195 0.093215 1.300579 -34.212002 -0.287561 0.967166 -20.033176 0.964536 1.212838 0.000000 -0.000000 0.000000 -3.440387 0.788233 0.501655 -15.928172 -3.167306 2.999703 -6.338817 -0.000000 0.000001 -18.123419 3.648181 -4.905662 -0.000004 0.000000 -0.000002 11.331440 1.950814 8.072623 71.650673 -5.455779 6.900988 -0.083412 40.418026 0.322833 5.690755 -8.168308 -22.609472 2.243540 -5.255033 -3.180156 14.282877 -0.826594 6.952496 -0.000000 -12.690593 -0.000001 16.034231 -17.554235 2.939728 1.665665 -1.955920 -2.878297 4.727794 -4.170584 4.993919 11.020511 0.000001 -0.000000 12.109032 -3.735715 -2.866778 0.000000 -0.000000 0.000000 1.291985 -1.928548 -1.498088 14.800115 0.567467 3.865604 14.242553 -1.341738 -6.660648 19.631935 0.143921 -0.648243 50.383572 -0.364893 -5.668309 0.353029 -1.511150 -0.031940 20.222769 3.684305 2.316629 18.787249 0.000001 -0.000001 10.751608 -0.479870 1.397903 0.000000 -0.000000 0.000000 3.273804 0.305947 -0.580110 21.486790 11.830364 2.266131 8.162915 0.000000 -0.000000 18.399052 -3.798986 -4.940567 0.000003 0.000000 -0.000001 11.747150 6.793113 9.689788 0.001598 -0.663446 23.729860 -13.478168 2.109457 2.015690 1.867364 -2.274660 -12.848432 0.000000 -0.000000 0.000002 2.163299 -4.187301 -6.448720 -0.017598 -0.376798 11.446112 5.133771 -5.300646 0.952221 -1.391944 0.924912 -1.624951 0.000000 -0.000000 -0.000001
0.000000 0.000000 0.000000 0.000000 -0.000000 0.000000 -0.694583 0.732910 -2.840878 -1.295923 0.158284 -6.460500 -3.260358 -0.801007 -5.250045 -1.669863 -1.578040 -6.680666 -0.972448 -4.600273 17.518019 1.288054 2.406953 16.172308 0.131791 2.516049 -4.108559 -0.362620 2.556413 -9.986246 0.000077 -0.000022 0.000006 0.010263 -0.239303 0.025561 0.679086 -3.929379 -10.656387 -0.653997 3.461646 -10.644180 3.799132 -2.028441 7.378186 -78.477203 -4.816435 5.265279 -0.736381 -26.586241 0.445959 -5.143026 -0.246172 4.706076 -5.882102 9.861279 0.702590 -10.936861 -0.360574 7.156197 0.000000 8.774815 -0.000000 -16.388260 18.471928 6.236792 -1.844031 2.498503 -2.507276 -10.163590 4.678941 4.621104 -20.975996 -0.000001 0.000001 -21.226254 2.451698 -3.593995 0.000000 -0.000006 -0.000000 -1.362681 2.240797 -0.746323 -21.334892 0.584910 3.008319 -13.821196 -0.000001 0.000001 -23.887129 -0.249075 -0.839485 -60.778816 3.040904 -0.607330 -0.294025 1.679686 0.833255 -14.218195 0.093215 1.300579 -34.212002 -0.287561 0.967166 -20.033176 0.964536 1.212838 0.000000 -0.000000 0.000000 -3.440387 0.788233 0.501655 -15.928172 -3.167306 2.999703 -6.338817 -0.000000 0.000001 -18.123419 3.648181 -4.905662 -0.000004 0.000000 -0.000002 11.315298 2.120840 8.033756 70.693985 -4.433237 7.113594 -0.173001 39.829185 0.241645 5.373047 -8.564234 -21.301674 2.243540 -5.255033 -3.180156 14.282877 -0.826594 6.952496 -0.000000 -12.690593 -0.000001 15.963457 -17.558397 2.958988 1.665665 -1.955920 -2.878297 4.727794 -4.170584 4.993919 11.020511 0.000001 -0.000000 12.109032 -3.735715 -2.866778 0.000000 -0.000000 0.000000 1.291985 -1.928548 -1.498088 14.800115 0.567467 3.865604 14.242553 -1.341738 -6.660648 19.631935 0.143921 -0.648243 50.305832 -0.362565 -5.664829 0.353029 -1.511150 -0.031940 20.222769 3.684305 2.316629 18.787249 0.000001 -0.000001 10.751608 -0.479870 1.397903 0.000000 -0.000000 0.000000 3.273804 0.305947 -0.580110 21.486790 11.830364 2.266131 8.162915 0.000000 -0.000000 18.399052 -3.798986 -4.940567 0.000003 0.000000 -0.000001 11.747150 6.793113 9.689788 0.001598 -0.663446 23.729860 -13.478168 2.109457 2.015690 1.867364 -2.274660 -12.848432 0.000000 -0.000000 0.000002 2.163299 -4.187301 -6.448720 -0.017598 -0.376798 11.446112 5.133771 -5.300646 0.952221 -1.391944 0.924912 -1.624951 0.000000 -0.000000 -0.000001
0.000000 0.000000 0.000000 0.000000 -0.000000 0.000000 -0.694583 0.732979 -2.840878 -1.295923 0.158284 -6.460500 -3.084152 -0.814920 -5.452640 -1.606057 -1.631933 -6.798191 -0.662415 -4.713973 17.537500 1.185036 2.434788 16.665348 0.131139 2.483799 -4.105806 -0.744883 2.671475 -9.930338 0.000077 -0.000022 0.000006 0.010984 -0.252214 0.016249 0.674337 -3.946526 -10.673424 -0.648267 3.452629 -10.663815 3.267319 -2.071132 7.370247 -78.000282 -5.189707 5.489122 -0.584315 -25.304468 0.365391 -4.885425 0.209903 5.544439 -5.882102 9.861279 0.702590 -10.936861 -0.360574 7.156197 0.000000 8.774815 -0.000000 -16.343847 18.432001 6.256091 -1.844031 2.498503 -2.507276 -10.163590 4.678941 4.621104 -20.975996 -0.000001 0.000001 -21.226254 2.451698 -3.593995 0.000000 -0.000006 -0.000000 -1.362681 2.240797 -0.746323 -21.334892 0.584910 3.008319 -13.821196 -0.000001 0.000001 -23.887129 -0.249075 -0.839485 -60.841606 3.024989 -0.616981 -0.294025 1.679686 0.833255 -14.218195 0.093215 1.300579 -34.212002 -0.287561 0.967166 -20.033176 0.964536 1.212838 0.000000 -0.000000 0.000000 -3.440387 0.788233 0.501655 -15.928172 -3.167306 2.999703 -6.338817 -0.000000 0.000001 -18.123419 3.648181 -4.905662 -0.000004 0.000000 -0.000002 11.447989 2.082912 7.997591 69.792877 -3.475832 7.142501 -0.222200 39.353172 0.209054 4.744308 -9.084502 -19.954529 2.243540 -5.255033 -3.180156 14.282877 -0.826594 6.952496 -0.000000 -12.690593 -0.000001 15.896671 -17.571201 2.967633 1.665665 -1.955920 -2.878297 4.727794 -4.170584 4.993919 11.020511 0.000001 -0.000000 12.109032 -3.735715 -2.866778 0.000000 -0.000000 0.000000 1.291985 -1.928548 -1.498088 14.800115 0.567467 3.865604 14.242553 -1.341738 -6.660648 19.631935 0.143921 -0.648243 50.222786 -0.360457 -5.662537 0.353029 -1.511150 -0.031940 20.222769 3.684305 2.316629 18.787249 0.000001 -0.000001 10.751608 -0.479870 1.397903 0.000000 -0.000000 0.000000 3.273804 0.305947 -0.580110 21.486790 11.830364 2.266131 8.162915 0.000000 -0.000000 18.399052 -3.798986 -4.940567 0.000003 0.000000 -0.000001 11.747150 6.793113 9.689788 0.001598 -0.663446 23.729860 -13.478168 2.109457 2.015690 1.867364 -2.274660 -12.848432 0.000000 -0.000000 0.000002 2.163299 -4.187301 -6.448720 -0.017598 -0.376798 11.446112 5.133771 -5.300646 0.952221 -1.391944 0.924912 -1.624951 0.000000 -0.000000 -0.000001
0.000000 0.000000 0.000000 0.000000 -0.000000 0.000000 -0.694583 0.736732 -2.840878 -1.295923 0.158284 -6.460500 -2.973566 -0.859571 -5.682608 -1.557791 -1.775532 -6.918863 -0.334670 -4.891141 17.497564 1.204415 2.341548 17.215219 0.069607 2.382734 -4.100698 -1.191518 2.687301 -9.668071 0.000077 -0.000022 0.000006 0.012109 -0.261902 0.011614 0.673390 -3.960407 -10.684219 -0.645388 3.447273 -10.675072 2.880527 -2.255860 7.389057 -77.663368 -5.478010 5.492583 -0.546162 -23.939047 0.330487 -4.514557 0.796980 6.549825 -5.882102 9.861279 0.702590 -10.936861 -0.360574 7.156197 0.000000 8.774815 -0.000000 -16.334347 18.366341 6.254397 -1.844031 2.498503 -2.507276 -10.163590 4.678941 4.621104 -20.975996 -0.000001 0.000001 -21.226254 2.451698 -3.593995 0.000000 -0.000006 -0.000000 -1.362681 2.240797 -0.746323 -21.334892 0.584910 3.008319 -13.821196 -0.000001 0.000001 -23.887129 -0.249075 -0.839485 -60.892532 2.995966 -0.615186 -0.294025 1.679686 0.833255 -14.218195 0.093215 1.300579 -34.212002 -0.287561 0.967166 -20.033176 0.964536 1.212838 0.000000 -0.000000 0.000000 -3.440387 0.788233 0.501655 -15.928172 -3.167306 2.999703 -6.338817 -0.000000 0.000001 -18.123419 3.648181 -4.905662 -0.000004 0.000000 -0.000002 11.717321 1.840296 7.947047 68.989532 -2.713071 6.771314 -0.205033 39.128021 0.233312 3.886639 -9.610322 -18.655167 2.243540 -5.255033 -3.180156 14.282877 -0.826594 6.952496 -0.000000 -12.690593 -0.000001 15.880529 -17.582024 2.940269 1.665665 -1.955920 -2.878297 4.727794 -4.170584 4.993919 11.020511 0.000001 -0.000000 12.109032 -3.735715 -2.866778 0.000000 -0.000000 0.000000 1.291985 -1.928548 -1.498088 14.800115 0.567467 3.865604 14.242553 -1.341738 -6.660648 19.631935 0.143921 -0.648243 50.122890 -0.368751 -5.681746 0.353029 -1.511150 -0.031940 20.222769 3.684305 2.316629 18.787249 0.000001 -0.000001 10.751608 -0.479870 1.397903 0.000000 -0.000000 0.000000 3.273804 0.305947 -0.580110 21.486790 11.830364 2.266131 8.162915 0.000000 -0.000000 18.399052 -3.798986 -4.940567 0.000003 0.000000 -0.000001 11.747150 6.793113 9.689788 0.001598 -0.663446 23.729860 -13.478168 2.109457 2.015690 1.867364 -2.274660 -12.848432 0.000000 -0.000000 0.000002 2.163299 -4.187301 -6.448720 -0.017598 -0.376798 11.446112 5.133771 -5.300646 0.952221 -1.391944 0.924912 -1.624951 0.000000 -0.000000 -0.000001
0.000000 0.000000 0.000000 0.000000 -0.000000 0.000000 -0.694583 0.758186 -2.840878 -1.295923 0.158284 -6.460500 -2.967471 -0.921678 -5.933952 -1.525807 -1.968448 -7.043431 -0.021489 -5.084210 17.387085 1.372409 2.138914 17.773193 -0.051279 2.240523 -4.097187 -1.666993 2.629258 -9.257627 0.000077 -0.000022 0.000006 0.015280 -0.257558 0.011299 0.673256 -3.960124 -10.683661 -0.639215 3.456181 -10.674797 2.724742 -2.482147 7.419587 -77.478134 -5.478926 5.862715 -0.635512 -23.119080 0.337243 -4.344223 1.147635 7.283888 -5.882102 9.861279 0.702590 -10.936861 -0.360574 7.156197 0.000000 8.774815 -0.000000 -16.300064 18.279526 6.248282 -1.844031 2.498503 -2.507276 -10.163590 4.678941 4.621104 -20.975996 -0.000001 0.000001 -21.226254 2.451698 -3.593995 0.000000 -0.000006 -0.000000 -1.362681 2.240797 -0.746323 -21.334892 0.584910 3.008319 -13.821196 -0.000001 0.000001 -23.887129 -0.249075 -0.839485 -60.884457 2.934889 -0.582786 -0.294025 1.679686 0.833255 -14.218195 0.093215 1.300579 -34.212002 -0.287561 0.967166 -20.033176 0.964536 1.212838 0.000000 -0.000000 0.000000 -3.440387 0.788233 0.501655 -15.928172 -3.167306 2.999703 -6.338817 -0.000000 0.000001 -18.123419 3.648181 -4.905662 -0.000004 0.000000 -0.000002 12.100225 1.458085 7.892867 68.319298 -2.247651 6.030186 -0.222338 39.206059 0.241889 3.062638 -10.068290 -17.625484 2.243540 -5.255033 -3.180156 14.282877 -0.826594 6.952496 -0.000000 -12.690593 -0.000001 15.898090 -17.568029 2.887401 1.665665 -1.955920 -2.878297 4.727794 -4.170584 4.993919 11.020511 0.000001 -0.000000 12.109032 -3.735715 -2.866778 0.000000 -0.000000 0.000000 1.291985 -1.928548 -1.498088 14.800115 0.567467 3.865604 14.242553 -1.341738 -6.660648 19.631935 0.143921 -0.648243 50.032799 -0.391207 -5.706598 0.353029 -1.511150 -0.031940 20.222769 3.684305 2.316629 18.787249 0.000001 -0.000001 10.751608 -0.479870 1.397903 0.000000 -0.000000 0.000000 3.273804 0.305947 -0.580110 21.486790 11.830364 2.266131 8.162915 0.000000 -0.000000 18.399052 -3.798986 -4.940567 0.000003 0.000000 -0.000001 11.747150 6.793113 9.689788 0.001598 -0.663446 23.729860 -13.478168 2.109457 2.015690 1.867364 -2.274660 -12.848432 0.000000 -0.000000 0.000002 2.163299 -4.187301 -6.448720 -0.017598 -0.376798 11.446112 5.133771 -5.300646 0.952221 -1.391944 0.924912 -1.624951 0.000000 -0.000000 -0.000001
0.000000 0.000000 0.000000 0.000000 -0.000000 0.000000 -0.694583 0.796753 -2.840878 -1.295923 0.158284 -6.460500 -3.038397 -0.978116 -6.220409 -1.496883 -2.169791 -7.183260 0.269419 -5.262691 17.205976 1.655205 1.892519 18.343544 -0.217446 2.099914 -4.116168 -2.200153 2.543330 -8.699811 0.000077 -0.000022 0.000006 0.019073 -0.234872 0.013129 0.668986 -3.937770 -10.674350 -0.627597 3.479771 -10.666854 2.676872 -2.694652 7.492991 -77.324173 -5.121166 6.929061 -0.733787 -23.146206 0.329890 -4.522189 1.207797 7.557281 -5.882102 9.861279 0.702590 -10.936861 -0.360574 7.156197 0.000000 8.774815 -0.000000 -16.299679 18.186787 6.197591 -1.844031 2.498503 -2.507276 -10.163590 4.678941 4.621104 -20.975996 -0.000001 0.000001 -21.226254 2.451698 -3.593995 0.000000 -0.000006 -0.000000 -1.362681 2.240797 -0.746323 -21.334892 0.584910 3.008319 -13.821196 -0.000001 0.000001 -23.887129 -0.249075 -0.839485 -60.829590 2.828671 -0.507295 -0.294025 1.679686 0.833255 -14.218195 0.093215 1.300579 -34.212002 -0.287561 0.967166 -20.033176 0.964536 1.212838 0.000000 -0.000000 0.000000 -3.440387 0.788233 0.501655 -15.928172 -3.167306 2.999703 -6.338817 -0.000000 0.000001 -18.123419 3.648181 -4.905662 -0.000004 0.000000 -0.000002 12.561929 1.020409 7.833583 67.767181 -2.051157 5.104469 -0.340500 39.504574 0.202700 2.349377 -10.503839 -16.662460 2.243540 -5.255033 -3.180156 14.282877 -0.826594 6.952496 -0.000000 -12.690593 -0.000001 15.914110 -17.538528 2.842166 1.665665 -1.955920 -2.878297 4.727794 -4.170584 4.993919 11.020511 0.000001 -0.000000 12.109032 -3.735715 -2.866778 0.000000 -0.000000 0.000000 1.291985 -1.928548 -1.498088 14.800115 0.567467 3.865604 14.242553 -1.341738 -6.660648 19.631935 0.143921 -0.648243 49.975582 -0.417370 -5.717236 0.353029 -1.511150 -0.031940 20.222769 3.684305 2.316629 18.787249 0.000001 -0.000001 10.751608 -0.479870 1.397903 0.000000 -0.000000 0.000000 3.273804 0.305947 -0.580110 21.486790 11.830364 2.266131 8.162915 0.000000 -0.000000 18.399052 -3.798986 -4.940567 0.000003 0.000000 -0.000001 11.747150 6.793113 9.689788 0.001598 -0.663446 23.729860 -13.478168 2.109457 2.015690 1.867364 -2.274660 -12.848432 0.000000 -0.000000 0.000002 2.163299 -4.187301 -6.448720 -0.017598 -0.376798 11.446112 5.133771 -5.300646 0.952221 -1.391944 0.924912 -1.624951 0.000000 -0.000000 -0.000001
0.000000 0.000000 0.000000 0.000000 -0.000000 0.000000 -0.694583 0.827156 -2.840878 -1.295923 0.158284 -6.460500 -3.127579 -0.994606 -6.569045 -1.483244 -2.408399 -7.339462 0.477704 -5.418441 17.056650 1.964920 1.630373 18.852806 -0.370540 1.876024 -4.145118 -2.868227 2.495252 -8.132178 0.000077 -0.000022 0.000006 0.027370 -0.250243 0.028174 0.670279 -3.955671 -10.653452 -0.612615 3.466761 -10.641461 2.713805 -2.912959 7.512035 -77.163437 -4.482518 8.380259 -0.850443 -23.750027 0.353563 -4.951835 0.949155 7.737689 -5.882102 9.861279 0.702590 -10.936861 -0.360574 7.156197 0.000000 8.774815 -0.000000 -16.285612 18.181265 6.147375 -1.844031 2.498503 -2.507276 -10.163590 4.678941 4.621104 -20.975996 -0.000001 0.000001 -21.226254 2.451698 -3.593995 0.000000 -0.000006 -0.000000 -1.362681 2.240797 -0.746323 -21.334892 0.584910 3.008319 -13.821196 -0.000001 0.000001 -23.887129 -0.249075 -0.839485 -60.791641 2.773037 -0.494371 -0.294025 1.679686 0.833255 -14.218195 0.093215 1.300579 -34.212002 -0.287561 0.967166 -20.033176 0.964536 1.212838 0.000000 -0.000000 0.000000 -3.440387 0.788233 0.501655 -15.928172 -3.167306 2.999703 -6.338817 -0.000000 0.000001 -18.123419 3.648181 -4.905662 -0.000004 0.000000 -0.000002 12.887565 0.577117 7.699903 67.462135 -2.112073 3.808312 -0.071350 39.934166 0.300719 1.672313 -11.032352 -15.737644 2.243540 -5.255033 -3.180156 14.282877 -0.826594 6.952496 -0.000000 -12.690593 -0.000001 15.927505 -17.481258 2.783660 1.665665 -1.955920 -2.878297 4.727794 -4.170584 4.993919 11.020511 0.000001 -0.000000 12.109032 -3.735715 -2.866778 0.000000 -0.000000 0.000000 1.291985 -1.928548 -1.498088 14.800115 0.567467 3.865604 14.242553 -1.341738 -6.660648 19.631935 0.143921 -0.648243 49.853519 -0.411181 -5.678123 0.353029 -1.511150 -0.031940 20.222769 3.684305 2.316629 18.787249 0.000001 -0.000001 10.751608 -0.479870 1.397903 0.000000 -0.000000 0.000000 3.273804 0.305947 -0.580110 21.486790 11.830364 2.266131 8.162915 0.000000 -0.000000 18.399052 -3.798986 -4.940567 0.000003 0.000000 -0.000001 11.747150 6.793113 9.689788 0.001598 -0.663446 23.729860 -13.478168 2.109457 2.015690 1.867364 -2.274660 -12.848432 0.000000 -0.000000 0.000002 2.163299 -4.187301 -6.448720 -0.017598 -0.376798 11.446112 5.133771 -5.300646 0.952221 -1.391944 0.924912 -1.624951 0.000000 -0.000000 -0.000001
0.000000 0.000000 0.000000 0.000000 -0.000000 0.000000 -0.694583 0.876503 -2.840878 -1.295923 0.158284 -6.460500 -3.179113 -0.994909 -6.872509 -1.430245 -2.433259 -7.536635 0.735084 -5.464821 16.913549 1.987321 1.651688 19.340338 -0.475478 1.688374 -4.149284 -3.313783 2.403998 -7.631472 0.000077 -0.000022 0.000006 0.026705 -0.219826 0.023175 0.665675 -3.927281 -10.664434 -0.610056 3.500005 -10.653316 2.508615 -2.858691 7.500120 -76.993248 -3.560679 9.528525 -0.879920 -24.553436 0.340685 -5.341101 0.649876 7.766831 -5.882102 9.861279 0.702590 -10.936861 -0.360574 7.156197 0.000000 8.774815 -0.000000 -16.320179 18.083265 6.088378 -1.844031 2.498503 -2.507276 -10.163590 4.678941 4.621104 -20.975996 -0.000001 0.000001 -21.226254 2.451698 -3.593995 0.000000 -0.000006 -0.000000 -1.362681 2.240797 -0.746323 -21.334892 0.584910 3.008319 -13.821196 -0.000001 0.000001 -23.887129 -0.249075 -0.839485 -60.884941 2.720229 -0.453060 -0.294025 1.679686 0.833255 -14.218195 0.093215 1.300579 -34.212002 -0.287561 0.967166 -20.033176 0.964536 1.212838 0.000000 -0.000000 0.000000 -3.440387 0.788233 0.501655 -15.928172 -3.167306 2.999703 -6.338817 -0.000000 0.000001 -18.123419 3.648181 -4.905662 -0.000004 0.000000 -0.000002 13.135666 0.360734 7.767680 67.169464 -2.074866 3.065262 -0.143295 40.181080 0.273917 1.232038 -11.617537 -14.760951 2.243540 -5.255033 -3.180156 14.282877 -0.826594 6.952496 -0.000000 -12.690593 -0.000001 15.952154 -17.520641 2.775293 1.665665 -1.955920 -2.878297 4.727794 -4.170584 4.993919 11.020511 0.000001 -0.000000 12.109032 -3.735715 -2.866778 0.000000 -0.000000 0.000000 1.291985 -1.928548 -1.498088 14.800115 0.567467 3.865604 14.242553 -1.341738 -6.660648 19.631935 0.143921 -0.648243 49.926182 -0.432024 -5.731055 0.353029 -1.511150 -0.031940 20.222769 3.684305 2.316629 18.787249 0.000001 -0.000001 10.751608 -0.479870 1.397903 0.000000 -0.000000 0.000000 3.273804 0.305947 -0.580110 21.486790 11.830364 2.266131 8.162915 0.000000 -0.000000 18.399052 -3.798986 -4.940567 0.000003 0.000000 -0.000001 11.747150 6.793113 9.689788 0.001598 -0.663446 23.729860 -13.478168 2.109457 2.015690 1.867364 -2.274660 -12.848432 0.000000 -0.000000 0.000002 2.163299 -4.187301 -6.448720 -0.017598 -0.376798 11.446112 5.133771 -5.300646 0.952221 -1.391944 0.924912 -1.624951 0.000000 -0.000000 -0.000001
0.000000 0.000000 0.000000 0.000000 -0.000000 0.000000 -0.694583 0.907135 -2.840878 -1.295923 0.158284 -6.460500 -3.228137 -0.990602 -7.171150 -1.413683 -2.513779 -7.716582 1.003257 -5.605828 16.823870 2.013036 1.612796 19.690119 -0.552305 1.527172 -4.161969 -3.869198 2.323614 -7.088697 0.000077 -0.000022 0.000006 0.032040 -0.220216 0.012862 0.668233 -3.928464 -10.668707 -0.602530 3.500656 -10.655761 2.398571 -2.819923 7.486712 -76.990280 -2.873041 10.493891 -0.820783 -24.787544 0.327706 -5.388536 0.468242 8.076286 -5.882102 9.861279 0.702590 -10.936861 -0.360574 7.156197 0.000000 8.774815 -0.000000 -16.294235 18.055519 6.057575 -1.844031 2.498503 -2.507276 -10.163590 4.678941 4.621104 -20.975996 -0.000001 0.000001 -21.226254 2.451698 -3.593995 0.000000 -0.000006 -0.000000 -1.362681 2.240797 -0.746323 -21.334892 0.584910 3.008319 -13.821196 -0.000001 0.000001 -23.887129 -0.249075 -0.839485 -60.875057 2.685532 -0.449391 -0.294025 1.679686 0.833255 -14.218195 0.093215 1.300579 -34.212002 -0.287561 0.967166 -20.033176 0.964536 1.212838 0.000000 -0.000000 0.000000 -3.440387 0.788233 0.501655 -15.928172 -3.167306 2.999703 -6.338817 -0.000000 0.000001 -18.123419 3.648181 -4.905662 -0.000004 0.000000 -0.000002 13.318673 0.073436 7.801575 66.986473 -2.154450 2.310507 -0.007480 40.405441 0.336712 0.876812 -12.130091 -13.686629 2.243540 -5.255033 -3.180156 14.282877 -0.826594 6.952496 -0.000000 -12.690593 -0.000001 15.942731 -17.527166 2.773512 1.665665 -1.955920 -2.878297 4.727794 -4.170584 4.993919 11.020511 0.000001 -0.000000 12.109032 -3.735715 -2.866778 0.000000 -0.000000 0.000000 1.291985 -1.928548 -1.498088 14.800115 0.567467 3.865604 14.242553 -1.341738 -6.660648 19.631935 0.143921 -0.648243 49.974644 -0.448664 -5.714406 0.353029 -1.511150 -0.031940 20.222769 3.684305 2.316629 18.787249 0.000001 -0.000001 10.751608 -0.479870 1.397903 0.000000 -0.000000 0.000000 3.273804 0.305947 -0.580110 21.486790 11.830364 2.266131 8.162915 0.000000 -0.000000 18.399052 -3.798986 -4.940567 0.000003 0.000000 -0.000001 11.747150 6.793113 9.689788 0.001598 -0.663446 23.729860 -13.478168 2.109457 2.015690 1.867364 -2.274660 -12.848432 0.000000 -0.000000 0.000002 2.163299 -4.187301 -6.448720 -0.017598 -0.376798 11.446112 5.133771 -5.300646 0.952221 -1.391944 0.924912 -1.624951 0.000000 -0.000000 -0.000001
0.000000 0.000000 0.000000 0.000000 -0.000000 0.000000 -0.694583 0.919785 -2.840878 -1.295923 0.158284 -6.460500 -3.270378 -1.008946 -7.420588 -1.411550 -2.617761 -7.872315 1.248414 -5.782910 16.754189 2.072423 1.544002 19.907951 -0.631208 1.337837 -4.166137 -4.364638 2.214136 -6.619653 0.000077 -0.000022 0.000006 0.037709 -0.222295 -0.003735 0.672193 -3.932615 -10.684164 -0.595805 3.500880 -10.670086 2.414048 -2.860371 7.479374 -77.188362 -2.451258 11.054267 -0.736334 -24.504827 0.316312 -5.245975 0.445688 8.386069 -5.882102 9.861279 0.702590 -10.936861 -0.360574 7.156197 0.000000 8.774815 -0.000000 -16.267065 18.017506 6.034810 -1.844031 2.498503 -2.507276 -10.163590 4.678941 4.621104 -20.975996 -0.000001 0.000001 -21.226254 2.451698 -3.593995 0.000000 -0.000006 -0.000000 -1.362681 2.240797 -0.746323 -21.334892 0.584910 3.008319 -13.821196 -0.000001 0.000001 -23.887129 -0.249075 -0.839485 -60.832439 2.631917 -0.463984 -0.294025 1.679686 0.833255 -14.218195 0.093215 1.300579 -34.212002 -0.287561 0.967166 -20.033176 0.964536 1.212838 0.000000 -0.000000 0.000000 -3.440387 0.788233 0.501655 -15.928172 -3.167306 2.999703 -6.338817 -0.000000 0.000001 -18.123419 3.648181 -4.905662 -0.000004 0.000000 -0.000002 13.427251 -0.242860 7.824098 66.945915 -2.346348 1.584606 0.215844 40.597015 0.457745 0.491917 -12.520667 -12.758151 2.243540 -5.255033 -3.180156 14.282877 -0.826594 6.952496 -0.000000 -12.690593 -0.000001 15.897078 -17.516926 2.777120 1.665665 -1.955920 -2.878297 4.727794 -4.170584 4.993919 11.020511 0.000001 -0.000000 12.109032 -3.735715 -2.866778 0.000000 -0.000000 0.000000 1.291985 -1.928548 -1.498088 14.800115 0.567467 3.865604 14.242553 -1.341738 -6.660648 19.631935 0.143921 -0.648243 49.991356 -0.485984 -5.708692 0.353029 -1.511150 -0.031940 20.222769 3.684305 2.316629 18.787249 0.000001 -0.000001 10.751608 -0.479870 1.397903 0.000000 -0.000000 0.000000 3.273804 0.305947 -0.580110 21.486790 11.830364 2.266131 8.162915 0.000000 -0.000000 18.399052 -3.798986 -4.940567 0.000003 0.000000 -0.000001 11.747150 6.793113 9.689788 0.001598 -0.663446 23.729860 -13.478168 2.109457 2.015690 1.867364 -2.274660 -12.848432 0.000000 -0.000000 0.000002 2.163299 -4.187301 -6.448720 -0.017598 -0.376798 11.446112 5.133771 -5.300646 0.952221 -1.391944 0.924912 -1.624951 0.000000 -0.000000 -0.000001
0.000000 0.000000 0.000000 0.000000 -0.000000 0.000000 -0.694583 0.915398 -2.840878 -1.295923 0.158284 -6.460500 -3.308207 -1.037730 -7.620533 -1.409507 -2.736594 -7.991877 1.429245 -5.970519 16.682400 2.222516 1.410516 20.044512 -0.719261 1.116472 -4.155750 -4.750691 2.105986 -6.316330 0.000077 -0.000022 0.000006 0.042068 -0.224914 -0.017153 0.675732 -3.939703 -10.708186 -0.591183 3.503028 -10.693292 2.580435 -2.967728 7.467948 -77.515549 -2.223974 11.358426 -0.696897 -24.011633 0.305994 -5.086249 0.505083 8.694455 -5.882102 9.861279 0.702590 -10.936861 -0.360574 7.156197 0.000000 8.774815 -0.000000 -16.274889 17.984621 5.996306 -1.844031 2.498503 -2.507276 -10.163590 4.678941 4.621104 -20.975996 -0.000001 0.000001 -21.226254 2.451698 -3.593995 0.000000 -0.000006 -0.000000 -1.362681 2.240797 -0.746323 -21.334892 0.584910 3.008319 -13.821196 -0.000001 0.000001 -23.887129 -0.249075 -0.839485 -60.822399 2.576731 -0.485629 -0.294025 1.679686 0.833255 -14.218195 0.093215 1.300579 -34.212002 -0.287561 0.967166 -20.033176 0.964536 1.212838 0.000000 -0.000000 0.000000 -3.440387 0.788233 0.501655 -15.928172 -3.167306 2.999703 -6.338817 -0.000000 0.000001 -18.123419 3.648181 -4.905662 -0.000004 0.000000 -0.000002 13.435868 -0.567600 7.819568 67.114159 -2.673865 0.754973 0.565095 40.751839 0.651275 0.086487 -12.790298 -12.070107 2.243540 -5.255033 -3.180156 14.282877 -0.826594 6.952496 -0.000000 -12.690593 -0.000001 15.871509 -17.495077 2.756601 1.665665 -1.955920 -2.878297 4.727794 -4.170584 4.993919 11.020511 0.000001 -0.000000 12.109032 -3.735715 -2.866778 0.000000 -0.000000 0.000000 1.291985 -1.928548 -1.498088 14.800115 0.567467 3.865604 14.242553 -1.341738 -6.660648 19.631935 0.143921 -0.648243 49.980629 -0.516862 -5.712014 0.353029 -1.511150 -0.031940 20.222769 3.684305 2.316629 18.787249 0.000001 -0.000001 10.751608 -0.479870 1.397903 0.000000 -0.000000 0.000000 3.273804 0.305947 -0.580110 21.486790 11.830364 2.266131 8.162915 0.000000 -0.000000 18.399052 -3.798986 -4.940567 0.000003 0.000000 -0.000001 11.747150 6.793113 9.689788 0.001598 -0.663446 23.729860 -13.478168 2.109457 2.015690 1.867364 -2.274660 -12.848432 0.000000 -0.000000 0.000002 2.163299 -4.187301 -6.448720 -0.017598 -0.376798 11.446112 5.133771 -5.300646 0.952221 -1.391944 0.924912 -1.624951 0.000000 -0.000000 -0.000001
0.000000 0.000000 0.000000 0.000000 -0.000000 0.000000 -0.694583 0.900352 -2.840878 -1.295923 0.158284 -6.460500 -3.347102 -1.058758 -7.783499 -1.398652 -2.860689 -8.077945 1.551620 -6.142113 16.611315 2.448191 1.205899 20.074526 -0.796020 0.932337 -4.132710 -4.986398 2.006393 -6.186832 0.000077 -0.000022 0.000006 0.044206 -0.219077 -0.021330 0.676669 -3.936547 -10.718789 -0.588286 3.511982 -10.704546 2.796813 -3.130966 7.462207 -77.847557 -2.102695 11.539473 -0.697694 -23.613594 0.297825 -4.961872 0.565816 8.819721 -5.882102 9.861279 0.702590 -10.936861 -0.360574 7.156197 0.000000 8.774815 -0.000000 -16.269024 17.950350 5.964458 -1.844031 2.498503 -2.507276 -10.163590 4.678941 4.621104 -20.975996 -0.000001 0.000001 -21.226254 2.451698 -3.593995 0.000000 -0.000006 -0.000000 -1.362681 2.240797 -0.746323 -21.334892 0.584910 3.008319 -13.821196 -0.000001 0.000001 -23.887129 -0.249075 -0.839485 -60.825218 2.535600 -0.493624 -0.294025 1.679686 0.833255 -14.218195 0.093215 1.300579 -34.212002 -0.287561 0.967166 -20.033176 0.964536 1.212838 0.000000 -0.000000 0.000000 -3.440387 0.788233 0.501655 -15.928172 -3.167306 2.999703 -6.338817 -0.000000 0.000001 -18.123419 3.648181 -4.905662 -0.000004 0.000000 -0.000002 13.354092 -0.874095 7.848396 67.423683 -3.016263 0.083757 0.873308 40.824512 0.807162 -0.165623 -12.949219 -11.635139 2.243540 -5.255033 -3.180156 14.282877 -0.826594 6.952496 -0.000000 -12.690593 -0.000001 15.865174 -17.477684 2.718338 1.665665 -1.955920 -2.878297 4.727794 -4.170584 4.993919 11.020511 0.000001 -0.000000 12.109032 -3.735715 -2.866778 0.000000 -0.000000 0.000000 1.291985 -1.928548 -1.498088 14.800115 0.567467 3.865604 14.242553 -1.341738 -6.660648 19.631935 0.143921 -0.648243 49.957741 -0.523315 -5.719988 0.353029 -1.511150 -0.031940 20.222769 3.684305 2.316629 18.787249 0.000001 -0.000001 10.751608 -0.479870 1.397903 0.000000 -0.000000 0.000000 3.273804 0.305947 -0.580110 21.486790 11.830364 2.266131 8.162915 0.000000 -0.000000 18.399052 -3.798986 -4.940567 0.000003 0.000000 -0.000001 11.747150 6.793113 9.689788 0.001598 -0.663446 23.729860 -13.478168 2.109457 2.015690 1.867364 -2.274660 -12.848432 0.000000 -0.000000 0.000002 2.163299 -4.187301 -6.448720 -0.017598 -0.376798 11.446112 5.133771 -5.300646 0.952221 -1.391944 0.924912 -1.624951 0.000000 -0.000000 -0.000001
0.000000 0.000000 0.000000 0.000000 -0.000000 0.000000 -0.694583 0.888954 -2.840878 -1.295923 0.158284 -6.460500 -3.390221 -1.072403 -7.902580 -1.384365 -2.958134 -8.134937 1.658488 -6.290598 16.524633 2.772456 0.947219 20.002161 -0.856274 0.844233 -4.120713 -5.119242 1.903133 -6.120470 0.000077 -0.000022 0.000006 0.043047 -0.198749 -0.021924 0.674164 -3.915255 -10.719449 -0.588348 3.531421 -10.704258 2.933423 -3.294921 7.507692 -78.067253 -2.086524 11.852592 -0.663516 -23.486067 0.260110 -4.962366 0.627367 8.746093 -5.882102 9.861279 0.702590 -10.936861 -0.360574 7.156197 0.000000 8.774815 -0.000000 -16.220671 17.922579 5.947320 -1.844031 2.498503 -2.507276 -10.163590 4.678941 4.621104 -20.975996 -0.000001 0.000001 -21.226254 2.451698 -3.593995 0.000000 -0.000006 -0.000000 -1.362681 2.240797 -0.746323 -21.334892 0.584910 3.008319 -13.821196 -0.000001 0.000001 -23.887129 -0.249075 -0.839485 -60.775448 2.500342 -0.515342 -0.294025 1.679686 0.833255 -14.218195 0.093215 1.300579 -34.212002 -0.287561 0.967166 -20.033176 0.964536 1.212838 0.000000 -0.000000 0.000000 -3.440387 0.788233 0.501655 -15.928172 -3.167306 2.999703 -6.338817 -0.000000 0.000001 -18.123419 3.648181 -4.905662 -0.000004 0.000000 -0.000002 13.280963 -1.113952 7.944632 67.720146 -3.273156 -0.125682 0.916639 40.745712 0.828315 -0.106472 -12.978258 -11.379889 2.243540 -5.255033 -3.180156 14.282877 -0.826594 6.952496 -0.000000 -12.690593 -0.000001 15.879982 -17.478041 2.697291 1.665665 -1.955920 -2.878297 4.727794 -4.170584 4.993919 11.020511 0.000001 -0.000000 12.109032 -3.735715 -2.866778 0.000000 -0.000000 0.000000 1.291985 -1.928548 -1.498088 14.800115 0.567467 3.865604 14.242553 -1.341738 -6.660648 19.631935 0.143921 -0.648243 49.968094 -0.499229 -5.742284 0.353029 -1.511150 -0.031940 20.222769 3.684305 2.316629 18.787249 0.000001 -0.000001 10.751608 -0.479870 1.397903 0.000000 -0.000000 0.000000 3.273804 0.305947 -0.580110 21.486790 11.830364 2.266131 8.162915 0.000000 -0.000000 18.399052 -3.798986 -4.940567 0.000003 0.000000 -0.000001 11.747150 6.793113 9.689788 0.001598 -0.663446 23.729860 -13.478168 2.109457 2.015690 1.867364 -2.274660 -12.848432 0.000000 -0.000000 0.000002 2.163299 -4.187301 -6.448720 -0.017598 -0.376798 11.446112 5.133771 -5.300646 0.952221 -1.391944 0.924912 -1.624951 0.000000 -0.000000 -0.000001
0.000000 0.000000 0.000000 0.000000 -0.000000 0.000000 -0.694583 0.858910 -2.840878 -1.295923 0.158284 -6.460500 -3.450372 -1.068738 -8.060066 -1.397440 -3.131595 -8.182844 1.732747 -6.397312 16.482405 3.154705 0.559823 19.869984 -0.881748 0.775724 -4.136000 -5.276707 1.864774 -6.082998 0.000077 -0.000022 0.000006 0.049397 -0.232333 -0.019701 0.684535 -3.949235 -10.720016 -0.586160 3.498177 -10.691474 3.104568 -3.484994 7.481795 -78.226860 -2.155267 12.221264 -0.771585 -23.493511 0.277020 -5.039366 0.594760 8.853444 -5.882102 9.861279 0.702590 -10.936861 -0.360574 7.156197 0.000000 8.774815 -0.000000 -16.146692 17.994474 5.981520 -1.844031 2.498503 -2.507276 -10.163590 4.678941 4.621104 -20.975996 -0.000001 0.000001 -21.226254 2.451698 -3.593995 0.000000 -0.000006 -0.000000 -1.362681 2.240797 -0.746323 -21.334892 0.584910 3.008319 -13.821196 -0.000001 0.000001 -23.887129 -0.249075 -0.839485 -60.694332 2.529473 -0.542310 -0.294025 1.679686 0.833255 -14.218195 0.093215 1.300579 -34.212002 -0.287561 0.967166 -20.033176 0.964536 1.212838 0.000000 -0.000000 0.000000 -3.440387 0.788233 0.501655 -15.928172 -3.167306 2.999703 -6.338817 -0.000000 0.000001 -18.123419 3.648181 -4.905662 -0.000004 0.000000 -0.000002 13.125442 -1.355801 7.868904 68.042015 -3.677387 -0.170202 1.139699 40.552959 0.849800 0.135756 -12.895585 -11.322741 2.243540 -5.255033 -3.180156 14.282877 -0.826594 6.952496 -0.000000 -12.690593 -0.000001 15.919595 -17.457380 2.710467 1.665665 -1.955920 -2.878297 4.727794 -4.170584 4.993919 11.020511 0.000001 -0.000000 12.109032 -3.735715 -2.866778 0.000000 -0.000000 0.000000 1.291985 -1.928548 -1.498088 14.800115 0.567467 3.865604 14.242553 -1.341738 -6.660648 19.631935 0.143921 -0.648243 49.918804 -0.472214 -5.684404 0.353029 -1.511150 -0.031940 20.222769 3.684305 2.316629 18.787249 0.000001 -0.000001 10.751608 -0.479870 1.397903 0.000000 -0.000000 0.000000 3.273804 0.305947 -0.580110 21.486790 11.830364 2.266131 8.162915 0.000000 -0.000000 18.399052 -3.798986 -4.940567 0.000003 0.000000 -0.000001 11.747150 6.793113 9.689788 0.001598 -0.663446 23.729860 -13.478168 2.109457 2.015690 1.867364 -2.274660 -12.848432 0.000000 -0.000000 0.000002 2.163299 -4.187301 -6.448720 -0.017598 -0.376798 11.446112 5.133771 -5.300646 0.952221 -1.391944 0.924912 -1.624951 0.000000 -0.000000 -0.000001
0.000000 0.000000 0.000000 0.000000 -0.000000 0.000000 -0.694583 0.834526 -2.840878 -1.295923 0.158284 -6.460500 -3.429834 -1.102517 -8.147285 -1.365509 -3.089962 -8.258102 1.847641 -6.378798 16.402210 3.318458 0.456496 19.770985 -0.874953 0.726734 -4.111946 -5.219812 1.821131 -6.094193 0.000077 -0.000022 0.000006 0.049935 -0.241759 -0.028888 0.683381 -3.960211 -10.746678 -0.584175 3.490927 -10.720409 3.013481 -3.482927 7.465527 -78.278404 -2.160807 12.495919 -0.821721 -23.659777 0.246704 -5.210100 0.534697 8.568630 -5.882102 9.861279 0.702590 -10.936861 -0.360574 7.156197 0.000000 8.774815 -0.000000 -16.188610 17.920158 5.944001 -1.844031 2.498503 -2.507276 -10.163590 4.678941 4.621104 -20.975996 -0.000001 0.000001 -21.226254 2.451698 -3.593995 0.000000 -0.000006 -0.000000 -1.362681 2.240797 -0.746323 -21.334892 0.584910 3.008319 -13.821196 -0.000001 0.000001 -23.887129 -0.249075 -0.839485 -60.735279 2.466181 -0.487815 -0.294025 1.679686 0.833255 -14.218195 0.093215 1.300579 -34.212002 -0.287561 0.967166 -20.033176 0.964536 1.212838 0.000000 -0.000000 0.000000 -3.440387 0.788233 0.501655 -15.928172 -3.167306 2.999703 -6.338817 -0.000000 0.000001 -18.123419 3.648181 -4.905662 -0.000004 0.000000 -0.000002 13.023499 -1.373688 7.968469 68.122353 -3.689396 0.251747 1.210030 39.973869 0.814787 0.477398 -12.773822 -11.025659 2.243540 -5.255033 -3.180156 14.282877 -0.826594 6.952496 -0.000000 -12.690593 -0.000001 15.955385 -17.504543 2.747646 1.665665 -1.955920 -2.878297 4.727794 -4.170584 4.993919 11.020511 0.000001 -0.000000 12.109032 -3.735715 -2.866778 0.000000 -0.000000 0.000000 1.291985 -1.928548 -1.498088 14.800115 0.567467 3.865604 14.242553 -1.341738 -6.660648 19.631935 0.143921 -0.648243 50.004673 -0.498409 -5.735878 0.353029 -1.511150 -0.031940 20.222769 3.684305 2.316629 18.787249 0.000001 -0.000001 10.751608 -0.479870 1.397903 0.000000 -0.000000 0.000000 3.273804 0.305947 -0.580110 21.486790 11.830364 2.266131 8.162915 0.000000 -0.000000 18.399052 -3.798986 -4.940567 0.000003 0.000000 -0.000001 11.747150 6.793113 9.689788 0.001598 -0.663446 23.729860 -13.478168 2.109457 2.015690 1.867364 -2.274660 -12.848432 0.000000 -0.000000 0.000002 2.163299 -4.187301 -6.448720 -0.017598 -0.376798 11.446112 5.133771 -5.300646 0.952221 -1.391944 0.924912 -1.624951 0.000000 -0.000000 -0.000001
0.000000 0.000000 0.000000 0.000000 -0.000000 0.000000 -0.694583 0.808166 -2.840878 -1.295923 0.158284 -6.460500 -3.438504 -1.119879 -8.255672 -1.355161 -3.098000 -8.314413 1.919293 -6.406579 16.325172 3.533275 0.285484 19.655365 -0.866638 0.737398 -4.106608 -5.202505 1.809713 -6.086985 0.000077 -0.000022 0.000006 0.051080 -0.248375 -0.032082 0.684529 -3.966192 -10.739858 -0.583054 3.483843 -10.713318 3.029110 -3.489690 7.423211 -78.410660 -2.276350 12.664009 -0.902971 -23.675371 0.260206 -5.287676 0.522781 8.410541 -5.882102 9.861279 0.702590 -10.936861 -0.360574 7.156197 0.000000 8.774815 -0.000000 -16.165585 17.939161 5.943580 -1.844031 2.498503 -2.507276 -10.163590 4.678941 4.621104 -20.975996 -0.000001 0.000001 -21.226254 2.451698 -3.593995 0.000000 -0.000006 -0.000000 -1.362681 2.240797 -0.746323 -21.334892 0.584910 3.008319 -13.821196 -0.000001 0.000001 -23.887129 -0.249075 -0.839485 -60.703770 2.456504 -0.480962 -0.294025 1.679686 0.833255 -14.218195 0.093215 1.300579 -34.212002 -0.287561 0.967166 -20.033176 0.964536 1.212838 0.000000 -0.000000 0.000000 -3.440387 0.788233 0.501655 -15.928172 -3.167306 2.999703 -6.338817 -0.000000 0.000001 -18.123419 3.648181 -4.905662 -0.000004 0.000000 -0.000002 12.894834 -1.405152 7.962057 68.241234 -3.774786 0.567059 1.374347 39.461731 0.846923 0.681939 -12.640224 -10.874510 2.243540 -5.255033 -3.180156 14.282877 -0.826594 6.952496 -0.000000 -12.690593 -0.000001 15.967111 -17.511845 2.775784 1.665665 -1.955920 -2.878297 4.727794 -4.170584 4.993919 11.020511 0.000001 -0.000000 12.109032 -3.735715 -2.866778 0.000000 -0.000000 0.000000 1.291985 -1.928548 -1.498088 14.800115 0.567467 3.865604 14.242553 -1.341738 -6.660648 19.631935 0.143921 -0.648243 50.014011 -0.511944 -5.745232 0.353029 -1.511150 -0.031940 20.222769 3.684305 2.316629 18.787249 0.000001 -0.000001 10.751608 -0.479870 1.397903 0.000000 -0.000000 0.000000 3.273804 0.305947 -0.580110 21.486790 11.830364 2.266131 8.162915 0.000000 -0.000000 18.399052 -3.798986 -4.940567 0.000003 0.000000 -0.000001 11.747150 6.793113 9.689788 0.001598 -0.663446 23.729860 -13.478168 2.109457 2.015690 1.867364 -2.274660 -12.848432 0.000000 -0.000000 0.000002 2.163299 -4.187301 -6.448720 -0.017598 -0.376798 11.446112 5.133771 -5.300646 0.952221 -1.391944 0.924912 -1.624951 0.000000 -0.000000 -0.000001
0.000000 0.000000 0.000000 0.000000 -0.000000 0.000000 -0.694583 0.787979 -2.840878 -1.295923 0.158284 -6.460500 -3.451424 -1.134976 -8.342303 -1.339570 -3.110278 -8.357170 1.943985 -6.445539 16.236145 3.736282 0.138577 19.537123 -0.852856 0.771710 -4.109138 -5.122825 1.821360 -6.094933 0.000077 -0.000022 0.000006 0.051567 -0.246352 -0.035555 0.687269 -3.963103 -10.732661 -0.584746 3.485067 -10.704352 3.065649 -3.523780 7.349916 -78.587540 -2.432329 12.675880 -0.930031 -23.562119 0.256051 -5.266521 0.512195 8.295898 -5.882102 9.861279 0.702590 -10.936861 -0.360574 7.156197 0.000000 8.774815 -0.000000 -16.159122 17.954950 5.939692 -1.844031 2.498503 -2.507276 -10.163590 4.678941 4.621104 -20.975996 -0.000001 0.000001 -21.226254 2.451698 -3.593995 0.000000 -0.000006 -0.000000 -1.362681 2.240797 -0.746323 -21.334892 0.584910 3.008319 -13.821196 -0.000001 0.000001 -23.887129 -0.249075 -0.839485 -60.659927 2.459997 -0.488516 -0.294025 1.679686 0.833255 -14.218195 0.093215 1.300579 -34.212002 -0.287561 0.967166 -20.033176 0.964536 1.212838 0.000000 -0.000000 0.000000 -3.440387 0.788233 0.501655 -15.928172 -3.167306 2.999703 -6.338817 -0.000000 0.000001 -18.123419 3.648181 -4.905662 -0.000004 0.000000 -0.000002 12.769988 -1.454599 7.941758 68.321152 -3.830608 0.937529 1.465400 39.060604 0.872426 0.790640 -12.444706 -10.866992 2.243540 -5.255033 -3.180156 14.282877 -0.826594 6.952496 -0.000000 -12.690593 -0.000001 15.958038 -17.498150 2.774923 1.665665 -1.955920 -2.878297 4.727794 -4.170584 4.993919 11.020511 0.000001 -0.000000 12.109032 -3.735715 -2.866778 0.000000 -0.000000 0.000000 1.291985 -1.928548 -1.498088 14.800115 0.567467 3.865604 14.242553 -1.341738 -6.660648 19.631935 0.143921 -0.648243 49.983810 -0.522898 -5.769416 0.353029 -1.511150 -0.031940 20.222769 3.684305 2.316629 18.787249 0.000001 -0.000001 10.751608 -0.479870 1.397903 0.000000 -0.000000 0.000000 3.273804 0.305947 -0.580110 21.486790 11.830364 2.266131 8.162915 0.000000 -0.000000 18.399052 -3.798986 -4.940567 0.000003 0.000000 -0.000001 11.747150 6.793113 9.689788 0.001598 -0.663446 23.729860 -13.478168 2.109457 2.015690 1.867364 -2.274660 -12.848432 0.000000 -0.000000 0.000002 2.163299 -4.187301 -6.448720 -0.017598 -0.376798 11.446112 5.133771 -5.300646 0.952221 -1.391944 0.924912 -1.624951 0.000000 -0.000000 -0.000001
0.000000 0.000000 0.000000 0.000000 -0.000000 0.000000 -0.694583 0.771095 -2.840878 -1.295923 0.158284 -6.460500 -3.471355 -1.148211 -8.415312 -1.325194 -3.123840 -8.394637 1.926112 -6.471225 16.150972 3.978281 -0.010814 19.415516 -0.849511 0.820780 -4.126104 -5.001705 1.811518 -6.067649 0.000077 -0.000022 0.000006 0.050953 -0.237092 -0.040349 0.687397 -3.954482 -10.738303 -0.585968 3.495205 -10.709329 3.123099 -3.570748 7.261670 -78.803719 -2.649400 12.647534 -0.874014 -23.387499 0.228876 -5.191681 0.557615 8.256239 -5.882102 9.861279 0.702590 -10.936861 -0.360574 7.156197 0.000000 8.774815 -0.000000 -16.155643 17.958481 5.930104 -1.844031 2.498503 -2.507276 -10.163590 4.678941 4.621104 -20.975996 -0.000001 0.000001 -21.226254 2.451698 -3.593995 0.000000 -0.000006 -0.000000 -1.362681 2.240797 -0.746323 -21.334892 0.584910 3.008319 -13.821196 -0.000001 0.000001 -23.887129 -0.249075 -0.839485 -60.643303 2.469208 -0.501076 -0.294025 1.679686 0.833255 -14.218195 0.093215 1.300579 -34.212002 -0.287561 0.967166 -20.033176 0.964536 1.212838 0.000000 -0.000000 0.000000 -3.440387 0.788233 0.501655 -15.928172 -3.167306 2.999703 -6.338817 -0.000000 0.000001 -18.123419 3.648181 -4.905662 -0.000004 0.000000 -0.000002 12.647674 -1.525399 7.936815 68.358276 -3.879102 1.261563 1.518009 38.822815 0.898544 0.790928 -12.179748 -10.900947 2.243540 -5.255033 -3.180156 14.282877 -0.826594 6.952496 -0.000000 -12.690593 -0.000001 15.938586 -17.471128 2.755460 1.665665 -1.955920 -2.878297 4.727794 -4.170584 4.993919 11.020511 0.000001 -0.000000 12.109032 -3.735715 -2.866778 0.000000 -0.000000 0.000000 1.291985 -1.928548 -1.498088 14.800115 0.567467 3.865604 14.242553 -1.341738 -6.660648 19.631935 0.143921 -0.648243 49.924278 -0.525181 -5.806888 0.353029 -1.511150 -0.031940 20.222769 3.684305 2.316629 18.787249 0.000001 -0.000001 10.751608 -0.479870 1.397903 0.000000 -0.000000 0.000000 3.273804 0.305947 -0.580110 21.486790 11.830364 2.266131 8.162915 0.000000 -0.000000 18.399052 -3.798986 -4.940567 0.000003 0.000000 -0.000001 11.747150 6.793113 9.689788 0.001598 -0.663446 23.729860 -13.478168 2.109457 2.015690 1.867364 -2.274660 -12.848432 0.000000 -0.000000 0.000002 2.163299 -4.187301 -6.448720 -0.017598 -0.376798 11.446112 5.133771 -5.300646 0.952221 -1.391944 0.924912 -1.624951 0.000000 -0.000000 -0.000001
0.000000 0.000000 0.000000 0.000000 -0.000000 0.000000 -0.694583 0.748482 -2.840878 -1.295923 0.158284 -6.460500 -3.503407 -1.150254 -8.476048 -1.324255 -3.129262 -8.425301 1.866861 -6.478371 16.095798 4.274710 -0.186000 19.297356 -0.852415 0.881722 -4.145874 -4.850113 1.740217 -6.021472 0.000077 -0.000022 0.000006 0.049885 -0.227086 -0.043238 0.684391 -3.945926 -10.746627 -0.584986 3.506874 -10.716192 3.130462 -3.613832 7.226844 -78.945648 -2.917140 12.533066 -0.815567 -23.343010 0.220572 -5.124821 0.698461 8.298929 -5.882102 9.861279 0.702590 -10.936861 -0.360574 7.156197 0.000000 8.774815 -0.000000 -16.133171 17.956150 5.928584 -1.844031 2.498503 -2.507276 -10.163590 4.678941 4.621104 -20.975996 -0.000001 0.000001 -21.226254 2.451698 -3.593995 0.000000 -0.000006 -0.000000 -1.362681 2.240797 -0.746323 -21.334892 0.584910 3.008319 -13.821196 -0.000001 0.000001 -23.887129 -0.249075 -0.839485 -60.653507 2.480050 -0.511301 -0.294025 1.679686 0.833255 -14.218195 0.093215 1.300579 -34.212002 -0.287561 0.967166 -20.033176 0.964536 1.212838 0.000000 -0.000000 0.000000 -3.440387 0.788233 0.501655 -15.928172 -3.167306 2.999703 -6.338817 -0.000000 0.000001 -18.123419 3.648181 -4.905662 -0.000004 0.000000 -0.000002 12.558013 -1.614841 7.959199 68.339600 -3.904358 1.460455 1.503514 38.706413 0.910950 0.719208 -11.896819 -10.969102 2.243540 -5.255033 -3.180156 14.282877 -0.826594 6.952496 -0.000000 -12.690593 -0.000001 15.922178 -17.443459 2.727838 1.665665 -1.955920 -2.878297 4.727794 -4.170584 4.993919 11.020511 0.000001 -0.000000 12.109032 -3.735715 -2.866778 0.000000 -0.000000 0.000000 1.291985 -1.928548 -1.498088 14.800115 0.567467 3.865604 14.242553 -1.341738 -6.660648 19.631935 0.143921 -0.648243 49.864262 -0.515410 -5.830103 0.353029 -1.511150 -0.031940 20.222769 3.684305 2.316629 18.787249 0.000001 -0.000001 10.751608 -0.479870 1.397903 0.000000 -0.000000 0.000000 3.273804 0.305947 -0.580110 21.486790 11.830364 2.266131 8.162915 0.000000 -0.000000 18.399052 -3.798986 -4.940567 0.000003 0.000000 -0.000001 11.747150 6.793113 9.689788 0.001598 -0.663446 23.729860 -13.478168 2.109457 2.015690 1.867364 -2.274660 -12.848432 0.000000 -0.000000 0.000002 2.163299 -4.187301 -6.448720 -0.017598 -0.376798 11.446112 5.133771 -5.300646 0.952221 -1.391944 0.924912 -1.624951 0.000000 -0.000000 -0.000001
0.000000 0.000000 0.000000 0.000000 -0.000000 0.000000 -0.694583 0.734161 -2.840878 -1.295923 0.158284 -6.460500 -3.562180 -1.152880 -8.528905 -1.333640 -3.110213 -8.451145 1.809150 -6.455420 16.049965 4.613663 -0.380438 19.190063 -0.869453 0.942463 -4.163963 -4.704756 1.628326 -5.949709 0.000077 -0.000022 0.000006 0.047441 -0.208998 -0.045338 0.676647 -3.927600 -10.751526 -0.582041 3.524625 -10.719399 3.003739 -3.614608 7.296909 -78.910675 -3.193285 12.524420 -0.755530 -23.601137 0.216979 -5.107598 0.860637 8.247808 -5.882102 9.861279 0.702590 -10.936861 -0.360574 7.156197 0.000000 8.774815 -0.000000 -16.078667 17.964518 5.945619 -1.844031 2.498503 -2.507276 -10.163590 4.678941 4.621104 -20.975996 -0.000001 0.000001 -21.226254 2.451698 -3.593995 0.000000 -0.000006 -0.000000 -1.362681 2.240797 -0.746323 -21.334892 0.584910 3.008319 -13.821196 -0.000001 0.000001 -23.887129 -0.249075 -0.839485 -60.618961 2.474189 -0.542551 -0.294025 1.679686 0.833255 -14.218195 0.093215 1.300579 -34.212002 -0.287561 0.967166 -20.033176 0.964536 1.212838 0.000000 -0.000000 0.000000 -3.440387 0.788233 0.501655 -15.928172 -3.167306 2.999703 -6.338817 -0.000000 0.000001 -18.123419 3.648181 -4.905662 -0.000004 0.000000 -0.000002 12.576246 -1.721069 7.987541 68.231888 -3.899225 1.527223 1.344593 38.559826 0.874331 0.587460 -11.638122 -11.180094 2.243540 -5.255033 -3.180156 14.282877 -0.826594 6.952496 -0.000000 -12.690593 -0.000001 15.940885 -17.442415 2.708836 1.665665 -1.955920 -2.878297 4.727794 -4.170584 4.993919 11.020511 0.000001 -0.000000 12.109032 -3.735715 -2.866778 0.000000 -0.000000 0.000000 1.291985 -1.928548 -1.498088 14.800115 0.567467 3.865604 14.242553 -1.341738 -6.660648 19.631935 0.143921 -0.648243 49.884590 -0.493659 -5.835780 0.353029 -1.511150 -0.031940 20.222769 3.684305 2.316629 18.787249 0.000001 -0.000001 10.751608 -0.479870 1.397903 0.000000 -0.000000 0.000000 3.273804 0.305947 -0.580110 21.486790 11.830364 2.266131 8.162915 0.000000 -0.000000 18.399052 -3.798986 -4.940567 0.000003 0.000000 -0.000001 11.747150 6.793113 9.689788 0.001598 -0.663446 23.729860 -13.478168 2.109457 2.015690 1.867364 -2.274660 -12.848432 0.000000 -0.000000 0.000002 2.163299 -4.187301 -6.448720 -0.017598 -0.376798 11.446112 5.133771 -5.300646 0.952221 -1.391944 0.924912 -1.624951 0.000000 -0.000000 -0.000001
0.000000 0.000000 0.000000 0.000000 -0.000000 0.000000 -0.694583 0.715134 -2.840878 -1.295923 0.158284 -6.460500 -3.653613 -1.119616 -8.609494 -1.373435 -3.174307 -8.465882 1.700634 -6.405020 16.040873 4.969397 -0.651522 19.054016 -0.884286 0.952647 -4.192403 -4.629898 1.548152 -5.925900 0.000077 -0.000022 0.000006 0.049250 -0.228544 -0.041696 0.674908 -3.945830 -10.738306 -0.576687 3.503300 -10.695325 2.961171 -3.589341 7.310706 -78.879364 -3.425141 12.485096 -0.809914 -23.964329 0.275811 -5.062799 0.883130 8.332769 -5.882102 9.861279 0.702590 -10.936861 -0.360574 7.156197 0.000000 8.774815 -0.000000 -16.004829 18.036276 5.993515 -1.844031 2.498503 -2.507276 -10.163590 4.678941 4.621104 -20.975996 -0.000001 0.000001 -21.226254 2.451698 -3.593995 0.000000 -0.000006 -0.000000 -1.362681 2.240797 -0.746323 -21.334892 0.584910 3.008319 -13.821196 -0.000001 0.000001 -23.887129 -0.249075 -0.839485 -60.551998 2.500132 -0.574503 -0.294025 1.679686 0.833255 -14.218195 0.093215 1.300579 -34.212002 -0.287561 0.967166 -20.033176 0.964536 1.212838 0.000000 -0.000000 0.000000 -3.440387 0.788233 0.501655 -15.928172 -3.167306 2.999703 -6.338817 -0.000000 0.000001 -18.123419 3.648181 -4.905662 -0.000004 0.000000 -0.000002 12.579585 -1.875414 7.860992 68.193420 -4.024296 1.053043 1.493804 38.420456 0.929808 0.207927 -11.473556 -11.651818 2.243540 -5.255033 -3.180156 14.282877 -0.826594 6.952496 -0.000000 -12.690593 -0.000001 15.967533 -17.413898 2.687968 1.665665 -1.955920 -2.878297 4.727794 -4.170584 4.993919 11.020511 0.000001 -0.000000 12.109032 -3.735715 -2.866778 0.000000 -0.000000 0.000000 1.291985 -1.928548 -1.498088 14.800115 0.567467 3.865604 14.242553 -1.341738 -6.660648 19.631935 0.143921 -0.648243 49.836800 -0.466440 -5.774699 0.353029 -1.511150 -0.031940 20.222769 3.684305 2.316629 18.787249 0.000001 -0.000001 10.751608 -0.479870 1.397903 0.000000 -0.000000 0.000000 3.273804 0.305947 -0.580110 21.486790 11.830364 2.266131 8.162915 0.000000 -0.000000 18.399052 -3.798986 -4.940567 0.000003 0.000000 -0.000001 11.747150 6.793113 9.689788 0.001598 -0.663446 23.729860 -13.478168 2.109457 2.015690 1.867364 -2.274660 -12.848432 0.000000 -0.000000 0.000002 2.163299 -4.187301 -6.448720 -0.017598 -0.376798 11.446112 5.133771 -5.300646 0.952221 -1.391944 0.924912 -1.624951 0.000000 -0.000000 -0.000001
0.000000 0.000000 0.000000 0.000000 -0.000000 0.000000 -0.694583 0.686333 -2.840878 -1.295923 0.158284 -6.460500 -3.686313 -1.136366 -8.644246 -1.377756 -3.044709 -8.518083 1.609613 -6.306305 16.069218 5.153976 -0.725735 18.929705 -0.867266 0.931907 -4.178696 -4.445045 1.479681 -5.992645 0.000077 -0.000022 0.000006 0.045860 -0.226037 -0.049829 0.669416 -3.939974 -10.747735 -0.577990 3.502400 -10.709155 2.698970 -3.422947 7.362919 -78.729469 -3.527418 12.339732 -0.780040 -24.413086 0.273102 -5.087558 0.885541 7.783651 -5.882102 9.861279 0.702590 -10.936861 -0.360574 7.156197 0.000000 8.774815 -0.000000 -16.025356 18.002117 5.975951 -1.844031 2.498503 -2.507276 -10.163590 4.678941 4.621104 -20.975996 -0.000001 0.000001 -21.226254 2.451698 -3.593995 0.000000 -0.000006 -0.000000 -1.362681 2.240797 -0.746323 -21.334892 0.584910 3.008319 -13.821196 -0.000001 0.000001 -23.887129 -0.249075 -0.839485 -60.567707 2.448081 -0.569028 -0.294025 1.679686 0.833255 -14.218195 0.093215 1.300579 -34.212002 -0.287561 0.967166 -20.033176 0.964536 1.212838 0.000000 -0.000000 0.000000 -3.440387 0.788233 0.501655 -15.928172 -3.167306 2.999703 -6.338817 -0.000000 0.000001 -18.123419 3.648181 -4.905662 -0.000004 0.000000 -0.000002 12.641006 -1.901250 7.812383 68.096634 -3.909229 0.781573 1.450971 37.965412 0.904402 -0.165556 -11.352615 -12.095419 2.243540 -5.255033 -3.180156 14.282877 -0.826594 6.952496 -0.000000 -12.690593 -0.000001 16.001270 -17.407925 2.678143 1.665665 -1.955920 -2.878297 4.727794 -4.170584 4.993919 11.020511 0.000001 -0.000000 12.109032 -3.735715 -2.866778 0.000000 -0.000000 0.000000 1.291985 -1.928548 -1.498088 14.800115 0.567467 3.865604 14.242553 -1.341738 -6.660648 19.631935 0.143921 -0.648243 49.909634 -0.463109 -5.780864 0.353029 -1.511150 -0.031940 20.222769 3.684305 2.316629 18.787249 0.000001 -0.000001 10.751608 -0.479870 1.397903 0.000000 -0.000000 0.000000 3.273804 0.305947 -0.580110 21.486790 11.830364 2.266131 8.162915 0.000000 -0.000000 18.399052 -3.798986 -4.940567 0.000003 0.000000 -0.000001 11.747150 6.793113 9.689788 0.001598 -0.663446 23.729860 -13.478168 2.109457 2.015690 1.867364 -2.274660 -12.848432 0.000000 -0.000000 0.000002 2.163299 -4.187301 -6.448720 -0.017598 -0.376798 11.446112 5.133771 -5.300646 0.952221 -1.391944 0.924912 -1.624951 0.000000 -0.000000 -0.000001
0.000000 0.000000 0.000000 0.000000 -0.000000 0.000000 -0.694583 0.672356 -2.840878 -1.295923 0.158284 -6.460500 -3.732880 -1.130955 -8.677817 -1.396424 -2.963407 -8.546218 1.522702 -6.224412 16.095470 5.314071 -0.805621 18.733139 -0.855638 0.924737 -4.176436 -4.328686 1.430502 -6.006739 0.000077 -0.000022 0.000006 0.044265 -0.232361 -0.054671 0.667566 -3.942786 -10.736376 -0.579369 3.492251 -10.695958 2.544847 -3.259059 7.364328 -78.648026 -3.652285 12.221375 -0.827861 -24.677414 0.300840 -5.051133 0.912327 7.633581 -5.882102 9.861279 0.702590 -10.936861 -0.360574 7.156197 0.000000 8.774815 -0.000000 -16.009256 18.046097 5.992533 -1.844031 2.498503 -2.507276 -10.163590 4.678941 4.621104 -20.975996 -0.000001 0.000001 -21.226254 2.451698 -3.593995 0.000000 -0.000006 -0.000000 -1.362681 2.240797 -0.746323 -21.334892 0.584910 3.008319 -13.821196 -0.000001 0.000001 -23.887129 -0.249075 -0.839485 -60.563881 2.433440 -0.572930 -0.294025 1.679686 0.833255 -14.218195 0.093215 1.300579 -34.212002 -0.287561 0.967166 -20.033176 0.964536 1.212838 0.000000 -0.000000 0.000000 -3.440387 0.788233 0.501655 -15.928172 -3.167306 2.999703 -6.338817 -0.000000 0.000001 -18.123419 3.648181 -4.905662 -0.000004 0.000000 -0.000002 12.703325 -1.891615 7.735314 68.099907 -3.853442 0.271600 1.481529 37.520252 0.907131 -0.497234 -11.335126 -12.647216 2.243540 -5.255033 -3.180156 14.282877 -0.826594 6.952496 -0.000000 -12.690593 -0.000001 16.019041 -17.399126 2.684726 1.665665 -1.955920 -2.878297 4.727794 -4.170584 4.993919 11.020511 0.000001 -0.000000 12.109032 -3.735715 -2.866778 0.000000 -0.000000 0.000000 1.291985 -1.928548 -1.498088 14.800115 0.567467 3.865604 14.242553 -1.341738 -6.660648 19.631935 0.143921 -0.648243 49.943558 -0.465689 -5.741237 0.353029 -1.511150 -0.031940 20.222769 3.684305 2.316629 18.787249 0.000001 -0.000001 10.751608 -0.479870 1.397903 0.000000 -0.000000 0.000000 3.273804 0.305947 -0.580110 21.486790 11.830364 2.266131 8.162915 0.000000 -0.000000 18.399052 -3.798986 -4.940567 0.000003 0.000000 -0.000001 11.747150 6.793113 9.689788 0.001598 -0.663446 23.729860 -13.478168 2.109457 2.015690 1.867364 -2.274660 -12.848432 0.000000 -0.000000 0.000002 2.163299 -4.187301 -6.448720 -0.017598 -0.376798 11.446112 5.133771 -5.300646 0.952221 -1.391944 0.924912 -1.624951 0.000000 -0.000000 -0.000001
0.000000 0.000000 0.000000 0.000000 -0.000000 0.000000 -0.694583 0.668121 -2.840878 -1.295923 0.158284 -6.460500 -3.757980 -1.116442 -8.699875 -1.403045 -2.889052 -8.560609 1.415267 -6.146886 16.113409 5.380054 -0.812684 18.493210 -0.833753 0.874492 -4.171493 -4.204917 1.356488 -6.044602 0.000077 -0.000022 0.000006 0.042365 -0.234594 -0.058376 0.666662 -3.943573 -10.725128 -0.582297 3.488504 -10.683682 2.403292 -3.124163 7.307010 -78.556953 -3.743310 12.081150 -0.870018 -24.738951 0.323091 -5.003342 0.958176 7.707024 -5.882102 9.861279 0.702590 -10.936861 -0.360574 7.156197 0.000000 8.774815 -0.000000 -16.010767 18.085003 6.014747 -1.844031 2.498503 -2.507276 -10.163590 4.678941 4.621104 -20.975996 -0.000001 0.000001 -21.226254 2.451698 -3.593995 0.000000 -0.000006 -0.000000 -1.362681 2.240797 -0.746323 -21.334892 0.584910 3.008319 -13.821196 -0.000001 0.000001 -23.887129 -0.249075 -0.839485 -60.568638 2.427136 -0.570916 -0.294025 1.679686 0.833255 -14.218195 0.093215 1.300579 -34.212002 -0.287561 0.967166 -20.033176 0.964536 1.212838 0.000000 -0.000000 0.000000 -3.440387 0.788233 0.501655 -15.928172 -3.167306 2.999703 -6.338817 -0.000000 0.000001 -18.123419 3.648181 -4.905662 -0.000004 0.000000 -0.000002 12.765989 -1.855796 7.674687 68.176521 -3.777049 -0.150599 1.474424 37.065037 0.890037 -0.766642 -11.360624 -13.130420 2.243540 -5.255033 -3.180156 14.282877 -0.826594 6.952496 -0.000000 -12.690593 -0.000001 16.007067 -17.370192 2.701743 1.665665 -1.955920 -2.878297 4.727794 -4.170584 4.993919 11.020511 0.000001 -0.000000 12.109032 -3.735715 -2.866778 0.000000 -0.000000 0.000000 1.291985 -1.928548 -1.498088 14.800115 0.567467 3.865604 14.242553 -1.341738 -6.660648 19.631935 0.143921 -0.648243 49.950314 -0.471614 -5.690978 0.353029 -1.511150 -0.031940 20.222769 3.684305 2.316629 18.787249 0.000001 -0.000001 10.751608 -0.479870 1.397903 0.000000 -0.000000 0.000000 3.273804 0.305947 -0.580110 21.486790 11.830364 2.266131 8.162915 0.000000 -0.000000 18.399052 -3.798986 -4.940567 0.000003 0.000000 -0.000001 11.747150 6.793113 9.689788 0.001598 -0.663446 23.729860 -13.478168 2.109457 2.015690 1.867364 -2.274660 -12.848432 0.000000 -0.000000 0.000002 2.163299 -4.187301 -6.448720 -0.017598 -0.376798 11.446112 5.133771 -5.300646 0.952221 -1.391944 0.924912 -1.624951 0.000000 -0.000000 -0.000001
0.000000 0.000000 0.000000 0.000000 -0.000000 0.000000 -0.694583 0.671570 -2.840878 -1.295923 0.158284 -6.460500 -3.766626 -1.105763 -8.711714 -1.406382 -2.819657 -8.562749 1.294780 -6.067108 16.125870 5.387248 -0.765113 18.248468 -0.814381 0.799809 -4.165827 -4.085153 1.266515 -6.105017 0.000077 -0.000022 0.000006 0.039789 -0.225397 -0.059369 0.665913 -3.935330 -10.718618 -0.586732 3.498614 -10.677862 2.280242 -2.997074 7.193487 -78.469376 -3.796691 11.888652 -0.885209 -24.604845 0.334029 -4.912611 1.038609 7.932714 -5.882102 9.861279 0.702590 -10.936861 -0.360574 7.156197 0.000000 8.774815 -0.000000 -16.017385 18.115969 6.032781 -1.844031 2.498503 -2.507276 -10.163590 4.678941 4.621104 -20.975996 -0.000001 0.000001 -21.226254 2.451698 -3.593995 0.000000 -0.000006 -0.000000 -1.362681 2.240797 -0.746323 -21.334892 0.584910 3.008319 -13.821196 -0.000001 0.000001 -23.887129 -0.249075 -0.839485 -60.580315 2.438736 -0.576047 -0.294025 1.679686 0.833255 -14.218195 0.093215 1.300579 -34.212002 -0.287561 0.967166 -20.033176 0.964536 1.212838 0.000000 -0.000000 0.000000 -3.440387 0.788233 0.501655 -15.928172 -3.167306 2.999703 -6.338817 -0.000000 0.000001 -18.123419 3.648181 -4.905662 -0.000004 0.000000 -0.000002 12.806812 -1.784890 7.614141 68.316055 -3.726743 -0.452714 1.461407 36.700531 0.872517 -0.961257 -11.408123 -13.417986 2.243540 -5.255033 -3.180156 14.282877 -0.826594 6.952496 -0.000000 -12.690593 -0.000001 15.979339 -17.332850 2.707206 1.665665 -1.955920 -2.878297 4.727794 -4.170584 4.993919 11.020511 0.000001 -0.000000 12.109032 -3.735715 -2.866778 0.000000 -0.000000 0.000000 1.291985 -1.928548 -1.498088 14.800115 0.567467 3.865604 14.242553 -1.341738 -6.660648 19.631935 0.143921 -0.648243 49.920593 -0.464824 -5.661305 0.353029 -1.511150 -0.031940 20.222769 3.684305 2.316629 18.787249 0.000001 -0.000001 10.751608 -0.479870 1.397903 0.000000 -0.000000 0.000000 3.273804 0.305947 -0.580110 21.486790 11.830364 2.266131 8.162915 0.000000 -0.000000 18.399052 -3.798986 -4.940567 0.000003 0.000000 -0.000001 11.747150 6.793113 9.689788 0.001598 -0.663446 23.729860 -13.478168 2.109457 2.015690 1.867364 -2.274660 -12.848432 0.000000 -0.000000 0.000002 2.163299 -4.187301 -6.448720 -0.017598 -0.376798 11.446112 5.133771 -5.300646 0.952221 -1.391944 0.924912 -1.624951 0.000000 -0.000000 -0.000001
0.000000 0.000000 0.000000 0.000000 -0.000000 0.000000 -0.694583 0.680824 -2.840878 -1.295923 0.158284 -6.460500 -3.759190 -1.090951 -8.725683 -1.414247 -2.747603 -8.557859 1.162956 -5.982860 16.143461 5.353297 -0.684353 18.008989 -0.804418 0.719047 -4.161215 -3.975294 1.171683 -6.172102 0.000077 -0.000022 0.000006 0.037919 -0.213208 -0.057941 0.667500 -3.924856 -10.715094 -0.592107 3.512491 -10.678043 2.147671 -2.862267 7.050094 -78.368362 -3.801261 11.650610 -0.860403 -24.347136 0.323731 -4.740965 1.134235 8.188928 -5.882102 9.861279 0.702590 -10.936861 -0.360574 7.156197 0.000000 8.774815 -0.000000 -16.025063 18.133572 6.049965 -1.844031 2.498503 -2.507276 -10.163590 4.678941 4.621104 -20.975996 -0.000001 0.000001 -21.226254 2.451698 -3.593995 0.000000 -0.000006 -0.000000 -1.362681 2.240797 -0.746323 -21.334892 0.584910 3.008319 -13.821196 -0.000001 0.000001 -23.887129 -0.249075 -0.839485 -60.591831 2.452474 -0.570804 -0.294025 1.679686 0.833255 -14.218195 0.093215 1.300579 -34.212002 -0.287561 0.967166 -20.033176 0.964536 1.212838 0.000000 -0.000000 0.000000 -3.440387 0.788233 0.501655 -15.928172 -3.167306 2.999703 -6.338817 -0.000000 0.000001 -18.123419 3.648181 -4.905662 -0.000004 0.000000 -0.000002 12.812432 -1.693182 7.575427 68.479187 -3.666072 -0.561158 1.423804 36.443008 0.843792 -1.063010 -11.458294 -13.459329 2.243540 -5.255033 -3.180156 14.282877 -0.826594 6.952496 -0.000000 -12.690593 -0.000001 15.943602 -17.308353 2.704121 1.665665 -1.955920 -2.878297 4.727794 -4.170584 4.993919 11.020511 0.000001 -0.000000 12.109032 -3.735715 -2.866778 0.000000 -0.000000 0.000000 1.291985 -1.928548 -1.498088 14.800115 0.567467 3.865604 14.242553 -1.341738 -6.660648 19.631935 0.143921 -0.648243 49.890293 -0.452497 -5.643587 0.353029 -1.511150 -0.031940 20.222769 3.684305 2.316629 18.787249 0.000001 -0.000001 10.751608 -0.479870 1.397903 0.000000 -0.000000 0.000000 3.273804 0.305947 -0.580110 21.486790 11.830364 2.266131 8.162915 0.000000 -0.000000 18.399052 -3.798986 -4.940567 0.000003 0.000000 -0.000001 11.747150 6.793113 9.689788 0.001598 -0.663446 23.729860 -13.478168 2.109457 2.015690 1.867364 -2.274660 -12.848432 0.000000 -0.000000 0.000002 2.163299 -4.187301 -6.448720 -0.017598 -0.376798 11.446112 5.133771 -5.300646 0.952221 -1.391944 0.924912 -1.624951 0.000000 -0.000000 -0.000001
0.000000 0.000000 0.000000 0.000000 -0.000000 0.000000 -0.694583 0.690681 -2.840878 -1.295923 0.158284 -6.460500 -3.748973 -1.079744 -8.723640 -1.420938 -2.653692 -8.542549 1.043568 -5.883333 16.149279 5.296485 -0.595363 17.814817 -0.808986 0.647177 -4.158568 -3.878243 1.078791 -6.236246 0.000077 -0.000022 0.000006 0.035526 -0.198311 -0.056957 0.668071 -3.910409 -10.715033 -0.597582 3.528043 -10.684648 1.954517 -2.730563 6.957793 -78.198578 -3.790957 11.380353 -0.791862 -24.033796 0.289235 -4.503073 1.236425 8.373887 -5.882102 9.861279 0.702590 -10.936861 -0.360574 7.156197 0.000000 8.774815 -0.000000 -16.044931 18.141169 6.045343 -1.844031 2.498503 -2.507276 -10.163590 4.678941 4.621104 -20.975996 -0.000001 0.000001 -21.226254 2.451698 -3.593995 0.000000 -0.000006 -0.000000 -1.362681 2.240797 -0.746323 -21.334892 0.584910 3.008319 -13.821196 -0.000001 0.000001 -23.887129 -0.249075 -0.839485 -60.565769 2.458404 -0.592337 -0.294025 1.679686 0.833255 -14.218195 0.093215 1.300579 -34.212002 -0.287561 0.967166 -20.033176 0.964536 1.212838 0.000000 -0.000000 0.000000 -3.440387 0.788233 0.501655 -15.928172 -3.167306 2.999703 -6.338817 -0.000000 0.000001 -18.123419 3.648181 -4.905662 -0.000004 0.000000 -0.000002 12.823373 -1.580379 7.567334 68.607574 -3.556110 -0.437660 1.304121 36.265713 0.785733 -1.072131 -11.502184 -13.222704 2.243540 -5.255033 -3.180156 14.282877 -0.826594 6.952496 -0.000000 -12.690593 -0.000001 15.928213 -17.316126 2.711532 1.665665 -1.955920 -2.878297 4.727794 -4.170584 4.993919 11.020511 0.000001 -0.000000 12.109032 -3.735715 -2.866778 0.000000 -0.000000 0.000000 1.291985 -1.928548 -1.498088 14.800115 0.567467 3.865604 14.242553 -1.341738 -6.660648 19.631935 0.143921 -0.648243 49.912750 -0.437698 -5.637735 0.353029 -1.511150 -0.031940 20.222769 3.684305 2.316629 18.787249 0.000001 -0.000001 10.751608 -0.479870 1.397903 0.000000 -0.000000 0.000000 3.273804 0.305947 -0.580110 21.486790 11.830364 2.266131 8.162915 0.000000 -0.000000 18.399052 -3.798986 -4.940567 0.000003 0.000000 -0.000001 11.747150 6.793113 9.689788 0.001598 -0.663446 23.729860 -13.478168 2.109457 2.015690 1.867364 -2.274660 -12.848432 0.000000 -0.000000 0.000002 2.163299 -4.187301 -6.448720 -0.017598 -0.376798 11.446112 5.133771 -5.300646 0.952221 -1.391944 0.924912 -1.624951 0.000000 -0.000000 -0.000001
0.000000 0.000000 0.000000 0.000000 -0.000000 0.000000 -0.694583 0.683594 -2.840878 -1.295923 0.158284 -6.460500 -3.741250 -1.062334 -8.749553 -1.437629 -2.620038 -8.520610 0.882245 -5.777717 16.181507 5.205966 -0.526123 17.660696 -0.805844 0.564922 -4.167636 -3.791815 1.010333 -6.288376 0.000077 -0.000022 0.000006 0.036160 -0.221318 -0.051312 0.671957 -3.932567 -10.707833 -0.600352 3.504028 -10.674865 1.838202 -2.633523 6.850940 -78.058746 -3.763713 11.013249 -0.757664 -23.608212 0.283887 -4.212004 1.250569 8.740416 -5.882102 9.861279 0.702590 -10.936861 -0.360574 7.156197 0.000000 8.774815 -0.000000 -16.080603 18.200729 6.054178 -1.844031 2.498503 -2.507276 -10.163590 4.678941 4.621104 -20.975996 -0.000001 0.000001 -21.226254 2.451698 -3.593995 0.000000 -0.000006 -0.000000 -1.362681 2.240797 -0.746323 -21.334892 0.584910 3.008319 -13.821196 -0.000001 0.000001 -23.887129 -0.249075 -0.839485 -60.574768 2.508112 -0.632669 -0.294025 1.679686 0.833255 -14.218195 0.093215 1.300579 -34.212002 -0.287561 0.967166 -20.033176 0.964536 1.212838 0.000000 -0.000000 0.000000 -3.440387 0.788233 0.501655 -15.928172 -3.167306 2.999703 -6.338817 -0.000000 0.000001 -18.123419 3.648181 -4.905662 -0.000004 0.000000 -0.000002 12.773561 -1.480723 7.447372 68.773544 -3.530925 -0.434006 1.431796 36.236408 0.787266 -1.160605 -11.574911 -13.118725 2.243540 -5.255033 -3.180156 14.282877 -0.826594 6.952496 -0.000000 -12.690593 -0.000001 15.923960 -17.302280 2.709370 1.665665 -1.955920 -2.878297 4.727794 -4.170584 4.993919 11.020511 0.000001 -0.000000 12.109032 -3.735715 -2.866778 0.000000 -0.000000 0.000000 1.291985 -1.928548 -1.498088 14.800115 0.567467 3.865604 14.242553 -1.341738 -6.660648 19.631935 0.143921 -0.648243 49.842892 -0.409235 -5.594279 0.353029 -1.511150 -0.031940 20.222769 3.684305 2.316629 18.787249 0.000001 -0.000001 10.751608 -0.479870 1.397903 0.000000 -0.000000 0.000000 3.273804 0.305947 -0.580110 21.486790 11.830364 2.266131 8.162915 0.000000 -0.000000 18.399052 -3.798986 -4.940567 0.000003 0.000000 -0.000001 11.747150 6.793113 9.689788 0.001598 -0.663446 23.729860 -13.478168 2.109457 2.015690 1.867364 -2.274660 -12.848432 0.000000 -0.000000 0.000002 2.163299 -4.187301 -6.448720 -0.017598 -0.376798 11.446112 5.133771 -5.300646 0.952221 -1.391944 0.924912 -1.624951 0.000000 -0.000000 -0.000001
0.000000 0.000000 0.000000 0.000000 -0.000000 0.000000 -0.694583 0.673019 -2.840878 -1.295923 0.158284 -6.460500 -3.663446 -1.073141 -8.744688 -1.432118 -2.447412 -8.531117 0.769821 -5.633633 16.208355 4.993038 -0.368576 17.587479 -0.805259 0.537558 -4.141435 -3.637704 0.911765 -6.395534 0.000077 -0.000022 0.000006 0.033728 -0.219438 -0.054599 0.669117 -3.929808 -10.709702 -0.602525 3.505690 -10.688858 1.535455 -2.471889 6.844462 -77.846748 -3.701385 10.427754 -0.720583 -23.157152 0.273600 -3.904344 1.241655 8.673492 -5.882102 9.861279 0.702590 -10.936861 -0.360574 7.156197 0.000000 8.774815 -0.000000 -16.155306 18.139065 6.035654 -1.844031 2.498503 -2.507276 -10.163590 4.678941 4.621104 -20.975996 -0.000001 0.000001 -21.226254 2.451698 -3.593995 0.000000 -0.000006 -0.000000 -1.362681 2.240797 -0.746323 -21.334892 0.584910 3.008319 -13.821196 -0.000001 0.000001 -23.887129 -0.249075 -0.839485 -60.628162 2.473867 -0.634140 -0.294025 1.679686 0.833255 -14.218195 0.093215 1.300579 -34.212002 -0.287561 0.967166 -20.033176 0.964536 1.212838 0.000000 -0.000000 0.000000 -3.440387 0.788233 0.501655 -15.928172 -3.167306 2.999703 -6.338817 -0.000000 0.000001 -18.123419 3.648181 -4.905662 -0.000004 0.000000 -0.000002 12.699228 -1.294651 7.451866 68.835281 -3.192370 0.027707 1.451050 36.060966 0.756875 -1.271054 -11.588140 -12.803786 2.243540 -5.255033 -3.180156 14.282877 -0.826594 6.952496 -0.000000 -12.690593 -0.000001 15.913054 -17.342388 2.739154 1.665665 -1.955920 -2.878297 4.727794 -4.170584 4.993919 11.020511 0.000001 -0.000000 12.109032 -3.735715 -2.866778 0.000000 -0.000000 0.000000 1.291985 -1.928548 -1.498088 14.800115 0.567467 3.865604 14.242553 -1.341738 -6.660648 19.631935 0.143921 -0.648243 49.959068 -0.437058 -5.632102 0.353029 -1.511150 -0.031940 20.222769 3.684305 2.316629 18.787249 0.000001 -0.000001 10.751608 -0.479870 1.397903 0.000000 -0.000000 0.000000 3.273804 0.305947 -0.580110 21.486790 11.830364 2.266131 8.162915 0.000000 -0.000000 18.399052 -3.798986 -4.940567 0.000003 0.000000 -0.000001 11.747150 6.793113 9.689788 0.001598 -0.663446 23.729860 -13.478168 2.109457 2.015690 1.867364 -2.274660 -12.848432 0.000000 -0.000000 0.000002 2.163299 -4.187301 -6.448720 -0.017598 -0.376798 11.446112 5.133771 -5.300646 0.952221 -1.391944 0.924912 -1.624951 0.000000 -0.000000 -0.000001
0.000000 0.000000 0.000000 0.000000 -0.000000 0.000000 -0.694583 0.667511 -2.840878 -1.295923 0.158284 -6.460500 -3.598575 -1.061838 -8.745638 -1.429732 -2.347189 -8.510232 0.630883 -5.524437 16.197214 4.835937 -0.278165 17.506529 -0.807562 0.548024 -4.119596 -3.536569 0.828940 -6.426704 0.000077 -0.000022 0.000006 0.032479 -0.215284 -0.049621 0.667551 -3.922194 -10.686196 -0.603436 3.506630 -10.669629 1.334427 -2.336545 6.846637 -77.663498 -3.644766 10.028687 -0.729487 -22.656956 0.292513 -3.645411 1.244277 8.804685 -5.882102 9.861279 0.702590 -10.936861 -0.360574 7.156197 0.000000 8.774815 -0.000000 -16.195749 18.129721 6.033844 -1.844031 2.498503 -2.507276 -10.163590 4.678941 4.621104 -20.975996 -0.000001 0.000001 -21.226254 2.451698 -3.593995 0.000000 -0.000006 -0.000000 -1.362681 2.240797 -0.746323 -21.334892 0.584910 3.008319 -13.821196 -0.000001 0.000001 -23.887129 -0.249075 -0.839485 -60.655746 2.446440 -0.610051 -0.294025 1.679686 0.833255 -14.218195 0.093215 1.300579 -34.212002 -0.287561 0.967166 -20.033176 0.964536 1.212838 0.000000 -0.000000 0.000000 -3.440387 0.788233 0.501655 -15.928172 -3.167306 2.999703 -6.338817 -0.000000 0.000001 -18.123419 3.648181 -4.905662 -0.000004 0.000000 -0.000002 12.574603 -1.149579 7.394205 68.934120 -2.953512 0.640507 1.484771 36.162952 0.752729 -1.317293 -11.638916 -12.481498 2.243540 -5.255033 -3.180156 14.282877 -0.826594 6.952496 -0.000000 -12.690593 -0.000001 15.891939 -17.365850 2.762331 1.665665 -1.955920 -2.878297 4.727794 -4.170584 4.993919 11.020511 0.000001 -0.000000 12.109032 -3.735715 -2.866778 0.000000 -0.000000 0.000000 1.291985 -1.928548 -1.498088 14.800115 0.567467 3.865604 14.242553 -1.341738 -6.660648 19.631935 0.143921 -0.648243 49.968674 -0.468168 -5.662628 0.353029 -1.511150 -0.031940 20.222769 3.684305 2.316629 18.787249 0.000001 -0.000001 10.751608 -0.479870 1.397903 0.000000 -0.000000 0.000000 3.273804 0.305947 -0.580110 21.486790 11.830364 2.266131 8.162915 0.000000 -0.000000 18.399052 -3.798986 -4.940567 0.000003 0.000000 -0.000001 11.747150 6.793113 9.689788 0.001598 -0.663446 23.729860 -13.478168 2.109457 2.015690 1.867364 -2.274660 -12.848432 0.000000 -0.000000 0.000002 2.163299 -4.187301 -6.448720 -0.017598 -0.376798 11.446112 5.133771 -5.300646 0.952221 -1.391944 0.924912 -1.624951 0.000000 -0.000000 -0.000001
0.000000 0.000000 0.000000 0.000000 -0.000000 0.000000 -0.694583 0.668709 -2.840878 -1.295923 0.158284 -6.460500 -3.512358 -1.050930 -8.710533 -1.409604 -2.269620 -8.482384 0.462061 -5.429793 16.135515 4.720296 -0.199999 17.416851 -0.817577 0.540052 -4.109023 -3.380195 0.746533 -6.406411 0.000077 -0.000022 0.000006 0.032088 -0.207105 -0.045779 0.667793 -3.911491 -10.667180 -0.604257 3.512505 -10.652983 1.190896 -2.248783 6.798805 -77.479790 -3.504558 9.727592 -0.781141 -22.196749 0.315399 -3.466542 1.245666 9.071279 -5.882102 9.861279 0.702590 -10.936861 -0.360574 7.156197 0.000000 8.774815 -0.000000 -16.242634 18.118677 6.032450 -1.844031 2.498503 -2.507276 -10.163590 4.678941 4.621104 -20.975996 -0.000001 0.000001 -21.226254 2.451698 -3.593995 0.000000 -0.000006 -0.000000 -1.362681 2.240797 -0.746323 -21.334892 0.584910 3.008319 -13.821196 -0.000001 0.000001 -23.887129 -0.249075 -0.839485 -60.668385 2.421453 -0.555177 -0.294025 1.679686 0.833255 -14.218195 0.093215 1.300579 -34.212002 -0.287561 0.967166 -20.033176 0.964536 1.212838 0.000000 -0.000000 0.000000 -3.440387 0.788233 0.501655 -15.928172 -3.167306 2.999703 -6.338817 -0.000000 0.000001 -18.123419 3.648181 -4.905662 -0.000004 0.000000 -0.000002 12.372788 -1.033269 7.331254 69.080147 -2.759600 1.488273 1.460155 36.476116 0.749821 -1.231671 -11.715520 -12.047724 2.243540 -5.255033 -3.180156 14.282877 -0.826594 6.952496 -0.000000 -12.690593 -0.000001 15.862189 -17.375401 2.769482 1.665665 -1.955920 -2.878297 4.727794 -4.170584 4.993919 11.020511 0.000001 -0.000000 12.109032 -3.735715 -2.866778 0.000000 -0.000000 0.000000 1.291985 -1.928548 -1.498088 14.800115 0.567467 3.865604 14.242553 -1.341738 -6.660648 19.631935 0.143921 -0.648243 49.941479 -0.498213 -5.685436 0.353029 -1.511150 -0.031940 20.222769 3.684305 2.316629 18.787249 0.000001 -0.000001 10.751608 -0.479870 1.397903 0.000000 -0.000000 0.000000 3.273804 0.305947 -0.580110 21.486790 11.830364 2.266131 8.162915 0.000000 -0.000000 18.399052 -3.798986 -4.940567 0.000003 0.000000 -0.000001 11.747150 6.793113 9.689788 0.001598 -0.663446 23.729860 -13.478168 2.109457 2.015690 1.867364 -2.274660 -12.848432 0.000000 -0.000000 0.000002 2.163299 -4.187301 -6.448720 -0.017598 -0.376798 11.446112 5.133771 -5.300646 0.952221 -1.391944 0.924912 -1.624951 0.000000 -0.000000 -0.000001
0.000000 0.000000 0.000000 0.000000 -0.000000 0.000000 -0.694583 0.677086 -2.840878 -1.295923 0.158284 -6.460500 -3.407634 -1.032668 -8.645596 -1.380914 -2.214510 -8.454457 0.272009 -5.354369 16.060539 4.673924 -0.118222 17.289944 -0.825688 0.509999 -4.106918 -3.153681 0.663393 -6.381887 0.000077 -0.000022 0.000006 0.031618 -0.190914 -0.040363 0.667725 -3.896840 -10.660284 -0.604842 3.530584 -10.649265 1.125091 -2.222924 6.718380 -77.332085 -3.289519 9.579599 -0.796529 -21.846436 0.317363 -3.442341 1.230591 9.349175 -5.882102 9.861279 0.702590 -10.936861 -0.360574 7.156197 0.000000 8.774815 -0.000000 -16.257267 18.080612 6.021797 -1.844031 2.498503 -2.507276 -10.163590 4.678941 4.621104 -20.975996 -0.000001 0.000001 -21.226254 2.451698 -3.593995 0.000000 -0.000006 -0.000000 -1.362681 2.240797 -0.746323 -21.334892 0.584910 3.008319 -13.821196 -0.000001 0.000001 -23.887129 -0.249075 -0.839485 -60.654060 2.426977 -0.491965 -0.294025 1.679686 0.833255 -14.218195 0.093215 1.300579 -34.212002 -0.287561 0.967166 -20.033176 0.964536 1.212838 0.000000 -0.000000 0.000000 -3.440387 0.788233 0.501655 -15.928172 -3.167306 2.999703 -6.338817 -0.000000 0.000001 -18.123419 3.648181 -4.905662 -0.000004 0.000000 -0.000002 12.069663 -0.934060 7.279074 69.294357 -2.620699 2.465872 1.373239 36.927872 0.754279 -1.026131 -11.818853 -11.387458 2.243540 -5.255033 -3.180156 14.282877 -0.826594 6.952496 -0.000000 -12.690593 -0.000001 15.847105 -17.387533 2.757790 1.665665 -1.955920 -2.878297 4.727794 -4.170584 4.993919 11.020511 0.000001 -0.000000 12.109032 -3.735715 -2.866778 0.000000 -0.000000 0.000000 1.291985 -1.928548 -1.498088 14.800115 0.567467 3.865604 14.242553 -1.341738 -6.660648 19.631935 0.143921 -0.648243 49.904484 -0.514241 -5.708732 0.353029 -1.511150 -0.031940 20.222769 3.684305 2.316629 18.787249 0.000001 -0.000001 10.751608 -0.479870 1.397903 0.000000 -0.000000 0.000000 3.273804 0.305947 -0.580110 21.486790 11.830364 2.266131 8.162915 0.000000 -0.000000 18.399052 -3.798986 -4.940567 0.000003 0.000000 -0.000001 11.747150 6.793113 9.689788 0.001598 -0.663446 23.729860 -13.478168 2.109457 2.015690 1.867364 -2.274660 -12.848432 0.000000 -0.000000 0.000002 2.163299 -4.187301 -6.448720 -0.017598 -0.376798 11.446112 5.133771 -5.300646 0.952221 -1.391944 0.924912 -1.624951 0.000000 -0.000000 -0.000001
0.000000 0.000000 0.000000 0.000000 -0.000000 0.000000 -0.694583 0.683556 -2.840878 -1.295923 0.158284 -6.460500 -3.314069 -1.000524 -8.566272 -1.362128 -2.175188 -8.423383 0.095068 -5.294124 16.012186 4.720684 -0.070659 17.191841 -0.826941 0.464959 -4.110113 -2.912216 0.544645 -6.430186 0.000077 -0.000022 0.000006 0.032304 -0.177493 -0.034089 0.667404 -3.885376 -10.656775 -0.602943 3.546118 -10.649526 1.080734 -2.265435 6.667950 -77.167946 -3.059937 9.596539 -0.753986 -21.670235 0.299626 -3.573322 1.235593 9.550385 -5.882102 9.861279 0.702590 -10.936861 -0.360574 7.156197 0.000000 8.774815 -0.000000 -16.205126 18.008177 6.020953 -1.844031 2.498503 -2.507276 -10.163590 4.678941 4.621104 -20.975996 -0.000001 0.000001 -21.226254 2.451698 -3.593995 0.000000 -0.000006 -0.000000 -1.362681 2.240797 -0.746323 -21.334892 0.584910 3.008319 -13.821196 -0.000001 0.000001 -23.887129 -0.249075 -0.839485 -60.603489 2.441428 -0.443264 -0.294025 1.679686 0.833255 -14.218195 0.093215 1.300579 -34.212002 -0.287561 0.967166 -20.033176 0.964536 1.212838 0.000000 -0.000000 0.000000 -3.440387 0.788233 0.501655 -15.928172 -3.167306 2.999703 -6.338817 -0.000000 0.000001 -18.123419 3.648181 -4.905662 -0.000004 0.000000 -0.000002 11.791380 -0.840378 7.218543 69.429039 -2.560075 3.413199 1.224184 37.438206 0.749098 -0.713465 -11.938457 -10.602889 2.243540 -5.255033 -3.180156 14.282877 -0.826594 6.952496 -0.000000 -12.690593 -0.000001 15.865304 -17.426765 2.741346 1.665665 -1.955920 -2.878297 4.727794 -4.170584 4.993919 11.020511 0.000001 -0.000000 12.109032 -3.735715 -2.866778 0.000000 -0.000000 0.000000 1.291985 -1.928548 -1.498088 14.800115 0.567467 3.865604 14.242553 -1.341738 -6.660648 19.631935 0.143921 -0.648243 49.905724 -0.510794 -5.744723 0.353029 -1.511150 -0.031940 20.222769 3.684305 2.316629 18.787249 0.000001 -0.000001 10.751608 -0.479870 1.397903 0.000000 -0.000000 0.000000 3.273804 0.305947 -0.580110 21.486790 11.830364 2.266131 8.162915 0.000000 -0.000000 18.399052 -3.798986 -4.940567 0.000003 0.000000 -0.000001 11.747150 6.793113 9.689788 0.001598 -0.663446 23.729860 -13.478168 2.109457 2.015690 1.867364 -2.274660 -12.848432 0.000000 -0.000000 0.000002 2.163299 -4.187301 -6.448720 -0.017598 -0.376798 11.446112 5.133771 -5.300646 0.952221 -1.391944 0.924912 -1.624951 0.000000 -0.000000 -0.000001
0.000000 0.000000 0.000000 0.000000 -0.000000 0.000000 -0.694583 0.690262 -2.840878 -1.295923 0.158284 -6.460500 -3.269414 -0.969460 -8.504654 -1.361456 -2.125202 -8.394079 -0.060402 -5.237131 16.002827 4.869316 -0.096625 17.146404 -0.821042 0.431410 -4.126527 -2.678143 0.393475 -6.479038 0.000077 -0.000022 0.000006 0.032101 -0.161000 -0.032365 0.664450 -3.868731 -10.659542 -0.600308 3.562507 -10.656646 0.978913 -2.322240 6.695919 -76.912949 -2.901233 9.810094 -0.656461 -21.646103 0.264831 -3.777826 1.287752 9.660397 -5.882102 9.861279 0.702590 -10.936861 -0.360574 7.156197 0.000000 8.774815 -0.000000 -16.141546 17.957821 6.030639 -1.844031 2.498503 -2.507276 -10.163590 4.678941 4.621104 -20.975996 -0.000001 0.000001 -21.226254 2.451698 -3.593995 0.000000 -0.000006 -0.000000 -1.362681 2.240797 -0.746323 -21.334892 0.584910 3.008319 -13.821196 -0.000001 0.000001 -23.887129 -0.249075 -0.839485 -60.535530 2.442791 -0.424723 -0.294025 1.679686 0.833255 -14.218195 0.093215 1.300579 -34.212002 -0.287561 0.967166 -20.033176 0.964536 1.212838 0.000000 -0.000000 0.000000 -3.440387 0.788233 0.501655 -15.928172 -3.167306 2.999703 -6.338817 -0.000000 0.000001 -18.123419 3.648181 -4.905662 -0.000004 0.000000 -0.000002 11.668623 -0.784374 7.157284 69.394691 -2.493517 4.221068 1.005561 37.803555 0.702531 -0.440211 -12.016542 -9.976171 2.243540 -5.255033 -3.180156 14.282877 -0.826594 6.952496 -0.000000 -12.690593 -0.000001 15.914168 -17.491453 2.739233 1.665665 -1.955920 -2.878297 4.727794 -4.170584 4.993919 11.020511 0.000001 -0.000000 12.109032 -3.735715 -2.866778 0.000000 -0.000000 0.000000 1.291985 -1.928548 -1.498088 14.800115 0.567467 3.865604 14.242553 -1.341738 -6.660648 19.631935 0.143921 -0.648243 49.979282 -0.505631 -5.770964 0.353029 -1.511150 -0.031940 20.222769 3.684305 2.316629 18.787249 0.000001 -0.000001 10.751608 -0.479870 1.397903 0.000000 -0.000000 0.000000 3.273804 0.305947 -0.580110 21.486790 11.830364 2.266131 8.162915 0.000000 -0.000000 18.399052 -3.798986 -4.940567 0.000003 0.000000 -0.000001 11.747150 6.793113 9.689788 0.001598 -0.663446 23.729860 -13.478168 2.109457 2.015690 1.867364 -2.274660 -12.848432 0.000000 -0.000000 0.000002 2.163299 -4.187301 -6.448720 -0.017598 -0.376798 11.446112 5.133771 -5.300646 0.952221 -1.391944 0.924912 -1.624951 0.000000 -0.000000 -0.000001
0.000000 0.000000 0.000000 0.000000 -0.000000 0.000000 -0.694583 0.687164 -2.840878 -1.295923 0.158284 -6.460500 -3.253936 -0.924161 -8.499687 -1.389961 -2.117096 -8.373130 -0.246733 -5.193389 16.056578 5.037073 -0.193801 17.146521 -0.809340 0.350411 -4.154083 -2.454523 0.295766 -6.539644 0.000077 -0.000022 0.000006 0.034421 -0.190568 -0.028746 0.663886 -3.899528 -10.657685 -0.595212 3.533750 -10.651236 0.885215 -2.388627 6.720167 -76.632439 -2.853877 9.991017 -0.608089 -21.564392 0.262986 -3.941931 1.332371 10.070462 -5.882102 9.861279 0.702590 -10.936861 -0.360574 7.156197 0.000000 8.774815 -0.000000 -16.145870 18.004400 6.037379 -1.844031 2.498503 -2.507276 -10.163590 4.678941 4.621104 -20.975996 -0.000001 0.000001 -21.226254 2.451698 -3.593995 0.000000 -0.000006 -0.000000 -1.362681 2.240797 -0.746323 -21.334892 0.584910 3.008319 -13.821196 -0.000001 0.000001 -23.887129 -0.249075 -0.839485 -60.501606 2.471923 -0.441482 -0.294025 1.679686 0.833255 -14.218195 0.093215 1.300579 -34.212002 -0.287561 0.967166 -20.033176 0.964536 1.212838 0.000000 -0.000000 0.000000 -3.440387 0.788233 0.501655 -15.928172 -3.167306 2.999703 -6.338817 -0.000000 0.000001 -18.123419 3.648181 -4.905662 -0.000004 0.000000 -0.000002 11.531985 -0.763146 7.014777 69.402191 -2.490721 4.590803 1.059853 37.980843 0.716902 -0.487438 -12.083988 -9.792035 2.243540 -5.255033 -3.180156 14.282877 -0.826594 6.952496 -0.000000 -12.690593 -0.000001 15.914948 -17.502783 2.736005 1.665665 -1.955920 -2.878297 4.727794 -4.170584 4.993919 11.020511 0.000001 -0.000000 12.109032 -3.735715 -2.866778 0.000000 -0.000000 0.000000 1.291985 -1.928548 -1.498088 14.800115 0.567467 3.865604 14.242553 -1.341738 -6.660648 19.631935 0.143921 -0.648243 49.937496 -0.503519 -5.748353 0.353029 -1.511150 -0.031940 20.222769 3.684305 2.316629 18.787249 0.000001 -0.000001 10.751608 -0.479870 1.397903 0.000000 -0.000000 0.000000 3.273804 0.305947 -0.580110 21.486790 11.830364 2.266131 8.162915 0.000000 -0.000000 18.399052 -3.798986 -4.940567 0.000003 0.000000 -0.000001 11.747150 6.793113 9.689788 0.001598 -0.663446 23.729860 -13.478168 2.109457 2.015690 1.867364 -2.274660 -12.848432 0.000000 -0.000000 0.000002 2.163299 -4.187301 -6.448720 -0.017598 -0.376798 11.446112 5.133771 -5.300646 0.952221 -1.391944 0.924912 -1.624951 0.000000 -0.000000 -0.000001
0.000000 0.000000 0.000000 0.000000 -0.000000 0.000000 -0.694583 0.674057 -2.840878 -1.295923 0.158284 -6.460500 -3.180163 -0.929696 -8.480269 -1.393229 -2.004506 -8.381413 -0.386343 -5.092450 16.114117 5.134220 -0.225005 17.205126 -0.805364 0.288866 -4.146518 -2.143016 0.158483 -6.654794 0.000077 -0.000022 0.000006 0.031753 -0.183704 -0.032465 0.657144 -3.895874 -10.677961 -0.594057 3.544162 -10.678412 0.650000 -2.398292 6.787252 -76.343033 -2.843563 9.772621 -0.576314 -21.415520 0.255826 -4.088145 1.417929 10.294360 -5.882102 9.861279 0.702590 -10.936861 -0.360574 7.156197 0.000000 8.774815 -0.000000 -16.172762 17.962339 6.034886 -1.844031 2.498503 -2.507276 -10.163590 4.678941 4.621104 -20.975996 -0.000001 0.000001 -21.226254 2.451698 -3.593995 0.000000 -0.000006 -0.000000 -1.362681 2.240797 -0.746323 -21.334892 0.584910 3.008319 -13.821196 -0.000001 0.000001 -23.887129 -0.249075 -0.839485 -60.531624 2.446060 -0.460753 -0.294025 1.679686 0.833255 -14.218195 0.093215 1.300579 -34.212002 -0.287561 0.967166 -20.033176 0.964536 1.212838 0.000000 -0.000000 0.000000 -3.440387 0.788233 0.501655 -15.928172 -3.167306 2.999703 -6.338817 -0.000000 0.000001 -18.123419 3.648181 -4.905662 -0.000004 0.000000 -0.000002 11.364186 -0.726512 6.999362 69.436829 -2.293849 4.963079 1.008841 37.785767 0.691627 -0.674341 -12.056069 -9.832055 2.243540 -5.255033 -3.180156 14.282877 -0.826594 6.952496 -0.000000 -12.690593 -0.000001 15.915010 -17.544809 2.758894 1.665665 -1.955920 -2.878297 4.727794 -4.170584 4.993919 11.020511 0.000001 -0.000000 12.109032 -3.735715 -2.866778 0.000000 -0.000000 0.000000 1.291985 -1.928548 -1.498088 14.800115 0.567467 3.865604 14.242553 -1.341738 -6.660648 19.631935 0.143921 -0.648243 49.993668 -0.529015 -5.792621 0.353029 -1.511150 -0.031940 20.222769 3.684305 2.316629 18.787249 0.000001 -0.000001 10.751608 -0.479870 1.397903 0.000000 -0.000000 0.000000 3.273804 0.305947 -0.580110 21.486790 11.830364 2.266131 8.162915 0.000000 -0.000000 18.399052 -3.798986 -4.940567 0.000003 0.000000 -0.000001 11.747150 6.793113 9.689788 0.001598 -0.663446 23.729860 -13.478168 2.109457 2.015690 1.867364 -2.274660 -12.848432 0.000000 -0.000000 0.000002 2.163299 -4.187301 -6.448720 -0.017598 -0.376798 11.446112 5.133771 -5.300646 0.952221 -1.391944 0.924912 -1.624951 0.000000 -0.000000 -0.000001
0.000000 0.000000 0.000000 0.000000 -0.000000 0.000000 -0.694583 0.667541 -2.840878 -1.295923 0.158284 -6.460500 -3.114588 -0.934684 -8.483982 -1.400371 -1.927533 -8.373504 -0.564954 -5.039098 16.162603 5.248555 -0.327509 17.221199 -0.810800 0.269900 -4.136417 -1.841620 0.008195 -6.771010 0.000077 -0.000022 0.000006 0.030560 -0.181007 -0.037360 0.655653 -3.892051 -10.679403 -0.595116 3.545929 -10.680806 0.531819 -2.417445 6.838101 -76.124313 -2.958029 9.548141 -0.592279 -21.153929 0.251723 -4.179367 1.529091 10.826355 -5.882102 9.861279 0.702590 -10.936861 -0.360574 7.156197 0.000000 8.774815 -0.000000 -16.213333 17.978401 6.029677 -1.844031 2.498503 -2.507276 -10.163590 4.678941 4.621104 -20.975996 -0.000001 0.000001 -21.226254 2.451698 -3.593995 0.000000 -0.000006 -0.000000 -1.362681 2.240797 -0.746323 -21.334892 0.584910 3.008319 -13.821196 -0.000001 0.000001 -23.887129 -0.249075 -0.839485 -60.566586 2.453030 -0.503894 -0.294025 1.679686 0.833255 -14.218195 0.093215 1.300579 -34.212002 -0.287561 0.967166 -20.033176 0.964536 1.212838 0.000000 -0.000000 0.000000 -3.440387 0.788233 0.501655 -15.928172 -3.167306 2.999703 -6.338817 -0.000000 0.000001 -18.123419 3.648181 -4.905662 -0.000004 0.000000 -0.000002 11.059378 -0.707492 6.965982 69.671875 -2.179480 5.177219 1.048370 37.607891 0.700599 -0.940152 -12.106393 -9.932775 2.243540 -5.255033 -3.180156 14.282877 -0.826594 6.952496 -0.000000 -12.690593 -0.000001 15.908467 -17.557756 2.767064 1.665665 -1.955920 -2.878297 4.727794 -4.170584 4.993919 11.020511 0.000001 -0.000000 12.109032 -3.735715 -2.866778 0.000000 -0.000000 0.000000 1.291985 -1.928548 -1.498088 14.800115 0.567467 3.865604 14.242553 -1.341738 -6.660648 19.631935 0.143921 -0.648243 49.982319 -0.530791 -5.793781 0.353029 -1.511150 -0.031940 20.222769 3.684305 2.316629 18.787249 0.000001 -0.000001 10.751608 -0.479870 1.397903 0.000000 -0.000000 0.000000 3.273804 0.305947 -0.580110 21.486790 11.830364 2.266131 8.162915 0.000000 -0.000000 18.399052 -3.798986 -4.940567 0.000003 0.000000 -0.000001 11.747150 6.793113 9.689788 0.001598 -0.663446 23.729860 -13.478168 2.109457 2.015690 1.867364 -2.274660 -12.848432 0.000000 -0.000000 0.000002 2.163299 -4.187301 -6.448720 -0.017598 -0.376798 11.446112 5.133771 -5.300646 0.952221 -1.391944 0.924912 -1.624951 0.000000 -0.000000 -0.000001
0.000000 0.000000 0.000000 0.000000 -0.000000 0.000000 -0.694583 0.671469 -2.840878 -1.295923 0.158284 -6.460500 -3.044233 -0.930799 -8.470881 -1.394801 -1.891165 -8.353312 -0.745724 -5.012204 16.191431 5.369725 -0.449983 17.158712 -0.830538 0.233326 -4.113476 -1.534834 -0.191776 -6.941765 0.000077 -0.000022 0.000006 0.029313 -0.171746 -0.039967 0.657453 -3.882020 -10.675647 -0.599421 3.554738 -10.678169 0.478994 -2.466499 6.871811 -75.959541 -3.167851 9.446416 -0.638595 -20.947237 0.245427 -4.277116 1.648511 11.404480 -5.882102 9.861279 0.702590 -10.936861 -0.360574 7.156197 0.000000 8.774815 -0.000000 -16.216682 17.969872 6.035316 -1.844031 2.498503 -2.507276 -10.163590 4.678941 4.621104 -20.975996 -0.000001 0.000001 -21.226254 2.451698 -3.593995 0.000000 -0.000006 -0.000000 -1.362681 2.240797 -0.746323 -21.334892 0.584910 3.008319 -13.821196 -0.000001 0.000001 -23.887129 -0.249075 -0.839485 -60.584583 2.467503 -0.523458 -0.294025 1.679686 0.833255 -14.218195 0.093215 1.300579 -34.212002 -0.287561 0.967166 -20.033176 0.964536 1.212838 0.000000 -0.000000 0.000000 -3.440387 0.788233 0.501655 -15.928172 -3.167306 2.999703 -6.338817 -0.000000 0.000001 -18.123419 3.648181 -4.905662 -0.000004 0.000000 -0.000002 10.686048 -0.712877 6.949421 69.996384 -2.140843 5.436827 1.042020 37.567352 0.699714 -1.106931 -12.218897 -10.092334 2.243540 -5.255033 -3.180156 14.282877 -0.826594 6.952496 -0.000000 -12.690593 -0.000001 15.903154 -17.543526 2.769297 1.665665 -1.955920 -2.878297 4.727794 -4.170584 4.993919 11.020511 0.000001 -0.000000 12.109032 -3.735715 -2.866778 0.000000 -0.000000 0.000000 1.291985 -1.928548 -1.498088 14.800115 0.567467 3.865604 14.242553 -1.341738 -6.660648 19.631935 0.143921 -0.648243 49.950733 -0.517083 -5.786411 0.353029 -1.511150 -0.031940 20.222769 3.684305 2.316629 18.787249 0.000001 -0.000001 10.751608 -0.479870 1.397903 0.000000 -0.000000 0.000000 3.273804 0.305947 -0.580110 21.486790 11.830364 2.266131 8.162915 0.000000 -0.000000 18.399052 -3.798986 -4.940567 0.000003 0.000000 -0.000001 11.747150 6.793113 9.689788 0.001598 -0.663446 23.729860 -13.478168 2.109457 2.015690 1.867364 -2.274660 -12.848432 0.000000 -0.000000 0.000002 2.163299 -4.187301 -6.448720 -0.017598 -0.376798 11.446112 5.133771 -5.300646 0.952221 -1.391944 0.924912 -1.624951 0.000000 -0.000000 -0.000001
0.000000 0.000000 0.000000 0.000000 -0.000000 0.000000 -0.694583 0.671713 -2.840878 -1.295923 0.158284 -6.460500 -2.991334 -0.920839 -8.438992 -1.388156 -1.892215 -8.326175 -0.891677 -5.012617 16.209887 5.516116 -0.588566 17.034460 -0.863233 0.170510 -4.088714 -1.267596 -0.395034 -7.147853 0.000077 -0.000022 0.000006 0.028087 -0.161364 -0.039512 0.661531 -3.872909 -10.672635 -0.605879 3.566564 -10.677817 0.470063 -2.547222 6.891252 -75.853722 -3.437496 9.569690 -0.667186 -20.876453 0.234368 -4.424973 1.747755 11.945843 -5.882102 9.861279 0.702590 -10.936861 -0.360574 7.156197 0.000000 8.774815 -0.000000 -16.191116 17.943113 6.036397 -1.844031 2.498503 -2.507276 -10.163590 4.678941 4.621104 -20.975996 -0.000001 0.000001 -21.226254 2.451698 -3.593995 0.000000 -0.000006 -0.000000 -1.362681 2.240797 -0.746323 -21.334892 0.584910 3.008319 -13.821196 -0.000001 0.000001 -23.887129 -0.249075 -0.839485 -60.581223 2.471548 -0.534269 -0.294025 1.679686 0.833255 -14.218195 0.093215 1.300579 -34.212002 -0.287561 0.967166 -20.033176 0.964536 1.212838 0.000000 -0.000000 0.000000 -3.440387 0.788233 0.501655 -15.928172 -3.167306 2.999703 -6.338817 -0.000000 0.000001 -18.123419 3.648181 -4.905662 -0.000004 0.000000 -0.000002 10.338638 -0.744401 6.956489 70.298180 -2.151355 5.751009 0.980577 37.652596 0.683544 -1.147112 -12.379687 -10.292636 2.243540 -5.255033 -3.180156 14.282877 -0.826594 6.952496 -0.000000 -12.690593 -0.000001 15.897619 -17.524666 2.777052 1.665665 -1.955920 -2.878297 4.727794 -4.170584 4.993919 11.020511 0.000001 -0.000000 12.109032 -3.735715 -2.866778 0.000000 -0.000000 0.000000 1.291985 -1.928548 -1.498088 14.800115 0.567467 3.865604 14.242553 -1.341738 -6.660648 19.631935 0.143921 -0.648243 49.936783 -0.512987 -5.781525 0.353029 -1.511150 -0.031940 20.222769 3.684305 2.316629 18.787249 0.000001 -0.000001 10.751608 -0.479870 1.397903 0.000000 -0.000000 0.000000 3.273804 0.305947 -0.580110 21.486790 11.830364 2.266131 8.162915 0.000000 -0.000000 18.399052 -3.798986 -4.940567 0.000003 0.000000 -0.000001 11.747150 6.793113 9.689788 0.001598 -0.663446 23.729860 -13.478168 2.109457 2.015690 1.867364 -2.274660 -12.848432 0.000000 -0.000000 0.000002 2.163299 -4.187301 -6.448720 -0.017598 -0.376798 11.446112 5.133771 -5.300646 0.952221 -1.391944 0.924912 -1.624951 0.000000 -0.000000 -0.000001
0.000000 0.000000 0.000000 0.000000 -0.000000 0.000000 -0.694583 0.666809 -2.840878 -1.295923 0.158284 -6.460500 -2.949878 -0.917050 -8.385189 -1.386583 -1.914981 -8.297325 -1.002179 -5.037000 16.227924 5.700472 -0.728514 16.849253 -0.899994 0.072348 -4.070058 -1.035699 -0.615866 -7.350498 0.000077 -0.000022 0.000006 0.027778 -0.154017 -0.035634 0.666358 -3.868263 -10.669070 -0.611225 3.576794 -10.679568 0.480953 -2.702965 6.929157 -75.781181 -3.770794 9.773742 -0.693383 -20.918224 0.233273 -4.597337 1.788506 12.445372 -5.882102 9.861279 0.702590 -10.936861 -0.360574 7.156197 0.000000 8.774815 -0.000000 -16.145851 17.907339 6.042025 -1.844031 2.498503 -2.507276 -10.163590 4.678941 4.621104 -20.975996 -0.000001 0.000001 -21.226254 2.451698 -3.593995 0.000000 -0.000006 -0.000000 -1.362681 2.240797 -0.746323 -21.334892 0.584910 3.008319 -13.821196 -0.000001 0.000001 -23.887129 -0.249075 -0.839485 -60.577194 2.463399 -0.530033 -0.294025 1.679686 0.833255 -14.218195 0.093215 1.300579 -34.212002 -0.287561 0.967166 -20.033176 0.964536 1.212838 0.000000 -0.000000 0.000000 -3.440387 0.788233 0.501655 -15.928172 -3.167306 2.999703 -6.338817 -0.000000 0.000001 -18.123419 3.648181 -4.905662 -0.000004 0.000000 -0.000002 10.038473 -0.793065 6.959470 70.566261 -2.194220 5.978283 0.936426 37.793823 0.677697 -1.100084 -12.577148 -10.518542 2.243540 -5.255033 -3.180156 14.282877 -0.826594 6.952496 -0.000000 -12.690593 -0.000001 15.899222 -17.510656 2.770659 1.665665 -1.955920 -2.878297 4.727794 -4.170584 4.993919 11.020511 0.000001 -0.000000 12.109032 -3.735715 -2.866778 0.000000 -0.000000 0.000000 1.291985 -1.928548 -1.498088 14.800115 0.567467 3.865604 14.242553 -1.341738 -6.660648 19.631935 0.143921 -0.648243 49.933090 -0.502114 -5.768071 0.353029 -1.511150 -0.031940 20.222769 3.684305 2.316629 18.787249 0.000001 -0.000001 10.751608 -0.479870 1.397903 0.000000 -0.000000 0.000000 3.273804 0.305947 -0.580110 21.486790 11.830364 2.266131 8.162915 0.000000 -0.000000 18.399052 -3.798986 -4.940567 0.000003 0.000000 -0.000001 11.747150 6.793113 9.689788 0.001598 -0.663446 23.729860 -13.478168 2.109457 2.015690 1.867364 -2.274660 -12.848432 0.000000 -0.000000 0.000002 2.163299 -4.187301 -6.448720 -0.017598 -0.376798 11.446112 5.133771 -5.300646 0.952221 -1.391944 0.924912 -1.624951 0.000000 -0.000000 -0.000001
0.000000 0.000000 0.000000 0.000000 -0.000000 0.000000 -0.694583 0.672157 -2.840878 -1.295923 0.158284 -6.460500 -2.935994 -0.928863 -8.312600 -1.388381 -1.944322 -8.261610 -1.071575 -5.066276 16.230715 5.961051 -0.874169 16.605961 -0.949886 -0.050975 -4.065751 -0.841878 -0.848511 -7.484765 0.000077 -0.000022 0.000006 0.026966 -0.143702 -0.033065 0.668080 -3.857903 -10.662157 -0.614400 3.587133 -10.677725 0.501943 -2.916575 6.998837 -75.712784 -4.185933 10.119761 -0.701279 -21.075294 0.235502 -4.863974 1.794710 12.805843 -5.882102 9.861279 0.702590 -10.936861 -0.360574 7.156197 0.000000 8.774815 -0.000000 -16.089523 17.881321 6.050597 -1.844031 2.498503 -2.507276 -10.163590 4.678941 4.621104 -20.975996 -0.000001 0.000001 -21.226254 2.451698 -3.593995 0.000000 -0.000006 -0.000000 -1.362681 2.240797 -0.746323 -21.334892 0.584910 3.008319 -13.821196 -0.000001 0.000001 -23.887129 -0.249075 -0.839485 -60.526779 2.434959 -0.519674 -0.294025 1.679686 0.833255 -14.218195 0.093215 1.300579 -34.212002 -0.287561 0.967166 -20.033176 0.964536 1.212838 0.000000 -0.000000 0.000000 -3.440387 0.788233 0.501655 -15.928172 -3.167306 2.999703 -6.338817 -0.000000 0.000001 -18.123419 3.648181 -4.905662 -0.000004 0.000000 -0.000002 9.841146 -0.842610 6.950528 70.756363 -2.244250 6.142708 0.847643 37.904179 0.652540 -0.930550 -12.791714 -10.676943 2.243540 -5.255033 -3.180156 14.282877 -0.826594 6.952496 -0.000000 -12.690593 -0.000001 15.917564 -17.515717 2.770529 1.665665 -1.955920 -2.878297 4.727794 -4.170584 4.993919 11.020511 0.000001 -0.000000 12.109032 -3.735715 -2.866778 0.000000 -0.000000 0.000000 1.291985 -1.928548 -1.498088 14.800115 0.567467 3.865604 14.242553 -1.341738 -6.660648 19.631935 0.143921 -0.648243 49.966347 -0.496878 -5.765166 0.353029 -1.511150 -0.031940 20.222769 3.684305 2.316629 18.787249 0.000001 -0.000001 10.751608 -0.479870 1.397903 0.000000 -0.000000 0.000000 3.273804 0.305947 -0.580110 21.486790 11.830364 2.266131 8.162915 0.000000 -0.000000 18.399052 -3.798986 -4.940567 0.000003 0.000000 -0.000001 11.747150 6.793113 9.689788 0.001598 -0.663446 23.729860 -13.478168 2.109457 2.015690 1.867364 -2.274660 -12.848432 0.000000 -0.000000 0.000002 2.163299 -4.187301 -6.448720 -0.017598 -0.376798 11.446112 5.133771 -5.300646 0.952221 -1.391944 0.924912 -1.624951 0.000000 -0.000000 -0.000001
0.000000 0.000000 0.000000 0.000000 -0.000000 0.000000 -0.694583 0.666221 -2.840878 -1.295923 0.158284 -6.460500 -2.944368 -0.922683 -8.245767 -1.404375 -2.057243 -8.209997 -1.171930 -5.118882 16.279825 6.261646 -1.055719 16.289066 -0.993113 -0.235617 -4.061298 -0.720721 -1.053112 -7.642857 0.000077 -0.000022 0.000006 0.029614 -0.175222 -0.026951 0.679857 -3.889715 -10.648492 -0.620719 3.555762 -10.659781 0.658699 -3.214078 7.024197 -75.708450 -4.702195 10.650707 -0.762606 -21.231773 0.265281 -5.163336 1.633188 13.276973 -5.882102 9.861279 0.702590 -10.936861 -0.360574 7.156197 0.000000 8.774815 -0.000000 -16.101469 17.927578 6.047322 -1.844031 2.498503 -2.507276 -10.163590 4.678941 4.621104 -20.975996 -0.000001 0.000001 -21.226254 2.451698 -3.593995 0.000000 -0.000006 -0.000000 -1.362681 2.240797 -0.746323 -21.334892 0.584910 3.008319 -13.821196 -0.000001 0.000001 -23.887129 -0.249075 -0.839485 -60.501297 2.457988 -0.528094 -0.294025 1.679686 0.833255 -14.218195 0.093215 1.300579 -34.212002 -0.287561 0.967166 -20.033176 0.964536 1.212838 0.000000 -0.000000 0.000000 -3.440387 0.788233 0.501655 -15.928172 -3.167306 2.999703 -6.338817 -0.000000 0.000001 -18.123419 3.648181 -4.905662 -0.000004 0.000000 -0.000002 9.655663 -0.885813 6.867995 70.945152 -2.374339 6.123306 0.938013 38.060509 0.663490 -0.737208 -13.052948 -11.087675 2.243540 -5.255033 -3.180156 14.282877 -0.826594 6.952496 -0.000000 -12.690593 -0.000001 15.952663 -17.495583 2.757168 1.665665 -1.955920 -2.878297 4.727794 -4.170584 4.993919 11.020511 0.000001 -0.000000 12.109032 -3.735715 -2.866778 0.000000 -0.000000 0.000000 1.291985 -1.928548 -1.498088 14.800115 0.567467 3.865604 14.242553 -1.341738 -6.660648 19.631935 0.143921 -0.648243 49.930439 -0.486341 -5.744490 0.353029 -1.511150 -0.031940 20.222769 3.684305 2.316629 18.787249 0.000001 -0.000001 10.751608 -0.479870 1.397903 0.000000 -0.000000 0.000000 3.273804 0.305947 -0.580110 21.486790 11.830364 2.266131 8.162915 0.000000 -0.000000 18.399052 -3.798986 -4.940567 0.000003 0.000000 -0.000001 11.747150 6.793113 9.689788 0.001598 -0.663446 23.729860 -13.478168 2.109457 2.015690 1.867364 -2.274660 -12.848432 0.000000 -0.000000 0.000002 2.163299 -4.187301 -6.448720 -0.017598 -0.376798 11.446112 5.133771 -5.300646 0.952221 -1.391944 0.924912 -1.624951 0.000000 -0.000000 -0.000001
0.000000 0.000000 0.000000 0.000000 -0.000000 0.000000 -0.694583 0.671183 -2.840878 -1.295923 0.158284 -6.460500 -2.899118 -0.946090 -8.114721 -1.382609 -2.056352 -8.182463 -1.170461 -5.133709 16.305761 6.480419 -1.092437 16.015194 -1.072591 -0.448887 -4.053640 -0.487875 -1.313728 -7.832943 0.000077 -0.000022 0.000006 0.029090 -0.185169 -0.033519 0.681811 -3.900161 -10.666138 -0.623454 3.546516 -10.683609 0.749882 -3.484700 6.984241 -75.748909 -5.141049 11.273886 -0.796649 -21.524412 0.279364 -5.533875 1.516932 13.345057 -5.882102 9.861279 0.702590 -10.936861 -0.360574 7.156197 0.000000 8.774815 -0.000000 -16.094040 17.862524 6.073035 -1.844031 2.498503 -2.507276 -10.163590 4.678941 4.621104 -20.975996 -0.000001 0.000001 -21.226254 2.451698 -3.593995 0.000000 -0.000006 -0.000000 -1.362681 2.240797 -0.746323 -21.334892 0.584910 3.008319 -13.821196 -0.000001 0.000001 -23.887129 -0.249075 -0.839485 -60.601681 2.426156 -0.446004 -0.294025 1.679686 0.833255 -14.218195 0.093215 1.300579 -34.212002 -0.287561 0.967166 -20.033176 0.964536 1.212838 0.000000 -0.000000 0.000000 -3.440387 0.788233 0.501655 -15.928172 -3.167306 2.999703 -6.338817 -0.000000 0.000001 -18.123419 3.648181 -4.905662 -0.000004 0.000000 -0.000002 9.523562 -0.785374 6.922608 71.055992 -2.285095 6.277385 0.855056 37.972557 0.626981 -0.518317 -13.273767 -11.762134 2.243540 -5.255033 -3.180156 14.282877 -0.826594 6.952496 -0.000000 -12.690593 -0.000001 15.964910 -17.514803 2.787304 1.665665 -1.955920 -2.878297 4.727794 -4.170584 4.993919 11.020511 0.000001 -0.000000 12.109032 -3.735715 -2.866778 0.000000 -0.000000 0.000000 1.291985 -1.928548 -1.498088 14.800115 0.567467 3.865604 14.242553 -1.341738 -6.660648 19.631935 0.143921 -0.648243 50.031620 -0.498487 -5.761578 0.353029 -1.511150 -0.031940 20.222769 3.684305 2.316629 18.787249 0.000001 -0.000001 10.751608 -0.479870 1.397903 0.000000 -0.000000 0.000000 3.273804 0.305947 -0.580110 21.486790 11.830364 2.266131 8.162915 0.000000 -0.000000 18.399052 -3.798986 -4.940567 0.000003 0.000000 -0.000001 11.747150 6.793113 9.689788 0.001598 -0.663446 23.729860 -13.478168 2.109457 2.015690 1.867364 -2.274660 -12.848432 0.000000 -0.000000 0.000002 2.163299 -4.187301 -6.448720 -0.017598 -0.376798 11.446112 5.133771 -5.300646 0.952221 -1.391944 0.924912 -1.624951 0.000000 -0.000000 -0.000001
0.000000 0.000000 0.000000 0.000000 -0.000000 0.000000 -0.694583 0.684588 -2.840878 -1.295923 0.158284 -6.460500 -2.877477 -0.948315 -7.972576 -1.366177 -2.119257 -8.119679 -1.158266 -5.161767 16.331944 6.720900 -1.174721 15.709893 -1.109074 -0.592432 -4.045266 -0.361749 -1.538205 -7.997783 0.000077 -0.000022 0.000006 0.029848 -0.188198 -0.032564 0.683907 -3.904072 -10.660036 -0.623813 3.544147 -10.677767 0.983149 -3.775785 6.945126 -75.922020 -5.724997 12.087293 -0.815304 -21.748796 0.297280 -5.958318 1.380063 13.535871 -5.882102 9.861279 0.702590 -10.936861 -0.360574 7.156197 0.000000 8.774815 -0.000000 -16.039841 17.855659 6.106984 -1.844031 2.498503 -2.507276 -10.163590 4.678941 4.621104 -20.975996 -0.000001 0.000001 -21.226254 2.451698 -3.593995 0.000000 -0.000006 -0.000000 -1.362681 2.240797 -0.746323 -21.334892 0.584910 3.008319 -13.821196 -0.000001 0.000001 -23.887129 -0.249075 -0.839485 -60.640804 2.431386 -0.402306 -0.294025 1.679686 0.833255 -14.218195 0.093215 1.300579 -34.212002 -0.287561 0.967166 -20.033176 0.964536 1.212838 0.000000 -0.000000 0.000000 -3.440387 0.788233 0.501655 -15.928172 -3.167306 2.999703 -6.338817 -0.000000 0.000001 -18.123419 3.648181 -4.905662 -0.000004 0.000000 -0.000002 9.367806 -0.651927 6.952617 71.247780 -2.189316 6.211430 0.883575 37.859516 0.638401 -0.228253 -13.515235 -12.469790 2.243540 -5.255033 -3.180156 14.282877 -0.826594 6.952496 -0.000000 -12.690593 -0.000001 15.972567 -17.483006 2.796154 1.665665 -1.955920 -2.878297 4.727794 -4.170584 4.993919 11.020511 0.000001 -0.000000 12.109032 -3.735715 -2.866778 0.000000 -0.000000 0.000000 1.291985 -1.928548 -1.498088 14.800115 0.567467 3.865604 14.242553 -1.341738 -6.660648 19.631935 0.143921 -0.648243 50.055935 -0.495150 -5.746312 0.353029 -1.511150 -0.031940 20.222769 3.684305 2.316629 18.787249 0.000001 -0.000001 10.751608 -0.479870 1.397903 0.000000 -0.000000 0.000000 3.273804 0.305947 -0.580110 21.486790 11.830364 2.266131 8.162915 0.000000 -0.000000 18.399052 -3.798986 -4.940567 0.000003 0.000000 -0.000001 11.747150 6.793113 9.689788 0.001598 -0.663446 23.729860 -13.478168 2.109457 2.015690 1.867364 -2.274660 -12.848432 0.000000 -0.000000 0.000002 2.163299 -4.187301 -6.448720 -0.017598 -0.376798 11.446112 5.133771 -5.300646 0.952221 -1.391944 0.924912 -1.624951 0.000000 -0.000000 -0.000001
0.000000 0.000000 0.000000 0.000000 -0.000000 0.000000 -0.694583 0.699387 -2.840878 -1.295923 0.158284 -6.460500 -2.842307 -0.940142 -7.808376 -1.343485 -2.188121 -8.046181 -1.128391 -5.178276 16.357046 6.944290 -1.242480 15.421850 -1.136207 -0.732872 -4.037717 -0.269100 -1.756376 -8.168390 0.000077 -0.000022 0.000006 0.029731 -0.180424 -0.029846 0.681823 -3.897856 -10.654081 -0.621799 3.553110 -10.671206 1.227816 -4.076068 6.917273 -76.140617 -6.411871 12.938180 -0.815027 -21.936512 0.309650 -6.380304 1.251057 13.816218 -5.882102 9.861279 0.702590 -10.936861 -0.360574 7.156197 0.000000 8.774815 -0.000000 -15.978246 17.842356 6.144770 -1.844031 2.498503 -2.507276 -10.163590 4.678941 4.621104 -20.975996 -0.000001 0.000001 -21.226254 2.451698 -3.593995 0.000000 -0.000006 -0.000000 -1.362681 2.240797 -0.746323 -21.334892 0.584910 3.008319 -13.821196 -0.000001 0.000001 -23.887129 -0.249075 -0.839485 -60.659130 2.432512 -0.367754 -0.294025 1.679686 0.833255 -14.218195 0.093215 1.300579 -34.212002 -0.287561 0.967166 -20.033176 0.964536 1.212838 0.000000 -0.000000 0.000000 -3.440387 0.788233 0.501655 -15.928172 -3.167306 2.999703 -6.338817 -0.000000 0.000001 -18.123419 3.648181 -4.905662 -0.000004 0.000000 -0.000002 9.243410 -0.476282 7.005693 71.417992 -2.029715 6.125776 0.940653 37.681496 0.659314 0.114703 -13.664705 -13.133858 2.243540 -5.255033 -3.180156 14.282877 -0.826594 6.952496 -0.000000 -12.690593 -0.000001 15.976583 -17.436541 2.793616 1.665665 -1.955920 -2.878297 4.727794 -4.170584 4.993919 11.020511 0.000001 -0.000000 12.109032 -3.735715 -2.866778 0.000000 -0.000000 0.000000 1.291985 -1.928548 -1.498088 14.800115 0.567467 3.865604 14.242553 -1.341738 -6.660648 19.631935 0.143921 -0.648243 50.061218 -0.491736 -5.744076 0.353029 -1.511150 -0.031940 20.222769 3.684305 2.316629 18.787249 0.000001 -0.000001 10.751608 -0.479870 1.397903 0.000000 -0.000000 0.000000 3.273804 0.305947 -0.580110 21.486790 11.830364 2.266131 8.162915 0.000000 -0.000000 18.399052 -3.798986 -4.940567 0.000003 0.000000 -0.000001 11.747150 6.793113 9.689788 0.001598 -0.663446 23.729860 -13.478168 2.109457 2.015690 1.867364 -2.274660 -12.848432 0.000000 -0.000000 0.000002 2.163299 -4.187301 -6.448720 -0.017598 -0.376798 11.446112 5.133771 -5.300646 0.952221 -1.391944 0.924912 -1.624951 0.000000 -0.000000 -0.000001
0.000000 0.000000 0.000000 0.000000 -0.000000 0.000000 -0.694583 0.720009 -2.840878 -1.295923 0.158284 -6.460500 -2.798694 -0.935824 -7.646609 -1.324845 -2.254297 -7.975373 -1.069266 -5.207617 16.405193 7.154985 -1.298214 15.141823 -1.161274 -0.881008 -4.031483 -0.194432 -1.934201 -8.393950 0.000077 -0.000022 0.000006 0.029587 -0.177361 -0.027118 0.678819 -3.894566 -10.649675 -0.618887 3.555310 -10.667123 1.470002 -4.396401 6.903259 -76.421768 -7.238120 13.906514 -0.757548 -22.085220 0.307703 -6.814497 1.145599 13.984004 -5.882102 9.861279 0.702590 -10.936861 -0.360574 7.156197 0.000000 8.774815 -0.000000 -15.937487 17.839228 6.173171 -1.844031 2.498503 -2.507276 -10.163590 4.678941 4.621104 -20.975996 -0.000001 0.000001 -21.226254 2.451698 -3.593995 0.000000 -0.000006 -0.000000 -1.362681 2.240797 -0.746323 -21.334892 0.584910 3.008319 -13.821196 -0.000001 0.000001 -23.887129 -0.249075 -0.839485 -60.671555 2.435252 -0.348733 -0.294025 1.679686 0.833255 -14.218195 0.093215 1.300579 -34.212002 -0.287561 0.967166 -20.033176 0.964536 1.212838 0.000000 -0.000000 0.000000 -3.440387 0.788233 0.501655 -15.928172 -3.167306 2.999703 -6.338817 -0.000000 0.000001 -18.123419 3.648181 -4.905662 -0.000004 0.000000 -0.000002 9.186350 -0.272975 7.067407 71.516655 -1.829944 6.059420 1.029386 37.473640 0.698320 0.545950 -13.775994 -13.821606 2.243540 -5.255033 -3.180156 14.282877 -0.826594 6.952496 -0.000000 -12.690593 -0.000001 15.983037 -17.385546 2.780082 1.665665 -1.955920 -2.878297 4.727794 -4.170584 4.993919 11.020511 0.000001 -0.000000 12.109032 -3.735715 -2.866778 0.000000 -0.000000 0.000000 1.291985 -1.928548 -1.498088 14.800115 0.567467 3.865604 14.242553 -1.341738 -6.660648 19.631935 0.143921 -0.648243 50.058701 -0.486218 -5.753129 0.353029 -1.511150 -0.031940 20.222769 3.684305 2.316629 18.787249 0.000001 -0.000001 10.751608 -0.479870 1.397903 0.000000 -0.000000 0.000000 3.273804 0.305947 -0.580110 21.486790 11.830364 2.266131 8.162915 0.000000 -0.000000 18.399052 -3.798986 -4.940567 0.000003 0.000000 -0.000001 11.747150 6.793113 9.689788 0.001598 -0.663446 23.729860 -13.478168 2.109457 2.015690 1.867364 -2.274660 -12.848432 0.000000 -0.000000 0.000002 2.163299 -4.187301 -6.448720 -0.017598 -0.376798 11.446112 5.133771 -5.300646 0.952221 -1.391944 0.924912 -1.624951 0.000000 -0.000000 -0.000001
0.000000 0.000000 0.000000 0.000000 -0.000000 0.000000 -0.694583 0.745293 -2.840878 -1.295923 0.158284 -6.460500 -2.753099 -0.939802 -7.495901 -1.309498 -2.302964 -7.915579 -0.982950 -5.251826 16.483778 7.333354 -1.339144 14.885146 -1.187061 -1.022867 -4.026364 -0.147367 -2.091416 -8.638754 0.000077 -0.000022 0.000006 0.030183 -0.178753 -0.024326 0.678468 -3.896125 -10.650491 -0.617287 3.553398 -10.669104 1.653132 -4.739534 6.890728 -76.740753 -8.137842 14.754616 -0.686575 -22.185247 0.295866 -7.216414 1.119993 13.990424 -5.882102 9.861279 0.702590 -10.936861 -0.360574 7.156197 0.000000 8.774815 -0.000000 -15.909676 17.840710 6.199182 -1.844031 2.498503 -2.507276 -10.163590 4.678941 4.621104 -20.975996 -0.000001 0.000001 -21.226254 2.451698 -3.593995 0.000000 -0.000006 -0.000000 -1.362681 2.240797 -0.746323 -21.334892 0.584910 3.008319 -13.821196 -0.000001 0.000001 -23.887129 -0.249075 -0.839485 -60.674400 2.449689 -0.344557 -0.294025 1.679686 0.833255 -14.218195 0.093215 1.300579 -34.212002 -0.287561 0.967166 -20.033176 0.964536 1.212838 0.000000 -0.000000 0.000000 -3.440387 0.788233 0.501655 -15.928172 -3.167306 2.999703 -6.338817 -0.000000 0.000001 -18.123419 3.648181 -4.905662 -0.000004 0.000000 -0.000002 9.236740 -0.067728 7.155540 71.506096 -1.589756 6.097364 1.084427 37.271248 0.714856 1.051990 -13.873631 -14.472923 2.243540 -5.255033 -3.180156 14.282877 -0.826594 6.952496 -0.000000 -12.690593 -0.000001 15.985394 -17.348640 2.767263 1.665665 -1.955920 -2.878297 4.727794 -4.170584 4.993919 11.020511 0.000001 -0.000000 12.109032 -3.735715 -2.866778 0.000000 -0.000000 0.000000 1.291985 -1.928548 -1.498088 14.800115 0.567467 3.865604 14.242553 -1.341738 -6.660648 19.631935 0.143921 -0.648243 50.062122 -0.480030 -5.756208 0.353029 -1.511150 -0.031940 20.222769 3.684305 2.316629 18.787249 0.000001 -0.000001 10.751608 -0.479870 1.397903 0.000000 -0.000000 0.000000 3.273804 0.305947 -0.580110 21.486790 11.830364 2.266131 8.162915 0.000000 -0.000000 18.399052 -3.798986 -4.940567 0.000003 0.000000 -0.000001 11.747150 6.793113 9.689788 0.001598 -0.663446 23.729860 -13.478168 2.109457 2.015690 1.867364 -2.274660 -12.848432 0.000000 -0.000000 0.000002 2.163299 -4.187301 -6.448720 -0.017598 -0.376798 11.446112 5.133771 -5.300646 0.952221 -1.391944 0.924912 -1.624951 0.000000 -0.000000 -0.000001
0.000000 0.000000 0.000000 0.000000 -0.000000 0.000000 -0.694583 0.779007 -2.840878 -1.295923 0.158284 -6.460500 -2.726512 -0.953087 -7.352806 -1.295494 -2.324658 -7.858961 -0.874501 -5.284101 16.574179 7.518378 -1.406981 14.664626 -1.222635 -1.130548 -4.016647 -0.172425 -2.265269 -8.842100 0.000077 -0.000022 0.000006 0.029976 -0.169156 -0.022742 0.674424 -3.886151 -10.653299 -0.613825 3.561925 -10.673145 1.715438 -5.104248 6.927125 -77.027397 -9.110313 15.492184 -0.619022 -22.276041 0.288990 -7.609076 1.194776 13.673002 -5.882102 9.861279 0.702590 -10.936861 -0.360574 7.156197 0.000000 8.774815 -0.000000 -15.893043 17.847780 6.202810 -1.844031 2.498503 -2.507276 -10.163590 4.678941 4.621104 -20.975996 -0.000001 0.000001 -21.226254 2.451698 -3.593995 0.000000 -0.000006 -0.000000 -1.362681 2.240797 -0.746323 -21.334892 0.584910 3.008319 -13.821196 -0.000001 0.000001 -23.887129 -0.249075 -0.839485 -60.643139 2.445688 -0.372950 -0.294025 1.679686 0.833255 -14.218195 0.093215 1.300579 -34.212002 -0.287561 0.967166 -20.033176 0.964536 1.212838 0.000000 -0.000000 0.000000 -3.440387 0.788233 0.501655 -15.928172 -3.167306 2.999703 -6.338817 -0.000000 0.000001 -18.123419 3.648181 -4.905662 -0.000004 0.000000 -0.000002 9.427463 0.095293 7.300461 71.369278 -1.265097 6.288861 1.068391 37.056938 0.710692 1.682611 -13.942374 -14.953501 2.243540 -5.255033 -3.180156 14.282877 -0.826594 6.952496 -0.000000 -12.690593 -0.000001 15.988821 -17.339603 2.779367 1.665665 -1.955920 -2.878297 4.727794 -4.170584 4.993919 11.020511 0.000001 -0.000000 12.109032 -3.735715 -2.866778 0.000000 -0.000000 0.000000 1.291985 -1.928548 -1.498088 14.800115 0.567467 3.865604 14.242553 -1.341738 -6.660648 19.631935 0.143921 -0.648243 50.099056 -0.480467 -5.748469 0.353029 -1.511150 -0.031940 20.222769 3.684305 2.316629 18.787249 0.000001 -0.000001 10.751608 -0.479870 1.397903 0.000000 -0.000000 0.000000 3.273804 0.305947 -0.580110 21.486790 11.830364 2.266131 8.162915 0.000000 -0.000000 18.399052 -3.798986 -4.940567 0.000003 0.000000 -0.000001 11.747150 6.793113 9.689788 0.001598 -0.663446 23.729860 -13.478168 2.109457 2.015690 1.867364 -2.274660 -12.848432 0.000000 -0.000000 0.000002 2.163299 -4.187301 -6.448720 -0.017598 -0.376798 11.446112 5.133771 -5.300646 0.952221 -1.391944 0.924912 -1.624951 0.000000 -0.000000 -0.000001
0.000000 0.000000 0.000000 0.000000 -0.000000 0.000000 -0.694583 0.817245 -2.840878 -1.295923 0.158284 -6.460500 -2.712296 -0.951482 -7.251628 -1.294662 -2.422805 -7.787738 -0.801752 -5.311112 16.701778 7.719144 -1.576396 14.470444 -1.262198 -1.223719 -4.004070 -0.234254 -2.434680 -9.086548 0.000077 -0.000022 0.000006 0.029937 -0.172635 -0.017400 0.675653 -3.891049 -10.649243 -0.615462 3.559563 -10.661737 1.805921 -5.549003 6.954637 -77.394135 -10.193230 16.140886 -0.651997 -22.150579 0.339909 -7.864674 1.183233 13.299624 -5.882102 9.861279 0.702590 -10.936861 -0.360574 7.156197 0.000000 8.774815 -0.000000 -15.921152 17.918333 6.192859 -1.844031 2.498503 -2.507276 -10.163590 4.678941 4.621104 -20.975996 -0.000001 0.000001 -21.226254 2.451698 -3.593995 0.000000 -0.000006 -0.000000 -1.362681 2.240797 -0.746323 -21.334892 0.584910 3.008319 -13.821196 -0.000001 0.000001 -23.887129 -0.249075 -0.839485 -60.606831 2.475282 -0.453952 -0.294025 1.679686 0.833255 -14.218195 0.093215 1.300579 -34.212002 -0.287561 0.967166 -20.033176 0.964536 1.212838 0.000000 -0.000000 0.000000 -3.440387 0.788233 0.501655 -15.928172 -3.167306 2.999703 -6.338817 -0.000000 0.000001 -18.123419 3.648181 -4.905662 -0.000004 0.000000 -0.000002 9.645032 0.197415 7.399543 71.225441 -0.988491 6.500780 1.148592 36.962067 0.710173 2.359949 -14.080758 -15.524529 2.243540 -5.255033 -3.180156 14.282877 -0.826594 6.952496 -0.000000 -12.690593 -0.000001 15.999790 -17.332436 2.796715 1.665665 -1.955920 -2.878297 4.727794 -4.170584 4.993919 11.020511 0.000001 -0.000000 12.109032 -3.735715 -2.866778 0.000000 -0.000000 0.000000 1.291985 -1.928548 -1.498088 14.800115 0.567467 3.865604 14.242553 -1.341738 -6.660648 19.631935 0.143921 -0.648243 50.110054 -0.472875 -5.702511 0.353029 -1.511150 -0.031940 20.222769 3.684305 2.316629 18.787249 0.000001 -0.000001 10.751608 -0.479870 1.397903 0.000000 -0.000000 0.000000 3.273804 0.305947 -0.580110 21.486790 11.830364 2.266131 8.162915 0.000000 -0.000000 18.399052 -3.798986 -4.940567 0.000003 0.000000 -0.000001 11.747150 6.793113 9.689788 0.001598 -0.663446 23.729860 -13.478168 2.109457 2.015690 1.867364 -2.274660 -12.848432 0.000000 -0.000000 0.000002 2.163299 -4.187301 -6.448720 -0.017598 -0.376798 11.446112 5.133771 -5.300646 0.952221 -1.391944 0.924912 -1.624951 0.000000 -0.000000 -0.000001
0.000000 0.000000 0.000000 0.000000 -0.000000 0.000000 -0.694583 0.841698 -2.840878 -1.295923 0.158284 -6.460500 -2.664036 -0.979318 -7.170257 -1.281124 -2.411355 -7.760772 -0.706242 -5.318632 16.798145 7.844167 -1.583007 14.357211 -1.304711 -1.302892 -3.991090 -0.298065 -2.604465 -9.291007 0.000077 -0.000022 0.000006 0.028700 -0.173897 -0.021154 0.669125 -3.893474 -10.667569 -0.611460 3.559047 -10.683759 1.758802 -5.856090 6.992843 -77.751465 -11.121648 16.455463 -0.660705 -21.884293 0.365392 -8.046343 1.310055 12.617055 -5.882102 9.861279 0.702590 -10.936861 -0.360574 7.156197 0.000000 8.774815 -0.000000 -15.932335 17.895985 6.199118 -1.844031 2.498503 -2.507276 -10.163590 4.678941 4.621104 -20.975996 -0.000001 0.000001 -21.226254 2.451698 -3.593995 0.000000 -0.000006 -0.000000 -1.362681 2.240797 -0.746323 -21.334892 0.584910 3.008319 -13.821196 -0.000001 0.000001 -23.887129 -0.249075 -0.839485 -60.668446 2.468109 -0.491441 -0.294025 1.679686 0.833255 -14.218195 0.093215 1.300579 -34.212002 -0.287561 0.967166 -20.033176 0.964536 1.212838 0.000000 -0.000000 0.000000 -3.440387 0.788233 0.501655 -15.928172 -3.167306 2.999703 -6.338817 -0.000000 0.000001 -18.123419 3.648181 -4.905662 -0.000004 0.000000 -0.000002 9.894131 0.432889 7.539290 71.020828 -0.688545 6.967029 1.212352 36.872360 0.731983 3.019116 -14.043401 -15.886983 2.243540 -5.255033 -3.180156 14.282877 -0.826594 6.952496 -0.000000 -12.690593 -0.000001 16.000299 -17.369801 2.821703 1.665665 -1.955920 -2.878297 4.727794 -4.170584 4.993919 11.020511 0.000001 -0.000000 12.109032 -3.735715 -2.866778 0.000000 -0.000000 0.000000 1.291985 -1.928548 -1.498088 14.800115 0.567467 3.865604 14.242553 -1.341738 -6.660648 19.631935 0.143921 -0.648243 50.178528 -0.481659 -5.763753 0.353029 -1.511150 -0.031940 20.222769 3.684305 2.316629 18.787249 0.000001 -0.000001 10.751608 -0.479870 1.397903 0.000000 -0.000000 0.000000 3.273804 0.305947 -0.580110 21.486790 11.830364 2.266131 8.162915 0.000000 -0.000000 18.399052 -3.798986 -4.940567 0.000003 0.000000 -0.000001 11.747150 6.793113 9.689788 0.001598 -0.663446 23.729860 -13.478168 2.109457 2.015690 1.867364 -2.274660 -12.848432 0.000000 -0.000000 0.000002 2.163299 -4.187301 -6.448720 -0.017598 -0.376798 11.446112 5.133771 -5.300646 0.952221 -1.391944 0.924912 -1.624951 0.000000 -0.000000 -0.000001
0.000000 0.000000 0.000000 0.000000 -0.000000 0.000000 -0.694583 0.873970 -2.840878 -1.295923 0.158284 -6.460500 -2.623852 -0.986278 -7.122313 -1.268710 -2.460359 -7.710546 -0.617701 -5.381469 16.892988 7.980454 -1.658587 14.226626 -1.330229 -1.232352 -3.979549 -0.437341 -2.722689 -9.418291 0.000077 -0.000022 0.000006 0.030640 -0.180749 -0.020204 0.672294 -3.898793 -10.652951 -0.610778 3.550397 -10.667846 1.846081 -6.158601 6.988266 -78.305084 -12.071256 16.857189 -0.657451 -21.426294 0.395988 -8.120800 1.399486 12.131814 -5.882102 9.861279 0.702590 -10.936861 -0.360574 7.156197 0.000000 8.774815 -0.000000 -15.943621 17.920221 6.211665 -1.844031 2.498503 -2.507276 -10.163590 4.678941 4.621104 -20.975996 -0.000001 0.000001 -21.226254 2.451698 -3.593995 0.000000 -0.000006 -0.000000 -1.362681 2.240797 -0.746323 -21.334892 0.584910 3.008319 -13.821196 -0.000001 0.000001 -23.887129 -0.249075 -0.839485 -60.715828 2.506548 -0.539640 -0.294025 1.679686 0.833255 -14.218195 0.093215 1.300579 -34.212002 -0.287561 0.967166 -20.033176 0.964536 1.212838 0.000000 -0.000000 0.000000 -3.440387 0.788233 0.501655 -15.928172 -3.167306 2.999703 -6.338817 -0.000000 0.000001 -18.123419 3.648181 -4.905662 -0.000004 0.000000 -0.000002 10.061462 0.709305 7.618531 70.897156 -0.512764 7.537659 1.264934 37.082191 0.756449 3.882613 -14.083753 -16.027960 2.243540 -5.255033 -3.180156 14.282877 -0.826594 6.952496 -0.000000 -12.690593 -0.000001 15.983809 -17.429575 2.843562 1.665665 -1.955920 -2.878297 4.727794 -4.170584 4.993919 11.020511 0.000001 -0.000000 12.109032 -3.735715 -2.866778 0.000000 -0.000000 0.000000 1.291985 -1.928548 -1.498088 14.800115 0.567467 3.865604 14.242553 -1.341738 -6.660648 19.631935 0.143921 -0.648243 50.230843 -0.472090 -5.807692 0.353029 -1.511150 -0.031940 20.222769 3.684305 2.316629 18.787249 0.000001 -0.000001 10.751608 -0.479870 1.397903 0.000000 -0.000000 0.000000 3.273804 0.305947 -0.580110 21.486790 11.830364 2.266131 8.162915 0.000000 -0.000000 18.399052 -3.798986 -4.940567 0.000003 0.000000 -0.000001 11.747150 6.793113 9.689788 0.001598 -0.663446 23.729860 -13.478168 2.109457 2.015690 1.867364 -2.274660 -12.848432 0.000000 -0.000000 0.000002 2.163299 -4.187301 -6.448720 -0.017598 -0.376798 11.446112 5.133771 -5.300646 0.952221 -1.391944 0.924912 -1.624951 0.000000 -0.000000 -0.000001
0.000000 0.000000 0.000000 0.000000 -0.000000 0.000000 -0.694583 0.904015 -2.840878 -1.295923 0.158284 -6.460500 -2.590845 -0.979910 -7.057820 -1.246221 -2.507872 -7.642085 -0.531044 -5.445848 16.950525 8.116272 -1.721854 14.096402 -1.366091 -1.192019 -3.961143 -0.584038 -2.796236 -9.528934 0.000077 -0.000022 0.000006 0.033683 -0.187180 -0.015703 0.674704 -3.904220 -10.627071 -0.607112 3.542684 -10.642694 1.948547 -6.430824 6.982994 -78.855682 -12.892493 17.210358 -0.630207 -21.036829 0.415563 -8.225329 1.511779 11.710015 -5.882102 9.861279 0.702590 -10.936861 -0.360574 7.156197 0.000000 8.774815 -0.000000 -15.975360 17.922733 6.221783 -1.844031 2.498503 -2.507276 -10.163590 4.678941 4.621104 -20.975996 -0.000001 0.000001 -21.226254 2.451698 -3.593995 0.000000 -0.000006 -0.000000 -1.362681 2.240797 -0.746323 -21.334892 0.584910 3.008319 -13.821196 -0.000001 0.000001 -23.887129 -0.249075 -0.839485 -60.754303 2.539552 -0.575744 -0.294025 1.679686 0.833255 -14.218195 0.093215 1.300579 -34.212002 -0.287561 0.967166 -20.033176 0.964536 1.212838 0.000000 -0.000000 0.000000 -3.440387 0.788233 0.501655 -15.928172 -3.167306 2.999703 -6.338817 -0.000000 0.000001 -18.123419 3.648181 -4.905662 -0.000004 0.000000 -0.000002 10.196754 0.975911 7.710454 70.794395 -0.357830 8.299622 1.190231 37.471191 0.729564 4.921750 -14.024788 -16.107628 2.243540 -5.255033 -3.180156 14.282877 -0.826594 6.952496 -0.000000 -12.690593 -0.000001 15.955934 -17.495470 2.856236 1.665665 -1.955920 -2.878297 4.727794 -4.170584 4.993919 11.020511 0.000001 -0.000000 12.109032 -3.735715 -2.866778 0.000000 -0.000000 0.000000 1.291985 -1.928548 -1.498088 14.800115 0.567467 3.865604 14.242553 -1.341738 -6.660648 19.631935 0.143921 -0.648243 50.251949 -0.474869 -5.879502 0.353029 -1.511150 -0.031940 20.222769 3.684305 2.316629 18.787249 0.000001 -0.000001 10.751608 -0.479870 1.397903 0.000000 -0.000000 0.000000 3.273804 0.305947 -0.580110 21.486790 11.830364 2.266131 8.162915 0.000000 -0.000000 18.399052 -3.798986 -4.940567 0.000003 0.000000 -0.000001 11.747150 6.793113 9.689788 0.001598 -0.663446 23.729860 -13.478168 2.109457 2.015690 1.867364 -2.274660 -12.848432 0.000000 -0.000000 0.000002 2.163299 -4.187301 -6.448720 -0.017598 -0.376798 11.446112 5.133771 -5.300646 0.952221 -1.391944 0.924912 -1.624951 0.000000 -0.000000 -0.000001
0.000000 0.000000 0.000000 0.000000 -0.000000 0.000000 -0.694583 0.933731 -2.840878 -1.295923 0.158284 -6.460500 -2.573525 -0.982856 -6.968374 -1.224820 -2.537752 -7.571592 -0.425310 -5.513373 16.981728 8.223096 -1.764689 13.968207 -1.414342 -1.135446 -3.940881 -0.694513 -2.855527 -9.635204 0.000077 -0.000022 0.000006 0.036651 -0.181981 -0.009213 0.673668 -3.897271 -10.590971 -0.600094 3.546037 -10.606174 2.046138 -6.596875 7.013421 -79.317726 -13.550019 17.582260 -0.585589 -20.906305 0.415669 -8.353427 1.644999 11.424088 -5.882102 9.861279 0.702590 -10.936861 -0.360574 7.156197 0.000000 8.774815 -0.000000 -16.006872 17.899693 6.243707 -1.844031 2.498503 -2.507276 -10.163590 4.678941 4.621104 -20.975996 -0.000001 0.000001 -21.226254 2.451698 -3.593995 0.000000 -0.000006 -0.000000 -1.362681 2.240797 -0.746323 -21.334892 0.584910 3.008319 -13.821196 -0.000001 0.000001 -23.887129 -0.249075 -0.839485 -60.788208 2.595245 -0.570923 -0.294025 1.679686 0.833255 -14.218195 0.093215 1.300579 -34.212002 -0.287561 0.967166 -20.033176 0.964536 1.212838 0.000000 -0.000000 0.000000 -3.440387 0.788233 0.501655 -15.928172 -3.167306 2.999703 -6.338817 -0.000000 0.000001 -18.123419 3.648181 -4.905662 -0.000004 0.000000 -0.000002 10.278998 1.195587 7.823867 70.748962 -0.172050 9.005711 1.030947 37.915619 0.704562 5.964871 -13.923923 -16.132280 2.243540 -5.255033 -3.180156 14.282877 -0.826594 6.952496 -0.000000 -12.690593 -0.000001 15.927351 -17.556425 2.854048 1.665665 -1.955920 -2.878297 4.727794 -4.170584 4.993919 11.020511 0.000001 -0.000000 12.109032 -3.735715 -2.866778 0.000000 -0.000000 0.000000 1.291985 -1.928548 -1.498088 14.800115 0.567467 3.865604 14.242553 -1.341738 -6.660648 19.631935 0.143921 -0.648243 50.279869 -0.474016 -5.942024 0.353029 -1.511150 -0.031940 20.222769 3.684305 2.316629 18.787249 0.000001 -0.000001 10.751608 -0.479870 1.397903 0.000000 -0.000000 0.000000 3.273804 0.305947 -0.580110 21.486790 11.830364 2.266131 8.162915 0.000000 -0.000000 18.399052 -3.798986 -4.940567 0.000003 0.000000 -0.000001 11.747150 6.793113 9.689788 0.001598 -0.663446 23.729860 -13.478168 2.109457 2.015690 1.867364 -2.274660 -12.848432 0.000000 -0.000000 0.000002 2.163299 -4.187301 -6.448720 -0.017598 -0.376798 11.446112 5.133771 -5.300646 0.952221 -1.391944 0.924912 -1.624951 0.000000 -0.000000 -0.000001
0.000000 0.000000 0.000000 0.000000 -0.000000 0.000000 -0.694583 0.955338 -2.840878 -1.295923 0.158284 -6.460500 -2.592662 -0.968879 -6.849838 -1.210997 -2.632879 -7.474546 -0.288710 -5.596642 17.000767 8.274494 -1.903536 13.842105 -1.436377 -1.004019 -3.954222 -0.839090 -2.868785 -9.706008 0.000077 -0.000022 0.000006 0.042795 -0.200072 0.001115 0.674529 -3.912037 -10.540774 -0.588542 3.524243 -10.546408 2.192308 -6.727598 7.101116 -79.680763 -14.137266 17.917452 -0.635811 -21.127905 0.439559 -8.426135 1.753617 11.415472 -5.882102 9.861279 0.702590 -10.936861 -0.360574 7.156197 0.000000 8.774815 -0.000000 -16.042240 17.907316 6.252407 -1.844031 2.498503 -2.507276 -10.163590 4.678941 4.621104 -20.975996 -0.000001 0.000001 -21.226254 2.451698 -3.593995 0.000000 -0.000006 -0.000000 -1.362681 2.240797 -0.746323 -21.334892 0.584910 3.008319 -13.821196 -0.000001 0.000001 -23.887129 -0.249075 -0.839485 -60.804832 2.680477 -0.570017 -0.294025 1.679686 0.833255 -14.218195 0.093215 1.300579 -34.212002 -0.287561 0.967166 -20.033176 0.964536 1.212838 0.000000 -0.000000 0.000000 -3.440387 0.788233 0.501655 -15.928172 -3.167306 2.999703 -6.338817 -0.000000 0.000001 -18.123419 3.648181 -4.905662 -0.000004 0.000000 -0.000002 10.295018 1.381863 7.906343 70.809921 -0.048999 9.470936 0.845521 38.473507 0.692707 6.762475 -13.890176 -16.128052 2.243540 -5.255033 -3.180156 14.282877 -0.826594 6.952496 -0.000000 -12.690593 -0.000001 15.932509 -17.588762 2.841116 1.665665 -1.955920 -2.878297 4.727794 -4.170584 4.993919 11.020511 0.000001 -0.000000 12.109032 -3.735715 -2.866778 0.000000 -0.000000 0.000000 1.291985 -1.928548 -1.498088 14.800115 0.567467 3.865604 14.242553 -1.341738 -6.660648 19.631935 0.143921 -0.648243 50.350510 -0.460923 -5.905478 0.353029 -1.511150 -0.031940 20.222769 3.684305 2.316629 18.787249 0.000001 -0.000001 10.751608 -0.479870 1.397903 0.000000 -0.000000 0.000000 3.273804 0.305947 -0.580110 21.486790 11.830364 2.266131 8.162915 0.000000 -0.000000 18.399052 -3.798986 -4.940567 0.000003 0.000000 -0.000001 11.747150 6.793113 9.689788 0.001598 -0.663446 23.729860 -13.478168 2.109457 2.015690 1.867364 -2.274660 -12.848432 0.000000 -0.000000 0.000002 2.163299 -4.187301 -6.448720 -0.017598 -0.376798 11.446112 5.133771 -5.300646 0.952221 -1.391944 0.924912 -1.624951 0.000000 -0.000000 -0.000001
