HIERARCHY
ROOT Root
{
  OFFSET 0.000000 0.000000 0.000000
  CHANNELS 6 Xposition Yposition Zposition Zrotation Yrotation Xrotation
  JOINT Hips
  {
    OFFSET 0.000000 100.000000 0.000000
    CHANNELS 6 Xposition Yposition Zposition Zrotation Yrotation Xrotation
    JOINT Spine1
    {
      OFFSET -0.013727 5.003763 -0.053727
      CHANNELS 3 Zrotation Yrotation Xrotation
      JOINT Spine2
      {
        OFFSET -0.000000 7.125301 -0.029825
        CHANNELS 3 Zrotation Yrotation Xrotation
        JOINT Chest
        {
          OFFSET -0.000001 7.550063 -0.815971
          CHANNELS 3 Zrotation Yrotation Xrotation
          JOINT Neck1
          {
            OFFSET -0.181677 26.311295 -0.553348
            CHANNELS 3 Zrotation Yrotation Xrotation
            JOINT Neck2
            {
              OFFSET -0.000003 7.709397 2.302585
              CHANNELS 3 Zrotation Yrotation Xrotation
              JOINT Head
              {
                OFFSET -0.000005 6.128916 1.953709
                CHANNELS 3 Zrotation Yrotation Xrotation
                JOINT HeadEnd
                {
                  OFFSET 0.003598 16.065403 -1.835379
                  CHANNELS 3 Zrotation Yrotation Xrotation
                }
                JOINT Jaw
                {
                  OFFSET 0.002637 0.475592 3.094941
                  CHANNELS 3 Zrotation Yrotation Xrotation
                }
                JOINT LeftEye
                {
                  OFFSET 3.206381 5.380205 7.586883
                  CHANNELS 3 Zrotation Yrotation Xrotation
                }
                JOINT RightEye
                {
                  OFFSET -3.222440 5.361869 7.558234
                  CHANNELS 3 Zrotation Yrotation Xrotation
                }
              }
            }
          }
          JOINT LeftShoulder
          {
            OFFSET 1.621652 23.237164 5.113413
            CHANNELS 3 Zrotation Yrotation Xrotation
            JOINT LeftArm
            {
              OFFSET 14.919846 0.000002 -5.502326
              CHANNELS 3 Zrotation Yrotation Xrotation
              JOINT LeftForeArm
              {
                OFFSET 28.739307 0.000000 -0.002588
                CHANNELS 3 Zrotation Yrotation Xrotation
                JOINT LeftHand
                {
                  OFFSET 27.093981 -0.000001 0.002609
                  CHANNELS 3 Zrotation Yrotation Xrotation
                  JOINT LeftHandThumb1
                  {
                    OFFSET 2.276482 -1.392045 3.191413
                    CHANNELS 3 Zrotation Yrotation Xrotation
                    JOINT LeftHandThumb2
                    {
                      OFFSET 4.012836 -1.828127 1.641654
                      CHANNELS 3 Zrotation Yrotation Xrotation
                      JOINT LeftHandThumb3
                      {
                        OFFSET 2.798515 0.000000 -0.000003
                        CHANNELS 3 Zrotation Yrotation Xrotation
                        JOINT LeftHandThumbEnd
                        {
                          OFFSET 3.180793 -0.000004 0.000004
                          CHANNELS 3 Zrotation Yrotation Xrotation
                        }
                      }
                    }
                  }
                  JOINT LeftHandIndex1
                  {
                    OFFSET 3.247555 -0.531998 2.296169
                    CHANNELS 3 Zrotation Yrotation Xrotation
                    JOINT LeftHandIndex2
                    {
                      OFFSET 6.364578 0.012060 0.178600
                      CHANNELS 3 Zrotation Yrotation Xrotation
                      JOINT LeftHandIndex3
                      {
                        OFFSET 3.662364 0.000000 0.000000
                        CHANNELS 3 Zrotation Yrotation Xrotation
                        JOINT LeftHandIndex4
                        {
                          OFFSET 2.329242 0.000004 0.000004
                          CHANNELS 3 Zrotation Yrotation Xrotation
                          JOINT LeftHandIndexEnd
                          {
                            OFFSET 2.759615 -0.180537 -0.113024
                            CHANNELS 3 Zrotation Yrotation Xrotation
                          }
                        }
                      }
                    }
                  }
                  JOINT LeftHandMiddle1
                  {
                    OFFSET 3.163495 0.240981 1.000332
                    CHANNELS 3 Zrotation Yrotation Xrotation
                    JOINT LeftHandMiddle2
                    {
                      OFFSET 6.190780 -0.259278 -1.002548
                      CHANNELS 3 Zrotation Yrotation Xrotation
                      JOINT LeftHandMiddle3
                      {
                        OFFSET 4.356520 -0.000004 -0.000001
                        CHANNELS 3 Zrotation Yrotation Xrotation
                        JOINT LeftHandMiddle4
                        {
                          OFFSET 2.996877 -0.000008 0.000000
                          CHANNELS 3 Zrotation Yrotation Xrotation
                          JOINT LeftHandMiddleEnd
                          {
                            OFFSET 2.304287 -0.294569 -0.031741
                            CHANNELS 3 Zrotation Yrotation Xrotation
                          }
                        }
                      }
                    }
                  }
                  JOINT LeftHandRing1
                  {
                    OFFSET 2.882643 -0.053652 -0.322543
                    CHANNELS 3 Zrotation Yrotation Xrotation
                    JOINT LeftHandRing2
                    {
                      OFFSET 5.854541 -0.486202 -1.373841
                      CHANNELS 3 Zrotation Yrotation Xrotation
                      JOINT LeftHandRing3
                      {
                        OFFSET 4.350578 0.000000 0.000003
                        CHANNELS 3 Zrotation Yrotation Xrotation
                        JOINT LeftHandRing4
                        {
                          OFFSET 2.651321 0.000007 0.000002
                          CHANNELS 3 Zrotation Yrotation Xrotation
                          JOINT LeftHandRingEnd
                          {
                            OFFSET 1.936105 0.077687 -0.000071
                            CHANNELS 3 Zrotation Yrotation Xrotation
                          }
                        }
                      }
                    }
                  }
                  JOINT LeftHandPinky1
                  {
                    OFFSET 2.865500 -0.310005 -1.600378
                    CHANNELS 3 Zrotation Yrotation Xrotation
                    JOINT LeftHandPinky2
                    {
                      OFFSET 5.087849 -1.331141 -1.771230
                      CHANNELS 3 Zrotation Yrotation Xrotation
                      JOINT LeftHandPinky3
                      {
                        OFFSET 3.070974 0.000004 0.000000
                        CHANNELS 3 Zrotation Yrotation Xrotation
                        JOINT LeftHandPinky4
                        {
                          OFFSET 1.549672 0.000000 0.000001
                          CHANNELS 3 Zrotation Yrotation Xrotation
                          JOINT LeftHandPinkyEnd
                          {
                            OFFSET 1.944893 -0.157802 0.057219
                            CHANNELS 3 Zrotation Yrotation Xrotation
                          }
                        }
                      }
                    }
                  }
                }
              }
            }
          }
          JOINT RightShoulder
          {
            OFFSET -1.380118 23.180309 5.214158
            CHANNELS 3 Zrotation Yrotation Xrotation
            JOINT RightArm
            {
              OFFSET -15.037196 0.000012 -5.545604
              CHANNELS 3 Zrotation Yrotation Xrotation
              JOINT RightForeArm
              {
                OFFSET -28.736639 0.000002 -0.002597
                CHANNELS 3 Zrotation Yrotation Xrotation
                JOINT RightHand
                {
                  OFFSET -27.133619 -0.000000 0.002613
                  CHANNELS 3 Zrotation Yrotation Xrotation
                  JOINT RightHandThumb1
                  {
                    OFFSET -2.274032 -1.383988 3.163127
                    CHANNELS 3 Zrotation Yrotation Xrotation
                    JOINT RightHandThumb2
                    {
                      OFFSET -4.011429 -1.827466 1.640914
                      CHANNELS 3 Zrotation Yrotation Xrotation
                      JOINT RightHandThumb3
                      {
                        OFFSET -2.794935 -0.000004 -0.000003
                        CHANNELS 3 Zrotation Yrotation Xrotation
                        JOINT RightHandThumbEnd
                        {
                          OFFSET -3.183852 0.000004 0.000001
                          CHANNELS 3 Zrotation Yrotation Xrotation
                        }
                      }
                    }
                  }
                  JOINT RightHandIndex1
                  {
                    OFFSET -3.253266 -0.520057 2.282866
                    CHANNELS 3 Zrotation Yrotation Xrotation
                    JOINT RightHandIndex2
                    {
                      OFFSET -6.341917 0.012471 0.178266
                      CHANNELS 3 Zrotation Yrotation Xrotation
                      JOINT RightHandIndex3
                      {
                        OFFSET -3.654871 -0.000008 -0.000000
                        CHANNELS 3 Zrotation Yrotation Xrotation
                        JOINT RightHandIndex4
                        {
                          OFFSET -2.327586 0.000000 0.000001
                          CHANNELS 3 Zrotation Yrotation Xrotation
                          JOINT RightHandIndexEnd
                          {
                            OFFSET -2.761790 -0.180656 -0.113078
                            CHANNELS 3 Zrotation Yrotation Xrotation
                          }
                        }
                      }
                    }
                  }
                  JOINT RightHandMiddle1
                  {
                    OFFSET -3.168106 0.246593 1.001030
                    CHANNELS 3 Zrotation Yrotation Xrotation
                    JOINT RightHandMiddle2
                    {
                      OFFSET -6.180828 -0.258836 -1.000895
                      CHANNELS 3 Zrotation Yrotation Xrotation
                      JOINT RightHandMiddle3
                      {
                        OFFSET -4.348901 0.000000 -0.000000
                        CHANNELS 3 Zrotation Yrotation Xrotation
                        JOINT RightHandMiddle4
                        {
                          OFFSET -3.000240 -0.000004 -0.000002
                          CHANNELS 3 Zrotation Yrotation Xrotation
                          JOINT RightHandMiddleEnd
                          {
                            OFFSET -2.302520 -0.294370 -0.031706
                            CHANNELS 3 Zrotation Yrotation Xrotation
                          }
                        }
                      }
                    }
                  }
                  JOINT RightHandRing1
                  {
                    OFFSET -2.885690 -0.067952 -0.308858
                    CHANNELS 3 Zrotation Yrotation Xrotation
                    JOINT RightHandRing2
                    {
                      OFFSET -5.854198 -0.486130 -1.373731
                      CHANNELS 3 Zrotation Yrotation Xrotation
                      JOINT RightHandRing3
                      {
                        OFFSET -4.338810 -0.000004 -0.000000
                        CHANNELS 3 Zrotation Yrotation Xrotation
                        JOINT RightHandRing4
                        {
                          OFFSET -2.654903 -0.000004 0.000004
                          CHANNELS 3 Zrotation Yrotation Xrotation
                          JOINT RightHandRingEnd
                          {
                            OFFSET -1.933568 0.077527 -0.000052
                            CHANNELS 3 Zrotation Yrotation Xrotation
                          }
                        }
                      }
                    }
                  }
                  JOINT RightHandPinky1
                  {
                    OFFSET -2.866425 -0.342796 -1.584145
                    CHANNELS 3 Zrotation Yrotation Xrotation
                    JOINT RightHandPinky2
                    {
                      OFFSET -5.091371 -1.332055 -1.772385
                      CHANNELS 3 Zrotation Yrotation Xrotation
                      JOINT RightHandPinky3
                      {
                        OFFSET -3.062664 -0.000004 0.000001
                        CHANNELS 3 Zrotation Yrotation Xrotation
                        JOINT RightHandPinky4
                        {
                          OFFSET -1.546529 0.000004 -0.000002
                          CHANNELS 3 Zrotation Yrotation Xrotation
                          JOINT RightHandPinkyEnd
                          {
                            OFFSET -1.945119 -0.157718 0.057211
                            CHANNELS 3 Zrotation Yrotation Xrotation
                          }
                        }
                      }
                    }
                  }
                }
              }
            }
          }
        }
      }
    }
    JOINT LeftLeg
    {
      OFFSET 10.043214 -8.434526 2.595655
      CHANNELS 3 Zrotation Yrotation Xrotation
      JOINT LeftShin
      {
        OFFSET -0.000001 -43.221752 -0.802913
        CHANNELS 3 Zrotation Yrotation Xrotation
        JOINT LeftFoot
        {
          OFFSET 0.000001 -42.155094 -3.481523
          CHANNELS 3 Zrotation Yrotation Xrotation
          JOINT LeftToeBase
          {
            OFFSET 0.000000 -5.059472 13.231529
            CHANNELS 3 Zrotation Yrotation Xrotation
            JOINT LeftToeEnd
            {
              OFFSET -0.009607 -1.647619 6.513017
              CHANNELS 3 Zrotation Yrotation Xrotation
            }
          }
        }
      }
    }
    JOINT RightLeg
    {
      OFFSET -10.047278 -8.295260 2.620317
      CHANNELS 3 Zrotation Yrotation Xrotation
      JOINT RightShin
      {
        OFFSET 0.000001 -43.362206 -0.805556
        CHANNELS 3 Zrotation Yrotation Xrotation
        JOINT RightFoot
        {
          OFFSET 0.000002 -42.117393 -3.478398
          CHANNELS 3 Zrotation Yrotation Xrotation
          JOINT RightToeBase
          {
            OFFSET -0.000000 -5.079609 13.284196
            CHANNELS 3 Zrotation Yrotation Xrotation
            JOINT RightToeEnd
            {
              OFFSET 0.009532 -1.634378 6.460591
              CHANNELS 3 Zrotation Yrotation Xrotation
            }
          }
        }
      }
    }
  }
}
MOTION
Frames: 44
Frame Time: 0.03333333
0.000000 0.000000 0.000000 0.000000 -0.000000 0.000000 -0.223142 0.490311 0.797868 -1.960384 -1.736996 4.617846 -3.533437 -1.976606 -3.893965 -1.520148 -3.427585 -6.453204 -1.608206 -8.166209 7.808867 9.898838 -5.408569 24.759703 -2.712041 -7.505330 -3.390426 1.917078 -10.997307 12.998070 0.000077 -0.000022 0.000006 -0.053249 0.049974 -0.156826 0.760382 -3.729153 -10.575542 -0.871041 3.833114 -10.580182 -12.545454 -11.618872 15.186110 -61.396851 -35.209591 31.117826 -179.358627 -77.890465 178.867706 3.150680 15.797698 -62.429104 -5.882102 9.861279 0.702590 -10.936861 -0.360574 7.156197 0.000000 8.774815 -0.000000 -15.009945 17.624228 6.272982 -1.844031 2.498503 -2.507276 -10.163590 4.678941 4.621104 -20.975996 -0.000001 0.000001 -21.226254 2.451698 -3.593995 0.000000 -0.000006 -0.000000 -1.362681 2.240797 -0.746323 -21.334892 0.584910 3.008319 -13.821196 -0.000001 0.000001 -23.887129 -0.249075 -0.839485 -58.647736 2.430167 -1.368741 -0.294025 1.679686 0.833255 -14.218195 0.093215 1.300579 -34.212002 -0.287561 0.967166 -20.033176 0.964536 1.212838 0.000000 -0.000000 0.000000 -3.440387 0.788233 0.501655 -15.928172 -3.167306 2.999703 -6.338817 -0.000000 0.000001 -18.123419 3.648181 -4.905662 -0.000004 0.000000 -0.000002 19.632051 1.101305 13.230196 54.315857 18.045732 14.812292 -179.578568 61.214901 179.803085 -26.900524 -9.974688 -21.638823 2.243540 -5.255033 -3.180156 14.282877 -0.826594 6.952496 -0.000000 -12.690593 -0.000001 15.769177 -17.147446 2.252727 1.665665 -1.955920 -2.878297 4.727794 -4.170584 4.993919 11.020511 0.000001 -0.000000 12.109032 -3.735715 -2.866778 0.000000 -0.000000 0.000000 1.291985 -1.928548 -1.498088 14.800115 0.567467 3.865604 14.242553 -1.341738 -6.660648 19.631935 0.143921 -0.648243 49.190758 -0.367345 -5.608077 0.353029 -1.511150 -0.031940 20.222769 3.684305 2.316629 18.787249 0.000001 -0.000001 10.751608 -0.479870 1.397903 0.000000 -0.000000 0.000000 3.273804 0.305947 -0.580110 21.486790 11.830364 2.266131 8.162915 0.000000 -0.000000 18.399052 -3.798986 -4.940567 0.000003 0.000000 -0.000001 8.518800 9.612623 -11.798208 0.013877 -0.343014 22.059793 5.871792 15.307774 -0.896695 1.805442 -2.152918 -3.715566 0.000000 -0.000000 0.000002 2.508510 -16.142485 -18.730503 0.185196 -0.011958 9.168435 3.015190 -4.121007 4.728503 -1.404348 0.749142 -3.482935 0.000000 -0.000000 -0.000001
0.000000 0.000000 0.000000 0.000000 -0.000000 0.000000 -0.223142 0.477723 0.797868 -1.960384 -1.736996 4.617846 -3.637848 -2.075934 -3.770015 -1.554213 -3.746162 -6.408124 -1.814227 -8.639843 7.787342 10.429254 -5.864275 24.737635 -2.772738 -7.915276 -3.395924 1.975102 -11.374797 12.774291 0.000077 -0.000022 0.000006 -0.044998 0.039857 -0.149849 0.767048 -3.744472 -10.586755 -0.861071 3.828249 -10.581658 -12.359020 -12.568583 15.417163 -61.917046 -35.625690 31.807734 -179.672028 -78.321648 179.246994 3.005359 15.356810 -62.229034 -5.882102 9.861279 0.702590 -10.936861 -0.360574 7.156197 0.000000 8.774815 -0.000000 -15.020127 17.676256 6.259856 -1.844031 2.498503 -2.507276 -10.163590 4.678941 4.621104 -20.975996 -0.000001 0.000001 -21.226254 2.451698 -3.593995 0.000000 -0.000006 -0.000000 -1.362681 2.240797 -0.746323 -21.334892 0.584910 3.008319 -13.821196 -0.000001 0.000001 -23.887129 -0.249075 -0.839485 -58.736637 2.449003 -1.377822 -0.294025 1.679686 0.833255 -14.218195 0.093215 1.300579 -34.212002 -0.287561 0.967166 -20.033176 0.964536 1.212838 0.000000 -0.000000 0.000000 -3.440387 0.788233 0.501655 -15.928172 -3.167306 2.999703 -6.338817 -0.000000 0.000001 -18.123419 3.648181 -4.905662 -0.000004 0.000000 -0.000002 19.841278 0.139226 13.086398 53.949570 17.567245 14.123713 -179.660721 60.671234 179.717438 -27.317461 -10.179653 -21.735727 2.243540 -5.255033 -3.180156 14.282877 -0.826594 6.952496 -0.000000 -12.690593 -0.000001 15.744479 -17.138472 2.219913 1.665665 -1.955920 -2.878297 4.727794 -4.170584 4.993919 11.020511 0.000001 -0.000000 12.109032 -3.735715 -2.866778 0.000000 -0.000000 0.000000 1.291985 -1.928548 -1.498088 14.800115 0.567467 3.865604 14.242553 -1.341738 -6.660648 19.631935 0.143921 -0.648243 49.158569 -0.358865 -5.602656 0.353029 -1.511150 -0.031940 20.222769 3.684305 2.316629 18.787249 0.000001 -0.000001 10.751608 -0.479870 1.397903 0.000000 -0.000000 0.000000 3.273804 0.305947 -0.580110 21.486790 11.830364 2.266131 8.162915 0.000000 -0.000000 18.399052 -3.798986 -4.940567 0.000003 0.000000 -0.000001 8.518800 9.612623 -11.798208 0.013877 -0.343014 22.059793 5.871792 15.307774 -0.896695 1.805442 -2.152918 -3.715566 0.000000 -0.000000 0.000002 2.508510 -16.142485 -18.730503 0.185196 -0.011958 9.168435 3.015190 -4.121007 4.728503 -1.404348 0.749142 -3.482935 0.000000 -0.000000 -0.000001
0.000000 0.000000 0.000000 0.000000 -0.000000 0.000000 -0.223142 0.469765 0.797868 -1.960384 -1.736996 4.617846 -3.853493 -2.213223 -3.535668 -1.601695 -4.199594 -6.357980 -2.127910 -9.264315 7.744410 11.251535 -6.630198 24.712782 -2.927074 -8.545364 -3.386603 2.121489 -12.001533 12.378568 0.000077 -0.000022 0.000006 -0.042133 0.034830 -0.139979 0.775822 -3.751110 -10.589681 -0.864092 3.824575 -10.575364 -12.046792 -14.025297 15.815882 -62.765415 -36.337238 32.593773 -179.645386 -79.052956 179.251099 2.748625 14.834891 -62.167664 -5.882102 9.861279 0.702590 -10.936861 -0.360574 7.156197 0.000000 8.774815 -0.000000 -15.048941 17.745165 6.245587 -1.844031 2.498503 -2.507276 -10.163590 4.678941 4.621104 -20.975996 -0.000001 0.000001 -21.226254 2.451698 -3.593995 0.000000 -0.000006 -0.000000 -1.362681 2.240797 -0.746323 -21.334892 0.584910 3.008319 -13.821196 -0.000001 0.000001 -23.887129 -0.249075 -0.839485 -58.713585 2.512836 -1.352146 -0.294025 1.679686 0.833255 -14.218195 0.093215 1.300579 -34.212002 -0.287561 0.967166 -20.033176 0.964536 1.212838 0.000000 -0.000000 0.000000 -3.440387 0.788233 0.501655 -15.928172 -3.167306 2.999703 -6.338817 -0.000000 0.000001 -18.123419 3.648181 -4.905662 -0.000004 0.000000 -0.000002 20.127548 -1.341320 12.882390 53.517220 16.998127 13.217765 -179.780853 59.994400 179.635422 -27.946726 -10.428946 -21.971321 2.243540 -5.255033 -3.180156 14.282877 -0.826594 6.952496 -0.000000 -12.690593 -0.000001 15.771081 -17.094465 2.171137 1.665665 -1.955920 -2.878297 4.727794 -4.170584 4.993919 11.020511 0.000001 -0.000000 12.109032 -3.735715 -2.866778 0.000000 -0.000000 0.000000 1.291985 -1.928548 -1.498088 14.800115 0.567467 3.865604 14.242553 -1.341738 -6.660648 19.631935 0.143921 -0.648243 49.102943 -0.332170 -5.583356 0.353029 -1.511150 -0.031940 20.222769 3.684305 2.316629 18.787249 0.000001 -0.000001 10.751608 -0.479870 1.397903 0.000000 -0.000000 0.000000 3.273804 0.305947 -0.580110 21.486790 11.830364 2.266131 8.162915 0.000000 -0.000000 18.399052 -3.798986 -4.940567 0.000003 0.000000 -0.000001 8.518800 9.612623 -11.798208 0.013877 -0.343014 22.059793 5.871792 15.307774 -0.896695 1.805442 -2.152918 -3.715566 0.000000 -0.000000 0.000002 2.508510 -16.142485 -18.730503 0.185196 -0.011958 9.168435 3.015190 -4.121007 4.728503 -1.404348 0.749142 -3.482935 0.000000 -0.000000 -0.000001
0.000000 0.000000 0.000000 0.000000 -0.000000 0.000000 -0.223142 0.448556 0.797868 -1.960384 -1.736996 4.617846 -4.135825 -2.375276 -3.240276 -1.674854 -4.814602 -6.312355 -2.541164 -9.944315 7.712823 12.387853 -7.657491 24.591959 -3.151226 -9.332658 -3.407947 2.240855 -12.912953 11.849139 0.000077 -0.000022 0.000006 -0.033288 0.017384 -0.141972 0.787915 -3.771533 -10.613455 -0.858489 3.809672 -10.596137 -11.583184 -15.969059 16.298992 -63.857353 -37.214104 33.452045 -179.394211 -79.984627 178.846252 2.568048 14.488074 -61.929996 -5.882102 9.861279 0.702590 -10.936861 -0.360574 7.156197 0.000000 8.774815 -0.000000 -15.222468 17.787300 6.212095 -1.844031 2.498503 -2.507276 -10.163590 4.678941 4.621104 -20.975996 -0.000001 0.000001 -21.226254 2.451698 -3.593995 0.000000 -0.000006 -0.000000 -1.362681 2.240797 -0.746323 -21.334892 0.584910 3.008319 -13.821196 -0.000001 0.000001 -23.887129 -0.249075 -0.839485 -58.597736 2.588577 -1.230916 -0.294025 1.679686 0.833255 -14.218195 0.093215 1.300579 -34.212002 -0.287561 0.967166 -20.033176 0.964536 1.212838 0.000000 -0.000000 0.000000 -3.440387 0.788233 0.501655 -15.928172 -3.167306 2.999703 -6.338817 -0.000000 0.000001 -18.123419 3.648181 -4.905662 -0.000004 0.000000 -0.000002 20.505201 -3.310015 12.499876 53.056641 16.271465 12.149782 179.997070 59.234039 179.394272 -28.509884 -10.834771 -22.261387 2.243540 -5.255033 -3.180156 14.282877 -0.826594 6.952496 -0.000000 -12.690593 -0.000001 15.826770 -17.165823 2.152249 1.665665 -1.955920 -2.878297 4.727794 -4.170584 4.993919 11.020511 0.000001 -0.000000 12.109032 -3.735715 -2.866778 0.000000 -0.000000 0.000000 1.291985 -1.928548 -1.498088 14.800115 0.567467 3.865604 14.242553 -1.341738 -6.660648 19.631935 0.143921 -0.648243 49.155182 -0.317189 -5.609951 0.353029 -1.511150 -0.031940 20.222769 3.684305 2.316629 18.787249 0.000001 -0.000001 10.751608 -0.479870 1.397903 0.000000 -0.000000 0.000000 3.273804 0.305947 -0.580110 21.486790 11.830364 2.266131 8.162915 0.000000 -0.000000 18.399052 -3.798986 -4.940567 0.000003 0.000000 -0.000001 8.518800 9.612623 -11.798208 0.013877 -0.343014 22.059793 5.871792 15.307774 -0.896695 1.805442 -2.152918 -3.715566 0.000000 -0.000000 0.000002 2.508510 -16.142485 -18.730503 0.185196 -0.011958 9.168435 3.015190 -4.121007 4.728503 -1.404348 0.749142 -3.482935 0.000000 -0.000000 -0.000001
0.000000 0.000000 0.000000 0.000000 -0.000000 0.000000 -0.223142 0.440972 0.797868 -1.960384 -1.736996 4.617846 -4.364864 -2.461718 -2.915507 -1.740007 -5.288827 -6.258151 -2.897005 -10.429452 7.656430 13.378537 -8.560267 24.403418 -3.437476 -9.851887 -3.426476 2.340853 -13.829658 11.509568 0.000077 -0.000022 0.000006 -0.055071 0.045784 -0.159917 0.765620 -3.748497 -10.633280 -0.879246 3.841166 -10.616908 -11.270563 -17.564234 16.808451 -64.752274 -37.966084 33.863052 -177.504532 -80.774269 176.761948 2.347583 14.116776 -61.661575 -5.882102 9.861279 0.702590 -10.936861 -0.360574 7.156197 0.000000 8.774815 -0.000000 -15.380956 17.785021 6.138977 -1.844031 2.498503 -2.507276 -10.163590 4.678941 4.621104 -20.975996 -0.000001 0.000001 -21.226254 2.451698 -3.593995 0.000000 -0.000006 -0.000000 -1.362681 2.240797 -0.746323 -21.334892 0.584910 3.008319 -13.821196 -0.000001 0.000001 -23.887129 -0.249075 -0.839485 -58.375713 2.695088 -1.037191 -0.294025 1.679686 0.833255 -14.218195 0.093215 1.300579 -34.212002 -0.287561 0.967166 -20.033176 0.964536 1.212838 0.000000 -0.000000 0.000000 -3.440387 0.788233 0.501655 -15.928172 -3.167306 2.999703 -6.338817 -0.000000 0.000001 -18.123419 3.648181 -4.905662 -0.000004 0.000000 -0.000002 20.877012 -4.933760 12.328354 52.713684 15.629157 11.334764 -179.879120 58.544456 179.568222 -28.751432 -11.153379 -22.526840 2.243540 -5.255033 -3.180156 14.282877 -0.826594 6.952496 -0.000000 -12.690593 -0.000001 15.889448 -17.261663 2.128294 1.665665 -1.955920 -2.878297 4.727794 -4.170584 4.993919 11.020511 0.000001 -0.000000 12.109032 -3.735715 -2.866778 0.000000 -0.000000 0.000000 1.291985 -1.928548 -1.498088 14.800115 0.567467 3.865604 14.242553 -1.341738 -6.660648 19.631935 0.143921 -0.648243 49.226765 -0.253089 -5.703931 0.353029 -1.511150 -0.031940 20.222769 3.684305 2.316629 18.787249 0.000001 -0.000001 10.751608 -0.479870 1.397903 0.000000 -0.000000 0.000000 3.273804 0.305947 -0.580110 21.486790 11.830364 2.266131 8.162915 0.000000 -0.000000 18.399052 -3.798986 -4.940567 0.000003 0.000000 -0.000001 8.518800 9.612623 -11.798208 0.013877 -0.343014 22.059793 5.871792 15.307774 -0.896695 1.805442 -2.152918 -3.715566 0.000000 -0.000000 0.000002 2.508510 -16.142485 -18.730503 0.185196 -0.011958 9.168435 3.015190 -4.121007 4.728503 -1.404348 0.749142 -3.482935 0.000000 -0.000000 -0.000001
0.000000 0.000000 0.000000 0.000000 -0.000000 0.000000 -0.223142 0.440392 0.797868 -1.960384 -1.736996 4.617846 -4.443864 -2.544585 -2.824527 -1.799635 -5.630298 -6.202576 -3.335492 -10.597537 7.570704 14.341987 -9.119309 24.204866 -3.766048 -10.558487 -3.502822 2.221588 -14.316190 11.426518 0.000077 -0.000022 0.000006 -0.000778 -0.024443 -0.167733 0.821220 -3.832433 -10.646706 -0.826257 3.783584 -10.629392 -10.956752 -18.607430 16.712452 -65.418976 -37.999878 34.383007 -176.562668 -81.016068 175.724228 2.503484 14.024844 -60.854446 -5.882102 9.861279 0.702590 -10.936861 -0.360574 7.156197 0.000000 8.774815 -0.000000 -15.637846 17.825188 6.089703 -1.844031 2.498503 -2.507276 -10.163590 4.678941 4.621104 -20.975996 -0.000001 0.000001 -21.226254 2.451698 -3.593995 0.000000 -0.000006 -0.000000 -1.362681 2.240797 -0.746323 -21.334892 0.584910 3.008319 -13.821196 -0.000001 0.000001 -23.887129 -0.249075 -0.839485 -58.340881 2.630772 -0.950494 -0.294025 1.679686 0.833255 -14.218195 0.093215 1.300579 -34.212002 -0.287561 0.967166 -20.033176 0.964536 1.212838 0.000000 -0.000000 0.000000 -3.440387 0.788233 0.501655 -15.928172 -3.167306 2.999703 -6.338817 -0.000000 0.000001 -18.123419 3.648181 -4.905662 -0.000004 0.000000 -0.000002 20.953306 -6.057370 11.944518 53.001610 14.998241 10.905955 179.739609 58.039131 179.067123 -28.668432 -11.526133 -22.749321 2.243540 -5.255033 -3.180156 14.282877 -0.826594 6.952496 -0.000000 -12.690593 -0.000001 15.680188 -17.438755 2.258095 1.665665 -1.955920 -2.878297 4.727794 -4.170584 4.993919 11.020511 0.000001 -0.000000 12.109032 -3.735715 -2.866778 0.000000 -0.000000 0.000000 1.291985 -1.928548 -1.498088 14.800115 0.567467 3.865604 14.242553 -1.341738 -6.660648 19.631935 0.143921 -0.648243 49.218975 -0.405251 -5.736540 0.353029 -1.511150 -0.031940 20.222769 3.684305 2.316629 18.787249 0.000001 -0.000001 10.751608 -0.479870 1.397903 0.000000 -0.000000 0.000000 3.273804 0.305947 -0.580110 21.486790 11.830364 2.266131 8.162915 0.000000 -0.000000 18.399052 -3.798986 -4.940567 0.000003 0.000000 -0.000001 8.518800 9.612623 -11.798208 0.013877 -0.343014 22.059793 5.871792 15.307774 -0.896695 1.805442 -2.152918 -3.715566 0.000000 -0.000000 0.000002 2.508510 -16.142485 -18.730503 0.185196 -0.011958 9.168435 3.015190 -4.121007 4.728503 -1.404348 0.749142 -3.482935 0.000000 -0.000000 -0.000001
0.000000 0.000000 0.000000 0.000000 -0.000000 0.000000 -0.223142 0.438477 0.797868 -1.960384 -1.736996 4.617846 -4.056314 -2.382469 -3.107676 -1.703160 -4.982991 -6.244610 -3.045414 -9.825217 7.682963 13.091882 -8.030446 24.565483 -3.702812 -10.091154 -3.423022 2.259302 -13.932816 11.601180 0.000077 -0.000022 0.000006 0.003896 -0.038989 -0.184785 0.830517 -3.840801 -10.660650 -0.827098 3.763936 -10.656987 -11.637502 -16.801226 16.224930 -64.811287 -37.413460 33.617123 -176.114868 -80.375328 175.307419 2.680186 13.652216 -60.220612 -5.882102 9.861279 0.702590 -10.936861 -0.360574 7.156197 0.000000 8.774815 -0.000000 -15.261992 17.753641 6.320356 -1.844031 2.498503 -2.507276 -10.163590 4.678941 4.621104 -20.975996 -0.000001 0.000001 -21.226254 2.451698 -3.593995 0.000000 -0.000006 -0.000000 -1.362681 2.240797 -0.746323 -21.334892 0.584910 3.008319 -13.821196 -0.000001 0.000001 -23.887129 -0.249075 -0.839485 -58.388195 2.615626 -1.132257 -0.294025 1.679686 0.833255 -14.218195 0.093215 1.300579 -34.212002 -0.287561 0.967166 -20.033176 0.964536 1.212838 0.000000 -0.000000 0.000000 -3.440387 0.788233 0.501655 -15.928172 -3.167306 2.999703 -6.338817 -0.000000 0.000001 -18.123419 3.648181 -4.905662 -0.000004 0.000000 -0.000002 20.253155 -4.289574 12.472886 53.470150 15.973904 11.562541 -179.487808 58.800766 179.680756 -28.549189 -10.936000 -22.859083 2.243540 -5.255033 -3.180156 14.282877 -0.826594 6.952496 -0.000000 -12.690593 -0.000001 15.873580 -17.392759 2.162732 1.665665 -1.955920 -2.878297 4.727794 -4.170584 4.993919 11.020511 0.000001 -0.000000 12.109032 -3.735715 -2.866778 0.000000 -0.000000 0.000000 1.291985 -1.928548 -1.498088 14.800115 0.567467 3.865604 14.242553 -1.341738 -6.660648 19.631935 0.143921 -0.648243 49.293053 -0.388653 -5.702801 0.353029 -1.511150 -0.031940 20.222769 3.684305 2.316629 18.787249 0.000001 -0.000001 10.751608 -0.479870 1.397903 0.000000 -0.000000 0.000000 3.273804 0.305947 -0.580110 21.486790 11.830364 2.266131 8.162915 0.000000 -0.000000 18.399052 -3.798986 -4.940567 0.000003 0.000000 -0.000001 8.518800 9.612623 -11.798208 0.013877 -0.343014 22.059793 5.871792 15.307774 -0.896695 1.805442 -2.152918 -3.715566 0.000000 -0.000000 0.000002 2.508510 -16.142485 -18.730503 0.185196 -0.011958 9.168435 3.015190 -4.121007 4.728503 -1.404348 0.749142 -3.482935 0.000000 -0.000000 -0.000001
0.000000 0.000000 0.000000 0.000000 -0.000000 0.000000 -0.223142 0.422929 0.797868 -1.960384 -1.736996 4.617846 -3.714210 -2.168690 -3.498030 -1.611530 -4.265383 -6.305646 -2.727108 -8.994843 7.755005 11.762023 -6.909871 24.962454 -3.503964 -9.467033 -3.377020 2.120515 -13.249314 11.844321 0.000077 -0.000022 0.000006 0.011103 -0.047691 -0.173552 0.843826 -3.837001 -10.604221 -0.827224 3.744551 -10.617203 -12.385092 -14.678848 15.741036 -63.727627 -36.526028 32.714005 -177.272430 -79.303185 176.616562 2.817611 13.537236 -59.898842 -5.882102 9.861279 0.702590 -10.936861 -0.360574 7.156197 0.000000 8.774815 -0.000000 -15.099069 17.630297 6.452135 -1.844031 2.498503 -2.507276 -10.163590 4.678941 4.621104 -20.975996 -0.000001 0.000001 -21.226254 2.451698 -3.593995 0.000000 -0.000006 -0.000000 -1.362681 2.240797 -0.746323 -21.334892 0.584910 3.008319 -13.821196 -0.000001 0.000001 -23.887129 -0.249075 -0.839485 -58.371105 2.514912 -1.215705 -0.294025 1.679686 0.833255 -14.218195 0.093215 1.300579 -34.212002 -0.287561 0.967166 -20.033176 0.964536 1.212838 0.000000 -0.000000 0.000000 -3.440387 0.788233 0.501655 -15.928172 -3.167306 2.999703 -6.338817 -0.000000 0.000001 -18.123419 3.648181 -4.905662 -0.000004 0.000000 -0.000002 19.541298 -2.262452 12.858055 54.152023 17.085409 12.625215 -179.046295 59.872025 -179.919861 -28.171196 -10.371736 -23.477051 2.243540 -5.255033 -3.180156 14.282877 -0.826594 6.952496 -0.000000 -12.690593 -0.000001 15.878213 -17.330629 2.201997 1.665665 -1.955920 -2.878297 4.727794 -4.170584 4.993919 11.020511 0.000001 -0.000000 12.109032 -3.735715 -2.866778 0.000000 -0.000000 0.000000 1.291985 -1.928548 -1.498088 14.800115 0.567467 3.865604 14.242553 -1.341738 -6.660648 19.631935 0.143921 -0.648243 49.397949 -0.374862 -5.694218 0.353029 -1.511150 -0.031940 20.222769 3.684305 2.316629 18.787249 0.000001 -0.000001 10.751608 -0.479870 1.397903 0.000000 -0.000000 0.000000 3.273804 0.305947 -0.580110 21.486790 11.830364 2.266131 8.162915 0.000000 -0.000000 18.399052 -3.798986 -4.940567 0.000003 0.000000 -0.000001 8.518800 9.612623 -11.798208 0.013877 -0.343014 22.059793 5.871792 15.307774 -0.896695 1.805442 -2.152918 -3.715566 0.000000 -0.000000 0.000002 2.508510 -16.142485 -18.730503 0.185196 -0.011958 9.168435 3.015190 -4.121007 4.728503 -1.404348 0.749142 -3.482935 0.000000 -0.000000 -0.000001
0.000000 0.000000 0.000000 0.000000 -0.000000 0.000000 -0.223142 0.425095 0.797868 -1.960384 -1.736996 4.617846 -3.434469 -1.971576 -3.832520 -1.540961 -3.643626 -6.366313 -2.422106 -8.327284 7.818327 10.597546 -5.900196 25.225954 -3.281161 -8.869668 -3.322497 2.048597 -12.564775 11.965032 0.000077 -0.000022 0.000006 0.011331 -0.042419 -0.158324 0.842976 -3.816554 -10.546288 -0.826442 3.736400 -10.570013 -13.007232 -12.725092 15.365932 -62.482887 -35.744724 31.774754 -178.963272 -78.194016 178.353485 3.203684 13.526603 -59.692268 -5.882102 9.861279 0.702590 -10.936861 -0.360574 7.156197 0.000000 8.774815 -0.000000 -14.950770 17.592543 6.537444 -1.844031 2.498503 -2.507276 -10.163590 4.678941 4.621104 -20.975996 -0.000001 0.000001 -21.226254 2.451698 -3.593995 0.000000 -0.000006 -0.000000 -1.362681 2.240797 -0.746323 -21.334892 0.584910 3.008319 -13.821196 -0.000001 0.000001 -23.887129 -0.249075 -0.839485 -58.435799 2.453432 -1.364945 -0.294025 1.679686 0.833255 -14.218195 0.093215 1.300579 -34.212002 -0.287561 0.967166 -20.033176 0.964536 1.212838 0.000000 -0.000000 0.000000 -3.440387 0.788233 0.501655 -15.928172 -3.167306 2.999703 -6.338817 -0.000000 0.000001 -18.123419 3.648181 -4.905662 -0.000004 0.000000 -0.000002 19.038235 -0.445036 13.190768 54.689163 18.179947 13.784753 -178.638000 60.882133 -179.498718 -27.637243 -9.929210 -24.202356 2.243540 -5.255033 -3.180156 14.282877 -0.826594 6.952496 -0.000000 -12.690593 -0.000001 15.907101 -17.279755 2.226908 1.665665 -1.955920 -2.878297 4.727794 -4.170584 4.993919 11.020511 0.000001 -0.000000 12.109032 -3.735715 -2.866778 0.000000 -0.000000 0.000000 1.291985 -1.928548 -1.498088 14.800115 0.567467 3.865604 14.242553 -1.341738 -6.660648 19.631935 0.143921 -0.648243 49.439552 -0.385923 -5.700750 0.353029 -1.511150 -0.031940 20.222769 3.684305 2.316629 18.787249 0.000001 -0.000001 10.751608 -0.479870 1.397903 0.000000 -0.000000 0.000000 3.273804 0.305947 -0.580110 21.486790 11.830364 2.266131 8.162915 0.000000 -0.000000 18.399052 -3.798986 -4.940567 0.000003 0.000000 -0.000001 8.518800 9.612623 -11.798208 0.013877 -0.343014 22.059793 5.871792 15.307774 -0.896695 1.805442 -2.152918 -3.715566 0.000000 -0.000000 0.000002 2.508510 -16.142485 -18.730503 0.185196 -0.011958 9.168435 3.015190 -4.121007 4.728503 -1.404348 0.749142 -3.482935 0.000000 -0.000000 -0.000001
0.000000 0.000000 0.000000 0.000000 -0.000000 0.000000 -0.223142 0.446580 0.797868 -1.960384 -1.736996 4.617846 -3.303348 -1.845997 -4.042407 -1.511691 -3.295494 -6.421543 -2.210573 -7.922613 7.859112 9.894092 -5.342649 25.345457 -3.081499 -8.355941 -3.308496 1.996473 -12.041991 12.003518 0.000077 -0.000022 0.000006 -0.002785 -0.017273 -0.145899 0.826137 -3.783574 -10.516208 -0.837775 3.754216 -10.545517 -13.319545 -11.443999 15.147074 -61.542259 -35.203659 31.125080 179.606445 -77.350060 179.806549 3.551669 13.625853 -59.721886 -5.882102 9.861279 0.702590 -10.936861 -0.360574 7.156197 0.000000 8.774815 -0.000000 -14.878901 17.566963 6.537951 -1.844031 2.498503 -2.507276 -10.163590 4.678941 4.621104 -20.975996 -0.000001 0.000001 -21.226254 2.451698 -3.593995 0.000000 -0.000006 -0.000000 -1.362681 2.240797 -0.746323 -21.334892 0.584910 3.008319 -13.821196 -0.000001 0.000001 -23.887129 -0.249075 -0.839485 -58.471558 2.422757 -1.461558 -0.294025 1.679686 0.833255 -14.218195 0.093215 1.300579 -34.212002 -0.287561 0.967166 -20.033176 0.964536 1.212838 0.000000 -0.000000 0.000000 -3.440387 0.788233 0.501655 -15.928172 -3.167306 2.999703 -6.338817 -0.000000 0.000001 -18.123419 3.648181 -4.905662 -0.000004 0.000000 -0.000002 18.857628 0.658433 13.395242 54.978504 18.886034 14.616261 -178.507629 61.549744 -179.308044 -27.211372 -9.810524 -24.723286 2.243540 -5.255033 -3.180156 14.282877 -0.826594 6.952496 -0.000000 -12.690593 -0.000001 15.940100 -17.231565 2.222153 1.665665 -1.955920 -2.878297 4.727794 -4.170584 4.993919 11.020511 0.000001 -0.000000 12.109032 -3.735715 -2.866778 0.000000 -0.000000 0.000000 1.291985 -1.928548 -1.498088 14.800115 0.567467 3.865604 14.242553 -1.341738 -6.660648 19.631935 0.143921 -0.648243 49.437355 -0.414904 -5.711267 0.353029 -1.511150 -0.031940 20.222769 3.684305 2.316629 18.787249 0.000001 -0.000001 10.751608 -0.479870 1.397903 0.000000 -0.000000 0.000000 3.273804 0.305947 -0.580110 21.486790 11.830364 2.266131 8.162915 0.000000 -0.000000 18.399052 -3.798986 -4.940567 0.000003 0.000000 -0.000001 8.518800 9.612623 -11.798208 0.013877 -0.343014 22.059793 5.871792 15.307774 -0.896695 1.805442 -2.152918 -3.715566 0.000000 -0.000000 0.000002 2.508510 -16.142485 -18.730503 0.185196 -0.011958 9.168435 3.015190 -4.121007 4.728503 -1.404348 0.749142 -3.482935 0.000000 -0.000000 -0.000001
0.000000 0.000000 0.000000 0.000000 -0.000000 0.000000 -0.223142 0.467965 0.797868 -1.960384 -1.736996 4.617846 -3.263840 -1.779516 -4.164346 -1.506795 -3.152185 -6.470487 -2.106077 -7.744698 7.895905 9.614997 -5.136047 25.393002 -2.945719 -7.978873 -3.331594 1.957660 -11.726235 12.013635 0.000077 -0.000022 0.000006 -0.021373 0.015036 -0.143126 0.800241 -3.749514 -10.519238 -0.848694 3.784713 -10.546166 -13.413090 -10.731208 15.056609 -60.879356 -34.898457 30.765188 178.639359 -76.803764 -179.240463 3.835380 13.774296 -59.730209 -5.882102 9.861279 0.702590 -10.936861 -0.360574 7.156197 0.000000 8.774815 -0.000000 -14.854469 17.584465 6.514797 -1.844031 2.498503 -2.507276 -10.163590 4.678941 4.621104 -20.975996 -0.000001 0.000001 -21.226254 2.451698 -3.593995 0.000000 -0.000006 -0.000000 -1.362681 2.240797 -0.746323 -21.334892 0.584910 3.008319 -13.821196 -0.000001 0.000001 -23.887129 -0.249075 -0.839485 -58.510098 2.409799 -1.511786 -0.294025 1.679686 0.833255 -14.218195 0.093215 1.300579 -34.212002 -0.287561 0.967166 -20.033176 0.964536 1.212838 0.000000 -0.000000 0.000000 -3.440387 0.788233 0.501655 -15.928172 -3.167306 2.999703 -6.338817 -0.000000 0.000001 -18.123419 3.648181 -4.905662 -0.000004 0.000000 -0.000002 18.913475 1.141103 13.478709 55.019901 19.270046 15.112344 -178.649170 61.900276 -179.404617 -26.925770 -9.848567 -24.969658 2.243540 -5.255033 -3.180156 14.282877 -0.826594 6.952496 -0.000000 -12.690593 -0.000001 15.969553 -17.225782 2.223674 1.665665 -1.955920 -2.878297 4.727794 -4.170584 4.993919 11.020511 0.000001 -0.000000 12.109032 -3.735715 -2.866778 0.000000 -0.000000 0.000000 1.291985 -1.928548 -1.498088 14.800115 0.567467 3.865604 14.242553 -1.341738 -6.660648 19.631935 0.143921 -0.648243 49.425461 -0.447253 -5.723040 0.353029 -1.511150 -0.031940 20.222769 3.684305 2.316629 18.787249 0.000001 -0.000001 10.751608 -0.479870 1.397903 0.000000 -0.000000 0.000000 3.273804 0.305947 -0.580110 21.486790 11.830364 2.266131 8.162915 0.000000 -0.000000 18.399052 -3.798986 -4.940567 0.000003 0.000000 -0.000001 8.518800 9.612623 -11.798208 0.013877 -0.343014 22.059793 5.871792 15.307774 -0.896695 1.805442 -2.152918 -3.715566 0.000000 -0.000000 0.000002 2.508510 -16.142485 -18.730503 0.185196 -0.011958 9.168435 3.015190 -4.121007 4.728503 -1.404348 0.749142 -3.482935 0.000000 -0.000000 -0.000001
0.000000 0.000000 0.000000 0.000000 -0.000000 0.000000 -0.223142 0.487428 0.797868 -1.960384 -1.736996 4.617846 -3.281484 -1.755053 -4.233858 -1.511710 -3.132807 -6.505755 -2.067374 -7.720754 7.919005 9.632471 -5.159992 25.407953 -2.867391 -7.710988 -3.367216 1.941755 -11.584571 12.062305 0.000077 -0.000022 0.000006 -0.035767 0.041985 -0.147678 0.779082 -3.723151 -10.536222 -0.855891 3.812125 -10.556433 -13.373567 -10.399031 15.039155 -60.478210 -34.742874 30.632996 178.179260 -76.541466 -178.845551 4.048705 13.977968 -59.703102 -5.882102 9.861279 0.702590 -10.936861 -0.360574 7.156197 0.000000 8.774815 -0.000000 -14.889769 17.631882 6.446448 -1.844031 2.498503 -2.507276 -10.163590 4.678941 4.621104 -20.975996 -0.000001 0.000001 -21.226254 2.451698 -3.593995 0.000000 -0.000006 -0.000000 -1.362681 2.240797 -0.746323 -21.334892 0.584910 3.008319 -13.821196 -0.000001 0.000001 -23.887129 -0.249075 -0.839485 -58.586349 2.397536 -1.565636 -0.294025 1.679686 0.833255 -14.218195 0.093215 1.300579 -34.212002 -0.287561 0.967166 -20.033176 0.964536 1.212838 0.000000 -0.000000 0.000000 -3.440387 0.788233 0.501655 -15.928172 -3.167306 2.999703 -6.338817 -0.000000 0.000001 -18.123419 3.648181 -4.905662 -0.000004 0.000000 -0.000002 19.105257 1.218736 13.467408 54.893875 19.384239 15.258685 -179.102417 62.016850 -179.807663 -26.763252 -10.013124 -24.986418 2.243540 -5.255033 -3.180156 14.282877 -0.826594 6.952496 -0.000000 -12.690593 -0.000001 15.981039 -17.245998 2.235805 1.665665 -1.955920 -2.878297 4.727794 -4.170584 4.993919 11.020511 0.000001 -0.000000 12.109032 -3.735715 -2.866778 0.000000 -0.000000 0.000000 1.291985 -1.928548 -1.498088 14.800115 0.567467 3.865604 14.242553 -1.341738 -6.660648 19.631935 0.143921 -0.648243 49.409885 -0.473141 -5.719293 0.353029 -1.511150 -0.031940 20.222769 3.684305 2.316629 18.787249 0.000001 -0.000001 10.751608 -0.479870 1.397903 0.000000 -0.000000 0.000000 3.273804 0.305947 -0.580110 21.486790 11.830364 2.266131 8.162915 0.000000 -0.000000 18.399052 -3.798986 -4.940567 0.000003 0.000000 -0.000001 8.518800 9.612623 -11.798208 0.013877 -0.343014 22.059793 5.871792 15.307774 -0.896695 1.805442 -2.152918 -3.715566 0.000000 -0.000000 0.000002 2.508510 -16.142485 -18.730503 0.185196 -0.011958 9.168435 3.015190 -4.121007 4.728503 -1.404348 0.749142 -3.482935 0.000000 -0.000000 -0.000001
0.000000 0.000000 0.000000 0.000000 -0.000000 0.000000 -0.223142 0.496629 0.797868 -1.960384 -1.736996 4.617846 -3.344292 -1.763045 -4.253118 -1.527959 -3.186944 -6.522940 -2.060137 -7.798211 7.924378 9.875474 -5.342485 25.380987 -2.853768 -7.614285 -3.390259 1.956853 -11.575785 12.158731 0.000077 -0.000022 0.000006 -0.042747 0.054781 -0.151345 0.770203 -3.713332 -10.547138 -0.860575 3.827758 -10.563912 -13.261046 -10.372010 15.111244 -60.356209 -34.731480 30.661484 178.352997 -76.521355 -179.074203 4.218861 14.229553 -59.810963 -5.882102 9.861279 0.702590 -10.936861 -0.360574 7.156197 0.000000 8.774815 -0.000000 -14.986410 17.645855 6.346432 -1.844031 2.498503 -2.507276 -10.163590 4.678941 4.621104 -20.975996 -0.000001 0.000001 -21.226254 2.451698 -3.593995 0.000000 -0.000006 -0.000000 -1.362681 2.240797 -0.746323 -21.334892 0.584910 3.008319 -13.821196 -0.000001 0.000001 -23.887129 -0.249075 -0.839485 -58.653008 2.386165 -1.588887 -0.294025 1.679686 0.833255 -14.218195 0.093215 1.300579 -34.212002 -0.287561 0.967166 -20.033176 0.964536 1.212838 0.000000 -0.000000 0.000000 -3.440387 0.788233 0.501655 -15.928172 -3.167306 2.999703 -6.338817 -0.000000 0.000001 -18.123419 3.648181 -4.905662 -0.000004 0.000000 -0.000002 19.368938 0.992938 13.401790 54.656609 19.307190 15.142249 -179.593475 61.975662 179.766968 -26.717516 -10.214565 -24.869829 2.243540 -5.255033 -3.180156 14.282877 -0.826594 6.952496 -0.000000 -12.690593 -0.000001 15.979779 -17.254848 2.228760 1.665665 -1.955920 -2.878297 4.727794 -4.170584 4.993919 11.020511 0.000001 -0.000000 12.109032 -3.735715 -2.866778 0.000000 -0.000000 0.000000 1.291985 -1.928548 -1.498088 14.800115 0.567467 3.865604 14.242553 -1.341738 -6.660648 19.631935 0.143921 -0.648243 49.397346 -0.475248 -5.734728 0.353029 -1.511150 -0.031940 20.222769 3.684305 2.316629 18.787249 0.000001 -0.000001 10.751608 -0.479870 1.397903 0.000000 -0.000000 0.000000 3.273804 0.305947 -0.580110 21.486790 11.830364 2.266131 8.162915 0.000000 -0.000000 18.399052 -3.798986 -4.940567 0.000003 0.000000 -0.000001 8.518800 9.612623 -11.798208 0.013877 -0.343014 22.059793 5.871792 15.307774 -0.896695 1.805442 -2.152918 -3.715566 0.000000 -0.000000 0.000002 2.508510 -16.142485 -18.730503 0.185196 -0.011958 9.168435 3.015190 -4.121007 4.728503 -1.404348 0.749142 -3.482935 0.000000 -0.000000 -0.000001
0.000000 0.000000 0.000000 0.000000 -0.000000 0.000000 -0.223142 0.500001 0.797868 -1.960384 -1.736996 4.617846 -3.443871 -1.808811 -4.219330 -1.553410 -3.304812 -6.524943 -2.099849 -7.977464 7.919381 10.280354 -5.645992 25.317436 -2.895769 -7.727401 -3.394126 2.004536 -11.699277 12.212419 0.000077 -0.000022 0.000006 -0.042590 0.053865 -0.151094 0.770812 -3.718300 -10.547467 -0.860650 3.831060 -10.563322 -13.100421 -10.619594 15.261130 -60.526344 -34.846645 30.865034 179.007141 -76.697609 -179.712082 4.405748 14.459105 -59.908184 -5.882102 9.861279 0.702590 -10.936861 -0.360574 7.156197 0.000000 8.774815 -0.000000 -15.045686 17.618172 6.262856 -1.844031 2.498503 -2.507276 -10.163590 4.678941 4.621104 -20.975996 -0.000001 0.000001 -21.226254 2.451698 -3.593995 0.000000 -0.000006 -0.000000 -1.362681 2.240797 -0.746323 -21.334892 0.584910 3.008319 -13.821196 -0.000001 0.000001 -23.887129 -0.249075 -0.839485 -58.691196 2.383087 -1.575495 -0.294025 1.679686 0.833255 -14.218195 0.093215 1.300579 -34.212002 -0.287561 0.967166 -20.033176 0.964536 1.212838 0.000000 -0.000000 0.000000 -3.440387 0.788233 0.501655 -15.928172 -3.167306 2.999703 -6.338817 -0.000000 0.000001 -18.123419 3.648181 -4.905662 -0.000004 0.000000 -0.000002 19.647470 0.534277 13.316448 54.414864 19.100643 14.786767 -179.979233 61.810371 179.449448 -26.788101 -10.407791 -24.799410 2.243540 -5.255033 -3.180156 14.282877 -0.826594 6.952496 -0.000000 -12.690593 -0.000001 15.992619 -17.251717 2.212233 1.665665 -1.955920 -2.878297 4.727794 -4.170584 4.993919 11.020511 0.000001 -0.000000 12.109032 -3.735715 -2.866778 0.000000 -0.000000 0.000000 1.291985 -1.928548 -1.498088 14.800115 0.567467 3.865604 14.242553 -1.341738 -6.660648 19.631935 0.143921 -0.648243 49.390690 -0.454074 -5.751589 0.353029 -1.511150 -0.031940 20.222769 3.684305 2.316629 18.787249 0.000001 -0.000001 10.751608 -0.479870 1.397903 0.000000 -0.000000 0.000000 3.273804 0.305947 -0.580110 21.486790 11.830364 2.266131 8.162915 0.000000 -0.000000 18.399052 -3.798986 -4.940567 0.000003 0.000000 -0.000001 8.518800 9.612623 -11.798208 0.013877 -0.343014 22.059793 5.871792 15.307774 -0.896695 1.805442 -2.152918 -3.715566 0.000000 -0.000000 0.000002 2.508510 -16.142485 -18.730503 0.185196 -0.011958 9.168435 3.015190 -4.121007 4.728503 -1.404348 0.749142 -3.482935 0.000000 -0.000000 -0.000001
0.000000 0.000000 0.000000 0.000000 -0.000000 0.000000 -0.223142 0.501870 0.797868 -1.960384 -1.736996 4.617846 -3.588672 -1.900408 -4.129555 -1.589311 -3.509650 -6.513175 -2.208989 -8.267861 7.909493 10.827285 -6.104422 25.250994 -2.964685 -7.998674 -3.397036 2.102934 -11.935106 12.180907 0.000077 -0.000022 0.000006 -0.038940 0.045686 -0.148974 0.777366 -3.731461 -10.549728 -0.859598 3.827942 -10.564172 -12.862052 -11.160041 15.496698 -60.973305 -35.079815 31.311579 179.671249 -77.015503 179.699585 4.659944 14.660031 -59.973461 -5.882102 9.861279 0.702590 -10.936861 -0.360574 7.156197 0.000000 8.774815 -0.000000 -15.073248 17.585661 6.195892 -1.844031 2.498503 -2.507276 -10.163590 4.678941 4.621104 -20.975996 -0.000001 0.000001 -21.226254 2.451698 -3.593995 0.000000 -0.000006 -0.000000 -1.362681 2.240797 -0.746323 -21.334892 0.584910 3.008319 -13.821196 -0.000001 0.000001 -23.887129 -0.249075 -0.839485 -58.679714 2.398758 -1.543160 -0.294025 1.679686 0.833255 -14.218195 0.093215 1.300579 -34.212002 -0.287561 0.967166 -20.033176 0.964536 1.212838 0.000000 -0.000000 0.000000 -3.440387 0.788233 0.501655 -15.928172 -3.167306 2.999703 -6.338817 -0.000000 0.000001 -18.123419 3.648181 -4.905662 -0.000004 0.000000 -0.000002 19.939766 -0.174719 13.195057 54.180119 18.794546 14.263546 179.819092 61.556126 179.286240 -26.948721 -10.527040 -24.719683 2.243540 -5.255033 -3.180156 14.282877 -0.826594 6.952496 -0.000000 -12.690593 -0.000001 16.006714 -17.252079 2.192940 1.665665 -1.955920 -2.878297 4.727794 -4.170584 4.993919 11.020511 0.000001 -0.000000 12.109032 -3.735715 -2.866778 0.000000 -0.000000 0.000000 1.291985 -1.928548 -1.498088 14.800115 0.567467 3.865604 14.242553 -1.341738 -6.660648 19.631935 0.143921 -0.648243 49.390705 -0.436025 -5.766932 0.353029 -1.511150 -0.031940 20.222769 3.684305 2.316629 18.787249 0.000001 -0.000001 10.751608 -0.479870 1.397903 0.000000 -0.000000 0.000000 3.273804 0.305947 -0.580110 21.486790 11.830364 2.266131 8.162915 0.000000 -0.000000 18.399052 -3.798986 -4.940567 0.000003 0.000000 -0.000001 8.518800 9.612623 -11.798208 0.013877 -0.343014 22.059793 5.871792 15.307774 -0.896695 1.805442 -2.152918 -3.715566 0.000000 -0.000000 0.000002 2.508510 -16.142485 -18.730503 0.185196 -0.011958 9.168435 3.015190 -4.121007 4.728503 -1.404348 0.749142 -3.482935 0.000000 -0.000000 -0.000001
0.000000 0.000000 0.000000 0.000000 -0.000000 0.000000 -0.223142 0.503297 0.797868 -1.960384 -1.736996 4.617846 -3.791635 -2.028290 -3.996054 -1.638426 -3.808653 -6.488150 -2.375078 -8.661693 7.894660 11.489202 -6.704194 25.207657 -3.059422 -8.374981 -3.393524 2.241260 -12.295987 12.102150 0.000077 -0.000022 0.000006 -0.034951 0.037360 -0.147714 0.785871 -3.747344 -10.563643 -0.859598 3.826628 -10.577061 -12.569164 -11.963702 15.807343 -61.631557 -35.436062 32.002613 -179.920685 -77.479683 179.352554 4.946372 14.763357 -59.721325 -5.882102 9.861279 0.702590 -10.936861 -0.360574 7.156197 0.000000 8.774815 -0.000000 -15.068432 17.593224 6.141819 -1.844031 2.498503 -2.507276 -10.163590 4.678941 4.621104 -20.975996 -0.000001 0.000001 -21.226254 2.451698 -3.593995 0.000000 -0.000006 -0.000000 -1.362681 2.240797 -0.746323 -21.334892 0.584910 3.008319 -13.821196 -0.000001 0.000001 -23.887129 -0.249075 -0.839485 -58.656517 2.420720 -1.512801 -0.294025 1.679686 0.833255 -14.218195 0.093215 1.300579 -34.212002 -0.287561 0.967166 -20.033176 0.964536 1.212838 0.000000 -0.000000 0.000000 -3.440387 0.788233 0.501655 -15.928172 -3.167306 2.999703 -6.338817 -0.000000 0.000001 -18.123419 3.648181 -4.905662 -0.000004 0.000000 -0.000002 20.291052 -1.098445 13.056883 53.874783 18.371441 13.466825 179.589539 61.138424 179.085617 -27.110147 -10.655499 -24.552788 2.243540 -5.255033 -3.180156 14.282877 -0.826594 6.952496 -0.000000 -12.690593 -0.000001 16.031225 -17.251760 2.167289 1.665665 -1.955920 -2.878297 4.727794 -4.170584 4.993919 11.020511 0.000001 -0.000000 12.109032 -3.735715 -2.866778 0.000000 -0.000000 0.000000 1.291985 -1.928548 -1.498088 14.800115 0.567467 3.865604 14.242553 -1.341738 -6.660648 19.631935 0.143921 -0.648243 49.366276 -0.417537 -5.774885 0.353029 -1.511150 -0.031940 20.222769 3.684305 2.316629 18.787249 0.000001 -0.000001 10.751608 -0.479870 1.397903 0.000000 -0.000000 0.000000 3.273804 0.305947 -0.580110 21.486790 11.830364 2.266131 8.162915 0.000000 -0.000000 18.399052 -3.798986 -4.940567 0.000003 0.000000 -0.000001 8.518800 9.612623 -11.798208 0.013877 -0.343014 22.059793 5.871792 15.307774 -0.896695 1.805442 -2.152918 -3.715566 0.000000 -0.000000 0.000002 2.508510 -16.142485 -18.730503 0.185196 -0.011958 9.168435 3.015190 -4.121007 4.728503 -1.404348 0.749142 -3.482935 0.000000 -0.000000 -0.000001
0.000000 0.000000 0.000000 0.000000 -0.000000 0.000000 -0.223142 0.500916 0.797868 -1.960384 -1.736996 4.617846 -4.069772 -2.175428 -3.785783 -1.698027 -4.216434 -6.441623 -2.577248 -9.153632 7.851358 12.258015 -7.475543 25.194412 -3.163175 -8.809165 -3.385857 2.434122 -12.755588 12.025223 0.000077 -0.000022 0.000006 -0.029324 0.028597 -0.147373 0.799580 -3.762162 -10.573925 -0.861411 3.822811 -10.582727 -12.222541 -13.048962 16.181786 -62.461498 -35.906715 32.959297 179.989716 -78.121330 179.439865 5.249182 14.668501 -59.249569 -5.882102 9.861279 0.702590 -10.936861 -0.360574 7.156197 0.000000 8.774815 -0.000000 -15.065630 17.643961 6.120981 -1.844031 2.498503 -2.507276 -10.163590 4.678941 4.621104 -20.975996 -0.000001 0.000001 -21.226254 2.451698 -3.593995 0.000000 -0.000006 -0.000000 -1.362681 2.240797 -0.746323 -21.334892 0.584910 3.008319 -13.821196 -0.000001 0.000001 -23.887129 -0.249075 -0.839485 -58.639229 2.467331 -1.490628 -0.294025 1.679686 0.833255 -14.218195 0.093215 1.300579 -34.212002 -0.287561 0.967166 -20.033176 0.964536 1.212838 0.000000 -0.000000 0.000000 -3.440387 0.788233 0.501655 -15.928172 -3.167306 2.999703 -6.338817 -0.000000 0.000001 -18.123419 3.648181 -4.905662 -0.000004 0.000000 -0.000002 20.715729 -2.282174 12.901955 53.482868 17.825838 12.475930 179.301971 60.512451 178.828613 -27.197323 -10.829515 -24.255930 2.243540 -5.255033 -3.180156 14.282877 -0.826594 6.952496 -0.000000 -12.690593 -0.000001 16.049747 -17.199690 2.132116 1.665665 -1.955920 -2.878297 4.727794 -4.170584 4.993919 11.020511 0.000001 -0.000000 12.109032 -3.735715 -2.866778 0.000000 -0.000000 0.000000 1.291985 -1.928548 -1.498088 14.800115 0.567467 3.865604 14.242553 -1.341738 -6.660648 19.631935 0.143921 -0.648243 49.302223 -0.413322 -5.753914 0.353029 -1.511150 -0.031940 20.222769 3.684305 2.316629 18.787249 0.000001 -0.000001 10.751608 -0.479870 1.397903 0.000000 -0.000000 0.000000 3.273804 0.305947 -0.580110 21.486790 11.830364 2.266131 8.162915 0.000000 -0.000000 18.399052 -3.798986 -4.940567 0.000003 0.000000 -0.000001 8.518800 9.612623 -11.798208 0.013877 -0.343014 22.059793 5.871792 15.307774 -0.896695 1.805442 -2.152918 -3.715566 0.000000 -0.000000 0.000002 2.508510 -16.142485 -18.730503 0.185196 -0.011958 9.168435 3.015190 -4.121007 4.728503 -1.404348 0.749142 -3.482935 0.000000 -0.000000 -0.000001
0.000000 0.000000 0.000000 0.000000 -0.000000 0.000000 -0.223142 0.494813 0.797868 -1.960384 -1.736996 4.617846 -4.381854 -2.327212 -3.495942 -1.769218 -4.735993 -6.379395 -2.813184 -9.696668 7.785580 13.165284 -8.462070 25.189665 -3.270603 -9.306856 -3.385809 2.629126 -13.334799 11.912338 0.000077 -0.000022 0.000006 -0.017702 0.009429 -0.148411 0.820664 -3.785378 -10.586218 -0.858932 3.806846 -10.588418 -11.804923 -14.481524 16.616308 -63.378807 -36.539009 34.029793 179.806580 -78.918167 179.533417 5.583405 14.541960 -58.769859 -5.882102 9.861279 0.702590 -10.936861 -0.360574 7.156197 0.000000 8.774815 -0.000000 -15.128510 17.677094 6.126717 -1.844031 2.498503 -2.507276 -10.163590 4.678941 4.621104 -20.975996 -0.000001 0.000001 -21.226254 2.451698 -3.593995 0.000000 -0.000006 -0.000000 -1.362681 2.240797 -0.746323 -21.334892 0.584910 3.008319 -13.821196 -0.000001 0.000001 -23.887129 -0.249075 -0.839485 -58.581657 2.533821 -1.410500 -0.294025 1.679686 0.833255 -14.218195 0.093215 1.300579 -34.212002 -0.287561 0.967166 -20.033176 0.964536 1.212838 0.000000 -0.000000 0.000000 -3.440387 0.788233 0.501655 -15.928172 -3.167306 2.999703 -6.338817 -0.000000 0.000001 -18.123419 3.648181 -4.905662 -0.000004 0.000000 -0.000002 21.187830 -3.830887 12.619401 52.989349 17.150721 11.467761 179.075058 59.712383 178.559265 -27.113045 -11.071964 -23.763353 2.243540 -5.255033 -3.180156 14.282877 -0.826594 6.952496 -0.000000 -12.690593 -0.000001 16.036283 -17.153645 2.103954 1.665665 -1.955920 -2.878297 4.727794 -4.170584 4.993919 11.020511 0.000001 -0.000000 12.109032 -3.735715 -2.866778 0.000000 -0.000000 0.000000 1.291985 -1.928548 -1.498088 14.800115 0.567467 3.865604 14.242553 -1.341738 -6.660648 19.631935 0.143921 -0.648243 49.202770 -0.435682 -5.726655 0.353029 -1.511150 -0.031940 20.222769 3.684305 2.316629 18.787249 0.000001 -0.000001 10.751608 -0.479870 1.397903 0.000000 -0.000000 0.000000 3.273804 0.305947 -0.580110 21.486790 11.830364 2.266131 8.162915 0.000000 -0.000000 18.399052 -3.798986 -4.940567 0.000003 0.000000 -0.000001 8.518800 9.612623 -11.798208 0.013877 -0.343014 22.059793 5.871792 15.307774 -0.896695 1.805442 -2.152918 -3.715566 0.000000 -0.000000 0.000002 2.508510 -16.142485 -18.730503 0.185196 -0.011958 9.168435 3.015190 -4.121007 4.728503 -1.404348 0.749142 -3.482935 0.000000 -0.000000 -0.000001
0.000000 0.000000 0.000000 0.000000 -0.000000 0.000000 -0.223142 0.474328 0.797868 -1.960384 -1.736996 4.617846 -4.647349 -2.462624 -3.197354 -1.834032 -5.210000 -6.312967 -3.040232 -10.127271 7.743655 14.023105 -9.396218 25.126144 -3.405380 -9.759310 -3.356724 2.893908 -13.954563 11.759199 0.000077 -0.000022 0.000006 0.001111 -0.025649 -0.152601 0.844503 -3.823483 -10.590947 -0.844667 3.774775 -10.590998 -11.316700 -15.964512 16.878567 -64.171547 -37.190239 34.935417 -179.969635 -79.754753 179.187851 5.761261 14.458377 -58.432213 -5.882102 9.861279 0.702590 -10.936861 -0.360574 7.156197 0.000000 8.774815 -0.000000 -15.193802 17.679348 6.148226 -1.844031 2.498503 -2.507276 -10.163590 4.678941 4.621104 -20.975996 -0.000001 0.000001 -21.226254 2.451698 -3.593995 0.000000 -0.000006 -0.000000 -1.362681 2.240797 -0.746323 -21.334892 0.584910 3.008319 -13.821196 -0.000001 0.000001 -23.887129 -0.249075 -0.839485 -58.471535 2.598857 -1.258056 -0.294025 1.679686 0.833255 -14.218195 0.093215 1.300579 -34.212002 -0.287561 0.967166 -20.033176 0.964536 1.212838 0.000000 -0.000000 0.000000 -3.440387 0.788233 0.501655 -15.928172 -3.167306 2.999703 -6.338817 -0.000000 0.000001 -18.123419 3.648181 -4.905662 -0.000004 0.000000 -0.000002 21.544209 -5.394395 12.232332 52.599171 16.449762 10.612238 178.926926 58.991238 178.345490 -26.823456 -11.343009 -23.062822 2.243540 -5.255033 -3.180156 14.282877 -0.826594 6.952496 -0.000000 -12.690593 -0.000001 16.059326 -17.202921 2.078413 1.665665 -1.955920 -2.878297 4.727794 -4.170584 4.993919 11.020511 0.000001 -0.000000 12.109032 -3.735715 -2.866778 0.000000 -0.000000 0.000000 1.291985 -1.928548 -1.498088 14.800115 0.567467 3.865604 14.242553 -1.341738 -6.660648 19.631935 0.143921 -0.648243 49.166035 -0.418822 -5.695647 0.353029 -1.511150 -0.031940 20.222769 3.684305 2.316629 18.787249 0.000001 -0.000001 10.751608 -0.479870 1.397903 0.000000 -0.000000 0.000000 3.273804 0.305947 -0.580110 21.486790 11.830364 2.266131 8.162915 0.000000 -0.000000 18.399052 -3.798986 -4.940567 0.000003 0.000000 -0.000001 8.518800 9.612623 -11.798208 0.013877 -0.343014 22.059793 5.871792 15.307774 -0.896695 1.805442 -2.152918 -3.715566 0.000000 -0.000000 0.000002 2.508510 -16.142485 -18.730503 0.185196 -0.011958 9.168435 3.015190 -4.121007 4.728503 -1.404348 0.749142 -3.482935 0.000000 -0.000000 -0.000001
0.000000 0.000000 0.000000 0.000000 -0.000000 0.000000 -0.223142 0.473893 0.797868 -1.960384 -1.736996 4.617846 -4.847305 -2.503722 -2.914126 -1.863550 -5.513158 -6.259123 -3.190670 -10.341161 7.671890 14.644768 -10.131662 25.097878 -3.609370 -9.765252 -3.349964 3.198904 -14.637633 11.863807 0.000077 -0.000022 0.000006 -0.042971 0.029784 -0.165807 0.799886 -3.776632 -10.612236 -0.886821 3.836846 -10.610757 -11.119216 -17.060722 17.149961 -64.517189 -37.686951 35.064457 -177.757263 -80.380760 176.901779 5.468537 14.244477 -58.339230 -5.882102 9.861279 0.702590 -10.936861 -0.360574 7.156197 0.000000 8.774815 -0.000000 -15.182943 17.645227 6.116790 -1.844031 2.498503 -2.507276 -10.163590 4.678941 4.621104 -20.975996 -0.000001 0.000001 -21.226254 2.451698 -3.593995 0.000000 -0.000006 -0.000000 -1.362681 2.240797 -0.746323 -21.334892 0.584910 3.008319 -13.821196 -0.000001 0.000001 -23.887129 -0.249075 -0.839485 -58.133736 2.687341 -0.974466 -0.294025 1.679686 0.833255 -14.218195 0.093215 1.300579 -34.212002 -0.287561 0.967166 -20.033176 0.964536 1.212838 0.000000 -0.000000 0.000000 -3.440387 0.788233 0.501655 -15.928172 -3.167306 2.999703 -6.338817 -0.000000 0.000001 -18.123419 3.648181 -4.905662 -0.000004 0.000000 -0.000002 21.826069 -6.472859 12.114347 52.349331 15.913330 10.162720 179.574112 58.400440 178.984283 -26.393236 -11.458321 -22.098185 2.243540 -5.255033 -3.180156 14.282877 -0.826594 6.952496 -0.000000 -12.690593 -0.000001 16.114511 -17.263597 2.060710 1.665665 -1.955920 -2.878297 4.727794 -4.170584 4.993919 11.020511 0.000001 -0.000000 12.109032 -3.735715 -2.866778 0.000000 -0.000000 0.000000 1.291985 -1.928548 -1.498088 14.800115 0.567467 3.865604 14.242553 -1.341738 -6.660648 19.631935 0.143921 -0.648243 49.220081 -0.271357 -5.679427 0.353029 -1.511150 -0.031940 20.222769 3.684305 2.316629 18.787249 0.000001 -0.000001 10.751608 -0.479870 1.397903 0.000000 -0.000000 0.000000 3.273804 0.305947 -0.580110 21.486790 11.830364 2.266131 8.162915 0.000000 -0.000000 18.399052 -3.798986 -4.940567 0.000003 0.000000 -0.000001 8.518800 9.612623 -11.798208 0.013877 -0.343014 22.059793 5.871792 15.307774 -0.896695 1.805442 -2.152918 -3.715566 0.000000 -0.000000 0.000002 2.508510 -16.142485 -18.730503 0.185196 -0.011958 9.168435 3.015190 -4.121007 4.728503 -1.404348 0.749142 -3.482935 0.000000 -0.000000 -0.000001
0.000000 0.000000 0.000000 0.000000 -0.000000 0.000000 -0.223142 0.511430 0.797868 -1.960384 -1.736996 4.617846 -4.910423 -2.628156 -2.909804 -1.901981 -5.825340 -6.216666 -3.579402 -10.344430 7.517605 15.526635 -10.556026 25.079193 -3.918620 -10.334476 -3.502320 3.285817 -15.008499 12.212327 0.000077 -0.000022 0.000006 -0.017872 0.005629 -0.182839 0.817696 -3.823657 -10.634357 -0.852954 3.831897 -10.620445 -11.039038 -17.745070 16.984051 -64.624702 -37.617676 35.893406 -178.454163 -80.505928 177.641678 5.358337 14.429405 -57.798428 -5.882102 9.861279 0.702590 -10.936861 -0.360574 7.156197 0.000000 8.774815 -0.000000 -15.452207 17.722548 6.046134 -1.844031 2.498503 -2.507276 -10.163590 4.678941 4.621104 -20.975996 -0.000001 0.000001 -21.226254 2.451698 -3.593995 0.000000 -0.000006 -0.000000 -1.362681 2.240797 -0.746323 -21.334892 0.584910 3.008319 -13.821196 -0.000001 0.000001 -23.887129 -0.249075 -0.839485 -58.113327 2.605086 -0.770254 -0.294025 1.679686 0.833255 -14.218195 0.093215 1.300579 -34.212002 -0.287561 0.967166 -20.033176 0.964536 1.212838 0.000000 -0.000000 0.000000 -3.440387 0.788233 0.501655 -15.928172 -3.167306 2.999703 -6.338817 -0.000000 0.000001 -18.123419 3.648181 -4.905662 -0.000004 0.000000 -0.000002 22.043745 -7.398506 11.665651 52.800846 15.247600 9.899920 179.419006 57.919022 178.725510 -26.067118 -11.556362 -21.039455 2.243540 -5.255033 -3.180156 14.282877 -0.826594 6.952496 -0.000000 -12.690593 -0.000001 15.852794 -17.462957 2.246692 1.665665 -1.955920 -2.878297 4.727794 -4.170584 4.993919 11.020511 0.000001 -0.000000 12.109032 -3.735715 -2.866778 0.000000 -0.000000 0.000000 1.291985 -1.928548 -1.498088 14.800115 0.567467 3.865604 14.242553 -1.341738 -6.660648 19.631935 0.143921 -0.648243 49.149033 -0.389108 -5.686008 0.353029 -1.511150 -0.031940 20.222769 3.684305 2.316629 18.787249 0.000001 -0.000001 10.751608 -0.479870 1.397903 0.000000 -0.000000 0.000000 3.273804 0.305947 -0.580110 21.486790 11.830364 2.266131 8.162915 0.000000 -0.000000 18.399052 -3.798986 -4.940567 0.000003 0.000000 -0.000001 8.518800 9.612623 -11.798208 0.013877 -0.343014 22.059793 5.871792 15.307774 -0.896695 1.805442 -2.152918 -3.715566 0.000000 -0.000000 0.000002 2.508510 -16.142485 -18.730503 0.185196 -0.011958 9.168435 3.015190 -4.121007 4.728503 -1.404348 0.749142 -3.482935 0.000000 -0.000000 -0.000001
0.000000 0.000000 0.000000 0.000000 -0.000000 0.000000 -0.223142 0.496407 0.797868 -1.960384 -1.736996 4.617846 -4.217435 -2.368573 -3.377602 -1.730829 -4.719257 -6.311841 -2.961763 -9.210542 7.648249 13.055860 -8.288310 25.706421 -3.538073 -9.366661 -3.445763 3.711658 -14.045254 12.615257 0.000077 -0.000022 0.000006 -0.023066 -0.005437 -0.189276 0.809193 -3.816280 -10.634222 -0.856441 3.805478 -10.637584 -12.298537 -14.925195 16.218653 -62.967926 -36.763485 34.468918 -179.073898 -79.349022 178.396667 4.981561 14.308299 -58.052109 -5.882102 9.861279 0.702590 -10.936861 -0.360574 7.156197 0.000000 8.774815 -0.000000 -14.970574 17.771040 6.350344 -1.844031 2.498503 -2.507276 -10.163590 4.678941 4.621104 -20.975996 -0.000001 0.000001 -21.226254 2.451698 -3.593995 0.000000 -0.000006 -0.000000 -1.362681 2.240797 -0.746323 -21.334892 0.584910 3.008319 -13.821196 -0.000001 0.000001 -23.887129 -0.249075 -0.839485 -58.410652 2.592157 -1.181703 -0.294025 1.679686 0.833255 -14.218195 0.093215 1.300579 -34.212002 -0.287561 0.967166 -20.033176 0.964536 1.212838 0.000000 -0.000000 0.000000 -3.440387 0.788233 0.501655 -15.928172 -3.167306 2.999703 -6.338817 -0.000000 0.000001 -18.123419 3.648181 -4.905662 -0.000004 0.000000 -0.000002 20.648211 -4.095115 12.462653 54.239365 16.487785 10.931055 -179.550079 59.203167 179.661865 -26.978615 -10.558024 -20.999550 2.243540 -5.255033 -3.180156 14.282877 -0.826594 6.952496 -0.000000 -12.690593 -0.000001 16.199986 -17.553999 2.108092 1.665665 -1.955920 -2.878297 4.727794 -4.170584 4.993919 11.020511 0.000001 -0.000000 12.109032 -3.735715 -2.866778 0.000000 -0.000000 0.000000 1.291985 -1.928548 -1.498088 14.800115 0.567467 3.865604 14.242553 -1.341738 -6.660648 19.631935 0.143921 -0.648243 49.369293 -0.395092 -5.706442 0.353029 -1.511150 -0.031940 20.222769 3.684305 2.316629 18.787249 0.000001 -0.000001 10.751608 -0.479870 1.397903 0.000000 -0.000000 0.000000 3.273804 0.305947 -0.580110 21.486790 11.830364 2.266131 8.162915 0.000000 -0.000000 18.399052 -3.798986 -4.940567 0.000003 0.000000 -0.000001 8.518800 9.612623 -11.798208 0.013877 -0.343014 22.059793 5.871792 15.307774 -0.896695 1.805442 -2.152918 -3.715566 0.000000 -0.000000 0.000002 2.508510 -16.142485 -18.730503 0.185196 -0.011958 9.168435 3.015190 -4.121007 4.728503 -1.404348 0.749142 -3.482935 0.000000 -0.000000 -0.000001
0.000000 0.000000 0.000000 0.000000 -0.000000 0.000000 -0.223142 0.507645 0.797868 -1.960384 -1.736996 4.617846 -3.629572 -2.001751 -3.854893 -1.544752 -3.648580 -6.376170 -2.376368 -8.192976 7.666682 10.456388 -6.079462 26.285982 -2.980734 -8.205359 -3.377028 4.052062 -12.711878 13.096180 0.000077 -0.000022 0.000006 -0.026542 0.005753 -0.159330 0.808082 -3.789756 -10.552141 -0.864058 3.803910 -10.576895 -13.508254 -12.133787 15.337081 -61.269638 -35.415443 32.768475 -179.413986 -77.765022 178.973465 4.481075 14.582836 -58.859928 -5.882102 9.861279 0.702590 -10.936861 -0.360574 7.156197 0.000000 8.774815 -0.000000 -14.796062 17.769291 6.413315 -1.844031 2.498503 -2.507276 -10.163590 4.678941 4.621104 -20.975996 -0.000001 0.000001 -21.226254 2.451698 -3.593995 0.000000 -0.000006 -0.000000 -1.362681 2.240797 -0.746323 -21.334892 0.584910 3.008319 -13.821196 -0.000001 0.000001 -23.887129 -0.249075 -0.839485 -58.462074 2.462642 -1.456695 -0.294025 1.679686 0.833255 -14.218195 0.093215 1.300579 -34.212002 -0.287561 0.967166 -20.033176 0.964536 1.212838 0.000000 -0.000000 0.000000 -3.440387 0.788233 0.501655 -15.928172 -3.167306 2.999703 -6.338817 -0.000000 0.000001 -18.123419 3.648181 -4.905662 -0.000004 0.000000 -0.000002 19.300245 -0.744502 13.080329 55.967552 17.625404 12.281355 -179.198471 60.734028 -179.822205 -27.732176 -10.186603 -21.562878 2.243540 -5.255033 -3.180156 14.282877 -0.826594 6.952496 -0.000000 -12.690593 -0.000001 16.292507 -17.497725 2.083956 1.665665 -1.955920 -2.878297 4.727794 -4.170584 4.993919 11.020511 0.000001 -0.000000 12.109032 -3.735715 -2.866778 0.000000 -0.000000 0.000000 1.291985 -1.928548 -1.498088 14.800115 0.567467 3.865604 14.242553 -1.341738 -6.660648 19.631935 0.143921 -0.648243 49.565979 -0.451800 -5.728749 0.353029 -1.511150 -0.031940 20.222769 3.684305 2.316629 18.787249 0.000001 -0.000001 10.751608 -0.479870 1.397903 0.000000 -0.000000 0.000000 3.273804 0.305947 -0.580110 21.486790 11.830364 2.266131 8.162915 0.000000 -0.000000 18.399052 -3.798986 -4.940567 0.000003 0.000000 -0.000001 8.518800 9.612623 -11.798208 0.013877 -0.343014 22.059793 5.871792 15.307774 -0.896695 1.805442 -2.152918 -3.715566 0.000000 -0.000000 0.000002 2.508510 -16.142485 -18.730503 0.185196 -0.011958 9.168435 3.015190 -4.121007 4.728503 -1.404348 0.749142 -3.482935 0.000000 -0.000000 -0.000001
0.000000 0.000000 0.000000 0.000000 -0.000000 0.000000 -0.223142 0.526337 0.797868 -1.960384 -1.736996 4.617846 -3.306858 -1.793525 -4.144968 -1.461264 -3.104640 -6.445842 -2.059442 -7.714192 7.722657 9.009128 -4.908170 26.663256 -2.614732 -7.412530 -3.344964 4.204972 -11.898310 13.484197 0.000077 -0.000022 0.000006 -0.040425 0.031393 -0.144763 0.790349 -3.753284 -10.495062 -0.874839 3.819764 -10.533587 -13.994430 -10.544296 14.962930 -60.175995 -34.726479 31.697275 179.650635 -76.742966 179.894379 4.283381 14.757005 -59.647614 -5.882102 9.861279 0.702590 -10.936861 -0.360574 7.156197 0.000000 8.774815 -0.000000 -14.805821 17.795435 6.408867 -1.844031 2.498503 -2.507276 -10.163590 4.678941 4.621104 -20.975996 -0.000001 0.000001 -21.226254 2.451698 -3.593995 0.000000 -0.000006 -0.000000 -1.362681 2.240797 -0.746323 -21.334892 0.584910 3.008319 -13.821196 -0.000001 0.000001 -23.887129 -0.249075 -0.839485 -58.507332 2.418796 -1.576151 -0.294025 1.679686 0.833255 -14.218195 0.093215 1.300579 -34.212002 -0.287561 0.967166 -20.033176 0.964536 1.212838 0.000000 -0.000000 0.000000 -3.440387 0.788233 0.501655 -15.928172 -3.167306 2.999703 -6.338817 -0.000000 0.000001 -18.123419 3.648181 -4.905662 -0.000004 0.000000 -0.000002 18.699276 1.031173 13.436648 56.921352 18.386271 13.123073 -179.693451 61.694626 179.778625 -27.872143 -10.361061 -21.755730 2.243540 -5.255033 -3.180156 14.282877 -0.826594 6.952496 -0.000000 -12.690593 -0.000001 16.313152 -17.429796 2.111251 1.665665 -1.955920 -2.878297 4.727794 -4.170584 4.993919 11.020511 0.000001 -0.000000 12.109032 -3.735715 -2.866778 0.000000 -0.000000 0.000000 1.291985 -1.928548 -1.498088 14.800115 0.567467 3.865604 14.242553 -1.341738 -6.660648 19.631935 0.143921 -0.648243 49.646366 -0.482242 -5.737417 0.353029 -1.511150 -0.031940 20.222769 3.684305 2.316629 18.787249 0.000001 -0.000001 10.751608 -0.479870 1.397903 0.000000 -0.000000 0.000000 3.273804 0.305947 -0.580110 21.486790 11.830364 2.266131 8.162915 0.000000 -0.000000 18.399052 -3.798986 -4.940567 0.000003 0.000000 -0.000001 8.518800 9.612623 -11.798208 0.013877 -0.343014 22.059793 5.871792 15.307774 -0.896695 1.805442 -2.152918 -3.715566 0.000000 -0.000000 0.000002 2.508510 -16.142485 -18.730503 0.185196 -0.011958 9.168435 3.015190 -4.121007 4.728503 -1.404348 0.749142 -3.482935 0.000000 -0.000000 -0.000001
0.000000 0.000000 0.000000 0.000000 -0.000000 0.000000 -0.223142 0.546006 0.797868 -1.960384 -1.736996 4.617846 -3.181424 -1.720948 -4.313585 -1.434047 -2.914999 -6.508634 -1.897595 -7.528969 7.809468 8.339122 -4.453486 26.936428 -2.409718 -6.930143 -3.336495 4.223494 -11.455970 13.839670 0.000077 -0.000022 0.000006 -0.063292 0.064027 -0.140580 0.764873 -3.713910 -10.472489 -0.895454 3.845031 -10.514895 -14.076016 -9.773278 14.890178 -59.606796 -34.517319 31.227140 178.681992 -76.254692 -179.209915 4.119257 14.926660 -60.496529 -5.882102 9.861279 0.702590 -10.936861 -0.360574 7.156197 0.000000 8.774815 -0.000000 -14.888326 17.782444 6.347099 -1.844031 2.498503 -2.507276 -10.163590 4.678941 4.621104 -20.975996 -0.000001 0.000001 -21.226254 2.451698 -3.593995 0.000000 -0.000006 -0.000000 -1.362681 2.240797 -0.746323 -21.334892 0.584910 3.008319 -13.821196 -0.000001 0.000001 -23.887129 -0.249075 -0.839485 -58.487900 2.417974 -1.643632 -0.294025 1.679686 0.833255 -14.218195 0.093215 1.300579 -34.212002 -0.287561 0.967166 -20.033176 0.964536 1.212838 0.000000 -0.000000 0.000000 -3.440387 0.788233 0.501655 -15.928172 -3.167306 2.999703 -6.338817 -0.000000 0.000001 -18.123419 3.648181 -4.905662 -0.000004 0.000000 -0.000002 18.504829 1.756540 13.601144 57.250587 18.620567 13.410444 179.499969 62.034565 179.030899 -27.803444 -10.729569 -21.712971 2.243540 -5.255033 -3.180156 14.282877 -0.826594 6.952496 -0.000000 -12.690593 -0.000001 16.334097 -17.341738 2.109365 1.665665 -1.955920 -2.878297 4.727794 -4.170584 4.993919 11.020511 0.000001 -0.000000 12.109032 -3.735715 -2.866778 0.000000 -0.000000 0.000000 1.291985 -1.928548 -1.498088 14.800115 0.567467 3.865604 14.242553 -1.341738 -6.660648 19.631935 0.143921 -0.648243 49.632034 -0.523915 -5.738976 0.353029 -1.511150 -0.031940 20.222769 3.684305 2.316629 18.787249 0.000001 -0.000001 10.751608 -0.479870 1.397903 0.000000 -0.000000 0.000000 3.273804 0.305947 -0.580110 21.486790 11.830364 2.266131 8.162915 0.000000 -0.000000 18.399052 -3.798986 -4.940567 0.000003 0.000000 -0.000001 8.518800 9.612623 -11.798208 0.013877 -0.343014 22.059793 5.871792 15.307774 -0.896695 1.805442 -2.152918 -3.715566 0.000000 -0.000000 0.000002 2.508510 -16.142485 -18.730503 0.185196 -0.011958 9.168435 3.015190 -4.121007 4.728503 -1.404348 0.749142 -3.482935 0.000000 -0.000000 -0.000001
0.000000 0.000000 0.000000 0.000000 -0.000000 0.000000 -0.223142 0.557587 0.797868 -1.960384 -1.736996 4.617846 -3.157622 -1.707794 -4.391175 -1.424467 -2.888728 -6.546748 -1.805111 -7.508368 7.875628 8.104255 -4.339079 27.072687 -2.310458 -6.709962 -3.324559 4.173677 -11.218194 14.125954 0.000077 -0.000022 0.000006 -0.075354 0.077799 -0.140467 0.755219 -3.697094 -10.464210 -0.910151 3.855076 -10.504251 -13.970853 -9.488640 14.904078 -59.421886 -34.513374 31.014893 178.582886 -76.122108 -179.153687 3.971866 15.158802 -61.529652 -5.882102 9.861279 0.702590 -10.936861 -0.360574 7.156197 0.000000 8.774815 -0.000000 -14.979275 17.744194 6.288425 -1.844031 2.498503 -2.507276 -10.163590 4.678941 4.621104 -20.975996 -0.000001 0.000001 -21.226254 2.451698 -3.593995 0.000000 -0.000006 -0.000000 -1.362681 2.240797 -0.746323 -21.334892 0.584910 3.008319 -13.821196 -0.000001 0.000001 -23.887129 -0.249075 -0.839485 -58.484097 2.422659 -1.668538 -0.294025 1.679686 0.833255 -14.218195 0.093215 1.300579 -34.212002 -0.287561 0.967166 -20.033176 0.964536 1.212838 0.000000 -0.000000 0.000000 -3.440387 0.788233 0.501655 -15.928172 -3.167306 2.999703 -6.338817 -0.000000 0.000001 -18.123419 3.648181 -4.905662 -0.000004 0.000000 -0.000002 18.506783 1.909173 13.624543 57.207752 18.511692 13.402225 178.793762 62.017059 178.354477 -27.689964 -11.064361 -21.631529 2.243540 -5.255033 -3.180156 14.282877 -0.826594 6.952496 -0.000000 -12.690593 -0.000001 16.349981 -17.228678 2.075586 1.665665 -1.955920 -2.878297 4.727794 -4.170584 4.993919 11.020511 0.000001 -0.000000 12.109032 -3.735715 -2.866778 0.000000 -0.000000 0.000000 1.291985 -1.928548 -1.498088 14.800115 0.567467 3.865604 14.242553 -1.341738 -6.660648 19.631935 0.143921 -0.648243 49.557896 -0.533079 -5.724958 0.353029 -1.511150 -0.031940 20.222769 3.684305 2.316629 18.787249 0.000001 -0.000001 10.751608 -0.479870 1.397903 0.000000 -0.000000 0.000000 3.273804 0.305947 -0.580110 21.486790 11.830364 2.266131 8.162915 0.000000 -0.000000 18.399052 -3.798986 -4.940567 0.000003 0.000000 -0.000001 8.518800 9.612623 -11.798208 0.013877 -0.343014 22.059793 5.871792 15.307774 -0.896695 1.805442 -2.152918 -3.715566 0.000000 -0.000000 0.000002 2.508510 -16.142485 -18.730503 0.185196 -0.011958 9.168435 3.015190 -4.121007 4.728503 -1.404348 0.749142 -3.482935 0.000000 -0.000000 -0.000001
0.000000 0.000000 0.000000 0.000000 -0.000000 0.000000 -0.223142 0.556451 0.797868 -1.960384 -1.736996 4.617846 -3.204819 -1.748527 -4.384380 -1.428256 -2.959246 -6.564422 -1.771417 -7.653353 7.916657 8.203468 -4.482314 27.026699 -2.302995 -6.699049 -3.313921 4.089002 -11.173326 14.290712 0.000077 -0.000022 0.000006 -0.080748 0.081365 -0.145829 0.754113 -3.692707 -10.467617 -0.920105 3.857821 -10.499169 -13.769458 -9.584732 15.016865 -59.561626 -34.667400 30.972883 179.182388 -76.287651 -179.744553 3.883884 15.406163 -62.594887 -5.882102 9.861279 0.702590 -10.936861 -0.360574 7.156197 0.000000 8.774815 -0.000000 -15.094201 17.692636 6.215671 -1.844031 2.498503 -2.507276 -10.163590 4.678941 4.621104 -20.975996 -0.000001 0.000001 -21.226254 2.451698 -3.593995 0.000000 -0.000006 -0.000000 -1.362681 2.240797 -0.746323 -21.334892 0.584910 3.008319 -13.821196 -0.000001 0.000001 -23.887129 -0.249075 -0.839485 -58.566811 2.416293 -1.666002 -0.294025 1.679686 0.833255 -14.218195 0.093215 1.300579 -34.212002 -0.287561 0.967166 -20.033176 0.964536 1.212838 0.000000 -0.000000 0.000000 -3.440387 0.788233 0.501655 -15.928172 -3.167306 2.999703 -6.338817 -0.000000 0.000001 -18.123419 3.648181 -4.905662 -0.000004 0.000000 -0.000002 18.646461 1.678655 13.546835 56.929836 18.195465 13.185296 178.293289 61.777668 177.873032 -27.521040 -11.290724 -21.540474 2.243540 -5.255033 -3.180156 14.282877 -0.826594 6.952496 -0.000000 -12.690593 -0.000001 16.305296 -17.125612 2.059470 1.665665 -1.955920 -2.878297 4.727794 -4.170584 4.993919 11.020511 0.000001 -0.000000 12.109032 -3.735715 -2.866778 0.000000 -0.000000 0.000000 1.291985 -1.928548 -1.498088 14.800115 0.567467 3.865604 14.242553 -1.341738 -6.660648 19.631935 0.143921 -0.648243 49.420017 -0.521992 -5.675333 0.353029 -1.511150 -0.031940 20.222769 3.684305 2.316629 18.787249 0.000001 -0.000001 10.751608 -0.479870 1.397903 0.000000 -0.000000 0.000000 3.273804 0.305947 -0.580110 21.486790 11.830364 2.266131 8.162915 0.000000 -0.000000 18.399052 -3.798986 -4.940567 0.000003 0.000000 -0.000001 8.518800 9.612623 -11.798208 0.013877 -0.343014 22.059793 5.871792 15.307774 -0.896695 1.805442 -2.152918 -3.715566 0.000000 -0.000000 0.000002 2.508510 -16.142485 -18.730503 0.185196 -0.011958 9.168435 3.015190 -4.121007 4.728503 -1.404348 0.749142 -3.482935 0.000000 -0.000000 -0.000001
0.000000 0.000000 0.000000 0.000000 -0.000000 0.000000 -0.223142 0.550202 0.797868 -1.960384 -1.736996 4.617846 -3.306547 -1.836710 -4.322398 -1.448554 -3.121759 -6.572004 -1.785398 -7.924039 7.935352 8.515956 -4.804858 26.882036 -2.344409 -6.860046 -3.309499 4.023864 -11.337306 14.264132 0.000077 -0.000022 0.000006 -0.084159 0.083367 -0.154073 0.753391 -3.691601 -10.479017 -0.926411 3.861383 -10.500527 -13.516265 -10.004907 15.208795 -59.992325 -34.940624 31.184910 179.770416 -76.705330 179.674774 3.799947 15.612257 -63.320610 -5.882102 9.861279 0.702590 -10.936861 -0.360574 7.156197 0.000000 8.774815 -0.000000 -15.224458 17.654133 6.147990 -1.844031 2.498503 -2.507276 -10.163590 4.678941 4.621104 -20.975996 -0.000001 0.000001 -21.226254 2.451698 -3.593995 0.000000 -0.000006 -0.000000 -1.362681 2.240797 -0.746323 -21.334892 0.584910 3.008319 -13.821196 -0.000001 0.000001 -23.887129 -0.249075 -0.839485 -58.672707 2.412426 -1.645823 -0.294025 1.679686 0.833255 -14.218195 0.093215 1.300579 -34.212002 -0.287561 0.967166 -20.033176 0.964536 1.212838 0.000000 -0.000000 0.000000 -3.440387 0.788233 0.501655 -15.928172 -3.167306 2.999703 -6.338817 -0.000000 0.000001 -18.123419 3.648181 -4.905662 -0.000004 0.000000 -0.000002 18.877337 1.172317 13.452550 56.527321 17.796303 12.834206 178.088043 61.376831 177.666672 -27.416378 -11.349636 -21.446934 2.243540 -5.255033 -3.180156 14.282877 -0.826594 6.952496 -0.000000 -12.690593 -0.000001 16.273424 -17.061480 2.061502 1.665665 -1.955920 -2.878297 4.727794 -4.170584 4.993919 11.020511 0.000001 -0.000000 12.109032 -3.735715 -2.866778 0.000000 -0.000000 0.000000 1.291985 -1.928548 -1.498088 14.800115 0.567467 3.865604 14.242553 -1.341738 -6.660648 19.631935 0.143921 -0.648243 49.360462 -0.516990 -5.618093 0.353029 -1.511150 -0.031940 20.222769 3.684305 2.316629 18.787249 0.000001 -0.000001 10.751608 -0.479870 1.397903 0.000000 -0.000000 0.000000 3.273804 0.305947 -0.580110 21.486790 11.830364 2.266131 8.162915 0.000000 -0.000000 18.399052 -3.798986 -4.940567 0.000003 0.000000 -0.000001 8.518800 9.612623 -11.798208 0.013877 -0.343014 22.059793 5.871792 15.307774 -0.896695 1.805442 -2.152918 -3.715566 0.000000 -0.000000 0.000002 2.508510 -16.142485 -18.730503 0.185196 -0.011958 9.168435 3.015190 -4.121007 4.728503 -1.404348 0.749142 -3.482935 0.000000 -0.000000 -0.000001
0.000000 0.000000 0.000000 0.000000 -0.000000 0.000000 -0.223142 0.547807 0.797868 -1.960384 -1.736996 4.617846 -3.452582 -1.953263 -4.205986 -1.477306 -3.367885 -6.563514 -1.834588 -8.280514 7.900699 8.984100 -5.254620 26.723406 -2.416205 -7.179639 -3.313630 3.967559 -11.667296 14.117067 0.000077 -0.000022 0.000006 -0.083040 0.078744 -0.159422 0.754462 -3.699459 -10.491773 -0.925273 3.860891 -10.505225 -13.190426 -10.725946 15.398832 -60.750107 -35.238518 31.722548 -179.864929 -77.302551 179.295425 3.730079 15.684215 -63.654739 -5.882102 9.861279 0.702590 -10.936861 -0.360574 7.156197 0.000000 8.774815 -0.000000 -15.296661 17.624523 6.127343 -1.844031 2.498503 -2.507276 -10.163590 4.678941 4.621104 -20.975996 -0.000001 0.000001 -21.226254 2.451698 -3.593995 0.000000 -0.000006 -0.000000 -1.362681 2.240797 -0.746323 -21.334892 0.584910 3.008319 -13.821196 -0.000001 0.000001 -23.887129 -0.249075 -0.839485 -58.733959 2.423893 -1.577223 -0.294025 1.679686 0.833255 -14.218195 0.093215 1.300579 -34.212002 -0.287561 0.967166 -20.033176 0.964536 1.212838 0.000000 -0.000000 0.000000 -3.440387 0.788233 0.501655 -15.928172 -3.167306 2.999703 -6.338817 -0.000000 0.000001 -18.123419 3.648181 -4.905662 -0.000004 0.000000 -0.000002 19.133083 0.445790 13.314280 56.114475 17.333649 12.520586 178.232254 60.918903 177.789520 -27.410892 -11.337222 -21.338499 2.243540 -5.255033 -3.180156 14.282877 -0.826594 6.952496 -0.000000 -12.690593 -0.000001 16.248480 -17.060194 2.071999 1.665665 -1.955920 -2.878297 4.727794 -4.170584 4.993919 11.020511 0.000001 -0.000000 12.109032 -3.735715 -2.866778 0.000000 -0.000000 0.000000 1.291985 -1.928548 -1.498088 14.800115 0.567467 3.865604 14.242553 -1.341738 -6.660648 19.631935 0.143921 -0.648243 49.372898 -0.514897 -5.596183 0.353029 -1.511150 -0.031940 20.222769 3.684305 2.316629 18.787249 0.000001 -0.000001 10.751608 -0.479870 1.397903 0.000000 -0.000000 0.000000 3.273804 0.305947 -0.580110 21.486790 11.830364 2.266131 8.162915 0.000000 -0.000000 18.399052 -3.798986 -4.940567 0.000003 0.000000 -0.000001 8.518800 9.612623 -11.798208 0.013877 -0.343014 22.059793 5.871792 15.307774 -0.896695 1.805442 -2.152918 -3.715566 0.000000 -0.000000 0.000002 2.508510 -16.142485 -18.730503 0.185196 -0.011958 9.168435 3.015190 -4.121007 4.728503 -1.404348 0.749142 -3.482935 0.000000 -0.000000 -0.000001
0.000000 0.000000 0.000000 0.000000 -0.000000 0.000000 -0.223142 0.541894 0.797868 -1.960384 -1.736996 4.617846 -3.639320 -2.086082 -4.054646 -1.503015 -3.686843 -6.532310 -1.918784 -8.690491 7.825660 9.605015 -5.863046 26.612024 -2.550791 -7.615588 -3.320196 3.951012 -12.183096 13.972303 0.000077 -0.000022 0.000006 -0.084235 0.076503 -0.166624 0.754380 -3.706907 -10.514301 -0.927436 3.864581 -10.521607 -12.782992 -11.740788 15.591987 -61.764343 -35.582993 32.508812 -179.770126 -78.026894 179.165039 3.635868 15.547445 -63.535225 -5.882102 9.861279 0.702590 -10.936861 -0.360574 7.156197 0.000000 8.774815 -0.000000 -15.281396 17.642868 6.159294 -1.844031 2.498503 -2.507276 -10.163590 4.678941 4.621104 -20.975996 -0.000001 0.000001 -21.226254 2.451698 -3.593995 0.000000 -0.000006 -0.000000 -1.362681 2.240797 -0.746323 -21.334892 0.584910 3.008319 -13.821196 -0.000001 0.000001 -23.887129 -0.249075 -0.839485 -58.712013 2.449961 -1.482748 -0.294025 1.679686 0.833255 -14.218195 0.093215 1.300579 -34.212002 -0.287561 0.967166 -20.033176 0.964536 1.212838 0.000000 -0.000000 0.000000 -3.440387 0.788233 0.501655 -15.928172 -3.167306 2.999703 -6.338817 -0.000000 0.000001 -18.123419 3.648181 -4.905662 -0.000004 0.000000 -0.000002 19.411015 -0.469114 13.146039 55.686825 16.788414 12.121552 178.526672 60.345448 178.065704 -27.366890 -11.343985 -21.256176 2.243540 -5.255033 -3.180156 14.282877 -0.826594 6.952496 -0.000000 -12.690593 -0.000001 16.219090 -17.080822 2.084600 1.665665 -1.955920 -2.878297 4.727794 -4.170584 4.993919 11.020511 0.000001 -0.000000 12.109032 -3.735715 -2.866778 0.000000 -0.000000 0.000000 1.291985 -1.928548 -1.498088 14.800115 0.567467 3.865604 14.242553 -1.341738 -6.660648 19.631935 0.143921 -0.648243 49.368023 -0.488202 -5.572885 0.353029 -1.511150 -0.031940 20.222769 3.684305 2.316629 18.787249 0.000001 -0.000001 10.751608 -0.479870 1.397903 0.000000 -0.000000 0.000000 3.273804 0.305947 -0.580110 21.486790 11.830364 2.266131 8.162915 0.000000 -0.000000 18.399052 -3.798986 -4.940567 0.000003 0.000000 -0.000001 8.518800 9.612623 -11.798208 0.013877 -0.343014 22.059793 5.871792 15.307774 -0.896695 1.805442 -2.152918 -3.715566 0.000000 -0.000000 0.000002 2.508510 -16.142485 -18.730503 0.185196 -0.011958 9.168435 3.015190 -4.121007 4.728503 -1.404348 0.749142 -3.482935 0.000000 -0.000000 -0.000001
0.000000 0.000000 0.000000 0.000000 -0.000000 0.000000 -0.223142 0.538728 0.797868 -1.960384 -1.736996 4.617846 -3.872545 -2.228902 -3.858637 -1.534363 -4.102129 -6.480410 -2.032479 -9.159348 7.710695 10.389280 -6.653432 26.547089 -2.750039 -8.135935 -3.323833 3.961603 -12.848891 13.923240 0.000077 -0.000022 0.000006 -0.091834 0.082870 -0.171039 0.751601 -3.708740 -10.542767 -0.939235 3.878634 -10.543279 -12.308860 -13.000903 15.834039 -62.943146 -36.023369 33.446686 -179.867020 -78.872734 179.265045 3.445238 15.200247 -63.207317 -5.882102 9.861279 0.702590 -10.936861 -0.360574 7.156197 0.000000 8.774815 -0.000000 -15.189747 17.710714 6.222874 -1.844031 2.498503 -2.507276 -10.163590 4.678941 4.621104 -20.975996 -0.000001 0.000001 -21.226254 2.451698 -3.593995 0.000000 -0.000006 -0.000000 -1.362681 2.240797 -0.746323 -21.334892 0.584910 3.008319 -13.821196 -0.000001 0.000001 -23.887129 -0.249075 -0.839485 -58.580101 2.504007 -1.385335 -0.294025 1.679686 0.833255 -14.218195 0.093215 1.300579 -34.212002 -0.287561 0.967166 -20.033176 0.964536 1.212838 0.000000 -0.000000 0.000000 -3.440387 0.788233 0.501655 -15.928172 -3.167306 2.999703 -6.338817 -0.000000 0.000001 -18.123419 3.648181 -4.905662 -0.000004 0.000000 -0.000002 19.719080 -1.578498 12.942146 55.243641 16.180449 11.509102 178.745529 59.679058 178.260773 -27.289764 -11.393389 -21.229067 2.243540 -5.255033 -3.180156 14.282877 -0.826594 6.952496 -0.000000 -12.690593 -0.000001 16.224318 -17.100050 2.063461 1.665665 -1.955920 -2.878297 4.727794 -4.170584 4.993919 11.020511 0.000001 -0.000000 12.109032 -3.735715 -2.866778 0.000000 -0.000000 0.000000 1.291985 -1.928548 -1.498088 14.800115 0.567467 3.865604 14.242553 -1.341738 -6.660648 19.631935 0.143921 -0.648243 49.343624 -0.437357 -5.561619 0.353029 -1.511150 -0.031940 20.222769 3.684305 2.316629 18.787249 0.000001 -0.000001 10.751608 -0.479870 1.397903 0.000000 -0.000000 0.000000 3.273804 0.305947 -0.580110 21.486790 11.830364 2.266131 8.162915 0.000000 -0.000000 18.399052 -3.798986 -4.940567 0.000003 0.000000 -0.000001 8.518800 9.612623 -11.798208 0.013877 -0.343014 22.059793 5.871792 15.307774 -0.896695 1.805442 -2.152918 -3.715566 0.000000 -0.000000 0.000002 2.508510 -16.142485 -18.730503 0.185196 -0.011958 9.168435 3.015190 -4.121007 4.728503 -1.404348 0.749142 -3.482935 0.000000 -0.000000 -0.000001
0.000000 0.000000 0.000000 0.000000 -0.000000 0.000000 -0.223142 0.541543 0.797868 -1.960384 -1.736996 4.617846 -4.124715 -2.365689 -3.641106 -1.587373 -4.604966 -6.429051 -2.158873 -9.669102 7.571196 11.326473 -7.568189 26.463621 -2.986652 -8.756586 -3.330431 3.951394 -13.589158 13.984363 0.000077 -0.000022 0.000006 -0.085046 0.073362 -0.170068 0.767889 -3.724529 -10.562227 -0.941199 3.874010 -10.553526 -11.836414 -14.411358 16.073683 -64.163895 -36.531834 34.453777 179.865540 -79.781746 179.517365 3.181052 14.880740 -62.670341 -5.882102 9.861279 0.702590 -10.936861 -0.360574 7.156197 0.000000 8.774815 -0.000000 -15.101548 17.811865 6.298779 -1.844031 2.498503 -2.507276 -10.163590 4.678941 4.621104 -20.975996 -0.000001 0.000001 -21.226254 2.451698 -3.593995 0.000000 -0.000006 -0.000000 -1.362681 2.240797 -0.746323 -21.334892 0.584910 3.008319 -13.821196 -0.000001 0.000001 -23.887129 -0.249075 -0.839485 -58.459747 2.572022 -1.285482 -0.294025 1.679686 0.833255 -14.218195 0.093215 1.300579 -34.212002 -0.287561 0.967166 -20.033176 0.964536 1.212838 0.000000 -0.000000 0.000000 -3.440387 0.788233 0.501655 -15.928172 -3.167306 2.999703 -6.338817 -0.000000 0.000001 -18.123419 3.648181 -4.905662 -0.000004 0.000000 -0.000002 20.090769 -2.838789 12.661175 54.711720 15.504619 10.758095 178.952164 58.947670 178.362457 -27.199858 -11.462703 -21.234324 2.243540 -5.255033 -3.180156 14.282877 -0.826594 6.952496 -0.000000 -12.690593 -0.000001 16.225729 -17.100172 2.036011 1.665665 -1.955920 -2.878297 4.727794 -4.170584 4.993919 11.020511 0.000001 -0.000000 12.109032 -3.735715 -2.866778 0.000000 -0.000000 0.000000 1.291985 -1.928548 -1.498088 14.800115 0.567467 3.865604 14.242553 -1.341738 -6.660648 19.631935 0.143921 -0.648243 49.285759 -0.396393 -5.547760 0.353029 -1.511150 -0.031940 20.222769 3.684305 2.316629 18.787249 0.000001 -0.000001 10.751608 -0.479870 1.397903 0.000000 -0.000000 0.000000 3.273804 0.305947 -0.580110 21.486790 11.830364 2.266131 8.162915 0.000000 -0.000000 18.399052 -3.798986 -4.940567 0.000003 0.000000 -0.000001 8.518800 9.612623 -11.798208 0.013877 -0.343014 22.059793 5.871792 15.307774 -0.896695 1.805442 -2.152918 -3.715566 0.000000 -0.000000 0.000002 2.508510 -16.142485 -18.730503 0.185196 -0.011958 9.168435 3.015190 -4.121007 4.728503 -1.404348 0.749142 -3.482935 0.000000 -0.000000 -0.000001
0.000000 0.000000 0.000000 0.000000 -0.000000 0.000000 -0.223142 0.554049 0.797868 -1.960384 -1.736996 4.617846 -4.351204 -2.474518 -3.432075 -1.651663 -5.074357 -6.381442 -2.262237 -10.093767 7.440914 12.287158 -8.482290 26.324905 -3.240861 -9.393370 -3.334640 3.885153 -14.318327 14.167617 0.000077 -0.000022 0.000006 -0.058214 0.037912 -0.169554 0.805450 -3.765099 -10.580964 -0.924525 3.842444 -10.566257 -11.432879 -15.780157 16.300533 -65.251419 -37.070023 35.315228 179.691406 -80.616905 179.646332 2.868228 14.783122 -62.172173 -5.882102 9.861279 0.702590 -10.936861 -0.360574 7.156197 0.000000 8.774815 -0.000000 -15.092816 17.891846 6.353152 -1.844031 2.498503 -2.507276 -10.163590 4.678941 4.621104 -20.975996 -0.000001 0.000001 -21.226254 2.451698 -3.593995 0.000000 -0.000006 -0.000000 -1.362681 2.240797 -0.746323 -21.334892 0.584910 3.008319 -13.821196 -0.000001 0.000001 -23.887129 -0.249075 -0.839485 -58.374737 2.628603 -1.163032 -0.294025 1.679686 0.833255 -14.218195 0.093215 1.300579 -34.212002 -0.287561 0.967166 -20.033176 0.964536 1.212838 0.000000 -0.000000 0.000000 -3.440387 0.788233 0.501655 -15.928172 -3.167306 2.999703 -6.338817 -0.000000 0.000001 -18.123419 3.648181 -4.905662 -0.000004 0.000000 -0.000002 20.502823 -4.088415 12.340704 54.103741 14.874192 10.141538 179.287750 58.245640 178.535553 -27.129929 -11.570846 -21.245975 2.243540 -5.255033 -3.180156 14.282877 -0.826594 6.952496 -0.000000 -12.690593 -0.000001 16.204971 -17.106012 2.024981 1.665665 -1.955920 -2.878297 4.727794 -4.170584 4.993919 11.020511 0.000001 -0.000000 12.109032 -3.735715 -2.866778 0.000000 -0.000000 0.000000 1.291985 -1.928548 -1.498088 14.800115 0.567467 3.865604 14.242553 -1.341738 -6.660648 19.631935 0.143921 -0.648243 49.247650 -0.391085 -5.538114 0.353029 -1.511150 -0.031940 20.222769 3.684305 2.316629 18.787249 0.000001 -0.000001 10.751608 -0.479870 1.397903 0.000000 -0.000000 0.000000 3.273804 0.305947 -0.580110 21.486790 11.830364 2.266131 8.162915 0.000000 -0.000000 18.399052 -3.798986 -4.940567 0.000003 0.000000 -0.000001 8.518800 9.612623 -11.798208 0.013877 -0.343014 22.059793 5.871792 15.307774 -0.896695 1.805442 -2.152918 -3.715566 0.000000 -0.000000 0.000002 2.508510 -16.142485 -18.730503 0.185196 -0.011958 9.168435 3.015190 -4.121007 4.728503 -1.404348 0.749142 -3.482935 0.000000 -0.000000 -0.000001
0.000000 0.000000 0.000000 0.000000 -0.000000 0.000000 -0.223142 0.548274 0.797868 -1.960384 -1.736996 4.617846 -4.493292 -2.538995 -3.295625 -1.700146 -5.370951 -6.332980 -2.323024 -10.372952 7.356817 13.025066 -9.132191 26.183014 -3.446337 -9.936422 -3.316418 3.781540 -14.916626 14.336273 0.000077 -0.000022 0.000006 -0.018371 -0.016383 -0.167716 0.850542 -3.826014 -10.590048 -0.889152 3.793837 -10.574052 -11.161647 -16.795603 16.331924 -65.988640 -37.414551 35.885857 179.163651 -81.263062 -179.945877 2.481633 14.860310 -61.663658 -5.882102 9.861279 0.702590 -10.936861 -0.360574 7.156197 0.000000 8.774815 -0.000000 -15.124262 17.904808 6.384218 -1.844031 2.498503 -2.507276 -10.163590 4.678941 4.621104 -20.975996 -0.000001 0.000001 -21.226254 2.451698 -3.593995 0.000000 -0.000006 -0.000000 -1.362681 2.240797 -0.746323 -21.334892 0.584910 3.008319 -13.821196 -0.000001 0.000001 -23.887129 -0.249075 -0.839485 -58.363529 2.646308 -1.053434 -0.294025 1.679686 0.833255 -14.218195 0.093215 1.300579 -34.212002 -0.287561 0.967166 -20.033176 0.964536 1.212838 0.000000 -0.000000 0.000000 -3.440387 0.788233 0.501655 -15.928172 -3.167306 2.999703 -6.338817 -0.000000 0.000001 -18.123419 3.648181 -4.905662 -0.000004 0.000000 -0.000002 20.769030 -4.998976 12.061836 53.642925 14.444250 9.925349 179.736084 57.776215 178.846451 -27.108582 -11.602151 -21.123680 2.243540 -5.255033 -3.180156 14.282877 -0.826594 6.952496 -0.000000 -12.690593 -0.000001 16.227390 -17.216105 1.976807 1.665665 -1.955920 -2.878297 4.727794 -4.170584 4.993919 11.020511 0.000001 -0.000000 12.109032 -3.735715 -2.866778 0.000000 -0.000000 0.000000 1.291985 -1.928548 -1.498088 14.800115 0.567467 3.865604 14.242553 -1.341738 -6.660648 19.631935 0.143921 -0.648243 49.265434 -0.357556 -5.560729 0.353029 -1.511150 -0.031940 20.222769 3.684305 2.316629 18.787249 0.000001 -0.000001 10.751608 -0.479870 1.397903 0.000000 -0.000000 0.000000 3.273804 0.305947 -0.580110 21.486790 11.830364 2.266131 8.162915 0.000000 -0.000000 18.399052 -3.798986 -4.940567 0.000003 0.000000 -0.000001 8.518800 9.612623 -11.798208 0.013877 -0.343014 22.059793 5.871792 15.307774 -0.896695 1.805442 -2.152918 -3.715566 0.000000 -0.000000 0.000002 2.508510 -16.142485 -18.730503 0.185196 -0.011958 9.168435 3.015190 -4.121007 4.728503 -1.404348 0.749142 -3.482935 0.000000 -0.000000 -0.000001
0.000000 0.000000 0.000000 0.000000 -0.000000 0.000000 -0.223142 0.561381 0.797868 -1.960384 -1.736996 4.617846 -4.610477 -2.480252 -3.186924 -1.711175 -5.494920 -6.302915 -2.332185 -10.504128 7.265164 13.498091 -9.624125 26.059027 -3.640785 -10.025611 -3.302364 3.630888 -15.474528 14.713406 0.000077 -0.000022 0.000006 -0.054242 0.027011 -0.181544 0.814912 -3.792788 -10.602077 -0.924268 3.845457 -10.588788 -11.217190 -17.389622 16.518280 -66.284058 -37.575161 35.543369 -178.833588 -81.619202 178.015778 1.890629 14.865762 -61.088238 -5.882102 9.861279 0.702590 -10.936861 -0.360574 7.156197 0.000000 8.774815 -0.000000 -15.151868 17.869576 6.304364 -1.844031 2.498503 -2.507276 -10.163590 4.678941 4.621104 -20.975996 -0.000001 0.000001 -21.226254 2.451698 -3.593995 0.000000 -0.000006 -0.000000 -1.362681 2.240797 -0.746323 -21.334892 0.584910 3.008319 -13.821196 -0.000001 0.000001 -23.887129 -0.249075 -0.839485 -58.240559 2.687933 -0.905815 -0.294025 1.679686 0.833255 -14.218195 0.093215 1.300579 -34.212002 -0.287561 0.967166 -20.033176 0.964536 1.212838 0.000000 -0.000000 0.000000 -3.440387 0.788233 0.501655 -15.928172 -3.167306 2.999703 -6.338817 -0.000000 0.000001 -18.123419 3.648181 -4.905662 -0.000004 0.000000 -0.000002 21.048666 -5.426019 12.030584 53.140728 14.322043 10.169382 -179.341599 57.535465 179.666214 -27.079912 -11.408956 -20.884958 2.243540 -5.255033 -3.180156 14.282877 -0.826594 6.952496 -0.000000 -12.690593 -0.000001 16.279993 -17.304543 1.938114 1.665665 -1.955920 -2.878297 4.727794 -4.170584 4.993919 11.020511 0.000001 -0.000000 12.109032 -3.735715 -2.866778 0.000000 -0.000000 0.000000 1.291985 -1.928548 -1.498088 14.800115 0.567467 3.865604 14.242553 -1.341738 -6.660648 19.631935 0.143921 -0.648243 49.337494 -0.259542 -5.589903 0.353029 -1.511150 -0.031940 20.222769 3.684305 2.316629 18.787249 0.000001 -0.000001 10.751608 -0.479870 1.397903 0.000000 -0.000000 0.000000 3.273804 0.305947 -0.580110 21.486790 11.830364 2.266131 8.162915 0.000000 -0.000000 18.399052 -3.798986 -4.940567 0.000003 0.000000 -0.000001 8.518800 9.612623 -11.798208 0.013877 -0.343014 22.059793 5.871792 15.307774 -0.896695 1.805442 -2.152918 -3.715566 0.000000 -0.000000 0.000002 2.508510 -16.142485 -18.730503 0.185196 -0.011958 9.168435 3.015190 -4.121007 4.728503 -1.404348 0.749142 -3.482935 0.000000 -0.000000 -0.000001
0.000000 0.000000 0.000000 0.000000 -0.000000 0.000000 -0.223142 0.593722 0.797868 -1.960384 -1.736996 4.617846 -4.642922 -2.559948 -3.259579 -1.758957 -5.666937 -6.270401 -2.622539 -10.514892 7.134522 14.332855 -9.896034 25.843657 -3.877406 -10.809242 -3.387225 3.316938 -15.719078 15.265988 0.000077 -0.000022 0.000006 0.005802 -0.035346 -0.188822 0.868588 -3.880164 -10.625385 -0.857389 3.805694 -10.603980 -11.132326 -17.770700 16.214046 -66.659584 -37.196598 35.764999 -178.997910 -81.845947 178.178146 1.643737 15.057128 -59.566879 -5.882102 9.861279 0.702590 -10.936861 -0.360574 7.156197 0.000000 8.774815 -0.000000 -15.461458 17.975115 6.156880 -1.844031 2.498503 -2.507276 -10.163590 4.678941 4.621104 -20.975996 -0.000001 0.000001 -21.226254 2.451698 -3.593995 0.000000 -0.000006 -0.000000 -1.362681 2.240797 -0.746323 -21.334892 0.584910 3.008319 -13.821196 -0.000001 0.000001 -23.887129 -0.249075 -0.839485 -58.528843 2.568378 -0.899672 -0.294025 1.679686 0.833255 -14.218195 0.093215 1.300579 -34.212002 -0.287561 0.967166 -20.033176 0.964536 1.212838 0.000000 -0.000000 0.000000 -3.440387 0.788233 0.501655 -15.928172 -3.167306 2.999703 -6.338817 -0.000000 0.000001 -18.123419 3.648181 -4.905662 -0.000004 0.000000 -0.000002 21.182062 -5.886913 11.549238 53.381546 13.929032 10.433245 -179.801941 57.349213 179.203949 -27.009451 -11.552947 -20.790285 2.243540 -5.255033 -3.180156 14.282877 -0.826594 6.952496 -0.000000 -12.690593 -0.000001 15.983140 -17.508661 2.158173 1.665665 -1.955920 -2.878297 4.727794 -4.170584 4.993919 11.020511 0.000001 -0.000000 12.109032 -3.735715 -2.866778 0.000000 -0.000000 0.000000 1.291985 -1.928548 -1.498088 14.800115 0.567467 3.865604 14.242553 -1.341738 -6.660648 19.631935 0.143921 -0.648243 49.267178 -0.433283 -5.574096 0.353029 -1.511150 -0.031940 20.222769 3.684305 2.316629 18.787249 0.000001 -0.000001 10.751608 -0.479870 1.397903 0.000000 -0.000000 0.000000 3.273804 0.305947 -0.580110 21.486790 11.830364 2.266131 8.162915 0.000000 -0.000000 18.399052 -3.798986 -4.940567 0.000003 0.000000 -0.000001 8.518800 9.612623 -11.798208 0.013877 -0.343014 22.059793 5.871792 15.307774 -0.896695 1.805442 -2.152918 -3.715566 0.000000 -0.000000 0.000002 2.508510 -16.142485 -18.730503 0.185196 -0.011958 9.168435 3.015190 -4.121007 4.728503 -1.404348 0.749142 -3.482935 0.000000 -0.000000 -0.000001
0.000000 0.000000 0.000000 0.000000 -0.000000 0.000000 -0.223142 0.589984 0.797868 -1.960384 -1.736996 4.617846 -3.992536 -2.306676 -3.622588 -1.593727 -4.646840 -6.327583 -2.096547 -9.551126 7.264999 12.389273 -8.051771 26.029785 -3.473408 -9.766738 -3.260208 3.308388 -14.882496 15.488561 0.000077 -0.000022 0.000006 -0.002797 -0.036973 -0.197022 0.858196 -3.863432 -10.571079 -0.865483 3.787631 -10.583137 -11.979480 -15.361836 15.665914 -65.348228 -36.370804 33.969494 -179.116455 -80.993263 178.249161 1.762456 14.849362 -58.875526 -5.882102 9.861279 0.702590 -10.936861 -0.360574 7.156197 0.000000 8.774815 -0.000000 -15.100569 17.971857 6.368967 -1.844031 2.498503 -2.507276 -10.163590 4.678941 4.621104 -20.975996 -0.000001 0.000001 -21.226254 2.451698 -3.593995 0.000000 -0.000006 -0.000000 -1.362681 2.240797 -0.746323 -21.334892 0.584910 3.008319 -13.821196 -0.000001 0.000001 -23.887129 -0.249075 -0.839485 -58.778728 2.566814 -1.329548 -0.294025 1.679686 0.833255 -14.218195 0.093215 1.300579 -34.212002 -0.287561 0.967166 -20.033176 0.964536 1.212838 0.000000 -0.000000 0.000000 -3.440387 0.788233 0.501655 -15.928172 -3.167306 2.999703 -6.338817 -0.000000 0.000001 -18.123419 3.648181 -4.905662 -0.000004 0.000000 -0.000002 20.067675 -2.903856 12.298938 54.073467 15.314765 11.570073 -179.116425 58.667973 179.696335 -27.598408 -10.736858 -20.817408 2.243540 -5.255033 -3.180156 14.282877 -0.826594 6.952496 -0.000000 -12.690593 -0.000001 16.408884 -17.640627 1.955076 1.665665 -1.955920 -2.878297 4.727794 -4.170584 4.993919 11.020511 0.000001 -0.000000 12.109032 -3.735715 -2.866778 0.000000 -0.000000 0.000000 1.291985 -1.928548 -1.498088 14.800115 0.567467 3.865604 14.242553 -1.341738 -6.660648 19.631935 0.143921 -0.648243 49.649525 -0.411563 -5.667670 0.353029 -1.511150 -0.031940 20.222769 3.684305 2.316629 18.787249 0.000001 -0.000001 10.751608 -0.479870 1.397903 0.000000 -0.000000 0.000000 3.273804 0.305947 -0.580110 21.486790 11.830364 2.266131 8.162915 0.000000 -0.000000 18.399052 -3.798986 -4.940567 0.000003 0.000000 -0.000001 8.518800 9.612623 -11.798208 0.013877 -0.343014 22.059793 5.871792 15.307774 -0.896695 1.805442 -2.152918 -3.715566 0.000000 -0.000000 0.000002 2.508510 -16.142485 -18.730503 0.185196 -0.011958 9.168435 3.015190 -4.121007 4.728503 -1.404348 0.749142 -3.482935 0.000000 -0.000000 -0.000001
0.000000 0.000000 0.000000 0.000000 -0.000000 0.000000 -0.223142 0.601052 0.797868 -1.960384 -1.736996 4.617846 -3.540480 -2.050857 -3.999254 -1.493256 -3.881519 -6.373369 -1.738367 -8.710883 7.299387 10.869206 -6.699348 26.142479 -3.100212 -8.856645 -3.195744 2.999197 -13.873154 15.904067 0.000077 -0.000022 0.000006 -0.019212 -0.011318 -0.179940 0.844321 -3.828757 -10.490251 -0.885917 3.804298 -10.524932 -12.645807 -13.489567 15.137849 -64.078400 -35.331753 32.402412 -179.968796 -80.176315 179.183273 1.514874 14.884967 -58.880863 -5.882102 9.861279 0.702590 -10.936861 -0.360574 7.156197 0.000000 8.774815 -0.000000 -15.124097 17.991348 6.311945 -1.844031 2.498503 -2.507276 -10.163590 4.678941 4.621104 -20.975996 -0.000001 0.000001 -21.226254 2.451698 -3.593995 0.000000 -0.000006 -0.000000 -1.362681 2.240797 -0.746323 -21.334892 0.584910 3.008319 -13.821196 -0.000001 0.000001 -23.887129 -0.249075 -0.839485 -58.744900 2.481558 -1.479555 -0.294025 1.679686 0.833255 -14.218195 0.093215 1.300579 -34.212002 -0.287561 0.967166 -20.033176 0.964536 1.212838 0.000000 -0.000000 0.000000 -3.440387 0.788233 0.501655 -15.928172 -3.167306 2.999703 -6.338817 -0.000000 0.000001 -18.123419 3.648181 -4.905662 -0.000004 0.000000 -0.000002 19.163879 -0.530743 12.677325 55.107544 16.422844 12.861079 -179.292435 60.103157 179.679092 -27.899466 -10.514468 -21.413986 2.243540 -5.255033 -3.180156 14.282877 -0.826594 6.952496 -0.000000 -12.690593 -0.000001 16.366873 -17.618225 1.979562 1.665665 -1.955920 -2.878297 4.727794 -4.170584 4.993919 11.020511 0.000001 -0.000000 12.109032 -3.735715 -2.866778 0.000000 -0.000000 0.000000 1.291985 -1.928548 -1.498088 14.800115 0.567467 3.865604 14.242553 -1.341738 -6.660648 19.631935 0.143921 -0.648243 49.797108 -0.446057 -5.765709 0.353029 -1.511150 -0.031940 20.222769 3.684305 2.316629 18.787249 0.000001 -0.000001 10.751608 -0.479870 1.397903 0.000000 -0.000000 0.000000 3.273804 0.305947 -0.580110 21.486790 11.830364 2.266131 8.162915 0.000000 -0.000000 18.399052 -3.798986 -4.940567 0.000003 0.000000 -0.000001 8.518800 9.612623 -11.798208 0.013877 -0.343014 22.059793 5.871792 15.307774 -0.896695 1.805442 -2.152918 -3.715566 0.000000 -0.000000 0.000002 2.508510 -16.142485 -18.730503 0.185196 -0.011958 9.168435 3.015190 -4.121007 4.728503 -1.404348 0.749142 -3.482935 0.000000 -0.000000 -0.000001
0.000000 0.000000 0.000000 0.000000 -0.000000 0.000000 -0.223142 0.613686 0.797868 -1.960384 -1.736996 4.617846 -3.227090 -1.897791 -4.274477 -1.437856 -3.385363 -6.436356 -1.495099 -8.141839 7.346937 9.790564 -5.786455 26.229984 -2.785370 -8.271817 -3.156455 2.797577 -12.993598 16.163860 0.000077 -0.000022 0.000006 -0.030426 0.004437 -0.168326 0.835103 -3.802725 -10.446757 -0.900117 3.810037 -10.491094 -13.070442 -12.105342 14.868540 -63.050377 -34.761074 31.277567 179.103577 -79.706558 -179.891403 1.522910 14.872851 -59.334244 -5.882102 9.861279 0.702590 -10.936861 -0.360574 7.156197 0.000000 8.774815 -0.000000 -15.200059 17.959234 6.282967 -1.844031 2.498503 -2.507276 -10.163590 4.678941 4.621104 -20.975996 -0.000001 0.000001 -21.226254 2.451698 -3.593995 0.000000 -0.000006 -0.000000 -1.362681 2.240797 -0.746323 -21.334892 0.584910 3.008319 -13.821196 -0.000001 0.000001 -23.887129 -0.249075 -0.839485 -58.776505 2.437207 -1.562906 -0.294025 1.679686 0.833255 -14.218195 0.093215 1.300579 -34.212002 -0.287561 0.967166 -20.033176 0.964536 1.212838 0.000000 -0.000000 0.000000 -3.440387 0.788233 0.501655 -15.928172 -3.167306 2.999703 -6.338817 -0.000000 0.000001 -18.123419 3.648181 -4.905662 -0.000004 0.000000 -0.000002 18.642752 1.076539 13.000753 55.817673 17.349119 13.917607 -179.503891 61.169285 179.567108 -27.928169 -10.578632 -21.677605 2.243540 -5.255033 -3.180156 14.282877 -0.826594 6.952496 -0.000000 -12.690593 -0.000001 16.283531 -17.510838 2.041710 1.665665 -1.955920 -2.878297 4.727794 -4.170584 4.993919 11.020511 0.000001 -0.000000 12.109032 -3.735715 -2.866778 0.000000 -0.000000 0.000000 1.291985 -1.928548 -1.498088 14.800115 0.567467 3.865604 14.242553 -1.341738 -6.660648 19.631935 0.143921 -0.648243 49.787174 -0.467844 -5.798846 0.353029 -1.511150 -0.031940 20.222769 3.684305 2.316629 18.787249 0.000001 -0.000001 10.751608 -0.479870 1.397903 0.000000 -0.000000 0.000000 3.273804 0.305947 -0.580110 21.486790 11.830364 2.266131 8.162915 0.000000 -0.000000 18.399052 -3.798986 -4.940567 0.000003 0.000000 -0.000001 8.518800 9.612623 -11.798208 0.013877 -0.343014 22.059793 5.871792 15.307774 -0.896695 1.805442 -2.152918 -3.715566 0.000000 -0.000000 0.000002 2.508510 -16.142485 -18.730503 0.185196 -0.011958 9.168435 3.015190 -4.121007 4.728503 -1.404348 0.749142 -3.482935 0.000000 -0.000000 -0.000001
0.000000 0.000000 0.000000 0.000000 0.000000 0.000000 -0.223142 0.623147 0.797868 -1.960384 -1.736996 4.617846 -2.996806 -1.833910 -4.462010 -1.392124 -3.119045 -6.504857 -1.339018 -7.824692 7.451127 9.177077 -5.401541 26.252879 -2.571131 -7.767095 -3.160975 2.639075 -12.230706 16.118835 0.000077 -0.000022 0.000006 -0.044198 0.024296 -0.167225 0.818597 -3.774101 -10.446597 -0.912022 3.822776 -10.492476 -13.300993 -11.025145 14.745153 -62.401065 -34.399619 30.498465 178.926946 -79.314714 -179.676847 1.838959 14.651021 -59.885124 -5.882102 9.861279 0.702590 -10.936861 -0.360574 7.156197 0.000000 8.774815 0.000000 -15.260172 17.848930 6.260528 -1.844031 2.498503 -2.507276 -10.163590 4.678941 4.621104 -20.975996 -0.000001 0.000001 -21.226254 2.451698 -3.593995 0.000000 -0.000006 0.000000 -1.362681 2.240797 -0.746323 -21.334892 0.584910 3.008319 -13.821196 -0.000001 0.000001 -23.887129 -0.249075 -0.839485 -58.790264 2.395805 -1.592706 -0.294025 1.679686 0.833255 -14.218195 0.093215 1.300579 -34.212002 -0.287561 0.967166 -20.033176 0.964536 1.212838 0.000000 0.000000 0.000000 -3.440387 0.788233 0.501655 -15.928172 -3.167306 2.999703 -6.338817 0.000000 0.000001 -18.123419 3.648181 -4.905662 -0.000004 0.000000 -0.000002 18.457967 1.883803 13.220758 56.138245 18.001434 14.960378 -179.494141 61.628165 179.622787 -27.814180 -10.839337 -21.708203 2.243540 -5.255033 -3.180156 14.282877 -0.826594 6.952496 0.000000 -12.690593 -0.000001 16.215782 -17.310964 2.115370 1.665665 -1.955920 -2.878297 4.727794 -4.170584 4.993919 11.020511 0.000001 -0.000000 12.109032 -3.735715 -2.866778 0.000000 0.000000 0.000000 1.291985 -1.928548 -1.498088 14.800115 0.567467 3.865604 14.242553 -1.341738 -6.660648 19.631935 0.143921 -0.648243 49.646487 -0.503782 -5.745712 0.353029 -1.511150 -0.031940 20.222769 3.684305 2.316629 18.787249 0.000001 -0.000001 10.751608 -0.479870 1.397903 0.000000 0.000000 0.000000 3.273804 0.305947 -0.580110 21.486790 11.830364 2.266131 8.162915 0.000000 0.000000 18.399052 -3.798986 -4.940567 0.000003 0.000000 -0.000001 8.518800 9.612623 -11.798208 0.013877 -0.343014 22.059793 5.871792 15.307774 -0.896695 1.805442 -2.152918 -3.715566 0.000000 0.000000 0.000002 2.508510 -16.142485 -18.730503 0.185196 -0.011958 9.168435 3.015190 -4.121007 4.728503 -1.404348 0.749142 -3.482935 0.000000 0.000000 -0.000001
0.000000 0.000000 0.000000 0.000000 0.000000 0.000000 -0.223142 0.619843 0.797868 -1.960384 -1.736996 4.617846 -2.951420 -1.873251 -4.466218 -1.375132 -3.178688 -6.532475 -1.342236 -7.910747 7.533600 9.305888 -5.635870 26.188848 -2.539619 -7.629935 -3.189083 2.568099 -12.006656 15.806793 0.000077 -0.000022 0.000006 -0.048393 0.031665 -0.168164 0.808042 -3.763118 -10.466249 -0.909910 3.828383 -10.506700 -13.241604 -10.840292 14.843625 -62.294805 -34.380911 30.450229 178.590603 -79.178114 -179.305075 2.215050 14.325250 -60.096334 -5.882102 9.861279 0.702590 -10.936861 -0.360574 7.156197 0.000000 8.774815 0.000000 -15.236006 17.801558 6.275556 -1.844031 2.498503 -2.507276 -10.163590 4.678941 4.621104 -20.975996 -0.000001 0.000001 -21.226254 2.451698 -3.593995 0.000000 -0.000006 0.000000 -1.362681 2.240797 -0.746323 -21.334892 0.584910 3.008319 -13.821196 -0.000001 0.000001 -23.887129 -0.249075 -0.839485 -58.794256 2.390381 -1.589423 -0.294025 1.679686 0.833255 -14.218195 0.093215 1.300579 -34.212002 -0.287561 0.967166 -20.033176 0.964536 1.212838 0.000000 0.000000 0.000000 -3.440387 0.788233 0.501655 -15.928172 -3.167306 2.999703 -6.338817 0.000000 0.000001 -18.123419 3.648181 -4.905662 -0.000004 0.000000 -0.000002 18.602463 1.654383 13.251152 55.946831 18.155187 15.398929 -179.402736 61.489178 179.712837 -27.732563 -11.023727 -21.797810 2.243540 -5.255033 -3.180156 14.282877 -0.826594 6.952496 0.000000 -12.690593 -0.000001 16.186686 -17.194635 2.148452 1.665665 -1.955920 -2.878297 4.727794 -4.170584 4.993919 11.020511 0.000001 -0.000000 12.109032 -3.735715 -2.866778 0.000000 0.000000 0.000000 1.291985 -1.928548 -1.498088 14.800115 0.567467 3.865604 14.242553 -1.341738 -6.660648 19.631935 0.143921 -0.648243 49.536177 -0.503256 -5.685844 0.353029 -1.511150 -0.031940 20.222769 3.684305 2.316629 18.787249 0.000001 -0.000001 10.751608 -0.479870 1.397903 0.000000 0.000000 0.000000 3.273804 0.305947 -0.580110 21.486790 11.830364 2.266131 8.162915 0.000000 0.000000 18.399052 -3.798986 -4.940567 0.000003 0.000000 -0.000001 8.518800 9.612623 -11.798208 0.013877 -0.343014 22.059793 5.871792 15.307774 -0.896695 1.805442 -2.152918 -3.715566 0.000000 0.000000 0.000002 2.508510 -16.142485 -18.730503 0.185196 -0.011958 9.168435 3.015190 -4.121007 4.728503 -1.404348 0.749142 -3.482935 0.000000 0.000000 -0.000001
0.000000 0.000000 0.000000 0.000000 0.000000 0.000000 -0.223142 0.597897 0.797868 -1.960384 -1.736996 4.617846 -3.074076 -1.993199 -4.308171 -1.389509 -3.488352 -6.520556 -1.483041 -8.318108 7.583625 10.043623 -6.325614 26.056529 -2.641043 -7.889139 -3.222767 2.591555 -12.231200 15.343320 0.000077 -0.000022 0.000006 -0.049169 0.033865 -0.167032 0.801303 -3.764195 -10.497234 -0.904180 3.835351 -10.529099 -12.932484 -11.488242 15.148805 -62.537344 -34.691859 30.935156 178.187484 -79.361060 -178.841697 2.581244 13.898022 -60.242457 -5.882102 9.861279 0.702590 -10.936861 -0.360574 7.156197 0.000000 8.774815 0.000000 -15.165619 17.777983 6.295664 -1.844031 2.498503 -2.507276 -10.163590 4.678941 4.621104 -20.975996 -0.000001 0.000001 -21.226254 2.451698 -3.593995 0.000000 -0.000006 0.000000 -1.362681 2.240797 -0.746323 -21.334892 0.584910 3.008319 -13.821196 -0.000001 0.000001 -23.887129 -0.249075 -0.839485 -58.756092 2.415887 -1.556387 -0.294025 1.679686 0.833255 -14.218195 0.093215 1.300579 -34.212002 -0.287561 0.967166 -20.033176 0.964536 1.212838 0.000000 0.000000 0.000000 -3.440387 0.788233 0.501655 -15.928172 -3.167306 2.999703 -6.338817 0.000000 0.000001 -18.123419 3.648181 -4.905662 -0.000004 0.000000 -0.000002 18.977306 0.629651 13.133720 55.303929 17.916361 15.227661 -179.366566 60.990985 179.775683 -27.767541 -11.211025 -22.060031 2.243540 -5.255033 -3.180156 14.282877 -0.826594 6.952496 0.000000 -12.690593 -0.000001 16.162425 -17.176521 2.144959 1.665665 -1.955920 -2.878297 4.727794 -4.170584 4.993919 11.020511 0.000001 -0.000000 12.109032 -3.735715 -2.866778 0.000000 0.000000 0.000000 1.291985 -1.928548 -1.498088 14.800115 0.567467 3.865604 14.242553 -1.341738 -6.660648 19.631935 0.143921 -0.648243 49.472190 -0.467457 -5.652352 0.353029 -1.511150 -0.031940 20.222769 3.684305 2.316629 18.787249 0.000001 -0.000001 10.751608 -0.479870 1.397903 0.000000 0.000000 0.000000 3.273804 0.305947 -0.580110 21.486790 11.830364 2.266131 8.162915 0.000000 0.000000 18.399052 -3.798986 -4.940567 0.000003 0.000000 -0.000001 8.518800 9.612623 -11.798208 0.013877 -0.343014 22.059793 5.871792 15.307774 -0.896695 1.805442 -2.152918 -3.715566 0.000000 0.000000 0.000002 2.508510 -16.142485 -18.730503 0.185196 -0.011958 9.168435 3.015190 -4.121007 4.728503 -1.404348 0.749142 -3.482935 0.000000 0.000000 -0.000001
0.000000 0.000000 0.000000 0.000000 0.000000 0.000000 -0.223142 0.572124 0.797868 -1.960384 -1.736996 4.617846 -3.372197 -2.167221 -4.035860 -1.444236 -4.026367 -6.473802 -1.740480 -8.982556 7.584918 11.273420 -7.431737 25.896295 -2.825575 -8.416510 -3.249221 2.726935 -12.863954 14.859482 0.000077 -0.000022 0.000006 -0.048460 0.033497 -0.164639 0.798107 -3.771521 -10.535383 -0.898396 3.842304 -10.553686 -12.410755 -12.914793 15.647003 -63.018186 -35.360428 31.839807 177.435220 -79.963111 -178.061355 2.829889 13.438017 -60.547267 -5.882102 9.861279 0.702590 -10.936861 -0.360574 7.156197 0.000000 8.774815 0.000000 -15.094819 17.792248 6.309601 -1.844031 2.498503 -2.507276 -10.163590 4.678941 4.621104 -20.975996 -0.000001 0.000001 -21.226254 2.451698 -3.593995 0.000000 -0.000006 0.000000 -1.362681 2.240797 -0.746323 -21.334892 0.584910 3.008319 -13.821196 -0.000001 0.000001 -23.887129 -0.249075 -0.839485 -58.665090 2.477323 -1.503215 -0.294025 1.679686 0.833255 -14.218195 0.093215 1.300579 -34.212002 -0.287561 0.967166 -20.033176 0.964536 1.212838 0.000000 0.000000 0.000000 -3.440387 0.788233 0.501655 -15.928172 -3.167306 2.999703 -6.338817 0.000000 0.000001 -18.123419 3.648181 -4.905662 -0.000004 0.000000 -0.000002 19.584115 -1.082194 12.907179 54.230686 17.380005 14.464407 -179.426132 60.276682 179.764132 -27.931147 -11.419059 -22.478994 2.243540 -5.255033 -3.180156 14.282877 -0.826594 6.952496 0.000000 -12.690593 -0.000001 16.149537 -17.249641 2.111265 1.665665 -1.955920 -2.878297 4.727794 -4.170584 4.993919 11.020511 0.000001 -0.000000 12.109032 -3.735715 -2.866778 0.000000 0.000000 0.000000 1.291985 -1.928548 -1.498088 14.800115 0.567467 3.865604 14.242553 -1.341738 -6.660648 19.631935 0.143921 -0.648243 49.411706 -0.426194 -5.641947 0.353029 -1.511150 -0.031940 20.222769 3.684305 2.316629 18.787249 0.000001 -0.000001 10.751608 -0.479870 1.397903 0.000000 0.000000 0.000000 3.273804 0.305947 -0.580110 21.486790 11.830364 2.266131 8.162915 0.000000 0.000000 18.399052 -3.798986 -4.940567 0.000003 0.000000 -0.000001 8.518800 9.612623 -11.798208 0.013877 -0.343014 22.059793 5.871792 15.307774 -0.896695 1.805442 -2.152918 -3.715566 0.000000 0.000000 0.000002 2.508510 -16.142485 -18.730503 0.185196 -0.011958 9.168435 3.015190 -4.121007 4.728503 -1.404348 0.749142 -3.482935 0.000000 0.000000 -0.000001
0.000000 0.000000 0.000000 0.000000 0.000000 0.000000 -0.223142 0.532168 0.797868 -1.960384 -1.736996 4.617846 -3.851396 -2.377868 -3.696023 -1.558738 -4.809534 -6.406189 -2.124045 -9.868503 7.530569 12.978831 -8.952791 25.632919 -3.045616 -9.175005 -3.288669 2.924329 -13.902872 14.491190 0.000077 -0.000022 0.000006 -0.039528 0.020900 -0.163072 0.805962 -3.794759 -10.579596 -0.886718 3.839519 -10.587046 -11.644001 -15.151177 16.281272 -63.750483 -36.398590 33.149192 176.173506 -81.011789 -176.862931 2.936933 13.256114 -61.066040 -5.882102 9.861279 0.702590 -10.936861 -0.360574 7.156197 0.000000 8.774815 0.000000 -15.206922 17.828691 6.285278 -1.844031 2.498503 -2.507276 -10.163590 4.678941 4.621104 -20.975996 -0.000001 0.000001 -21.226254 2.451698 -3.593995 0.000000 -0.000006 0.000000 -1.362681 2.240797 -0.746323 -21.334892 0.584910 3.008319 -13.821196 -0.000001 0.000001 -23.887129 -0.249075 -0.839485 -58.564482 2.553507 -1.361296 -0.294025 1.679686 0.833255 -14.218195 0.093215 1.300579 -34.212002 -0.287561 0.967166 -20.033176 0.964536 1.212838 0.000000 0.000000 0.000000 -3.440387 0.788233 0.501655 -15.928172 -3.167306 2.999703 -6.338817 0.000000 0.000001 -18.123419 3.648181 -4.905662 -0.000004 0.000000 -0.000002 20.433068 -3.514952 12.482201 52.782238 16.530382 13.249159 -179.599180 59.401586 179.568076 -28.289097 -11.608354 -22.947297 2.243540 -5.255033 -3.180156 14.282877 -0.826594 6.952496 0.000000 -12.690593 -0.000001 16.153179 -17.444692 2.052674 1.665665 -1.955920 -2.878297 4.727794 -4.170584 4.993919 11.020511 0.000001 -0.000000 12.109032 -3.735715 -2.866778 0.000000 0.000000 0.000000 1.291985 -1.928548 -1.498088 14.800115 0.567467 3.865604 14.242553 -1.341738 -6.660648 19.631935 0.143921 -0.648243 49.363310 -0.370966 -5.700716 0.353029 -1.511150 -0.031940 20.222769 3.684305 2.316629 18.787249 0.000001 -0.000001 10.751608 -0.479870 1.397903 0.000000 0.000000 0.000000 3.273804 0.305947 -0.580110 21.486790 11.830364 2.266131 8.162915 0.000000 0.000000 18.399052 -3.798986 -4.940567 0.000003 0.000000 -0.000001 8.518800 9.612623 -11.798208 0.013877 -0.343014 22.059793 5.871792 15.307774 -0.896695 1.805442 -2.152918 -3.715566 0.000000 0.000000 0.000002 2.508510 -16.142485 -18.730503 0.185196 -0.011958 9.168435 3.015190 -4.121007 4.728503 -1.404348 0.749142 -3.482935 0.000000 0.000000 -0.000001
