HIERARCHY
ROOT Root
{
  OFFSET 0.000000 0.000000 0.000000
  CHANNELS 6 Xposition Yposition Zposition Zrotation Yrotation Xrotation
  JOINT Hips
  {
    OFFSET 0.000000 100.000000 0.000000
    CHANNELS 6 Xposition Yposition Zposition Zrotation Yrotation Xrotation
    JOINT Spine1
    {
      OFFSET -0.013727 5.003763 -0.053727
      CHANNELS 3 Zrotation Yrotation Xrotation
      JOINT Spine2
      {
        OFFSET -0.000000 7.125301 -0.029825
        CHANNELS 3 Zrotation Yrotation Xrotation
        JOINT Chest
        {
          OFFSET -0.000001 7.550063 -0.815971
          CHANNELS 3 Zrotation Yrotation Xrotation
          JOINT Neck1
          {
            OFFSET -0.181677 26.311295 -0.553348
            CHANNELS 3 Zrotation Yrotation Xrotation
            JOINT Neck2
            {
              OFFSET -0.000003 7.709397 2.302585
              CHANNELS 3 Zrotation Yrotation Xrotation
              JOINT Head
              {
                OFFSET -0.000005 6.128916 1.953709
                CHANNELS 3 Zrotation Yrotation Xrotation
                JOINT HeadEnd
                {
                  OFFSET 0.003598 16.065403 -1.835379
                  CHANNELS 3 Zrotation Yrotation Xrotation
                }
                JOINT Jaw
                {
                  OFFSET 0.002637 0.475592 3.094941
                  CHANNELS 3 Zrotation Yrotation Xrotation
                }
                JOINT LeftEye
                {
                  OFFSET 3.206381 5.380205 7.586883
                  CHANNELS 3 Zrotation Yrotation Xrotation
                }
                JOINT RightEye
                {
                  OFFSET -3.222440 5.361869 7.558234
                  CHANNELS 3 Zrotation Yrotation Xrotation
                }
              }
            }
          }
          JOINT LeftShoulder
          {
            OFFSET 1.621652 23.237164 5.113413
            CHANNELS 3 Zrotation Yrotation Xrotation
            JOINT LeftArm
            {
              OFFSET 14.919846 0.000002 -5.502326
              CHANNELS 3 Zrotation Yrotation Xrotation
              JOINT LeftForeArm
              {
                OFFSET 28.739307 0.000000 -0.002588
                CHANNELS 3 Zrotation Yrotation Xrotation
                JOINT LeftHand
                {
                  OFFSET 27.093981 -0.000001 0.002609
                  CHANNELS 3 Zrotation Yrotation Xrotation
                  JOINT LeftHandThumb1
                  {
                    OFFSET 2.276482 -1.392045 3.191413
                    CHANNELS 3 Zrotation Yrotation Xrotation
                    JOINT LeftHandThumb2
                    {
                      OFFSET 4.012836 -1.828127 1.641654
                      CHANNELS 3 Zrotation Yrotation Xrotation
                      JOINT LeftHandThumb3
                      {
                        OFFSET 2.798515 0.000000 -0.000003
                        CHANNELS 3 Zrotation Yrotation Xrotation
                        JOINT LeftHandThumbEnd
                        {
                          OFFSET 3.180793 -0.000004 0.000004
                          CHANNELS 3 Zrotation Yrotation Xrotation
                        }
                      }
                    }
                  }
                  JOINT LeftHandIndex1
                  {
                    OFFSET 3.247555 -0.531998 2.296169
                    CHANNELS 3 Zrotation Yrotation Xrotation
                    JOINT LeftHandIndex2
                    {
                      OFFSET 6.364578 0.012060 0.178600
                      CHANNELS 3 Zrotation Yrotation Xrotation
                      JOINT LeftHandIndex3
                      {
                        OFFSET 3.662364 0.000000 0.000000
                        CHANNELS 3 Zrotation Yrotation Xrotation
                        JOINT LeftHandIndex4
                        {
                          OFFSET 2.329242 0.000004 0.000004
                          CHANNELS 3 Zrotation Yrotation Xrotation
                          JOINT LeftHandIndexEnd
                          {
                            OFFSET 2.759615 -0.180537 -0.113024
                            CHANNELS 3 Zrotation Yrotation Xrotation
                          }
                        }
                      }
                    }
                  }
                  JOINT LeftHandMiddle1
                  {
                    OFFSET 3.163495 0.240981 1.000332
                    CHANNELS 3 Zrotation Yrotation Xrotation
                    JOINT LeftHandMiddle2
                    {
                      OFFSET 6.190780 -0.259278 -1.002548
                      CHANNELS 3 Zrotation Yrotation Xrotation
                      JOINT LeftHandMiddle3
                      {
                        OFFSET 4.356520 -0.000004 -0.000001
                        CHANNELS 3 Zrotation Yrotation Xrotation
                        JOINT LeftHandMiddle4
                        {
                          OFFSET 2.996877 -0.000008 0.000000
                          CHANNELS 3 Zrotation Yrotation Xrotation
                          JOINT LeftHandMiddleEnd
                          {
                            OFFSET 2.304287 -0.294569 -0.031741
                            CHANNELS 3 Zrotation Yrotation Xrotation
                          }
                        }
                      }
                    }
                  }
                  JOINT LeftHandRing1
                  {
                    OFFSET 2.882643 -0.053652 -0.322543
                    CHANNELS 3 Zrotation Yrotation Xrotation
                    JOINT LeftHandRing2
                    {
                      OFFSET 5.854541 -0.486202 -1.373841
                      CHANNELS 3 Zrotation Yrotation Xrotation
                      JOINT LeftHandRing3
                      {
                        OFFSET 4.350578 0.000000 0.000003
                        CHANNELS 3 Zrotation Yrotation Xrotation
                        JOINT LeftHandRing4
                        {
                          OFFSET 2.651321 0.000007 0.000002
                          CHANNELS 3 Zrotation Yrotation Xrotation
                          JOINT LeftHandRingEnd
                          {
                            OFFSET 1.936105 0.077687 -0.000071
                            CHANNELS 3 Zrotation Yrotation Xrotation
                          }
                        }
                      }
                    }
                  }
                  JOINT LeftHandPinky1
                  {
                    OFFSET 2.865500 -0.310005 -1.600378
                    CHANNELS 3 Zrotation Yrotation Xrotation
                    JOINT LeftHandPinky2
                    {
                      OFFSET 5.087849 -1.331141 -1.771230
                      CHANNELS 3 Zrotation Yrotation Xrotation
                      JOINT LeftHandPinky3
                      {
                        OFFSET 3.070974 0.000004 0.000000
                        CHANNELS 3 Zrotation Yrotation Xrotation
                        JOINT LeftHandPinky4
                        {
                          OFFSET 1.549672 0.000000 0.000001
                          CHANNELS 3 Zrotation Yrotation Xrotation
                          JOINT LeftHandPinkyEnd
                          {
                            OFFSET 1.944893 -0.157802 0.057219
                            CHANNELS 3 Zrotation Yrotation Xrotation
                          }
                        }
                      }
                    }
                  }
                }
              }
            }
          }
          JOINT RightShoulder
          {
            OFFSET -1.380118 23.180309 5.214158
            CHANNELS 3 Zrotation Yrotation Xrotation
            JOINT RightArm
            {
              OFFSET -15.037196 0.000012 -5.545604
              CHANNELS 3 Zrotation Yrotation Xrotation
              JOINT RightForeArm
              {
                OFFSET -28.736639 0.000002 -0.002597
                CHANNELS 3 Zrotation Yrotation Xrotation
                JOINT RightHand
                {
                  OFFSET -27.133619 -0.000000 0.002613
                  CHANNELS 3 Zrotation Yrotation Xrotation
                  JOINT RightHandThumb1
                  {
                    OFFSET -2.274032 -1.383988 3.163127
                    CHANNELS 3 Zrotation Yrotation Xrotation
                    JOINT RightHandThumb2
                    {
                      OFFSET -4.011429 -1.827466 1.640914
                      CHANNELS 3 Zrotation Yrotation Xrotation
                      JOINT RightHandThumb3
                      {
                        OFFSET -2.794935 -0.000004 -0.000003
                        CHANNELS 3 Zrotation Yrotation Xrotation
                        JOINT RightHandThumbEnd
                        {
                          OFFSET -3.183852 0.000004 0.000001
                          CHANNELS 3 Zrotation Yrotation Xrotation
                        }
                      }
                    }
                  }
                  JOINT RightHandIndex1
                  {
                    OFFSET -3.253266 -0.520057 2.282866
                    CHANNELS 3 Zrotation Yrotation Xrotation
                    JOINT RightHandIndex2
                    {
                      OFFSET -6.341917 0.012471 0.178266
                      CHANNELS 3 Zrotation Yrotation Xrotation
                      JOINT RightHandIndex3
                      {
                        OFFSET -3.654871 -0.000008 -0.000000
                        CHANNELS 3 Zrotation Yrotation Xrotation
                        JOINT RightHandIndex4
                        {
                          OFFSET -2.327586 0.000000 0.000001
                          CHANNELS 3 Zrotation Yrotation Xrotation
                          JOINT RightHandIndexEnd
                          {
                            OFFSET -2.761790 -0.180656 -0.113078
                            CHANNELS 3 Zrotation Yrotation Xrotation
                          }
                        }
                      }
                    }
                  }
                  JOINT RightHandMiddle1
                  {
                    OFFSET -3.168106 0.246593 1.001030
                    CHANNELS 3 Zrotation Yrotation Xrotation
                    JOINT RightHandMiddle2
                    {
                      OFFSET -6.180828 -0.258836 -1.000895
                      CHANNELS 3 Zrotation Yrotation Xrotation
                      JOINT RightHandMiddle3
                      {
                        OFFSET -4.348901 0.000000 -0.000000
                        CHANNELS 3 Zrotation Yrotation Xrotation
                        JOINT RightHandMiddle4
                        {
                          OFFSET -3.000240 -0.000004 -0.000002
                          CHANNELS 3 Zrotation Yrotation Xrotation
                          JOINT RightHandMiddleEnd
                          {
                            OFFSET -2.302520 -0.294370 -0.031706
                            CHANNELS 3 Zrotation Yrotation Xrotation
                          }
                        }
                      }
                    }
                  }
                  JOINT RightHandRing1
                  {
                    OFFSET -2.885690 -0.067952 -0.308858
                    CHANNELS 3 Zrotation Yrotation Xrotation
                    JOINT RightHandRing2
                    {
                      OFFSET -5.854198 -0.486130 -1.373731
                      CHANNELS 3 Zrotation Yrotation Xrotation
                      JOINT RightHandRing3
                      {
                        OFFSET -4.338810 -0.000004 -0.000000
                        CHANNELS 3 Zrotation Yrotation Xrotation
                        JOINT RightHandRing4
                        {
                          OFFSET -2.654903 -0.000004 0.000004
                          CHANNELS 3 Zrotation Yrotation Xrotation
                          JOINT RightHandRingEnd
                          {
                            OFFSET -1.933568 0.077527 -0.000052
                            CHANNELS 3 Zrotation Yrotation Xrotation
                          }
                        }
                      }
                    }
                  }
                  JOINT RightHandPinky1
                  {
                    OFFSET -2.866425 -0.342796 -1.584145
                    CHANNELS 3 Zrotation Yrotation Xrotation
                    JOINT RightHandPinky2
                    {
                      OFFSET -5.091371 -1.332055 -1.772385
                      CHANNELS 3 Zrotation Yrotation Xrotation
                      JOINT RightHandPinky3
                      {
                        OFFSET -3.062664 -0.000004 0.000001
                        CHANNELS 3 Zrotation Yrotation Xrotation
                        JOINT RightHandPinky4
                        {
                          OFFSET -1.546529 0.000004 -0.000002
                          CHANNELS 3 Zrotation Yrotation Xrotation
                          JOINT RightHandPinkyEnd
                          {
                            OFFSET -1.945119 -0.157718 0.057211
                            CHANNELS 3 Zrotation Yrotation Xrotation
                          }
                        }
                      }
                    }
                  }
                }
              }
            }
          }
        }
      }
    }
    JOINT LeftLeg
    {
      OFFSET 10.043214 -8.434526 2.595655
      CHANNELS 3 Zrotation Yrotation Xrotation
      JOINT LeftShin
      {
        OFFSET -0.000001 -43.221752 -0.802913
        CHANNELS 3 Zrotation Yrotation Xrotation
        JOINT LeftFoot
        {
          OFFSET 0.000001 -42.155094 -3.481523
          CHANNELS 3 Zrotation Yrotation Xrotation
          JOINT LeftToeBase
          {
            OFFSET 0.000000 -5.059472 13.231529
            CHANNELS 3 Zrotation Yrotation Xrotation
            JOINT LeftToeEnd
            {
              OFFSET -0.009607 -1.647619 6.513017
              CHANNELS 3 Zrotation Yrotation Xrotation
            }
          }
        }
      }
    }
    JOINT RightLeg
    {
      OFFSET -10.047278 -8.295260 2.620317
      CHANNELS 3 Zrotation Yrotation Xrotation
      JOINT RightShin
      {
        OFFSET 0.000001 -43.362206 -0.805556
        CHANNELS 3 Zrotation Yrotation Xrotation
        JOINT RightFoot
        {
          OFFSET 0.000002 -42.117393 -3.478398
          CHANNELS 3 Zrotation Yrotation Xrotation
          JOINT RightToeBase
          {
            OFFSET -0.000000 -5.079609 13.284196
            CHANNELS 3 Zrotation Yrotation Xrotation
            JOINT RightToeEnd
            {
              OFFSET 0.009532 -1.634378 6.460591
              CHANNELS 3 Zrotation Yrotation Xrotation
            }
          }
        }
      }
    }
  }
}
MOTION
Frames: 120
Frame Time: 0.03333333
0.000000 0.000000 0.000000 0.000000 -0.000000 0.000000 0.050826 -2.264736 -1.428683 0.098070 -2.815602 -3.122388 -2.421595 0.377050 3.761686 -0.799964 -1.445117 -3.855665 0.798811 -3.840584 14.378222 -1.250543 3.915156 15.258921 0.992654 6.130141 -3.612924 -4.173142 8.649840 -13.140538 0.000077 -0.000022 0.000006 0.050057 -0.148796 0.037416 0.716648 -3.916615 -10.521887 -0.609893 3.640827 -10.545156 -10.192465 -13.182457 15.615971 -65.044373 -24.698277 17.101866 0.186267 -19.906696 0.107673 -5.179626 8.188301 -0.281209 -5.882102 9.861279 0.702590 -10.936861 -0.360574 7.156197 0.000000 8.774815 -0.000000 -16.457851 18.703928 5.989538 -1.844031 2.498503 -2.507276 -10.163590 4.678941 4.621104 -20.975996 -0.000001 0.000001 -21.226254 2.451698 -3.593995 0.000000 -0.000006 -0.000000 -1.362681 2.240797 -0.746323 -21.334892 0.584910 3.008319 -13.821196 -0.000001 0.000001 -23.887129 -0.249075 -0.839485 -60.162594 2.808645 -1.479338 -0.294025 1.679686 0.833255 -14.218195 0.093215 1.300579 -34.212002 -0.287561 0.967166 -20.033176 0.964536 1.212838 0.000000 -0.000000 0.000000 -3.440387 0.788233 0.501655 -15.928172 -3.167306 2.999703 -6.338817 -0.000000 0.000001 -18.123419 3.648181 -4.905662 -0.000004 0.000000 -0.000002 12.313953 9.447745 16.960247 71.236191 40.595402 50.534786 -0.865508 16.199125 -0.289603 -2.042269 -6.626726 13.031450 2.243540 -5.255033 -3.180156 14.282877 -0.826594 6.952496 -0.000000 -12.690593 -0.000001 15.756263 -17.829082 3.118692 1.665665 -1.955920 -2.878297 4.727794 -4.170584 4.993919 11.020511 0.000001 -0.000000 12.109032 -3.735715 -2.866778 0.000000 -0.000000 0.000000 1.291985 -1.928548 -1.498088 14.800115 0.567467 3.865604 14.242553 -1.341738 -6.660648 19.631935 0.143921 -0.648243 50.055401 -1.024792 -6.336740 0.353029 -1.511150 -0.031940 20.222769 3.684305 2.316629 18.787249 0.000001 -0.000001 10.751608 -0.479870 1.397903 0.000000 -0.000000 0.000000 3.273804 0.305947 -0.580110 21.486790 11.830364 2.266131 8.162915 0.000000 -0.000000 18.399052 -3.798986 -4.940567 0.000003 0.000000 -0.000001 10.343527 17.273623 4.483803 0.013216 -0.581735 30.291592 -3.745638 28.775011 -6.246521 2.034146 -2.447987 -3.889540 0.000000 -0.000000 0.000002 -1.795764 -18.811514 -16.273788 0.282467 0.109814 23.717609 4.639792 12.160301 -2.013099 -1.400587 0.717073 -1.618849 0.000000 -0.000000 -0.000001
0.000000 0.000000 0.000000 0.000000 -0.000000 0.000000 0.050826 -2.163071 -1.428683 0.098070 -2.815602 -3.122388 -2.357683 0.473980 3.548853 -0.823725 -1.048697 -3.806095 0.601892 -3.772656 13.785619 -0.603099 3.428773 15.065079 1.165276 6.112306 -3.533546 -3.288350 8.247290 -12.753306 0.000077 -0.000022 0.000006 0.016195 -0.035953 0.041068 0.688996 -3.828148 -10.574966 -0.649227 3.775587 -10.561054 -12.396416 -12.475130 15.710673 -62.334061 -25.674829 13.741195 0.362374 -17.784994 -0.085224 -2.016929 9.081959 -0.449980 -5.882102 9.861279 0.702590 -10.936861 -0.360574 7.156197 0.000000 8.774815 -0.000000 -16.433746 18.478138 5.931013 -1.844031 2.498503 -2.507276 -10.163590 4.678941 4.621104 -20.975996 -0.000001 0.000001 -21.226254 2.451698 -3.593995 0.000000 -0.000006 -0.000000 -1.362681 2.240797 -0.746323 -21.334892 0.584910 3.008319 -13.821196 -0.000001 0.000001 -23.887129 -0.249075 -0.839485 -59.894051 2.892047 -1.563789 -0.294025 1.679686 0.833255 -14.218195 0.093215 1.300579 -34.212002 -0.287561 0.967166 -20.033176 0.964536 1.212838 0.000000 -0.000000 0.000000 -3.440387 0.788233 0.501655 -15.928172 -3.167306 2.999703 -6.338817 -0.000000 0.000001 -18.123419 3.648181 -4.905662 -0.000004 0.000000 -0.000002 12.431576 9.746942 16.436693 72.065125 37.332909 46.859623 -1.136096 16.650665 -0.286544 -4.432723 -6.693064 10.937865 2.243540 -5.255033 -3.180156 14.282877 -0.826594 6.952496 -0.000000 -12.690593 -0.000001 15.762764 -17.682018 2.948809 1.665665 -1.955920 -2.878297 4.727794 -4.170584 4.993919 11.020511 0.000001 -0.000000 12.109032 -3.735715 -2.866778 0.000000 -0.000000 0.000000 1.291985 -1.928548 -1.498088 14.800115 0.567467 3.865604 14.242553 -1.341738 -6.660648 19.631935 0.143921 -0.648243 49.716534 -0.894333 -6.375389 0.353029 -1.511150 -0.031940 20.222769 3.684305 2.316629 18.787249 0.000001 -0.000001 10.751608 -0.479870 1.397903 0.000000 -0.000000 0.000000 3.273804 0.305947 -0.580110 21.486790 11.830364 2.266131 8.162915 0.000000 -0.000000 18.399052 -3.798986 -4.940567 0.000003 0.000000 -0.000001 10.343527 17.273623 4.483803 0.013216 -0.581735 30.291592 -3.745638 28.775011 -6.246521 2.034146 -2.447987 -3.889540 0.000000 -0.000000 0.000002 -1.795764 -18.811514 -16.273788 0.282467 0.109814 23.717609 4.639792 12.160301 -2.013099 -1.400587 0.717073 -1.618849 0.000000 -0.000000 -0.000001
0.000000 0.000000 0.000000 0.000000 -0.000000 0.000000 0.050826 -1.902817 -1.428683 0.098070 -2.815602 -3.122388 -2.063184 0.423384 3.371201 -0.882752 -0.938742 -3.722596 0.317440 -3.657302 13.028954 0.979416 2.223405 14.695960 1.065972 5.738882 -3.559719 -2.110903 6.704192 -12.391269 0.000077 -0.000022 0.000006 -0.001214 0.045070 0.057551 0.661753 -3.757985 -10.588065 -0.656611 3.866500 -10.553584 -14.375578 -12.227448 15.902946 -59.577454 -27.395214 11.178074 0.826789 -17.853706 -0.329674 0.244706 9.837534 -0.543754 -5.882102 9.861279 0.702590 -10.936861 -0.360574 7.156197 0.000000 8.774815 -0.000000 -16.479122 18.648773 5.954896 -1.844031 2.498503 -2.507276 -10.163590 4.678941 4.621104 -20.975996 -0.000001 0.000001 -21.226254 2.451698 -3.593995 0.000000 -0.000006 -0.000000 -1.362681 2.240797 -0.746323 -21.334892 0.584910 3.008319 -13.821196 -0.000001 0.000001 -23.887129 -0.249075 -0.839485 -60.088837 3.010804 -1.740863 -0.294025 1.679686 0.833255 -14.218195 0.093215 1.300579 -34.212002 -0.287561 0.967166 -20.033176 0.964536 1.212838 0.000000 -0.000000 0.000000 -3.440387 0.788233 0.501655 -15.928172 -3.167306 2.999703 -6.338817 -0.000000 0.000001 -18.123419 3.648181 -4.905662 -0.000004 0.000000 -0.000002 12.186103 9.922697 15.517247 73.068878 32.806366 41.548668 -1.487203 17.792961 -0.414134 -7.654881 -7.094978 8.319425 2.243540 -5.255033 -3.180156 14.282877 -0.826594 6.952496 -0.000000 -12.690593 -0.000001 15.573895 -17.484657 2.885475 1.665665 -1.955920 -2.878297 4.727794 -4.170584 4.993919 11.020511 0.000001 -0.000000 12.109032 -3.735715 -2.866778 0.000000 -0.000000 0.000000 1.291985 -1.928548 -1.498088 14.800115 0.567467 3.865604 14.242553 -1.341738 -6.660648 19.631935 0.143921 -0.648243 49.120918 -0.681760 -6.246104 0.353029 -1.511150 -0.031940 20.222769 3.684305 2.316629 18.787249 0.000001 -0.000001 10.751608 -0.479870 1.397903 0.000000 -0.000000 0.000000 3.273804 0.305947 -0.580110 21.486790 11.830364 2.266131 8.162915 0.000000 -0.000000 18.399052 -3.798986 -4.940567 0.000003 0.000000 -0.000001 10.343527 17.273623 4.483803 0.013216 -0.581735 30.291592 -3.745638 28.775011 -6.246521 2.034146 -2.447987 -3.889540 0.000000 -0.000000 0.000002 -1.795764 -18.811514 -16.273788 0.282467 0.109814 23.717609 4.639792 12.160301 -2.013099 -1.400587 0.717073 -1.618849 0.000000 -0.000000 -0.000001
0.000000 0.000000 0.000000 0.000000 -0.000000 0.000000 0.050826 -1.730961 -1.428683 0.098070 -2.815602 -3.122388 -1.628469 0.161916 3.390402 -0.943918 -1.152032 -3.652107 -0.075111 -3.445590 12.406469 3.303548 0.627829 13.960619 0.753225 4.657023 -3.569688 -1.228044 4.695097 -12.312886 0.000077 -0.000022 0.000006 -0.017296 0.153606 0.059154 0.625922 -3.626697 -10.508939 -0.653134 3.945080 -10.479819 -15.176549 -12.274585 16.444805 -58.260620 -29.796537 9.540514 1.489268 -20.279047 -0.688803 1.784898 9.366315 -0.465917 -5.882102 9.861279 0.702590 -10.936861 -0.360574 7.156197 0.000000 8.774815 -0.000000 -16.458948 18.712090 6.061910 -1.844031 2.498503 -2.507276 -10.163590 4.678941 4.621104 -20.975996 -0.000001 0.000001 -21.226254 2.451698 -3.593995 0.000000 -0.000006 -0.000000 -1.362681 2.240797 -0.746323 -21.334892 0.584910 3.008319 -13.821196 -0.000001 0.000001 -23.887129 -0.249075 -0.839485 -60.572208 2.906567 -1.718180 -0.294025 1.679686 0.833255 -14.218195 0.093215 1.300579 -34.212002 -0.287561 0.967166 -20.033176 0.964536 1.212838 0.000000 -0.000000 0.000000 -3.440387 0.788233 0.501655 -15.928172 -3.167306 2.999703 -6.338817 -0.000000 0.000001 -18.123419 3.648181 -4.905662 -0.000004 0.000000 -0.000002 11.529783 9.977112 14.588364 74.025406 28.566082 37.576378 -1.706021 19.110907 -0.568367 -9.189341 -7.426567 7.185617 2.243540 -5.255033 -3.180156 14.282877 -0.826594 6.952496 -0.000000 -12.690593 -0.000001 15.347145 -17.409378 2.806010 1.665665 -1.955920 -2.878297 4.727794 -4.170584 4.993919 11.020511 0.000001 -0.000000 12.109032 -3.735715 -2.866778 0.000000 -0.000000 0.000000 1.291985 -1.928548 -1.498088 14.800115 0.567467 3.865604 14.242553 -1.341738 -6.660648 19.631935 0.143921 -0.648243 48.519436 -0.669953 -6.237717 0.353029 -1.511150 -0.031940 20.222769 3.684305 2.316629 18.787249 0.000001 -0.000001 10.751608 -0.479870 1.397903 0.000000 -0.000000 0.000000 3.273804 0.305947 -0.580110 21.486790 11.830364 2.266131 8.162915 0.000000 -0.000000 18.399052 -3.798986 -4.940567 0.000003 0.000000 -0.000001 10.343527 17.273623 4.483803 0.013216 -0.581735 30.291592 -3.745638 28.775011 -6.246521 2.034146 -2.447987 -3.889540 0.000000 -0.000000 0.000002 -1.795764 -18.811514 -16.273788 0.282467 0.109814 23.717609 4.639792 12.160301 -2.013099 -1.400587 0.717073 -1.618849 0.000000 -0.000000 -0.000001
0.000000 0.000000 0.000000 0.000000 -0.000000 0.000000 0.050826 -1.631254 -1.428683 0.098070 -2.815602 -3.122388 -1.270501 -0.095081 3.681149 -0.935746 -1.435997 -3.591371 -0.613073 -3.470996 12.264105 5.656398 -0.711224 12.906227 0.324873 2.721896 -3.656700 -0.367523 2.125044 -13.123551 0.000077 -0.000022 0.000006 -0.008443 0.151957 0.071481 0.623992 -3.620836 -10.485848 -0.636251 3.929568 -10.464717 -14.828565 -12.712076 17.144409 -58.654716 -32.337284 8.472134 1.682774 -24.668730 -0.776689 2.713619 7.767294 -0.570579 -5.882102 9.861279 0.702590 -10.936861 -0.360574 7.156197 0.000000 8.774815 -0.000000 -16.428259 18.828413 6.108178 -1.844031 2.498503 -2.507276 -10.163590 4.678941 4.621104 -20.975996 -0.000001 0.000001 -21.226254 2.451698 -3.593995 0.000000 -0.000006 -0.000000 -1.362681 2.240797 -0.746323 -21.334892 0.584910 3.008319 -13.821196 -0.000001 0.000001 -23.887129 -0.249075 -0.839485 -61.095963 2.792430 -1.736367 -0.294025 1.679686 0.833255 -14.218195 0.093215 1.300579 -34.212002 -0.287561 0.967166 -20.033176 0.964536 1.212838 0.000000 -0.000000 0.000000 -3.440387 0.788233 0.501655 -15.928172 -3.167306 2.999703 -6.338817 -0.000000 0.000001 -18.123419 3.648181 -4.905662 -0.000004 0.000000 -0.000002 10.611200 9.631909 13.990783 74.437958 25.066153 35.036427 -1.845877 21.312954 -0.783841 -8.495097 -7.979702 7.335152 2.243540 -5.255033 -3.180156 14.282877 -0.826594 6.952496 -0.000000 -12.690593 -0.000001 15.278927 -17.470282 2.785757 1.665665 -1.955920 -2.878297 4.727794 -4.170584 4.993919 11.020511 0.000001 -0.000000 12.109032 -3.735715 -2.866778 0.000000 -0.000000 0.000000 1.291985 -1.928548 -1.498088 14.800115 0.567467 3.865604 14.242553 -1.341738 -6.660648 19.631935 0.143921 -0.648243 48.428745 -0.557067 -6.111315 0.353029 -1.511150 -0.031940 20.222769 3.684305 2.316629 18.787249 0.000001 -0.000001 10.751608 -0.479870 1.397903 0.000000 -0.000000 0.000000 3.273804 0.305947 -0.580110 21.486790 11.830364 2.266131 8.162915 0.000000 -0.000000 18.399052 -3.798986 -4.940567 0.000003 0.000000 -0.000001 10.343527 17.273623 4.483803 0.013216 -0.581735 30.291592 -3.745638 28.775011 -6.246521 2.034146 -2.447987 -3.889540 0.000000 -0.000000 0.000002 -1.795764 -18.811514 -16.273788 0.282467 0.109814 23.717609 4.639792 12.160301 -2.013099 -1.400587 0.717073 -1.618849 0.000000 -0.000000 -0.000001
0.000000 0.000000 0.000000 0.000000 -0.000000 0.000000 0.050826 -1.646673 -1.428683 0.098070 -2.815602 -3.122388 -1.088158 -0.348126 4.069023 -0.934809 -1.615486 -3.526016 -1.056701 -3.534322 12.443426 7.938262 -1.921508 11.613464 -0.215499 0.535317 -3.671974 0.484206 -0.875368 -14.623940 0.000077 -0.000022 0.000006 -0.002516 0.147996 0.078243 0.629521 -3.620103 -10.485044 -0.631855 3.916447 -10.470455 -14.091258 -13.391529 17.904409 -59.866703 -34.359493 9.018409 1.423070 -29.745569 -0.683574 2.693454 4.674628 -2.498946 -5.882102 9.861279 0.702590 -10.936861 -0.360574 7.156197 0.000000 8.774815 -0.000000 -16.572426 18.941381 6.134251 -1.844031 2.498503 -2.507276 -10.163590 4.678941 4.621104 -20.975996 -0.000001 0.000001 -21.226254 2.451698 -3.593995 0.000000 -0.000006 -0.000000 -1.362681 2.240797 -0.746323 -21.334892 0.584910 3.008319 -13.821196 -0.000001 0.000001 -23.887129 -0.249075 -0.839485 -61.519268 2.735056 -1.641640 -0.294025 1.679686 0.833255 -14.218195 0.093215 1.300579 -34.212002 -0.287561 0.967166 -20.033176 0.964536 1.212838 0.000000 -0.000000 0.000000 -3.440387 0.788233 0.501655 -15.928172 -3.167306 2.999703 -6.338817 -0.000000 0.000001 -18.123419 3.648181 -4.905662 -0.000004 0.000000 -0.000002 9.775406 9.110770 13.840769 74.099739 22.865227 33.830025 -1.666488 22.944712 -0.826881 -6.689927 -8.725620 8.721650 2.243540 -5.255033 -3.180156 14.282877 -0.826594 6.952496 -0.000000 -12.690593 -0.000001 15.442170 -17.618055 2.727915 1.665665 -1.955920 -2.878297 4.727794 -4.170584 4.993919 11.020511 0.000001 -0.000000 12.109032 -3.735715 -2.866778 0.000000 -0.000000 0.000000 1.291985 -1.928548 -1.498088 14.800115 0.567467 3.865604 14.242553 -1.341738 -6.660648 19.631935 0.143921 -0.648243 48.679375 -0.545226 -6.046844 0.353029 -1.511150 -0.031940 20.222769 3.684305 2.316629 18.787249 0.000001 -0.000001 10.751608 -0.479870 1.397903 0.000000 -0.000000 0.000000 3.273804 0.305947 -0.580110 21.486790 11.830364 2.266131 8.162915 0.000000 -0.000000 18.399052 -3.798986 -4.940567 0.000003 0.000000 -0.000001 10.343527 17.273623 4.483803 0.013216 -0.581735 30.291592 -3.745638 28.775011 -6.246521 2.034146 -2.447987 -3.889540 0.000000 -0.000000 0.000002 -1.795764 -18.811514 -16.273788 0.282467 0.109814 23.717609 4.639792 12.160301 -2.013099 -1.400587 0.717073 -1.618849 0.000000 -0.000000 -0.000001
0.000000 0.000000 0.000000 0.000000 -0.000000 0.000000 0.050826 -1.788387 -1.428683 0.098070 -2.815602 -3.122388 -0.929814 -0.601358 4.454624 -0.878852 -1.712987 -3.478327 -1.338125 -3.701863 12.706469 9.917659 -2.720845 10.351401 -0.931007 -1.807195 -3.647332 1.278111 -3.933537 -16.303568 0.000077 -0.000022 0.000006 -0.003897 0.145769 0.079607 0.637193 -3.624565 -10.507433 -0.644592 3.913731 -10.490321 -13.353467 -14.141876 18.723129 -61.237289 -35.653305 10.652713 0.660089 -33.706043 -0.299262 1.893990 1.411165 -4.387183 -5.882102 9.861279 0.702590 -10.936861 -0.360574 7.156197 0.000000 8.774815 -0.000000 -16.649567 18.877806 6.084391 -1.844031 2.498503 -2.507276 -10.163590 4.678941 4.621104 -20.975996 -0.000001 0.000001 -21.226254 2.451698 -3.593995 0.000000 -0.000006 -0.000000 -1.362681 2.240797 -0.746323 -21.334892 0.584910 3.008319 -13.821196 -0.000001 0.000001 -23.887129 -0.249075 -0.839485 -61.468075 2.684169 -1.441861 -0.294025 1.679686 0.833255 -14.218195 0.093215 1.300579 -34.212002 -0.287561 0.967166 -20.033176 0.964536 1.212838 0.000000 -0.000000 0.000000 -3.440387 0.788233 0.501655 -15.928172 -3.167306 2.999703 -6.338817 -0.000000 0.000001 -18.123419 3.648181 -4.905662 -0.000004 0.000000 -0.000002 9.098256 8.833961 14.102110 73.303093 21.976456 32.915791 -1.260787 23.102541 -0.723422 -4.709980 -9.966320 11.140056 2.243540 -5.255033 -3.180156 14.282877 -0.826594 6.952496 -0.000000 -12.690593 -0.000001 15.694682 -17.750332 2.597735 1.665665 -1.955920 -2.878297 4.727794 -4.170584 4.993919 11.020511 0.000001 -0.000000 12.109032 -3.735715 -2.866778 0.000000 -0.000000 0.000000 1.291985 -1.928548 -1.498088 14.800115 0.567467 3.865604 14.242553 -1.341738 -6.660648 19.631935 0.143921 -0.648243 48.871605 -0.608459 -6.085677 0.353029 -1.511150 -0.031940 20.222769 3.684305 2.316629 18.787249 0.000001 -0.000001 10.751608 -0.479870 1.397903 0.000000 -0.000000 0.000000 3.273804 0.305947 -0.580110 21.486790 11.830364 2.266131 8.162915 0.000000 -0.000000 18.399052 -3.798986 -4.940567 0.000003 0.000000 -0.000001 10.343527 17.273623 4.483803 0.013216 -0.581735 30.291592 -3.745638 28.775011 -6.246521 2.034146 -2.447987 -3.889540 0.000000 -0.000000 0.000002 -1.795764 -18.811514 -16.273788 0.282467 0.109814 23.717609 4.639792 12.160301 -2.013099 -1.400587 0.717073 -1.618849 0.000000 -0.000000 -0.000001
0.000000 0.000000 0.000000 0.000000 -0.000000 0.000000 0.050826 -1.934978 -1.428683 0.098070 -2.815602 -3.122388 -0.724559 -0.808090 4.658711 -0.785830 -1.929818 -3.438558 -1.436002 -4.050120 13.015354 11.437960 -3.051061 9.228935 -1.764621 -4.028052 -3.616422 1.896761 -6.605121 -17.382727 0.000077 -0.000022 0.000006 -0.008175 0.169926 0.064053 0.644958 -3.609831 -10.562880 -0.662638 3.946754 -10.555819 -12.693892 -14.885028 19.259779 -62.310539 -36.325253 13.195281 -0.194680 -34.555447 0.294213 0.140976 -0.067669 -4.117864 -5.882102 9.861279 0.702590 -10.936861 -0.360574 7.156197 0.000000 8.774815 -0.000000 -16.682917 18.804996 5.860567 -1.844031 2.498503 -2.507276 -10.163590 4.678941 4.621104 -20.975996 -0.000001 0.000001 -21.226254 2.451698 -3.593995 0.000000 -0.000006 -0.000000 -1.362681 2.240797 -0.746323 -21.334892 0.584910 3.008319 -13.821196 -0.000001 0.000001 -23.887129 -0.249075 -0.839485 -61.220436 2.680257 -1.383656 -0.294025 1.679686 0.833255 -14.218195 0.093215 1.300579 -34.212002 -0.287561 0.967166 -20.033176 0.964536 1.212838 0.000000 -0.000000 0.000000 -3.440387 0.788233 0.501655 -15.928172 -3.167306 2.999703 -6.338817 -0.000000 0.000001 -18.123419 3.648181 -4.905662 -0.000004 0.000000 -0.000002 8.764640 8.758709 14.466165 72.001556 21.770725 30.961508 -0.900551 22.657349 -0.592047 -3.281691 -11.173713 13.475134 2.243540 -5.255033 -3.180156 14.282877 -0.826594 6.952496 -0.000000 -12.690593 -0.000001 15.903240 -17.700970 2.437043 1.665665 -1.955920 -2.878297 4.727794 -4.170584 4.993919 11.020511 0.000001 -0.000000 12.109032 -3.735715 -2.866778 0.000000 -0.000000 0.000000 1.291985 -1.928548 -1.498088 14.800115 0.567467 3.865604 14.242553 -1.341738 -6.660648 19.631935 0.143921 -0.648243 48.868946 -0.687606 -6.121970 0.353029 -1.511150 -0.031940 20.222769 3.684305 2.316629 18.787249 0.000001 -0.000001 10.751608 -0.479870 1.397903 0.000000 -0.000000 0.000000 3.273804 0.305947 -0.580110 21.486790 11.830364 2.266131 8.162915 0.000000 -0.000000 18.399052 -3.798986 -4.940567 0.000003 0.000000 -0.000001 10.343527 17.273623 4.483803 0.013216 -0.581735 30.291592 -3.745638 28.775011 -6.246521 2.034146 -2.447987 -3.889540 0.000000 -0.000000 0.000002 -1.795764 -18.811514 -16.273788 0.282467 0.109814 23.717609 4.639792 12.160301 -2.013099 -1.400587 0.717073 -1.618849 0.000000 -0.000000 -0.000001
0.000000 0.000000 0.000000 0.000000 -0.000000 0.000000 0.050826 -1.930744 -1.428683 0.098070 -2.815602 -3.122388 -0.398229 -0.925109 4.762028 -0.683792 -2.388039 -3.477769 -1.422579 -4.849347 13.453421 12.915423 -3.302629 8.315278 -2.698161 -6.053118 -3.572370 2.520814 -9.615940 -18.119270 0.000077 -0.000022 0.000006 -0.011449 0.170568 0.041056 0.661694 -3.614953 -10.656183 -0.686579 3.954922 -10.687439 -12.114992 -16.256859 19.952415 -62.596821 -36.977638 15.588904 -0.748412 -32.327015 0.678427 -2.951116 0.312603 -1.615565 -5.882102 9.861279 0.702590 -10.936861 -0.360574 7.156197 0.000000 8.774815 -0.000000 -16.856909 18.705013 5.628447 -1.844031 2.498503 -2.507276 -10.163590 4.678941 4.621104 -20.975996 -0.000001 0.000001 -21.226254 2.451698 -3.593995 0.000000 -0.000006 -0.000000 -1.362681 2.240797 -0.746323 -21.334892 0.584910 3.008319 -13.821196 -0.000001 0.000001 -23.887129 -0.249075 -0.839485 -61.144897 2.732158 -1.339781 -0.294025 1.679686 0.833255 -14.218195 0.093215 1.300579 -34.212002 -0.287561 0.967166 -20.033176 0.964536 1.212838 0.000000 -0.000000 0.000000 -3.440387 0.788233 0.501655 -15.928172 -3.167306 2.999703 -6.338817 -0.000000 0.000001 -18.123419 3.648181 -4.905662 -0.000004 0.000000 -0.000002 8.854923 8.189610 14.992171 69.968994 21.598362 26.772631 -0.816228 23.301537 -0.575863 -2.793322 -11.796334 14.608202 2.243540 -5.255033 -3.180156 14.282877 -0.826594 6.952496 -0.000000 -12.690593 -0.000001 16.115499 -17.661863 2.389628 1.665665 -1.955920 -2.878297 4.727794 -4.170584 4.993919 11.020511 0.000001 -0.000000 12.109032 -3.735715 -2.866778 0.000000 -0.000000 0.000000 1.291985 -1.928548 -1.498088 14.800115 0.567467 3.865604 14.242553 -1.341738 -6.660648 19.631935 0.143921 -0.648243 48.955284 -0.543386 -6.241659 0.353029 -1.511150 -0.031940 20.222769 3.684305 2.316629 18.787249 0.000001 -0.000001 10.751608 -0.479870 1.397903 0.000000 -0.000000 0.000000 3.273804 0.305947 -0.580110 21.486790 11.830364 2.266131 8.162915 0.000000 -0.000000 18.399052 -3.798986 -4.940567 0.000003 0.000000 -0.000001 10.343527 17.273623 4.483803 0.013216 -0.581735 30.291592 -3.745638 28.775011 -6.246521 2.034146 -2.447987 -3.889540 0.000000 -0.000000 0.000002 -1.795764 -18.811514 -16.273788 0.282467 0.109814 23.717609 4.639792 12.160301 -2.013099 -1.400587 0.717073 -1.618849 0.000000 -0.000000 -0.000001
0.000000 0.000000 0.000000 0.000000 -0.000000 0.000000 0.050826 -2.111365 -1.428683 0.098070 -2.815602 -3.122388 -0.037684 -1.185289 4.771103 -0.645074 -3.053163 -3.744996 -1.697377 -5.929113 14.354937 14.358654 -3.735970 7.487100 -3.265334 -8.434317 -3.548808 3.101582 -12.311889 -17.873198 0.000077 -0.000022 0.000006 -0.018312 0.115713 0.032259 0.653368 -3.666228 -10.662268 -0.691942 3.895434 -10.713943 -12.024079 -18.411097 20.597179 -61.520000 -37.677197 16.710293 -1.355968 -27.595448 0.839503 -7.080768 1.565663 0.585083 -5.882102 9.861279 0.702590 -10.936861 -0.360574 7.156197 0.000000 8.774815 -0.000000 -16.956913 18.514656 5.424252 -1.844031 2.498503 -2.507276 -10.163590 4.678941 4.621104 -20.975996 -0.000001 0.000001 -21.226254 2.451698 -3.593995 0.000000 -0.000006 -0.000000 -1.362681 2.240797 -0.746323 -21.334892 0.584910 3.008319 -13.821196 -0.000001 0.000001 -23.887129 -0.249075 -0.839485 -60.723812 2.863262 -1.296683 -0.294025 1.679686 0.833255 -14.218195 0.093215 1.300579 -34.212002 -0.287561 0.967166 -20.033176 0.964536 1.212838 0.000000 -0.000000 0.000000 -3.440387 0.788233 0.501655 -15.928172 -3.167306 2.999703 -6.338817 -0.000000 0.000001 -18.123419 3.648181 -4.905662 -0.000004 0.000000 -0.000002 9.730667 7.068325 15.355587 67.279854 20.518238 19.824133 -0.767554 25.723564 -0.369518 -3.385114 -11.976746 14.883606 2.243540 -5.255033 -3.180156 14.282877 -0.826594 6.952496 -0.000000 -12.690593 -0.000001 16.652248 -17.797190 2.250467 1.665665 -1.955920 -2.878297 4.727794 -4.170584 4.993919 11.020511 0.000001 -0.000000 12.109032 -3.735715 -2.866778 0.000000 -0.000000 0.000000 1.291985 -1.928548 -1.498088 14.800115 0.567467 3.865604 14.242553 -1.341738 -6.660648 19.631935 0.143921 -0.648243 49.467060 -0.394344 -6.195156 0.353029 -1.511150 -0.031940 20.222769 3.684305 2.316629 18.787249 0.000001 -0.000001 10.751608 -0.479870 1.397903 0.000000 -0.000000 0.000000 3.273804 0.305947 -0.580110 21.486790 11.830364 2.266131 8.162915 0.000000 -0.000000 18.399052 -3.798986 -4.940567 0.000003 0.000000 -0.000001 10.343527 17.273623 4.483803 0.013216 -0.581735 30.291592 -3.745638 28.775011 -6.246521 2.034146 -2.447987 -3.889540 0.000000 -0.000000 0.000002 -1.795764 -18.811514 -16.273788 0.282467 0.109814 23.717609 4.639792 12.160301 -2.013099 -1.400587 0.717073 -1.618849 0.000000 -0.000000 -0.000001
0.000000 0.000000 0.000000 0.000000 -0.000000 0.000000 0.050826 -2.198454 -1.428683 0.098070 -2.815602 -3.122388 0.289536 -1.378030 4.700035 -0.681703 -3.720063 -3.691946 -2.007045 -6.669343 15.188215 15.828349 -4.270287 6.970703 -3.918227 -10.376420 -3.447417 3.644948 -15.275981 -16.912745 0.000077 -0.000022 0.000006 -0.022720 0.069329 0.027550 0.653150 -3.694118 -10.576060 -0.701266 3.829901 -10.621156 -12.963005 -20.616192 20.848955 -59.808300 -37.720989 16.471928 -1.399073 -22.115528 0.643453 -9.123617 2.014850 1.885211 -5.882102 9.861279 0.702590 -10.936861 -0.360574 7.156197 0.000000 8.774815 -0.000000 -16.939774 18.357893 5.377329 -1.844031 2.498503 -2.507276 -10.163590 4.678941 4.621104 -20.975996 -0.000001 0.000001 -21.226254 2.451698 -3.593995 0.000000 -0.000006 -0.000000 -1.362681 2.240797 -0.746323 -21.334892 0.584910 3.008319 -13.821196 -0.000001 0.000001 -23.887129 -0.249075 -0.839485 -60.372829 2.769566 -1.309577 -0.294025 1.679686 0.833255 -14.218195 0.093215 1.300579 -34.212002 -0.287561 0.967166 -20.033176 0.964536 1.212838 0.000000 -0.000000 0.000000 -3.440387 0.788233 0.501655 -15.928172 -3.167306 2.999703 -6.338817 -0.000000 0.000001 -18.123419 3.648181 -4.905662 -0.000004 0.000000 -0.000002 10.727722 5.335468 15.173060 63.982021 18.493338 14.044964 -0.586107 29.320202 -0.358597 -2.011141 -11.767709 13.356173 2.243540 -5.255033 -3.180156 14.282877 -0.826594 6.952496 -0.000000 -12.690593 -0.000001 16.846132 -17.915455 2.206703 1.665665 -1.955920 -2.878297 4.727794 -4.170584 4.993919 11.020511 0.000001 -0.000000 12.109032 -3.735715 -2.866778 0.000000 -0.000000 0.000000 1.291985 -1.928548 -1.498088 14.800115 0.567467 3.865604 14.242553 -1.341738 -6.660648 19.631935 0.143921 -0.648243 49.728004 -0.326903 -6.160950 0.353029 -1.511150 -0.031940 20.222769 3.684305 2.316629 18.787249 0.000001 -0.000001 10.751608 -0.479870 1.397903 0.000000 -0.000000 0.000000 3.273804 0.305947 -0.580110 21.486790 11.830364 2.266131 8.162915 0.000000 -0.000000 18.399052 -3.798986 -4.940567 0.000003 0.000000 -0.000001 10.343527 17.273623 4.483803 0.013216 -0.581735 30.291592 -3.745638 28.775011 -6.246521 2.034146 -2.447987 -3.889540 0.000000 -0.000000 0.000002 -1.795764 -18.811514 -16.273788 0.282467 0.109814 23.717609 4.639792 12.160301 -2.013099 -1.400587 0.717073 -1.618849 0.000000 -0.000000 -0.000001
0.000000 0.000000 0.000000 0.000000 -0.000000 0.000000 0.050826 -2.219141 -1.428683 0.098070 -2.815602 -3.122388 0.470579 -1.316278 4.439097 -0.718881 -3.571343 -3.679581 -2.514946 -6.511514 15.998652 16.190176 -4.189247 7.294882 -4.523393 -11.777867 -3.314906 3.981548 -17.066811 -15.735789 0.000077 -0.000022 0.000006 -0.020850 0.023509 -0.007880 0.649425 -3.728190 -10.559252 -0.693421 3.773906 -10.606264 -14.041794 -20.757185 20.875465 -58.757271 -36.881107 12.909032 -0.760569 -17.955067 0.377210 -8.809402 3.198515 3.142659 -5.882102 9.861279 0.702590 -10.936861 -0.360574 7.156197 0.000000 8.774815 -0.000000 -16.706909 18.232197 5.535027 -1.844031 2.498503 -2.507276 -10.163590 4.678941 4.621104 -20.975996 -0.000001 0.000001 -21.226254 2.451698 -3.593995 0.000000 -0.000006 -0.000000 -1.362681 2.240797 -0.746323 -21.334892 0.584910 3.008319 -13.821196 -0.000001 0.000001 -23.887129 -0.249075 -0.839485 -60.314308 2.628673 -1.145432 -0.294025 1.679686 0.833255 -14.218195 0.093215 1.300579 -34.212002 -0.287561 0.967166 -20.033176 0.964536 1.212838 0.000000 -0.000000 0.000000 -3.440387 0.788233 0.501655 -15.928172 -3.167306 2.999703 -6.338817 -0.000000 0.000001 -18.123419 3.648181 -4.905662 -0.000004 0.000000 -0.000002 10.702848 5.072778 15.418027 60.500744 16.587187 9.120342 -0.687329 32.872993 -0.298951 1.119065 -13.332646 11.403611 2.243540 -5.255033 -3.180156 14.282877 -0.826594 6.952496 -0.000000 -12.690593 -0.000001 16.808041 -17.998232 2.084136 1.665665 -1.955920 -2.878297 4.727794 -4.170584 4.993919 11.020511 0.000001 -0.000000 12.109032 -3.735715 -2.866778 0.000000 -0.000000 0.000000 1.291985 -1.928548 -1.498088 14.800115 0.567467 3.865604 14.242553 -1.341738 -6.660648 19.631935 0.143921 -0.648243 49.689926 -0.403557 -6.365726 0.353029 -1.511150 -0.031940 20.222769 3.684305 2.316629 18.787249 0.000001 -0.000001 10.751608 -0.479870 1.397903 0.000000 -0.000000 0.000000 3.273804 0.305947 -0.580110 21.486790 11.830364 2.266131 8.162915 0.000000 -0.000000 18.399052 -3.798986 -4.940567 0.000003 0.000000 -0.000001 10.343527 17.273623 4.483803 0.013216 -0.581735 30.291592 -3.745638 28.775011 -6.246521 2.034146 -2.447987 -3.889540 0.000000 -0.000000 0.000002 -1.795764 -18.811514 -16.273788 0.282467 0.109814 23.717609 4.639792 12.160301 -2.013099 -1.400587 0.717073 -1.618849 0.000000 -0.000000 -0.000001
0.000000 0.000000 0.000000 0.000000 -0.000000 0.000000 0.050826 -2.174906 -1.428683 0.098070 -2.815602 -3.122388 0.561259 -1.300017 4.158941 -0.708207 -3.330021 -3.734611 -2.936277 -6.286682 15.900667 15.832857 -4.097177 8.189204 -4.872163 -12.730361 -3.258726 3.761431 -18.088676 -14.553407 0.000077 -0.000022 0.000006 -0.013688 0.030163 -0.011214 0.648595 -3.716215 -10.556250 -0.677743 3.776179 -10.613173 -14.297814 -20.007914 20.759809 -58.669483 -35.058376 8.678596 -0.153178 -16.011927 0.221328 -7.325812 4.445969 3.086101 -5.882102 9.861279 0.702590 -10.936861 -0.360574 7.156197 0.000000 8.774815 -0.000000 -16.464365 18.078552 5.745690 -1.844031 2.498503 -2.507276 -10.163590 4.678941 4.621104 -20.975996 -0.000001 0.000001 -21.226254 2.451698 -3.593995 0.000000 -0.000006 -0.000000 -1.362681 2.240797 -0.746323 -21.334892 0.584910 3.008319 -13.821196 -0.000001 0.000001 -23.887129 -0.249075 -0.839485 -60.227898 2.544851 -0.963144 -0.294025 1.679686 0.833255 -14.218195 0.093215 1.300579 -34.212002 -0.287561 0.967166 -20.033176 0.964536 1.212838 0.000000 -0.000000 0.000000 -3.440387 0.788233 0.501655 -15.928172 -3.167306 2.999703 -6.338817 -0.000000 0.000001 -18.123419 3.648181 -4.905662 -0.000004 0.000000 -0.000002 9.490677 5.392387 15.320038 57.712059 13.942229 2.584363 -0.657849 36.637913 -0.004944 5.113125 -15.903534 9.747001 2.243540 -5.255033 -3.180156 14.282877 -0.826594 6.952496 -0.000000 -12.690593 -0.000001 16.619579 -17.729254 2.127170 1.665665 -1.955920 -2.878297 4.727794 -4.170584 4.993919 11.020511 0.000001 -0.000000 12.109032 -3.735715 -2.866778 0.000000 -0.000000 0.000000 1.291985 -1.928548 -1.498088 14.800115 0.567467 3.865604 14.242553 -1.341738 -6.660648 19.631935 0.143921 -0.648243 49.496498 -0.338306 -6.286146 0.353029 -1.511150 -0.031940 20.222769 3.684305 2.316629 18.787249 0.000001 -0.000001 10.751608 -0.479870 1.397903 0.000000 -0.000000 0.000000 3.273804 0.305947 -0.580110 21.486790 11.830364 2.266131 8.162915 0.000000 -0.000000 18.399052 -3.798986 -4.940567 0.000003 0.000000 -0.000001 10.343527 17.273623 4.483803 0.013216 -0.581735 30.291592 -3.745638 28.775011 -6.246521 2.034146 -2.447987 -3.889540 0.000000 -0.000000 0.000002 -1.795764 -18.811514 -16.273788 0.282467 0.109814 23.717609 4.639792 12.160301 -2.013099 -1.400587 0.717073 -1.618849 0.000000 -0.000000 -0.000001
0.000000 0.000000 0.000000 0.000000 -0.000000 0.000000 0.050826 -2.121793 -1.428683 0.098070 -2.815602 -3.122388 0.521404 -1.205846 3.913813 -0.698130 -2.994386 -3.808501 -3.319461 -6.132189 15.380070 14.843241 -3.750460 9.095559 -4.981533 -13.400440 -3.226667 3.116907 -18.416643 -13.375342 0.000077 -0.000022 0.000006 0.000494 0.020761 -0.013965 0.650347 -3.725192 -10.572983 -0.650806 3.767539 -10.644047 -14.494464 -18.856369 20.564421 -58.197243 -32.186974 4.616341 0.076057 -16.165264 0.168638 -5.725307 4.827724 2.063465 -5.882102 9.861279 0.702590 -10.936861 -0.360574 7.156197 0.000000 8.774815 -0.000000 -16.314697 17.995495 5.893789 -1.844031 2.498503 -2.507276 -10.163590 4.678941 4.621104 -20.975996 -0.000001 0.000001 -21.226254 2.451698 -3.593995 0.000000 -0.000006 -0.000000 -1.362681 2.240797 -0.746323 -21.334892 0.584910 3.008319 -13.821196 -0.000001 0.000001 -23.887129 -0.249075 -0.839485 -60.240604 2.552410 -0.948745 -0.294025 1.679686 0.833255 -14.218195 0.093215 1.300579 -34.212002 -0.287561 0.967166 -20.033176 0.964536 1.212838 0.000000 -0.000000 0.000000 -3.440387 0.788233 0.501655 -15.928172 -3.167306 2.999703 -6.338817 -0.000000 0.000001 -18.123419 3.648181 -4.905662 -0.000004 0.000000 -0.000002 7.565057 6.237432 14.784213 54.616524 11.195038 -4.695310 -0.142920 40.488918 0.689508 10.979972 -19.049768 7.386810 2.243540 -5.255033 -3.180156 14.282877 -0.826594 6.952496 -0.000000 -12.690593 -0.000001 16.401249 -17.378199 2.239331 1.665665 -1.955920 -2.878297 4.727794 -4.170584 4.993919 11.020511 0.000001 -0.000000 12.109032 -3.735715 -2.866778 0.000000 -0.000000 0.000000 1.291985 -1.928548 -1.498088 14.800115 0.567467 3.865604 14.242553 -1.341738 -6.660648 19.631935 0.143921 -0.648243 49.258137 -0.277749 -6.237868 0.353029 -1.511150 -0.031940 20.222769 3.684305 2.316629 18.787249 0.000001 -0.000001 10.751608 -0.479870 1.397903 0.000000 -0.000000 0.000000 3.273804 0.305947 -0.580110 21.486790 11.830364 2.266131 8.162915 0.000000 -0.000000 18.399052 -3.798986 -4.940567 0.000003 0.000000 -0.000001 10.343527 17.273623 4.483803 0.013216 -0.581735 30.291592 -3.745638 28.775011 -6.246521 2.034146 -2.447987 -3.889540 0.000000 -0.000000 0.000002 -1.795764 -18.811514 -16.273788 0.282467 0.109814 23.717609 4.639792 12.160301 -2.013099 -1.400587 0.717073 -1.618849 0.000000 -0.000000 -0.000001
0.000000 0.000000 0.000000 0.000000 -0.000000 0.000000 0.050826 -2.070903 -1.428683 0.098070 -2.815602 -3.122388 0.450443 -1.069855 3.764847 -0.700186 -2.652739 -3.832866 -3.597693 -6.035618 14.810444 13.683244 -3.178980 9.708946 -5.047893 -13.903685 -3.198338 2.311664 -18.270660 -12.423954 0.000077 -0.000022 0.000006 0.021260 -0.032431 -0.010664 0.669522 -3.777675 -10.601133 -0.628534 3.714110 -10.679721 -14.686981 -17.656551 20.492878 -57.518520 -29.146481 1.342817 0.014445 -17.062773 0.190298 -4.316245 4.352740 0.674257 -5.882102 9.861279 0.702590 -10.936861 -0.360574 7.156197 0.000000 8.774815 -0.000000 -16.209295 18.030785 6.011915 -1.844031 2.498503 -2.507276 -10.163590 4.678941 4.621104 -20.975996 -0.000001 0.000001 -21.226254 2.451698 -3.593995 0.000000 -0.000006 -0.000000 -1.362681 2.240797 -0.746323 -21.334892 0.584910 3.008319 -13.821196 -0.000001 0.000001 -23.887129 -0.249075 -0.839485 -60.335556 2.615055 -1.041880 -0.294025 1.679686 0.833255 -14.218195 0.093215 1.300579 -34.212002 -0.287561 0.967166 -20.033176 0.964536 1.212838 0.000000 -0.000000 0.000000 -3.440387 0.788233 0.501655 -15.928172 -3.167306 2.999703 -6.338817 -0.000000 0.000001 -18.123419 3.648181 -4.905662 -0.000004 0.000000 -0.000002 4.915944 7.245004 14.023687 51.054138 8.818590 -11.512869 0.617652 43.874222 1.336581 17.941261 -22.376390 4.802104 2.243540 -5.255033 -3.180156 14.282877 -0.826594 6.952496 -0.000000 -12.690593 -0.000001 16.199677 -17.208015 2.442223 1.665665 -1.955920 -2.878297 4.727794 -4.170584 4.993919 11.020511 0.000001 -0.000000 12.109032 -3.735715 -2.866778 0.000000 -0.000000 0.000000 1.291985 -1.928548 -1.498088 14.800115 0.567467 3.865604 14.242553 -1.341738 -6.660648 19.631935 0.143921 -0.648243 49.252422 -0.247869 -6.233016 0.353029 -1.511150 -0.031940 20.222769 3.684305 2.316629 18.787249 0.000001 -0.000001 10.751608 -0.479870 1.397903 0.000000 -0.000000 0.000000 3.273804 0.305947 -0.580110 21.486790 11.830364 2.266131 8.162915 0.000000 -0.000000 18.399052 -3.798986 -4.940567 0.000003 0.000000 -0.000001 10.343527 17.273623 4.483803 0.013216 -0.581735 30.291592 -3.745638 28.775011 -6.246521 2.034146 -2.447987 -3.889540 0.000000 -0.000000 0.000002 -1.795764 -18.811514 -16.273788 0.282467 0.109814 23.717609 4.639792 12.160301 -2.013099 -1.400587 0.717073 -1.618849 0.000000 -0.000000 -0.000001
0.000000 0.000000 0.000000 0.000000 -0.000000 0.000000 0.050826 -2.002422 -1.428683 0.098070 -2.815602 -3.122388 0.373974 -0.972140 3.681088 -0.690979 -2.478988 -3.831975 -3.828331 -6.028443 14.448953 12.846827 -2.724293 9.989066 -5.145408 -14.333340 -3.178669 1.519648 -18.160780 -11.770303 0.000077 -0.000022 0.000006 0.034905 -0.087057 -0.006240 0.695042 -3.830754 -10.650073 -0.627360 3.658271 -10.741014 -14.770021 -16.814327 20.564083 -56.937008 -26.876995 -0.584838 -0.102561 -17.222021 0.218142 -3.638205 3.964286 0.206140 -5.882102 9.861279 0.702590 -10.936861 -0.360574 7.156197 0.000000 8.774815 -0.000000 -16.175341 18.053980 6.048760 -1.844031 2.498503 -2.507276 -10.163590 4.678941 4.621104 -20.975996 -0.000001 0.000001 -21.226254 2.451698 -3.593995 0.000000 -0.000006 -0.000000 -1.362681 2.240797 -0.746323 -21.334892 0.584910 3.008319 -13.821196 -0.000001 0.000001 -23.887129 -0.249075 -0.839485 -60.475262 2.678631 -1.068985 -0.294025 1.679686 0.833255 -14.218195 0.093215 1.300579 -34.212002 -0.287561 0.967166 -20.033176 0.964536 1.212838 0.000000 -0.000000 0.000000 -3.440387 0.788233 0.501655 -15.928172 -3.167306 2.999703 -6.338817 -0.000000 0.000001 -18.123419 3.648181 -4.905662 -0.000004 0.000000 -0.000002 2.414612 7.930823 13.325874 46.947922 6.494230 -18.158604 1.118829 46.980793 1.549692 23.888737 -26.015928 3.799498 2.243540 -5.255033 -3.180156 14.282877 -0.826594 6.952496 -0.000000 -12.690593 -0.000001 16.150705 -17.325983 2.639962 1.665665 -1.955920 -2.878297 4.727794 -4.170584 4.993919 11.020511 0.000001 -0.000000 12.109032 -3.735715 -2.866778 0.000000 -0.000000 0.000000 1.291985 -1.928548 -1.498088 14.800115 0.567467 3.865604 14.242553 -1.341738 -6.660648 19.631935 0.143921 -0.648243 49.495575 -0.254510 -6.246067 0.353029 -1.511150 -0.031940 20.222769 3.684305 2.316629 18.787249 0.000001 -0.000001 10.751608 -0.479870 1.397903 0.000000 -0.000000 0.000000 3.273804 0.305947 -0.580110 21.486790 11.830364 2.266131 8.162915 0.000000 -0.000000 18.399052 -3.798986 -4.940567 0.000003 0.000000 -0.000001 10.343527 17.273623 4.483803 0.013216 -0.581735 30.291592 -3.745638 28.775011 -6.246521 2.034146 -2.447987 -3.889540 0.000000 -0.000000 0.000002 -1.795764 -18.811514 -16.273788 0.282467 0.109814 23.717609 4.639792 12.160301 -2.013099 -1.400587 0.717073 -1.618849 0.000000 -0.000000 -0.000001
0.000000 0.000000 0.000000 0.000000 -0.000000 0.000000 0.050826 -1.906204 -1.428683 0.098070 -2.815602 -3.122388 0.279960 -0.959861 3.585019 -0.664944 -2.551074 -3.832557 -4.020714 -6.197401 14.177576 12.431845 -2.540809 10.018786 -5.274710 -14.762958 -3.191417 0.709707 -18.269741 -11.147766 0.000077 -0.000022 0.000006 0.041680 -0.103993 -0.011938 0.714988 -3.843669 -10.710996 -0.634498 3.638066 -10.810938 -14.772552 -16.406261 20.701578 -56.451271 -25.401598 -0.975394 -0.288509 -16.605387 0.252632 -3.767857 4.064232 0.996792 -5.882102 9.861279 0.702590 -10.936861 -0.360574 7.156197 0.000000 8.774815 -0.000000 -16.284588 17.962637 5.969160 -1.844031 2.498503 -2.507276 -10.163590 4.678941 4.621104 -20.975996 -0.000001 0.000001 -21.226254 2.451698 -3.593995 0.000000 -0.000006 -0.000000 -1.362681 2.240797 -0.746323 -21.334892 0.584910 3.008319 -13.821196 -0.000001 0.000001 -23.887129 -0.249075 -0.839485 -60.690460 2.701985 -1.023235 -0.294025 1.679686 0.833255 -14.218195 0.093215 1.300579 -34.212002 -0.287561 0.967166 -20.033176 0.964536 1.212838 0.000000 -0.000000 0.000000 -3.440387 0.788233 0.501655 -15.928172 -3.167306 2.999703 -6.338817 -0.000000 0.000001 -18.123419 3.648181 -4.905662 -0.000004 0.000000 -0.000002 0.733428 8.068076 12.761661 42.553024 3.458187 -25.698837 0.407595 50.855774 0.876844 27.400103 -30.610962 5.430735 2.243540 -5.255033 -3.180156 14.282877 -0.826594 6.952496 -0.000000 -12.690593 -0.000001 16.259577 -17.783125 2.761395 1.665665 -1.955920 -2.878297 4.727794 -4.170584 4.993919 11.020511 0.000001 -0.000000 12.109032 -3.735715 -2.866778 0.000000 -0.000000 0.000000 1.291985 -1.928548 -1.498088 14.800115 0.567467 3.865604 14.242553 -1.341738 -6.660648 19.631935 0.143921 -0.648243 49.856155 -0.288493 -6.367109 0.353029 -1.511150 -0.031940 20.222769 3.684305 2.316629 18.787249 0.000001 -0.000001 10.751608 -0.479870 1.397903 0.000000 -0.000000 0.000000 3.273804 0.305947 -0.580110 21.486790 11.830364 2.266131 8.162915 0.000000 -0.000000 18.399052 -3.798986 -4.940567 0.000003 0.000000 -0.000001 10.343527 17.273623 4.483803 0.013216 -0.581735 30.291592 -3.745638 28.775011 -6.246521 2.034146 -2.447987 -3.889540 0.000000 -0.000000 0.000002 -1.795764 -18.811514 -16.273788 0.282467 0.109814 23.717609 4.639792 12.160301 -2.013099 -1.400587 0.717073 -1.618849 0.000000 -0.000000 -0.000001
0.000000 0.000000 0.000000 0.000000 -0.000000 0.000000 0.050826 -1.814308 -1.428683 0.098070 -2.815602 -3.122388 0.179350 -1.050864 3.413225 -0.624316 -2.843573 -3.861453 -4.182715 -6.561401 13.919419 12.440999 -2.565107 9.760626 -5.491389 -15.302403 -3.195651 -0.147830 -18.613220 -10.598597 0.000077 -0.000022 0.000006 0.044386 -0.063376 -0.035836 0.733493 -3.795149 -10.771276 -0.647935 3.670596 -10.870263 -14.760100 -16.298716 20.879160 -56.007805 -24.591469 -0.245277 -0.565788 -15.789174 0.282057 -4.270297 4.246900 2.380458 -5.882102 9.861279 0.702590 -10.936861 -0.360574 7.156197 0.000000 8.774815 -0.000000 -16.363380 17.793213 5.819062 -1.844031 2.498503 -2.507276 -10.163590 4.678941 4.621104 -20.975996 -0.000001 0.000001 -21.226254 2.451698 -3.593995 0.000000 -0.000006 -0.000000 -1.362681 2.240797 -0.746323 -21.334892 0.584910 3.008319 -13.821196 -0.000001 0.000001 -23.887129 -0.249075 -0.839485 -60.801704 2.659947 -1.001124 -0.294025 1.679686 0.833255 -14.218195 0.093215 1.300579 -34.212002 -0.287561 0.967166 -20.033176 0.964536 1.212838 0.000000 -0.000000 0.000000 -3.440387 0.788233 0.501655 -15.928172 -3.167306 2.999703 -6.338817 -0.000000 0.000001 -18.123419 3.648181 -4.905662 -0.000004 0.000000 -0.000002 -0.078642 7.681133 12.296221 38.937435 -0.726957 -34.701920 -2.407668 56.853889 -1.561746 26.371077 -35.870235 9.365703 2.243540 -5.255033 -3.180156 14.282877 -0.826594 6.952496 -0.000000 -12.690593 -0.000001 16.333063 -18.333553 2.797818 1.665665 -1.955920 -2.878297 4.727794 -4.170584 4.993919 11.020511 0.000001 -0.000000 12.109032 -3.735715 -2.866778 0.000000 -0.000000 0.000000 1.291985 -1.928548 -1.498088 14.800115 0.567467 3.865604 14.242553 -1.341738 -6.660648 19.631935 0.143921 -0.648243 50.236710 -0.342042 -6.603922 0.353029 -1.511150 -0.031940 20.222769 3.684305 2.316629 18.787249 0.000001 -0.000001 10.751608 -0.479870 1.397903 0.000000 -0.000000 0.000000 3.273804 0.305947 -0.580110 21.486790 11.830364 2.266131 8.162915 0.000000 -0.000000 18.399052 -3.798986 -4.940567 0.000003 0.000000 -0.000001 10.343527 17.273623 4.483803 0.013216 -0.581735 30.291592 -3.745638 28.775011 -6.246521 2.034146 -2.447987 -3.889540 0.000000 -0.000000 0.000002 -1.795764 -18.811514 -16.273788 0.282467 0.109814 23.717609 4.639792 12.160301 -2.013099 -1.400587 0.717073 -1.618849 0.000000 -0.000000 -0.000001
0.000000 0.000000 0.000000 0.000000 -0.000000 0.000000 0.050826 -1.711536 -1.428683 0.098070 -2.815602 -3.122388 0.116673 -1.210593 3.143309 -0.583663 -3.219795 -3.933595 -4.310580 -7.022921 13.697926 12.687305 -2.660583 9.305084 -5.774984 -16.051146 -3.134065 -0.896803 -19.126823 -10.287169 0.000077 -0.000022 0.000006 0.041845 0.019816 -0.069437 0.751650 -3.708552 -10.841980 -0.671502 3.748898 -10.929032 -14.807826 -16.319870 20.993933 -55.618431 -24.249712 1.358659 -0.768801 -15.251701 0.280610 -4.676445 4.207311 3.435431 -5.882102 9.861279 0.702590 -10.936861 -0.360574 7.156197 0.000000 8.774815 -0.000000 -16.330324 17.643259 5.681586 -1.844031 2.498503 -2.507276 -10.163590 4.678941 4.621104 -20.975996 -0.000001 0.000001 -21.226254 2.451698 -3.593995 0.000000 -0.000006 -0.000000 -1.362681 2.240797 -0.746323 -21.334892 0.584910 3.008319 -13.821196 -0.000001 0.000001 -23.887129 -0.249075 -0.839485 -60.706177 2.529567 -1.020650 -0.294025 1.679686 0.833255 -14.218195 0.093215 1.300579 -34.212002 -0.287561 0.967166 -20.033176 0.964536 1.212838 0.000000 -0.000000 0.000000 -3.440387 0.788233 0.501655 -15.928172 -3.167306 2.999703 -6.338817 -0.000000 0.000001 -18.123419 3.648181 -4.905662 -0.000004 0.000000 -0.000002 -0.260069 7.045241 11.905530 36.855881 -5.750547 -45.005974 -7.577144 65.407600 -6.291498 16.347569 -38.506386 16.055687 2.243540 -5.255033 -3.180156 14.282877 -0.826594 6.952496 -0.000000 -12.690593 -0.000001 16.214411 -18.375942 2.994257 1.665665 -1.955920 -2.878297 4.727794 -4.170584 4.993919 11.020511 0.000001 -0.000000 12.109032 -3.735715 -2.866778 0.000000 -0.000000 0.000000 1.291985 -1.928548 -1.498088 14.800115 0.567467 3.865604 14.242553 -1.341738 -6.660648 19.631935 0.143921 -0.648243 50.852962 -0.432214 -6.486991 0.353029 -1.511150 -0.031940 20.222769 3.684305 2.316629 18.787249 0.000001 -0.000001 10.751608 -0.479870 1.397903 0.000000 -0.000000 0.000000 3.273804 0.305947 -0.580110 21.486790 11.830364 2.266131 8.162915 0.000000 -0.000000 18.399052 -3.798986 -4.940567 0.000003 0.000000 -0.000001 10.343527 17.273623 4.483803 0.013216 -0.581735 30.291592 -3.745638 28.775011 -6.246521 2.034146 -2.447987 -3.889540 0.000000 -0.000000 0.000002 -1.795764 -18.811514 -16.273788 0.282467 0.109814 23.717609 4.639792 12.160301 -2.013099 -1.400587 0.717073 -1.618849 0.000000 -0.000000 -0.000001
0.000000 0.000000 0.000000 0.000000 -0.000000 0.000000 0.050826 -1.575399 -1.428683 0.098070 -2.815602 -3.122388 0.099992 -1.365117 2.895434 -0.574685 -3.463457 -4.018236 -4.474736 -7.483402 13.482821 12.941302 -2.721281 8.826803 -6.031022 -16.842207 -3.033176 -1.488032 -19.652390 -10.057006 0.000077 -0.000022 0.000006 0.042411 0.081420 -0.094752 0.769629 -3.642038 -10.871128 -0.688949 3.802627 -10.933206 -15.149945 -16.302662 21.076931 -55.121948 -24.146294 2.966687 -0.822077 -15.098606 0.270359 -4.765736 4.108324 3.805495 -5.882102 9.861279 0.702590 -10.936861 -0.360574 7.156197 0.000000 8.774815 -0.000000 -16.299305 17.577959 5.589052 -1.844031 2.498503 -2.507276 -10.163590 4.678941 4.621104 -20.975996 -0.000001 0.000001 -21.226254 2.451698 -3.593995 0.000000 -0.000006 -0.000000 -1.362681 2.240797 -0.746323 -21.334892 0.584910 3.008319 -13.821196 -0.000001 0.000001 -23.887129 -0.249075 -0.839485 -60.575813 2.399246 -1.094150 -0.294025 1.679686 0.833255 -14.218195 0.093215 1.300579 -34.212002 -0.287561 0.967166 -20.033176 0.964536 1.212838 0.000000 -0.000000 0.000000 -3.440387 0.788233 0.501655 -15.928172 -3.167306 2.999703 -6.338817 -0.000000 0.000001 -18.123419 3.648181 -4.905662 -0.000004 0.000000 -0.000002 -0.327686 6.494046 11.393017 36.419037 -10.578450 -55.079872 -16.214846 74.804764 -14.111687 1.079459 -34.056698 23.022171 2.243540 -5.255033 -3.180156 14.282877 -0.826594 6.952496 -0.000000 -12.690593 -0.000001 15.593149 -18.141275 3.216472 1.665665 -1.955920 -2.878297 4.727794 -4.170584 4.993919 11.020511 0.000001 -0.000000 12.109032 -3.735715 -2.866778 0.000000 -0.000000 0.000000 1.291985 -1.928548 -1.498088 14.800115 0.567467 3.865604 14.242553 -1.341738 -6.660648 19.631935 0.143921 -0.648243 50.819714 -0.583709 -6.299214 0.353029 -1.511150 -0.031940 20.222769 3.684305 2.316629 18.787249 0.000001 -0.000001 10.751608 -0.479870 1.397903 0.000000 -0.000000 0.000000 3.273804 0.305947 -0.580110 21.486790 11.830364 2.266131 8.162915 0.000000 -0.000000 18.399052 -3.798986 -4.940567 0.000003 0.000000 -0.000001 10.343527 17.273623 4.483803 0.013216 -0.581735 30.291592 -3.745638 28.775011 -6.246521 2.034146 -2.447987 -3.889540 0.000000 -0.000000 0.000002 -1.795764 -18.811514 -16.273788 0.282467 0.109814 23.717609 4.639792 12.160301 -2.013099 -1.400587 0.717073 -1.618849 0.000000 -0.000000 -0.000001
0.000000 0.000000 0.000000 0.000000 -0.000000 0.000000 0.050826 -1.465001 -1.428683 0.098070 -2.815602 -3.122388 0.130894 -1.443151 2.631328 -0.580325 -3.629712 -4.047583 -4.743910 -7.898589 13.274036 13.180451 -2.811950 8.414316 -6.246974 -17.550177 -2.945304 -1.988922 -20.174988 -9.932156 0.000077 -0.000022 0.000006 0.053070 0.075534 -0.078980 0.781193 -3.644489 -10.841256 -0.679655 3.790896 -10.875427 -15.731797 -16.344677 20.960890 -54.670254 -23.764177 3.506837 -0.907346 -15.094667 0.286949 -4.245177 3.897499 3.548343 -5.882102 9.861279 0.702590 -10.936861 -0.360574 7.156197 0.000000 8.774815 -0.000000 -16.309515 17.705681 5.622198 -1.844031 2.498503 -2.507276 -10.163590 4.678941 4.621104 -20.975996 -0.000001 0.000001 -21.226254 2.451698 -3.593995 0.000000 -0.000006 -0.000000 -1.362681 2.240797 -0.746323 -21.334892 0.584910 3.008319 -13.821196 -0.000001 0.000001 -23.887129 -0.249075 -0.839485 -60.552811 2.448295 -1.057950 -0.294025 1.679686 0.833255 -14.218195 0.093215 1.300579 -34.212002 -0.287561 0.967166 -20.033176 0.964536 1.212838 0.000000 -0.000000 0.000000 -3.440387 0.788233 0.501655 -15.928172 -3.167306 2.999703 -6.338817 -0.000000 0.000001 -18.123419 3.648181 -4.905662 -0.000004 0.000000 -0.000002 -0.954461 6.019365 10.747942 37.044796 -14.380871 -64.453697 -35.208469 83.409592 -32.064613 -12.408656 -24.624084 25.466181 2.243540 -5.255033 -3.180156 14.282877 -0.826594 6.952496 -0.000000 -12.690593 -0.000001 15.803746 -18.436289 2.936923 1.665665 -1.955920 -2.878297 4.727794 -4.170584 4.993919 11.020511 0.000001 -0.000000 12.109032 -3.735715 -2.866778 0.000000 -0.000000 0.000000 1.291985 -1.928548 -1.498088 14.800115 0.567467 3.865604 14.242553 -1.341738 -6.660648 19.631935 0.143921 -0.648243 51.456955 -0.710717 -6.263900 0.353029 -1.511150 -0.031940 20.222769 3.684305 2.316629 18.787249 0.000001 -0.000001 10.751608 -0.479870 1.397903 0.000000 -0.000000 0.000000 3.273804 0.305947 -0.580110 21.486790 11.830364 2.266131 8.162915 0.000000 -0.000000 18.399052 -3.798986 -4.940567 0.000003 0.000000 -0.000001 10.343527 17.273623 4.483803 0.013216 -0.581735 30.291592 -3.745638 28.775011 -6.246521 2.034146 -2.447987 -3.889540 0.000000 -0.000000 0.000002 -1.795764 -18.811514 -16.273788 0.282467 0.109814 23.717609 4.639792 12.160301 -2.013099 -1.400587 0.717073 -1.618849 0.000000 -0.000000 -0.000001
0.000000 0.000000 0.000000 0.000000 -0.000000 0.000000 0.050826 -1.371747 -1.428683 0.098070 -2.815602 -3.122388 0.223442 -1.390429 2.468101 -0.559437 -3.559075 -4.069081 -5.122528 -8.011411 13.055646 12.985079 -2.669219 8.309136 -6.384346 -17.911280 -2.852968 -2.181385 -20.424757 -9.872271 0.000077 -0.000022 0.000006 0.052385 0.081619 -0.085324 0.773796 -3.640408 -10.875337 -0.673977 3.797645 -10.888662 -16.720236 -16.033180 20.838469 -54.037930 -23.077433 3.075969 -0.878765 -15.464636 0.244215 -3.623181 3.515143 1.984933 -5.882102 9.861279 0.702590 -10.936861 -0.360574 7.156197 0.000000 8.774815 -0.000000 -16.455679 17.794342 5.613508 -1.844031 2.498503 -2.507276 -10.163590 4.678941 4.621104 -20.975996 -0.000001 0.000001 -21.226254 2.451698 -3.593995 0.000000 -0.000006 -0.000000 -1.362681 2.240797 -0.746323 -21.334892 0.584910 3.008319 -13.821196 -0.000001 0.000001 -23.887129 -0.249075 -0.839485 -60.765518 2.525846 -1.034404 -0.294025 1.679686 0.833255 -14.218195 0.093215 1.300579 -34.212002 -0.287561 0.967166 -20.033176 0.964536 1.212838 0.000000 -0.000000 0.000000 -3.440387 0.788233 0.501655 -15.928172 -3.167306 2.999703 -6.338817 -0.000000 0.000001 -18.123419 3.648181 -4.905662 -0.000004 0.000000 -0.000002 -2.149127 6.229703 10.141098 38.174503 -16.773663 -72.014183 -131.569626 85.673195 -127.971260 -24.551828 -13.231748 26.647820 2.243540 -5.255033 -3.180156 14.282877 -0.826594 6.952496 -0.000000 -12.690593 -0.000001 16.676481 -17.994114 2.749322 1.665665 -1.955920 -2.878297 4.727794 -4.170584 4.993919 11.020511 0.000001 -0.000000 12.109032 -3.735715 -2.866778 0.000000 -0.000000 0.000000 1.291985 -1.928548 -1.498088 14.800115 0.567467 3.865604 14.242553 -1.341738 -6.660648 19.631935 0.143921 -0.648243 52.469551 -0.734955 -5.974013 0.353029 -1.511150 -0.031940 20.222769 3.684305 2.316629 18.787249 0.000001 -0.000001 10.751608 -0.479870 1.397903 0.000000 -0.000000 0.000000 3.273804 0.305947 -0.580110 21.486790 11.830364 2.266131 8.162915 0.000000 -0.000000 18.399052 -3.798986 -4.940567 0.000003 0.000000 -0.000001 10.343527 17.273623 4.483803 0.013216 -0.581735 30.291592 -3.745638 28.775011 -6.246521 2.034146 -2.447987 -3.889540 0.000000 -0.000000 0.000002 -1.795764 -18.811514 -16.273788 0.282467 0.109814 23.717609 4.639792 12.160301 -2.013099 -1.400587 0.717073 -1.618849 0.000000 -0.000000 -0.000001
0.000000 0.000000 0.000000 0.000000 -0.000000 0.000000 0.050826 -1.313222 -1.428683 0.098070 -2.815602 -3.122388 0.281479 -1.306610 2.430497 -0.528663 -3.474840 -4.093516 -5.496990 -8.051414 12.861810 12.618285 -2.370367 8.272165 -6.556659 -18.099356 -2.825608 -2.332240 -20.625677 -9.700206 0.000077 -0.000022 0.000006 0.062169 0.064404 -0.094827 0.770584 -3.658708 -10.894508 -0.651201 3.780959 -10.901996 -18.057467 -15.769597 20.757591 -53.183311 -22.106764 1.542823 -0.722030 -15.982578 0.172037 -2.789768 2.884510 0.024148 -5.882102 9.861279 0.702590 -10.936861 -0.360574 7.156197 0.000000 8.774815 -0.000000 -16.427481 17.893126 5.724808 -1.844031 2.498503 -2.507276 -10.163590 4.678941 4.621104 -20.975996 -0.000001 0.000001 -21.226254 2.451698 -3.593995 0.000000 -0.000006 -0.000000 -1.362681 2.240797 -0.746323 -21.334892 0.584910 3.008319 -13.821196 -0.000001 0.000001 -23.887129 -0.249075 -0.839485 -60.838776 2.587106 -0.933689 -0.294025 1.679686 0.833255 -14.218195 0.093215 1.300579 -34.212002 -0.287561 0.967166 -20.033176 0.964536 1.212838 0.000000 -0.000000 0.000000 -3.440387 0.788233 0.501655 -15.928172 -3.167306 2.999703 -6.338817 -0.000000 0.000001 -18.123419 3.648181 -4.905662 -0.000004 0.000000 -0.000002 -3.255577 6.474324 9.635227 38.732853 -18.139582 -78.592957 -165.369278 79.131409 -162.103302 -36.161690 -2.693599 24.470009 2.243540 -5.255033 -3.180156 14.282877 -0.826594 6.952496 -0.000000 -12.690593 -0.000001 17.122587 -18.016956 3.217316 1.665665 -1.955920 -2.878297 4.727794 -4.170584 4.993919 11.020511 0.000001 -0.000000 12.109032 -3.735715 -2.866778 0.000000 -0.000000 0.000000 1.291985 -1.928548 -1.498088 14.800115 0.567467 3.865604 14.242553 -1.341738 -6.660648 19.631935 0.143921 -0.648243 53.790169 -0.896744 -5.709369 0.353029 -1.511150 -0.031940 20.222769 3.684305 2.316629 18.787249 0.000001 -0.000001 10.751608 -0.479870 1.397903 0.000000 -0.000000 0.000000 3.273804 0.305947 -0.580110 21.486790 11.830364 2.266131 8.162915 0.000000 -0.000000 18.399052 -3.798986 -4.940567 0.000003 0.000000 -0.000001 10.343527 17.273623 4.483803 0.013216 -0.581735 30.291592 -3.745638 28.775011 -6.246521 2.034146 -2.447987 -3.889540 0.000000 -0.000000 0.000002 -1.795764 -18.811514 -16.273788 0.282467 0.109814 23.717609 4.639792 12.160301 -2.013099 -1.400587 0.717073 -1.618849 0.000000 -0.000000 -0.000001
0.000000 0.000000 0.000000 0.000000 -0.000000 0.000000 0.050826 -1.245565 -1.428683 0.098070 -2.815602 -3.122388 0.316785 -1.260108 2.454550 -0.490040 -3.345422 -4.083365 -5.818468 -7.997811 12.675393 12.049521 -2.023355 8.411031 -6.591436 -17.981413 -2.812154 -2.519874 -20.556177 -9.232204 0.000077 -0.000022 0.000006 0.077406 0.024599 -0.104436 0.774894 -3.694455 -10.894631 -0.624863 3.736753 -10.901822 -19.534595 -15.533756 20.752743 -52.152184 -20.980844 -0.497370 -0.534158 -16.708693 0.125178 -2.169039 2.308919 -1.950210 -5.882102 9.861279 0.702590 -10.936861 -0.360574 7.156197 0.000000 8.774815 -0.000000 -16.354742 17.949102 5.882830 -1.844031 2.498503 -2.507276 -10.163590 4.678941 4.621104 -20.975996 -0.000001 0.000001 -21.226254 2.451698 -3.593995 0.000000 -0.000006 -0.000000 -1.362681 2.240797 -0.746323 -21.334892 0.584910 3.008319 -13.821196 -0.000001 0.000001 -23.887129 -0.249075 -0.839485 -60.788929 2.683871 -0.903983 -0.294025 1.679686 0.833255 -14.218195 0.093215 1.300579 -34.212002 -0.287561 0.967166 -20.033176 0.964536 1.212838 0.000000 -0.000000 0.000000 -3.440387 0.788233 0.501655 -15.928172 -3.167306 2.999703 -6.338817 -0.000000 0.000001 -18.123419 3.648181 -4.905662 -0.000004 0.000000 -0.000002 -3.492602 6.681137 9.150375 37.762299 -18.466925 -83.564354 -172.094101 73.323601 -169.589218 -49.703663 8.150068 19.763988 2.243540 -5.255033 -3.180156 14.282877 -0.826594 6.952496 -0.000000 -12.690593 -0.000001 17.079727 -18.950874 3.619483 1.665665 -1.955920 -2.878297 4.727794 -4.170584 4.993919 11.020511 0.000001 -0.000000 12.109032 -3.735715 -2.866778 0.000000 -0.000000 0.000000 1.291985 -1.928548 -1.498088 14.800115 0.567467 3.865604 14.242553 -1.341738 -6.660648 19.631935 0.143921 -0.648243 54.396862 -1.002281 -5.792107 0.353029 -1.511150 -0.031940 20.222769 3.684305 2.316629 18.787249 0.000001 -0.000001 10.751608 -0.479870 1.397903 0.000000 -0.000000 0.000000 3.273804 0.305947 -0.580110 21.486790 11.830364 2.266131 8.162915 0.000000 -0.000000 18.399052 -3.798986 -4.940567 0.000003 0.000000 -0.000001 10.343527 17.273623 4.483803 0.013216 -0.581735 30.291592 -3.745638 28.775011 -6.246521 2.034146 -2.447987 -3.889540 0.000000 -0.000000 0.000002 -1.795764 -18.811514 -16.273788 0.282467 0.109814 23.717609 4.639792 12.160301 -2.013099 -1.400587 0.717073 -1.618849 0.000000 -0.000000 -0.000001
0.000000 0.000000 0.000000 0.000000 -0.000000 0.000000 0.050826 -1.164248 -1.428683 0.098070 -2.815602 -3.122388 0.252122 -1.291881 2.358228 -0.489412 -3.194548 -4.045834 -6.017653 -7.902444 12.511178 11.587999 -1.819338 8.821357 -6.502875 -17.638355 -2.834798 -2.881244 -20.056257 -8.524884 0.000077 -0.000022 0.000006 0.082421 -0.023472 -0.095373 0.773770 -3.734922 -10.827781 -0.613383 3.681022 -10.837173 -20.686459 -15.256039 20.790716 -51.310921 -20.126524 -2.193665 -0.380604 -17.144156 0.145464 -1.910507 1.889684 -3.635229 -5.882102 9.861279 0.702590 -10.936861 -0.360574 7.156197 0.000000 8.774815 -0.000000 -16.349182 18.046085 5.994565 -1.844031 2.498503 -2.507276 -10.163590 4.678941 4.621104 -20.975996 -0.000001 0.000001 -21.226254 2.451698 -3.593995 0.000000 -0.000006 -0.000000 -1.362681 2.240797 -0.746323 -21.334892 0.584910 3.008319 -13.821196 -0.000001 0.000001 -23.887129 -0.249075 -0.839485 -60.739273 2.794765 -1.104117 -0.294025 1.679686 0.833255 -14.218195 0.093215 1.300579 -34.212002 -0.287561 0.967166 -20.033176 0.964536 1.212838 0.000000 -0.000000 0.000000 -3.440387 0.788233 0.501655 -15.928172 -3.167306 2.999703 -6.338817 -0.000000 0.000001 -18.123419 3.648181 -4.905662 -0.000004 0.000000 -0.000002 -2.508603 6.808474 8.870810 35.078178 -18.089195 -86.417953 -173.267136 69.049347 -171.593536 -63.262905 20.228947 12.962203 2.243540 -5.255033 -3.180156 14.282877 -0.826594 6.952496 -0.000000 -12.690593 -0.000001 17.224649 -19.611368 3.496663 1.665665 -1.955920 -2.878297 4.727794 -4.170584 4.993919 11.020511 0.000001 -0.000000 12.109032 -3.735715 -2.866778 0.000000 -0.000000 0.000000 1.291985 -1.928548 -1.498088 14.800115 0.567467 3.865604 14.242553 -1.341738 -6.660648 19.631935 0.143921 -0.648243 54.908577 -1.029885 -5.957103 0.353029 -1.511150 -0.031940 20.222769 3.684305 2.316629 18.787249 0.000001 -0.000001 10.751608 -0.479870 1.397903 0.000000 -0.000000 0.000000 3.273804 0.305947 -0.580110 21.486790 11.830364 2.266131 8.162915 0.000000 -0.000000 18.399052 -3.798986 -4.940567 0.000003 0.000000 -0.000001 10.343527 17.273623 4.483803 0.013216 -0.581735 30.291592 -3.745638 28.775011 -6.246521 2.034146 -2.447987 -3.889540 0.000000 -0.000000 0.000002 -1.795764 -18.811514 -16.273788 0.282467 0.109814 23.717609 4.639792 12.160301 -2.013099 -1.400587 0.717073 -1.618849 0.000000 -0.000000 -0.000001
0.000000 0.000000 0.000000 0.000000 -0.000000 0.000000 0.050826 -1.091701 -1.428683 0.098070 -2.815602 -3.122388 0.097984 -1.321991 2.143198 -0.520493 -3.055472 -4.095188 -6.012123 -7.819214 12.460112 11.397867 -1.824676 9.329568 -6.478662 -17.196947 -2.870990 -3.257059 -19.459312 -7.979394 0.000077 -0.000022 0.000006 0.085490 -0.047199 -0.094319 0.780622 -3.755846 -10.783916 -0.613453 3.655431 -10.798830 -21.045870 -14.860197 20.703484 -51.187576 -19.860870 -2.504498 -0.283157 -17.220648 0.160300 -1.744652 1.729460 -4.578896 -5.882102 9.861279 0.702590 -10.936861 -0.360574 7.156197 0.000000 8.774815 -0.000000 -16.322058 18.098801 5.967554 -1.844031 2.498503 -2.507276 -10.163590 4.678941 4.621104 -20.975996 -0.000001 0.000001 -21.226254 2.451698 -3.593995 0.000000 -0.000006 -0.000000 -1.362681 2.240797 -0.746323 -21.334892 0.584910 3.008319 -13.821196 -0.000001 0.000001 -23.887129 -0.249075 -0.839485 -60.673904 2.826537 -1.330173 -0.294025 1.679686 0.833255 -14.218195 0.093215 1.300579 -34.212002 -0.287561 0.967166 -20.033176 0.964536 1.212838 0.000000 -0.000000 0.000000 -3.440387 0.788233 0.501655 -15.928172 -3.167306 2.999703 -6.338817 -0.000000 0.000001 -18.123419 3.648181 -4.905662 -0.000004 0.000000 -0.000002 -1.207713 6.965567 8.953588 32.375565 -17.664309 -86.405579 -172.005722 66.184647 -171.025375 -69.685173 29.368618 9.507414 2.243540 -5.255033 -3.180156 14.282877 -0.826594 6.952496 -0.000000 -12.690593 -0.000001 17.331442 -19.585747 3.558785 1.665665 -1.955920 -2.878297 4.727794 -4.170584 4.993919 11.020511 0.000001 -0.000000 12.109032 -3.735715 -2.866778 0.000000 -0.000000 0.000000 1.291985 -1.928548 -1.498088 14.800115 0.567467 3.865604 14.242553 -1.341738 -6.660648 19.631935 0.143921 -0.648243 53.963062 -1.116335 -6.141808 0.353029 -1.511150 -0.031940 20.222769 3.684305 2.316629 18.787249 0.000001 -0.000001 10.751608 -0.479870 1.397903 0.000000 -0.000000 0.000000 3.273804 0.305947 -0.580110 21.486790 11.830364 2.266131 8.162915 0.000000 -0.000000 18.399052 -3.798986 -4.940567 0.000003 0.000000 -0.000001 10.343527 17.273623 4.483803 0.013216 -0.581735 30.291592 -3.745638 28.775011 -6.246521 2.034146 -2.447987 -3.889540 0.000000 -0.000000 0.000002 -1.795764 -18.811514 -16.273788 0.282467 0.109814 23.717609 4.639792 12.160301 -2.013099 -1.400587 0.717073 -1.618849 0.000000 -0.000000 -0.000001
0.000000 0.000000 0.000000 0.000000 -0.000000 0.000000 0.050826 -1.063526 -1.428683 0.098070 -2.815602 -3.122388 -0.012024 -1.279311 1.977222 -0.553255 -2.985112 -4.130372 -5.876111 -7.830923 12.394624 11.430286 -1.991872 9.623652 -6.496933 -16.807587 -2.924635 -3.591439 -19.116991 -7.775899 0.000077 -0.000022 0.000006 0.080515 -0.037658 -0.096993 0.784037 -3.748241 -10.765944 -0.626172 3.666455 -10.794838 -20.873272 -14.411489 20.417210 -51.546513 -19.968822 -1.525213 -0.349322 -17.238220 0.188953 -1.769446 1.578597 -4.235302 -5.882102 9.861279 0.702590 -10.936861 -0.360574 7.156197 0.000000 8.774815 -0.000000 -16.204201 18.112480 5.879791 -1.844031 2.498503 -2.507276 -10.163590 4.678941 4.621104 -20.975996 -0.000001 0.000001 -21.226254 2.451698 -3.593995 0.000000 -0.000006 -0.000000 -1.362681 2.240797 -0.746323 -21.334892 0.584910 3.008319 -13.821196 -0.000001 0.000001 -23.887129 -0.249075 -0.839485 -60.558369 2.850154 -1.465975 -0.294025 1.679686 0.833255 -14.218195 0.093215 1.300579 -34.212002 -0.287561 0.967166 -20.033176 0.964536 1.212838 0.000000 -0.000000 0.000000 -3.440387 0.788233 0.501655 -15.928172 -3.167306 2.999703 -6.338817 -0.000000 0.000001 -18.123419 3.648181 -4.905662 -0.000004 0.000000 -0.000002 -0.254144 7.000759 9.249063 30.727810 -17.508169 -84.384712 -170.758759 66.300003 -170.130997 -70.883308 34.184563 6.642262 2.243540 -5.255033 -3.180156 14.282877 -0.826594 6.952496 -0.000000 -12.690593 -0.000001 17.115917 -19.786390 3.331636 1.665665 -1.955920 -2.878297 4.727794 -4.170584 4.993919 11.020511 0.000001 -0.000000 12.109032 -3.735715 -2.866778 0.000000 -0.000000 0.000000 1.291985 -1.928548 -1.498088 14.800115 0.567467 3.865604 14.242553 -1.341738 -6.660648 19.631935 0.143921 -0.648243 53.159760 -1.091897 -6.387831 0.353029 -1.511150 -0.031940 20.222769 3.684305 2.316629 18.787249 0.000001 -0.000001 10.751608 -0.479870 1.397903 0.000000 -0.000000 0.000000 3.273804 0.305947 -0.580110 21.486790 11.830364 2.266131 8.162915 0.000000 -0.000000 18.399052 -3.798986 -4.940567 0.000003 0.000000 -0.000001 10.343527 17.273623 4.483803 0.013216 -0.581735 30.291592 -3.745638 28.775011 -6.246521 2.034146 -2.447987 -3.889540 0.000000 -0.000000 0.000002 -1.795764 -18.811514 -16.273788 0.282467 0.109814 23.717609 4.639792 12.160301 -2.013099 -1.400587 0.717073 -1.618849 0.000000 -0.000000 -0.000001
0.000000 0.000000 0.000000 0.000000 -0.000000 0.000000 0.050826 -1.094311 -1.428683 0.098070 -2.815602 -3.122388 0.009037 -1.192095 1.786090 -0.569954 -2.925020 -4.146465 -5.773859 -7.873406 12.393881 11.521254 -2.199321 9.525644 -6.402979 -16.806633 -2.967358 -3.720915 -19.143005 -7.868522 0.000077 -0.000022 0.000006 0.061558 -0.019772 -0.097811 0.775854 -3.731586 -10.761994 -0.655355 3.684650 -10.803561 -20.637901 -14.101328 20.007704 -51.849686 -20.259897 0.388943 -0.556311 -17.232735 0.266131 -1.771137 1.368284 -2.129327 -5.882102 9.861279 0.702590 -10.936861 -0.360574 7.156197 0.000000 8.774815 -0.000000 -16.151144 18.033951 5.834372 -1.844031 2.498503 -2.507276 -10.163590 4.678941 4.621104 -20.975996 -0.000001 0.000001 -21.226254 2.451698 -3.593995 0.000000 -0.000006 -0.000000 -1.362681 2.240797 -0.746323 -21.334892 0.584910 3.008319 -13.821196 -0.000001 0.000001 -23.887129 -0.249075 -0.839485 -60.608837 2.855837 -1.343625 -0.294025 1.679686 0.833255 -14.218195 0.093215 1.300579 -34.212002 -0.287561 0.967166 -20.033176 0.964536 1.212838 0.000000 -0.000000 0.000000 -3.440387 0.788233 0.501655 -15.928172 -3.167306 2.999703 -6.338817 -0.000000 0.000001 -18.123419 3.648181 -4.905662 -0.000004 0.000000 -0.000002 0.449756 6.756365 9.733417 30.025661 -17.839979 -81.866234 -170.046265 69.966049 -169.192291 -68.020020 29.163031 4.849987 2.243540 -5.255033 -3.180156 14.282877 -0.826594 6.952496 -0.000000 -12.690593 -0.000001 16.866167 -19.755333 2.396978 1.665665 -1.955920 -2.878297 4.727794 -4.170584 4.993919 11.020511 0.000001 -0.000000 12.109032 -3.735715 -2.866778 0.000000 -0.000000 0.000000 1.291985 -1.928548 -1.498088 14.800115 0.567467 3.865604 14.242553 -1.341738 -6.660648 19.631935 0.143921 -0.648243 54.195396 -0.822195 -6.281157 0.353029 -1.511150 -0.031940 20.222769 3.684305 2.316629 18.787249 0.000001 -0.000001 10.751608 -0.479870 1.397903 0.000000 -0.000000 0.000000 3.273804 0.305947 -0.580110 21.486790 11.830364 2.266131 8.162915 0.000000 -0.000000 18.399052 -3.798986 -4.940567 0.000003 0.000000 -0.000001 10.343527 17.273623 4.483803 0.013216 -0.581735 30.291592 -3.745638 28.775011 -6.246521 2.034146 -2.447987 -3.889540 0.000000 -0.000000 0.000002 -1.795764 -18.811514 -16.273788 0.282467 0.109814 23.717609 4.639792 12.160301 -2.013099 -1.400587 0.717073 -1.618849 0.000000 -0.000000 -0.000001
0.000000 0.000000 0.000000 0.000000 -0.000000 0.000000 0.050826 -1.177132 -1.428683 0.098070 -2.815602 -3.122388 0.089876 -1.201450 1.728450 -0.499781 -2.899537 -4.267556 -5.758055 -7.638434 12.468888 11.505825 -2.121948 9.246820 -6.346294 -17.454630 -3.009889 -3.697582 -19.355858 -8.056355 0.000077 -0.000022 0.000006 0.068138 -0.033004 -0.099032 0.766951 -3.756124 -10.790046 -0.633130 3.685517 -10.821959 -20.663076 -14.121072 19.963314 -51.767666 -20.621632 2.538877 -0.445670 -17.189268 0.261992 -1.480428 1.439280 0.509353 -5.882102 9.861279 0.702590 -10.936861 -0.360574 7.156197 0.000000 8.774815 -0.000000 -15.973255 17.918938 5.979715 -1.844031 2.498503 -2.507276 -10.163590 4.678941 4.621104 -20.975996 -0.000001 0.000001 -21.226254 2.451698 -3.593995 0.000000 -0.000006 -0.000000 -1.362681 2.240797 -0.746323 -21.334892 0.584910 3.008319 -13.821196 -0.000001 0.000001 -23.887129 -0.249075 -0.839485 -60.796558 2.754870 -1.012581 -0.294025 1.679686 0.833255 -14.218195 0.093215 1.300579 -34.212002 -0.287561 0.967166 -20.033176 0.964536 1.212838 0.000000 -0.000000 0.000000 -3.440387 0.788233 0.501655 -15.928172 -3.167306 2.999703 -6.338817 -0.000000 0.000001 -18.123419 3.648181 -4.905662 -0.000004 0.000000 -0.000002 0.845584 6.387014 10.312393 29.459494 -18.496677 -80.887901 -171.953888 73.682152 -170.645660 -60.017147 1.746238 10.251149 2.243540 -5.255033 -3.180156 14.282877 -0.826594 6.952496 -0.000000 -12.690593 -0.000001 17.414349 -17.789448 1.449316 1.665665 -1.955920 -2.878297 4.727794 -4.170584 4.993919 11.020511 0.000001 -0.000000 12.109032 -3.735715 -2.866778 0.000000 -0.000000 0.000000 1.291985 -1.928548 -1.498088 14.800115 0.567467 3.865604 14.242553 -1.341738 -6.660648 19.631935 0.143921 -0.648243 52.792919 -0.481831 -5.629617 0.353029 -1.511150 -0.031940 20.222769 3.684305 2.316629 18.787249 0.000001 -0.000001 10.751608 -0.479870 1.397903 0.000000 -0.000000 0.000000 3.273804 0.305947 -0.580110 21.486790 11.830364 2.266131 8.162915 0.000000 -0.000000 18.399052 -3.798986 -4.940567 0.000003 0.000000 -0.000001 10.343527 17.273623 4.483803 0.013216 -0.581735 30.291592 -3.745638 28.775011 -6.246521 2.034146 -2.447987 -3.889540 0.000000 -0.000000 0.000002 -1.795764 -18.811514 -16.273788 0.282467 0.109814 23.717609 4.639792 12.160301 -2.013099 -1.400587 0.717073 -1.618849 0.000000 -0.000000 -0.000001
0.000000 0.000000 0.000000 0.000000 -0.000000 0.000000 0.050826 -1.231911 -1.428683 0.098070 -2.815602 -3.122388 0.121656 -1.281741 1.740361 -0.477388 -3.003655 -4.266645 -5.654813 -7.387669 12.462324 11.501364 -2.101801 8.978694 -6.402355 -17.682877 -2.959405 -3.767243 -19.812243 -7.842477 0.000077 -0.000022 0.000006 0.086029 -0.053017 -0.130446 0.781264 -3.783237 -10.851141 -0.612039 3.674255 -10.864360 -20.667894 -14.272292 20.025036 -51.708225 -20.895020 3.664298 -0.309486 -16.934845 0.260822 -0.928727 1.779562 2.527804 -5.882102 9.861279 0.702590 -10.936861 -0.360574 7.156197 0.000000 8.774815 -0.000000 -16.213186 17.817293 5.912227 -1.844031 2.498503 -2.507276 -10.163590 4.678941 4.621104 -20.975996 -0.000001 0.000001 -21.226254 2.451698 -3.593995 0.000000 -0.000006 -0.000000 -1.362681 2.240797 -0.746323 -21.334892 0.584910 3.008319 -13.821196 -0.000001 0.000001 -23.887129 -0.249075 -0.839485 -60.813572 2.513892 -1.015621 -0.294025 1.679686 0.833255 -14.218195 0.093215 1.300579 -34.212002 -0.287561 0.967166 -20.033176 0.964536 1.212838 0.000000 -0.000000 0.000000 -3.440387 0.788233 0.501655 -15.928172 -3.167306 2.999703 -6.338817 -0.000000 0.000001 -18.123419 3.648181 -4.905662 -0.000004 0.000000 -0.000002 1.596528 5.859183 10.846053 27.846918 -19.928188 -78.136009 -171.917664 76.314812 -170.997253 -55.181564 -11.836332 17.957184 2.243540 -5.255033 -3.180156 14.282877 -0.826594 6.952496 -0.000000 -12.690593 -0.000001 17.250437 -16.191206 1.375761 1.665665 -1.955920 -2.878297 4.727794 -4.170584 4.993919 11.020511 0.000001 -0.000000 12.109032 -3.735715 -2.866778 0.000000 -0.000000 0.000000 1.291985 -1.928548 -1.498088 14.800115 0.567467 3.865604 14.242553 -1.341738 -6.660648 19.631935 0.143921 -0.648243 48.952789 -0.638121 -5.421488 0.353029 -1.511150 -0.031940 20.222769 3.684305 2.316629 18.787249 0.000001 -0.000001 10.751608 -0.479870 1.397903 0.000000 -0.000000 0.000000 3.273804 0.305947 -0.580110 21.486790 11.830364 2.266131 8.162915 0.000000 -0.000000 18.399052 -3.798986 -4.940567 0.000003 0.000000 -0.000001 10.343527 17.273623 4.483803 0.013216 -0.581735 30.291592 -3.745638 28.775011 -6.246521 2.034146 -2.447987 -3.889540 0.000000 -0.000000 0.000002 -1.795764 -18.811514 -16.273788 0.282467 0.109814 23.717609 4.639792 12.160301 -2.013099 -1.400587 0.717073 -1.618849 0.000000 -0.000000 -0.000001
0.000000 0.000000 0.000000 0.000000 -0.000000 0.000000 0.050826 -1.215927 -1.428683 0.098070 -2.815602 -3.122388 0.119683 -1.251043 1.578668 -0.494861 -3.173717 -4.267732 -5.600717 -7.439648 12.579894 11.824375 -2.215203 8.795575 -6.403063 -17.459045 -2.883868 -3.995144 -19.896763 -7.984999 0.000077 -0.000022 0.000006 0.075016 -0.028278 -0.114641 0.753831 -3.758263 -10.832988 -0.606229 3.693725 -10.823810 -20.351778 -14.332324 19.944012 -51.935234 -20.652487 4.352719 -0.257108 -17.416664 0.203767 -0.893026 1.616161 4.232683 -5.882102 9.861279 0.702590 -10.936861 -0.360574 7.156197 0.000000 8.774815 -0.000000 -16.316648 17.893681 6.124444 -1.844031 2.498503 -2.507276 -10.163590 4.678941 4.621104 -20.975996 -0.000001 0.000001 -21.226254 2.451698 -3.593995 0.000000 -0.000006 -0.000000 -1.362681 2.240797 -0.746323 -21.334892 0.584910 3.008319 -13.821196 -0.000001 0.000001 -23.887129 -0.249075 -0.839485 -60.980598 2.392993 -0.752973 -0.294025 1.679686 0.833255 -14.218195 0.093215 1.300579 -34.212002 -0.287561 0.967166 -20.033176 0.964536 1.212838 0.000000 -0.000000 0.000000 -3.440387 0.788233 0.501655 -15.928172 -3.167306 2.999703 -6.338817 -0.000000 0.000001 -18.123419 3.648181 -4.905662 -0.000004 0.000000 -0.000002 3.577663 5.023201 11.693636 24.141850 -22.356077 -70.926987 -172.819489 74.427055 -172.180923 -46.680660 -1.781841 31.945423 2.243540 -5.255033 -3.180156 14.282877 -0.826594 6.952496 -0.000000 -12.690593 -0.000001 18.223713 -16.542379 1.063960 1.665665 -1.955920 -2.878297 4.727794 -4.170584 4.993919 11.020511 0.000001 -0.000000 12.109032 -3.735715 -2.866778 0.000000 -0.000000 0.000000 1.291985 -1.928548 -1.498088 14.800115 0.567467 3.865604 14.242553 -1.341738 -6.660648 19.631935 0.143921 -0.648243 50.004562 -0.866613 -5.685254 0.353029 -1.511150 -0.031940 20.222769 3.684305 2.316629 18.787249 0.000001 -0.000001 10.751608 -0.479870 1.397903 0.000000 -0.000000 0.000000 3.273804 0.305947 -0.580110 21.486790 11.830364 2.266131 8.162915 0.000000 -0.000000 18.399052 -3.798986 -4.940567 0.000003 0.000000 -0.000001 10.343527 17.273623 4.483803 0.013216 -0.581735 30.291592 -3.745638 28.775011 -6.246521 2.034146 -2.447987 -3.889540 0.000000 -0.000000 0.000002 -1.795764 -18.811514 -16.273788 0.282467 0.109814 23.717609 4.639792 12.160301 -2.013099 -1.400587 0.717073 -1.618849 0.000000 -0.000000 -0.000001
0.000000 0.000000 0.000000 0.000000 -0.000000 0.000000 0.050826 -1.235489 -1.428683 0.098070 -2.815602 -3.122388 0.147852 -1.142398 1.537821 -0.519396 -3.117851 -4.353966 -5.527286 -7.237263 12.683308 12.038345 -2.623094 8.957471 -6.299540 -16.836050 -2.860899 -4.036613 -19.200592 -8.034622 0.000077 -0.000022 0.000006 0.046954 -0.026023 -0.090658 0.734063 -3.748702 -10.788064 -0.642931 3.684234 -10.770941 -19.889923 -14.043961 19.813429 -52.323277 -20.092470 5.074273 -0.310544 -18.650980 0.127101 -1.769266 1.101289 4.744653 -5.882102 9.861279 0.702590 -10.936861 -0.360574 7.156197 0.000000 8.774815 -0.000000 -16.263411 17.947805 6.408895 -1.844031 2.498503 -2.507276 -10.163590 4.678941 4.621104 -20.975996 -0.000001 0.000001 -21.226254 2.451698 -3.593995 0.000000 -0.000006 -0.000000 -1.362681 2.240797 -0.746323 -21.334892 0.584910 3.008319 -13.821196 -0.000001 0.000001 -23.887129 -0.249075 -0.839485 -61.422962 2.385347 -0.582778 -0.294025 1.679686 0.833255 -14.218195 0.093215 1.300579 -34.212002 -0.287561 0.967166 -20.033176 0.964536 1.212838 0.000000 -0.000000 0.000000 -3.440387 0.788233 0.501655 -15.928172 -3.167306 2.999703 -6.338817 -0.000000 0.000001 -18.123419 3.648181 -4.905662 -0.000004 0.000000 -0.000002 5.504449 4.658176 12.890633 18.873001 -23.684298 -63.239902 -176.220291 72.194031 -175.685776 -35.356758 14.067373 46.543335 2.243540 -5.255033 -3.180156 14.282877 -0.826594 6.952496 -0.000000 -12.690593 -0.000001 18.911959 -16.792660 1.304355 1.665665 -1.955920 -2.878297 4.727794 -4.170584 4.993919 11.020511 0.000001 -0.000000 12.109032 -3.735715 -2.866778 0.000000 -0.000000 0.000000 1.291985 -1.928548 -1.498088 14.800115 0.567467 3.865604 14.242553 -1.341738 -6.660648 19.631935 0.143921 -0.648243 51.618515 -0.998760 -5.831318 0.353029 -1.511150 -0.031940 20.222769 3.684305 2.316629 18.787249 0.000001 -0.000001 10.751608 -0.479870 1.397903 0.000000 -0.000000 0.000000 3.273804 0.305947 -0.580110 21.486790 11.830364 2.266131 8.162915 0.000000 -0.000000 18.399052 -3.798986 -4.940567 0.000003 0.000000 -0.000001 10.343527 17.273623 4.483803 0.013216 -0.581735 30.291592 -3.745638 28.775011 -6.246521 2.034146 -2.447987 -3.889540 0.000000 -0.000000 0.000002 -1.795764 -18.811514 -16.273788 0.282467 0.109814 23.717609 4.639792 12.160301 -2.013099 -1.400587 0.717073 -1.618849 0.000000 -0.000000 -0.000001
0.000000 0.000000 0.000000 0.000000 -0.000000 0.000000 0.050826 -1.279274 -1.428683 0.098070 -2.815602 -3.122388 0.116164 -1.149098 1.466930 -0.558914 -2.987804 -4.427580 -5.508954 -6.991292 12.744483 12.540030 -3.163852 9.398650 -6.284503 -16.289398 -3.025796 -4.241845 -18.359911 -7.721286 0.000077 -0.000022 0.000006 0.056701 -0.093137 -0.067780 0.764172 -3.805562 -10.700134 -0.654438 3.608145 -10.700896 -19.440968 -13.685838 19.551847 -52.721806 -19.323566 6.225192 -0.467688 -19.724888 0.145863 -2.849502 0.538526 4.970136 -5.882102 9.861279 0.702590 -10.936861 -0.360574 7.156197 0.000000 8.774815 -0.000000 -16.204924 18.118341 6.542188 -1.844031 2.498503 -2.507276 -10.163590 4.678941 4.621104 -20.975996 -0.000001 0.000001 -21.226254 2.451698 -3.593995 0.000000 -0.000006 -0.000000 -1.362681 2.240797 -0.746323 -21.334892 0.584910 3.008319 -13.821196 -0.000001 0.000001 -23.887129 -0.249075 -0.839485 -61.546535 2.540744 -0.763248 -0.294025 1.679686 0.833255 -14.218195 0.093215 1.300579 -34.212002 -0.287561 0.967166 -20.033176 0.964536 1.212838 0.000000 -0.000000 0.000000 -3.440387 0.788233 0.501655 -15.928172 -3.167306 2.999703 -6.338817 -0.000000 0.000001 -18.123419 3.648181 -4.905662 -0.000004 0.000000 -0.000002 6.267705 4.883605 13.671682 14.532622 -23.197668 -58.167736 177.591827 70.974098 179.470322 -25.029215 23.507425 57.121311 2.243540 -5.255033 -3.180156 14.282877 -0.826594 6.952496 -0.000000 -12.690593 -0.000001 19.153448 -17.857931 1.180979 1.665665 -1.955920 -2.878297 4.727794 -4.170584 4.993919 11.020511 0.000001 -0.000000 12.109032 -3.735715 -2.866778 0.000000 -0.000000 0.000000 1.291985 -1.928548 -1.498088 14.800115 0.567467 3.865604 14.242553 -1.341738 -6.660648 19.631935 0.143921 -0.648243 53.210922 -1.130403 -6.433757 0.353029 -1.511150 -0.031940 20.222769 3.684305 2.316629 18.787249 0.000001 -0.000001 10.751608 -0.479870 1.397903 0.000000 -0.000000 0.000000 3.273804 0.305947 -0.580110 21.486790 11.830364 2.266131 8.162915 0.000000 -0.000000 18.399052 -3.798986 -4.940567 0.000003 0.000000 -0.000001 10.343527 17.273623 4.483803 0.013216 -0.581735 30.291592 -3.745638 28.775011 -6.246521 2.034146 -2.447987 -3.889540 0.000000 -0.000000 0.000002 -1.795764 -18.811514 -16.273788 0.282467 0.109814 23.717609 4.639792 12.160301 -2.013099 -1.400587 0.717073 -1.618849 0.000000 -0.000000 -0.000001
0.000000 0.000000 0.000000 0.000000 -0.000000 0.000000 0.050826 -1.263939 -1.428683 0.098070 -2.815602 -3.122388 0.058086 -1.117003 1.402245 -0.558813 -2.866872 -4.492263 -5.558139 -6.874138 12.697760 12.967655 -3.407248 9.774561 -6.283999 -16.192806 -3.082381 -4.341442 -17.798735 -7.375744 0.000077 -0.000022 0.000006 0.063547 -0.155591 -0.068487 0.785500 -3.865033 -10.707397 -0.662505 3.545272 -10.714257 -19.214138 -13.273717 19.540857 -52.810844 -19.019531 7.956752 -0.541638 -19.900873 0.141806 -3.546354 0.272330 5.007370 -5.882102 9.861279 0.702590 -10.936861 -0.360574 7.156197 0.000000 8.774815 -0.000000 -16.177505 18.190634 6.398015 -1.844031 2.498503 -2.507276 -10.163590 4.678941 4.621104 -20.975996 -0.000001 0.000001 -21.226254 2.451698 -3.593995 0.000000 -0.000006 -0.000000 -1.362681 2.240797 -0.746323 -21.334892 0.584910 3.008319 -13.821196 -0.000001 0.000001 -23.887129 -0.249075 -0.839485 -61.375664 2.522595 -0.835555 -0.294025 1.679686 0.833255 -14.218195 0.093215 1.300579 -34.212002 -0.287561 0.967166 -20.033176 0.964536 1.212838 0.000000 -0.000000 0.000000 -3.440387 0.788233 0.501655 -15.928172 -3.167306 2.999703 -6.338817 -0.000000 0.000001 -18.123419 3.648181 -4.905662 -0.000004 0.000000 -0.000002 5.978178 5.462741 13.709430 14.286880 -21.409502 -57.300877 176.427719 71.205109 179.479431 -21.273094 27.745958 62.495918 2.243540 -5.255033 -3.180156 14.282877 -0.826594 6.952496 -0.000000 -12.690593 -0.000001 19.217005 -18.593699 1.162743 1.665665 -1.955920 -2.878297 4.727794 -4.170584 4.993919 11.020511 0.000001 -0.000000 12.109032 -3.735715 -2.866778 0.000000 -0.000000 0.000000 1.291985 -1.928548 -1.498088 14.800115 0.567467 3.865604 14.242553 -1.341738 -6.660648 19.631935 0.143921 -0.648243 53.965187 -1.173241 -6.733264 0.353029 -1.511150 -0.031940 20.222769 3.684305 2.316629 18.787249 0.000001 -0.000001 10.751608 -0.479870 1.397903 0.000000 -0.000000 0.000000 3.273804 0.305947 -0.580110 21.486790 11.830364 2.266131 8.162915 0.000000 -0.000000 18.399052 -3.798986 -4.940567 0.000003 0.000000 -0.000001 10.343527 17.273623 4.483803 0.013216 -0.581735 30.291592 -3.745638 28.775011 -6.246521 2.034146 -2.447987 -3.889540 0.000000 -0.000000 0.000002 -1.795764 -18.811514 -16.273788 0.282467 0.109814 23.717609 4.639792 12.160301 -2.013099 -1.400587 0.717073 -1.618849 0.000000 -0.000000 -0.000001
0.000000 0.000000 0.000000 0.000000 -0.000000 0.000000 0.050826 -1.226601 -1.428683 0.098070 -2.815602 -3.122388 0.030745 -1.060145 1.323484 -0.543817 -2.872114 -4.502066 -5.515855 -6.852898 12.447673 13.008015 -3.384853 10.005465 -6.326345 -16.185246 -3.032650 -4.358633 -17.782061 -7.176437 0.000077 -0.000022 0.000006 0.056776 -0.137469 -0.068736 0.767385 -3.853760 -10.741975 -0.658031 3.570060 -10.749772 -19.261213 -13.044102 19.644976 -52.818008 -19.058844 9.149105 -0.612006 -19.051722 0.206458 -4.299154 0.193277 5.659877 -5.882102 9.861279 0.702590 -10.936861 -0.360574 7.156197 0.000000 8.774815 -0.000000 -16.244787 18.093615 6.027377 -1.844031 2.498503 -2.507276 -10.163590 4.678941 4.621104 -20.975996 -0.000001 0.000001 -21.226254 2.451698 -3.593995 0.000000 -0.000006 -0.000000 -1.362681 2.240797 -0.746323 -21.334892 0.584910 3.008319 -13.821196 -0.000001 0.000001 -23.887129 -0.249075 -0.839485 -61.120338 2.469272 -0.800092 -0.294025 1.679686 0.833255 -14.218195 0.093215 1.300579 -34.212002 -0.287561 0.967166 -20.033176 0.964536 1.212838 0.000000 -0.000000 0.000000 -3.440387 0.788233 0.501655 -15.928172 -3.167306 2.999703 -6.338817 -0.000000 0.000001 -18.123419 3.648181 -4.905662 -0.000004 0.000000 -0.000002 5.127052 6.003993 12.998251 17.770344 -19.071203 -60.902462 179.235825 72.003616 -177.215500 -25.139431 29.188572 60.752964 2.243540 -5.255033 -3.180156 14.282877 -0.826594 6.952496 -0.000000 -12.690593 -0.000001 19.301224 -18.368713 0.765892 1.665665 -1.955920 -2.878297 4.727794 -4.170584 4.993919 11.020511 0.000001 -0.000000 12.109032 -3.735715 -2.866778 0.000000 -0.000000 0.000000 1.291985 -1.928548 -1.498088 14.800115 0.567467 3.865604 14.242553 -1.341738 -6.660648 19.631935 0.143921 -0.648243 53.707958 -1.066207 -6.667357 0.353029 -1.511150 -0.031940 20.222769 3.684305 2.316629 18.787249 0.000001 -0.000001 10.751608 -0.479870 1.397903 0.000000 -0.000000 0.000000 3.273804 0.305947 -0.580110 21.486790 11.830364 2.266131 8.162915 0.000000 -0.000000 18.399052 -3.798986 -4.940567 0.000003 0.000000 -0.000001 10.343527 17.273623 4.483803 0.013216 -0.581735 30.291592 -3.745638 28.775011 -6.246521 2.034146 -2.447987 -3.889540 0.000000 -0.000000 0.000002 -1.795764 -18.811514 -16.273788 0.282467 0.109814 23.717609 4.639792 12.160301 -2.013099 -1.400587 0.717073 -1.618849 0.000000 -0.000000 -0.000001
0.000000 0.000000 0.000000 0.000000 -0.000000 0.000000 0.050826 -1.236115 -1.428683 0.098070 -2.815602 -3.122388 0.020312 -1.052372 1.275268 -0.555842 -2.887990 -4.474789 -5.349258 -6.951052 12.049396 12.568881 -3.027626 10.042832 -6.430010 -16.272144 -2.941772 -4.266239 -18.162251 -7.063005 0.000077 -0.000022 0.000006 0.055998 -0.035798 -0.066069 0.737925 -3.757416 -10.782413 -0.630205 3.675496 -10.783137 -19.462601 -13.015546 19.722422 -52.990051 -19.342346 9.749396 -0.565872 -17.539507 0.273215 -4.668127 0.460680 6.493479 -5.882102 9.861279 0.702590 -10.936861 -0.360574 7.156197 0.000000 8.774815 -0.000000 -16.298100 17.978720 5.762580 -1.844031 2.498503 -2.507276 -10.163590 4.678941 4.621104 -20.975996 -0.000001 0.000001 -21.226254 2.451698 -3.593995 0.000000 -0.000006 -0.000000 -1.362681 2.240797 -0.746323 -21.334892 0.584910 3.008319 -13.821196 -0.000001 0.000001 -23.887129 -0.249075 -0.839485 -61.059658 2.566640 -0.872944 -0.294025 1.679686 0.833255 -14.218195 0.093215 1.300579 -34.212002 -0.287561 0.967166 -20.033176 0.964536 1.212838 0.000000 -0.000000 0.000000 -3.440387 0.788233 0.501655 -15.928172 -3.167306 2.999703 -6.338817 -0.000000 0.000001 -18.123419 3.648181 -4.905662 -0.000004 0.000000 -0.000002 4.185739 6.293067 11.707826 22.847752 -16.870415 -67.219803 -176.305496 72.209908 -172.684891 -36.171108 22.888594 48.275673 2.243540 -5.255033 -3.180156 14.282877 -0.826594 6.952496 -0.000000 -12.690593 -0.000001 18.296587 -17.514122 0.314524 1.665665 -1.955920 -2.878297 4.727794 -4.170584 4.993919 11.020511 0.000001 -0.000000 12.109032 -3.735715 -2.866778 0.000000 -0.000000 0.000000 1.291985 -1.928548 -1.498088 14.800115 0.567467 3.865604 14.242553 -1.341738 -6.660648 19.631935 0.143921 -0.648243 50.808308 -0.895558 -6.563436 0.353029 -1.511150 -0.031940 20.222769 3.684305 2.316629 18.787249 0.000001 -0.000001 10.751608 -0.479870 1.397903 0.000000 -0.000000 0.000000 3.273804 0.305947 -0.580110 21.486790 11.830364 2.266131 8.162915 0.000000 -0.000000 18.399052 -3.798986 -4.940567 0.000003 0.000000 -0.000001 10.343527 17.273623 4.483803 0.013216 -0.581735 30.291592 -3.745638 28.775011 -6.246521 2.034146 -2.447987 -3.889540 0.000000 -0.000000 0.000002 -1.795764 -18.811514 -16.273788 0.282467 0.109814 23.717609 4.639792 12.160301 -2.013099 -1.400587 0.717073 -1.618849 0.000000 -0.000000 -0.000001
0.000000 0.000000 0.000000 0.000000 -0.000000 0.000000 0.050826 -1.264633 -1.428683 0.098070 -2.815602 -3.122388 -0.016165 -1.132902 1.351454 -0.562866 -2.876060 -4.447716 -5.148786 -7.090462 11.654562 11.785900 -2.397928 9.866178 -6.461279 -16.580582 -2.896788 -4.172648 -18.597179 -7.152328 0.000077 -0.000022 0.000006 0.057062 -0.008545 -0.049153 0.727858 -3.724064 -10.769808 -0.618470 3.698029 -10.765025 -19.685993 -13.114079 19.769564 -53.303844 -19.750551 9.989241 -0.300718 -16.253708 0.241612 -4.650751 0.692178 6.771713 -5.882102 9.861279 0.702590 -10.936861 -0.360574 7.156197 0.000000 8.774815 -0.000000 -16.364933 17.908300 5.759196 -1.844031 2.498503 -2.507276 -10.163590 4.678941 4.621104 -20.975996 -0.000001 0.000001 -21.226254 2.451698 -3.593995 0.000000 -0.000006 -0.000000 -1.362681 2.240797 -0.746323 -21.334892 0.584910 3.008319 -13.821196 -0.000001 0.000001 -23.887129 -0.249075 -0.839485 -61.205544 2.617430 -0.900995 -0.294025 1.679686 0.833255 -14.218195 0.093215 1.300579 -34.212002 -0.287561 0.967166 -20.033176 0.964536 1.212838 0.000000 -0.000000 0.000000 -3.440387 0.788233 0.501655 -15.928172 -3.167306 2.999703 -6.338817 -0.000000 0.000001 -18.123419 3.648181 -4.905662 -0.000004 0.000000 -0.000002 3.521166 6.036766 10.426192 27.022419 -15.518373 -74.528885 -173.158310 71.999908 -169.976135 -48.893925 8.603505 27.199619 2.243540 -5.255033 -3.180156 14.282877 -0.826594 6.952496 -0.000000 -12.690593 -0.000001 16.469044 -17.549627 1.131153 1.665665 -1.955920 -2.878297 4.727794 -4.170584 4.993919 11.020511 0.000001 -0.000000 12.109032 -3.735715 -2.866778 0.000000 -0.000000 0.000000 1.291985 -1.928548 -1.498088 14.800115 0.567467 3.865604 14.242553 -1.341738 -6.660648 19.631935 0.143921 -0.648243 49.218803 -0.781663 -6.266967 0.353029 -1.511150 -0.031940 20.222769 3.684305 2.316629 18.787249 0.000001 -0.000001 10.751608 -0.479870 1.397903 0.000000 -0.000000 0.000000 3.273804 0.305947 -0.580110 21.486790 11.830364 2.266131 8.162915 0.000000 -0.000000 18.399052 -3.798986 -4.940567 0.000003 0.000000 -0.000001 10.343527 17.273623 4.483803 0.013216 -0.581735 30.291592 -3.745638 28.775011 -6.246521 2.034146 -2.447987 -3.889540 0.000000 -0.000000 0.000002 -1.795764 -18.811514 -16.273788 0.282467 0.109814 23.717609 4.639792 12.160301 -2.013099 -1.400587 0.717073 -1.618849 0.000000 -0.000000 -0.000001
0.000000 0.000000 0.000000 0.000000 -0.000000 0.000000 0.050826 -1.275726 -1.428683 0.098070 -2.815602 -3.122388 0.002804 -1.292900 1.419565 -0.531553 -2.888957 -4.407070 -5.003821 -7.056444 11.416743 10.997022 -1.753710 9.656699 -6.333539 -17.152369 -2.963738 -4.319500 -18.572754 -7.143835 0.000077 -0.000022 0.000006 0.054132 -0.114134 -0.063533 0.725139 -3.823064 -10.748178 -0.621768 3.590625 -10.754326 -19.854660 -13.309003 19.928789 -53.530804 -20.330624 9.592369 -0.204112 -15.480284 0.235320 -4.489917 0.516471 6.374512 -5.882102 9.861279 0.702590 -10.936861 -0.360574 7.156197 0.000000 8.774815 -0.000000 -16.454430 17.918385 5.861103 -1.844031 2.498503 -2.507276 -10.163590 4.678941 4.621104 -20.975996 -0.000001 0.000001 -21.226254 2.451698 -3.593995 0.000000 -0.000006 -0.000000 -1.362681 2.240797 -0.746323 -21.334892 0.584910 3.008319 -13.821196 -0.000001 0.000001 -23.887129 -0.249075 -0.839485 -61.199795 2.534124 -0.944890 -0.294025 1.679686 0.833255 -14.218195 0.093215 1.300579 -34.212002 -0.287561 0.967166 -20.033176 0.964536 1.212838 0.000000 -0.000000 0.000000 -3.440387 0.788233 0.501655 -15.928172 -3.167306 2.999703 -6.338817 -0.000000 0.000001 -18.123419 3.648181 -4.905662 -0.000004 0.000000 -0.000002 3.707262 5.329942 9.913300 28.537992 -15.624768 -80.299660 -168.852524 72.070557 -167.590637 -57.676220 -4.297928 12.861065 2.243540 -5.255033 -3.180156 14.282877 -0.826594 6.952496 -0.000000 -12.690593 -0.000001 17.013004 -17.016829 2.005019 1.665665 -1.955920 -2.878297 4.727794 -4.170584 4.993919 11.020511 0.000001 -0.000000 12.109032 -3.735715 -2.866778 0.000000 -0.000000 0.000000 1.291985 -1.928548 -1.498088 14.800115 0.567467 3.865604 14.242553 -1.341738 -6.660648 19.631935 0.143921 -0.648243 50.600578 -0.516988 -5.448972 0.353029 -1.511150 -0.031940 20.222769 3.684305 2.316629 18.787249 0.000001 -0.000001 10.751608 -0.479870 1.397903 0.000000 -0.000000 0.000000 3.273804 0.305947 -0.580110 21.486790 11.830364 2.266131 8.162915 0.000000 -0.000000 18.399052 -3.798986 -4.940567 0.000003 0.000000 -0.000001 10.343527 17.273623 4.483803 0.013216 -0.581735 30.291592 -3.745638 28.775011 -6.246521 2.034146 -2.447987 -3.889540 0.000000 -0.000000 0.000002 -1.795764 -18.811514 -16.273788 0.282467 0.109814 23.717609 4.639792 12.160301 -2.013099 -1.400587 0.717073 -1.618849 0.000000 -0.000000 -0.000001
0.000000 0.000000 0.000000 0.000000 -0.000000 0.000000 0.050826 -1.274666 -1.428683 0.098070 -2.815602 -3.122388 0.078824 -1.394952 1.320394 -0.504221 -2.979236 -4.315413 -4.868475 -7.143366 11.419540 10.563010 -1.441740 9.467697 -6.123088 -17.312017 -3.016877 -4.585920 -18.505583 -7.435452 0.000077 -0.000022 0.000006 0.043509 -0.169860 -0.086731 0.717882 -3.881419 -10.758117 -0.635402 3.539876 -10.785943 -19.848148 -13.497486 20.107475 -53.690388 -20.941748 8.931407 -0.267611 -15.139958 0.278693 -4.489470 0.611328 6.767035 -5.882102 9.861279 0.702590 -10.936861 -0.360574 7.156197 0.000000 8.774815 -0.000000 -16.656570 17.963934 5.833663 -1.844031 2.498503 -2.507276 -10.163590 4.678941 4.621104 -20.975996 -0.000001 0.000001 -21.226254 2.451698 -3.593995 0.000000 -0.000006 -0.000000 -1.362681 2.240797 -0.746323 -21.334892 0.584910 3.008319 -13.821196 -0.000001 0.000001 -23.887129 -0.249075 -0.839485 -61.137844 2.358663 -0.956728 -0.294025 1.679686 0.833255 -14.218195 0.093215 1.300579 -34.212002 -0.287561 0.967166 -20.033176 0.964536 1.212838 0.000000 -0.000000 0.000000 -3.440387 0.788233 0.501655 -15.928172 -3.167306 2.999703 -6.338817 -0.000000 0.000001 -18.123419 3.648181 -4.905662 -0.000004 0.000000 -0.000002 4.614340 4.343774 9.998474 28.052277 -17.699684 -81.392090 -166.158752 72.321503 -166.999100 -59.556519 -9.440001 7.707630 2.243540 -5.255033 -3.180156 14.282877 -0.826594 6.952496 -0.000000 -12.690593 -0.000001 17.659534 -16.697927 2.057009 1.665665 -1.955920 -2.878297 4.727794 -4.170584 4.993919 11.020511 0.000001 -0.000000 12.109032 -3.735715 -2.866778 0.000000 -0.000000 0.000000 1.291985 -1.928548 -1.498088 14.800115 0.567467 3.865604 14.242553 -1.341738 -6.660648 19.631935 0.143921 -0.648243 50.863548 -0.327880 -5.190055 0.353029 -1.511150 -0.031940 20.222769 3.684305 2.316629 18.787249 0.000001 -0.000001 10.751608 -0.479870 1.397903 0.000000 -0.000000 0.000000 3.273804 0.305947 -0.580110 21.486790 11.830364 2.266131 8.162915 0.000000 -0.000000 18.399052 -3.798986 -4.940567 0.000003 0.000000 -0.000001 10.343527 17.273623 4.483803 0.013216 -0.581735 30.291592 -3.745638 28.775011 -6.246521 2.034146 -2.447987 -3.889540 0.000000 -0.000000 0.000002 -1.795764 -18.811514 -16.273788 0.282467 0.109814 23.717609 4.639792 12.160301 -2.013099 -1.400587 0.717073 -1.618849 0.000000 -0.000000 -0.000001
0.000000 0.000000 0.000000 0.000000 -0.000000 0.000000 0.050826 -1.221382 -1.428683 0.098070 -2.815602 -3.122388 0.145155 -1.321843 1.205218 -0.489389 -3.213117 -4.364066 -4.761371 -7.435460 11.598240 10.719477 -1.636485 9.290659 -5.966672 -16.565624 -2.858982 -4.677489 -18.848686 -7.771324 0.000077 -0.000022 0.000006 0.030693 -0.024321 -0.101727 0.701314 -3.741791 -10.819377 -0.643872 3.688691 -10.835192 -19.552984 -13.607098 20.133709 -54.014580 -21.168123 9.193171 -0.230356 -15.642667 0.246525 -4.202427 1.434159 7.964019 -5.882102 9.861279 0.702590 -10.936861 -0.360574 7.156197 0.000000 8.774815 -0.000000 -16.741188 17.912823 5.896784 -1.844031 2.498503 -2.507276 -10.163590 4.678941 4.621104 -20.975996 -0.000001 0.000001 -21.226254 2.451698 -3.593995 0.000000 -0.000006 -0.000000 -1.362681 2.240797 -0.746323 -21.334892 0.584910 3.008319 -13.821196 -0.000001 0.000001 -23.887129 -0.249075 -0.839485 -61.239189 2.138459 -0.764022 -0.294025 1.679686 0.833255 -14.218195 0.093215 1.300579 -34.212002 -0.287561 0.967166 -20.033176 0.964536 1.212838 0.000000 -0.000000 0.000000 -3.440387 0.788233 0.501655 -15.928172 -3.167306 2.999703 -6.338817 -0.000000 0.000001 -18.123419 3.648181 -4.905662 -0.000004 0.000000 -0.000002 6.647965 3.264502 10.955367 25.447170 -21.744362 -75.291023 -164.714111 72.699936 -166.212021 -45.808578 -2.524280 17.722242 2.243540 -5.255033 -3.180156 14.282877 -0.826594 6.952496 -0.000000 -12.690593 -0.000001 17.345167 -16.361378 1.013661 1.665665 -1.955920 -2.878297 4.727794 -4.170584 4.993919 11.020511 0.000001 -0.000000 12.109032 -3.735715 -2.866778 0.000000 -0.000000 0.000000 1.291985 -1.928548 -1.498088 14.800115 0.567467 3.865604 14.242553 -1.341738 -6.660648 19.631935 0.143921 -0.648243 48.451595 -0.580237 -5.616578 0.353029 -1.511150 -0.031940 20.222769 3.684305 2.316629 18.787249 0.000001 -0.000001 10.751608 -0.479870 1.397903 0.000000 -0.000000 0.000000 3.273804 0.305947 -0.580110 21.486790 11.830364 2.266131 8.162915 0.000000 -0.000000 18.399052 -3.798986 -4.940567 0.000003 0.000000 -0.000001 10.343527 17.273623 4.483803 0.013216 -0.581735 30.291592 -3.745638 28.775011 -6.246521 2.034146 -2.447987 -3.889540 0.000000 -0.000000 0.000002 -1.795764 -18.811514 -16.273788 0.282467 0.109814 23.717609 4.639792 12.160301 -2.013099 -1.400587 0.717073 -1.618849 0.000000 -0.000000 -0.000001
0.000000 0.000000 0.000000 0.000000 -0.000000 0.000000 0.050826 -1.161087 -1.428683 0.098070 -2.815602 -3.122388 0.142583 -1.251834 1.093257 -0.526596 -3.399325 -4.388142 -4.693976 -7.542179 11.620690 11.575682 -2.215704 9.265594 -6.080341 -15.874995 -2.901210 -4.800338 -18.622578 -7.100270 0.000077 -0.000022 0.000006 0.043322 0.052007 -0.077524 0.727768 -3.662807 -10.736373 -0.645070 3.760310 -10.747463 -18.947147 -13.721339 19.602833 -54.707291 -20.626617 9.768311 -0.332936 -16.647905 0.239608 -4.031858 1.949245 8.753310 -5.882102 9.861279 0.702590 -10.936861 -0.360574 7.156197 0.000000 8.774815 -0.000000 -16.497181 17.893589 6.151693 -1.844031 2.498503 -2.507276 -10.163590 4.678941 4.621104 -20.975996 -0.000001 0.000001 -21.226254 2.451698 -3.593995 0.000000 -0.000006 -0.000000 -1.362681 2.240797 -0.746323 -21.334892 0.584910 3.008319 -13.821196 -0.000001 0.000001 -23.887129 -0.249075 -0.839485 -61.361641 2.282111 -0.743124 -0.294025 1.679686 0.833255 -14.218195 0.093215 1.300579 -34.212002 -0.287561 0.967166 -20.033176 0.964536 1.212838 0.000000 -0.000000 0.000000 -3.440387 0.788233 0.501655 -15.928172 -3.167306 2.999703 -6.338817 -0.000000 0.000001 -18.123419 3.648181 -4.905662 -0.000004 0.000000 -0.000002 8.778765 2.452149 12.028119 20.825472 -24.812157 -67.604248 -166.716507 74.025635 -167.132751 -25.836597 15.263871 42.404606 2.243540 -5.255033 -3.180156 14.282877 -0.826594 6.952496 -0.000000 -12.690593 -0.000001 18.058462 -15.567316 0.145796 1.665665 -1.955920 -2.878297 4.727794 -4.170584 4.993919 11.020511 0.000001 -0.000000 12.109032 -3.735715 -2.866778 0.000000 -0.000000 0.000000 1.291985 -1.928548 -1.498088 14.800115 0.567467 3.865604 14.242553 -1.341738 -6.660648 19.631935 0.143921 -0.648243 48.056892 -0.762980 -5.903104 0.353029 -1.511150 -0.031940 20.222769 3.684305 2.316629 18.787249 0.000001 -0.000001 10.751608 -0.479870 1.397903 0.000000 -0.000000 0.000000 3.273804 0.305947 -0.580110 21.486790 11.830364 2.266131 8.162915 0.000000 -0.000000 18.399052 -3.798986 -4.940567 0.000003 0.000000 -0.000001 10.343527 17.273623 4.483803 0.013216 -0.581735 30.291592 -3.745638 28.775011 -6.246521 2.034146 -2.447987 -3.889540 0.000000 -0.000000 0.000002 -1.795764 -18.811514 -16.273788 0.282467 0.109814 23.717609 4.639792 12.160301 -2.013099 -1.400587 0.717073 -1.618849 0.000000 -0.000000 -0.000001
0.000000 0.000000 0.000000 0.000000 -0.000000 0.000000 0.050826 -1.165741 -1.428683 0.098070 -2.815602 -3.122388 0.191541 -1.219798 1.024041 -0.555698 -3.264083 -4.447227 -4.747034 -7.342927 11.739518 12.451458 -2.927429 9.517504 -6.170588 -15.751786 -3.136334 -4.509239 -17.956520 -6.281821 0.000077 -0.000022 0.000006 0.063256 -0.014433 -0.099530 0.789641 -3.724141 -10.721032 -0.667754 3.690401 -10.741607 -18.251568 -13.614726 19.310593 -55.181206 -20.025406 10.207625 -0.550809 -18.076202 0.240091 -4.474863 1.473943 8.725854 -5.882102 9.861279 0.702590 -10.936861 -0.360574 7.156197 0.000000 8.774815 -0.000000 -16.444990 18.028406 6.198707 -1.844031 2.498503 -2.507276 -10.163590 4.678941 4.621104 -20.975996 -0.000001 0.000001 -21.226254 2.451698 -3.593995 0.000000 -0.000006 -0.000000 -1.362681 2.240797 -0.746323 -21.334892 0.584910 3.008319 -13.821196 -0.000001 0.000001 -23.887129 -0.249075 -0.839485 -61.493408 2.433883 -0.810905 -0.294025 1.679686 0.833255 -14.218195 0.093215 1.300579 -34.212002 -0.287561 0.967166 -20.033176 0.964536 1.212838 0.000000 -0.000000 0.000000 -3.440387 0.788233 0.501655 -15.928172 -3.167306 2.999703 -6.338817 -0.000000 0.000001 -18.123419 3.648181 -4.905662 -0.000004 0.000000 -0.000002 9.266142 2.895303 12.424930 18.152758 -24.427475 -62.582607 -173.739273 73.077988 -172.243301 -17.843691 26.187262 58.769783 2.243540 -5.255033 -3.180156 14.282877 -0.826594 6.952496 -0.000000 -12.690593 -0.000001 18.011278 -17.544340 0.903535 1.665665 -1.955920 -2.878297 4.727794 -4.170584 4.993919 11.020511 0.000001 -0.000000 12.109032 -3.735715 -2.866778 0.000000 -0.000000 0.000000 1.291985 -1.928548 -1.498088 14.800115 0.567467 3.865604 14.242553 -1.341738 -6.660648 19.631935 0.143921 -0.648243 50.816948 -0.992684 -6.641147 0.353029 -1.511150 -0.031940 20.222769 3.684305 2.316629 18.787249 0.000001 -0.000001 10.751608 -0.479870 1.397903 0.000000 -0.000000 0.000000 3.273804 0.305947 -0.580110 21.486790 11.830364 2.266131 8.162915 0.000000 -0.000000 18.399052 -3.798986 -4.940567 0.000003 0.000000 -0.000001 10.343527 17.273623 4.483803 0.013216 -0.581735 30.291592 -3.745638 28.775011 -6.246521 2.034146 -2.447987 -3.889540 0.000000 -0.000000 0.000002 -1.795764 -18.811514 -16.273788 0.282467 0.109814 23.717609 4.639792 12.160301 -2.013099 -1.400587 0.717073 -1.618849 0.000000 -0.000000 -0.000001
0.000000 0.000000 0.000000 0.000000 -0.000000 0.000000 0.050826 -1.159043 -1.428683 0.098070 -2.815602 -3.122388 0.295200 -1.161962 1.120621 -0.524253 -3.155154 -4.439426 -4.676308 -7.215668 11.817458 12.575648 -3.101742 9.392998 -6.184048 -15.923729 -3.111596 -4.312349 -17.773369 -6.364167 0.000077 -0.000022 0.000006 0.070121 -0.075022 -0.091112 0.774979 -3.788077 -10.703579 -0.638862 3.632045 -10.720205 -17.936628 -13.591495 19.377354 -55.397099 -19.858746 10.826695 -0.491143 -18.861723 0.211712 -4.530512 1.075471 7.805888 -5.882102 9.861279 0.702590 -10.936861 -0.360574 7.156197 0.000000 8.774815 -0.000000 -16.435160 18.029840 6.034527 -1.844031 2.498503 -2.507276 -10.163590 4.678941 4.621104 -20.975996 -0.000001 0.000001 -21.226254 2.451698 -3.593995 0.000000 -0.000006 -0.000000 -1.362681 2.240797 -0.746323 -21.334892 0.584910 3.008319 -13.821196 -0.000001 0.000001 -23.887129 -0.249075 -0.839485 -61.179684 2.335592 -0.689843 -0.294025 1.679686 0.833255 -14.218195 0.093215 1.300579 -34.212002 -0.287561 0.967166 -20.033176 0.964536 1.212838 0.000000 -0.000000 0.000000 -3.440387 0.788233 0.501655 -15.928172 -3.167306 2.999703 -6.338817 -0.000000 0.000001 -18.123419 3.648181 -4.905662 -0.000004 0.000000 -0.000002 7.884076 4.207993 12.252347 20.602394 -21.710333 -64.239532 -174.302887 71.505409 -171.902054 -26.289581 29.254620 60.140491 2.243540 -5.255033 -3.180156 14.282877 -0.826594 6.952496 -0.000000 -12.690593 -0.000001 18.237619 -18.083654 1.408125 1.665665 -1.955920 -2.878297 4.727794 -4.170584 4.993919 11.020511 0.000001 -0.000000 12.109032 -3.735715 -2.866778 0.000000 -0.000000 0.000000 1.291985 -1.928548 -1.498088 14.800115 0.567467 3.865604 14.242553 -1.341738 -6.660648 19.631935 0.143921 -0.648243 51.954647 -1.044874 -6.560774 0.353029 -1.511150 -0.031940 20.222769 3.684305 2.316629 18.787249 0.000001 -0.000001 10.751608 -0.479870 1.397903 0.000000 -0.000000 0.000000 3.273804 0.305947 -0.580110 21.486790 11.830364 2.266131 8.162915 0.000000 -0.000000 18.399052 -3.798986 -4.940567 0.000003 0.000000 -0.000001 10.343527 17.273623 4.483803 0.013216 -0.581735 30.291592 -3.745638 28.775011 -6.246521 2.034146 -2.447987 -3.889540 0.000000 -0.000000 0.000002 -1.795764 -18.811514 -16.273788 0.282467 0.109814 23.717609 4.639792 12.160301 -2.013099 -1.400587 0.717073 -1.618849 0.000000 -0.000000 -0.000001
0.000000 0.000000 0.000000 0.000000 -0.000000 0.000000 0.050826 -1.190537 -1.428683 0.098070 -2.815602 -3.122388 0.324344 -1.172808 1.365031 -0.482813 -3.104736 -4.363245 -4.470804 -7.138112 11.735098 12.098671 -2.721141 9.278801 -6.208132 -15.919765 -3.020828 -4.014973 -18.102089 -6.655658 0.000077 -0.000022 0.000006 0.078942 -0.110797 -0.078571 0.758193 -3.824091 -10.714266 -0.604077 3.593703 -10.716310 -17.960209 -13.552387 19.497383 -55.693069 -20.024429 10.770783 -0.352325 -18.564291 0.249201 -4.197782 1.175070 7.138379 -5.882102 9.861279 0.702590 -10.936861 -0.360574 7.156197 0.000000 8.774815 -0.000000 -16.266720 17.912571 6.063584 -1.844031 2.498503 -2.507276 -10.163590 4.678941 4.621104 -20.975996 -0.000001 0.000001 -21.226254 2.451698 -3.593995 0.000000 -0.000006 -0.000000 -1.362681 2.240797 -0.746323 -21.334892 0.584910 3.008319 -13.821196 -0.000001 0.000001 -23.887129 -0.249075 -0.839485 -61.075260 2.475135 -0.672230 -0.294025 1.679686 0.833255 -14.218195 0.093215 1.300579 -34.212002 -0.287561 0.967166 -20.033176 0.964536 1.212838 0.000000 -0.000000 0.000000 -3.440387 0.788233 0.501655 -15.928172 -3.167306 2.999703 -6.338817 -0.000000 0.000001 -18.123419 3.648181 -4.905662 -0.000004 0.000000 -0.000002 6.193798 5.314413 11.671010 24.282633 -18.883053 -68.158386 -173.483231 70.268211 -170.955780 -40.802994 29.324041 51.930687 2.243540 -5.255033 -3.180156 14.282877 -0.826594 6.952496 -0.000000 -12.690593 -0.000001 17.182110 -18.353214 2.206803 1.665665 -1.955920 -2.878297 4.727794 -4.170584 4.993919 11.020511 0.000001 -0.000000 12.109032 -3.735715 -2.866778 0.000000 -0.000000 0.000000 1.291985 -1.928548 -1.498088 14.800115 0.567467 3.865604 14.242553 -1.341738 -6.660648 19.631935 0.143921 -0.648243 50.468960 -1.039341 -6.460387 0.353029 -1.511150 -0.031940 20.222769 3.684305 2.316629 18.787249 0.000001 -0.000001 10.751608 -0.479870 1.397903 0.000000 -0.000000 0.000000 3.273804 0.305947 -0.580110 21.486790 11.830364 2.266131 8.162915 0.000000 -0.000000 18.399052 -3.798986 -4.940567 0.000003 0.000000 -0.000001 10.343527 17.273623 4.483803 0.013216 -0.581735 30.291592 -3.745638 28.775011 -6.246521 2.034146 -2.447987 -3.889540 0.000000 -0.000000 0.000002 -1.795764 -18.811514 -16.273788 0.282467 0.109814 23.717609 4.639792 12.160301 -2.013099 -1.400587 0.717073 -1.618849 0.000000 -0.000000 -0.000001
0.000000 0.000000 0.000000 0.000000 -0.000000 0.000000 0.050826 -1.227554 -1.428683 0.098070 -2.815602 -3.122388 0.290509 -1.155832 1.487023 -0.488358 -3.067963 -4.333368 -4.267777 -7.083079 11.728621 11.494786 -2.313930 9.170833 -6.067794 -15.953614 -2.977700 -3.889109 -18.195225 -6.904893 0.000077 -0.000022 0.000006 0.069635 -0.136052 -0.064863 0.742301 -3.853467 -10.713706 -0.607023 3.574282 -10.719248 -18.248934 -13.483986 19.552242 -55.716675 -20.286749 10.342935 -0.482153 -17.937881 0.292405 -3.768162 1.344346 7.067762 -5.882102 9.861279 0.702590 -10.936861 -0.360574 7.156197 0.000000 8.774815 -0.000000 -16.310965 17.802303 6.059885 -1.844031 2.498503 -2.507276 -10.163590 4.678941 4.621104 -20.975996 -0.000001 0.000001 -21.226254 2.451698 -3.593995 0.000000 -0.000006 -0.000000 -1.362681 2.240797 -0.746323 -21.334892 0.584910 3.008319 -13.821196 -0.000001 0.000001 -23.887129 -0.249075 -0.839485 -61.105148 2.605321 -0.664290 -0.294025 1.679686 0.833255 -14.218195 0.093215 1.300579 -34.212002 -0.287561 0.967166 -20.033176 0.964536 1.212838 0.000000 -0.000000 0.000000 -3.440387 0.788233 0.501655 -15.928172 -3.167306 2.999703 -6.338817 -0.000000 0.000001 -18.123419 3.648181 -4.905662 -0.000004 0.000000 -0.000002 5.198187 5.638209 11.045009 26.763897 -17.783092 -71.079132 -173.588745 69.959969 -171.189850 -48.927238 28.504276 41.707268 2.243540 -5.255033 -3.180156 14.282877 -0.826594 6.952496 -0.000000 -12.690593 -0.000001 17.062042 -18.788063 2.617547 1.665665 -1.955920 -2.878297 4.727794 -4.170584 4.993919 11.020511 0.000001 -0.000000 12.109032 -3.735715 -2.866778 0.000000 -0.000000 0.000000 1.291985 -1.928548 -1.498088 14.800115 0.567467 3.865604 14.242553 -1.341738 -6.660648 19.631935 0.143921 -0.648243 50.899284 -1.077525 -6.433214 0.353029 -1.511150 -0.031940 20.222769 3.684305 2.316629 18.787249 0.000001 -0.000001 10.751608 -0.479870 1.397903 0.000000 -0.000000 0.000000 3.273804 0.305947 -0.580110 21.486790 11.830364 2.266131 8.162915 0.000000 -0.000000 18.399052 -3.798986 -4.940567 0.000003 0.000000 -0.000001 10.343527 17.273623 4.483803 0.013216 -0.581735 30.291592 -3.745638 28.775011 -6.246521 2.034146 -2.447987 -3.889540 0.000000 -0.000000 0.000002 -1.795764 -18.811514 -16.273788 0.282467 0.109814 23.717609 4.639792 12.160301 -2.013099 -1.400587 0.717073 -1.618849 0.000000 -0.000000 -0.000001
0.000000 0.000000 0.000000 0.000000 -0.000000 0.000000 0.050826 -1.254524 -1.428683 0.098070 -2.815602 -3.122388 0.304830 -1.147479 1.460124 -0.511641 -3.039893 -4.362446 -4.213530 -7.220920 11.892612 11.022210 -2.059706 9.105257 -5.924331 -15.987617 -2.942182 -3.833048 -18.086628 -7.249011 0.000077 -0.000022 0.000006 0.050199 -0.092015 -0.054379 0.728007 -3.817941 -10.709473 -0.631820 3.630251 -10.734377 -18.497782 -13.391826 19.481140 -55.615013 -20.399652 9.747096 -0.840627 -17.661989 0.374440 -3.163832 1.225103 7.038815 -5.882102 9.861279 0.702590 -10.936861 -0.360574 7.156197 0.000000 8.774815 -0.000000 -16.378042 17.794439 5.908972 -1.844031 2.498503 -2.507276 -10.163590 4.678941 4.621104 -20.975996 -0.000001 0.000001 -21.226254 2.451698 -3.593995 0.000000 -0.000006 -0.000000 -1.362681 2.240797 -0.746323 -21.334892 0.584910 3.008319 -13.821196 -0.000001 0.000001 -23.887129 -0.249075 -0.839485 -61.117741 2.581774 -0.746980 -0.294025 1.679686 0.833255 -14.218195 0.093215 1.300579 -34.212002 -0.287561 0.967166 -20.033176 0.964536 1.212838 0.000000 -0.000000 0.000000 -3.440387 0.788233 0.501655 -15.928172 -3.167306 2.999703 -6.338817 -0.000000 0.000001 -18.123419 3.648181 -4.905662 -0.000004 0.000000 -0.000002 4.350358 5.575090 10.766594 29.086054 -17.583517 -73.041901 -173.856750 70.951408 -171.150742 -50.905674 23.583117 33.092609 2.243540 -5.255033 -3.180156 14.282877 -0.826594 6.952496 -0.000000 -12.690593 -0.000001 17.601320 -18.941286 2.265272 1.665665 -1.955920 -2.878297 4.727794 -4.170584 4.993919 11.020511 0.000001 -0.000000 12.109032 -3.735715 -2.866778 0.000000 -0.000000 0.000000 1.291985 -1.928548 -1.498088 14.800115 0.567467 3.865604 14.242553 -1.341738 -6.660648 19.631935 0.143921 -0.648243 52.374146 -1.031090 -6.427607 0.353029 -1.511150 -0.031940 20.222769 3.684305 2.316629 18.787249 0.000001 -0.000001 10.751608 -0.479870 1.397903 0.000000 -0.000000 0.000000 3.273804 0.305947 -0.580110 21.486790 11.830364 2.266131 8.162915 0.000000 -0.000000 18.399052 -3.798986 -4.940567 0.000003 0.000000 -0.000001 10.343527 17.273623 4.483803 0.013216 -0.581735 30.291592 -3.745638 28.775011 -6.246521 2.034146 -2.447987 -3.889540 0.000000 -0.000000 0.000002 -1.795764 -18.811514 -16.273788 0.282467 0.109814 23.717609 4.639792 12.160301 -2.013099 -1.400587 0.717073 -1.618849 0.000000 -0.000000 -0.000001
0.000000 0.000000 0.000000 0.000000 -0.000000 0.000000 0.050826 -1.292290 -1.428683 0.098070 -2.815602 -3.122388 0.387175 -1.194148 1.459481 -0.482199 -3.108848 -4.356736 -4.266650 -7.309713 11.994384 10.451732 -1.726916 9.059808 -5.918233 -16.053747 -2.917425 -3.888302 -18.234362 -7.762849 0.000077 -0.000022 0.000006 0.048820 -0.012945 -0.047894 0.715379 -3.746052 -10.721611 -0.622425 3.719167 -10.754241 -18.675680 -13.375744 19.685253 -55.719841 -20.591848 9.318440 -0.793968 -17.575218 0.371485 -2.723512 0.988688 6.335860 -5.882102 9.861279 0.702590 -10.936861 -0.360574 7.156197 0.000000 8.774815 -0.000000 -16.322983 17.786079 5.762017 -1.844031 2.498503 -2.507276 -10.163590 4.678941 4.621104 -20.975996 -0.000001 0.000001 -21.226254 2.451698 -3.593995 0.000000 -0.000006 -0.000000 -1.362681 2.240797 -0.746323 -21.334892 0.584910 3.008319 -13.821196 -0.000001 0.000001 -23.887129 -0.249075 -0.839485 -61.095833 2.537587 -0.823557 -0.294025 1.679686 0.833255 -14.218195 0.093215 1.300579 -34.212002 -0.287561 0.967166 -20.033176 0.964536 1.212838 0.000000 -0.000000 0.000000 -3.440387 0.788233 0.501655 -15.928172 -3.167306 2.999703 -6.338817 -0.000000 0.000001 -18.123419 3.648181 -4.905662 -0.000004 0.000000 -0.000002 2.569748 5.540162 10.368355 32.775967 -16.698740 -76.837448 -174.565796 71.421730 -171.586746 -51.373726 6.644328 24.309126 2.243540 -5.255033 -3.180156 14.282877 -0.826594 6.952496 -0.000000 -12.690593 -0.000001 17.075926 -18.269394 2.448288 1.665665 -1.955920 -2.878297 4.727794 -4.170584 4.993919 11.020511 0.000001 -0.000000 12.109032 -3.735715 -2.866778 0.000000 -0.000000 0.000000 1.291985 -1.928548 -1.498088 14.800115 0.567467 3.865604 14.242553 -1.341738 -6.660648 19.631935 0.143921 -0.648243 52.113792 -0.858742 -6.054840 0.353029 -1.511150 -0.031940 20.222769 3.684305 2.316629 18.787249 0.000001 -0.000001 10.751608 -0.479870 1.397903 0.000000 -0.000000 0.000000 3.273804 0.305947 -0.580110 21.486790 11.830364 2.266131 8.162915 0.000000 -0.000000 18.399052 -3.798986 -4.940567 0.000003 0.000000 -0.000001 10.343527 17.273623 4.483803 0.013216 -0.581735 30.291592 -3.745638 28.775011 -6.246521 2.034146 -2.447987 -3.889540 0.000000 -0.000000 0.000002 -1.795764 -18.811514 -16.273788 0.282467 0.109814 23.717609 4.639792 12.160301 -2.013099 -1.400587 0.717073 -1.618849 0.000000 -0.000000 -0.000001
0.000000 0.000000 0.000000 0.000000 -0.000000 0.000000 0.050826 -1.303085 -1.428683 0.098070 -2.815602 -3.122388 0.466300 -1.253264 1.470783 -0.467322 -3.145519 -4.317466 -4.292140 -7.416727 12.019969 9.926068 -1.349073 9.038101 -5.999699 -16.196487 -2.939693 -4.062796 -18.399849 -7.896496 0.000077 -0.000022 0.000006 0.065733 0.022427 -0.066513 0.720063 -3.711804 -10.737054 -0.593831 3.756358 -10.768526 -19.008713 -13.456715 19.920855 -55.680340 -20.619509 8.882353 -0.579626 -17.412588 0.359645 -2.377827 1.035087 5.496024 -5.882102 9.861279 0.702590 -10.936861 -0.360574 7.156197 0.000000 8.774815 -0.000000 -16.269400 17.737217 5.722286 -1.844031 2.498503 -2.507276 -10.163590 4.678941 4.621104 -20.975996 -0.000001 0.000001 -21.226254 2.451698 -3.593995 0.000000 -0.000006 -0.000000 -1.362681 2.240797 -0.746323 -21.334892 0.584910 3.008319 -13.821196 -0.000001 0.000001 -23.887129 -0.249075 -0.839485 -60.923130 2.457327 -0.925501 -0.294025 1.679686 0.833255 -14.218195 0.093215 1.300579 -34.212002 -0.287561 0.967166 -20.033176 0.964536 1.212838 0.000000 -0.000000 0.000000 -3.440387 0.788233 0.501655 -15.928172 -3.167306 2.999703 -6.338817 -0.000000 0.000001 -18.123419 3.648181 -4.905662 -0.000004 0.000000 -0.000002 1.622276 5.353036 9.867973 35.329781 -16.020685 -81.099304 -172.189789 70.899529 -169.826187 -53.115475 -3.779900 18.362087 2.243540 -5.255033 -3.180156 14.282877 -0.826594 6.952496 -0.000000 -12.690593 -0.000001 16.148932 -17.415417 3.220297 1.665665 -1.955920 -2.878297 4.727794 -4.170584 4.993919 11.020511 0.000001 -0.000000 12.109032 -3.735715 -2.866778 0.000000 -0.000000 0.000000 1.291985 -1.928548 -1.498088 14.800115 0.567467 3.865604 14.242553 -1.341738 -6.660648 19.631935 0.143921 -0.648243 50.896427 -0.778762 -5.546906 0.353029 -1.511150 -0.031940 20.222769 3.684305 2.316629 18.787249 0.000001 -0.000001 10.751608 -0.479870 1.397903 0.000000 -0.000000 0.000000 3.273804 0.305947 -0.580110 21.486790 11.830364 2.266131 8.162915 0.000000 -0.000000 18.399052 -3.798986 -4.940567 0.000003 0.000000 -0.000001 10.343527 17.273623 4.483803 0.013216 -0.581735 30.291592 -3.745638 28.775011 -6.246521 2.034146 -2.447987 -3.889540 0.000000 -0.000000 0.000002 -1.795764 -18.811514 -16.273788 0.282467 0.109814 23.717609 4.639792 12.160301 -2.013099 -1.400587 0.717073 -1.618849 0.000000 -0.000000 -0.000001
0.000000 0.000000 0.000000 0.000000 -0.000000 0.000000 0.050826 -1.296349 -1.428683 0.098070 -2.815602 -3.122388 0.532103 -1.310935 1.478115 -0.456507 -3.220505 -4.271121 -4.274623 -7.608780 12.012299 9.479448 -0.997868 8.997573 -6.038291 -16.343517 -2.963229 -4.376702 -18.486450 -7.947674 0.000077 -0.000022 0.000006 0.080559 0.031553 -0.069460 0.724843 -3.697908 -10.733075 -0.569527 3.760669 -10.759162 -19.441202 -13.643960 20.161625 -55.501781 -20.496824 8.170386 -0.320004 -17.043167 0.283043 -2.184942 1.142060 4.898890 -5.882102 9.861279 0.702590 -10.936861 -0.360574 7.156197 0.000000 8.774815 -0.000000 -16.181189 17.768127 5.852540 -1.844031 2.498503 -2.507276 -10.163590 4.678941 4.621104 -20.975996 -0.000001 0.000001 -21.226254 2.451698 -3.593995 0.000000 -0.000006 -0.000000 -1.362681 2.240797 -0.746323 -21.334892 0.584910 3.008319 -13.821196 -0.000001 0.000001 -23.887129 -0.249075 -0.839485 -60.747505 2.402074 -0.990096 -0.294025 1.679686 0.833255 -14.218195 0.093215 1.300579 -34.212002 -0.287561 0.967166 -20.033176 0.964536 1.212838 0.000000 -0.000000 0.000000 -3.440387 0.788233 0.501655 -15.928172 -3.167306 2.999703 -6.338817 -0.000000 0.000001 -18.123419 3.648181 -4.905662 -0.000004 0.000000 -0.000002 1.775825 4.929487 9.349656 36.098923 -15.742094 -84.602272 -169.469849 68.306496 -167.792374 -56.814236 -4.242594 11.404905 2.243540 -5.255033 -3.180156 14.282877 -0.826594 6.952496 -0.000000 -12.690593 -0.000001 16.450377 -17.150566 3.331560 1.665665 -1.955920 -2.878297 4.727794 -4.170584 4.993919 11.020511 0.000001 -0.000000 12.109032 -3.735715 -2.866778 0.000000 -0.000000 0.000000 1.291985 -1.928548 -1.498088 14.800115 0.567467 3.865604 14.242553 -1.341738 -6.660648 19.631935 0.143921 -0.648243 51.026611 -0.698646 -5.232145 0.353029 -1.511150 -0.031940 20.222769 3.684305 2.316629 18.787249 0.000001 -0.000001 10.751608 -0.479870 1.397903 0.000000 -0.000000 0.000000 3.273804 0.305947 -0.580110 21.486790 11.830364 2.266131 8.162915 0.000000 -0.000000 18.399052 -3.798986 -4.940567 0.000003 0.000000 -0.000001 10.343527 17.273623 4.483803 0.013216 -0.581735 30.291592 -3.745638 28.775011 -6.246521 2.034146 -2.447987 -3.889540 0.000000 -0.000000 0.000002 -1.795764 -18.811514 -16.273788 0.282467 0.109814 23.717609 4.639792 12.160301 -2.013099 -1.400587 0.717073 -1.618849 0.000000 -0.000000 -0.000001
0.000000 0.000000 0.000000 0.000000 -0.000000 0.000000 0.050826 -1.294426 -1.428683 0.098070 -2.815602 -3.122388 0.568168 -1.375499 1.661805 -0.443587 -3.332141 -4.196050 -4.195371 -7.778263 11.797392 9.023723 -0.821030 9.025990 -6.046541 -16.264608 -2.935490 -4.897870 -18.408737 -7.764927 0.000077 -0.000022 0.000006 0.085886 0.024737 -0.049369 0.724744 -3.686467 -10.673145 -0.559404 3.734838 -10.690710 -19.852831 -13.924521 20.398338 -55.156456 -20.292814 7.460351 -0.265718 -16.517897 0.235079 -2.036628 1.340410 4.344031 -5.882102 9.861279 0.702590 -10.936861 -0.360574 7.156197 0.000000 8.774815 -0.000000 -16.143398 17.780634 6.038140 -1.844031 2.498503 -2.507276 -10.163590 4.678941 4.621104 -20.975996 -0.000001 0.000001 -21.226254 2.451698 -3.593995 0.000000 -0.000006 -0.000000 -1.362681 2.240797 -0.746323 -21.334892 0.584910 3.008319 -13.821196 -0.000001 0.000001 -23.887129 -0.249075 -0.839485 -60.718605 2.424666 -0.999455 -0.294025 1.679686 0.833255 -14.218195 0.093215 1.300579 -34.212002 -0.287561 0.967166 -20.033176 0.964536 1.212838 0.000000 -0.000000 0.000000 -3.440387 0.788233 0.501655 -15.928172 -3.167306 2.999703 -6.338817 -0.000000 0.000001 -18.123419 3.648181 -4.905662 -0.000004 0.000000 -0.000002 2.948489 4.251847 9.019670 35.339619 -15.357978 -87.018654 -167.538422 63.745533 -166.832321 -64.084053 4.835047 2.887145 2.243540 -5.255033 -3.180156 14.282877 -0.826594 6.952496 -0.000000 -12.690593 -0.000001 17.400043 -18.017839 3.040468 1.665665 -1.955920 -2.878297 4.727794 -4.170584 4.993919 11.020511 0.000001 -0.000000 12.109032 -3.735715 -2.866778 0.000000 -0.000000 0.000000 1.291985 -1.928548 -1.498088 14.800115 0.567467 3.865604 14.242553 -1.341738 -6.660648 19.631935 0.143921 -0.648243 53.834900 -0.678640 -5.297204 0.353029 -1.511150 -0.031940 20.222769 3.684305 2.316629 18.787249 0.000001 -0.000001 10.751608 -0.479870 1.397903 0.000000 -0.000000 0.000000 3.273804 0.305947 -0.580110 21.486790 11.830364 2.266131 8.162915 0.000000 -0.000000 18.399052 -3.798986 -4.940567 0.000003 0.000000 -0.000001 10.343527 17.273623 4.483803 0.013216 -0.581735 30.291592 -3.745638 28.775011 -6.246521 2.034146 -2.447987 -3.889540 0.000000 -0.000000 0.000002 -1.795764 -18.811514 -16.273788 0.282467 0.109814 23.717609 4.639792 12.160301 -2.013099 -1.400587 0.717073 -1.618849 0.000000 -0.000000 -0.000001
0.000000 0.000000 0.000000 0.000000 -0.000000 0.000000 0.050826 -1.261673 -1.428683 0.098070 -2.815602 -3.122388 0.556405 -1.446725 1.723819 -0.458834 -3.461896 -4.140547 -4.055138 -7.925482 11.624631 8.728460 -0.802592 9.157380 -6.116261 -16.154425 -2.931132 -5.478565 -18.029797 -7.453918 0.000077 -0.000022 0.000006 0.094495 -0.038681 -0.030216 0.724781 -3.735154 -10.554205 -0.542203 3.655646 -10.585347 -19.860592 -14.189361 20.378046 -55.164455 -20.170519 6.601621 -0.539840 -15.583523 0.297403 -1.822903 1.066679 4.383083 -5.882102 9.861279 0.702590 -10.936861 -0.360574 7.156197 0.000000 8.774815 -0.000000 -16.220587 17.879423 6.086504 -1.844031 2.498503 -2.507276 -10.163590 4.678941 4.621104 -20.975996 -0.000001 0.000001 -21.226254 2.451698 -3.593995 0.000000 -0.000006 -0.000000 -1.362681 2.240797 -0.746323 -21.334892 0.584910 3.008319 -13.821196 -0.000001 0.000001 -23.887129 -0.249075 -0.839485 -60.815758 2.568308 -1.038171 -0.294025 1.679686 0.833255 -14.218195 0.093215 1.300579 -34.212002 -0.287561 0.967166 -20.033176 0.964536 1.212838 0.000000 -0.000000 0.000000 -3.440387 0.788233 0.501655 -15.928172 -3.167306 2.999703 -6.338817 -0.000000 0.000001 -18.123419 3.648181 -4.905662 -0.000004 0.000000 -0.000002 4.277314 3.600338 9.083450 34.213707 -14.889264 -88.571770 -166.424301 58.396648 -166.758926 -72.059593 18.674671 -2.507796 2.243540 -5.255033 -3.180156 14.282877 -0.826594 6.952496 -0.000000 -12.690593 -0.000001 17.872860 -19.028782 3.216463 1.665665 -1.955920 -2.878297 4.727794 -4.170584 4.993919 11.020511 0.000001 -0.000000 12.109032 -3.735715 -2.866778 0.000000 -0.000000 0.000000 1.291985 -1.928548 -1.498088 14.800115 0.567467 3.865604 14.242553 -1.341738 -6.660648 19.631935 0.143921 -0.648243 55.502769 -0.890675 -5.725274 0.353029 -1.511150 -0.031940 20.222769 3.684305 2.316629 18.787249 0.000001 -0.000001 10.751608 -0.479870 1.397903 0.000000 -0.000000 0.000000 3.273804 0.305947 -0.580110 21.486790 11.830364 2.266131 8.162915 0.000000 -0.000000 18.399052 -3.798986 -4.940567 0.000003 0.000000 -0.000001 10.343527 17.273623 4.483803 0.013216 -0.581735 30.291592 -3.745638 28.775011 -6.246521 2.034146 -2.447987 -3.889540 0.000000 -0.000000 0.000002 -1.795764 -18.811514 -16.273788 0.282467 0.109814 23.717609 4.639792 12.160301 -2.013099 -1.400587 0.717073 -1.618849 0.000000 -0.000000 -0.000001
0.000000 0.000000 0.000000 0.000000 -0.000000 0.000000 0.050826 -1.224259 -1.428683 0.098070 -2.815602 -3.122388 0.514470 -1.437361 1.750902 -0.459697 -3.316271 -4.151268 -3.934005 -7.902424 11.558328 8.268810 -0.680179 9.501489 -6.112799 -15.962924 -2.955122 -5.834553 -17.442204 -7.748697 0.000077 -0.000022 0.000006 0.089762 -0.124053 -0.044369 0.730862 -3.819341 -10.556501 -0.557029 3.569518 -10.603897 -19.471554 -13.968144 20.198460 -55.642776 -20.105305 5.749214 -0.687541 -15.059247 0.303643 -1.541907 0.995700 4.395435 -5.882102 9.861279 0.702590 -10.936861 -0.360574 7.156197 0.000000 8.774815 -0.000000 -16.374010 17.916897 5.984627 -1.844031 2.498503 -2.507276 -10.163590 4.678941 4.621104 -20.975996 -0.000001 0.000001 -21.226254 2.451698 -3.593995 0.000000 -0.000006 -0.000000 -1.362681 2.240797 -0.746323 -21.334892 0.584910 3.008319 -13.821196 -0.000001 0.000001 -23.887129 -0.249075 -0.839485 -61.069473 2.650027 -1.009762 -0.294025 1.679686 0.833255 -14.218195 0.093215 1.300579 -34.212002 -0.287561 0.967166 -20.033176 0.964536 1.212838 0.000000 -0.000000 0.000000 -3.440387 0.788233 0.501655 -15.928172 -3.167306 2.999703 -6.338817 -0.000000 0.000001 -18.123419 3.648181 -4.905662 -0.000004 0.000000 -0.000002 4.690449 3.862705 9.272014 34.382343 -14.578580 -89.370834 -166.137939 54.618351 -167.541916 -75.342545 26.404169 -2.359022 2.243540 -5.255033 -3.180156 14.282877 -0.826594 6.952496 -0.000000 -12.690593 -0.000001 17.973604 -19.228912 3.325648 1.665665 -1.955920 -2.878297 4.727794 -4.170584 4.993919 11.020511 0.000001 -0.000000 12.109032 -3.735715 -2.866778 0.000000 -0.000000 0.000000 1.291985 -1.928548 -1.498088 14.800115 0.567467 3.865604 14.242553 -1.341738 -6.660648 19.631935 0.143921 -0.648243 53.304138 -0.975149 -6.040552 0.353029 -1.511150 -0.031940 20.222769 3.684305 2.316629 18.787249 0.000001 -0.000001 10.751608 -0.479870 1.397903 0.000000 -0.000000 0.000000 3.273804 0.305947 -0.580110 21.486790 11.830364 2.266131 8.162915 0.000000 -0.000000 18.399052 -3.798986 -4.940567 0.000003 0.000000 -0.000001 10.343527 17.273623 4.483803 0.013216 -0.581735 30.291592 -3.745638 28.775011 -6.246521 2.034146 -2.447987 -3.889540 0.000000 -0.000000 0.000002 -1.795764 -18.811514 -16.273788 0.282467 0.109814 23.717609 4.639792 12.160301 -2.013099 -1.400587 0.717073 -1.618849 0.000000 -0.000000 -0.000001
0.000000 0.000000 0.000000 0.000000 -0.000000 0.000000 0.050826 -1.189385 -1.428683 0.098070 -2.815602 -3.122388 0.469426 -1.385761 1.775531 -0.428846 -3.264721 -4.090691 -3.840053 -7.774625 11.402802 7.985273 -0.583348 9.617379 -6.094619 -15.591248 -3.013587 -6.155523 -17.250994 -8.498771 0.000077 -0.000022 0.000006 0.081904 -0.111124 -0.041338 0.729266 -3.808655 -10.569009 -0.569880 3.583802 -10.627348 -18.874065 -13.595742 19.852753 -56.562828 -20.068737 5.536047 -0.406804 -14.880723 0.270923 -1.019839 1.259143 4.617727 -5.882102 9.861279 0.702590 -10.936861 -0.360574 7.156197 0.000000 8.774815 -0.000000 -16.435888 17.935709 5.964531 -1.844031 2.498503 -2.507276 -10.163590 4.678941 4.621104 -20.975996 -0.000001 0.000001 -21.226254 2.451698 -3.593995 0.000000 -0.000006 -0.000000 -1.362681 2.240797 -0.746323 -21.334892 0.584910 3.008319 -13.821196 -0.000001 0.000001 -23.887129 -0.249075 -0.839485 -61.072876 2.601437 -0.918408 -0.294025 1.679686 0.833255 -14.218195 0.093215 1.300579 -34.212002 -0.287561 0.967166 -20.033176 0.964536 1.212838 0.000000 -0.000000 0.000000 -3.440387 0.788233 0.501655 -15.928172 -3.167306 2.999703 -6.338817 -0.000000 0.000001 -18.123419 3.648181 -4.905662 -0.000004 0.000000 -0.000002 4.899207 4.306756 9.545916 35.681725 -15.528808 -89.223618 -167.687943 54.349808 -169.302109 -73.692696 28.069904 1.996012 2.243540 -5.255033 -3.180156 14.282877 -0.826594 6.952496 -0.000000 -12.690593 -0.000001 18.093946 -19.066723 3.079440 1.665665 -1.955920 -2.878297 4.727794 -4.170584 4.993919 11.020511 0.000001 -0.000000 12.109032 -3.735715 -2.866778 0.000000 -0.000000 0.000000 1.291985 -1.928548 -1.498088 14.800115 0.567467 3.865604 14.242553 -1.341738 -6.660648 19.631935 0.143921 -0.648243 52.552391 -0.922844 -5.899349 0.353029 -1.511150 -0.031940 20.222769 3.684305 2.316629 18.787249 0.000001 -0.000001 10.751608 -0.479870 1.397903 0.000000 -0.000000 0.000000 3.273804 0.305947 -0.580110 21.486790 11.830364 2.266131 8.162915 0.000000 -0.000000 18.399052 -3.798986 -4.940567 0.000003 0.000000 -0.000001 10.343527 17.273623 4.483803 0.013216 -0.581735 30.291592 -3.745638 28.775011 -6.246521 2.034146 -2.447987 -3.889540 0.000000 -0.000000 0.000002 -1.795764 -18.811514 -16.273788 0.282467 0.109814 23.717609 4.639792 12.160301 -2.013099 -1.400587 0.717073 -1.618849 0.000000 -0.000000 -0.000001
0.000000 0.000000 0.000000 0.000000 -0.000000 0.000000 0.050826 -1.201554 -1.428683 0.098070 -2.815602 -3.122388 0.408403 -1.243037 1.824475 -0.396450 -3.142257 -4.009459 -3.763909 -7.607802 11.237895 7.734380 -0.468545 9.647299 -5.956190 -15.152122 -3.024047 -6.064214 -17.224907 -9.239780 0.000077 -0.000022 0.000006 0.082212 -0.076818 -0.046280 0.740569 -3.776504 -10.623596 -0.579936 3.617364 -10.673417 -18.604166 -13.134289 19.375196 -57.052540 -19.780861 6.031634 -0.202891 -15.188095 0.240884 -0.755115 1.404889 4.645433 -5.882102 9.861279 0.702590 -10.936861 -0.360574 7.156197 0.000000 8.774815 -0.000000 -16.409761 17.877110 6.023829 -1.844031 2.498503 -2.507276 -10.163590 4.678941 4.621104 -20.975996 -0.000001 0.000001 -21.226254 2.451698 -3.593995 0.000000 -0.000006 -0.000000 -1.362681 2.240797 -0.746323 -21.334892 0.584910 3.008319 -13.821196 -0.000001 0.000001 -23.887129 -0.249075 -0.839485 -60.934551 2.521516 -0.874645 -0.294025 1.679686 0.833255 -14.218195 0.093215 1.300579 -34.212002 -0.287561 0.967166 -20.033176 0.964536 1.212838 0.000000 -0.000000 0.000000 -3.440387 0.788233 0.501655 -15.928172 -3.167306 2.999703 -6.338817 -0.000000 0.000001 -18.123419 3.648181 -4.905662 -0.000004 0.000000 -0.000002 5.760648 4.663970 10.136807 36.713184 -17.475512 -86.935059 -170.313919 56.725784 -171.645554 -65.227928 31.690651 9.799962 2.243540 -5.255033 -3.180156 14.282877 -0.826594 6.952496 -0.000000 -12.690593 -0.000001 17.577969 -19.314230 2.675825 1.665665 -1.955920 -2.878297 4.727794 -4.170584 4.993919 11.020511 0.000001 -0.000000 12.109032 -3.735715 -2.866778 0.000000 -0.000000 0.000000 1.291985 -1.928548 -1.498088 14.800115 0.567467 3.865604 14.242553 -1.341738 -6.660648 19.631935 0.143921 -0.648243 52.793461 -0.917286 -5.955044 0.353029 -1.511150 -0.031940 20.222769 3.684305 2.316629 18.787249 0.000001 -0.000001 10.751608 -0.479870 1.397903 0.000000 -0.000000 0.000000 3.273804 0.305947 -0.580110 21.486790 11.830364 2.266131 8.162915 0.000000 -0.000000 18.399052 -3.798986 -4.940567 0.000003 0.000000 -0.000001 10.343527 17.273623 4.483803 0.013216 -0.581735 30.291592 -3.745638 28.775011 -6.246521 2.034146 -2.447987 -3.889540 0.000000 -0.000000 0.000002 -1.795764 -18.811514 -16.273788 0.282467 0.109814 23.717609 4.639792 12.160301 -2.013099 -1.400587 0.717073 -1.618849 0.000000 -0.000000 -0.000001
0.000000 0.000000 0.000000 0.000000 -0.000000 0.000000 0.050826 -1.226006 -1.428683 0.098070 -2.815602 -3.122388 0.397189 -1.057528 1.791011 -0.392258 -2.951755 -4.072745 -3.787345 -7.368304 11.300840 7.559127 -0.426999 9.673758 -5.847794 -14.789324 -3.013642 -5.585556 -17.031965 -9.542067 0.000077 -0.000022 0.000006 0.079332 -0.065565 -0.066389 0.748996 -3.777419 -10.716818 -0.594326 3.639081 -10.744752 -18.676350 -12.752072 18.747904 -56.919140 -19.189629 7.065830 -0.334803 -15.993837 0.203606 -0.734998 1.274753 3.795999 -5.882102 9.861279 0.702590 -10.936861 -0.360574 7.156197 0.000000 8.774815 -0.000000 -16.422943 17.849150 6.032284 -1.844031 2.498503 -2.507276 -10.163590 4.678941 4.621104 -20.975996 -0.000001 0.000001 -21.226254 2.451698 -3.593995 0.000000 -0.000006 -0.000000 -1.362681 2.240797 -0.746323 -21.334892 0.584910 3.008319 -13.821196 -0.000001 0.000001 -23.887129 -0.249075 -0.839485 -60.914112 2.364892 -0.753120 -0.294025 1.679686 0.833255 -14.218195 0.093215 1.300579 -34.212002 -0.287561 0.967166 -20.033176 0.964536 1.212838 0.000000 -0.000000 0.000000 -3.440387 0.788233 0.501655 -15.928172 -3.167306 2.999703 -6.338817 -0.000000 0.000001 -18.123419 3.648181 -4.905662 -0.000004 0.000000 -0.000002 7.119999 4.845438 11.300523 37.248043 -19.856346 -82.624100 -170.632874 61.012680 -171.566986 -44.059654 37.215958 29.708519 2.243540 -5.255033 -3.180156 14.282877 -0.826594 6.952496 -0.000000 -12.690593 -0.000001 17.414427 -18.922810 2.551411 1.665665 -1.955920 -2.878297 4.727794 -4.170584 4.993919 11.020511 0.000001 -0.000000 12.109032 -3.735715 -2.866778 0.000000 -0.000000 0.000000 1.291985 -1.928548 -1.498088 14.800115 0.567467 3.865604 14.242553 -1.341738 -6.660648 19.631935 0.143921 -0.648243 51.651867 -1.017199 -6.375445 0.353029 -1.511150 -0.031940 20.222769 3.684305 2.316629 18.787249 0.000001 -0.000001 10.751608 -0.479870 1.397903 0.000000 -0.000000 0.000000 3.273804 0.305947 -0.580110 21.486790 11.830364 2.266131 8.162915 0.000000 -0.000000 18.399052 -3.798986 -4.940567 0.000003 0.000000 -0.000001 10.343527 17.273623 4.483803 0.013216 -0.581735 30.291592 -3.745638 28.775011 -6.246521 2.034146 -2.447987 -3.889540 0.000000 -0.000000 0.000002 -1.795764 -18.811514 -16.273788 0.282467 0.109814 23.717609 4.639792 12.160301 -2.013099 -1.400587 0.717073 -1.618849 0.000000 -0.000000 -0.000001
0.000000 0.000000 0.000000 0.000000 -0.000000 0.000000 0.050826 -1.243782 -1.428683 0.098070 -2.815602 -3.122388 0.427124 -0.989538 1.801870 -0.391843 -2.845594 -4.164538 -3.831862 -7.086549 11.372680 7.512818 -0.509700 9.772145 -5.696096 -14.730656 -3.095208 -5.239255 -16.653313 -9.384137 0.000077 -0.000022 0.000006 0.074501 -0.079374 -0.069337 0.753782 -3.798181 -10.763089 -0.609318 3.632945 -10.764076 -18.876019 -12.519258 18.485008 -56.541992 -18.974773 7.896461 -0.542547 -16.740595 0.205666 -0.893355 1.010099 3.008064 -5.882102 9.861279 0.702590 -10.936861 -0.360574 7.156197 0.000000 8.774815 -0.000000 -16.441088 17.884617 6.052011 -1.844031 2.498503 -2.507276 -10.163590 4.678941 4.621104 -20.975996 -0.000001 0.000001 -21.226254 2.451698 -3.593995 0.000000 -0.000006 -0.000000 -1.362681 2.240797 -0.746323 -21.334892 0.584910 3.008319 -13.821196 -0.000001 0.000001 -23.887129 -0.249075 -0.839485 -61.074284 2.326744 -0.682853 -0.294025 1.679686 0.833255 -14.218195 0.093215 1.300579 -34.212002 -0.287561 0.967166 -20.033176 0.964536 1.212838 0.000000 -0.000000 0.000000 -3.440387 0.788233 0.501655 -15.928172 -3.167306 2.999703 -6.338817 -0.000000 0.000001 -18.123419 3.648181 -4.905662 -0.000004 0.000000 -0.000002 7.953583 4.881999 12.367420 37.453262 -21.001680 -79.067360 -172.793381 67.005119 -172.750259 -30.119720 36.115417 44.519753 2.243540 -5.255033 -3.180156 14.282877 -0.826594 6.952496 -0.000000 -12.690593 -0.000001 17.180468 -17.584887 2.807678 1.665665 -1.955920 -2.878297 4.727794 -4.170584 4.993919 11.020511 0.000001 -0.000000 12.109032 -3.735715 -2.866778 0.000000 -0.000000 0.000000 1.291985 -1.928548 -1.498088 14.800115 0.567467 3.865604 14.242553 -1.341738 -6.660648 19.631935 0.143921 -0.648243 50.706631 -1.024432 -6.287992 0.353029 -1.511150 -0.031940 20.222769 3.684305 2.316629 18.787249 0.000001 -0.000001 10.751608 -0.479870 1.397903 0.000000 -0.000000 0.000000 3.273804 0.305947 -0.580110 21.486790 11.830364 2.266131 8.162915 0.000000 -0.000000 18.399052 -3.798986 -4.940567 0.000003 0.000000 -0.000001 10.343527 17.273623 4.483803 0.013216 -0.581735 30.291592 -3.745638 28.775011 -6.246521 2.034146 -2.447987 -3.889540 0.000000 -0.000000 0.000002 -1.795764 -18.811514 -16.273788 0.282467 0.109814 23.717609 4.639792 12.160301 -2.013099 -1.400587 0.717073 -1.618849 0.000000 -0.000000 -0.000001
0.000000 0.000000 0.000000 0.000000 -0.000000 0.000000 0.050826 -1.240357 -1.428683 0.098070 -2.815602 -3.122388 0.454985 -1.011606 1.836761 -0.392393 -2.784152 -4.227355 -3.890083 -6.911390 11.399036 7.605761 -0.651298 9.952339 -5.570373 -14.801845 -3.140690 -5.006079 -16.338314 -9.108102 0.000077 -0.000022 0.000006 0.073228 -0.091743 -0.061002 0.750563 -3.808039 -10.754243 -0.609030 3.618265 -10.734607 -18.991062 -12.460493 18.482851 -56.211403 -19.245331 8.862761 -0.647422 -17.062338 0.210044 -1.087405 0.813598 2.478967 -5.882102 9.861279 0.702590 -10.936861 -0.360574 7.156197 0.000000 8.774815 -0.000000 -16.437820 17.928364 6.076663 -1.844031 2.498503 -2.507276 -10.163590 4.678941 4.621104 -20.975996 -0.000001 0.000001 -21.226254 2.451698 -3.593995 0.000000 -0.000006 -0.000000 -1.362681 2.240797 -0.746323 -21.334892 0.584910 3.008319 -13.821196 -0.000001 0.000001 -23.887129 -0.249075 -0.839485 -61.244164 2.372729 -0.730990 -0.294025 1.679686 0.833255 -14.218195 0.093215 1.300579 -34.212002 -0.287561 0.967166 -20.033176 0.964536 1.212838 0.000000 -0.000000 0.000000 -3.440387 0.788233 0.501655 -15.928172 -3.167306 2.999703 -6.338817 -0.000000 0.000001 -18.123419 3.648181 -4.905662 -0.000004 0.000000 -0.000002 8.271562 4.925982 12.912109 37.745964 -21.198212 -75.551773 -174.830948 74.072502 -173.568451 -25.291288 33.271667 52.229771 2.243540 -5.255033 -3.180156 14.282877 -0.826594 6.952496 -0.000000 -12.690593 -0.000001 16.506237 -16.910177 3.259059 1.665665 -1.955920 -2.878297 4.727794 -4.170584 4.993919 11.020511 0.000001 -0.000000 12.109032 -3.735715 -2.866778 0.000000 -0.000000 0.000000 1.291985 -1.928548 -1.498088 14.800115 0.567467 3.865604 14.242553 -1.341738 -6.660648 19.631935 0.143921 -0.648243 50.092888 -0.982827 -6.075418 0.353029 -1.511150 -0.031940 20.222769 3.684305 2.316629 18.787249 0.000001 -0.000001 10.751608 -0.479870 1.397903 0.000000 -0.000000 0.000000 3.273804 0.305947 -0.580110 21.486790 11.830364 2.266131 8.162915 0.000000 -0.000000 18.399052 -3.798986 -4.940567 0.000003 0.000000 -0.000001 10.343527 17.273623 4.483803 0.013216 -0.581735 30.291592 -3.745638 28.775011 -6.246521 2.034146 -2.447987 -3.889540 0.000000 -0.000000 0.000002 -1.795764 -18.811514 -16.273788 0.282467 0.109814 23.717609 4.639792 12.160301 -2.013099 -1.400587 0.717073 -1.618849 0.000000 -0.000000 -0.000001
0.000000 0.000000 0.000000 0.000000 -0.000000 0.000000 0.050826 -1.224022 -1.428683 0.098070 -2.815602 -3.122388 0.463654 -1.073826 1.851144 -0.394667 -2.785197 -4.258750 -3.933473 -6.851971 11.383159 7.773887 -0.861004 10.131499 -5.483078 -14.884414 -3.136072 -4.837715 -16.163187 -8.854627 0.000077 -0.000022 0.000006 0.073270 -0.098799 -0.047875 0.743068 -3.810378 -10.714382 -0.601570 3.606223 -10.683158 -19.001440 -12.617931 18.535213 -56.003105 -19.785629 9.941352 -0.722353 -16.924383 0.232996 -1.242869 0.732115 2.387632 -5.882102 9.861279 0.702590 -10.936861 -0.360574 7.156197 0.000000 8.774815 -0.000000 -16.436083 17.964714 6.079952 -1.844031 2.498503 -2.507276 -10.163590 4.678941 4.621104 -20.975996 -0.000001 0.000001 -21.226254 2.451698 -3.593995 0.000000 -0.000006 -0.000000 -1.362681 2.240797 -0.746323 -21.334892 0.584910 3.008319 -13.821196 -0.000001 0.000001 -23.887129 -0.249075 -0.839485 -61.310238 2.414704 -0.815525 -0.294025 1.679686 0.833255 -14.218195 0.093215 1.300579 -34.212002 -0.287561 0.967166 -20.033176 0.964536 1.212838 0.000000 -0.000000 0.000000 -3.440387 0.788233 0.501655 -15.928172 -3.167306 2.999703 -6.338817 -0.000000 0.000001 -18.123419 3.648181 -4.905662 -0.000004 0.000000 -0.000002 8.421384 4.872478 13.053880 38.146225 -20.888933 -72.183815 -173.832916 81.661034 -171.843430 -25.433300 31.447268 55.246082 2.243540 -5.255033 -3.180156 14.282877 -0.826594 6.952496 -0.000000 -12.690593 -0.000001 16.156082 -16.852837 3.408144 1.665665 -1.955920 -2.878297 4.727794 -4.170584 4.993919 11.020511 0.000001 -0.000000 12.109032 -3.735715 -2.866778 0.000000 -0.000000 0.000000 1.291985 -1.928548 -1.498088 14.800115 0.567467 3.865604 14.242553 -1.341738 -6.660648 19.631935 0.143921 -0.648243 49.901176 -0.883776 -6.038630 0.353029 -1.511150 -0.031940 20.222769 3.684305 2.316629 18.787249 0.000001 -0.000001 10.751608 -0.479870 1.397903 0.000000 -0.000000 0.000000 3.273804 0.305947 -0.580110 21.486790 11.830364 2.266131 8.162915 0.000000 -0.000000 18.399052 -3.798986 -4.940567 0.000003 0.000000 -0.000001 10.343527 17.273623 4.483803 0.013216 -0.581735 30.291592 -3.745638 28.775011 -6.246521 2.034146 -2.447987 -3.889540 0.000000 -0.000000 0.000002 -1.795764 -18.811514 -16.273788 0.282467 0.109814 23.717609 4.639792 12.160301 -2.013099 -1.400587 0.717073 -1.618849 0.000000 -0.000000 -0.000001
0.000000 0.000000 0.000000 0.000000 -0.000000 0.000000 0.050826 -1.215187 -1.428683 0.098070 -2.815602 -3.122388 0.455795 -1.149973 1.854716 -0.398638 -2.809250 -4.279809 -3.946889 -6.889769 11.371593 7.956534 -1.069817 10.243242 -5.463291 -14.958922 -3.113479 -4.638148 -16.138609 -8.698903 0.000077 -0.000022 0.000006 0.074052 -0.108595 -0.041096 0.738796 -3.818186 -10.679579 -0.595926 3.594985 -10.645260 -18.950951 -12.923786 18.529266 -55.881664 -20.366106 11.004066 -0.857665 -16.595411 0.279161 -1.370462 0.694456 2.576666 -5.882102 9.861279 0.702590 -10.936861 -0.360574 7.156197 0.000000 8.774815 -0.000000 -16.456589 17.973988 6.022075 -1.844031 2.498503 -2.507276 -10.163590 4.678941 4.621104 -20.975996 -0.000001 0.000001 -21.226254 2.451698 -3.593995 0.000000 -0.000006 -0.000000 -1.362681 2.240797 -0.746323 -21.334892 0.584910 3.008319 -13.821196 -0.000001 0.000001 -23.887129 -0.249075 -0.839485 -61.257862 2.405963 -0.876718 -0.294025 1.679686 0.833255 -14.218195 0.093215 1.300579 -34.212002 -0.287561 0.967166 -20.033176 0.964536 1.212838 0.000000 -0.000000 0.000000 -3.440387 0.788233 0.501655 -15.928172 -3.167306 2.999703 -6.338817 -0.000000 0.000001 -18.123419 3.648181 -4.905662 -0.000004 0.000000 -0.000002 8.617303 4.716331 13.016246 38.766819 -20.231670 -69.433365 -132.877136 88.746483 -130.637207 -28.488186 30.912958 54.571709 2.243540 -5.255033 -3.180156 14.282877 -0.826594 6.952496 -0.000000 -12.690593 -0.000001 16.218586 -17.026176 3.146803 1.665665 -1.955920 -2.878297 4.727794 -4.170584 4.993919 11.020511 0.000001 -0.000000 12.109032 -3.735715 -2.866778 0.000000 -0.000000 0.000000 1.291985 -1.928548 -1.498088 14.800115 0.567467 3.865604 14.242553 -1.341738 -6.660648 19.631935 0.143921 -0.648243 49.750607 -0.763371 -6.173758 0.353029 -1.511150 -0.031940 20.222769 3.684305 2.316629 18.787249 0.000001 -0.000001 10.751608 -0.479870 1.397903 0.000000 -0.000000 0.000000 3.273804 0.305947 -0.580110 21.486790 11.830364 2.266131 8.162915 0.000000 -0.000000 18.399052 -3.798986 -4.940567 0.000003 0.000000 -0.000001 10.343527 17.273623 4.483803 0.013216 -0.581735 30.291592 -3.745638 28.775011 -6.246521 2.034146 -2.447987 -3.889540 0.000000 -0.000000 0.000002 -1.795764 -18.811514 -16.273788 0.282467 0.109814 23.717609 4.639792 12.160301 -2.013099 -1.400587 0.717073 -1.618849 0.000000 -0.000000 -0.000001
0.000000 0.000000 0.000000 0.000000 -0.000000 0.000000 0.050826 -1.210747 -1.428683 0.098070 -2.815602 -3.122388 0.426117 -1.201749 1.892123 -0.399425 -2.823950 -4.305585 -3.918241 -7.013457 11.346975 8.135066 -1.233090 10.329100 -5.483923 -14.975052 -3.097826 -4.401297 -16.211281 -8.718610 0.000077 -0.000022 0.000006 0.072299 -0.115007 -0.049364 0.736180 -3.820142 -10.654145 -0.596752 3.584573 -10.617656 -18.991482 -13.251082 18.573292 -55.702389 -20.898005 12.105925 -0.900012 -16.433355 0.289885 -1.624203 0.665333 2.701651 -5.882102 9.861279 0.702590 -10.936861 -0.360574 7.156197 0.000000 8.774815 -0.000000 -16.491962 17.953211 5.936119 -1.844031 2.498503 -2.507276 -10.163590 4.678941 4.621104 -20.975996 -0.000001 0.000001 -21.226254 2.451698 -3.593995 0.000000 -0.000006 -0.000000 -1.362681 2.240797 -0.746323 -21.334892 0.584910 3.008319 -13.821196 -0.000001 0.000001 -23.887129 -0.249075 -0.839485 -61.143295 2.334005 -0.856846 -0.294025 1.679686 0.833255 -14.218195 0.093215 1.300579 -34.212002 -0.287561 0.967166 -20.033176 0.964536 1.212838 0.000000 -0.000000 0.000000 -3.440387 0.788233 0.501655 -15.928172 -3.167306 2.999703 -6.338817 -0.000000 0.000001 -18.123419 3.648181 -4.905662 -0.000004 0.000000 -0.000002 8.926280 4.530350 13.070042 39.887691 -19.277500 -67.438400 -12.744093 84.138664 -10.501309 -33.975250 31.016819 51.009892 2.243540 -5.255033 -3.180156 14.282877 -0.826594 6.952496 -0.000000 -12.690593 -0.000001 16.272148 -17.270039 2.860787 1.665665 -1.955920 -2.878297 4.727794 -4.170584 4.993919 11.020511 0.000001 -0.000000 12.109032 -3.735715 -2.866778 0.000000 -0.000000 0.000000 1.291985 -1.928548 -1.498088 14.800115 0.567467 3.865604 14.242553 -1.341738 -6.660648 19.631935 0.143921 -0.648243 49.414604 -0.665939 -6.336382 0.353029 -1.511150 -0.031940 20.222769 3.684305 2.316629 18.787249 0.000001 -0.000001 10.751608 -0.479870 1.397903 0.000000 -0.000000 0.000000 3.273804 0.305947 -0.580110 21.486790 11.830364 2.266131 8.162915 0.000000 -0.000000 18.399052 -3.798986 -4.940567 0.000003 0.000000 -0.000001 10.343527 17.273623 4.483803 0.013216 -0.581735 30.291592 -3.745638 28.775011 -6.246521 2.034146 -2.447987 -3.889540 0.000000 -0.000000 0.000002 -1.795764 -18.811514 -16.273788 0.282467 0.109814 23.717609 4.639792 12.160301 -2.013099 -1.400587 0.717073 -1.618849 0.000000 -0.000000 -0.000001
0.000000 0.000000 0.000000 0.000000 -0.000000 0.000000 0.050826 -1.235558 -1.428683 0.098070 -2.815602 -3.122388 0.379034 -1.237549 1.861549 -0.406424 -3.001058 -4.300106 -3.910728 -7.226253 11.366595 8.459214 -1.374355 10.355879 -5.496600 -15.114450 -3.146196 -4.264374 -16.256218 -8.941461 0.000077 -0.000022 0.000006 0.079826 -0.175334 -0.041500 0.743849 -3.875562 -10.624228 -0.589270 3.519269 -10.577974 -18.912888 -13.620673 18.458591 -55.713078 -21.265633 13.203711 -0.932212 -16.248798 0.317981 -1.637162 0.506440 3.059761 -5.882102 9.861279 0.702590 -10.936861 -0.360574 7.156197 0.000000 8.774815 -0.000000 -16.527317 18.061279 5.989463 -1.844031 2.498503 -2.507276 -10.163590 4.678941 4.621104 -20.975996 -0.000001 0.000001 -21.226254 2.451698 -3.593995 0.000000 -0.000006 -0.000000 -1.362681 2.240797 -0.746323 -21.334892 0.584910 3.008319 -13.821196 -0.000001 0.000001 -23.887129 -0.249075 -0.839485 -61.206699 2.410296 -0.773425 -0.294025 1.679686 0.833255 -14.218195 0.093215 1.300579 -34.212002 -0.287561 0.967166 -20.033176 0.964536 1.212838 0.000000 -0.000000 0.000000 -3.440387 0.788233 0.501655 -15.928172 -3.167306 2.999703 -6.338817 -0.000000 0.000001 -18.123419 3.648181 -4.905662 -0.000004 0.000000 -0.000002 9.184361 4.122200 13.032958 41.625313 -18.270754 -66.573189 -5.661240 78.680359 -3.642187 -41.059021 31.579782 45.189064 2.243540 -5.255033 -3.180156 14.282877 -0.826594 6.952496 -0.000000 -12.690593 -0.000001 16.228888 -17.426714 2.637694 1.665665 -1.955920 -2.878297 4.727794 -4.170584 4.993919 11.020511 0.000001 -0.000000 12.109032 -3.735715 -2.866778 0.000000 -0.000000 0.000000 1.291985 -1.928548 -1.498088 14.800115 0.567467 3.865604 14.242553 -1.341738 -6.660648 19.631935 0.143921 -0.648243 49.215256 -0.516116 -6.406207 0.353029 -1.511150 -0.031940 20.222769 3.684305 2.316629 18.787249 0.000001 -0.000001 10.751608 -0.479870 1.397903 0.000000 -0.000000 0.000000 3.273804 0.305947 -0.580110 21.486790 11.830364 2.266131 8.162915 0.000000 -0.000000 18.399052 -3.798986 -4.940567 0.000003 0.000000 -0.000001 10.343527 17.273623 4.483803 0.013216 -0.581735 30.291592 -3.745638 28.775011 -6.246521 2.034146 -2.447987 -3.889540 0.000000 -0.000000 0.000002 -1.795764 -18.811514 -16.273788 0.282467 0.109814 23.717609 4.639792 12.160301 -2.013099 -1.400587 0.717073 -1.618849 0.000000 -0.000000 -0.000001
0.000000 0.000000 0.000000 0.000000 -0.000000 0.000000 0.050826 -1.239960 -1.428683 0.098070 -2.815602 -3.122388 0.331355 -1.237474 1.869413 -0.395023 -2.953199 -4.332596 -3.837067 -7.159616 11.383390 8.331892 -1.435389 10.428082 -5.370778 -14.990860 -3.122143 -3.850032 -16.113800 -9.164953 0.000077 -0.000022 0.000006 0.069191 -0.205023 -0.059075 0.745814 -3.908273 -10.679507 -0.612706 3.493835 -10.626952 -18.999275 -13.617932 18.427259 -55.615887 -21.609852 14.181259 -0.816082 -16.265230 0.271716 -1.757573 0.415141 2.870330 -5.882102 9.861279 0.702590 -10.936861 -0.360574 7.156197 0.000000 8.774815 -0.000000 -16.654894 18.002068 5.919373 -1.844031 2.498503 -2.507276 -10.163590 4.678941 4.621104 -20.975996 -0.000001 0.000001 -21.226254 2.451698 -3.593995 0.000000 -0.000006 -0.000000 -1.362681 2.240797 -0.746323 -21.334892 0.584910 3.008319 -13.821196 -0.000001 0.000001 -23.887129 -0.249075 -0.839485 -61.304977 2.412497 -0.765335 -0.294025 1.679686 0.833255 -14.218195 0.093215 1.300579 -34.212002 -0.287561 0.967166 -20.033176 0.964536 1.212838 0.000000 -0.000000 0.000000 -3.440387 0.788233 0.501655 -15.928172 -3.167306 2.999703 -6.338817 -0.000000 0.000001 -18.123419 3.648181 -4.905662 -0.000004 0.000000 -0.000002 9.400936 4.176120 13.118835 43.602367 -16.944426 -65.450127 -4.858454 74.037407 -3.241032 -47.423214 31.836899 39.857063 2.243540 -5.255033 -3.180156 14.282877 -0.826594 6.952496 -0.000000 -12.690593 -0.000001 15.929317 -17.682247 2.835453 1.665665 -1.955920 -2.878297 4.727794 -4.170584 4.993919 11.020511 0.000001 -0.000000 12.109032 -3.735715 -2.866778 0.000000 -0.000000 0.000000 1.291985 -1.928548 -1.498088 14.800115 0.567467 3.865604 14.242553 -1.341738 -6.660648 19.631935 0.143921 -0.648243 48.984173 -0.480542 -6.523970 0.353029 -1.511150 -0.031940 20.222769 3.684305 2.316629 18.787249 0.000001 -0.000001 10.751608 -0.479870 1.397903 0.000000 -0.000000 0.000000 3.273804 0.305947 -0.580110 21.486790 11.830364 2.266131 8.162915 0.000000 -0.000000 18.399052 -3.798986 -4.940567 0.000003 0.000000 -0.000001 10.343527 17.273623 4.483803 0.013216 -0.581735 30.291592 -3.745638 28.775011 -6.246521 2.034146 -2.447987 -3.889540 0.000000 -0.000000 0.000002 -1.795764 -18.811514 -16.273788 0.282467 0.109814 23.717609 4.639792 12.160301 -2.013099 -1.400587 0.717073 -1.618849 0.000000 -0.000000 -0.000001
0.000000 0.000000 0.000000 0.000000 -0.000000 0.000000 0.050826 -1.243584 -1.428683 0.098070 -2.815602 -3.122388 0.227311 -1.232026 1.858785 -0.412166 -2.971167 -4.345587 -3.736484 -7.135414 11.395113 8.331857 -1.510874 10.456131 -5.246087 -14.771276 -3.145353 -3.639294 -15.909392 -9.262460 0.000077 -0.000022 0.000006 0.067358 -0.229207 -0.058333 0.743425 -3.932355 -10.668887 -0.614041 3.470180 -10.619514 -19.053816 -13.617826 18.359289 -55.627293 -21.854382 14.945533 -0.704078 -16.259464 0.242495 -1.645603 0.342788 2.750376 -5.882102 9.861279 0.702590 -10.936861 -0.360574 7.156197 0.000000 8.774815 -0.000000 -16.660597 18.034786 5.934939 -1.844031 2.498503 -2.507276 -10.163590 4.678941 4.621104 -20.975996 -0.000001 0.000001 -21.226254 2.451698 -3.593995 0.000000 -0.000006 -0.000000 -1.362681 2.240797 -0.746323 -21.334892 0.584910 3.008319 -13.821196 -0.000001 0.000001 -23.887129 -0.249075 -0.839485 -61.311562 2.444878 -0.783972 -0.294025 1.679686 0.833255 -14.218195 0.093215 1.300579 -34.212002 -0.287561 0.967166 -20.033176 0.964536 1.212838 0.000000 -0.000000 0.000000 -3.440387 0.788233 0.501655 -15.928172 -3.167306 2.999703 -6.338817 -0.000000 0.000001 -18.123419 3.648181 -4.905662 -0.000004 0.000000 -0.000002 9.838331 4.131581 13.253903 45.897209 -15.678695 -64.546440 -3.739079 70.067238 -2.223920 -52.811691 32.318634 34.599998 2.243540 -5.255033 -3.180156 14.282877 -0.826594 6.952496 -0.000000 -12.690593 -0.000001 15.812019 -17.920212 2.932503 1.665665 -1.955920 -2.878297 4.727794 -4.170584 4.993919 11.020511 0.000001 -0.000000 12.109032 -3.735715 -2.866778 0.000000 -0.000000 0.000000 1.291985 -1.928548 -1.498088 14.800115 0.567467 3.865604 14.242553 -1.341738 -6.660648 19.631935 0.143921 -0.648243 49.050938 -0.483977 -6.570658 0.353029 -1.511150 -0.031940 20.222769 3.684305 2.316629 18.787249 0.000001 -0.000001 10.751608 -0.479870 1.397903 0.000000 -0.000000 0.000000 3.273804 0.305947 -0.580110 21.486790 11.830364 2.266131 8.162915 0.000000 -0.000000 18.399052 -3.798986 -4.940567 0.000003 0.000000 -0.000001 10.343527 17.273623 4.483803 0.013216 -0.581735 30.291592 -3.745638 28.775011 -6.246521 2.034146 -2.447987 -3.889540 0.000000 -0.000000 0.000002 -1.795764 -18.811514 -16.273788 0.282467 0.109814 23.717609 4.639792 12.160301 -2.013099 -1.400587 0.717073 -1.618849 0.000000 -0.000000 -0.000001
0.000000 0.000000 0.000000 0.000000 -0.000000 0.000000 0.050826 -1.240341 -1.428683 0.098070 -2.815602 -3.122388 0.116031 -1.223084 1.878710 -0.438457 -2.959773 -4.363095 -3.605546 -7.082475 11.410967 8.313170 -1.607677 10.460036 -5.084271 -14.447881 -3.162147 -3.414459 -15.644431 -9.367529 0.000077 -0.000022 0.000006 0.064216 -0.240285 -0.056619 0.740573 -3.942606 -10.654656 -0.617438 3.459361 -10.612183 -19.069744 -13.596179 18.310606 -55.712006 -22.078112 15.430057 -0.640775 -16.356459 0.225502 -1.423054 0.224411 2.525046 -5.882102 9.861279 0.702590 -10.936861 -0.360574 7.156197 0.000000 8.774815 -0.000000 -16.670406 18.039431 5.907857 -1.844031 2.498503 -2.507276 -10.163590 4.678941 4.621104 -20.975996 -0.000001 0.000001 -21.226254 2.451698 -3.593995 0.000000 -0.000006 -0.000000 -1.362681 2.240797 -0.746323 -21.334892 0.584910 3.008319 -13.821196 -0.000001 0.000001 -23.887129 -0.249075 -0.839485 -61.226398 2.418915 -0.816547 -0.294025 1.679686 0.833255 -14.218195 0.093215 1.300579 -34.212002 -0.287561 0.967166 -20.033176 0.964536 1.212838 0.000000 -0.000000 0.000000 -3.440387 0.788233 0.501655 -15.928172 -3.167306 2.999703 -6.338817 -0.000000 0.000001 -18.123419 3.648181 -4.905662 -0.000004 0.000000 -0.000002 10.489729 4.051873 13.468115 48.317566 -14.216460 -63.458347 -3.259596 66.475113 -1.629207 -57.749531 32.766682 29.555937 2.243540 -5.255033 -3.180156 14.282877 -0.826594 6.952496 -0.000000 -12.690593 -0.000001 15.739700 -18.169226 3.034589 1.665665 -1.955920 -2.878297 4.727794 -4.170584 4.993919 11.020511 0.000001 -0.000000 12.109032 -3.735715 -2.866778 0.000000 -0.000000 0.000000 1.291985 -1.928548 -1.498088 14.800115 0.567467 3.865604 14.242553 -1.341738 -6.660648 19.631935 0.143921 -0.648243 49.224819 -0.502312 -6.621141 0.353029 -1.511150 -0.031940 20.222769 3.684305 2.316629 18.787249 0.000001 -0.000001 10.751608 -0.479870 1.397903 0.000000 -0.000000 0.000000 3.273804 0.305947 -0.580110 21.486790 11.830364 2.266131 8.162915 0.000000 -0.000000 18.399052 -3.798986 -4.940567 0.000003 0.000000 -0.000001 10.343527 17.273623 4.483803 0.013216 -0.581735 30.291592 -3.745638 28.775011 -6.246521 2.034146 -2.447987 -3.889540 0.000000 -0.000000 0.000002 -1.795764 -18.811514 -16.273788 0.282467 0.109814 23.717609 4.639792 12.160301 -2.013099 -1.400587 0.717073 -1.618849 0.000000 -0.000000 -0.000001
0.000000 0.000000 0.000000 0.000000 -0.000000 0.000000 0.050826 -1.229134 -1.428683 0.098070 -2.815602 -3.122388 -0.002593 -1.217613 1.901818 -0.480628 -2.954162 -4.383229 -3.446215 -7.049496 11.444290 8.356390 -1.773839 10.481482 -4.915550 -14.035950 -3.181550 -3.169116 -15.316723 -9.458764 0.000077 -0.000022 0.000006 0.061168 -0.236065 -0.058651 0.738701 -3.938589 -10.644646 -0.621411 3.464546 -10.608844 -18.968332 -13.601679 18.298674 -55.941959 -22.318213 16.019133 -0.551077 -16.592205 0.211758 -1.201628 0.114535 2.154766 -5.882102 9.861279 0.702590 -10.936861 -0.360574 7.156197 0.000000 8.774815 -0.000000 -16.719765 18.040545 5.838127 -1.844031 2.498503 -2.507276 -10.163590 4.678941 4.621104 -20.975996 -0.000001 0.000001 -21.226254 2.451698 -3.593995 0.000000 -0.000006 -0.000000 -1.362681 2.240797 -0.746323 -21.334892 0.584910 3.008319 -13.821196 -0.000001 0.000001 -23.887129 -0.249075 -0.839485 -61.139626 2.360926 -0.841156 -0.294025 1.679686 0.833255 -14.218195 0.093215 1.300579 -34.212002 -0.287561 0.967166 -20.033176 0.964536 1.212838 0.000000 -0.000000 0.000000 -3.440387 0.788233 0.501655 -15.928172 -3.167306 2.999703 -6.338817 -0.000000 0.000001 -18.123419 3.648181 -4.905662 -0.000004 0.000000 -0.000002 11.332139 3.885536 13.741574 50.925003 -12.493910 -62.188908 -3.313255 62.799717 -1.344044 -62.874275 32.698601 24.363358 2.243540 -5.255033 -3.180156 14.282877 -0.826594 6.952496 -0.000000 -12.690593 -0.000001 15.644814 -18.453213 3.147326 1.665665 -1.955920 -2.878297 4.727794 -4.170584 4.993919 11.020511 0.000001 -0.000000 12.109032 -3.735715 -2.866778 0.000000 -0.000000 0.000000 1.291985 -1.928548 -1.498088 14.800115 0.567467 3.865604 14.242553 -1.341738 -6.660648 19.631935 0.143921 -0.648243 49.458302 -0.514282 -6.707861 0.353029 -1.511150 -0.031940 20.222769 3.684305 2.316629 18.787249 0.000001 -0.000001 10.751608 -0.479870 1.397903 0.000000 -0.000000 0.000000 3.273804 0.305947 -0.580110 21.486790 11.830364 2.266131 8.162915 0.000000 -0.000000 18.399052 -3.798986 -4.940567 0.000003 0.000000 -0.000001 10.343527 17.273623 4.483803 0.013216 -0.581735 30.291592 -3.745638 28.775011 -6.246521 2.034146 -2.447987 -3.889540 0.000000 -0.000000 0.000002 -1.795764 -18.811514 -16.273788 0.282467 0.109814 23.717609 4.639792 12.160301 -2.013099 -1.400587 0.717073 -1.618849 0.000000 -0.000000 -0.000001
0.000000 0.000000 0.000000 0.000000 -0.000000 0.000000 0.050826 -1.214020 -1.428683 0.098070 -2.815602 -3.122388 -0.123603 -1.230688 1.910943 -0.537740 -2.984938 -4.404408 -3.257596 -7.056142 11.502279 8.532084 -2.020160 10.544115 -4.764034 -13.603209 -3.193074 -2.941294 -14.958158 -9.509795 0.000077 -0.000022 0.000006 0.059223 -0.233003 -0.059038 0.737550 -3.936524 -10.633944 -0.623765 3.469224 -10.604179 -18.701708 -13.655797 18.347645 -56.377674 -22.629328 16.866159 -0.392013 -16.930904 0.177890 -1.025885 0.027142 1.769326 -5.882102 9.861279 0.702590 -10.936861 -0.360574 7.156197 0.000000 8.774815 -0.000000 -16.819471 18.035669 5.744819 -1.844031 2.498503 -2.507276 -10.163590 4.678941 4.621104 -20.975996 -0.000001 0.000001 -21.226254 2.451698 -3.593995 0.000000 -0.000006 -0.000000 -1.362681 2.240797 -0.746323 -21.334892 0.584910 3.008319 -13.821196 -0.000001 0.000001 -23.887129 -0.249075 -0.839485 -61.100559 2.287008 -0.833577 -0.294025 1.679686 0.833255 -14.218195 0.093215 1.300579 -34.212002 -0.287561 0.967166 -20.033176 0.964536 1.212838 0.000000 -0.000000 0.000000 -3.440387 0.788233 0.501655 -15.928172 -3.167306 2.999703 -6.338817 -0.000000 0.000001 -18.123419 3.648181 -4.905662 -0.000004 0.000000 -0.000002 12.316708 3.586789 14.046024 53.673504 -10.506639 -60.825813 -3.505369 58.665146 -1.084404 -68.273071 31.453281 18.892941 2.243540 -5.255033 -3.180156 14.282877 -0.826594 6.952496 -0.000000 -12.690593 -0.000001 15.488974 -18.749567 3.298208 1.665665 -1.955920 -2.878297 4.727794 -4.170584 4.993919 11.020511 0.000001 -0.000000 12.109032 -3.735715 -2.866778 0.000000 -0.000000 0.000000 1.291985 -1.928548 -1.498088 14.800115 0.567467 3.865604 14.242553 -1.341738 -6.660648 19.631935 0.143921 -0.648243 49.833115 -0.502565 -6.771941 0.353029 -1.511150 -0.031940 20.222769 3.684305 2.316629 18.787249 0.000001 -0.000001 10.751608 -0.479870 1.397903 0.000000 -0.000000 0.000000 3.273804 0.305947 -0.580110 21.486790 11.830364 2.266131 8.162915 0.000000 -0.000000 18.399052 -3.798986 -4.940567 0.000003 0.000000 -0.000001 10.343527 17.273623 4.483803 0.013216 -0.581735 30.291592 -3.745638 28.775011 -6.246521 2.034146 -2.447987 -3.889540 0.000000 -0.000000 0.000002 -1.795764 -18.811514 -16.273788 0.282467 0.109814 23.717609 4.639792 12.160301 -2.013099 -1.400587 0.717073 -1.618849 0.000000 -0.000000 -0.000001
0.000000 0.000000 0.000000 0.000000 -0.000000 0.000000 0.050826 -1.206337 -1.428683 0.098070 -2.815602 -3.122388 -0.245544 -1.271785 1.901456 -0.591963 -3.077711 -4.421687 -3.047828 -7.064733 11.590223 8.877596 -2.317234 10.650654 -4.636692 -13.214549 -3.201352 -2.740636 -14.586897 -9.438019 0.000077 -0.000022 0.000006 0.057903 -0.239992 -0.054271 0.734286 -3.942311 -10.620435 -0.622672 3.461541 -10.591613 -18.267246 -13.777967 18.482311 -56.985203 -23.015022 18.080954 -0.153849 -17.371899 0.111308 -0.875353 -0.002909 1.441156 -5.882102 9.861279 0.702590 -10.936861 -0.360574 7.156197 0.000000 8.774815 -0.000000 -16.903507 18.048056 5.675467 -1.844031 2.498503 -2.507276 -10.163590 4.678941 4.621104 -20.975996 -0.000001 0.000001 -21.226254 2.451698 -3.593995 0.000000 -0.000006 -0.000000 -1.362681 2.240797 -0.746323 -21.334892 0.584910 3.008319 -13.821196 -0.000001 0.000001 -23.887129 -0.249075 -0.839485 -61.079166 2.241754 -0.794806 -0.294025 1.679686 0.833255 -14.218195 0.093215 1.300579 -34.212002 -0.287561 0.967166 -20.033176 0.964536 1.212838 0.000000 -0.000000 0.000000 -3.440387 0.788233 0.501655 -15.928172 -3.167306 2.999703 -6.338817 -0.000000 0.000001 -18.123419 3.648181 -4.905662 -0.000004 0.000000 -0.000002 13.374341 3.100120 14.349622 56.443295 -8.259039 -59.022747 -3.710775 53.687256 -0.895925 -73.404106 28.170975 13.812801 2.243540 -5.255033 -3.180156 14.282877 -0.826594 6.952496 -0.000000 -12.690593 -0.000001 15.272879 -19.034462 3.528661 1.665665 -1.955920 -2.878297 4.727794 -4.170584 4.993919 11.020511 0.000001 -0.000000 12.109032 -3.735715 -2.866778 0.000000 -0.000000 0.000000 1.291985 -1.928548 -1.498088 14.800115 0.567467 3.865604 14.242553 -1.341738 -6.660648 19.631935 0.143921 -0.648243 50.497097 -0.433219 -6.750722 0.353029 -1.511150 -0.031940 20.222769 3.684305 2.316629 18.787249 0.000001 -0.000001 10.751608 -0.479870 1.397903 0.000000 -0.000000 0.000000 3.273804 0.305947 -0.580110 21.486790 11.830364 2.266131 8.162915 0.000000 -0.000000 18.399052 -3.798986 -4.940567 0.000003 0.000000 -0.000001 10.343527 17.273623 4.483803 0.013216 -0.581735 30.291592 -3.745638 28.775011 -6.246521 2.034146 -2.447987 -3.889540 0.000000 -0.000000 0.000002 -1.795764 -18.811514 -16.273788 0.282467 0.109814 23.717609 4.639792 12.160301 -2.013099 -1.400587 0.717073 -1.618849 0.000000 -0.000000 -0.000001
0.000000 0.000000 0.000000 0.000000 -0.000000 0.000000 0.050826 -1.202957 -1.428683 0.098070 -2.815602 -3.122388 -0.379961 -1.310307 1.865247 -0.651220 -3.202642 -4.429948 -2.807597 -7.038699 11.724677 9.342507 -2.610420 10.737327 -4.523308 -12.806663 -3.191467 -2.564565 -14.273206 -9.253799 0.000077 -0.000022 0.000006 0.057283 -0.246351 -0.039411 0.729550 -3.947887 -10.598524 -0.618757 3.454684 -10.572426 -17.702740 -13.998565 18.611019 -57.713158 -23.403458 19.529039 0.059581 -17.788862 0.031343 -0.720580 0.046378 1.420838 -5.882102 9.861279 0.702590 -10.936861 -0.360574 7.156197 0.000000 8.774815 -0.000000 -16.952936 18.065264 5.623871 -1.844031 2.498503 -2.507276 -10.163590 4.678941 4.621104 -20.975996 -0.000001 0.000001 -21.226254 2.451698 -3.593995 0.000000 -0.000006 -0.000000 -1.362681 2.240797 -0.746323 -21.334892 0.584910 3.008319 -13.821196 -0.000001 0.000001 -23.887129 -0.249075 -0.839485 -61.016914 2.204231 -0.754121 -0.294025 1.679686 0.833255 -14.218195 0.093215 1.300579 -34.212002 -0.287561 0.967166 -20.033176 0.964536 1.212838 0.000000 -0.000000 0.000000 -3.440387 0.788233 0.501655 -15.928172 -3.167306 2.999703 -6.338817 -0.000000 0.000001 -18.123419 3.648181 -4.905662 -0.000004 0.000000 -0.000002 14.403148 2.534261 14.576107 58.881718 -5.983117 -56.314182 -3.589548 47.783268 -0.699751 -76.523621 22.542072 10.425539 2.243540 -5.255033 -3.180156 14.282877 -0.826594 6.952496 -0.000000 -12.690593 -0.000001 15.228341 -19.402327 3.643674 1.665665 -1.955920 -2.878297 4.727794 -4.170584 4.993919 11.020511 0.000001 -0.000000 12.109032 -3.735715 -2.866778 0.000000 -0.000000 0.000000 1.291985 -1.928548 -1.498088 14.800115 0.567467 3.865604 14.242553 -1.341738 -6.660648 19.631935 0.143921 -0.648243 51.374691 -0.333161 -6.704231 0.353029 -1.511150 -0.031940 20.222769 3.684305 2.316629 18.787249 0.000001 -0.000001 10.751608 -0.479870 1.397903 0.000000 -0.000000 0.000000 3.273804 0.305947 -0.580110 21.486790 11.830364 2.266131 8.162915 0.000000 -0.000000 18.399052 -3.798986 -4.940567 0.000003 0.000000 -0.000001 10.343527 17.273623 4.483803 0.013216 -0.581735 30.291592 -3.745638 28.775011 -6.246521 2.034146 -2.447987 -3.889540 0.000000 -0.000000 0.000002 -1.795764 -18.811514 -16.273788 0.282467 0.109814 23.717609 4.639792 12.160301 -2.013099 -1.400587 0.717073 -1.618849 0.000000 -0.000000 -0.000001
0.000000 0.000000 0.000000 0.000000 -0.000000 0.000000 0.050826 -1.215485 -1.428683 0.098070 -2.815602 -3.122388 -0.542339 -1.338951 1.818157 -0.710303 -3.268624 -4.425275 -2.573090 -6.928590 11.877212 9.847804 -2.834501 10.777062 -4.425109 -12.333087 -3.161077 -2.390264 -14.002864 -8.996315 0.000077 -0.000022 0.000006 0.054568 -0.234881 -0.020356 0.723534 -3.938595 -10.578948 -0.617828 3.468756 -10.559733 -17.111546 -14.262536 18.649092 -58.489815 -23.677418 20.890118 0.176422 -18.053413 -0.038416 -0.579561 0.128282 1.696613 -5.882102 9.861279 0.702590 -10.936861 -0.360574 7.156197 0.000000 8.774815 -0.000000 -16.927425 18.048067 5.560078 -1.844031 2.498503 -2.507276 -10.163590 4.678941 4.621104 -20.975996 -0.000001 0.000001 -21.226254 2.451698 -3.593995 0.000000 -0.000006 -0.000000 -1.362681 2.240797 -0.746323 -21.334892 0.584910 3.008319 -13.821196 -0.000001 0.000001 -23.887129 -0.249075 -0.839485 -60.845737 2.180783 -0.825770 -0.294025 1.679686 0.833255 -14.218195 0.093215 1.300579 -34.212002 -0.287561 0.967166 -20.033176 0.964536 1.212838 0.000000 -0.000000 0.000000 -3.440387 0.788233 0.501655 -15.928172 -3.167306 2.999703 -6.338817 -0.000000 0.000001 -18.123419 3.648181 -4.905662 -0.000004 0.000000 -0.000002 15.298456 2.079010 14.729090 60.759193 -3.788900 -52.233841 -3.154218 41.315990 -0.599993 -75.124504 14.194923 9.439248 2.243540 -5.255033 -3.180156 14.282877 -0.826594 6.952496 -0.000000 -12.690593 -0.000001 15.730655 -19.820902 3.298718 1.665665 -1.955920 -2.878297 4.727794 -4.170584 4.993919 11.020511 0.000001 -0.000000 12.109032 -3.735715 -2.866778 0.000000 -0.000000 0.000000 1.291985 -1.928548 -1.498088 14.800115 0.567467 3.865604 14.242553 -1.341738 -6.660648 19.631935 0.143921 -0.648243 51.988194 -0.241652 -6.713347 0.353029 -1.511150 -0.031940 20.222769 3.684305 2.316629 18.787249 0.000001 -0.000001 10.751608 -0.479870 1.397903 0.000000 -0.000000 0.000000 3.273804 0.305947 -0.580110 21.486790 11.830364 2.266131 8.162915 0.000000 -0.000000 18.399052 -3.798986 -4.940567 0.000003 0.000000 -0.000001 10.343527 17.273623 4.483803 0.013216 -0.581735 30.291592 -3.745638 28.775011 -6.246521 2.034146 -2.447987 -3.889540 0.000000 -0.000000 0.000002 -1.795764 -18.811514 -16.273788 0.282467 0.109814 23.717609 4.639792 12.160301 -2.013099 -1.400587 0.717073 -1.618849 0.000000 -0.000000 -0.000001
0.000000 0.000000 0.000000 0.000000 -0.000000 0.000000 0.050826 -1.249573 -1.428683 0.098070 -2.815602 -3.122388 -0.723354 -1.358728 1.781098 -0.761923 -3.227923 -4.407469 -2.367957 -6.704673 12.020268 10.301689 -2.906756 10.842918 -4.372049 -11.812560 -3.164330 -2.267631 -13.747363 -8.686833 0.000077 -0.000022 0.000006 0.041515 -0.170114 -0.013957 0.707569 -3.879784 -10.575845 -0.627867 3.539323 -10.568924 -16.707016 -14.445684 18.662022 -59.120712 -23.761383 21.964981 0.244682 -18.169060 -0.081399 -0.547385 0.236345 2.165557 -5.882102 9.861279 0.702590 -10.936861 -0.360574 7.156197 0.000000 8.774815 -0.000000 -16.874918 17.959419 5.461997 -1.844031 2.498503 -2.507276 -10.163590 4.678941 4.621104 -20.975996 -0.000001 0.000001 -21.226254 2.451698 -3.593995 0.000000 -0.000006 -0.000000 -1.362681 2.240797 -0.746323 -21.334892 0.584910 3.008319 -13.821196 -0.000001 0.000001 -23.887129 -0.249075 -0.839485 -60.580944 2.153649 -1.049114 -0.294025 1.679686 0.833255 -14.218195 0.093215 1.300579 -34.212002 -0.287561 0.967166 -20.033176 0.964536 1.212838 0.000000 -0.000000 0.000000 -3.440387 0.788233 0.501655 -15.928172 -3.167306 2.999703 -6.338817 -0.000000 0.000001 -18.123419 3.648181 -4.905662 -0.000004 0.000000 -0.000002 16.040131 1.872287 14.971336 61.921322 -1.673493 -46.782166 -2.547423 35.023571 -0.592712 -65.512794 3.323603 10.828330 2.243540 -5.255033 -3.180156 14.282877 -0.826594 6.952496 -0.000000 -12.690593 -0.000001 17.123667 -19.386992 2.290863 1.665665 -1.955920 -2.878297 4.727794 -4.170584 4.993919 11.020511 0.000001 -0.000000 12.109032 -3.735715 -2.866778 0.000000 -0.000000 0.000000 1.291985 -1.928548 -1.498088 14.800115 0.567467 3.865604 14.242553 -1.341738 -6.660648 19.631935 0.143921 -0.648243 51.759674 -0.147494 -6.549693 0.353029 -1.511150 -0.031940 20.222769 3.684305 2.316629 18.787249 0.000001 -0.000001 10.751608 -0.479870 1.397903 0.000000 -0.000000 0.000000 3.273804 0.305947 -0.580110 21.486790 11.830364 2.266131 8.162915 0.000000 -0.000000 18.399052 -3.798986 -4.940567 0.000003 0.000000 -0.000001 10.343527 17.273623 4.483803 0.013216 -0.581735 30.291592 -3.745638 28.775011 -6.246521 2.034146 -2.447987 -3.889540 0.000000 -0.000000 0.000002 -1.795764 -18.811514 -16.273788 0.282467 0.109814 23.717609 4.639792 12.160301 -2.013099 -1.400587 0.717073 -1.618849 0.000000 -0.000000 -0.000001
0.000000 0.000000 0.000000 0.000000 -0.000000 0.000000 0.050826 -1.324806 -1.428683 0.098070 -2.815602 -3.122388 -0.878193 -1.389458 1.701054 -0.815266 -3.092366 -4.343163 -2.322422 -6.491030 12.163892 10.727063 -2.785995 11.030916 -4.311994 -11.438293 -3.268289 -2.235934 -13.266897 -8.331839 0.000077 -0.000022 0.000006 0.038894 -0.159534 -0.004684 0.699732 -3.876178 -10.573001 -0.625400 3.557802 -10.570636 -16.413858 -14.344072 18.446005 -59.583492 -23.518448 22.935991 0.248134 -18.204824 -0.074536 -0.689408 0.343464 2.617024 -5.882102 9.861279 0.702590 -10.936861 -0.360574 7.156197 0.000000 8.774815 -0.000000 -16.813662 17.999214 5.457417 -1.844031 2.498503 -2.507276 -10.163590 4.678941 4.621104 -20.975996 -0.000001 0.000001 -21.226254 2.451698 -3.593995 0.000000 -0.000006 -0.000000 -1.362681 2.240797 -0.746323 -21.334892 0.584910 3.008319 -13.821196 -0.000001 0.000001 -23.887129 -0.249075 -0.839485 -60.415379 2.266349 -1.251834 -0.294025 1.679686 0.833255 -14.218195 0.093215 1.300579 -34.212002 -0.287561 0.967166 -20.033176 0.964536 1.212838 0.000000 -0.000000 0.000000 -3.440387 0.788233 0.501655 -15.928172 -3.167306 2.999703 -6.338817 -0.000000 0.000001 -18.123419 3.648181 -4.905662 -0.000004 0.000000 -0.000002 16.430212 2.100798 15.241817 62.683064 0.525642 -40.980846 -1.706964 28.692186 -0.549523 -50.014729 -6.020509 11.185713 2.243540 -5.255033 -3.180156 14.282877 -0.826594 6.952496 -0.000000 -12.690593 -0.000001 17.341169 -18.089144 1.726337 1.665665 -1.955920 -2.878297 4.727794 -4.170584 4.993919 11.020511 0.000001 -0.000000 12.109032 -3.735715 -2.866778 0.000000 -0.000000 0.000000 1.291985 -1.928548 -1.498088 14.800115 0.567467 3.865604 14.242553 -1.341738 -6.660648 19.631935 0.143921 -0.648243 50.549324 0.007702 -6.043985 0.353029 -1.511150 -0.031940 20.222769 3.684305 2.316629 18.787249 0.000001 -0.000001 10.751608 -0.479870 1.397903 0.000000 -0.000000 0.000000 3.273804 0.305947 -0.580110 21.486790 11.830364 2.266131 8.162915 0.000000 -0.000000 18.399052 -3.798986 -4.940567 0.000003 0.000000 -0.000001 10.343527 17.273623 4.483803 0.013216 -0.581735 30.291592 -3.745638 28.775011 -6.246521 2.034146 -2.447987 -3.889540 0.000000 -0.000000 0.000002 -1.795764 -18.811514 -16.273788 0.282467 0.109814 23.717609 4.639792 12.160301 -2.013099 -1.400587 0.717073 -1.618849 0.000000 -0.000000 -0.000001
0.000000 0.000000 0.000000 0.000000 -0.000000 0.000000 0.050826 -1.384270 -1.428683 0.098070 -2.815602 -3.122388 -1.019567 -1.288655 1.631030 -0.847976 -2.685074 -4.366824 -2.269091 -5.983498 12.377922 10.326457 -2.392328 11.456115 -4.084786 -10.784954 -3.287109 -1.952247 -12.543337 -8.151067 0.000077 -0.000022 0.000006 0.023619 -0.116945 -0.004977 0.693969 -3.836422 -10.596717 -0.650835 3.604854 -10.605487 -16.437555 -13.527280 18.161640 -59.859238 -23.102779 23.488274 0.381599 -18.286858 -0.133142 -1.238700 0.700525 2.740879 -5.882102 9.861279 0.702590 -10.936861 -0.360574 7.156197 0.000000 8.774815 -0.000000 -16.766367 17.910196 5.479539 -1.844031 2.498503 -2.507276 -10.163590 4.678941 4.621104 -20.975996 -0.000001 0.000001 -21.226254 2.451698 -3.593995 0.000000 -0.000006 -0.000000 -1.362681 2.240797 -0.746323 -21.334892 0.584910 3.008319 -13.821196 -0.000001 0.000001 -23.887129 -0.249075 -0.839485 -60.372746 2.376263 -1.343636 -0.294025 1.679686 0.833255 -14.218195 0.093215 1.300579 -34.212002 -0.287561 0.967166 -20.033176 0.964536 1.212838 0.000000 -0.000000 0.000000 -3.440387 0.788233 0.501655 -15.928172 -3.167306 2.999703 -6.338817 -0.000000 0.000001 -18.123419 3.648181 -4.905662 -0.000004 0.000000 -0.000002 16.522434 3.249808 15.443842 63.229092 3.086230 -35.040024 -1.162003 22.564344 -0.416843 -37.774555 -11.288466 10.106054 2.243540 -5.255033 -3.180156 14.282877 -0.826594 6.952496 -0.000000 -12.690593 -0.000001 16.235607 -17.728868 2.160844 1.665665 -1.955920 -2.878297 4.727794 -4.170584 4.993919 11.020511 0.000001 -0.000000 12.109032 -3.735715 -2.866778 0.000000 -0.000000 0.000000 1.291985 -1.928548 -1.498088 14.800115 0.567467 3.865604 14.242553 -1.341738 -6.660648 19.631935 0.143921 -0.648243 49.537701 0.063535 -5.984198 0.353029 -1.511150 -0.031940 20.222769 3.684305 2.316629 18.787249 0.000001 -0.000001 10.751608 -0.479870 1.397903 0.000000 -0.000000 0.000000 3.273804 0.305947 -0.580110 21.486790 11.830364 2.266131 8.162915 0.000000 -0.000000 18.399052 -3.798986 -4.940567 0.000003 0.000000 -0.000001 10.343527 17.273623 4.483803 0.013216 -0.581735 30.291592 -3.745638 28.775011 -6.246521 2.034146 -2.447987 -3.889540 0.000000 -0.000000 0.000002 -1.795764 -18.811514 -16.273788 0.282467 0.109814 23.717609 4.639792 12.160301 -2.013099 -1.400587 0.717073 -1.618849 0.000000 -0.000000 -0.000001
0.000000 0.000000 0.000000 0.000000 -0.000000 0.000000 0.050826 -1.442932 -1.428683 0.098070 -2.815602 -3.122388 -1.250728 -1.121586 1.582914 -0.879402 -2.188238 -4.384790 -2.246782 -5.328218 12.566008 9.606719 -1.951127 11.954309 -3.822663 -9.922167 -3.300689 -1.704610 -11.628638 -7.870415 0.000077 -0.000022 0.000006 0.023124 -0.105778 0.003934 0.704061 -3.824476 -10.576780 -0.662487 3.616927 -10.593575 -16.737612 -12.228786 17.804413 -59.907768 -22.492634 23.973631 0.628431 -18.513113 -0.202377 -1.966382 1.202158 2.625144 -5.882102 9.861279 0.702590 -10.936861 -0.360574 7.156197 0.000000 8.774815 -0.000000 -16.556293 17.908976 5.648454 -1.844031 2.498503 -2.507276 -10.163590 4.678941 4.621104 -20.975996 -0.000001 0.000001 -21.226254 2.451698 -3.593995 0.000000 -0.000006 -0.000000 -1.362681 2.240797 -0.746323 -21.334892 0.584910 3.008319 -13.821196 -0.000001 0.000001 -23.887129 -0.249075 -0.839485 -60.256737 2.536772 -1.470689 -0.294025 1.679686 0.833255 -14.218195 0.093215 1.300579 -34.212002 -0.287561 0.967166 -20.033176 0.964536 1.212838 0.000000 -0.000000 0.000000 -3.440387 0.788233 0.501655 -15.928172 -3.167306 2.999703 -6.338817 -0.000000 0.000001 -18.123419 3.648181 -4.905662 -0.000004 0.000000 -0.000002 16.505201 4.920532 15.689520 63.949074 5.953490 -29.336514 -0.712639 16.931433 -0.212584 -27.686317 -13.888190 8.540436 2.243540 -5.255033 -3.180156 14.282877 -0.826594 6.952496 -0.000000 -12.690593 -0.000001 15.663765 -17.715439 2.504408 1.665665 -1.955920 -2.878297 4.727794 -4.170584 4.993919 11.020511 0.000001 -0.000000 12.109032 -3.735715 -2.866778 0.000000 -0.000000 0.000000 1.291985 -1.928548 -1.498088 14.800115 0.567467 3.865604 14.242553 -1.341738 -6.660648 19.631935 0.143921 -0.648243 48.995857 0.026608 -6.075556 0.353029 -1.511150 -0.031940 20.222769 3.684305 2.316629 18.787249 0.000001 -0.000001 10.751608 -0.479870 1.397903 0.000000 -0.000000 0.000000 3.273804 0.305947 -0.580110 21.486790 11.830364 2.266131 8.162915 0.000000 -0.000000 18.399052 -3.798986 -4.940567 0.000003 0.000000 -0.000001 10.343527 17.273623 4.483803 0.013216 -0.581735 30.291592 -3.745638 28.775011 -6.246521 2.034146 -2.447987 -3.889540 0.000000 -0.000000 0.000002 -1.795764 -18.811514 -16.273788 0.282467 0.109814 23.717609 4.639792 12.160301 -2.013099 -1.400587 0.717073 -1.618849 0.000000 -0.000000 -0.000001
0.000000 0.000000 0.000000 0.000000 -0.000000 0.000000 0.050826 -1.512184 -1.428683 0.098070 -2.815602 -3.122388 -1.482269 -0.908676 1.579311 -0.904941 -1.616818 -4.390831 -2.167079 -4.583939 12.740012 8.534038 -1.497851 12.388117 -3.541798 -8.999396 -3.265484 -1.311090 -10.812635 -7.645435 0.000077 -0.000022 0.000006 0.028401 -0.119312 0.007542 0.727567 -3.832591 -10.550247 -0.675816 3.600546 -10.578676 -17.255173 -10.694668 17.410149 -59.694134 -21.876354 24.360273 0.761676 -18.948277 -0.217261 -2.706357 1.608225 1.850454 -5.882102 9.861279 0.702590 -10.936861 -0.360574 7.156197 0.000000 8.774815 -0.000000 -16.405655 17.798630 5.838994 -1.844031 2.498503 -2.507276 -10.163590 4.678941 4.621104 -20.975996 -0.000001 0.000001 -21.226254 2.451698 -3.593995 0.000000 -0.000006 -0.000000 -1.362681 2.240797 -0.746323 -21.334892 0.584910 3.008319 -13.821196 -0.000001 0.000001 -23.887129 -0.249075 -0.839485 -60.176105 2.605176 -1.447521 -0.294025 1.679686 0.833255 -14.218195 0.093215 1.300579 -34.212002 -0.287561 0.967166 -20.033176 0.964536 1.212838 0.000000 -0.000000 0.000000 -3.440387 0.788233 0.501655 -15.928172 -3.167306 2.999703 -6.338817 -0.000000 0.000001 -18.123419 3.648181 -4.905662 -0.000004 0.000000 -0.000002 16.481794 6.837585 16.112143 64.802063 8.794908 -23.249399 -0.455071 12.890028 -0.073212 -19.225069 -15.340228 6.636410 2.243540 -5.255033 -3.180156 14.282877 -0.826594 6.952496 -0.000000 -12.690593 -0.000001 15.631134 -17.733080 2.599895 1.665665 -1.955920 -2.878297 4.727794 -4.170584 4.993919 11.020511 0.000001 -0.000000 12.109032 -3.735715 -2.866778 0.000000 -0.000000 0.000000 1.291985 -1.928548 -1.498088 14.800115 0.567467 3.865604 14.242553 -1.341738 -6.660648 19.631935 0.143921 -0.648243 48.888630 -0.088033 -6.161658 0.353029 -1.511150 -0.031940 20.222769 3.684305 2.316629 18.787249 0.000001 -0.000001 10.751608 -0.479870 1.397903 0.000000 -0.000000 0.000000 3.273804 0.305947 -0.580110 21.486790 11.830364 2.266131 8.162915 0.000000 -0.000000 18.399052 -3.798986 -4.940567 0.000003 0.000000 -0.000001 10.343527 17.273623 4.483803 0.013216 -0.581735 30.291592 -3.745638 28.775011 -6.246521 2.034146 -2.447987 -3.889540 0.000000 -0.000000 0.000002 -1.795764 -18.811514 -16.273788 0.282467 0.109814 23.717609 4.639792 12.160301 -2.013099 -1.400587 0.717073 -1.618849 0.000000 -0.000000 -0.000001
0.000000 0.000000 0.000000 0.000000 -0.000000 0.000000 0.050826 -1.584328 -1.428683 0.098070 -2.815602 -3.122388 -1.619674 -0.762574 1.624209 -0.903725 -1.293590 -4.388144 -2.088906 -4.181310 12.893530 7.758461 -1.299661 12.671707 -3.375407 -8.559521 -3.242977 -0.993149 -10.246105 -7.594030 0.000077 -0.000022 0.000006 0.033911 -0.139370 0.008943 0.751889 -3.851195 -10.537152 -0.688860 3.580229 -10.576782 -17.563211 -9.766368 17.256031 -59.469036 -21.689077 25.133011 0.632132 -19.212599 -0.124816 -3.424603 1.945822 1.194335 -5.882102 9.861279 0.702590 -10.936861 -0.360574 7.156197 0.000000 8.774815 -0.000000 -16.299908 17.737982 5.959735 -1.844031 2.498503 -2.507276 -10.163590 4.678941 4.621104 -20.975996 -0.000001 0.000001 -21.226254 2.451698 -3.593995 0.000000 -0.000006 -0.000000 -1.362681 2.240797 -0.746323 -21.334892 0.584910 3.008319 -13.821196 -0.000001 0.000001 -23.887129 -0.249075 -0.839485 -60.134510 2.628166 -1.364014 -0.294025 1.679686 0.833255 -14.218195 0.093215 1.300579 -34.212002 -0.287561 0.967166 -20.033176 0.964536 1.212838 0.000000 -0.000000 0.000000 -3.440387 0.788233 0.501655 -15.928172 -3.167306 2.999703 -6.338817 -0.000000 0.000001 -18.123419 3.648181 -4.905662 -0.000004 0.000000 -0.000002 16.358143 8.100229 16.530148 66.075569 11.019077 -16.778948 -0.173809 11.303003 0.004634 -12.468093 -15.533063 2.981351 2.243540 -5.255033 -3.180156 14.282877 -0.826594 6.952496 -0.000000 -12.690593 -0.000001 15.789574 -17.761850 2.517304 1.665665 -1.955920 -2.878297 4.727794 -4.170584 4.993919 11.020511 0.000001 -0.000000 12.109032 -3.735715 -2.866778 0.000000 -0.000000 0.000000 1.291985 -1.928548 -1.498088 14.800115 0.567467 3.865604 14.242553 -1.341738 -6.660648 19.631935 0.143921 -0.648243 48.987106 -0.242974 -6.207905 0.353029 -1.511150 -0.031940 20.222769 3.684305 2.316629 18.787249 0.000001 -0.000001 10.751608 -0.479870 1.397903 0.000000 -0.000000 0.000000 3.273804 0.305947 -0.580110 21.486790 11.830364 2.266131 8.162915 0.000000 -0.000000 18.399052 -3.798986 -4.940567 0.000003 0.000000 -0.000001 10.343527 17.273623 4.483803 0.013216 -0.581735 30.291592 -3.745638 28.775011 -6.246521 2.034146 -2.447987 -3.889540 0.000000 -0.000000 0.000002 -1.795764 -18.811514 -16.273788 0.282467 0.109814 23.717609 4.639792 12.160301 -2.013099 -1.400587 0.717073 -1.618849 0.000000 -0.000000 -0.000001
0.000000 0.000000 0.000000 0.000000 -0.000000 0.000000 0.050826 -1.587135 -1.428683 0.098070 -2.815602 -3.122388 -1.573931 -0.783648 1.699725 -0.882913 -1.321934 -4.412881 -2.035003 -4.303449 12.997760 7.642017 -1.432633 12.786758 -3.419458 -8.577168 -3.221124 -0.797591 -10.302032 -7.501939 0.000077 -0.000022 0.000006 0.030208 -0.100096 0.001565 0.759033 -3.810709 -10.530200 -0.702903 3.618650 -10.583825 -17.634153 -9.774232 17.595718 -59.203972 -22.274784 26.292311 0.209935 -18.974552 0.035389 -4.343768 2.206669 1.327740 -5.882102 9.861279 0.702590 -10.936861 -0.360574 7.156197 0.000000 8.774815 -0.000000 -16.189228 17.713345 6.002589 -1.844031 2.498503 -2.507276 -10.163590 4.678941 4.621104 -20.975996 -0.000001 0.000001 -21.226254 2.451698 -3.593995 0.000000 -0.000006 -0.000000 -1.362681 2.240797 -0.746323 -21.334892 0.584910 3.008319 -13.821196 -0.000001 0.000001 -23.887129 -0.249075 -0.839485 -60.143108 2.633811 -1.273162 -0.294025 1.679686 0.833255 -14.218195 0.093215 1.300579 -34.212002 -0.287561 0.967166 -20.033176 0.964536 1.212838 0.000000 -0.000000 0.000000 -3.440387 0.788233 0.501655 -15.928172 -3.167306 2.999703 -6.338817 -0.000000 0.000001 -18.123419 3.648181 -4.905662 -0.000004 0.000000 -0.000002 16.195166 8.291631 16.777931 67.400749 12.169784 -11.097944 0.034676 12.444048 0.051464 -7.754868 -13.852241 -1.789003 2.243540 -5.255033 -3.180156 14.282877 -0.826594 6.952496 -0.000000 -12.690593 -0.000001 15.942239 -17.724384 2.472988 1.665665 -1.955920 -2.878297 4.727794 -4.170584 4.993919 11.020511 0.000001 -0.000000 12.109032 -3.735715 -2.866778 0.000000 -0.000000 0.000000 1.291985 -1.928548 -1.498088 14.800115 0.567467 3.865604 14.242553 -1.341738 -6.660648 19.631935 0.143921 -0.648243 49.330982 -0.356642 -6.189507 0.353029 -1.511150 -0.031940 20.222769 3.684305 2.316629 18.787249 0.000001 -0.000001 10.751608 -0.479870 1.397903 0.000000 -0.000000 0.000000 3.273804 0.305947 -0.580110 21.486790 11.830364 2.266131 8.162915 0.000000 -0.000000 18.399052 -3.798986 -4.940567 0.000003 0.000000 -0.000001 10.343527 17.273623 4.483803 0.013216 -0.581735 30.291592 -3.745638 28.775011 -6.246521 2.034146 -2.447987 -3.889540 0.000000 -0.000000 0.000002 -1.795764 -18.811514 -16.273788 0.282467 0.109814 23.717609 4.639792 12.160301 -2.013099 -1.400587 0.717073 -1.618849 0.000000 -0.000000 -0.000001
0.000000 0.000000 0.000000 0.000000 -0.000000 0.000000 0.050826 -1.518234 -1.428683 0.098070 -2.815602 -3.122388 -1.359609 -0.939486 1.727230 -0.838221 -1.741561 -4.462650 -2.023142 -4.815517 12.967767 8.118912 -1.824071 12.865288 -3.606949 -8.986686 -3.209709 -0.656920 -10.966693 -7.353997 0.000077 -0.000022 0.000006 0.017252 -0.014101 -0.009206 0.753276 -3.722151 -10.525535 -0.722722 3.702545 -10.591960 -17.513496 -10.746521 18.130959 -58.991272 -23.176308 27.816956 -0.259349 -18.391802 0.167160 -5.367100 2.155669 2.198028 -5.882102 9.861279 0.702590 -10.936861 -0.360574 7.156197 0.000000 8.774815 -0.000000 -16.162046 17.758141 5.965423 -1.844031 2.498503 -2.507276 -10.163590 4.678941 4.621104 -20.975996 -0.000001 0.000001 -21.226254 2.451698 -3.593995 0.000000 -0.000006 -0.000000 -1.362681 2.240797 -0.746323 -21.334892 0.584910 3.008319 -13.821196 -0.000001 0.000001 -23.887129 -0.249075 -0.839485 -60.182438 2.605810 -1.239472 -0.294025 1.679686 0.833255 -14.218195 0.093215 1.300579 -34.212002 -0.287561 0.967166 -20.033176 0.964536 1.212838 0.000000 -0.000000 0.000000 -3.440387 0.788233 0.501655 -15.928172 -3.167306 2.999703 -6.338817 -0.000000 0.000001 -18.123419 3.648181 -4.905662 -0.000004 0.000000 -0.000002 15.999066 7.397064 16.649019 68.396973 12.014744 -6.590692 0.096668 15.458304 0.091144 -4.830679 -10.326610 -6.648880 2.243540 -5.255033 -3.180156 14.282877 -0.826594 6.952496 -0.000000 -12.690593 -0.000001 15.996883 -17.646923 2.589681 1.665665 -1.955920 -2.878297 4.727794 -4.170584 4.993919 11.020511 0.000001 -0.000000 12.109032 -3.735715 -2.866778 0.000000 -0.000000 0.000000 1.291985 -1.928548 -1.498088 14.800115 0.567467 3.865604 14.242553 -1.341738 -6.660648 19.631935 0.143921 -0.648243 49.802261 -0.458560 -6.126088 0.353029 -1.511150 -0.031940 20.222769 3.684305 2.316629 18.787249 0.000001 -0.000001 10.751608 -0.479870 1.397903 0.000000 -0.000000 0.000000 3.273804 0.305947 -0.580110 21.486790 11.830364 2.266131 8.162915 0.000000 -0.000000 18.399052 -3.798986 -4.940567 0.000003 0.000000 -0.000001 10.343527 17.273623 4.483803 0.013216 -0.581735 30.291592 -3.745638 28.775011 -6.246521 2.034146 -2.447987 -3.889540 0.000000 -0.000000 0.000002 -1.795764 -18.811514 -16.273788 0.282467 0.109814 23.717609 4.639792 12.160301 -2.013099 -1.400587 0.717073 -1.618849 0.000000 -0.000000 -0.000001
0.000000 0.000000 0.000000 0.000000 -0.000000 0.000000 0.050826 -1.441086 -1.428683 0.098070 -2.815602 -3.122388 -1.105135 -1.128207 1.687585 -0.778605 -2.276274 -4.503051 -2.017216 -5.405527 12.857342 8.979247 -2.284169 12.882150 -3.836112 -9.592275 -3.225577 -0.558319 -11.920347 -7.274206 0.000077 -0.000022 0.000006 0.011704 0.030460 -0.018290 0.753682 -3.675485 -10.524748 -0.733961 3.744463 -10.593487 -17.279348 -12.104661 18.560699 -58.945728 -23.892733 29.129843 -0.473312 -18.097069 0.192799 -5.981493 1.935692 3.087435 -5.882102 9.861279 0.702590 -10.936861 -0.360574 7.156197 0.000000 8.774815 -0.000000 -16.186403 17.825504 5.919180 -1.844031 2.498503 -2.507276 -10.163590 4.678941 4.621104 -20.975996 -0.000001 0.000001 -21.226254 2.451698 -3.593995 0.000000 -0.000006 -0.000000 -1.362681 2.240797 -0.746323 -21.334892 0.584910 3.008319 -13.821196 -0.000001 0.000001 -23.887129 -0.249075 -0.839485 -60.248478 2.589204 -1.236025 -0.294025 1.679686 0.833255 -14.218195 0.093215 1.300579 -34.212002 -0.287561 0.967166 -20.033176 0.964536 1.212838 0.000000 -0.000000 0.000000 -3.440387 0.788233 0.501655 -15.928172 -3.167306 2.999703 -6.338817 -0.000000 0.000001 -18.123419 3.648181 -4.905662 -0.000004 0.000000 -0.000002 15.796143 6.103930 16.281282 68.673340 11.122520 -3.147301 0.153881 18.906040 0.134155 -3.275116 -7.022536 -9.501821 2.243540 -5.255033 -3.180156 14.282877 -0.826594 6.952496 -0.000000 -12.690593 -0.000001 16.000187 -17.597933 2.714665 1.665665 -1.955920 -2.878297 4.727794 -4.170584 4.993919 11.020511 0.000001 -0.000000 12.109032 -3.735715 -2.866778 0.000000 -0.000000 0.000000 1.291985 -1.928548 -1.498088 14.800115 0.567467 3.865604 14.242553 -1.341738 -6.660648 19.631935 0.143921 -0.648243 50.060162 -0.522222 -6.066486 0.353029 -1.511150 -0.031940 20.222769 3.684305 2.316629 18.787249 0.000001 -0.000001 10.751608 -0.479870 1.397903 0.000000 -0.000000 0.000000 3.273804 0.305947 -0.580110 21.486790 11.830364 2.266131 8.162915 0.000000 -0.000000 18.399052 -3.798986 -4.940567 0.000003 0.000000 -0.000001 10.343527 17.273623 4.483803 0.013216 -0.581735 30.291592 -3.745638 28.775011 -6.246521 2.034146 -2.447987 -3.889540 0.000000 -0.000000 0.000002 -1.795764 -18.811514 -16.273788 0.282467 0.109814 23.717609 4.639792 12.160301 -2.013099 -1.400587 0.717073 -1.618849 0.000000 -0.000000 -0.000001
0.000000 0.000000 0.000000 0.000000 -0.000000 0.000000 0.050826 -1.403824 -1.428683 0.098070 -2.815602 -3.122388 -0.927701 -1.243687 1.659817 -0.732772 -2.586457 -4.493103 -1.991392 -5.797955 12.729780 9.820552 -2.630628 12.813478 -4.021180 -10.122208 -3.237640 -0.385214 -12.732348 -7.233306 0.000077 -0.000022 0.000006 0.016983 0.011007 -0.026085 0.762728 -3.695009 -10.529037 -0.732274 3.724127 -10.593282 -17.041468 -13.136530 18.651979 -59.063023 -24.171301 29.295242 -0.465383 -18.427799 0.168265 -5.821671 1.778458 3.165016 -5.882102 9.861279 0.702590 -10.936861 -0.360574 7.156197 0.000000 8.774815 -0.000000 -16.193401 17.840509 5.911593 -1.844031 2.498503 -2.507276 -10.163590 4.678941 4.621104 -20.975996 -0.000001 0.000001 -21.226254 2.451698 -3.593995 0.000000 -0.000006 -0.000000 -1.362681 2.240797 -0.746323 -21.334892 0.584910 3.008319 -13.821196 -0.000001 0.000001 -23.887129 -0.249075 -0.839485 -60.327099 2.587712 -1.217091 -0.294025 1.679686 0.833255 -14.218195 0.093215 1.300579 -34.212002 -0.287561 0.967166 -20.033176 0.964536 1.212838 0.000000 -0.000000 0.000000 -3.440387 0.788233 0.501655 -15.928172 -3.167306 2.999703 -6.338817 -0.000000 0.000001 -18.123419 3.648181 -4.905662 -0.000004 0.000000 -0.000002 15.560151 5.179319 15.923880 68.211227 10.415448 -0.061104 0.192935 21.426870 0.164923 -2.515423 -5.271003 -10.343526 2.243540 -5.255033 -3.180156 14.282877 -0.826594 6.952496 -0.000000 -12.690593 -0.000001 16.027493 -17.616913 2.771949 1.665665 -1.955920 -2.878297 4.727794 -4.170584 4.993919 11.020511 0.000001 -0.000000 12.109032 -3.735715 -2.866778 0.000000 -0.000000 0.000000 1.291985 -1.928548 -1.498088 14.800115 0.567467 3.865604 14.242553 -1.341738 -6.660648 19.631935 0.143921 -0.648243 50.189838 -0.563047 -6.051010 0.353029 -1.511150 -0.031940 20.222769 3.684305 2.316629 18.787249 0.000001 -0.000001 10.751608 -0.479870 1.397903 0.000000 -0.000000 0.000000 3.273804 0.305947 -0.580110 21.486790 11.830364 2.266131 8.162915 0.000000 -0.000000 18.399052 -3.798986 -4.940567 0.000003 0.000000 -0.000001 10.343527 17.273623 4.483803 0.013216 -0.581735 30.291592 -3.745638 28.775011 -6.246521 2.034146 -2.447987 -3.889540 0.000000 -0.000000 0.000002 -1.795764 -18.811514 -16.273788 0.282467 0.109814 23.717609 4.639792 12.160301 -2.013099 -1.400587 0.717073 -1.618849 0.000000 -0.000000 -0.000001
0.000000 0.000000 0.000000 0.000000 -0.000000 0.000000 0.050826 -1.405960 -1.428683 0.098070 -2.815602 -3.122388 -0.856887 -1.242380 1.689032 -0.704660 -2.660344 -4.487245 -1.969462 -5.886746 12.617696 10.414015 -2.828093 12.718633 -4.094040 -10.421369 -3.265793 -0.212514 -13.177629 -7.191919 0.000077 -0.000022 0.000006 0.019046 -0.014311 -0.027976 0.759713 -3.723394 -10.535423 -0.725075 3.700374 -10.591630 -16.989672 -13.616572 18.595654 -59.022274 -24.128918 28.510305 -0.336916 -19.290192 0.137101 -5.304489 1.734343 2.541774 -5.882102 9.861279 0.702590 -10.936861 -0.360574 7.156197 0.000000 8.774815 -0.000000 -16.164188 17.845175 5.962263 -1.844031 2.498503 -2.507276 -10.163590 4.678941 4.621104 -20.975996 -0.000001 0.000001 -21.226254 2.451698 -3.593995 0.000000 -0.000006 -0.000000 -1.362681 2.240797 -0.746323 -21.334892 0.584910 3.008319 -13.821196 -0.000001 0.000001 -23.887129 -0.249075 -0.839485 -60.355427 2.556153 -1.153591 -0.294025 1.679686 0.833255 -14.218195 0.093215 1.300579 -34.212002 -0.287561 0.967166 -20.033176 0.964536 1.212838 0.000000 -0.000000 0.000000 -3.440387 0.788233 0.501655 -15.928172 -3.167306 2.999703 -6.338817 -0.000000 0.000001 -18.123419 3.648181 -4.905662 -0.000004 0.000000 -0.000002 15.353377 4.845109 15.714131 67.365555 10.338110 2.771669 0.131397 22.485661 0.174173 -2.169089 -4.633104 -10.283241 2.243540 -5.255033 -3.180156 14.282877 -0.826594 6.952496 -0.000000 -12.690593 -0.000001 16.087894 -17.670874 2.797094 1.665665 -1.955920 -2.878297 4.727794 -4.170584 4.993919 11.020511 0.000001 -0.000000 12.109032 -3.735715 -2.866778 0.000000 -0.000000 0.000000 1.291985 -1.928548 -1.498088 14.800115 0.567467 3.865604 14.242553 -1.341738 -6.660648 19.631935 0.143921 -0.648243 50.267159 -0.572218 -6.047800 0.353029 -1.511150 -0.031940 20.222769 3.684305 2.316629 18.787249 0.000001 -0.000001 10.751608 -0.479870 1.397903 0.000000 -0.000000 0.000000 3.273804 0.305947 -0.580110 21.486790 11.830364 2.266131 8.162915 0.000000 -0.000000 18.399052 -3.798986 -4.940567 0.000003 0.000000 -0.000001 10.343527 17.273623 4.483803 0.013216 -0.581735 30.291592 -3.745638 28.775011 -6.246521 2.034146 -2.447987 -3.889540 0.000000 -0.000000 0.000002 -1.795764 -18.811514 -16.273788 0.282467 0.109814 23.717609 4.639792 12.160301 -2.013099 -1.400587 0.717073 -1.618849 0.000000 -0.000000 -0.000001
0.000000 0.000000 0.000000 0.000000 -0.000000 0.000000 0.050826 -1.420593 -1.428683 0.098070 -2.815602 -3.122388 -0.773383 -1.193406 1.690553 -0.698830 -2.684221 -4.448348 -2.017063 -5.817132 12.520236 10.844261 -2.944601 12.617114 -4.077785 -10.656087 -3.313384 -0.146210 -13.193430 -7.245410 0.000077 -0.000022 0.000006 0.037869 -0.097266 -0.000881 0.772965 -3.817333 -10.530394 -0.700987 3.628108 -10.567684 -16.905584 -13.726245 18.308119 -58.991581 -23.795040 27.690123 -0.238581 -20.254025 0.128881 -4.654811 1.627522 1.678972 -5.882102 9.861279 0.702590 -10.936861 -0.360574 7.156197 0.000000 8.774815 -0.000000 -16.178373 17.962017 6.015490 -1.844031 2.498503 -2.507276 -10.163590 4.678941 4.621104 -20.975996 -0.000001 0.000001 -21.226254 2.451698 -3.593995 0.000000 -0.000006 -0.000000 -1.362681 2.240797 -0.746323 -21.334892 0.584910 3.008319 -13.821196 -0.000001 0.000001 -23.887129 -0.249075 -0.839485 -60.327148 2.605590 -1.143070 -0.294025 1.679686 0.833255 -14.218195 0.093215 1.300579 -34.212002 -0.287561 0.967166 -20.033176 0.964536 1.212838 0.000000 -0.000000 0.000000 -3.440387 0.788233 0.501655 -15.928172 -3.167306 2.999703 -6.338817 -0.000000 0.000001 -18.123419 3.648181 -4.905662 -0.000004 0.000000 -0.000002 14.946898 4.915390 15.454541 66.861397 10.744228 4.638056 0.304515 22.233530 0.167040 -2.261718 -4.415404 -9.846756 2.243540 -5.255033 -3.180156 14.282877 -0.826594 6.952496 -0.000000 -12.690593 -0.000001 16.196545 -17.588768 2.771273 1.665665 -1.955920 -2.878297 4.727794 -4.170584 4.993919 11.020511 0.000001 -0.000000 12.109032 -3.735715 -2.866778 0.000000 -0.000000 0.000000 1.291985 -1.928548 -1.498088 14.800115 0.567467 3.865604 14.242553 -1.341738 -6.660648 19.631935 0.143921 -0.648243 50.154438 -0.539927 -5.969354 0.353029 -1.511150 -0.031940 20.222769 3.684305 2.316629 18.787249 0.000001 -0.000001 10.751608 -0.479870 1.397903 0.000000 -0.000000 0.000000 3.273804 0.305947 -0.580110 21.486790 11.830364 2.266131 8.162915 0.000000 -0.000000 18.399052 -3.798986 -4.940567 0.000003 0.000000 -0.000001 10.343527 17.273623 4.483803 0.013216 -0.581735 30.291592 -3.745638 28.775011 -6.246521 2.034146 -2.447987 -3.889540 0.000000 -0.000000 0.000002 -1.795764 -18.811514 -16.273788 0.282467 0.109814 23.717609 4.639792 12.160301 -2.013099 -1.400587 0.717073 -1.618849 0.000000 -0.000000 -0.000001
0.000000 0.000000 0.000000 0.000000 -0.000000 0.000000 0.050826 -1.439438 -1.428683 0.098070 -2.815602 -3.122388 -0.621393 -1.077109 1.759083 -0.698754 -2.306467 -4.434276 -1.894359 -5.412628 12.486094 10.509360 -2.611389 12.704512 -3.976003 -10.361713 -3.298803 0.156351 -12.919761 -7.397945 0.000077 -0.000022 0.000006 0.031394 -0.096862 -0.021482 0.768051 -3.812797 -10.562187 -0.709130 3.624502 -10.600533 -17.119066 -13.040490 17.938236 -58.861923 -23.215710 26.219934 -0.205726 -21.207376 0.118113 -3.947937 1.546814 0.875486 -5.882102 9.861279 0.702590 -10.936861 -0.360574 7.156197 0.000000 8.774815 -0.000000 -16.146048 17.844316 6.039524 -1.844031 2.498503 -2.507276 -10.163590 4.678941 4.621104 -20.975996 -0.000001 0.000001 -21.226254 2.451698 -3.593995 0.000000 -0.000006 -0.000000 -1.362681 2.240797 -0.746323 -21.334892 0.584910 3.008319 -13.821196 -0.000001 0.000001 -23.887129 -0.249075 -0.839485 -60.384064 2.558767 -1.032495 -0.294025 1.679686 0.833255 -14.218195 0.093215 1.300579 -34.212002 -0.287561 0.967166 -20.033176 0.964536 1.212838 0.000000 -0.000000 0.000000 -3.440387 0.788233 0.501655 -15.928172 -3.167306 2.999703 -6.338817 -0.000000 0.000001 -18.123419 3.648181 -4.905662 -0.000004 0.000000 -0.000002 14.413475 5.927274 15.482316 66.417618 11.962949 7.022687 0.190379 21.139366 0.115662 -2.323864 -4.307936 -10.027927 2.243540 -5.255033 -3.180156 14.282877 -0.826594 6.952496 -0.000000 -12.690593 -0.000001 16.115816 -17.697643 2.810487 1.665665 -1.955920 -2.878297 4.727794 -4.170584 4.993919 11.020511 0.000001 -0.000000 12.109032 -3.735715 -2.866778 0.000000 -0.000000 0.000000 1.291985 -1.928548 -1.498088 14.800115 0.567467 3.865604 14.242553 -1.341738 -6.660648 19.631935 0.143921 -0.648243 50.183887 -0.558174 -6.068939 0.353029 -1.511150 -0.031940 20.222769 3.684305 2.316629 18.787249 0.000001 -0.000001 10.751608 -0.479870 1.397903 0.000000 -0.000000 0.000000 3.273804 0.305947 -0.580110 21.486790 11.830364 2.266131 8.162915 0.000000 -0.000000 18.399052 -3.798986 -4.940567 0.000003 0.000000 -0.000001 10.343527 17.273623 4.483803 0.013216 -0.581735 30.291592 -3.745638 28.775011 -6.246521 2.034146 -2.447987 -3.889540 0.000000 -0.000000 0.000002 -1.795764 -18.811514 -16.273788 0.282467 0.109814 23.717609 4.639792 12.160301 -2.013099 -1.400587 0.717073 -1.618849 0.000000 -0.000000 -0.000001
0.000000 0.000000 0.000000 0.000000 -0.000000 0.000000 0.050826 -1.456902 -1.428683 0.098070 -2.815602 -3.122388 -0.528754 -0.968679 1.795890 -0.698132 -2.011401 -4.409807 -1.822249 -5.074431 12.471276 10.199948 -2.415966 12.783011 -3.847042 -9.867141 -3.298235 0.342153 -12.555641 -7.451631 0.000077 -0.000022 0.000006 0.029130 -0.086909 -0.024015 0.769208 -3.799893 -10.552709 -0.714869 3.631403 -10.592985 -17.262852 -12.375434 17.685482 -58.804379 -22.730448 25.159191 -0.158248 -21.715540 0.118476 -3.439067 1.527616 0.246443 -5.882102 9.861279 0.702590 -10.936861 -0.360574 7.156197 0.000000 8.774815 -0.000000 -16.083998 17.853554 6.074363 -1.844031 2.498503 -2.507276 -10.163590 4.678941 4.621104 -20.975996 -0.000001 0.000001 -21.226254 2.451698 -3.593995 0.000000 -0.000006 -0.000000 -1.362681 2.240797 -0.746323 -21.334892 0.584910 3.008319 -13.821196 -0.000001 0.000001 -23.887129 -0.249075 -0.839485 -60.361626 2.563251 -1.041994 -0.294025 1.679686 0.833255 -14.218195 0.093215 1.300579 -34.212002 -0.287561 0.967166 -20.033176 0.964536 1.212838 0.000000 -0.000000 0.000000 -3.440387 0.788233 0.501655 -15.928172 -3.167306 2.999703 -6.338817 -0.000000 0.000001 -18.123419 3.648181 -4.905662 -0.000004 0.000000 -0.000002 13.825321 6.926556 15.601071 66.352081 13.425978 9.075644 0.051596 20.036053 0.047500 -2.602300 -4.196491 -10.558323 2.243540 -5.255033 -3.180156 14.282877 -0.826594 6.952496 -0.000000 -12.690593 -0.000001 16.035658 -17.740984 2.849683 1.665665 -1.955920 -2.878297 4.727794 -4.170584 4.993919 11.020511 0.000001 -0.000000 12.109032 -3.735715 -2.866778 0.000000 -0.000000 0.000000 1.291985 -1.928548 -1.498088 14.800115 0.567467 3.865604 14.242553 -1.341738 -6.660648 19.631935 0.143921 -0.648243 50.172539 -0.576491 -6.072105 0.353029 -1.511150 -0.031940 20.222769 3.684305 2.316629 18.787249 0.000001 -0.000001 10.751608 -0.479870 1.397903 0.000000 -0.000000 0.000000 3.273804 0.305947 -0.580110 21.486790 11.830364 2.266131 8.162915 0.000000 -0.000000 18.399052 -3.798986 -4.940567 0.000003 0.000000 -0.000001 10.343527 17.273623 4.483803 0.013216 -0.581735 30.291592 -3.745638 28.775011 -6.246521 2.034146 -2.447987 -3.889540 0.000000 -0.000000 0.000002 -1.795764 -18.811514 -16.273788 0.282467 0.109814 23.717609 4.639792 12.160301 -2.013099 -1.400587 0.717073 -1.618849 0.000000 -0.000000 -0.000001
0.000000 0.000000 0.000000 0.000000 -0.000000 0.000000 0.050826 -1.469711 -1.428683 0.098070 -2.815602 -3.122388 -0.484651 -0.891733 1.842970 -0.695825 -1.764417 -4.402558 -1.770885 -4.813904 12.474817 9.947534 -2.276400 12.841124 -3.741029 -9.403883 -3.277976 0.542447 -12.306017 -7.524514 0.000077 -0.000022 0.000006 0.023770 -0.059242 -0.024606 0.763595 -3.769928 -10.542853 -0.719937 3.656697 -10.589156 -17.375278 -11.860241 17.561863 -58.768261 -22.424984 24.334133 -0.204591 -21.830902 0.153033 -3.120394 1.527736 -0.275091 -5.882102 9.861279 0.702590 -10.936861 -0.360574 7.156197 0.000000 8.774815 -0.000000 -16.023775 17.814793 6.088966 -1.844031 2.498503 -2.507276 -10.163590 4.678941 4.621104 -20.975996 -0.000001 0.000001 -21.226254 2.451698 -3.593995 0.000000 -0.000006 -0.000000 -1.362681 2.240797 -0.746323 -21.334892 0.584910 3.008319 -13.821196 -0.000001 0.000001 -23.887129 -0.249075 -0.839485 -60.274899 2.561265 -1.080515 -0.294025 1.679686 0.833255 -14.218195 0.093215 1.300579 -34.212002 -0.287561 0.967166 -20.033176 0.964536 1.212838 0.000000 -0.000000 0.000000 -3.440387 0.788233 0.501655 -15.928172 -3.167306 2.999703 -6.338817 -0.000000 0.000001 -18.123419 3.648181 -4.905662 -0.000004 0.000000 -0.000002 13.374856 7.798379 15.748583 66.389618 14.896288 10.898115 -0.094008 19.106678 -0.000274 -3.043143 -4.058024 -11.341879 2.243540 -5.255033 -3.180156 14.282877 -0.826594 6.952496 -0.000000 -12.690593 -0.000001 15.944716 -17.753614 2.876620 1.665665 -1.955920 -2.878297 4.727794 -4.170584 4.993919 11.020511 0.000001 -0.000000 12.109032 -3.735715 -2.866778 0.000000 -0.000000 0.000000 1.291985 -1.928548 -1.498088 14.800115 0.567467 3.865604 14.242553 -1.341738 -6.660648 19.631935 0.143921 -0.648243 50.136333 -0.607845 -6.062214 0.353029 -1.511150 -0.031940 20.222769 3.684305 2.316629 18.787249 0.000001 -0.000001 10.751608 -0.479870 1.397903 0.000000 -0.000000 0.000000 3.273804 0.305947 -0.580110 21.486790 11.830364 2.266131 8.162915 0.000000 -0.000000 18.399052 -3.798986 -4.940567 0.000003 0.000000 -0.000001 10.343527 17.273623 4.483803 0.013216 -0.581735 30.291592 -3.745638 28.775011 -6.246521 2.034146 -2.447987 -3.889540 0.000000 -0.000000 0.000002 -1.795764 -18.811514 -16.273788 0.282467 0.109814 23.717609 4.639792 12.160301 -2.013099 -1.400587 0.717073 -1.618849 0.000000 -0.000000 -0.000001
0.000000 0.000000 0.000000 0.000000 -0.000000 0.000000 0.050826 -1.472916 -1.428683 0.098070 -2.815602 -3.122388 -0.493892 -0.866227 1.898216 -0.689596 -1.642950 -4.395824 -1.746967 -4.671124 12.503700 9.897944 -2.283994 12.873959 -3.672311 -9.106533 -3.263074 0.755980 -12.198781 -7.633128 0.000077 -0.000022 0.000006 0.015953 -0.018223 -0.025545 0.755367 -3.726532 -10.538901 -0.727270 3.695228 -10.590186 -17.372488 -11.653543 17.574516 -58.813484 -22.397991 23.973299 -0.277326 -21.599325 0.210423 -2.984122 1.551571 -0.739959 -5.882102 9.861279 0.702590 -10.936861 -0.360574 7.156197 0.000000 8.774815 -0.000000 -15.974059 17.769588 6.055632 -1.844031 2.498503 -2.507276 -10.163590 4.678941 4.621104 -20.975996 -0.000001 0.000001 -21.226254 2.451698 -3.593995 0.000000 -0.000006 -0.000000 -1.362681 2.240797 -0.746323 -21.334892 0.584910 3.008319 -13.821196 -0.000001 0.000001 -23.887129 -0.249075 -0.839485 -60.112953 2.560779 -1.166170 -0.294025 1.679686 0.833255 -14.218195 0.093215 1.300579 -34.212002 -0.287561 0.967166 -20.033176 0.964536 1.212838 0.000000 -0.000000 0.000000 -3.440387 0.788233 0.501655 -15.928172 -3.167306 2.999703 -6.338817 -0.000000 0.000001 -18.123419 3.648181 -4.905662 -0.000004 0.000000 -0.000002 13.085271 8.329119 15.834726 66.453987 16.060411 12.362386 -0.232428 18.566238 -0.034421 -3.547395 -3.983682 -12.204003 2.243540 -5.255033 -3.180156 14.282877 -0.826594 6.952496 -0.000000 -12.690593 -0.000001 15.909611 -17.763559 2.873341 1.665665 -1.955920 -2.878297 4.727794 -4.170584 4.993919 11.020511 0.000001 -0.000000 12.109032 -3.735715 -2.866778 0.000000 -0.000000 0.000000 1.291985 -1.928548 -1.498088 14.800115 0.567467 3.865604 14.242553 -1.341738 -6.660648 19.631935 0.143921 -0.648243 50.120422 -0.640277 -6.063068 0.353029 -1.511150 -0.031940 20.222769 3.684305 2.316629 18.787249 0.000001 -0.000001 10.751608 -0.479870 1.397903 0.000000 -0.000000 0.000000 3.273804 0.305947 -0.580110 21.486790 11.830364 2.266131 8.162915 0.000000 -0.000000 18.399052 -3.798986 -4.940567 0.000003 0.000000 -0.000001 10.343527 17.273623 4.483803 0.013216 -0.581735 30.291592 -3.745638 28.775011 -6.246521 2.034146 -2.447987 -3.889540 0.000000 -0.000000 0.000002 -1.795764 -18.811514 -16.273788 0.282467 0.109814 23.717609 4.639792 12.160301 -2.013099 -1.400587 0.717073 -1.618849 0.000000 -0.000000 -0.000001
0.000000 0.000000 0.000000 0.000000 -0.000000 0.000000 0.050826 -1.474449 -1.428683 0.098070 -2.815602 -3.122388 -0.506813 -0.904993 1.977790 -0.697095 -1.681708 -4.378462 -1.745225 -4.754562 12.559654 10.234128 -2.471227 12.864021 -3.644988 -9.048138 -3.271765 0.907491 -12.239395 -7.690435 0.000077 -0.000022 0.000006 0.015710 -0.003588 -0.027214 0.759758 -3.711131 -10.544888 -0.731926 3.708771 -10.595148 -17.229799 -11.808000 17.735714 -58.934849 -22.714365 24.197124 -0.315408 -21.096891 0.239815 -3.011052 1.654550 -1.049281 -5.882102 9.861279 0.702590 -10.936861 -0.360574 7.156197 0.000000 8.774815 -0.000000 -15.943931 17.775677 6.019964 -1.844031 2.498503 -2.507276 -10.163590 4.678941 4.621104 -20.975996 -0.000001 0.000001 -21.226254 2.451698 -3.593995 0.000000 -0.000006 -0.000000 -1.362681 2.240797 -0.746323 -21.334892 0.584910 3.008319 -13.821196 -0.000001 0.000001 -23.887129 -0.249075 -0.839485 -60.030998 2.590833 -1.260354 -0.294025 1.679686 0.833255 -14.218195 0.093215 1.300579 -34.212002 -0.287561 0.967166 -20.033176 0.964536 1.212838 0.000000 -0.000000 0.000000 -3.440387 0.788233 0.501655 -15.928172 -3.167306 2.999703 -6.338817 -0.000000 0.000001 -18.123419 3.648181 -4.905662 -0.000004 0.000000 -0.000002 12.995289 8.451341 15.821457 66.461258 16.759735 13.212703 -0.262352 18.450121 -0.043772 -4.055445 -3.994587 -12.683244 2.243540 -5.255033 -3.180156 14.282877 -0.826594 6.952496 -0.000000 -12.690593 -0.000001 15.941308 -17.773994 2.826051 1.665665 -1.955920 -2.878297 4.727794 -4.170584 4.993919 11.020511 0.000001 -0.000000 12.109032 -3.735715 -2.866778 0.000000 -0.000000 0.000000 1.291985 -1.928548 -1.498088 14.800115 0.567467 3.865604 14.242553 -1.341738 -6.660648 19.631935 0.143921 -0.648243 50.097084 -0.625399 -6.072933 0.353029 -1.511150 -0.031940 20.222769 3.684305 2.316629 18.787249 0.000001 -0.000001 10.751608 -0.479870 1.397903 0.000000 -0.000000 0.000000 3.273804 0.305947 -0.580110 21.486790 11.830364 2.266131 8.162915 0.000000 -0.000000 18.399052 -3.798986 -4.940567 0.000003 0.000000 -0.000001 10.343527 17.273623 4.483803 0.013216 -0.581735 30.291592 -3.745638 28.775011 -6.246521 2.034146 -2.447987 -3.889540 0.000000 -0.000000 0.000002 -1.795764 -18.811514 -16.273788 0.282467 0.109814 23.717609 4.639792 12.160301 -2.013099 -1.400587 0.717073 -1.618849 0.000000 -0.000000 -0.000001
0.000000 0.000000 0.000000 0.000000 -0.000000 0.000000 0.050826 -1.478378 -1.428683 0.098070 -2.815602 -3.122388 -0.512519 -0.973623 2.089951 -0.711493 -1.862037 -4.348054 -1.712908 -4.996272 12.646010 10.844563 -2.835427 12.859290 -3.644800 -9.170266 -3.295899 1.037344 -12.429722 -7.695903 0.000077 -0.000022 0.000006 0.020336 -0.011466 -0.031813 0.770801 -3.718431 -10.553507 -0.733502 3.699979 -10.601196 -16.977575 -12.285002 17.968441 -59.141201 -23.274204 24.977524 -0.316340 -20.468985 0.242882 -3.176310 1.865071 -1.121828 -5.882102 9.861279 0.702590 -10.936861 -0.360574 7.156197 0.000000 8.774815 -0.000000 -15.946424 17.819952 6.000049 -1.844031 2.498503 -2.507276 -10.163590 4.678941 4.621104 -20.975996 -0.000001 0.000001 -21.226254 2.451698 -3.593995 0.000000 -0.000006 -0.000000 -1.362681 2.240797 -0.746323 -21.334892 0.584910 3.008319 -13.821196 -0.000001 0.000001 -23.887129 -0.249075 -0.839485 -60.030178 2.648370 -1.334171 -0.294025 1.679686 0.833255 -14.218195 0.093215 1.300579 -34.212002 -0.287561 0.967166 -20.033176 0.964536 1.212838 0.000000 -0.000000 0.000000 -3.440387 0.788233 0.501655 -15.928172 -3.167306 2.999703 -6.338817 -0.000000 0.000001 -18.123419 3.648181 -4.905662 -0.000004 0.000000 -0.000002 13.126073 8.212934 15.750130 66.279388 17.109463 13.803907 -0.253281 18.606373 -0.045774 -4.476927 -4.089770 -12.827605 2.243540 -5.255033 -3.180156 14.282877 -0.826594 6.952496 -0.000000 -12.690593 -0.000001 15.980380 -17.816074 2.796650 1.665665 -1.955920 -2.878297 4.727794 -4.170584 4.993919 11.020511 0.000001 -0.000000 12.109032 -3.735715 -2.866778 0.000000 -0.000000 0.000000 1.291985 -1.928548 -1.498088 14.800115 0.567467 3.865604 14.242553 -1.341738 -6.660648 19.631935 0.143921 -0.648243 50.092121 -0.603777 -6.076142 0.353029 -1.511150 -0.031940 20.222769 3.684305 2.316629 18.787249 0.000001 -0.000001 10.751608 -0.479870 1.397903 0.000000 -0.000000 0.000000 3.273804 0.305947 -0.580110 21.486790 11.830364 2.266131 8.162915 0.000000 -0.000000 18.399052 -3.798986 -4.940567 0.000003 0.000000 -0.000001 10.343527 17.273623 4.483803 0.013216 -0.581735 30.291592 -3.745638 28.775011 -6.246521 2.034146 -2.447987 -3.889540 0.000000 -0.000000 0.000002 -1.795764 -18.811514 -16.273788 0.282467 0.109814 23.717609 4.639792 12.160301 -2.013099 -1.400587 0.717073 -1.618849 0.000000 -0.000000 -0.000001
0.000000 0.000000 0.000000 0.000000 -0.000000 0.000000 0.050826 -1.489472 -1.428683 0.098070 -2.815602 -3.122388 -0.509319 -1.072536 2.227512 -0.732009 -2.183560 -4.312539 -1.637531 -5.351479 12.780293 11.727678 -3.417813 12.854771 -3.676519 -9.463012 -3.311462 1.171567 -12.772799 -7.672995 0.000077 -0.000022 0.000006 0.026218 -0.030744 -0.034864 0.782680 -3.737589 -10.556074 -0.733423 3.680461 -10.603403 -16.631073 -13.072390 18.290640 -59.372799 -24.012966 26.176079 -0.311741 -19.831961 0.227798 -3.472275 2.152744 -0.977148 -5.882102 9.861279 0.702590 -10.936861 -0.360574 7.156197 0.000000 8.774815 -0.000000 -15.983540 17.888773 5.990829 -1.844031 2.498503 -2.507276 -10.163590 4.678941 4.621104 -20.975996 -0.000001 0.000001 -21.226254 2.451698 -3.593995 0.000000 -0.000006 -0.000000 -1.362681 2.240797 -0.746323 -21.334892 0.584910 3.008319 -13.821196 -0.000001 0.000001 -23.887129 -0.249075 -0.839485 -60.089840 2.680193 -1.362661 -0.294025 1.679686 0.833255 -14.218195 0.093215 1.300579 -34.212002 -0.287561 0.967166 -20.033176 0.964536 1.212838 0.000000 -0.000000 0.000000 -3.440387 0.788233 0.501655 -15.928172 -3.167306 2.999703 -6.338817 -0.000000 0.000001 -18.123419 3.648181 -4.905662 -0.000004 0.000000 -0.000002 13.564618 7.554152 15.648474 65.795776 17.157520 14.125847 -0.176888 19.043646 -0.033050 -4.830831 -4.154373 -12.906747 2.243540 -5.255033 -3.180156 14.282877 -0.826594 6.952496 -0.000000 -12.690593 -0.000001 16.041613 -17.849991 2.772046 1.665665 -1.955920 -2.878297 4.727794 -4.170584 4.993919 11.020511 0.000001 -0.000000 12.109032 -3.735715 -2.866778 0.000000 -0.000000 0.000000 1.291985 -1.928548 -1.498088 14.800115 0.567467 3.865604 14.242553 -1.341738 -6.660648 19.631935 0.143921 -0.648243 50.068554 -0.587069 -6.058594 0.353029 -1.511150 -0.031940 20.222769 3.684305 2.316629 18.787249 0.000001 -0.000001 10.751608 -0.479870 1.397903 0.000000 -0.000000 0.000000 3.273804 0.305947 -0.580110 21.486790 11.830364 2.266131 8.162915 0.000000 -0.000000 18.399052 -3.798986 -4.940567 0.000003 0.000000 -0.000001 10.343527 17.273623 4.483803 0.013216 -0.581735 30.291592 -3.745638 28.775011 -6.246521 2.034146 -2.447987 -3.889540 0.000000 -0.000000 0.000002 -1.795764 -18.811514 -16.273788 0.282467 0.109814 23.717609 4.639792 12.160301 -2.013099 -1.400587 0.717073 -1.618849 0.000000 -0.000000 -0.000001
0.000000 0.000000 0.000000 0.000000 -0.000000 0.000000 0.050826 -1.510391 -1.428683 0.098070 -2.815602 -3.122388 -0.478422 -1.180307 2.379911 -0.748551 -2.576129 -4.284326 -1.505247 -5.740910 12.969383 12.795872 -4.120451 12.845933 -3.753264 -9.838972 -3.305641 1.395996 -13.243679 -7.682127 0.000077 -0.000022 0.000006 0.029747 -0.051253 -0.036078 0.787382 -3.757298 -10.542849 -0.730722 3.659317 -10.589074 -16.191292 -13.992598 18.605774 -59.603168 -24.767485 27.320202 -0.372706 -19.374378 0.219137 -3.820785 2.491216 -0.691579 -5.882102 9.861279 0.702590 -10.936861 -0.360574 7.156197 0.000000 8.774815 -0.000000 -16.039112 17.924339 5.985408 -1.844031 2.498503 -2.507276 -10.163590 4.678941 4.621104 -20.975996 -0.000001 0.000001 -21.226254 2.451698 -3.593995 0.000000 -0.000006 -0.000000 -1.362681 2.240797 -0.746323 -21.334892 0.584910 3.008319 -13.821196 -0.000001 0.000001 -23.887129 -0.249075 -0.839485 -60.160320 2.646825 -1.301455 -0.294025 1.679686 0.833255 -14.218195 0.093215 1.300579 -34.212002 -0.287561 0.967166 -20.033176 0.964536 1.212838 0.000000 -0.000000 0.000000 -3.440387 0.788233 0.501655 -15.928172 -3.167306 2.999703 -6.338817 -0.000000 0.000001 -18.123419 3.648181 -4.905662 -0.000004 0.000000 -0.000002 14.237027 6.643610 15.584159 65.076073 17.053844 14.247683 -0.085840 19.649509 -0.015405 -5.057481 -4.101207 -13.066439 2.243540 -5.255033 -3.180156 14.282877 -0.826594 6.952496 -0.000000 -12.690593 -0.000001 16.103989 -17.872547 2.748239 1.665665 -1.955920 -2.878297 4.727794 -4.170584 4.993919 11.020511 0.000001 -0.000000 12.109032 -3.735715 -2.866778 0.000000 -0.000000 0.000000 1.291985 -1.928548 -1.498088 14.800115 0.567467 3.865604 14.242553 -1.341738 -6.660648 19.631935 0.143921 -0.648243 50.045330 -0.580122 -6.032837 0.353029 -1.511150 -0.031940 20.222769 3.684305 2.316629 18.787249 0.000001 -0.000001 10.751608 -0.479870 1.397903 0.000000 -0.000000 0.000000 3.273804 0.305947 -0.580110 21.486790 11.830364 2.266131 8.162915 0.000000 -0.000000 18.399052 -3.798986 -4.940567 0.000003 0.000000 -0.000001 10.343527 17.273623 4.483803 0.013216 -0.581735 30.291592 -3.745638 28.775011 -6.246521 2.034146 -2.447987 -3.889540 0.000000 -0.000000 0.000002 -1.795764 -18.811514 -16.273788 0.282467 0.109814 23.717609 4.639792 12.160301 -2.013099 -1.400587 0.717073 -1.618849 0.000000 -0.000000 -0.000001
0.000000 0.000000 0.000000 0.000000 -0.000000 0.000000 0.050826 -1.525810 -1.428683 0.098070 -2.815602 -3.122388 -0.443097 -1.243644 2.544657 -0.747639 -2.908264 -4.264462 -1.330485 -6.002557 13.125306 13.899959 -4.828022 12.920252 -3.878239 -10.077841 -3.332274 1.682118 -13.717764 -7.634702 0.000077 -0.000022 0.000006 0.025166 -0.045026 -0.042166 0.773012 -3.749994 -10.534652 -0.724930 3.664445 -10.578256 -15.749933 -14.715250 18.952843 -59.797447 -25.424992 27.906675 -0.405477 -19.303331 0.185107 -4.137501 2.847824 -0.204948 -5.882102 9.861279 0.702590 -10.936861 -0.360574 7.156197 0.000000 8.774815 -0.000000 -16.076960 17.894445 5.988173 -1.844031 2.498503 -2.507276 -10.163590 4.678941 4.621104 -20.975996 -0.000001 0.000001 -21.226254 2.451698 -3.593995 0.000000 -0.000006 -0.000000 -1.362681 2.240797 -0.746323 -21.334892 0.584910 3.008319 -13.821196 -0.000001 0.000001 -23.887129 -0.249075 -0.839485 -60.197231 2.516195 -1.188369 -0.294025 1.679686 0.833255 -14.218195 0.093215 1.300579 -34.212002 -0.287561 0.967166 -20.033176 0.964536 1.212838 0.000000 -0.000000 0.000000 -3.440387 0.788233 0.501655 -15.928172 -3.167306 2.999703 -6.338817 -0.000000 0.000001 -18.123419 3.648181 -4.905662 -0.000004 0.000000 -0.000002 14.941154 5.878409 15.632418 64.342621 16.976645 14.298147 -0.104857 20.213684 0.010279 -5.139040 -4.015034 -13.106575 2.243540 -5.255033 -3.180156 14.282877 -0.826594 6.952496 -0.000000 -12.690593 -0.000001 16.148443 -17.918673 2.732595 1.665665 -1.955920 -2.878297 4.727794 -4.170584 4.993919 11.020511 0.000001 -0.000000 12.109032 -3.735715 -2.866778 0.000000 -0.000000 0.000000 1.291985 -1.928548 -1.498088 14.800115 0.567467 3.865604 14.242553 -1.341738 -6.660648 19.631935 0.143921 -0.648243 50.065308 -0.581561 -6.025156 0.353029 -1.511150 -0.031940 20.222769 3.684305 2.316629 18.787249 0.000001 -0.000001 10.751608 -0.479870 1.397903 0.000000 -0.000000 0.000000 3.273804 0.305947 -0.580110 21.486790 11.830364 2.266131 8.162915 0.000000 -0.000000 18.399052 -3.798986 -4.940567 0.000003 0.000000 -0.000001 10.343527 17.273623 4.483803 0.013216 -0.581735 30.291592 -3.745638 28.775011 -6.246521 2.034146 -2.447987 -3.889540 0.000000 -0.000000 0.000002 -1.795764 -18.811514 -16.273788 0.282467 0.109814 23.717609 4.639792 12.160301 -2.013099 -1.400587 0.717073 -1.618849 0.000000 -0.000000 -0.000001
0.000000 0.000000 0.000000 0.000000 -0.000000 0.000000 0.050826 -1.538849 -1.428683 0.098070 -2.815602 -3.122388 -0.336222 -1.277753 2.606036 -0.719236 -3.196778 -4.217991 -1.225881 -6.171607 13.265769 14.957921 -5.404199 13.008445 -3.982499 -10.382814 -3.411056 1.923040 -13.982663 -7.738390 0.000077 -0.000022 0.000006 0.041292 -0.105820 -0.026583 0.778275 -3.814494 -10.519683 -0.697419 3.607509 -10.547302 -15.204705 -15.196247 19.031109 -60.120487 -25.756721 28.222706 -0.425109 -19.457853 0.167403 -4.067618 2.958776 0.057010 -5.882102 9.861279 0.702590 -10.936861 -0.360574 7.156197 0.000000 8.774815 -0.000000 -16.202990 18.004711 5.990026 -1.844031 2.498503 -2.507276 -10.163590 4.678941 4.621104 -20.975996 -0.000001 0.000001 -21.226254 2.451698 -3.593995 0.000000 -0.000006 -0.000000 -1.362681 2.240797 -0.746323 -21.334892 0.584910 3.008319 -13.821196 -0.000001 0.000001 -23.887129 -0.249075 -0.839485 -60.290005 2.463559 -1.115152 -0.294025 1.679686 0.833255 -14.218195 0.093215 1.300579 -34.212002 -0.287561 0.967166 -20.033176 0.964536 1.212838 0.000000 -0.000000 0.000000 -3.440387 0.788233 0.501655 -15.928172 -3.167306 2.999703 -6.338817 -0.000000 0.000001 -18.123419 3.648181 -4.905662 -0.000004 0.000000 -0.000002 15.237165 5.375168 15.612568 64.178101 16.911182 13.857870 -0.031366 20.407175 0.000536 -5.353412 -3.857325 -13.198450 2.243540 -5.255033 -3.180156 14.282877 -0.826594 6.952496 -0.000000 -12.690593 -0.000001 16.246862 -17.831348 2.701209 1.665665 -1.955920 -2.878297 4.727794 -4.170584 4.993919 11.020511 0.000001 -0.000000 12.109032 -3.735715 -2.866778 0.000000 -0.000000 0.000000 1.291985 -1.928548 -1.498088 14.800115 0.567467 3.865604 14.242553 -1.341738 -6.660648 19.631935 0.143921 -0.648243 50.058788 -0.521281 -5.888311 0.353029 -1.511150 -0.031940 20.222769 3.684305 2.316629 18.787249 0.000001 -0.000001 10.751608 -0.479870 1.397903 0.000000 -0.000000 0.000000 3.273804 0.305947 -0.580110 21.486790 11.830364 2.266131 8.162915 0.000000 -0.000000 18.399052 -3.798986 -4.940567 0.000003 0.000000 -0.000001 10.343527 17.273623 4.483803 0.013216 -0.581735 30.291592 -3.745638 28.775011 -6.246521 2.034146 -2.447987 -3.889540 0.000000 -0.000000 0.000002 -1.795764 -18.811514 -16.273788 0.282467 0.109814 23.717609 4.639792 12.160301 -2.013099 -1.400587 0.717073 -1.618849 0.000000 -0.000000 -0.000001
0.000000 0.000000 0.000000 0.000000 -0.000000 0.000000 0.050826 -1.548493 -1.428683 0.098070 -2.815602 -3.122388 -0.244445 -1.234785 2.681482 -0.719009 -2.968852 -4.218313 -1.051770 -5.866974 13.302850 15.002349 -5.337776 13.375165 -3.979644 -10.182947 -3.416703 2.373244 -13.919096 -7.924224 0.000077 -0.000022 0.000006 0.029068 -0.081504 -0.040409 0.757726 -3.788663 -10.560703 -0.700965 3.631307 -10.585024 -15.089065 -14.689022 18.874620 -60.218002 -25.452387 27.490246 -0.319899 -20.052322 0.117721 -3.746886 3.054151 -0.222989 -5.882102 9.861279 0.702590 -10.936861 -0.360574 7.156197 0.000000 8.774815 -0.000000 -16.230999 17.841358 5.966771 -1.844031 2.498503 -2.507276 -10.163590 4.678941 4.621104 -20.975996 -0.000001 0.000001 -21.226254 2.451698 -3.593995 0.000000 -0.000006 -0.000000 -1.362681 2.240797 -0.746323 -21.334892 0.584910 3.008319 -13.821196 -0.000001 0.000001 -23.887129 -0.249075 -0.839485 -60.400059 2.422533 -1.078678 -0.294025 1.679686 0.833255 -14.218195 0.093215 1.300579 -34.212002 -0.287561 0.967166 -20.033176 0.964536 1.212838 0.000000 -0.000000 0.000000 -3.440387 0.788233 0.501655 -15.928172 -3.167306 2.999703 -6.338817 -0.000000 0.000001 -18.123419 3.648181 -4.905662 -0.000004 0.000000 -0.000002 15.140899 5.963682 15.759576 64.218567 17.280451 14.497190 -0.270337 19.888771 -0.061669 -5.397200 -4.124166 -13.765020 2.243540 -5.255033 -3.180156 14.282877 -0.826594 6.952496 -0.000000 -12.690593 -0.000001 16.172735 -17.908232 2.724705 1.665665 -1.955920 -2.878297 4.727794 -4.170584 4.993919 11.020511 0.000001 -0.000000 12.109032 -3.735715 -2.866778 0.000000 -0.000000 0.000000 1.291985 -1.928548 -1.498088 14.800115 0.567467 3.865604 14.242553 -1.341738 -6.660648 19.631935 0.143921 -0.648243 50.165905 -0.553538 -6.027999 0.353029 -1.511150 -0.031940 20.222769 3.684305 2.316629 18.787249 0.000001 -0.000001 10.751608 -0.479870 1.397903 0.000000 -0.000000 0.000000 3.273804 0.305947 -0.580110 21.486790 11.830364 2.266131 8.162915 0.000000 -0.000000 18.399052 -3.798986 -4.940567 0.000003 0.000000 -0.000001 10.343527 17.273623 4.483803 0.013216 -0.581735 30.291592 -3.745638 28.775011 -6.246521 2.034146 -2.447987 -3.889540 0.000000 -0.000000 0.000002 -1.795764 -18.811514 -16.273788 0.282467 0.109814 23.717609 4.639792 12.160301 -2.013099 -1.400587 0.717073 -1.618849 0.000000 -0.000000 -0.000001
0.000000 0.000000 0.000000 0.000000 -0.000000 0.000000 0.050826 -1.549759 -1.428683 0.098070 -2.815602 -3.122388 -0.209958 -1.176828 2.721515 -0.712002 -2.724567 -4.205940 -0.962783 -5.580770 13.301414 14.913778 -5.291765 13.726600 -3.889452 -9.887739 -3.450975 2.639974 -13.572538 -8.071892 0.000077 -0.000022 0.000006 0.028956 -0.079751 -0.035099 0.750461 -3.789578 -10.574803 -0.693563 3.635561 -10.594047 -15.104697 -14.113748 18.718653 -60.244804 -24.946653 26.767687 -0.156042 -20.438778 0.080138 -3.313801 3.167259 -0.633568 -5.882102 9.861279 0.702590 -10.936861 -0.360574 7.156197 0.000000 8.774815 -0.000000 -16.198538 17.810493 5.963178 -1.844031 2.498503 -2.507276 -10.163590 4.678941 4.621104 -20.975996 -0.000001 0.000001 -21.226254 2.451698 -3.593995 0.000000 -0.000006 -0.000000 -1.362681 2.240797 -0.746323 -21.334892 0.584910 3.008319 -13.821196 -0.000001 0.000001 -23.887129 -0.249075 -0.839485 -60.358948 2.449551 -1.143611 -0.294025 1.679686 0.833255 -14.218195 0.093215 1.300579 -34.212002 -0.287561 0.967166 -20.033176 0.964536 1.212838 0.000000 -0.000000 0.000000 -3.440387 0.788233 0.501655 -15.928172 -3.167306 2.999703 -6.338817 -0.000000 0.000001 -18.123419 3.648181 -4.905662 -0.000004 0.000000 -0.000002 14.874619 6.667140 15.910792 64.556892 17.802036 14.950137 -0.402431 19.044252 -0.112004 -5.306881 -4.402211 -13.986030 2.243540 -5.255033 -3.180156 14.282877 -0.826594 6.952496 -0.000000 -12.690593 -0.000001 16.137566 -17.877127 2.737434 1.665665 -1.955920 -2.878297 4.727794 -4.170584 4.993919 11.020511 0.000001 -0.000000 12.109032 -3.735715 -2.866778 0.000000 -0.000000 0.000000 1.291985 -1.928548 -1.498088 14.800115 0.567467 3.865604 14.242553 -1.341738 -6.660648 19.631935 0.143921 -0.648243 50.204102 -0.538575 -6.021860 0.353029 -1.511150 -0.031940 20.222769 3.684305 2.316629 18.787249 0.000001 -0.000001 10.751608 -0.479870 1.397903 0.000000 -0.000000 0.000000 3.273804 0.305947 -0.580110 21.486790 11.830364 2.266131 8.162915 0.000000 -0.000000 18.399052 -3.798986 -4.940567 0.000003 0.000000 -0.000001 10.343527 17.273623 4.483803 0.013216 -0.581735 30.291592 -3.745638 28.775011 -6.246521 2.034146 -2.447987 -3.889540 0.000000 -0.000000 0.000002 -1.795764 -18.811514 -16.273788 0.282467 0.109814 23.717609 4.639792 12.160301 -2.013099 -1.400587 0.717073 -1.618849 0.000000 -0.000000 -0.000001
0.000000 0.000000 0.000000 0.000000 -0.000000 0.000000 0.050826 -1.548943 -1.428683 0.098070 -2.815602 -3.122388 -0.189956 -1.127952 2.733979 -0.708374 -2.502751 -4.220067 -0.911346 -5.349982 13.284399 14.693351 -5.172893 13.947232 -3.747298 -9.588779 -3.453459 2.850594 -13.286115 -8.245509 0.000077 -0.000022 0.000006 0.023957 -0.061487 -0.029846 0.743671 -3.771383 -10.569968 -0.696561 3.653745 -10.595124 -15.167772 -13.586016 18.592813 -60.260818 -24.482641 26.366436 -0.032617 -20.522562 0.052077 -2.999163 3.322317 -0.827109 -5.882102 9.861279 0.702590 -10.936861 -0.360574 7.156197 0.000000 8.774815 -0.000000 -16.138718 17.757374 5.986601 -1.844031 2.498503 -2.507276 -10.163590 4.678941 4.621104 -20.975996 -0.000001 0.000001 -21.226254 2.451698 -3.593995 0.000000 -0.000006 -0.000000 -1.362681 2.240797 -0.746323 -21.334892 0.584910 3.008319 -13.821196 -0.000001 0.000001 -23.887129 -0.249075 -0.839485 -60.254692 2.479500 -1.181200 -0.294025 1.679686 0.833255 -14.218195 0.093215 1.300579 -34.212002 -0.287561 0.967166 -20.033176 0.964536 1.212838 0.000000 -0.000000 0.000000 -3.440387 0.788233 0.501655 -15.928172 -3.167306 2.999703 -6.338817 -0.000000 0.000001 -18.123419 3.648181 -4.905662 -0.000004 0.000000 -0.000002 14.698187 7.334243 16.049635 64.777382 18.251064 15.475515 -0.417137 18.386921 -0.124347 -5.057235 -4.511068 -14.085842 2.243540 -5.255033 -3.180156 14.282877 -0.826594 6.952496 -0.000000 -12.690593 -0.000001 16.076651 -17.851316 2.771380 1.665665 -1.955920 -2.878297 4.727794 -4.170584 4.993919 11.020511 0.000001 -0.000000 12.109032 -3.735715 -2.866778 0.000000 -0.000000 0.000000 1.291985 -1.928548 -1.498088 14.800115 0.567467 3.865604 14.242553 -1.341738 -6.660648 19.631935 0.143921 -0.648243 50.217571 -0.551715 -6.019520 0.353029 -1.511150 -0.031940 20.222769 3.684305 2.316629 18.787249 0.000001 -0.000001 10.751608 -0.479870 1.397903 0.000000 -0.000000 0.000000 3.273804 0.305947 -0.580110 21.486790 11.830364 2.266131 8.162915 0.000000 -0.000000 18.399052 -3.798986 -4.940567 0.000003 0.000000 -0.000001 10.343527 17.273623 4.483803 0.013216 -0.581735 30.291592 -3.745638 28.775011 -6.246521 2.034146 -2.447987 -3.889540 0.000000 -0.000000 0.000002 -1.795764 -18.811514 -16.273788 0.282467 0.109814 23.717609 4.639792 12.160301 -2.013099 -1.400587 0.717073 -1.618849 0.000000 -0.000000 -0.000001
0.000000 0.000000 0.000000 0.000000 -0.000000 0.000000 0.050826 -1.549133 -1.428683 0.098070 -2.815602 -3.122388 -0.168788 -1.109735 2.727029 -0.709976 -2.389126 -4.228788 -0.869882 -5.249238 13.274691 14.559708 -5.093911 13.994615 -3.616155 -9.384825 -3.455209 2.992860 -13.133131 -8.378918 0.000077 -0.000022 0.000006 0.015893 -0.036853 -0.030846 0.736011 -3.743990 -10.559350 -0.704853 3.675455 -10.594379 -15.153224 -13.282696 18.525124 -60.345951 -24.196634 26.337229 0.043011 -20.368563 0.039508 -2.883448 3.505115 -0.851317 -5.882102 9.861279 0.702590 -10.936861 -0.360574 7.156197 0.000000 8.774815 -0.000000 -16.085411 17.735035 6.015469 -1.844031 2.498503 -2.507276 -10.163590 4.678941 4.621104 -20.975996 -0.000001 0.000001 -21.226254 2.451698 -3.593995 0.000000 -0.000006 -0.000000 -1.362681 2.240797 -0.746323 -21.334892 0.584910 3.008319 -13.821196 -0.000001 0.000001 -23.887129 -0.249075 -0.839485 -60.166203 2.495533 -1.180374 -0.294025 1.679686 0.833255 -14.218195 0.093215 1.300579 -34.212002 -0.287561 0.967166 -20.033176 0.964536 1.212838 0.000000 -0.000000 0.000000 -3.440387 0.788233 0.501655 -15.928172 -3.167306 2.999703 -6.338817 -0.000000 0.000001 -18.123419 3.648181 -4.905662 -0.000004 0.000000 -0.000002 14.653326 7.722694 16.159204 64.866806 18.494265 15.917907 -0.361082 18.191841 -0.115726 -4.761895 -4.428415 -14.170062 2.243540 -5.255033 -3.180156 14.282877 -0.826594 6.952496 -0.000000 -12.690593 -0.000001 16.022654 -17.819420 2.825773 1.665665 -1.955920 -2.878297 4.727794 -4.170584 4.993919 11.020511 0.000001 -0.000000 12.109032 -3.735715 -2.866778 0.000000 -0.000000 0.000000 1.291985 -1.928548 -1.498088 14.800115 0.567467 3.865604 14.242553 -1.341738 -6.660648 19.631935 0.143921 -0.648243 50.229580 -0.570440 -5.983922 0.353029 -1.511150 -0.031940 20.222769 3.684305 2.316629 18.787249 0.000001 -0.000001 10.751608 -0.479870 1.397903 0.000000 -0.000000 0.000000 3.273804 0.305947 -0.580110 21.486790 11.830364 2.266131 8.162915 0.000000 -0.000000 18.399052 -3.798986 -4.940567 0.000003 0.000000 -0.000001 10.343527 17.273623 4.483803 0.013216 -0.581735 30.291592 -3.745638 28.775011 -6.246521 2.034146 -2.447987 -3.889540 0.000000 -0.000000 0.000002 -1.795764 -18.811514 -16.273788 0.282467 0.109814 23.717609 4.639792 12.160301 -2.013099 -1.400587 0.717073 -1.618849 0.000000 -0.000000 -0.000001
0.000000 0.000000 0.000000 0.000000 -0.000000 0.000000 0.050826 -1.549004 -1.428683 0.098070 -2.815602 -3.122388 -0.137323 -1.118521 2.731857 -0.717375 -2.365422 -4.229409 -0.836892 -5.263205 13.284794 14.562159 -5.088218 13.904975 -3.532565 -9.291486 -3.457307 3.100939 -13.066464 -8.464349 0.000077 -0.000022 0.000006 0.008426 -0.016585 -0.035179 0.730547 -3.721127 -10.549973 -0.714038 3.692634 -10.591183 -15.057488 -13.186660 18.536476 -60.479797 -24.114336 26.359034 0.020033 -20.116547 0.050651 -2.875673 3.664545 -0.751511 -5.882102 9.861279 0.702590 -10.936861 -0.360574 7.156197 0.000000 8.774815 -0.000000 -16.054953 17.747993 6.022521 -1.844031 2.498503 -2.507276 -10.163590 4.678941 4.621104 -20.975996 -0.000001 0.000001 -21.226254 2.451698 -3.593995 0.000000 -0.000006 -0.000000 -1.362681 2.240797 -0.746323 -21.334892 0.584910 3.008319 -13.821196 -0.000001 0.000001 -23.887129 -0.249075 -0.839485 -60.105247 2.500493 -1.193122 -0.294025 1.679686 0.833255 -14.218195 0.093215 1.300579 -34.212002 -0.287561 0.967166 -20.033176 0.964536 1.212838 0.000000 -0.000000 0.000000 -3.440387 0.788233 0.501655 -15.928172 -3.167306 2.999703 -6.338817 -0.000000 0.000001 -18.123419 3.648181 -4.905662 -0.000004 0.000000 -0.000002 14.669546 7.852632 16.208282 64.923347 18.522043 16.250044 -0.298527 18.350172 -0.099579 -4.520593 -4.264064 -14.263250 2.243540 -5.255033 -3.180156 14.282877 -0.826594 6.952496 -0.000000 -12.690593 -0.000001 15.993150 -17.804203 2.865044 1.665665 -1.955920 -2.878297 4.727794 -4.170584 4.993919 11.020511 0.000001 -0.000000 12.109032 -3.735715 -2.866778 0.000000 -0.000000 0.000000 1.291985 -1.928548 -1.498088 14.800115 0.567467 3.865604 14.242553 -1.341738 -6.660648 19.631935 0.143921 -0.648243 50.237743 -0.581997 -5.951353 0.353029 -1.511150 -0.031940 20.222769 3.684305 2.316629 18.787249 0.000001 -0.000001 10.751608 -0.479870 1.397903 0.000000 -0.000000 0.000000 3.273804 0.305947 -0.580110 21.486790 11.830364 2.266131 8.162915 0.000000 -0.000000 18.399052 -3.798986 -4.940567 0.000003 0.000000 -0.000001 10.343527 17.273623 4.483803 0.013216 -0.581735 30.291592 -3.745638 28.775011 -6.246521 2.034146 -2.447987 -3.889540 0.000000 -0.000000 0.000002 -1.795764 -18.811514 -16.273788 0.282467 0.109814 23.717609 4.639792 12.160301 -2.013099 -1.400587 0.717073 -1.618849 0.000000 -0.000000 -0.000001
0.000000 0.000000 0.000000 0.000000 -0.000000 0.000000 0.050826 -1.549622 -1.428683 0.098070 -2.815602 -3.122388 -0.095716 -1.145699 2.777060 -0.726456 -2.399898 -4.229143 -0.811911 -5.363719 13.307426 14.682257 -5.174073 13.726863 -3.481109 -9.263592 -3.456849 3.240458 -13.097588 -8.559640 0.000077 -0.000022 0.000006 0.000521 0.004051 -0.041663 0.727018 -3.698861 -10.543948 -0.726165 3.711517 -10.586960 -14.919656 -13.279139 18.635214 -60.604801 -24.221636 26.316952 -0.067339 -19.856823 0.071005 -2.929317 3.774148 -0.510437 -5.882102 9.861279 0.702590 -10.936861 -0.360574 7.156197 0.000000 8.774815 -0.000000 -16.044836 17.779482 6.014655 -1.844031 2.498503 -2.507276 -10.163590 4.678941 4.621104 -20.975996 -0.000001 0.000001 -21.226254 2.451698 -3.593995 0.000000 -0.000006 -0.000000 -1.362681 2.240797 -0.746323 -21.334892 0.584910 3.008319 -13.821196 -0.000001 0.000001 -23.887129 -0.249075 -0.839485 -60.082176 2.501698 -1.238863 -0.294025 1.679686 0.833255 -14.218195 0.093215 1.300579 -34.212002 -0.287561 0.967166 -20.033176 0.964536 1.212838 0.000000 -0.000000 0.000000 -3.440387 0.788233 0.501655 -15.928172 -3.167306 2.999703 -6.338817 -0.000000 0.000001 -18.123419 3.648181 -4.905662 -0.000004 0.000000 -0.000002 14.724290 7.755180 16.195667 64.965355 18.380835 16.427114 -0.268797 18.756413 -0.083697 -4.327741 -4.113863 -14.279955 2.243540 -5.255033 -3.180156 14.282877 -0.826594 6.952496 -0.000000 -12.690593 -0.000001 15.976313 -17.797709 2.876242 1.665665 -1.955920 -2.878297 4.727794 -4.170584 4.993919 11.020511 0.000001 -0.000000 12.109032 -3.735715 -2.866778 0.000000 -0.000000 0.000000 1.291985 -1.928548 -1.498088 14.800115 0.567467 3.865604 14.242553 -1.341738 -6.660648 19.631935 0.143921 -0.648243 50.216240 -0.584199 -5.945140 0.353029 -1.511150 -0.031940 20.222769 3.684305 2.316629 18.787249 0.000001 -0.000001 10.751608 -0.479870 1.397903 0.000000 -0.000000 0.000000 3.273804 0.305947 -0.580110 21.486790 11.830364 2.266131 8.162915 0.000000 -0.000000 18.399052 -3.798986 -4.940567 0.000003 0.000000 -0.000001 10.343527 17.273623 4.483803 0.013216 -0.581735 30.291592 -3.745638 28.775011 -6.246521 2.034146 -2.447987 -3.889540 0.000000 -0.000000 0.000002 -1.795764 -18.811514 -16.273788 0.282467 0.109814 23.717609 4.639792 12.160301 -2.013099 -1.400587 0.717073 -1.618849 0.000000 -0.000000 -0.000001
0.000000 0.000000 0.000000 0.000000 -0.000000 0.000000 0.050826 -1.554436 -1.428683 0.098070 -2.815602 -3.122388 -0.041709 -1.185393 2.827615 -0.732010 -2.499862 -4.227198 -0.804450 -5.525821 13.358932 14.923246 -5.338119 13.510295 -3.461595 -9.346553 -3.453649 3.408619 -13.251514 -8.737339 0.000077 -0.000022 0.000006 -0.004171 0.013251 -0.046047 0.727287 -3.691255 -10.549817 -0.735860 3.722693 -10.593904 -14.771811 -13.531438 18.748459 -60.656792 -24.441624 26.370125 -0.182823 -19.664734 0.097624 -2.987322 3.799635 -0.326742 -5.882102 9.861279 0.702590 -10.936861 -0.360574 7.156197 0.000000 8.774815 -0.000000 -16.055611 17.816231 6.009138 -1.844031 2.498503 -2.507276 -10.163590 4.678941 4.621104 -20.975996 -0.000001 0.000001 -21.226254 2.451698 -3.593995 0.000000 -0.000006 -0.000000 -1.362681 2.240797 -0.746323 -21.334892 0.584910 3.008319 -13.821196 -0.000001 0.000001 -23.887129 -0.249075 -0.839485 -60.095428 2.512041 -1.289891 -0.294025 1.679686 0.833255 -14.218195 0.093215 1.300579 -34.212002 -0.287561 0.967166 -20.033176 0.964536 1.212838 0.000000 -0.000000 0.000000 -3.440387 0.788233 0.501655 -15.928172 -3.167306 2.999703 -6.338817 -0.000000 0.000001 -18.123419 3.648181 -4.905662 -0.000004 0.000000 -0.000002 14.841646 7.442454 16.112341 64.951424 18.103243 16.442900 -0.243680 19.295233 -0.075717 -4.280779 -4.008554 -14.232051 2.243540 -5.255033 -3.180156 14.282877 -0.826594 6.952496 -0.000000 -12.690593 -0.000001 15.996826 -17.778728 2.861575 1.665665 -1.955920 -2.878297 4.727794 -4.170584 4.993919 11.020511 0.000001 -0.000000 12.109032 -3.735715 -2.866778 0.000000 -0.000000 0.000000 1.291985 -1.928548 -1.498088 14.800115 0.567467 3.865604 14.242553 -1.341738 -6.660648 19.631935 0.143921 -0.648243 50.173050 -0.583251 -5.946392 0.353029 -1.511150 -0.031940 20.222769 3.684305 2.316629 18.787249 0.000001 -0.000001 10.751608 -0.479870 1.397903 0.000000 -0.000000 0.000000 3.273804 0.305947 -0.580110 21.486790 11.830364 2.266131 8.162915 0.000000 -0.000000 18.399052 -3.798986 -4.940567 0.000003 0.000000 -0.000001 10.343527 17.273623 4.483803 0.013216 -0.581735 30.291592 -3.745638 28.775011 -6.246521 2.034146 -2.447987 -3.889540 0.000000 -0.000000 0.000002 -1.795764 -18.811514 -16.273788 0.282467 0.109814 23.717609 4.639792 12.160301 -2.013099 -1.400587 0.717073 -1.618849 0.000000 -0.000000 -0.000001
0.000000 0.000000 0.000000 0.000000 -0.000000 0.000000 0.050826 -1.572312 -1.428683 0.098070 -2.815602 -3.122388 0.015564 -1.219702 2.862760 -0.736096 -2.608547 -4.223243 -0.814264 -5.683922 13.412093 15.182083 -5.514236 13.330898 -3.486580 -9.457495 -3.440139 3.601481 -13.458215 -8.926092 0.000077 -0.000022 0.000006 -0.004685 0.009623 -0.049912 0.727196 -3.694196 -10.546370 -0.736886 3.719152 -10.588163 -14.668356 -13.804106 18.796124 -60.642136 -24.620974 26.363020 -0.294088 -19.624300 0.124630 -3.045444 3.829559 -0.132435 -5.882102 9.861279 0.702590 -10.936861 -0.360574 7.156197 0.000000 8.774815 -0.000000 -16.100880 17.813171 5.970284 -1.844031 2.498503 -2.507276 -10.163590 4.678941 4.621104 -20.975996 -0.000001 0.000001 -21.226254 2.451698 -3.593995 0.000000 -0.000006 -0.000000 -1.362681 2.240797 -0.746323 -21.334892 0.584910 3.008319 -13.821196 -0.000001 0.000001 -23.887129 -0.249075 -0.839485 -60.113983 2.490639 -1.307291 -0.294025 1.679686 0.833255 -14.218195 0.093215 1.300579 -34.212002 -0.287561 0.967166 -20.033176 0.964536 1.212838 0.000000 -0.000000 0.000000 -3.440387 0.788233 0.501655 -15.928172 -3.167306 2.999703 -6.338817 -0.000000 0.000001 -18.123419 3.648181 -4.905662 -0.000004 0.000000 -0.000002 14.944345 7.128694 16.018608 64.943939 17.817888 16.466244 -0.257185 19.725655 -0.080546 -4.340493 -3.983575 -14.299731 2.243540 -5.255033 -3.180156 14.282877 -0.826594 6.952496 -0.000000 -12.690593 -0.000001 16.021841 -17.748966 2.830480 1.665665 -1.955920 -2.878297 4.727794 -4.170584 4.993919 11.020511 0.000001 -0.000000 12.109032 -3.735715 -2.866778 0.000000 -0.000000 0.000000 1.291985 -1.928548 -1.498088 14.800115 0.567467 3.865604 14.242553 -1.341738 -6.660648 19.631935 0.143921 -0.648243 50.115337 -0.581898 -5.952870 0.353029 -1.511150 -0.031940 20.222769 3.684305 2.316629 18.787249 0.000001 -0.000001 10.751608 -0.479870 1.397903 0.000000 -0.000000 0.000000 3.273804 0.305947 -0.580110 21.486790 11.830364 2.266131 8.162915 0.000000 -0.000000 18.399052 -3.798986 -4.940567 0.000003 0.000000 -0.000001 10.343527 17.273623 4.483803 0.013216 -0.581735 30.291592 -3.745638 28.775011 -6.246521 2.034146 -2.447987 -3.889540 0.000000 -0.000000 0.000002 -1.795764 -18.811514 -16.273788 0.282467 0.109814 23.717609 4.639792 12.160301 -2.013099 -1.400587 0.717073 -1.618849 0.000000 -0.000000 -0.000001
0.000000 0.000000 0.000000 0.000000 -0.000000 0.000000 0.050826 -1.582916 -1.428683 0.098070 -2.815602 -3.122388 0.023401 -1.226937 2.919743 -0.728887 -2.693436 -4.225522 -0.819982 -5.762298 13.430931 15.447950 -5.728024 13.228920 -3.544356 -9.452489 -3.455021 3.738621 -13.664743 -9.032060 0.000077 -0.000022 0.000006 -0.012810 0.040797 -0.052892 0.712807 -3.664239 -10.544997 -0.738567 3.751184 -10.584192 -14.699322 -13.998304 18.970018 -60.502876 -24.846729 26.132317 -0.276061 -19.767336 0.100315 -3.195767 3.920466 0.405596 -5.882102 9.861279 0.702590 -10.936861 -0.360574 7.156197 0.000000 8.774815 -0.000000 -16.152363 17.800705 5.926888 -1.844031 2.498503 -2.507276 -10.163590 4.678941 4.621104 -20.975996 -0.000001 0.000001 -21.226254 2.451698 -3.593995 0.000000 -0.000006 -0.000000 -1.362681 2.240797 -0.746323 -21.334892 0.584910 3.008319 -13.821196 -0.000001 0.000001 -23.887129 -0.249075 -0.839485 -60.154926 2.432475 -1.306629 -0.294025 1.679686 0.833255 -14.218195 0.093215 1.300579 -34.212002 -0.287561 0.967166 -20.033176 0.964536 1.212838 0.000000 -0.000000 0.000000 -3.440387 0.788233 0.501655 -15.928172 -3.167306 2.999703 -6.338817 -0.000000 0.000001 -18.123419 3.648181 -4.905662 -0.000004 0.000000 -0.000002 15.052170 6.928796 16.025862 64.852837 17.635155 16.642014 -0.346246 20.084805 -0.074568 -4.385118 -4.041890 -13.955294 2.243540 -5.255033 -3.180156 14.282877 -0.826594 6.952496 -0.000000 -12.690593 -0.000001 16.042931 -17.726791 2.817602 1.665665 -1.955920 -2.878297 4.727794 -4.170584 4.993919 11.020511 0.000001 -0.000000 12.109032 -3.735715 -2.866778 0.000000 -0.000000 0.000000 1.291985 -1.928548 -1.498088 14.800115 0.567467 3.865604 14.242553 -1.341738 -6.660648 19.631935 0.143921 -0.648243 50.048599 -0.576607 -5.978454 0.353029 -1.511150 -0.031940 20.222769 3.684305 2.316629 18.787249 0.000001 -0.000001 10.751608 -0.479870 1.397903 0.000000 -0.000000 0.000000 3.273804 0.305947 -0.580110 21.486790 11.830364 2.266131 8.162915 0.000000 -0.000000 18.399052 -3.798986 -4.940567 0.000003 0.000000 -0.000001 10.343527 17.273623 4.483803 0.013216 -0.581735 30.291592 -3.745638 28.775011 -6.246521 2.034146 -2.447987 -3.889540 0.000000 -0.000000 0.000002 -1.795764 -18.811514 -16.273788 0.282467 0.109814 23.717609 4.639792 12.160301 -2.013099 -1.400587 0.717073 -1.618849 0.000000 -0.000000 -0.000001
0.000000 0.000000 0.000000 0.000000 -0.000000 0.000000 0.050826 -1.601731 -1.428683 0.098070 -2.815602 -3.122388 0.088559 -1.244531 2.882978 -0.697518 -2.898973 -4.201601 -0.947941 -5.942941 13.469766 15.852859 -5.883158 13.092820 -3.578732 -9.826326 -3.525775 3.724597 -13.703441 -9.184041 0.000077 -0.000022 0.000006 0.013407 -0.057528 -0.022102 0.745219 -3.767054 -10.541132 -0.718718 3.657374 -10.565551 -14.536307 -14.287626 18.885237 -60.554615 -24.893269 26.384972 -0.249971 -19.880234 0.102749 -3.051368 3.815202 0.648410 -5.882102 9.861279 0.702590 -10.936861 -0.360574 7.156197 0.000000 8.774815 -0.000000 -16.278116 18.001707 5.930316 -1.844031 2.498503 -2.507276 -10.163590 4.678941 4.621104 -20.975996 -0.000001 0.000001 -21.226254 2.451698 -3.593995 0.000000 -0.000006 -0.000000 -1.362681 2.240797 -0.746323 -21.334892 0.584910 3.008319 -13.821196 -0.000001 0.000001 -23.887129 -0.249075 -0.839485 -60.274055 2.476981 -1.266487 -0.294025 1.679686 0.833255 -14.218195 0.093215 1.300579 -34.212002 -0.287561 0.967166 -20.033176 0.964536 1.212838 0.000000 -0.000000 0.000000 -3.440387 0.788233 0.501655 -15.928172 -3.167306 2.999703 -6.338817 -0.000000 0.000001 -18.123419 3.648181 -4.905662 -0.000004 0.000000 -0.000002 14.896338 6.593162 15.798909 65.141403 17.341909 16.413713 -0.242534 20.155920 -0.090740 -4.598997 -3.951651 -13.532840 2.243540 -5.255033 -3.180156 14.282877 -0.826594 6.952496 -0.000000 -12.690593 -0.000001 16.130152 -17.597738 2.821077 1.665665 -1.955920 -2.878297 4.727794 -4.170584 4.993919 11.020511 0.000001 -0.000000 12.109032 -3.735715 -2.866778 0.000000 -0.000000 0.000000 1.291985 -1.928548 -1.498088 14.800115 0.567467 3.865604 14.242553 -1.341738 -6.660648 19.631935 0.143921 -0.648243 49.925690 -0.472208 -5.813457 0.353029 -1.511150 -0.031940 20.222769 3.684305 2.316629 18.787249 0.000001 -0.000001 10.751608 -0.479870 1.397903 0.000000 -0.000000 0.000000 3.273804 0.305947 -0.580110 21.486790 11.830364 2.266131 8.162915 0.000000 -0.000000 18.399052 -3.798986 -4.940567 0.000003 0.000000 -0.000001 10.343527 17.273623 4.483803 0.013216 -0.581735 30.291592 -3.745638 28.775011 -6.246521 2.034146 -2.447987 -3.889540 0.000000 -0.000000 0.000002 -1.795764 -18.811514 -16.273788 0.282467 0.109814 23.717609 4.639792 12.160301 -2.013099 -1.400587 0.717073 -1.618849 0.000000 -0.000000 -0.000001
0.000000 0.000000 0.000000 0.000000 -0.000000 0.000000 0.050826 -1.621468 -1.428683 0.098070 -2.815602 -3.122388 0.118435 -1.207661 2.873723 -0.713141 -2.649976 -4.236533 -0.909668 -5.610413 13.483091 15.510970 -5.676620 13.244014 -3.634905 -9.625051 -3.472892 3.921440 -13.747914 -9.266005 0.000077 -0.000022 0.000006 0.005397 -0.033153 -0.038291 0.739397 -3.737558 -10.554754 -0.729096 3.678093 -10.586434 -14.699298 -13.763034 18.722694 -60.426125 -24.655617 25.788843 -0.205394 -20.402565 0.089748 -2.922510 3.764630 0.819748 -5.882102 9.861279 0.702590 -10.936861 -0.360574 7.156197 0.000000 8.774815 -0.000000 -16.351631 17.803593 5.890285 -1.844031 2.498503 -2.507276 -10.163590 4.678941 4.621104 -20.975996 -0.000001 0.000001 -21.226254 2.451698 -3.593995 0.000000 -0.000006 -0.000000 -1.362681 2.240797 -0.746323 -21.334892 0.584910 3.008319 -13.821196 -0.000001 0.000001 -23.887129 -0.249075 -0.839485 -60.372349 2.412400 -1.195642 -0.294025 1.679686 0.833255 -14.218195 0.093215 1.300579 -34.212002 -0.287561 0.967166 -20.033176 0.964536 1.212838 0.000000 -0.000000 0.000000 -3.440387 0.788233 0.501655 -15.928172 -3.167306 2.999703 -6.338817 -0.000000 0.000001 -18.123419 3.648181 -4.905662 -0.000004 0.000000 -0.000002 14.729597 7.089496 15.890096 65.054909 17.548595 17.304020 -0.329621 19.854811 -0.109876 -4.444288 -4.139159 -13.352958 2.243540 -5.255033 -3.180156 14.282877 -0.826594 6.952496 -0.000000 -12.690593 -0.000001 16.035738 -17.699394 2.864291 1.665665 -1.955920 -2.878297 4.727794 -4.170584 4.993919 11.020511 0.000001 -0.000000 12.109032 -3.735715 -2.866778 0.000000 -0.000000 0.000000 1.291985 -1.928548 -1.498088 14.800115 0.567467 3.865604 14.242553 -1.341738 -6.660648 19.631935 0.143921 -0.648243 49.990166 -0.550232 -5.970392 0.353029 -1.511150 -0.031940 20.222769 3.684305 2.316629 18.787249 0.000001 -0.000001 10.751608 -0.479870 1.397903 0.000000 -0.000000 0.000000 3.273804 0.305947 -0.580110 21.486790 11.830364 2.266131 8.162915 0.000000 -0.000000 18.399052 -3.798986 -4.940567 0.000003 0.000000 -0.000001 10.343527 17.273623 4.483803 0.013216 -0.581735 30.291592 -3.745638 28.775011 -6.246521 2.034146 -2.447987 -3.889540 0.000000 -0.000000 0.000002 -1.795764 -18.811514 -16.273788 0.282467 0.109814 23.717609 4.639792 12.160301 -2.013099 -1.400587 0.717073 -1.618849 0.000000 -0.000000 -0.000001
0.000000 0.000000 0.000000 0.000000 -0.000000 0.000000 0.050826 -1.629311 -1.428683 0.098070 -2.815602 -3.122388 0.097140 -1.177768 2.828966 -0.714133 -2.481053 -4.243362 -0.932554 -5.405674 13.471767 15.256237 -5.558310 13.403648 -3.625491 -9.453343 -3.480045 3.832325 -13.590485 -9.250518 0.000077 -0.000022 0.000006 0.006816 -0.035422 -0.034148 0.740752 -3.739845 -10.554407 -0.727526 3.675718 -10.587459 -14.845693 -13.393030 18.586658 -60.286926 -24.358854 25.386841 -0.095236 -20.707394 0.066954 -2.785665 3.709150 1.127960 -5.882102 9.861279 0.702590 -10.936861 -0.360574 7.156197 0.000000 8.774815 -0.000000 -16.338438 17.801996 5.918594 -1.844031 2.498503 -2.507276 -10.163590 4.678941 4.621104 -20.975996 -0.000001 0.000001 -21.226254 2.451698 -3.593995 0.000000 -0.000006 -0.000000 -1.362681 2.240797 -0.746323 -21.334892 0.584910 3.008319 -13.821196 -0.000001 0.000001 -23.887129 -0.249075 -0.839485 -60.404896 2.389183 -1.156935 -0.294025 1.679686 0.833255 -14.218195 0.093215 1.300579 -34.212002 -0.287561 0.967166 -20.033176 0.964536 1.212838 0.000000 -0.000000 0.000000 -3.440387 0.788233 0.501655 -15.928172 -3.167306 2.999703 -6.338817 -0.000000 0.000001 -18.123419 3.648181 -4.905662 -0.000004 0.000000 -0.000002 14.557327 7.445712 16.001577 65.103439 17.812208 17.804945 -0.331028 19.551966 -0.121898 -4.426341 -4.219663 -13.003887 2.243540 -5.255033 -3.180156 14.282877 -0.826594 6.952496 -0.000000 -12.690593 -0.000001 15.992578 -17.700630 2.901375 1.665665 -1.955920 -2.878297 4.727794 -4.170584 4.993919 11.020511 0.000001 -0.000000 12.109032 -3.735715 -2.866778 0.000000 -0.000000 0.000000 1.291985 -1.928548 -1.498088 14.800115 0.567467 3.865604 14.242553 -1.341738 -6.660648 19.631935 0.143921 -0.648243 49.996555 -0.569973 -5.962921 0.353029 -1.511150 -0.031940 20.222769 3.684305 2.316629 18.787249 0.000001 -0.000001 10.751608 -0.479870 1.397903 0.000000 -0.000000 0.000000 3.273804 0.305947 -0.580110 21.486790 11.830364 2.266131 8.162915 0.000000 -0.000000 18.399052 -3.798986 -4.940567 0.000003 0.000000 -0.000001 10.343527 17.273623 4.483803 0.013216 -0.581735 30.291592 -3.745638 28.775011 -6.246521 2.034146 -2.447987 -3.889540 0.000000 -0.000000 0.000002 -1.795764 -18.811514 -16.273788 0.282467 0.109814 23.717609 4.639792 12.160301 -2.013099 -1.400587 0.717073 -1.618849 0.000000 -0.000000 -0.000001
0.000000 0.000000 0.000000 0.000000 -0.000000 0.000000 0.050826 -1.636467 -1.428683 0.098070 -2.815602 -3.122388 0.057048 -1.143762 2.799183 -0.711589 -2.304988 -4.267542 -0.973254 -5.213788 13.455354 14.901157 -5.395012 13.611105 -3.579947 -9.311076 -3.472518 3.730742 -13.382028 -9.271276 0.000077 -0.000022 0.000006 0.008608 -0.039259 -0.028560 0.737411 -3.744183 -10.546206 -0.720404 3.672246 -10.580745 -14.985930 -13.017850 18.461800 -60.123398 -24.051899 24.974342 -0.057403 -20.912050 0.066789 -2.657772 3.646610 1.576732 -5.882102 9.861279 0.702590 -10.936861 -0.360574 7.156197 0.000000 8.774815 -0.000000 -16.336634 17.788813 5.950174 -1.844031 2.498503 -2.507276 -10.163590 4.678941 4.621104 -20.975996 -0.000001 0.000001 -21.226254 2.451698 -3.593995 0.000000 -0.000006 -0.000000 -1.362681 2.240797 -0.746323 -21.334892 0.584910 3.008319 -13.821196 -0.000001 0.000001 -23.887129 -0.249075 -0.839485 -60.432915 2.381012 -1.115308 -0.294025 1.679686 0.833255 -14.218195 0.093215 1.300579 -34.212002 -0.287561 0.967166 -20.033176 0.964536 1.212838 0.000000 -0.000000 0.000000 -3.440387 0.788233 0.501655 -15.928172 -3.167306 2.999703 -6.338817 -0.000000 0.000001 -18.123419 3.648181 -4.905662 -0.000004 0.000000 -0.000002 14.408204 7.807068 16.117943 65.134621 18.114622 18.328096 -0.315175 19.282160 -0.124025 -4.437874 -4.309735 -12.645864 2.243540 -5.255033 -3.180156 14.282877 -0.826594 6.952496 -0.000000 -12.690593 -0.000001 15.947680 -17.716673 2.921684 1.665665 -1.955920 -2.878297 4.727794 -4.170584 4.993919 11.020511 0.000001 -0.000000 12.109032 -3.735715 -2.866778 0.000000 -0.000000 0.000000 1.291985 -1.928548 -1.498088 14.800115 0.567467 3.865604 14.242553 -1.341738 -6.660648 19.631935 0.143921 -0.648243 49.995075 -0.592799 -5.949383 0.353029 -1.511150 -0.031940 20.222769 3.684305 2.316629 18.787249 0.000001 -0.000001 10.751608 -0.479870 1.397903 0.000000 -0.000000 0.000000 3.273804 0.305947 -0.580110 21.486790 11.830364 2.266131 8.162915 0.000000 -0.000000 18.399052 -3.798986 -4.940567 0.000003 0.000000 -0.000001 10.343527 17.273623 4.483803 0.013216 -0.581735 30.291592 -3.745638 28.775011 -6.246521 2.034146 -2.447987 -3.889540 0.000000 -0.000000 0.000002 -1.795764 -18.811514 -16.273788 0.282467 0.109814 23.717609 4.639792 12.160301 -2.013099 -1.400587 0.717073 -1.618849 0.000000 -0.000000 -0.000001
0.000000 0.000000 0.000000 0.000000 -0.000000 0.000000 0.050826 -1.639031 -1.428683 0.098070 -2.815602 -3.122388 -0.012770 -1.112102 2.753594 -0.712821 -2.149851 -4.298137 -1.008943 -5.049731 13.436244 14.528801 -5.279295 13.830619 -3.525790 -9.148745 -3.468914 3.618320 -13.208824 -9.233053 0.000077 -0.000022 0.000006 0.004806 -0.020401 -0.027376 0.727562 -3.726554 -10.543050 -0.717823 3.691597 -10.578060 -15.117686 -12.711354 18.372355 -59.995434 -23.778475 24.710419 -0.032551 -20.975704 0.076332 -2.595495 3.591871 2.098563 -5.882102 9.861279 0.702590 -10.936861 -0.360574 7.156197 0.000000 8.774815 -0.000000 -16.348555 17.759438 5.946880 -1.844031 2.498503 -2.507276 -10.163590 4.678941 4.621104 -20.975996 -0.000001 0.000001 -21.226254 2.451698 -3.593995 0.000000 -0.000006 -0.000000 -1.362681 2.240797 -0.746323 -21.334892 0.584910 3.008319 -13.821196 -0.000001 0.000001 -23.887129 -0.249075 -0.839485 -60.436554 2.384635 -1.098019 -0.294025 1.679686 0.833255 -14.218195 0.093215 1.300579 -34.212002 -0.287561 0.967166 -20.033176 0.964536 1.212838 0.000000 -0.000000 0.000000 -3.440387 0.788233 0.501655 -15.928172 -3.167306 2.999703 -6.338817 -0.000000 0.000001 -18.123419 3.648181 -4.905662 -0.000004 0.000000 -0.000002 14.321341 8.108161 16.218582 65.116585 18.355770 18.787170 -0.294068 19.132353 -0.120720 -4.497245 -4.451599 -12.309763 2.243540 -5.255033 -3.180156 14.282877 -0.826594 6.952496 -0.000000 -12.690593 -0.000001 15.906032 -17.745966 2.942963 1.665665 -1.955920 -2.878297 4.727794 -4.170584 4.993919 11.020511 0.000001 -0.000000 12.109032 -3.735715 -2.866778 0.000000 -0.000000 0.000000 1.291985 -1.928548 -1.498088 14.800115 0.567467 3.865604 14.242553 -1.341738 -6.660648 19.631935 0.143921 -0.648243 50.009609 -0.623176 -5.933629 0.353029 -1.511150 -0.031940 20.222769 3.684305 2.316629 18.787249 0.000001 -0.000001 10.751608 -0.479870 1.397903 0.000000 -0.000000 0.000000 3.273804 0.305947 -0.580110 21.486790 11.830364 2.266131 8.162915 0.000000 -0.000000 18.399052 -3.798986 -4.940567 0.000003 0.000000 -0.000001 10.343527 17.273623 4.483803 0.013216 -0.581735 30.291592 -3.745638 28.775011 -6.246521 2.034146 -2.447987 -3.889540 0.000000 -0.000000 0.000002 -1.795764 -18.811514 -16.273788 0.282467 0.109814 23.717609 4.639792 12.160301 -2.013099 -1.400587 0.717073 -1.618849 0.000000 -0.000000 -0.000001
0.000000 0.000000 0.000000 0.000000 -0.000000 0.000000 0.050826 -1.639366 -1.428683 0.098070 -2.815602 -3.122388 -0.085951 -1.088442 2.698942 -0.721384 -2.060043 -4.330340 -1.054738 -4.943105 13.400461 14.258251 -5.253500 14.067492 -3.473868 -9.002135 -3.476310 3.461800 -13.084476 -9.105415 0.000077 -0.000022 0.000006 -0.000329 0.005425 -0.029146 0.717703 -3.701490 -10.541253 -0.718001 3.717626 -10.575509 -15.243526 -12.543269 18.361265 -59.914845 -23.592951 24.571249 -0.030731 -20.849024 0.085894 -2.550272 3.487733 2.609732 -5.882102 9.861279 0.702590 -10.936861 -0.360574 7.156197 0.000000 8.774815 -0.000000 -16.349890 17.726343 5.941689 -1.844031 2.498503 -2.507276 -10.163590 4.678941 4.621104 -20.975996 -0.000001 0.000001 -21.226254 2.451698 -3.593995 0.000000 -0.000006 -0.000000 -1.362681 2.240797 -0.746323 -21.334892 0.584910 3.008319 -13.821196 -0.000001 0.000001 -23.887129 -0.249075 -0.839485 -60.418243 2.394869 -1.082013 -0.294025 1.679686 0.833255 -14.218195 0.093215 1.300579 -34.212002 -0.287561 0.967166 -20.033176 0.964536 1.212838 0.000000 -0.000000 0.000000 -3.440387 0.788233 0.501655 -15.928172 -3.167306 2.999703 -6.338817 -0.000000 0.000001 -18.123419 3.648181 -4.905662 -0.000004 0.000000 -0.000002 14.336552 8.268599 16.291840 65.016945 18.474920 19.087383 -0.257118 19.157438 -0.116960 -4.565908 -4.625633 -11.817712 2.243540 -5.255033 -3.180156 14.282877 -0.826594 6.952496 -0.000000 -12.690593 -0.000001 15.899795 -17.765141 2.943476 1.665665 -1.955920 -2.878297 4.727794 -4.170584 4.993919 11.020511 0.000001 -0.000000 12.109032 -3.735715 -2.866778 0.000000 -0.000000 0.000000 1.291985 -1.928548 -1.498088 14.800115 0.567467 3.865604 14.242553 -1.341738 -6.660648 19.631935 0.143921 -0.648243 50.023861 -0.638092 -5.927084 0.353029 -1.511150 -0.031940 20.222769 3.684305 2.316629 18.787249 0.000001 -0.000001 10.751608 -0.479870 1.397903 0.000000 -0.000000 0.000000 3.273804 0.305947 -0.580110 21.486790 11.830364 2.266131 8.162915 0.000000 -0.000000 18.399052 -3.798986 -4.940567 0.000003 0.000000 -0.000001 10.343527 17.273623 4.483803 0.013216 -0.581735 30.291592 -3.745638 28.775011 -6.246521 2.034146 -2.447987 -3.889540 0.000000 -0.000000 0.000002 -1.795764 -18.811514 -16.273788 0.282467 0.109814 23.717609 4.639792 12.160301 -2.013099 -1.400587 0.717073 -1.618849 0.000000 -0.000000 -0.000001
0.000000 0.000000 0.000000 0.000000 -0.000000 0.000000 0.050826 -1.632187 -1.428683 0.098070 -2.815602 -3.122388 -0.159050 -1.083405 2.631469 -0.734269 -2.045309 -4.357188 -1.110283 -4.910319 13.364143 14.110912 -5.315003 14.308288 -3.413658 -8.905169 -3.485195 3.253151 -12.971485 -8.935293 0.000077 -0.000022 0.000006 -0.003758 0.023744 -0.030188 0.709738 -3.686827 -10.547031 -0.716796 3.739172 -10.580126 -15.365396 -12.537136 18.386158 -59.869572 -23.472061 24.639389 -0.006338 -20.589037 0.081559 -2.553947 3.295894 2.871560 -5.882102 9.861279 0.702590 -10.936861 -0.360574 7.156197 0.000000 8.774815 -0.000000 -16.354864 17.710253 5.927372 -1.844031 2.498503 -2.507276 -10.163590 4.678941 4.621104 -20.975996 -0.000001 0.000001 -21.226254 2.451698 -3.593995 0.000000 -0.000006 -0.000000 -1.362681 2.240797 -0.746323 -21.334892 0.584910 3.008319 -13.821196 -0.000001 0.000001 -23.887129 -0.249075 -0.839485 -60.382137 2.396901 -1.073481 -0.294025 1.679686 0.833255 -14.218195 0.093215 1.300579 -34.212002 -0.287561 0.967166 -20.033176 0.964536 1.212838 0.000000 -0.000000 0.000000 -3.440387 0.788233 0.501655 -15.928172 -3.167306 2.999703 -6.338817 -0.000000 0.000001 -18.123419 3.648181 -4.905662 -0.000004 0.000000 -0.000002 14.424516 8.240939 16.300999 64.880646 18.470879 19.229576 -0.209731 19.273371 -0.106645 -4.605971 -4.802360 -11.311470 2.243540 -5.255033 -3.180156 14.282877 -0.826594 6.952496 -0.000000 -12.690593 -0.000001 15.904246 -17.764849 2.924617 1.665665 -1.955920 -2.878297 4.727794 -4.170584 4.993919 11.020511 0.000001 -0.000000 12.109032 -3.735715 -2.866778 0.000000 -0.000000 0.000000 1.291985 -1.928548 -1.498088 14.800115 0.567467 3.865604 14.242553 -1.341738 -6.660648 19.631935 0.143921 -0.648243 50.006477 -0.644394 -5.925270 0.353029 -1.511150 -0.031940 20.222769 3.684305 2.316629 18.787249 0.000001 -0.000001 10.751608 -0.479870 1.397903 0.000000 -0.000000 0.000000 3.273804 0.305947 -0.580110 21.486790 11.830364 2.266131 8.162915 0.000000 -0.000000 18.399052 -3.798986 -4.940567 0.000003 0.000000 -0.000001 10.343527 17.273623 4.483803 0.013216 -0.581735 30.291592 -3.745638 28.775011 -6.246521 2.034146 -2.447987 -3.889540 0.000000 -0.000000 0.000002 -1.795764 -18.811514 -16.273788 0.282467 0.109814 23.717609 4.639792 12.160301 -2.013099 -1.400587 0.717073 -1.618849 0.000000 -0.000000 -0.000001
0.000000 0.000000 0.000000 0.000000 -0.000000 0.000000 0.050826 -1.630066 -1.428683 0.098070 -2.815602 -3.122388 -0.226587 -1.094660 2.543965 -0.744194 -2.079359 -4.375940 -1.164234 -4.943259 13.348262 14.043374 -5.423617 14.582379 -3.359128 -8.875194 -3.486743 3.024494 -12.826737 -8.768412 0.000077 -0.000022 0.000006 -0.004638 0.026508 -0.029447 0.703005 -3.691115 -10.561099 -0.711829 3.748671 -10.597609 -15.476966 -12.633058 18.425947 -59.865429 -23.403166 24.747990 -0.001296 -20.288382 0.090067 -2.646339 3.082118 3.029779 -5.882102 9.861279 0.702590 -10.936861 -0.360574 7.156197 0.000000 8.774815 -0.000000 -16.366968 17.715918 5.896863 -1.844031 2.498503 -2.507276 -10.163590 4.678941 4.621104 -20.975996 -0.000001 0.000001 -21.226254 2.451698 -3.593995 0.000000 -0.000006 -0.000000 -1.362681 2.240797 -0.746323 -21.334892 0.584910 3.008319 -13.821196 -0.000001 0.000001 -23.887129 -0.249075 -0.839485 -60.335106 2.410360 -1.086655 -0.294025 1.679686 0.833255 -14.218195 0.093215 1.300579 -34.212002 -0.287561 0.967166 -20.033176 0.964536 1.212838 0.000000 -0.000000 0.000000 -3.440387 0.788233 0.501655 -15.928172 -3.167306 2.999703 -6.338817 -0.000000 0.000001 -18.123419 3.648181 -4.905662 -0.000004 0.000000 -0.000002 14.543284 8.092695 16.279284 64.745125 18.403643 19.274706 -0.178129 19.387974 -0.094492 -4.625578 -4.962637 -10.889943 2.243540 -5.255033 -3.180156 14.282877 -0.826594 6.952496 -0.000000 -12.690593 -0.000001 15.920732 -17.754528 2.882593 1.665665 -1.955920 -2.878297 4.727794 -4.170584 4.993919 11.020511 0.000001 -0.000000 12.109032 -3.735715 -2.866778 0.000000 -0.000000 0.000000 1.291985 -1.928548 -1.498088 14.800115 0.567467 3.865604 14.242553 -1.341738 -6.660648 19.631935 0.143921 -0.648243 49.943962 -0.655782 -5.949741 0.353029 -1.511150 -0.031940 20.222769 3.684305 2.316629 18.787249 0.000001 -0.000001 10.751608 -0.479870 1.397903 0.000000 -0.000000 0.000000 3.273804 0.305947 -0.580110 21.486790 11.830364 2.266131 8.162915 0.000000 -0.000000 18.399052 -3.798986 -4.940567 0.000003 0.000000 -0.000001 10.343527 17.273623 4.483803 0.013216 -0.581735 30.291592 -3.745638 28.775011 -6.246521 2.034146 -2.447987 -3.889540 0.000000 -0.000000 0.000002 -1.795764 -18.811514 -16.273788 0.282467 0.109814 23.717609 4.639792 12.160301 -2.013099 -1.400587 0.717073 -1.618849 0.000000 -0.000000 -0.000001
0.000000 0.000000 0.000000 0.000000 -0.000000 0.000000 0.050826 -1.645401 -1.428683 0.098070 -2.815602 -3.122388 -0.283165 -1.102147 2.440364 -0.763478 -2.164947 -4.402590 -1.249624 -5.068028 13.392335 14.056232 -5.611703 14.900850 -3.289292 -8.915063 -3.487904 2.817042 -12.694222 -8.596526 0.000077 -0.000022 0.000006 -0.000365 0.013962 -0.026762 0.699722 -3.705984 -10.560993 -0.700066 3.737845 -10.600204 -15.568366 -12.880559 18.443342 -59.879887 -23.318590 24.779192 -0.042527 -20.022055 0.116779 -2.839948 2.902484 3.204174 -5.882102 9.861279 0.702590 -10.936861 -0.360574 7.156197 0.000000 8.774815 -0.000000 -16.420216 17.710705 5.846169 -1.844031 2.498503 -2.507276 -10.163590 4.678941 4.621104 -20.975996 -0.000001 0.000001 -21.226254 2.451698 -3.593995 0.000000 -0.000006 -0.000000 -1.362681 2.240797 -0.746323 -21.334892 0.584910 3.008319 -13.821196 -0.000001 0.000001 -23.887129 -0.249075 -0.839485 -60.308857 2.404618 -1.084762 -0.294025 1.679686 0.833255 -14.218195 0.093215 1.300579 -34.212002 -0.287561 0.967166 -20.033176 0.964536 1.212838 0.000000 -0.000000 0.000000 -3.440387 0.788233 0.501655 -15.928172 -3.167306 2.999703 -6.338817 -0.000000 0.000001 -18.123419 3.648181 -4.905662 -0.000004 0.000000 -0.000002 14.637246 7.825024 16.218405 64.697937 18.293478 19.176529 -0.172449 19.495750 -0.088017 -4.623888 -5.133086 -10.761472 2.243540 -5.255033 -3.180156 14.282877 -0.826594 6.952496 -0.000000 -12.690593 -0.000001 15.922787 -17.748657 2.839610 1.665665 -1.955920 -2.878297 4.727794 -4.170584 4.993919 11.020511 0.000001 -0.000000 12.109032 -3.735715 -2.866778 0.000000 -0.000000 0.000000 1.291985 -1.928548 -1.498088 14.800115 0.567467 3.865604 14.242553 -1.341738 -6.660648 19.631935 0.143921 -0.648243 49.857952 -0.659527 -5.975849 0.353029 -1.511150 -0.031940 20.222769 3.684305 2.316629 18.787249 0.000001 -0.000001 10.751608 -0.479870 1.397903 0.000000 -0.000000 0.000000 3.273804 0.305947 -0.580110 21.486790 11.830364 2.266131 8.162915 0.000000 -0.000000 18.399052 -3.798986 -4.940567 0.000003 0.000000 -0.000001 10.343527 17.273623 4.483803 0.013216 -0.581735 30.291592 -3.745638 28.775011 -6.246521 2.034146 -2.447987 -3.889540 0.000000 -0.000000 0.000002 -1.795764 -18.811514 -16.273788 0.282467 0.109814 23.717609 4.639792 12.160301 -2.013099 -1.400587 0.717073 -1.618849 0.000000 -0.000000 -0.000001
0.000000 0.000000 0.000000 0.000000 -0.000000 0.000000 0.050826 -1.648033 -1.428683 0.098070 -2.815602 -3.122388 -0.406278 -1.112166 2.396461 -0.788881 -2.220211 -4.438133 -1.325301 -5.170172 13.419872 14.245812 -5.941809 15.320178 -3.260097 -8.800786 -3.509867 2.585299 -12.554889 -8.240466 0.000077 -0.000022 0.000006 -0.009688 0.050821 -0.030035 0.678175 -3.674174 -10.566201 -0.697210 3.777995 -10.612825 -15.862995 -13.091370 18.713068 -59.668888 -23.425734 24.614239 -0.033043 -19.843153 0.091811 -3.193454 2.840774 3.792883 -5.882102 9.861279 0.702590 -10.936861 -0.360574 7.156197 0.000000 8.774815 -0.000000 -16.386854 17.688858 5.811516 -1.844031 2.498503 -2.507276 -10.163590 4.678941 4.621104 -20.975996 -0.000001 0.000001 -21.226254 2.451698 -3.593995 0.000000 -0.000006 -0.000000 -1.362681 2.240797 -0.746323 -21.334892 0.584910 3.008319 -13.821196 -0.000001 0.000001 -23.887129 -0.249075 -0.839485 -60.239857 2.389539 -1.139165 -0.294025 1.679686 0.833255 -14.218195 0.093215 1.300579 -34.212002 -0.287561 0.967166 -20.033176 0.964536 1.212838 0.000000 -0.000000 0.000000 -3.440387 0.788233 0.501655 -15.928172 -3.167306 2.999703 -6.338817 -0.000000 0.000001 -18.123419 3.648181 -4.905662 -0.000004 0.000000 -0.000002 14.884194 7.525973 16.218601 64.544411 18.193449 19.033281 -0.281170 19.608780 -0.053683 -4.613220 -5.340042 -10.340318 2.243540 -5.255033 -3.180156 14.282877 -0.826594 6.952496 -0.000000 -12.690593 -0.000001 15.964917 -17.791218 2.803721 1.665665 -1.955920 -2.878297 4.727794 -4.170584 4.993919 11.020511 0.000001 -0.000000 12.109032 -3.735715 -2.866778 0.000000 -0.000000 0.000000 1.291985 -1.928548 -1.498088 14.800115 0.567467 3.865604 14.242553 -1.341738 -6.660648 19.631935 0.143921 -0.648243 49.851986 -0.669934 -6.043196 0.353029 -1.511150 -0.031940 20.222769 3.684305 2.316629 18.787249 0.000001 -0.000001 10.751608 -0.479870 1.397903 0.000000 -0.000000 0.000000 3.273804 0.305947 -0.580110 21.486790 11.830364 2.266131 8.162915 0.000000 -0.000000 18.399052 -3.798986 -4.940567 0.000003 0.000000 -0.000001 10.343527 17.273623 4.483803 0.013216 -0.581735 30.291592 -3.745638 28.775011 -6.246521 2.034146 -2.447987 -3.889540 0.000000 -0.000000 0.000002 -1.795764 -18.811514 -16.273788 0.282467 0.109814 23.717609 4.639792 12.160301 -2.013099 -1.400587 0.717073 -1.618849 0.000000 -0.000000 -0.000001
0.000000 0.000000 0.000000 0.000000 -0.000000 0.000000 0.050826 -1.677246 -1.428683 0.098070 -2.815602 -3.122388 -0.440674 -1.087450 2.257332 -0.811735 -2.478074 -4.454950 -1.613816 -5.437566 13.558004 14.717053 -6.372327 15.638278 -3.201659 -9.062324 -3.609483 2.158457 -12.424371 -7.910911 0.000077 -0.000022 0.000006 0.025110 -0.066756 0.003899 0.721940 -3.799542 -10.570438 -0.672161 3.667561 -10.610550 -15.932626 -13.671070 18.761429 -59.527393 -23.380838 25.005932 -0.091300 -19.643816 0.087141 -3.341383 2.745814 4.092148 -5.882102 9.861279 0.702590 -10.936861 -0.360574 7.156197 0.000000 8.774815 -0.000000 -16.439402 17.944345 5.895764 -1.844031 2.498503 -2.507276 -10.163590 4.678941 4.621104 -20.975996 -0.000001 0.000001 -21.226254 2.451698 -3.593995 0.000000 -0.000006 -0.000000 -1.362681 2.240797 -0.746323 -21.334892 0.584910 3.008319 -13.821196 -0.000001 0.000001 -23.887129 -0.249075 -0.839485 -60.334785 2.534985 -1.146079 -0.294025 1.679686 0.833255 -14.218195 0.093215 1.300579 -34.212002 -0.287561 0.967166 -20.033176 0.964536 1.212838 0.000000 -0.000000 0.000000 -3.440387 0.788233 0.501655 -15.928172 -3.167306 2.999703 -6.338817 -0.000000 0.000001 -18.123419 3.648181 -4.905662 -0.000004 0.000000 -0.000002 14.858236 6.955205 15.805512 65.036285 17.831095 17.756048 -0.092832 19.405607 -0.050622 -4.882598 -5.232965 -10.187801 2.243540 -5.255033 -3.180156 14.282877 -0.826594 6.952496 -0.000000 -12.690593 -0.000001 16.064365 -17.586975 2.754296 1.665665 -1.955920 -2.878297 4.727794 -4.170584 4.993919 11.020511 0.000001 -0.000000 12.109032 -3.735715 -2.866778 0.000000 -0.000000 0.000000 1.291985 -1.928548 -1.498088 14.800115 0.567467 3.865604 14.242553 -1.341738 -6.660648 19.631935 0.143921 -0.648243 49.637573 -0.534279 -5.855599 0.353029 -1.511150 -0.031940 20.222769 3.684305 2.316629 18.787249 0.000001 -0.000001 10.751608 -0.479870 1.397903 0.000000 -0.000000 0.000000 3.273804 0.305947 -0.580110 21.486790 11.830364 2.266131 8.162915 0.000000 -0.000000 18.399052 -3.798986 -4.940567 0.000003 0.000000 -0.000001 10.343527 17.273623 4.483803 0.013216 -0.581735 30.291592 -3.745638 28.775011 -6.246521 2.034146 -2.447987 -3.889540 0.000000 -0.000000 0.000002 -1.795764 -18.811514 -16.273788 0.282467 0.109814 23.717609 4.639792 12.160301 -2.013099 -1.400587 0.717073 -1.618849 0.000000 -0.000000 -0.000001
0.000000 0.000000 0.000000 0.000000 -0.000000 0.000000 0.050826 -1.701401 -1.428683 0.098070 -2.815602 -3.122388 -0.463074 -1.022661 2.224800 -0.846401 -2.096024 -4.500005 -1.607262 -4.998147 13.652606 14.146431 -6.161074 16.332565 -3.181067 -8.458891 -3.527246 2.296003 -12.133945 -7.408213 0.000077 -0.000022 0.000006 0.017004 -0.050521 -0.024564 0.711954 -3.774132 -10.571030 -0.679446 3.677587 -10.625201 -16.474808 -13.018686 18.546967 -59.220478 -23.007284 24.315275 -0.092838 -19.838352 0.107345 -3.522445 2.824359 4.264677 -5.882102 9.861279 0.702590 -10.936861 -0.360574 7.156197 0.000000 8.774815 -0.000000 -16.489502 17.690985 5.850428 -1.844031 2.498503 -2.507276 -10.163590 4.678941 4.621104 -20.975996 -0.000001 0.000001 -21.226254 2.451698 -3.593995 0.000000 -0.000006 -0.000000 -1.362681 2.240797 -0.746323 -21.334892 0.584910 3.008319 -13.821196 -0.000001 0.000001 -23.887129 -0.249075 -0.839485 -60.350807 2.529454 -1.122258 -0.294025 1.679686 0.833255 -14.218195 0.093215 1.300579 -34.212002 -0.287561 0.967166 -20.033176 0.964536 1.212838 0.000000 -0.000000 0.000000 -3.440387 0.788233 0.501655 -15.928172 -3.167306 2.999703 -6.338817 -0.000000 0.000001 -18.123419 3.648181 -4.905662 -0.000004 0.000000 -0.000002 14.676232 7.687958 16.046576 65.161598 18.263100 17.718552 -0.152572 18.803650 -0.038256 -4.404154 -5.518509 -11.163575 2.243540 -5.255033 -3.180156 14.282877 -0.826594 6.952496 -0.000000 -12.690593 -0.000001 15.888731 -17.763374 2.812557 1.665665 -1.955920 -2.878297 4.727794 -4.170584 4.993919 11.020511 0.000001 -0.000000 12.109032 -3.735715 -2.866778 0.000000 -0.000000 0.000000 1.291985 -1.928548 -1.498088 14.800115 0.567467 3.865604 14.242553 -1.341738 -6.660648 19.631935 0.143921 -0.648243 49.723209 -0.618663 -6.065589 0.353029 -1.511150 -0.031940 20.222769 3.684305 2.316629 18.787249 0.000001 -0.000001 10.751608 -0.479870 1.397903 0.000000 -0.000000 0.000000 3.273804 0.305947 -0.580110 21.486790 11.830364 2.266131 8.162915 0.000000 -0.000000 18.399052 -3.798986 -4.940567 0.000003 0.000000 -0.000001 10.343527 17.273623 4.483803 0.013216 -0.581735 30.291592 -3.745638 28.775011 -6.246521 2.034146 -2.447987 -3.889540 0.000000 -0.000000 0.000002 -1.795764 -18.811514 -16.273788 0.282467 0.109814 23.717609 4.639792 12.160301 -2.013099 -1.400587 0.717073 -1.618849 0.000000 -0.000000 -0.000001
0.000000 0.000000 0.000000 0.000000 -0.000000 0.000000 0.050826 -1.750359 -1.428683 0.098070 -2.815602 -3.122388 -0.561914 -0.928723 2.172280 -0.858109 -1.875891 -4.509083 -1.762529 -4.705994 13.752398 13.775779 -6.224788 17.174519 -3.063243 -7.986429 -3.523153 2.117263 -11.582445 -6.750207 0.000077 -0.000022 0.000006 0.016517 -0.046459 -0.027494 0.712021 -3.769795 -10.584185 -0.680943 3.681783 -10.638142 -16.965706 -12.594986 18.475761 -58.801044 -22.682209 23.647234 -0.081949 -19.853252 0.117902 -3.599993 3.017164 4.515038 -5.882102 9.861279 0.702590 -10.936861 -0.360574 7.156197 0.000000 8.774815 -0.000000 -16.411184 17.716843 5.880529 -1.844031 2.498503 -2.507276 -10.163590 4.678941 4.621104 -20.975996 -0.000001 0.000001 -21.226254 2.451698 -3.593995 0.000000 -0.000006 -0.000000 -1.362681 2.240797 -0.746323 -21.334892 0.584910 3.008319 -13.821196 -0.000001 0.000001 -23.887129 -0.249075 -0.839485 -60.282047 2.534528 -1.129488 -0.294025 1.679686 0.833255 -14.218195 0.093215 1.300579 -34.212002 -0.287561 0.967166 -20.033176 0.964536 1.212838 0.000000 -0.000000 0.000000 -3.440387 0.788233 0.501655 -15.928172 -3.167306 2.999703 -6.338817 -0.000000 0.000001 -18.123419 3.648181 -4.905662 -0.000004 0.000000 -0.000002 14.408563 8.098200 16.259300 65.623703 18.654432 17.692373 -0.193314 18.418190 -0.068932 -4.110487 -5.827935 -11.936947 2.243540 -5.255033 -3.180156 14.282877 -0.826594 6.952496 -0.000000 -12.690593 -0.000001 15.873628 -17.727417 2.831181 1.665665 -1.955920 -2.878297 4.727794 -4.170584 4.993919 11.020511 0.000001 -0.000000 12.109032 -3.735715 -2.866778 0.000000 -0.000000 0.000000 1.291985 -1.928548 -1.498088 14.800115 0.567467 3.865604 14.242553 -1.341738 -6.660648 19.631935 0.143921 -0.648243 49.703144 -0.624020 -6.055952 0.353029 -1.511150 -0.031940 20.222769 3.684305 2.316629 18.787249 0.000001 -0.000001 10.751608 -0.479870 1.397903 0.000000 -0.000000 0.000000 3.273804 0.305947 -0.580110 21.486790 11.830364 2.266131 8.162915 0.000000 -0.000000 18.399052 -3.798986 -4.940567 0.000003 0.000000 -0.000001 10.343527 17.273623 4.483803 0.013216 -0.581735 30.291592 -3.745638 28.775011 -6.246521 2.034146 -2.447987 -3.889540 0.000000 -0.000000 0.000002 -1.795764 -18.811514 -16.273788 0.282467 0.109814 23.717609 4.639792 12.160301 -2.013099 -1.400587 0.717073 -1.618849 0.000000 -0.000000 -0.000001
0.000000 0.000000 0.000000 0.000000 -0.000000 0.000000 0.050826 -1.788544 -1.428683 0.098070 -2.815602 -3.122388 -0.618596 -0.878722 2.136854 -0.850390 -1.732418 -4.540254 -1.959536 -4.468384 13.858196 13.467662 -6.316001 18.117100 -2.977665 -7.667331 -3.503177 2.028553 -11.106166 -6.204805 0.000077 -0.000022 0.000006 0.015766 -0.039639 -0.028476 0.707777 -3.763928 -10.596893 -0.678328 3.690234 -10.646334 -17.330730 -12.201729 18.541800 -58.401104 -22.545576 23.112713 -0.094625 -19.837526 0.114578 -3.579926 3.161128 4.774279 -5.882102 9.861279 0.702590 -10.936861 -0.360574 7.156197 0.000000 8.774815 -0.000000 -16.368584 17.699835 5.911438 -1.844031 2.498503 -2.507276 -10.163590 4.678941 4.621104 -20.975996 -0.000001 0.000001 -21.226254 2.451698 -3.593995 0.000000 -0.000006 -0.000000 -1.362681 2.240797 -0.746323 -21.334892 0.584910 3.008319 -13.821196 -0.000001 0.000001 -23.887129 -0.249075 -0.839485 -60.230801 2.522246 -1.101512 -0.294025 1.679686 0.833255 -14.218195 0.093215 1.300579 -34.212002 -0.287561 0.967166 -20.033176 0.964536 1.212838 0.000000 -0.000000 0.000000 -3.440387 0.788233 0.501655 -15.928172 -3.167306 2.999703 -6.338817 -0.000000 0.000001 -18.123419 3.648181 -4.905662 -0.000004 0.000000 -0.000002 14.057362 8.442688 16.480307 66.138733 18.933519 18.055801 -0.243103 18.374107 -0.107758 -3.833877 -6.041961 -12.658245 2.243540 -5.255033 -3.180156 14.282877 -0.826594 6.952496 -0.000000 -12.690593 -0.000001 15.882985 -17.704817 2.838849 1.665665 -1.955920 -2.878297 4.727794 -4.170584 4.993919 11.020511 0.000001 -0.000000 12.109032 -3.735715 -2.866778 0.000000 -0.000000 0.000000 1.291985 -1.928548 -1.498088 14.800115 0.567467 3.865604 14.242553 -1.341738 -6.660648 19.631935 0.143921 -0.648243 49.669529 -0.663722 -6.065463 0.353029 -1.511150 -0.031940 20.222769 3.684305 2.316629 18.787249 0.000001 -0.000001 10.751608 -0.479870 1.397903 0.000000 -0.000000 0.000000 3.273804 0.305947 -0.580110 21.486790 11.830364 2.266131 8.162915 0.000000 -0.000000 18.399052 -3.798986 -4.940567 0.000003 0.000000 -0.000001 10.343527 17.273623 4.483803 0.013216 -0.581735 30.291592 -3.745638 28.775011 -6.246521 2.034146 -2.447987 -3.889540 0.000000 -0.000000 0.000002 -1.795764 -18.811514 -16.273788 0.282467 0.109814 23.717609 4.639792 12.160301 -2.013099 -1.400587 0.717073 -1.618849 0.000000 -0.000000 -0.000001
0.000000 0.000000 0.000000 0.000000 -0.000000 0.000000 0.050826 -1.810417 -1.428683 0.098070 -2.815602 -3.122388 -0.607229 -0.867112 2.084333 -0.838363 -1.653577 -4.554920 -2.126053 -4.335164 13.923803 13.287004 -6.465036 19.046011 -2.938329 -7.477614 -3.490437 2.000936 -10.846711 -5.750176 0.000077 -0.000022 0.000006 0.008968 -0.015756 -0.029994 0.694739 -3.742491 -10.608741 -0.678800 3.717103 -10.657331 -17.625263 -11.931813 18.690784 -58.088875 -22.541410 22.710934 -0.055288 -19.842474 0.094861 -3.538996 3.258528 5.085409 -5.882102 9.861279 0.702590 -10.936861 -0.360574 7.156197 0.000000 8.774815 -0.000000 -16.336676 17.642410 5.912766 -1.844031 2.498503 -2.507276 -10.163590 4.678941 4.621104 -20.975996 -0.000001 0.000001 -21.226254 2.451698 -3.593995 0.000000 -0.000006 -0.000000 -1.362681 2.240797 -0.746323 -21.334892 0.584910 3.008319 -13.821196 -0.000001 0.000001 -23.887129 -0.249075 -0.839485 -60.203999 2.495195 -1.085650 -0.294025 1.679686 0.833255 -14.218195 0.093215 1.300579 -34.212002 -0.287561 0.967166 -20.033176 0.964536 1.212838 0.000000 -0.000000 0.000000 -3.440387 0.788233 0.501655 -15.928172 -3.167306 2.999703 -6.338817 -0.000000 0.000001 -18.123419 3.648181 -4.905662 -0.000004 0.000000 -0.000002 13.637739 8.655926 16.632137 66.634773 18.973682 18.577986 -0.303761 18.619232 -0.139504 -3.578786 -6.075889 -13.163201 2.243540 -5.255033 -3.180156 14.282877 -0.826594 6.952496 -0.000000 -12.690593 -0.000001 15.856358 -17.684141 2.863888 1.665665 -1.955920 -2.878297 4.727794 -4.170584 4.993919 11.020511 0.000001 -0.000000 12.109032 -3.735715 -2.866778 0.000000 -0.000000 0.000000 1.291985 -1.928548 -1.498088 14.800115 0.567467 3.865604 14.242553 -1.341738 -6.660648 19.631935 0.143921 -0.648243 49.626419 -0.718221 -6.085784 0.353029 -1.511150 -0.031940 20.222769 3.684305 2.316629 18.787249 0.000001 -0.000001 10.751608 -0.479870 1.397903 0.000000 -0.000000 0.000000 3.273804 0.305947 -0.580110 21.486790 11.830364 2.266131 8.162915 0.000000 -0.000000 18.399052 -3.798986 -4.940567 0.000003 0.000000 -0.000001 10.343527 17.273623 4.483803 0.013216 -0.581735 30.291592 -3.745638 28.775011 -6.246521 2.034146 -2.447987 -3.889540 0.000000 -0.000000 0.000002 -1.795764 -18.811514 -16.273788 0.282467 0.109814 23.717609 4.639792 12.160301 -2.013099 -1.400587 0.717073 -1.618849 0.000000 -0.000000 -0.000001
0.000000 0.000000 0.000000 0.000000 -0.000000 0.000000 0.050826 -1.822731 -1.428683 0.098070 -2.815602 -3.122388 -0.560721 -0.888072 2.036789 -0.833122 -1.644365 -4.552795 -2.248400 -4.315128 13.973564 13.312764 -6.691425 19.797159 -2.938263 -7.434627 -3.475835 1.971332 -10.807706 -5.457222 0.000077 -0.000022 0.000006 0.003897 0.000502 -0.027233 0.682533 -3.729695 -10.605907 -0.676617 3.737209 -10.656697 -17.851389 -11.826588 18.931099 -57.825005 -22.678085 22.462629 0.004136 -20.019058 0.075264 -3.498877 3.335486 5.338930 -5.882102 9.861279 0.702590 -10.936861 -0.360574 7.156197 0.000000 8.774815 -0.000000 -16.278452 17.619265 5.915956 -1.844031 2.498503 -2.507276 -10.163590 4.678941 4.621104 -20.975996 -0.000001 0.000001 -21.226254 2.451698 -3.593995 0.000000 -0.000006 -0.000000 -1.362681 2.240797 -0.746323 -21.334892 0.584910 3.008319 -13.821196 -0.000001 0.000001 -23.887129 -0.249075 -0.839485 -60.231335 2.475631 -1.096689 -0.294025 1.679686 0.833255 -14.218195 0.093215 1.300579 -34.212002 -0.287561 0.967166 -20.033176 0.964536 1.212838 0.000000 -0.000000 0.000000 -3.440387 0.788233 0.501655 -15.928172 -3.167306 2.999703 -6.338817 -0.000000 0.000001 -18.123419 3.648181 -4.905662 -0.000004 0.000000 -0.000002 13.237126 8.705617 16.683380 67.024071 18.782854 18.928730 -0.363746 19.058748 -0.156732 -3.253006 -5.963172 -13.374458 2.243540 -5.255033 -3.180156 14.282877 -0.826594 6.952496 -0.000000 -12.690593 -0.000001 15.854510 -17.678553 2.872866 1.665665 -1.955920 -2.878297 4.727794 -4.170584 4.993919 11.020511 0.000001 -0.000000 12.109032 -3.735715 -2.866778 0.000000 -0.000000 0.000000 1.291985 -1.928548 -1.498088 14.800115 0.567467 3.865604 14.242553 -1.341738 -6.660648 19.631935 0.143921 -0.648243 49.608280 -0.746010 -6.126724 0.353029 -1.511150 -0.031940 20.222769 3.684305 2.316629 18.787249 0.000001 -0.000001 10.751608 -0.479870 1.397903 0.000000 -0.000000 0.000000 3.273804 0.305947 -0.580110 21.486790 11.830364 2.266131 8.162915 0.000000 -0.000000 18.399052 -3.798986 -4.940567 0.000003 0.000000 -0.000001 10.343527 17.273623 4.483803 0.013216 -0.581735 30.291592 -3.745638 28.775011 -6.246521 2.034146 -2.447987 -3.889540 0.000000 -0.000000 0.000002 -1.795764 -18.811514 -16.273788 0.282467 0.109814 23.717609 4.639792 12.160301 -2.013099 -1.400587 0.717073 -1.618849 0.000000 -0.000000 -0.000001
0.000000 0.000000 0.000000 0.000000 -0.000000 0.000000 0.050826 -1.839165 -1.428683 0.098070 -2.815602 -3.122388 -0.515567 -0.930379 2.002059 -0.840209 -1.694896 -4.547365 -2.324025 -4.394680 14.016858 13.518950 -6.941570 20.248333 -2.941937 -7.526001 -3.465693 1.916704 -10.899579 -5.358147 0.000077 -0.000022 0.000006 0.003931 -0.001466 -0.022535 0.677135 -3.736634 -10.599137 -0.671064 3.740185 -10.650126 -17.967340 -11.878038 19.182219 -57.608288 -22.909117 22.442270 0.041212 -20.387205 0.074999 -3.464224 3.381307 5.429616 -5.882102 9.861279 0.702590 -10.936861 -0.360574 7.156197 0.000000 8.774815 -0.000000 -16.245083 17.649229 5.932465 -1.844031 2.498503 -2.507276 -10.163590 4.678941 4.621104 -20.975996 -0.000001 0.000001 -21.226254 2.451698 -3.593995 0.000000 -0.000006 -0.000000 -1.362681 2.240797 -0.746323 -21.334892 0.584910 3.008319 -13.821196 -0.000001 0.000001 -23.887129 -0.249075 -0.839485 -60.320011 2.483941 -1.110178 -0.294025 1.679686 0.833255 -14.218195 0.093215 1.300579 -34.212002 -0.287561 0.967166 -20.033176 0.964536 1.212838 0.000000 -0.000000 0.000000 -3.440387 0.788233 0.501655 -15.928172 -3.167306 2.999703 -6.338817 -0.000000 0.000001 -18.123419 3.648181 -4.905662 -0.000004 0.000000 -0.000002 12.938580 8.603003 16.603495 67.281792 18.409792 18.899630 -0.367977 19.493412 -0.161652 -2.914510 -5.731910 -13.371501 2.243540 -5.255033 -3.180156 14.282877 -0.826594 6.952496 -0.000000 -12.690593 -0.000001 15.893552 -17.690956 2.857684 1.665665 -1.955920 -2.878297 4.727794 -4.170584 4.993919 11.020511 0.000001 -0.000000 12.109032 -3.735715 -2.866778 0.000000 -0.000000 0.000000 1.291985 -1.928548 -1.498088 14.800115 0.567467 3.865604 14.242553 -1.341738 -6.660648 19.631935 0.143921 -0.648243 49.638718 -0.743730 -6.176737 0.353029 -1.511150 -0.031940 20.222769 3.684305 2.316629 18.787249 0.000001 -0.000001 10.751608 -0.479870 1.397903 0.000000 -0.000000 0.000000 3.273804 0.305947 -0.580110 21.486790 11.830364 2.266131 8.162915 0.000000 -0.000000 18.399052 -3.798986 -4.940567 0.000003 0.000000 -0.000001 10.343527 17.273623 4.483803 0.013216 -0.581735 30.291592 -3.745638 28.775011 -6.246521 2.034146 -2.447987 -3.889540 0.000000 -0.000000 0.000002 -1.795764 -18.811514 -16.273788 0.282467 0.109814 23.717609 4.639792 12.160301 -2.013099 -1.400587 0.717073 -1.618849 0.000000 -0.000000 -0.000001
0.000000 0.000000 0.000000 0.000000 -0.000000 0.000000 0.050826 -1.852684 -1.428683 0.098070 -2.815602 -3.122388 -0.486176 -0.972086 1.987363 -0.855158 -1.786078 -4.534121 -2.348539 -4.504972 14.019216 13.821815 -7.218578 20.430534 -2.929754 -7.671561 -3.454988 1.834958 -11.087304 -5.385354 0.000077 -0.000022 0.000006 0.007762 -0.016029 -0.018911 0.678050 -3.758398 -10.595153 -0.664257 3.732310 -10.641524 -17.992224 -12.060426 19.390409 -57.471355 -23.155960 22.607874 0.077996 -20.849693 0.072288 -3.492560 3.392416 5.402175 -5.882102 9.861279 0.702590 -10.936861 -0.360574 7.156197 0.000000 8.774815 -0.000000 -16.266006 17.685986 5.944651 -1.844031 2.498503 -2.507276 -10.163590 4.678941 4.621104 -20.975996 -0.000001 0.000001 -21.226254 2.451698 -3.593995 0.000000 -0.000006 -0.000000 -1.362681 2.240797 -0.746323 -21.334892 0.584910 3.008319 -13.821196 -0.000001 0.000001 -23.887129 -0.249075 -0.839485 -60.453102 2.517182 -1.108827 -0.294025 1.679686 0.833255 -14.218195 0.093215 1.300579 -34.212002 -0.287561 0.967166 -20.033176 0.964536 1.212838 0.000000 -0.000000 0.000000 -3.440387 0.788233 0.501655 -15.928172 -3.167306 2.999703 -6.338817 -0.000000 0.000001 -18.123419 3.648181 -4.905662 -0.000004 0.000000 -0.000002 12.772896 8.388632 16.462694 67.401421 17.957922 18.519968 -0.296289 19.802881 -0.151741 -2.661126 -5.534826 -13.283289 2.243540 -5.255033 -3.180156 14.282877 -0.826594 6.952496 -0.000000 -12.690593 -0.000001 15.935054 -17.702948 2.839079 1.665665 -1.955920 -2.878297 4.727794 -4.170584 4.993919 11.020511 0.000001 -0.000000 12.109032 -3.735715 -2.866778 0.000000 -0.000000 0.000000 1.291985 -1.928548 -1.498088 14.800115 0.567467 3.865604 14.242553 -1.341738 -6.660648 19.631935 0.143921 -0.648243 49.730827 -0.717874 -6.202168 0.353029 -1.511150 -0.031940 20.222769 3.684305 2.316629 18.787249 0.000001 -0.000001 10.751608 -0.479870 1.397903 0.000000 -0.000000 0.000000 3.273804 0.305947 -0.580110 21.486790 11.830364 2.266131 8.162915 0.000000 -0.000000 18.399052 -3.798986 -4.940567 0.000003 0.000000 -0.000001 10.343527 17.273623 4.483803 0.013216 -0.581735 30.291592 -3.745638 28.775011 -6.246521 2.034146 -2.447987 -3.889540 0.000000 -0.000000 0.000002 -1.795764 -18.811514 -16.273788 0.282467 0.109814 23.717609 4.639792 12.160301 -2.013099 -1.400587 0.717073 -1.618849 0.000000 -0.000000 -0.000001
0.000000 0.000000 0.000000 0.000000 -0.000000 0.000000 0.050826 -1.852577 -1.428683 0.098070 -2.815602 -3.122388 -0.473713 -0.980340 2.012066 -0.879578 -1.927733 -4.518150 -2.317417 -4.624545 13.978298 14.110398 -7.496288 20.408695 -2.876785 -7.797477 -3.456992 1.773334 -11.359997 -5.401014 0.000077 -0.000022 0.000006 0.003667 -0.014071 -0.021193 0.667132 -3.762969 -10.578531 -0.661611 3.740342 -10.621733 -17.960608 -12.331741 19.550329 -57.419682 -23.399714 22.935425 0.219786 -21.329712 0.038563 -3.644047 3.458718 5.471031 -5.882102 9.861279 0.702590 -10.936861 -0.360574 7.156197 0.000000 8.774815 -0.000000 -16.316326 17.754158 5.973622 -1.844031 2.498503 -2.507276 -10.163590 4.678941 4.621104 -20.975996 -0.000001 0.000001 -21.226254 2.451698 -3.593995 0.000000 -0.000006 -0.000000 -1.362681 2.240797 -0.746323 -21.334892 0.584910 3.008319 -13.821196 -0.000001 0.000001 -23.887129 -0.249075 -0.839485 -60.617718 2.550757 -1.101929 -0.294025 1.679686 0.833255 -14.218195 0.093215 1.300579 -34.212002 -0.287561 0.967166 -20.033176 0.964536 1.212838 0.000000 -0.000000 0.000000 -3.440387 0.788233 0.501655 -15.928172 -3.167306 2.999703 -6.338817 -0.000000 0.000001 -18.123419 3.648181 -4.905662 -0.000004 0.000000 -0.000002 12.742281 8.077857 16.328226 67.409760 17.505491 17.979786 -0.239822 20.033161 -0.136137 -2.421609 -5.404394 -13.329842 2.243540 -5.255033 -3.180156 14.282877 -0.826594 6.952496 -0.000000 -12.690593 -0.000001 15.951162 -17.706661 2.836841 1.665665 -1.955920 -2.878297 4.727794 -4.170584 4.993919 11.020511 0.000001 -0.000000 12.109032 -3.735715 -2.866778 0.000000 -0.000000 0.000000 1.291985 -1.928548 -1.498088 14.800115 0.567467 3.865604 14.242553 -1.341738 -6.660648 19.631935 0.143921 -0.648243 49.840717 -0.678160 -6.167222 0.353029 -1.511150 -0.031940 20.222769 3.684305 2.316629 18.787249 0.000001 -0.000001 10.751608 -0.479870 1.397903 0.000000 -0.000000 0.000000 3.273804 0.305947 -0.580110 21.486790 11.830364 2.266131 8.162915 0.000000 -0.000000 18.399052 -3.798986 -4.940567 0.000003 0.000000 -0.000001 10.343527 17.273623 4.483803 0.013216 -0.581735 30.291592 -3.745638 28.775011 -6.246521 2.034146 -2.447987 -3.889540 0.000000 -0.000000 0.000002 -1.795764 -18.811514 -16.273788 0.282467 0.109814 23.717609 4.639792 12.160301 -2.013099 -1.400587 0.717073 -1.618849 0.000000 -0.000000 -0.000001
0.000000 0.000000 0.000000 0.000000 -0.000000 0.000000 0.050826 -1.880417 -1.428683 0.098070 -2.815602 -3.122388 -0.427136 -0.917560 2.074996 -0.908361 -2.178633 -4.475575 -2.272694 -4.741093 13.935782 14.356509 -7.908991 20.256887 -2.851396 -7.825559 -3.500596 1.741799 -11.695929 -5.345912 0.000077 -0.000022 0.000006 0.007543 -0.029294 -0.023514 0.662266 -3.785901 -10.547057 -0.648851 3.731490 -10.585929 -17.873024 -12.685092 19.696280 -57.368317 -23.643908 23.164896 0.277650 -21.870995 0.042150 -3.631647 3.585150 5.887601 -5.882102 9.861279 0.702590 -10.936861 -0.360574 7.156197 0.000000 8.774815 -0.000000 -16.422964 17.875519 6.001013 -1.844031 2.498503 -2.507276 -10.163590 4.678941 4.621104 -20.975996 -0.000001 0.000001 -21.226254 2.451698 -3.593995 0.000000 -0.000006 -0.000000 -1.362681 2.240797 -0.746323 -21.334892 0.584910 3.008319 -13.821196 -0.000001 0.000001 -23.887129 -0.249075 -0.839485 -60.797646 2.596939 -1.071677 -0.294025 1.679686 0.833255 -14.218195 0.093215 1.300579 -34.212002 -0.287561 0.967166 -20.033176 0.964536 1.212838 0.000000 -0.000000 0.000000 -3.440387 0.788233 0.501655 -15.928172 -3.167306 2.999703 -6.338817 -0.000000 0.000001 -18.123419 3.648181 -4.905662 -0.000004 0.000000 -0.000002 12.717076 7.716575 16.138954 67.466507 16.945757 17.504444 -0.285220 20.320086 -0.117430 -2.257163 -5.377896 -13.595228 2.243540 -5.255033 -3.180156 14.282877 -0.826594 6.952496 -0.000000 -12.690593 -0.000001 15.988382 -17.727493 2.865806 1.665665 -1.955920 -2.878297 4.727794 -4.170584 4.993919 11.020511 0.000001 -0.000000 12.109032 -3.735715 -2.866778 0.000000 -0.000000 0.000000 1.291985 -1.928548 -1.498088 14.800115 0.567467 3.865604 14.242553 -1.341738 -6.660648 19.631935 0.143921 -0.648243 49.985909 -0.609865 -6.014076 0.353029 -1.511150 -0.031940 20.222769 3.684305 2.316629 18.787249 0.000001 -0.000001 10.751608 -0.479870 1.397903 0.000000 -0.000000 0.000000 3.273804 0.305947 -0.580110 21.486790 11.830364 2.266131 8.162915 0.000000 -0.000000 18.399052 -3.798986 -4.940567 0.000003 0.000000 -0.000001 10.343527 17.273623 4.483803 0.013216 -0.581735 30.291592 -3.745638 28.775011 -6.246521 2.034146 -2.447987 -3.889540 0.000000 -0.000000 0.000002 -1.795764 -18.811514 -16.273788 0.282467 0.109814 23.717609 4.639792 12.160301 -2.013099 -1.400587 0.717073 -1.618849 0.000000 -0.000000 -0.000001
