HIERARCHY
ROOT Root
{
  OFFSET 0.000000 0.000000 0.000000
  CHANNELS 6 Xposition Yposition Zposition Zrotation Yrotation Xrotation
  JOINT Hips
  {
    OFFSET 0.000000 100.000000 0.000000
    CHANNELS 6 Xposition Yposition Zposition Zrotation Yrotation Xrotation
    JOINT Spine1
    {
      OFFSET -0.013727 5.003763 -0.053727
      CHANNELS 3 Zrotation Yrotation Xrotation
      JOINT Spine2
      {
        OFFSET -0.000000 7.125301 -0.029825
        CHANNELS 3 Zrotation Yrotation Xrotation
        JOINT Chest
        {
          OFFSET -0.000001 7.550063 -0.815971
          CHANNELS 3 Zrotation Yrotation Xrotation
          JOINT Neck1
          {
            OFFSET -0.181677 26.311295 -0.553348
            CHANNELS 3 Zrotation Yrotation Xrotation
            JOINT Neck2
            {
              OFFSET -0.000003 7.709397 2.302585
              CHANNELS 3 Zrotation Yrotation Xrotation
              JOINT Head
              {
                OFFSET -0.000005 6.128916 1.953709
                CHANNELS 3 Zrotation Yrotation Xrotation
                JOINT HeadEnd
                {
                  OFFSET 0.003598 16.065403 -1.835379
                  CHANNELS 3 Zrotation Yrotation Xrotation
                }
                JOINT Jaw
                {
                  OFFSET 0.002637 0.475592 3.094941
                  CHANNELS 3 Zrotation Yrotation Xrotation
                }
                JOINT LeftEye
                {
                  OFFSET 3.206381 5.380205 7.586883
                  CHANNELS 3 Zrotation Yrotation Xrotation
                }
                JOINT RightEye
                {
                  OFFSET -3.222440 5.361869 7.558234
                  CHANNELS 3 Zrotation Yrotation Xrotation
                }
              }
            }
          }
          JOINT LeftShoulder
          {
            OFFSET 1.621652 23.237164 5.113413
            CHANNELS 3 Zrotation Yrotation Xrotation
            JOINT LeftArm
            {
              OFFSET 14.919846 0.000002 -5.502326
              CHANNELS 3 Zrotation Yrotation Xrotation
              JOINT LeftForeArm
              {
                OFFSET 28.739307 0.000000 -0.002588
                CHANNELS 3 Zrotation Yrotation Xrotation
                JOINT LeftHand
                {
                  OFFSET 27.093981 -0.000001 0.002609
                  CHANNELS 3 Zrotation Yrotation Xrotation
                  JOINT LeftHandThumb1
                  {
                    OFFSET 2.276482 -1.392045 3.191413
                    CHANNELS 3 Zrotation Yrotation Xrotation
                    JOINT LeftHandThumb2
                    {
                      OFFSET 4.012836 -1.828127 1.641654
                      CHANNELS 3 Zrotation Yrotation Xrotation
                      JOINT LeftHandThumb3
                      {
                        OFFSET 2.798515 0.000000 -0.000003
                        CHANNELS 3 Zrotation Yrotation Xrotation
                        JOINT LeftHandThumbEnd
                        {
                          OFFSET 3.180793 -0.000004 0.000004
                          CHANNELS 3 Zrotation Yrotation Xrotation
                        }
                      }
                    }
                  }
                  JOINT LeftHandIndex1
                  {
                    OFFSET 3.247555 -0.531998 2.296169
                    CHANNELS 3 Zrotation Yrotation Xrotation
                    JOINT LeftHandIndex2
                    {
                      OFFSET 6.364578 0.012060 0.178600
                      CHANNELS 3 Zrotation Yrotation Xrotation
                      JOINT LeftHandIndex3
                      {
                        OFFSET 3.662364 0.000000 0.000000
                        CHANNELS 3 Zrotation Yrotation Xrotation
                        JOINT LeftHandIndex4
                        {
                          OFFSET 2.329242 0.000004 0.000004
                          CHANNELS 3 Zrotation Yrotation Xrotation
                          JOINT LeftHandIndexEnd
                          {
                            OFFSET 2.759615 -0.180537 -0.113024
                            CHANNELS 3 Zrotation Yrotation Xrotation
                          }
                        }
                      }
                    }
                  }
                  JOINT LeftHandMiddle1
                  {
                    OFFSET 3.163495 0.240981 1.000332
                    CHANNELS 3 Zrotation Yrotation Xrotation
                    JOINT LeftHandMiddle2
                    {
                      OFFSET 6.190780 -0.259278 -1.002548
                      CHANNELS 3 Zrotation Yrotation Xrotation
                      JOINT LeftHandMiddle3
                      {
                        OFFSET 4.356520 -0.000004 -0.000001
                        CHANNELS 3 Zrotation Yrotation Xrotation
                        JOINT LeftHandMiddle4
                        {
                          OFFSET 2.996877 -0.000008 0.000000
                          CHANNELS 3 Zrotation Yrotation Xrotation
                          JOINT LeftHandMiddleEnd
                          {
                            OFFSET 2.304287 -0.294569 -0.031741
                            CHANNELS 3 Zrotation Yrotation Xrotation
                          }
                        }
                      }
                    }
                  }
                  JOINT LeftHandRing1
                  {
                    OFFSET 2.882643 -0.053652 -0.322543
                    CHANNELS 3 Zrotation Yrotation Xrotation
                    JOINT LeftHandRing2
                    {
                      OFFSET 5.854541 -0.486202 -1.373841
                      CHANNELS 3 Zrotation Yrotation Xrotation
                      JOINT LeftHandRing3
                      {
                        OFFSET 4.350578 0.000000 0.000003
                        CHANNELS 3 Zrotation Yrotation Xrotation
                        JOINT LeftHandRing4
                        {
                          OFFSET 2.651321 0.000007 0.000002
                          CHANNELS 3 Zrotation Yrotation Xrotation
                          JOINT LeftHandRingEnd
                          {
                            OFFSET 1.936105 0.077687 -0.000071
                            CHANNELS 3 Zrotation Yrotation Xrotation
                          }
                        }
                      }
                    }
                  }
                  JOINT LeftHandPinky1
                  {
                    OFFSET 2.865500 -0.310005 -1.600378
                    CHANNELS 3 Zrotation Yrotation Xrotation
                    JOINT LeftHandPinky2
                    {
                      OFFSET 5.087849 -1.331141 -1.771230
                      CHANNELS 3 Zrotation Yrotation Xrotation
                      JOINT LeftHandPinky3
                      {
                        OFFSET 3.070974 0.000004 0.000000
                        CHANNELS 3 Zrotation Yrotation Xrotation
                        JOINT LeftHandPinky4
                        {
                          OFFSET 1.549672 0.000000 0.000001
                          CHANNELS 3 Zrotation Yrotation Xrotation
                          JOINT LeftHandPinkyEnd
                          {
                            OFFSET 1.944893 -0.157802 0.057219
                            CHANNELS 3 Zrotation Yrotation Xrotation
                          }
                        }
                      }
                    }
                  }
                }
              }
            }
          }
          JOINT RightShoulder
          {
            OFFSET -1.380118 23.180309 5.214158
            CHANNELS 3 Zrotation Yrotation Xrotation
            JOINT RightArm
            {
              OFFSET -15.037196 0.000012 -5.545604
              CHANNELS 3 Zrotation Yrotation Xrotation
              JOINT RightForeArm
              {
                OFFSET -28.736639 0.000002 -0.002597
                CHANNELS 3 Zrotation Yrotation Xrotation
                JOINT RightHand
                {
                  OFFSET -27.133619 -0.000000 0.002613
                  CHANNELS 3 Zrotation Yrotation Xrotation
                  JOINT RightHandThumb1
                  {
                    OFFSET -2.274032 -1.383988 3.163127
                    CHANNELS 3 Zrotation Yrotation Xrotation
                    JOINT RightHandThumb2
                    {
                      OFFSET -4.011429 -1.827466 1.640914
                      CHANNELS 3 Zrotation Yrotation Xrotation
                      JOINT RightHandThumb3
                      {
                        OFFSET -2.794935 -0.000004 -0.000003
                        CHANNELS 3 Zrotation Yrotation Xrotation
                        JOINT RightHandThumbEnd
                        {
                          OFFSET -3.183852 0.000004 0.000001
                          CHANNELS 3 Zrotation Yrotation Xrotation
                        }
                      }
                    }
                  }
                  JOINT RightHandIndex1
                  {
                    OFFSET -3.253266 -0.520057 2.282866
                    CHANNELS 3 Zrotation Yrotation Xrotation
                    JOINT RightHandIndex2
                    {
                      OFFSET -6.341917 0.012471 0.178266
                      CHANNELS 3 Zrotation Yrotation Xrotation
                      JOINT RightHandIndex3
                      {
                        OFFSET -3.654871 -0.000008 -0.000000
                        CHANNELS 3 Zrotation Yrotation Xrotation
                        JOINT RightHandIndex4
                        {
                          OFFSET -2.327586 0.000000 0.000001
                          CHANNELS 3 Zrotation Yrotation Xrotation
                          JOINT RightHandIndexEnd
                          {
                            OFFSET -2.761790 -0.180656 -0.113078
                            CHANNELS 3 Zrotation Yrotation Xrotation
                          }
                        }
                      }
                    }
                  }
                  JOINT RightHandMiddle1
                  {
                    OFFSET -3.168106 0.246593 1.001030
                    CHANNELS 3 Zrotation Yrotation Xrotation
                    JOINT RightHandMiddle2
                    {
                      OFFSET -6.180828 -0.258836 -1.000895
                      CHANNELS 3 Zrotation Yrotation Xrotation
                      JOINT RightHandMiddle3
                      {
                        OFFSET -4.348901 0.000000 -0.000000
                        CHANNELS 3 Zrotation Yrotation Xrotation
                        JOINT RightHandMiddle4
                        {
                          OFFSET -3.000240 -0.000004 -0.000002
                          CHANNELS 3 Zrotation Yrotation Xrotation
                          JOINT RightHandMiddleEnd
                          {
                            OFFSET -2.302520 -0.294370 -0.031706
                            CHANNELS 3 Zrotation Yrotation Xrotation
                          }
                        }
                      }
                    }
                  }
                  JOINT RightHandRing1
                  {
                    OFFSET -2.885690 -0.067952 -0.308858
                    CHANNELS 3 Zrotation Yrotation Xrotation
                    JOINT RightHandRing2
                    {
                      OFFSET -5.854198 -0.486130 -1.373731
                      CHANNELS 3 Zrotation Yrotation Xrotation
                      JOINT RightHandRing3
                      {
                        OFFSET -4.338810 -0.000004 -0.000000
                        CHANNELS 3 Zrotation Yrotation Xrotation
                        JOINT RightHandRing4
                        {
                          OFFSET -2.654903 -0.000004 0.000004
                          CHANNELS 3 Zrotation Yrotation Xrotation
                          JOINT RightHandRingEnd
                          {
                            OFFSET -1.933568 0.077527 -0.000052
                            CHANNELS 3 Zrotation Yrotation Xrotation
                          }
                        }
                      }
                    }
                  }
                  JOINT RightHandPinky1
                  {
                    OFFSET -2.866425 -0.342796 -1.584145
                    CHANNELS 3 Zrotation Yrotation Xrotation
                    JOINT RightHandPinky2
                    {
                      OFFSET -5.091371 -1.332055 -1.772385
                      CHANNELS 3 Zrotation Yrotation Xrotation
                      JOINT RightHandPinky3
                      {
                        OFFSET -3.062664 -0.000004 0.000001
                        CHANNELS 3 Zrotation Yrotation Xrotation
                        JOINT RightHandPinky4
                        {
                          OFFSET -1.546529 0.000004 -0.000002
                          CHANNELS 3 Zrotation Yrotation Xrotation
                          JOINT RightHandPinkyEnd
                          {
                            OFFSET -1.945119 -0.157718 0.057211
                            CHANNELS 3 Zrotation Yrotation Xrotation
                          }
                        }
                      }
                    }
                  }
                }
              }
            }
          }
        }
      }
    }
    JOINT LeftLeg
    {
      OFFSET 10.043214 -8.434526 2.595655
      CHANNELS 3 Zrotation Yrotation Xrotation
      JOINT LeftShin
      {
        OFFSET -0.000001 -43.221752 -0.802913
        CHANNELS 3 Zrotation Yrotation Xrotation
        JOINT LeftFoot
        {
          OFFSET 0.000001 -42.155094 -3.481523
          CHANNELS 3 Zrotation Yrotation Xrotation
          JOINT LeftToeBase
          {
            OFFSET 0.000000 -5.059472 13.231529
            CHANNELS 3 Zrotation Yrotation Xrotation
            JOINT LeftToeEnd
            {
              OFFSET -0.009607 -1.647619 6.513017
              CHANNELS 3 Zrotation Yrotation Xrotation
            }
          }
        }
      }
    }
    JOINT RightLeg
    {
      OFFSET -10.047278 -8.295260 2.620317
      CHANNELS 3 Zrotation Yrotation Xrotation
      JOINT RightShin
      {
        OFFSET 0.000001 -43.362206 -0.805556
        CHANNELS 3 Zrotation Yrotation Xrotation
        JOINT RightFoot
        {
          OFFSET 0.000002 -42.117393 -3.478398
          CHANNELS 3 Zrotation Yrotation Xrotation
          JOINT RightToeBase
          {
            OFFSET -0.000000 -5.079609 13.284196
            CHANNELS 3 Zrotation Yrotation Xrotation
            JOINT RightToeEnd
            {
              OFFSET 0.009532 -1.634378 6.460591
              CHANNELS 3 Zrotation Yrotation Xrotation
            }
          }
        }
      }
    }
  }
}
MOTION
Frames: 90
Frame Time: 0.03333333
0.000000 0.000000 0.000000 0.000000 -0.000000 0.000000 0.354906 -6.780755 -1.400137 2.379382 0.696575 -5.906178 -0.782369 0.706379 1.864427 -0.049971 0.881211 -3.993990 5.272523 0.568791 7.896117 -15.046705 10.321721 11.130169 4.150297 16.972443 -2.506919 -2.377995 21.198853 -6.401021 0.000077 -0.000022 0.000006 0.046221 -0.544027 -0.055202 0.787425 -4.367392 -10.763258 -0.696479 3.312997 -10.713676 -8.060228 -10.941385 3.947427 -47.788307 -39.461651 -29.415501 -166.372055 -74.451828 171.173279 10.515519 -11.361134 14.663354 -5.882102 9.861279 0.702590 -10.936861 -0.360574 7.156197 0.000000 8.774815 -0.000000 -14.400095 17.627739 7.285533 -1.844031 2.498503 -2.507276 -10.163590 4.678941 4.621104 -20.975996 -0.000001 0.000001 -21.226254 2.451698 -3.593995 0.000000 -0.000006 -0.000000 -1.362681 2.240797 -0.746323 -21.334892 0.584910 3.008319 -13.821196 -0.000001 0.000001 -23.887129 -0.249075 -0.839485 -58.554142 2.692701 -0.752313 -0.294025 1.679686 0.833255 -14.218195 0.093215 1.300579 -34.212002 -0.287561 0.967166 -20.033176 0.964536 1.212838 0.000000 -0.000000 0.000000 -3.440387 0.788233 0.501655 -15.928172 -3.167306 2.999703 -6.338817 -0.000000 0.000001 -18.123419 3.648181 -4.905662 -0.000004 0.000000 -0.000002 1.432646 25.052660 3.450255 41.425301 55.032185 -6.092388 179.202225 65.781487 -179.603439 -6.362333 9.332993 3.611322 2.243540 -5.255033 -3.180156 14.282877 -0.826594 6.952496 -0.000000 -12.690593 -0.000001 16.988787 -17.703312 4.201717 1.665665 -1.955920 -2.878297 4.727794 -4.170584 4.993919 11.020511 0.000001 -0.000000 12.109032 -3.735715 -2.866778 0.000000 -0.000000 0.000000 1.291985 -1.928548 -1.498088 14.800115 0.567467 3.865604 14.242553 -1.341738 -6.660648 19.631935 0.143921 -0.648243 52.129181 -1.713489 -5.623173 0.353029 -1.511150 -0.031940 20.222769 3.684305 2.316629 18.787249 0.000001 -0.000001 10.751608 -0.479870 1.397903 0.000000 -0.000000 0.000000 3.273804 0.305947 -0.580110 21.486790 11.830364 2.266131 8.162915 0.000000 -0.000000 18.399052 -3.798986 -4.940567 0.000003 0.000000 -0.000001 17.157187 -2.672084 6.230254 -0.097182 -0.616388 37.917007 -14.992847 -13.026468 -2.635981 1.929039 -2.069822 -18.549007 0.000000 -0.000000 0.000002 -9.226111 6.909978 -30.534191 0.526317 0.309159 51.023357 10.225680 9.726588 -11.726138 -1.417395 1.168346 -3.068543 0.000000 -0.000000 -0.000001
0.000000 0.000000 0.000000 0.000000 -0.000000 0.000000 0.354906 -5.199791 -1.400137 2.379382 0.696575 -5.906178 -0.438730 0.595772 1.828302 -0.059480 1.827189 -3.784474 4.578471 1.754771 7.136755 -14.063078 9.844013 11.277002 3.813685 15.871833 -2.586991 -2.462111 19.494202 -5.959279 0.000077 -0.000022 0.000006 0.022595 -0.413234 -0.023636 0.769363 -4.220744 -10.821401 -0.724260 3.420853 -10.757672 -10.989403 -9.307028 4.496613 -47.100075 -39.417713 -25.836502 -166.739883 -68.281746 170.572784 6.558373 -9.203522 6.580299 -5.882102 9.861279 0.702590 -10.936861 -0.360574 7.156197 0.000000 8.774815 -0.000000 -14.704576 17.711388 7.031048 -1.844031 2.498503 -2.507276 -10.163590 4.678941 4.621104 -20.975996 -0.000001 0.000001 -21.226254 2.451698 -3.593995 0.000000 -0.000006 -0.000000 -1.362681 2.240797 -0.746323 -21.334892 0.584910 3.008319 -13.821196 -0.000001 0.000001 -23.887129 -0.249075 -0.839485 -59.155518 2.431074 -0.793505 -0.294025 1.679686 0.833255 -14.218195 0.093215 1.300579 -34.212002 -0.287561 0.967166 -20.033176 0.964536 1.212838 0.000000 -0.000000 0.000000 -3.440387 0.788233 0.501655 -15.928172 -3.167306 2.999703 -6.338817 -0.000000 0.000001 -18.123419 3.648181 -4.905662 -0.000004 0.000000 -0.000002 -0.137533 25.143444 2.748645 52.425137 55.367077 4.372528 179.903702 64.074173 -179.286667 -6.123358 6.607934 3.352874 2.243540 -5.255033 -3.180156 14.282877 -0.826594 6.952496 -0.000000 -12.690593 -0.000001 15.664603 -17.802444 3.960753 1.665665 -1.955920 -2.878297 4.727794 -4.170584 4.993919 11.020511 0.000001 -0.000000 12.109032 -3.735715 -2.866778 0.000000 -0.000000 0.000000 1.291985 -1.928548 -1.498088 14.800115 0.567467 3.865604 14.242553 -1.341738 -6.660648 19.631935 0.143921 -0.648243 50.262817 -1.514534 -5.772207 0.353029 -1.511150 -0.031940 20.222769 3.684305 2.316629 18.787249 0.000001 -0.000001 10.751608 -0.479870 1.397903 0.000000 -0.000000 0.000000 3.273804 0.305947 -0.580110 21.486790 11.830364 2.266131 8.162915 0.000000 -0.000000 18.399052 -3.798986 -4.940567 0.000003 0.000000 -0.000001 17.157187 -2.672084 6.230254 -0.097182 -0.616388 37.917007 -14.992847 -13.026468 -2.635981 1.929039 -2.069822 -18.549007 0.000000 -0.000000 0.000002 -9.226111 6.909978 -30.534191 0.526317 0.309159 51.023357 10.225680 9.726588 -11.726138 -1.417395 1.168346 -3.068543 0.000000 -0.000000 -0.000001
0.000000 0.000000 0.000000 0.000000 -0.000000 0.000000 0.354906 -3.664297 -1.400137 2.379382 0.696575 -5.906178 0.139316 0.417659 1.579007 0.019499 2.363320 -3.600890 4.151353 2.013449 6.509428 -12.662849 9.130802 11.725499 3.471974 13.553132 -2.919848 -2.892282 17.092270 -4.535084 0.000077 -0.000022 0.000006 0.010181 -0.200607 0.025062 0.735514 -3.986459 -10.771582 -0.719301 3.611521 -10.724092 -12.938873 -8.757381 5.405741 -44.696556 -39.498180 -21.963041 -170.389145 -66.460678 173.139832 1.612562 -6.755912 3.593358 -5.882102 9.861279 0.702590 -10.936861 -0.360574 7.156197 0.000000 8.774815 -0.000000 -15.171680 17.736502 6.845983 -1.844031 2.498503 -2.507276 -10.163590 4.678941 4.621104 -20.975996 -0.000001 0.000001 -21.226254 2.451698 -3.593995 0.000000 -0.000006 -0.000000 -1.362681 2.240797 -0.746323 -21.334892 0.584910 3.008319 -13.821196 -0.000001 0.000001 -23.887129 -0.249075 -0.839485 -60.049263 2.558486 -0.679213 -0.294025 1.679686 0.833255 -14.218195 0.093215 1.300579 -34.212002 -0.287561 0.967166 -20.033176 0.964536 1.212838 0.000000 -0.000000 0.000000 -3.440387 0.788233 0.501655 -15.928172 -3.167306 2.999703 -6.338817 -0.000000 0.000001 -18.123419 3.648181 -4.905662 -0.000004 0.000000 -0.000002 -0.129629 24.873512 2.887218 58.640625 54.894932 10.824251 -179.136459 66.164574 -178.007812 -7.072042 2.822936 5.689070 2.243540 -5.255033 -3.180156 14.282877 -0.826594 6.952496 -0.000000 -12.690593 -0.000001 15.640455 -17.597797 3.501225 1.665665 -1.955920 -2.878297 4.727794 -4.170584 4.993919 11.020511 0.000001 -0.000000 12.109032 -3.735715 -2.866778 0.000000 -0.000000 0.000000 1.291985 -1.928548 -1.498088 14.800115 0.567467 3.865604 14.242553 -1.341738 -6.660648 19.631935 0.143921 -0.648243 49.802849 -1.395567 -5.688345 0.353029 -1.511150 -0.031940 20.222769 3.684305 2.316629 18.787249 0.000001 -0.000001 10.751608 -0.479870 1.397903 0.000000 -0.000000 0.000000 3.273804 0.305947 -0.580110 21.486790 11.830364 2.266131 8.162915 0.000000 -0.000000 18.399052 -3.798986 -4.940567 0.000003 0.000000 -0.000001 17.157187 -2.672084 6.230254 -0.097182 -0.616388 37.917007 -14.992847 -13.026468 -2.635981 1.929039 -2.069822 -18.549007 0.000000 -0.000000 0.000002 -9.226111 6.909978 -30.534191 0.526317 0.309159 51.023357 10.225680 9.726588 -11.726138 -1.417395 1.168346 -3.068543 0.000000 -0.000000 -0.000001
0.000000 0.000000 0.000000 0.000000 -0.000000 0.000000 0.354906 -2.691548 -1.400137 2.379382 0.696575 -5.906178 0.569965 0.410051 1.355196 0.102638 1.994440 -3.618883 4.020060 1.286168 6.132555 -10.688582 8.250162 12.238023 2.935986 10.511818 -3.261956 -3.134008 14.507560 -3.292313 0.000077 -0.000022 0.000006 -0.003520 -0.045737 0.037287 0.683215 -3.785807 -10.688752 -0.697966 3.724050 -10.666274 -13.254736 -10.134149 6.034248 -42.470989 -39.795979 -19.692801 -172.542435 -66.789070 174.363174 -1.772043 -5.367148 2.863812 -5.882102 9.861279 0.702590 -10.936861 -0.360574 7.156197 0.000000 8.774815 -0.000000 -15.530082 17.847357 6.547020 -1.844031 2.498503 -2.507276 -10.163590 4.678941 4.621104 -20.975996 -0.000001 0.000001 -21.226254 2.451698 -3.593995 0.000000 -0.000006 -0.000000 -1.362681 2.240797 -0.746323 -21.334892 0.584910 3.008319 -13.821196 -0.000001 0.000001 -23.887129 -0.249075 -0.839485 -60.242821 2.735210 -0.868288 -0.294025 1.679686 0.833255 -14.218195 0.093215 1.300579 -34.212002 -0.287561 0.967166 -20.033176 0.964536 1.212838 0.000000 -0.000000 0.000000 -3.440387 0.788233 0.501655 -15.928172 -3.167306 2.999703 -6.338817 -0.000000 0.000001 -18.123419 3.648181 -4.905662 -0.000004 0.000000 -0.000002 0.789036 23.679882 3.410746 58.908573 54.028133 12.230134 -176.770615 67.359085 -176.283737 -7.617545 -0.075863 6.362313 2.243540 -5.255033 -3.180156 14.282877 -0.826594 6.952496 -0.000000 -12.690593 -0.000001 16.092693 -17.604660 3.361433 1.665665 -1.955920 -2.878297 4.727794 -4.170584 4.993919 11.020511 0.000001 -0.000000 12.109032 -3.735715 -2.866778 0.000000 -0.000000 0.000000 1.291985 -1.928548 -1.498088 14.800115 0.567467 3.865604 14.242553 -1.341738 -6.660648 19.631935 0.143921 -0.648243 50.043644 -1.080376 -5.707906 0.353029 -1.511150 -0.031940 20.222769 3.684305 2.316629 18.787249 0.000001 -0.000001 10.751608 -0.479870 1.397903 0.000000 -0.000000 0.000000 3.273804 0.305947 -0.580110 21.486790 11.830364 2.266131 8.162915 0.000000 -0.000000 18.399052 -3.798986 -4.940567 0.000003 0.000000 -0.000001 17.157187 -2.672084 6.230254 -0.097182 -0.616388 37.917007 -14.992847 -13.026468 -2.635981 1.929039 -2.069822 -18.549007 0.000000 -0.000000 0.000002 -9.226111 6.909978 -30.534191 0.526317 0.309159 51.023357 10.225680 9.726588 -11.726138 -1.417395 1.168346 -3.068543 0.000000 -0.000000 -0.000001
0.000000 0.000000 0.000000 0.000000 -0.000000 0.000000 0.354906 -2.284812 -1.400137 2.379382 0.696575 -5.906178 0.999506 0.258758 0.955127 0.148405 0.999988 -3.747274 4.066894 0.037306 5.767230 -8.457211 7.328416 12.258898 2.289279 8.017878 -3.483774 -2.859151 11.287116 -2.387969 0.000077 -0.000022 0.000006 -0.011137 0.044639 0.045827 0.649243 -3.676480 -10.637133 -0.680448 3.796810 -10.615098 -12.688721 -12.774005 6.659566 -41.065948 -40.487030 -18.581282 -174.129944 -67.116287 175.252930 -2.919977 -4.748782 1.762739 -5.882102 9.861279 0.702590 -10.936861 -0.360574 7.156197 0.000000 8.774815 -0.000000 -15.598018 17.944466 6.309050 -1.844031 2.498503 -2.507276 -10.163590 4.678941 4.621104 -20.975996 -0.000001 0.000001 -21.226254 2.451698 -3.593995 0.000000 -0.000006 -0.000000 -1.362681 2.240797 -0.746323 -21.334892 0.584910 3.008319 -13.821196 -0.000001 0.000001 -23.887129 -0.249075 -0.839485 -59.800159 2.908031 -1.043208 -0.294025 1.679686 0.833255 -14.218195 0.093215 1.300579 -34.212002 -0.287561 0.967166 -20.033176 0.964536 1.212838 0.000000 -0.000000 0.000000 -3.440387 0.788233 0.501655 -15.928172 -3.167306 2.999703 -6.338817 -0.000000 0.000001 -18.123419 3.648181 -4.905662 -0.000004 0.000000 -0.000002 1.815214 21.600821 3.558967 57.906418 52.671616 11.650618 -176.326752 66.254967 -176.225876 -7.413628 -1.994520 5.399314 2.243540 -5.255033 -3.180156 14.282877 -0.826594 6.952496 -0.000000 -12.690593 -0.000001 16.475307 -17.685242 3.324792 1.665665 -1.955920 -2.878297 4.727794 -4.170584 4.993919 11.020511 0.000001 -0.000000 12.109032 -3.735715 -2.866778 0.000000 -0.000000 0.000000 1.291985 -1.928548 -1.498088 14.800115 0.567467 3.865604 14.242553 -1.341738 -6.660648 19.631935 0.143921 -0.648243 50.212257 -0.938734 -5.738099 0.353029 -1.511150 -0.031940 20.222769 3.684305 2.316629 18.787249 0.000001 -0.000001 10.751608 -0.479870 1.397903 0.000000 -0.000000 0.000000 3.273804 0.305947 -0.580110 21.486790 11.830364 2.266131 8.162915 0.000000 -0.000000 18.399052 -3.798986 -4.940567 0.000003 0.000000 -0.000001 17.157187 -2.672084 6.230254 -0.097182 -0.616388 37.917007 -14.992847 -13.026468 -2.635981 1.929039 -2.069822 -18.549007 0.000000 -0.000000 0.000002 -9.226111 6.909978 -30.534191 0.526317 0.309159 51.023357 10.225680 9.726588 -11.726138 -1.417395 1.168346 -3.068543 0.000000 -0.000000 -0.000001
0.000000 0.000000 0.000000 0.000000 -0.000000 0.000000 0.354906 -2.860825 -1.400137 2.379382 0.696575 -5.906178 1.395158 -0.022209 0.503653 0.194616 -0.352536 -4.013370 4.174791 -1.595248 5.336202 -6.296292 6.344089 11.657309 1.556726 5.697075 -3.634027 -2.386826 8.242810 -2.072813 0.000077 -0.000022 0.000006 -0.000340 0.012995 0.078506 0.634065 -3.693086 -10.579486 -0.645015 3.747736 -10.541800 -11.533094 -15.785018 7.591914 -39.976048 -42.182232 -19.149225 -174.025589 -67.034332 174.693298 -2.757959 -3.984617 1.733516 -5.882102 9.861279 0.702590 -10.936861 -0.360574 7.156197 0.000000 8.774815 -0.000000 -15.759690 17.955172 6.046873 -1.844031 2.498503 -2.507276 -10.163590 4.678941 4.621104 -20.975996 -0.000001 0.000001 -21.226254 2.451698 -3.593995 0.000000 -0.000006 -0.000000 -1.362681 2.240797 -0.746323 -21.334892 0.584910 3.008319 -13.821196 -0.000001 0.000001 -23.887129 -0.249075 -0.839485 -59.410606 2.972028 -1.080344 -0.294025 1.679686 0.833255 -14.218195 0.093215 1.300579 -34.212002 -0.287561 0.967166 -20.033176 0.964536 1.212838 0.000000 -0.000000 0.000000 -3.440387 0.788233 0.501655 -15.928172 -3.167306 2.999703 -6.338817 -0.000000 0.000001 -18.123419 3.648181 -4.905662 -0.000004 0.000000 -0.000002 2.172334 19.358841 3.118257 57.323395 51.155106 9.864303 -177.410294 63.256157 -177.364441 -6.300676 -3.280787 2.755075 2.243540 -5.255033 -3.180156 14.282877 -0.826594 6.952496 -0.000000 -12.690593 -0.000001 16.842478 -17.824406 3.155261 1.665665 -1.955920 -2.878297 4.727794 -4.170584 4.993919 11.020511 0.000001 -0.000000 12.109032 -3.735715 -2.866778 0.000000 -0.000000 0.000000 1.291985 -1.928548 -1.498088 14.800115 0.567467 3.865604 14.242553 -1.341738 -6.660648 19.631935 0.143921 -0.648243 50.269207 -0.751339 -5.638950 0.353029 -1.511150 -0.031940 20.222769 3.684305 2.316629 18.787249 0.000001 -0.000001 10.751608 -0.479870 1.397903 0.000000 -0.000000 0.000000 3.273804 0.305947 -0.580110 21.486790 11.830364 2.266131 8.162915 0.000000 -0.000000 18.399052 -3.798986 -4.940567 0.000003 0.000000 -0.000001 17.157187 -2.672084 6.230254 -0.097182 -0.616388 37.917007 -14.992847 -13.026468 -2.635981 1.929039 -2.069822 -18.549007 0.000000 -0.000000 0.000002 -9.226111 6.909978 -30.534191 0.526317 0.309159 51.023357 10.225680 9.726588 -11.726138 -1.417395 1.168346 -3.068543 0.000000 -0.000000 -0.000001
0.000000 0.000000 0.000000 0.000000 -0.000000 0.000000 0.354906 -4.360268 -1.400137 2.379382 0.696575 -5.906178 1.391535 -0.547339 0.461104 0.174122 -1.377009 -4.150543 3.933052 -3.401797 4.941891 -3.817973 4.811627 10.546043 0.564541 3.778784 -3.623637 -2.116317 5.576778 -3.074474 0.000077 -0.000022 0.000006 0.008073 -0.044008 0.091511 0.670017 -3.756305 -10.580782 -0.663027 3.690768 -10.525099 -9.262432 -19.031931 8.339193 -39.558361 -44.607906 -20.080959 -174.628342 -66.722664 174.486588 -2.974408 -2.757663 2.092004 -5.882102 9.861279 0.702590 -10.936861 -0.360574 7.156197 0.000000 8.774815 -0.000000 -15.738081 18.170504 5.925020 -1.844031 2.498503 -2.507276 -10.163590 4.678941 4.621104 -20.975996 -0.000001 0.000001 -21.226254 2.451698 -3.593995 0.000000 -0.000006 -0.000000 -1.362681 2.240797 -0.746323 -21.334892 0.584910 3.008319 -13.821196 -0.000001 0.000001 -23.887129 -0.249075 -0.839485 -59.496056 2.947848 -1.367306 -0.294025 1.679686 0.833255 -14.218195 0.093215 1.300579 -34.212002 -0.287561 0.967166 -20.033176 0.964536 1.212838 0.000000 -0.000000 0.000000 -3.440387 0.788233 0.501655 -15.928172 -3.167306 2.999703 -6.338817 -0.000000 0.000001 -18.123419 3.648181 -4.905662 -0.000004 0.000000 -0.000002 1.215923 16.495918 1.806968 58.320656 49.910721 8.651467 -177.254150 59.342175 -177.134491 -5.128056 -4.289244 -0.937493 2.243540 -5.255033 -3.180156 14.282877 -0.826594 6.952496 -0.000000 -12.690593 -0.000001 16.718948 -18.155357 3.064734 1.665665 -1.955920 -2.878297 4.727794 -4.170584 4.993919 11.020511 0.000001 -0.000000 12.109032 -3.735715 -2.866778 0.000000 -0.000000 0.000000 1.291985 -1.928548 -1.498088 14.800115 0.567467 3.865604 14.242553 -1.341738 -6.660648 19.631935 0.143921 -0.648243 50.162956 -0.640653 -5.685877 0.353029 -1.511150 -0.031940 20.222769 3.684305 2.316629 18.787249 0.000001 -0.000001 10.751608 -0.479870 1.397903 0.000000 -0.000000 0.000000 3.273804 0.305947 -0.580110 21.486790 11.830364 2.266131 8.162915 0.000000 -0.000000 18.399052 -3.798986 -4.940567 0.000003 0.000000 -0.000001 17.157187 -2.672084 6.230254 -0.097182 -0.616388 37.917007 -14.992847 -13.026468 -2.635981 1.929039 -2.069822 -18.549007 0.000000 -0.000000 0.000002 -9.226111 6.909978 -30.534191 0.526317 0.309159 51.023357 10.225680 9.726588 -11.726138 -1.417395 1.168346 -3.068543 0.000000 -0.000000 -0.000001
0.000000 0.000000 0.000000 0.000000 -0.000000 0.000000 0.354906 -5.917389 -1.400137 2.379382 0.696575 -5.906178 1.177588 -0.766689 0.829261 0.114481 -1.858142 -4.133567 3.107811 -4.195310 5.263896 -1.695972 3.667070 9.567514 -0.238249 2.259161 -3.700352 -2.276054 3.473837 -4.707668 0.000077 -0.000022 0.000006 0.004131 -0.066408 0.123654 0.674251 -3.757904 -10.477030 -0.676876 3.645558 -10.425180 -8.010213 -20.998878 8.443566 -39.377628 -46.201691 -19.816212 -177.148621 -65.835289 176.378296 -3.476425 -2.344855 1.971229 -5.882102 9.861279 0.702590 -10.936861 -0.360574 7.156197 0.000000 8.774815 -0.000000 -16.031593 18.255308 5.967511 -1.844031 2.498503 -2.507276 -10.163590 4.678941 4.621104 -20.975996 -0.000001 0.000001 -21.226254 2.451698 -3.593995 0.000000 -0.000006 -0.000000 -1.362681 2.240797 -0.746323 -21.334892 0.584910 3.008319 -13.821196 -0.000001 0.000001 -23.887129 -0.249075 -0.839485 -59.890755 2.874962 -1.503397 -0.294025 1.679686 0.833255 -14.218195 0.093215 1.300579 -34.212002 -0.287561 0.967166 -20.033176 0.964536 1.212838 0.000000 -0.000000 0.000000 -3.440387 0.788233 0.501655 -15.928172 -3.167306 2.999703 -6.338817 -0.000000 0.000001 -18.123419 3.648181 -4.905662 -0.000004 0.000000 -0.000002 1.479545 14.333070 1.342147 58.378571 49.751492 6.678045 -177.001984 56.475807 -176.969910 -4.880722 -4.670325 -1.794108 2.243540 -5.255033 -3.180156 14.282877 -0.826594 6.952496 -0.000000 -12.690593 -0.000001 16.455095 -18.380428 3.157564 1.665665 -1.955920 -2.878297 4.727794 -4.170584 4.993919 11.020511 0.000001 -0.000000 12.109032 -3.735715 -2.866778 0.000000 -0.000000 0.000000 1.291985 -1.928548 -1.498088 14.800115 0.567467 3.865604 14.242553 -1.341738 -6.660648 19.631935 0.143921 -0.648243 50.733597 -0.709958 -5.997358 0.353029 -1.511150 -0.031940 20.222769 3.684305 2.316629 18.787249 0.000001 -0.000001 10.751608 -0.479870 1.397903 0.000000 -0.000000 0.000000 3.273804 0.305947 -0.580110 21.486790 11.830364 2.266131 8.162915 0.000000 -0.000000 18.399052 -3.798986 -4.940567 0.000003 0.000000 -0.000001 17.157187 -2.672084 6.230254 -0.097182 -0.616388 37.917007 -14.992847 -13.026468 -2.635981 1.929039 -2.069822 -18.549007 0.000000 -0.000000 0.000002 -9.226111 6.909978 -30.534191 0.526317 0.309159 51.023357 10.225680 9.726588 -11.726138 -1.417395 1.168346 -3.068543 0.000000 -0.000000 -0.000001
0.000000 0.000000 0.000000 0.000000 -0.000000 0.000000 0.354906 -6.906227 -1.400137 2.379382 0.696575 -5.906178 1.130174 -0.618628 1.135585 0.166352 -1.404101 -4.070893 2.730686 -3.815016 6.316343 -1.239551 3.474216 9.041980 -0.772169 1.543517 -3.754665 -2.191355 2.056652 -6.034873 0.000077 -0.000022 0.000006 -0.005671 -0.048963 0.099048 0.665703 -3.738405 -10.469469 -0.688551 3.663261 -10.433993 -9.124680 -20.541819 8.471329 -39.197536 -46.218845 -19.461660 -178.896881 -64.861740 177.926620 -3.400931 -3.698985 0.496293 -5.882102 9.861279 0.702590 -10.936861 -0.360574 7.156197 0.000000 8.774815 -0.000000 -16.166943 18.421957 6.024382 -1.844031 2.498503 -2.507276 -10.163590 4.678941 4.621104 -20.975996 -0.000001 0.000001 -21.226254 2.451698 -3.593995 0.000000 -0.000006 -0.000000 -1.362681 2.240797 -0.746323 -21.334892 0.584910 3.008319 -13.821196 -0.000001 0.000001 -23.887129 -0.249075 -0.839485 -59.785698 2.805231 -1.665785 -0.294025 1.679686 0.833255 -14.218195 0.093215 1.300579 -34.212002 -0.287561 0.967166 -20.033176 0.964536 1.212838 0.000000 -0.000000 0.000000 -3.440387 0.788233 0.501655 -15.928172 -3.167306 2.999703 -6.338817 -0.000000 0.000001 -18.123419 3.648181 -4.905662 -0.000004 0.000000 -0.000002 3.274929 14.369061 2.428532 56.963306 50.045517 4.219453 -176.909500 55.641293 -176.796036 -5.817840 -3.587527 -2.094528 2.243540 -5.255033 -3.180156 14.282877 -0.826594 6.952496 -0.000000 -12.690593 -0.000001 16.234493 -18.433678 3.269104 1.665665 -1.955920 -2.878297 4.727794 -4.170584 4.993919 11.020511 0.000001 -0.000000 12.109032 -3.735715 -2.866778 0.000000 -0.000000 0.000000 1.291985 -1.928548 -1.498088 14.800115 0.567467 3.865604 14.242553 -1.341738 -6.660648 19.631935 0.143921 -0.648243 50.790146 -0.801096 -6.192574 0.353029 -1.511150 -0.031940 20.222769 3.684305 2.316629 18.787249 0.000001 -0.000001 10.751608 -0.479870 1.397903 0.000000 -0.000000 0.000000 3.273804 0.305947 -0.580110 21.486790 11.830364 2.266131 8.162915 0.000000 -0.000000 18.399052 -3.798986 -4.940567 0.000003 0.000000 -0.000001 17.157187 -2.672084 6.230254 -0.097182 -0.616388 37.917007 -14.992847 -13.026468 -2.635981 1.929039 -2.069822 -18.549007 0.000000 -0.000000 0.000002 -9.226111 6.909978 -30.534191 0.526317 0.309159 51.023357 10.225680 9.726588 -11.726138 -1.417395 1.168346 -3.068543 0.000000 -0.000000 -0.000001
0.000000 0.000000 0.000000 0.000000 -0.000000 0.000000 0.354906 -7.450825 -1.400137 2.379382 0.696575 -5.906178 1.095875 -0.445944 1.430308 0.186340 -0.906876 -3.987403 2.663794 -3.219365 7.264539 -1.600673 3.642891 9.261650 -1.004266 1.337073 -3.759266 -1.885275 1.264700 -6.881105 0.000077 -0.000022 0.000006 -0.011680 -0.017122 0.092792 0.665699 -3.709253 -10.481018 -0.700205 3.700038 -10.460512 -9.720383 -19.155365 8.384832 -40.747173 -45.271858 -18.925978 -179.175964 -64.467545 178.336792 -2.856112 -4.167035 -0.591644 -5.882102 9.861279 0.702590 -10.936861 -0.360574 7.156197 0.000000 8.774815 -0.000000 -16.397001 18.496767 6.035298 -1.844031 2.498503 -2.507276 -10.163590 4.678941 4.621104 -20.975996 -0.000001 0.000001 -21.226254 2.451698 -3.593995 0.000000 -0.000006 -0.000000 -1.362681 2.240797 -0.746323 -21.334892 0.584910 3.008319 -13.821196 -0.000001 0.000001 -23.887129 -0.249075 -0.839485 -59.883621 2.761110 -1.542191 -0.294025 1.679686 0.833255 -14.218195 0.093215 1.300579 -34.212002 -0.287561 0.967166 -20.033176 0.964536 1.212838 0.000000 -0.000000 0.000000 -3.440387 0.788233 0.501655 -15.928172 -3.167306 2.999703 -6.338817 -0.000000 0.000001 -18.123419 3.648181 -4.905662 -0.000004 0.000000 -0.000002 4.440334 15.128733 3.866782 56.471989 49.851265 2.568845 -177.161026 56.030899 -177.141586 -7.015848 -2.439491 -2.718149 2.243540 -5.255033 -3.180156 14.282877 -0.826594 6.952496 -0.000000 -12.690593 -0.000001 16.102097 -18.322001 3.343773 1.665665 -1.955920 -2.878297 4.727794 -4.170584 4.993919 11.020511 0.000001 -0.000000 12.109032 -3.735715 -2.866778 0.000000 -0.000000 0.000000 1.291985 -1.928548 -1.498088 14.800115 0.567467 3.865604 14.242553 -1.341738 -6.660648 19.631935 0.143921 -0.648243 50.593849 -0.806486 -6.150911 0.353029 -1.511150 -0.031940 20.222769 3.684305 2.316629 18.787249 0.000001 -0.000001 10.751608 -0.479870 1.397903 0.000000 -0.000000 0.000000 3.273804 0.305947 -0.580110 21.486790 11.830364 2.266131 8.162915 0.000000 -0.000000 18.399052 -3.798986 -4.940567 0.000003 0.000000 -0.000001 17.157187 -2.672084 6.230254 -0.097182 -0.616388 37.917007 -14.992847 -13.026468 -2.635981 1.929039 -2.069822 -18.549007 0.000000 -0.000000 0.000002 -9.226111 6.909978 -30.534191 0.526317 0.309159 51.023357 10.225680 9.726588 -11.726138 -1.417395 1.168346 -3.068543 0.000000 -0.000000 -0.000001
0.000000 0.000000 0.000000 0.000000 -0.000000 0.000000 0.354906 -7.692438 -1.400137 2.379382 0.696575 -5.906178 1.123702 -0.340349 1.583634 0.200985 -0.622256 -3.906561 2.786758 -2.839214 7.777450 -2.042020 3.802958 9.842631 -1.059200 1.340874 -3.742674 -1.672798 0.906657 -7.242342 0.000077 -0.000022 0.000006 -0.013553 0.001074 0.096916 0.667655 -3.692016 -10.483006 -0.705134 3.720004 -10.477081 -9.609591 -18.042631 8.154014 -42.458206 -43.839088 -18.434212 -178.982162 -64.960274 178.294312 -2.225873 -3.839588 -1.339970 -5.882102 9.861279 0.702590 -10.936861 -0.360574 7.156197 0.000000 8.774815 -0.000000 -16.487833 18.528101 6.001056 -1.844031 2.498503 -2.507276 -10.163590 4.678941 4.621104 -20.975996 -0.000001 0.000001 -21.226254 2.451698 -3.593995 0.000000 -0.000006 -0.000000 -1.362681 2.240797 -0.746323 -21.334892 0.584910 3.008319 -13.821196 -0.000001 0.000001 -23.887129 -0.249075 -0.839485 -59.937431 2.747013 -1.366962 -0.294025 1.679686 0.833255 -14.218195 0.093215 1.300579 -34.212002 -0.287561 0.967166 -20.033176 0.964536 1.212838 0.000000 -0.000000 0.000000 -3.440387 0.788233 0.501655 -15.928172 -3.167306 2.999703 -6.338817 -0.000000 0.000001 -18.123419 3.648181 -4.905662 -0.000004 0.000000 -0.000002 5.033727 15.626812 4.868763 56.925064 49.271961 2.336468 -177.518631 56.800102 -177.759949 -7.676214 -1.555454 -3.487446 2.243540 -5.255033 -3.180156 14.282877 -0.826594 6.952496 -0.000000 -12.690593 -0.000001 16.013416 -18.239040 3.305925 1.665665 -1.955920 -2.878297 4.727794 -4.170584 4.993919 11.020511 0.000001 -0.000000 12.109032 -3.735715 -2.866778 0.000000 -0.000000 0.000000 1.291985 -1.928548 -1.498088 14.800115 0.567467 3.865604 14.242553 -1.341738 -6.660648 19.631935 0.143921 -0.648243 50.166130 -0.750614 -6.067000 0.353029 -1.511150 -0.031940 20.222769 3.684305 2.316629 18.787249 0.000001 -0.000001 10.751608 -0.479870 1.397903 0.000000 -0.000000 0.000000 3.273804 0.305947 -0.580110 21.486790 11.830364 2.266131 8.162915 0.000000 -0.000000 18.399052 -3.798986 -4.940567 0.000003 0.000000 -0.000001 17.157187 -2.672084 6.230254 -0.097182 -0.616388 37.917007 -14.992847 -13.026468 -2.635981 1.929039 -2.069822 -18.549007 0.000000 -0.000000 0.000002 -9.226111 6.909978 -30.534191 0.526317 0.309159 51.023357 10.225680 9.726588 -11.726138 -1.417395 1.168346 -3.068543 0.000000 -0.000000 -0.000001
0.000000 0.000000 0.000000 0.000000 -0.000000 0.000000 0.354906 -7.753424 -1.400137 2.379382 0.696575 -5.906178 1.153586 -0.305751 1.580306 0.212142 -0.545711 -3.855056 2.947976 -2.754874 7.928135 -2.240535 3.852223 10.291774 -1.017074 1.385133 -3.721602 -1.565840 0.798385 -7.351058 0.000077 -0.000022 0.000006 -0.011046 0.023706 0.101534 0.667674 -3.668345 -10.479929 -0.699342 3.741869 -10.481835 -9.267241 -17.569374 7.940657 -43.279411 -42.621216 -18.302254 -178.637955 -65.850616 178.086060 -1.745972 -3.645528 -1.960185 -5.882102 9.861279 0.702590 -10.936861 -0.360574 7.156197 0.000000 8.774815 -0.000000 -16.469393 18.497169 5.948171 -1.844031 2.498503 -2.507276 -10.163590 4.678941 4.621104 -20.975996 -0.000001 0.000001 -21.226254 2.451698 -3.593995 0.000000 -0.000006 -0.000000 -1.362681 2.240797 -0.746323 -21.334892 0.584910 3.008319 -13.821196 -0.000001 0.000001 -23.887129 -0.249075 -0.839485 -59.978195 2.717711 -1.225310 -0.294025 1.679686 0.833255 -14.218195 0.093215 1.300579 -34.212002 -0.287561 0.967166 -20.033176 0.964536 1.212838 0.000000 -0.000000 0.000000 -3.440387 0.788233 0.501655 -15.928172 -3.167306 2.999703 -6.338817 -0.000000 0.000001 -18.123419 3.648181 -4.905662 -0.000004 0.000000 -0.000002 5.393733 15.684756 5.358887 57.359436 48.730324 2.493576 -178.040237 57.509975 -178.456131 -7.830598 -1.141210 -3.942541 2.243540 -5.255033 -3.180156 14.282877 -0.826594 6.952496 -0.000000 -12.690593 -0.000001 15.997142 -18.256323 3.257430 1.665665 -1.955920 -2.878297 4.727794 -4.170584 4.993919 11.020511 0.000001 -0.000000 12.109032 -3.735715 -2.866778 0.000000 -0.000000 0.000000 1.291985 -1.928548 -1.498088 14.800115 0.567467 3.865604 14.242553 -1.341738 -6.660648 19.631935 0.143921 -0.648243 49.859768 -0.723424 -6.015580 0.353029 -1.511150 -0.031940 20.222769 3.684305 2.316629 18.787249 0.000001 -0.000001 10.751608 -0.479870 1.397903 0.000000 -0.000000 0.000000 3.273804 0.305947 -0.580110 21.486790 11.830364 2.266131 8.162915 0.000000 -0.000000 18.399052 -3.798986 -4.940567 0.000003 0.000000 -0.000001 17.157187 -2.672084 6.230254 -0.097182 -0.616388 37.917007 -14.992847 -13.026468 -2.635981 1.929039 -2.069822 -18.549007 0.000000 -0.000000 0.000002 -9.226111 6.909978 -30.534191 0.526317 0.309159 51.023357 10.225680 9.726588 -11.726138 -1.417395 1.168346 -3.068543 0.000000 -0.000000 -0.000001
0.000000 0.000000 0.000000 0.000000 -0.000000 0.000000 0.354906 -7.758979 -1.400137 2.379382 0.696575 -5.906178 1.150009 -0.311319 1.481868 0.209820 -0.571627 -3.856694 3.079430 -2.863495 7.888081 -2.152415 3.808370 10.427418 -0.934906 1.388604 -3.699242 -1.502936 0.877465 -7.408241 0.000077 -0.000022 0.000006 -0.007117 0.020634 0.104481 0.669008 -3.671263 -10.485747 -0.692011 3.738708 -10.486253 -8.956307 -17.521784 7.813114 -43.327171 -42.002155 -18.423975 -178.566376 -66.606705 178.050827 -1.250285 -3.782065 -2.652949 -5.882102 9.861279 0.702590 -10.936861 -0.360574 7.156197 0.000000 8.774815 -0.000000 -16.438969 18.398634 5.912900 -1.844031 2.498503 -2.507276 -10.163590 4.678941 4.621104 -20.975996 -0.000001 0.000001 -21.226254 2.451698 -3.593995 0.000000 -0.000006 -0.000000 -1.362681 2.240797 -0.746323 -21.334892 0.584910 3.008319 -13.821196 -0.000001 0.000001 -23.887129 -0.249075 -0.839485 -60.086624 2.656694 -1.169920 -0.294025 1.679686 0.833255 -14.218195 0.093215 1.300579 -34.212002 -0.287561 0.967166 -20.033176 0.964536 1.212838 0.000000 -0.000000 0.000000 -3.440387 0.788233 0.501655 -15.928172 -3.167306 2.999703 -6.338817 -0.000000 0.000001 -18.123419 3.648181 -4.905662 -0.000004 0.000000 -0.000002 5.642997 15.515984 5.472458 57.456364 48.441612 2.309807 -178.722092 58.131672 -179.195816 -7.797667 -1.096486 -4.092667 2.243540 -5.255033 -3.180156 14.282877 -0.826594 6.952496 -0.000000 -12.690593 -0.000001 16.008507 -18.269489 3.230972 1.665665 -1.955920 -2.878297 4.727794 -4.170584 4.993919 11.020511 0.000001 -0.000000 12.109032 -3.735715 -2.866778 0.000000 -0.000000 0.000000 1.291985 -1.928548 -1.498088 14.800115 0.567467 3.865604 14.242553 -1.341738 -6.660648 19.631935 0.143921 -0.648243 49.621964 -0.720235 -5.999271 0.353029 -1.511150 -0.031940 20.222769 3.684305 2.316629 18.787249 0.000001 -0.000001 10.751608 -0.479870 1.397903 0.000000 -0.000000 0.000000 3.273804 0.305947 -0.580110 21.486790 11.830364 2.266131 8.162915 0.000000 -0.000000 18.399052 -3.798986 -4.940567 0.000003 0.000000 -0.000001 17.157187 -2.672084 6.230254 -0.097182 -0.616388 37.917007 -14.992847 -13.026468 -2.635981 1.929039 -2.069822 -18.549007 0.000000 -0.000000 0.000002 -9.226111 6.909978 -30.534191 0.526317 0.309159 51.023357 10.225680 9.726588 -11.726138 -1.417395 1.168346 -3.068543 0.000000 -0.000000 -0.000001
0.000000 0.000000 0.000000 0.000000 -0.000000 0.000000 0.354906 -7.728508 -1.400137 2.379382 0.696575 -5.906178 1.138058 -0.322470 1.349644 0.205125 -0.640039 -3.910746 3.155729 -2.984524 7.766486 -1.961885 3.750775 10.300493 -0.838322 1.416190 -3.686712 -1.472832 1.105867 -7.414470 0.000077 -0.000022 0.000006 -0.004651 0.002998 0.101489 0.669413 -3.692519 -10.508667 -0.686921 3.724433 -10.503689 -8.820715 -17.619209 7.734808 -43.086044 -41.819141 -18.531940 -178.915207 -67.034485 178.310440 -0.721633 -4.043288 -3.049841 -5.882102 9.861279 0.702590 -10.936861 -0.360574 7.156197 0.000000 8.774815 -0.000000 -16.422098 18.300449 5.893621 -1.844031 2.498503 -2.507276 -10.163590 4.678941 4.621104 -20.975996 -0.000001 0.000001 -21.226254 2.451698 -3.593995 0.000000 -0.000006 -0.000000 -1.362681 2.240797 -0.746323 -21.334892 0.584910 3.008319 -13.821196 -0.000001 0.000001 -23.887129 -0.249075 -0.839485 -60.206570 2.582356 -1.161134 -0.294025 1.679686 0.833255 -14.218195 0.093215 1.300579 -34.212002 -0.287561 0.967166 -20.033176 0.964536 1.212838 0.000000 -0.000000 0.000000 -3.440387 0.788233 0.501655 -15.928172 -3.167306 2.999703 -6.338817 -0.000000 0.000001 -18.123419 3.648181 -4.905662 -0.000004 0.000000 -0.000002 5.844825 15.363592 5.440029 57.201122 48.417679 1.885468 -179.134766 58.683079 -179.695770 -7.810937 -1.074462 -4.281829 2.243540 -5.255033 -3.180156 14.282877 -0.826594 6.952496 -0.000000 -12.690593 -0.000001 16.010117 -18.211685 3.227170 1.665665 -1.955920 -2.878297 4.727794 -4.170584 4.993919 11.020511 0.000001 -0.000000 12.109032 -3.735715 -2.866778 0.000000 -0.000000 0.000000 1.291985 -1.928548 -1.498088 14.800115 0.567467 3.865604 14.242553 -1.341738 -6.660648 19.631935 0.143921 -0.648243 49.472736 -0.716713 -5.996921 0.353029 -1.511150 -0.031940 20.222769 3.684305 2.316629 18.787249 0.000001 -0.000001 10.751608 -0.479870 1.397903 0.000000 -0.000000 0.000000 3.273804 0.305947 -0.580110 21.486790 11.830364 2.266131 8.162915 0.000000 -0.000000 18.399052 -3.798986 -4.940567 0.000003 0.000000 -0.000001 17.157187 -2.672084 6.230254 -0.097182 -0.616388 37.917007 -14.992847 -13.026468 -2.635981 1.929039 -2.069822 -18.549007 0.000000 -0.000000 0.000002 -9.226111 6.909978 -30.534191 0.526317 0.309159 51.023357 10.225680 9.726588 -11.726138 -1.417395 1.168346 -3.068543 0.000000 -0.000000 -0.000001
0.000000 0.000000 0.000000 0.000000 -0.000000 0.000000 0.354906 -7.672726 -1.400137 2.379382 0.696575 -5.906178 1.139552 -0.388689 1.179240 0.197479 -0.706965 -3.963047 3.190952 -3.012977 7.636068 -1.759838 3.704940 9.984419 -0.770250 1.476404 -3.685180 -1.436540 1.401852 -7.283757 0.000077 -0.000022 0.000006 -0.003525 -0.057925 0.103544 0.667463 -3.760859 -10.522263 -0.682257 3.670678 -10.507187 -8.830670 -17.663904 7.598616 -42.848003 -41.738144 -18.610115 -179.104202 -67.161125 178.539993 -0.275770 -4.162526 -3.175079 -5.882102 9.861279 0.702590 -10.936861 -0.360574 7.156197 0.000000 8.774815 -0.000000 -16.446402 18.258907 5.886584 -1.844031 2.498503 -2.507276 -10.163590 4.678941 4.621104 -20.975996 -0.000001 0.000001 -21.226254 2.451698 -3.593995 0.000000 -0.000006 -0.000000 -1.362681 2.240797 -0.746323 -21.334892 0.584910 3.008319 -13.821196 -0.000001 0.000001 -23.887129 -0.249075 -0.839485 -60.286747 2.544734 -1.128531 -0.294025 1.679686 0.833255 -14.218195 0.093215 1.300579 -34.212002 -0.287561 0.967166 -20.033176 0.964536 1.212838 0.000000 -0.000000 0.000000 -3.440387 0.788233 0.501655 -15.928172 -3.167306 2.999703 -6.338817 -0.000000 0.000001 -18.123419 3.648181 -4.905662 -0.000004 0.000000 -0.000002 6.007367 15.285306 5.360021 56.596958 48.451649 1.245741 -179.483521 59.194866 -179.959534 -7.764863 -1.132667 -4.385044 2.243540 -5.255033 -3.180156 14.282877 -0.826594 6.952496 -0.000000 -12.690593 -0.000001 15.926473 -18.182716 3.297531 1.665665 -1.955920 -2.878297 4.727794 -4.170584 4.993919 11.020511 0.000001 -0.000000 12.109032 -3.735715 -2.866778 0.000000 -0.000000 0.000000 1.291985 -1.928548 -1.498088 14.800115 0.567467 3.865604 14.242553 -1.341738 -6.660648 19.631935 0.143921 -0.648243 49.443539 -0.731349 -5.982434 0.353029 -1.511150 -0.031940 20.222769 3.684305 2.316629 18.787249 0.000001 -0.000001 10.751608 -0.479870 1.397903 0.000000 -0.000000 0.000000 3.273804 0.305947 -0.580110 21.486790 11.830364 2.266131 8.162915 0.000000 -0.000000 18.399052 -3.798986 -4.940567 0.000003 0.000000 -0.000001 17.157187 -2.672084 6.230254 -0.097182 -0.616388 37.917007 -14.992847 -13.026468 -2.635981 1.929039 -2.069822 -18.549007 0.000000 -0.000000 0.000002 -9.226111 6.909978 -30.534191 0.526317 0.309159 51.023357 10.225680 9.726588 -11.726138 -1.417395 1.168346 -3.068543 0.000000 -0.000000 -0.000001
0.000000 0.000000 0.000000 0.000000 -0.000000 0.000000 0.354906 -7.572784 -1.400137 2.379382 0.696575 -5.906178 1.186042 -0.367184 1.046027 0.223684 -0.656623 -4.012934 3.253213 -2.900434 7.528991 -1.819696 3.710015 9.714658 -0.663075 1.681236 -3.684811 -1.404139 1.741474 -7.127911 0.000077 -0.000022 0.000006 -0.004819 -0.060984 0.088265 0.662000 -3.769588 -10.552259 -0.679055 3.673648 -10.542610 -8.918900 -17.549257 7.444606 -42.644661 -41.627365 -18.863329 -179.164429 -67.134262 178.628555 0.140179 -4.322351 -3.387627 -5.882102 9.861279 0.702590 -10.936861 -0.360574 7.156197 0.000000 8.774815 -0.000000 -16.315742 18.257296 5.904677 -1.844031 2.498503 -2.507276 -10.163590 4.678941 4.621104 -20.975996 -0.000001 0.000001 -21.226254 2.451698 -3.593995 0.000000 -0.000006 -0.000000 -1.362681 2.240797 -0.746323 -21.334892 0.584910 3.008319 -13.821196 -0.000001 0.000001 -23.887129 -0.249075 -0.839485 -60.176235 2.590262 -1.155967 -0.294025 1.679686 0.833255 -14.218195 0.093215 1.300579 -34.212002 -0.287561 0.967166 -20.033176 0.964536 1.212838 0.000000 -0.000000 0.000000 -3.440387 0.788233 0.501655 -15.928172 -3.167306 2.999703 -6.338817 -0.000000 0.000001 -18.123419 3.648181 -4.905662 -0.000004 0.000000 -0.000002 6.090624 15.444475 5.399343 55.952003 48.628761 0.806375 -179.469650 59.770432 -179.940338 -7.748886 -0.809956 -4.292152 2.243540 -5.255033 -3.180156 14.282877 -0.826594 6.952496 -0.000000 -12.690593 -0.000001 15.925999 -18.139660 3.256626 1.665665 -1.955920 -2.878297 4.727794 -4.170584 4.993919 11.020511 0.000001 -0.000000 12.109032 -3.735715 -2.866778 0.000000 -0.000000 0.000000 1.291985 -1.928548 -1.498088 14.800115 0.567467 3.865604 14.242553 -1.341738 -6.660648 19.631935 0.143921 -0.648243 49.367023 -0.684369 -6.012193 0.353029 -1.511150 -0.031940 20.222769 3.684305 2.316629 18.787249 0.000001 -0.000001 10.751608 -0.479870 1.397903 0.000000 -0.000000 0.000000 3.273804 0.305947 -0.580110 21.486790 11.830364 2.266131 8.162915 0.000000 -0.000000 18.399052 -3.798986 -4.940567 0.000003 0.000000 -0.000001 17.157187 -2.672084 6.230254 -0.097182 -0.616388 37.917007 -14.992847 -13.026468 -2.635981 1.929039 -2.069822 -18.549007 0.000000 -0.000000 0.000002 -9.226111 6.909978 -30.534191 0.526317 0.309159 51.023357 10.225680 9.726588 -11.726138 -1.417395 1.168346 -3.068543 0.000000 -0.000000 -0.000001
0.000000 0.000000 0.000000 0.000000 -0.000000 0.000000 0.354906 -7.474840 -1.400137 2.379382 0.696575 -5.906178 1.209077 -0.354306 0.881187 0.242185 -0.684754 -4.052773 3.283645 -2.857158 7.411054 -1.873398 3.689866 9.431025 -0.560787 1.906194 -3.688366 -1.384632 2.066563 -6.986936 0.000077 -0.000022 0.000006 -0.002694 -0.063656 0.080273 0.662316 -3.771858 -10.553940 -0.674635 3.670693 -10.544256 -9.020180 -17.499147 7.288127 -42.431969 -41.486561 -18.972322 -179.369843 -67.072182 178.848862 0.477142 -4.528852 -3.628673 -5.882102 9.861279 0.702590 -10.936861 -0.360574 7.156197 0.000000 8.774815 -0.000000 -16.242214 18.242975 5.910089 -1.844031 2.498503 -2.507276 -10.163590 4.678941 4.621104 -20.975996 -0.000001 0.000001 -21.226254 2.451698 -3.593995 0.000000 -0.000006 -0.000000 -1.362681 2.240797 -0.746323 -21.334892 0.584910 3.008319 -13.821196 -0.000001 0.000001 -23.887129 -0.249075 -0.839485 -60.130085 2.619912 -1.166916 -0.294025 1.679686 0.833255 -14.218195 0.093215 1.300579 -34.212002 -0.287561 0.967166 -20.033176 0.964536 1.212838 0.000000 -0.000000 0.000000 -3.440387 0.788233 0.501655 -15.928172 -3.167306 2.999703 -6.338817 -0.000000 0.000001 -18.123419 3.648181 -4.905662 -0.000004 0.000000 -0.000002 6.180516 15.511246 5.408575 55.281418 48.681007 0.401326 -179.392700 60.201508 -179.788925 -7.673762 -0.662764 -4.268201 2.243540 -5.255033 -3.180156 14.282877 -0.826594 6.952496 -0.000000 -12.690593 -0.000001 15.897238 -18.134609 3.237949 1.665665 -1.955920 -2.878297 4.727794 -4.170584 4.993919 11.020511 0.000001 -0.000000 12.109032 -3.735715 -2.866778 0.000000 -0.000000 0.000000 1.291985 -1.928548 -1.498088 14.800115 0.567467 3.865604 14.242553 -1.341738 -6.660648 19.631935 0.143921 -0.648243 49.261463 -0.671386 -6.037620 0.353029 -1.511150 -0.031940 20.222769 3.684305 2.316629 18.787249 0.000001 -0.000001 10.751608 -0.479870 1.397903 0.000000 -0.000000 0.000000 3.273804 0.305947 -0.580110 21.486790 11.830364 2.266131 8.162915 0.000000 -0.000000 18.399052 -3.798986 -4.940567 0.000003 0.000000 -0.000001 17.157187 -2.672084 6.230254 -0.097182 -0.616388 37.917007 -14.992847 -13.026468 -2.635981 1.929039 -2.069822 -18.549007 0.000000 -0.000000 0.000002 -9.226111 6.909978 -30.534191 0.526317 0.309159 51.023357 10.225680 9.726588 -11.726138 -1.417395 1.168346 -3.068543 0.000000 -0.000000 -0.000001
0.000000 0.000000 0.000000 0.000000 -0.000000 0.000000 0.354906 -7.402832 -1.400137 2.379382 0.696575 -5.906178 1.205297 -0.345963 0.725509 0.249788 -0.732095 -4.088417 3.292996 -2.890552 7.275199 -1.915386 3.665045 9.167503 -0.465927 2.044118 -3.691748 -1.352485 2.345956 -6.862373 0.000077 -0.000022 0.000006 0.000677 -0.061751 0.075280 0.664794 -3.765959 -10.551565 -0.669885 3.668857 -10.540445 -9.071901 -17.563503 7.159019 -42.223251 -41.395821 -19.028084 -179.665115 -67.027618 179.123215 0.809385 -4.651404 -3.877629 -5.882102 9.861279 0.702590 -10.936861 -0.360574 7.156197 0.000000 8.774815 -0.000000 -16.204241 18.214781 5.909763 -1.844031 2.498503 -2.507276 -10.163590 4.678941 4.621104 -20.975996 -0.000001 0.000001 -21.226254 2.451698 -3.593995 0.000000 -0.000006 -0.000000 -1.362681 2.240797 -0.746323 -21.334892 0.584910 3.008319 -13.821196 -0.000001 0.000001 -23.887129 -0.249075 -0.839485 -60.097443 2.632138 -1.171789 -0.294025 1.679686 0.833255 -14.218195 0.093215 1.300579 -34.212002 -0.287561 0.967166 -20.033176 0.964536 1.212838 0.000000 -0.000000 0.000000 -3.440387 0.788233 0.501655 -15.928172 -3.167306 2.999703 -6.338817 -0.000000 0.000001 -18.123419 3.648181 -4.905662 -0.000004 0.000000 -0.000002 6.230276 15.436604 5.336887 54.686115 48.608845 0.067479 -179.353745 60.423100 -179.672546 -7.639448 -0.611581 -4.217466 2.243540 -5.255033 -3.180156 14.282877 -0.826594 6.952496 -0.000000 -12.690593 -0.000001 15.925344 -18.151230 3.228742 1.665665 -1.955920 -2.878297 4.727794 -4.170584 4.993919 11.020511 0.000001 -0.000000 12.109032 -3.735715 -2.866778 0.000000 -0.000000 0.000000 1.291985 -1.928548 -1.498088 14.800115 0.567467 3.865604 14.242553 -1.341738 -6.660648 19.631935 0.143921 -0.648243 49.179138 -0.684244 -6.041698 0.353029 -1.511150 -0.031940 20.222769 3.684305 2.316629 18.787249 0.000001 -0.000001 10.751608 -0.479870 1.397903 0.000000 -0.000000 0.000000 3.273804 0.305947 -0.580110 21.486790 11.830364 2.266131 8.162915 0.000000 -0.000000 18.399052 -3.798986 -4.940567 0.000003 0.000000 -0.000001 17.157187 -2.672084 6.230254 -0.097182 -0.616388 37.917007 -14.992847 -13.026468 -2.635981 1.929039 -2.069822 -18.549007 0.000000 -0.000000 0.000002 -9.226111 6.909978 -30.534191 0.526317 0.309159 51.023357 10.225680 9.726588 -11.726138 -1.417395 1.168346 -3.068543 0.000000 -0.000000 -0.000001
0.000000 0.000000 0.000000 0.000000 -0.000000 0.000000 0.354906 -7.373093 -1.400137 2.379382 0.696575 -5.906178 1.167502 -0.347550 0.594188 0.244173 -0.788512 -4.125358 3.267556 -2.982818 7.147420 -1.906657 3.641984 8.960101 -0.396429 2.092238 -3.701339 -1.334383 2.530212 -6.772888 0.000077 -0.000022 0.000006 0.002829 -0.058558 0.071262 0.666030 -3.761557 -10.560282 -0.666428 3.670920 -10.547700 -9.090940 -17.732229 7.079174 -41.973488 -41.369740 -18.983208 179.911621 -67.023247 179.504547 1.121118 -4.690599 -4.145725 -5.882102 9.861279 0.702590 -10.936861 -0.360574 7.156197 0.000000 8.774815 -0.000000 -16.209257 18.195362 5.911327 -1.844031 2.498503 -2.507276 -10.163590 4.678941 4.621104 -20.975996 -0.000001 0.000001 -21.226254 2.451698 -3.593995 0.000000 -0.000006 -0.000000 -1.362681 2.240797 -0.746323 -21.334892 0.584910 3.008319 -13.821196 -0.000001 0.000001 -23.887129 -0.249075 -0.839485 -60.119106 2.614110 -1.172198 -0.294025 1.679686 0.833255 -14.218195 0.093215 1.300579 -34.212002 -0.287561 0.967166 -20.033176 0.964536 1.212838 0.000000 -0.000000 0.000000 -3.440387 0.788233 0.501655 -15.928172 -3.167306 2.999703 -6.338817 -0.000000 0.000001 -18.123419 3.648181 -4.905662 -0.000004 0.000000 -0.000002 6.229909 15.255441 5.209028 54.243290 48.393417 -0.202071 -179.344498 60.449333 -179.573807 -7.627929 -0.587431 -4.104798 2.243540 -5.255033 -3.180156 14.282877 -0.826594 6.952496 -0.000000 -12.690593 -0.000001 15.983037 -18.195120 3.224175 1.665665 -1.955920 -2.878297 4.727794 -4.170584 4.993919 11.020511 0.000001 -0.000000 12.109032 -3.735715 -2.866778 0.000000 -0.000000 0.000000 1.291985 -1.928548 -1.498088 14.800115 0.567467 3.865604 14.242553 -1.341738 -6.660648 19.631935 0.143921 -0.648243 49.125698 -0.710346 -6.044232 0.353029 -1.511150 -0.031940 20.222769 3.684305 2.316629 18.787249 0.000001 -0.000001 10.751608 -0.479870 1.397903 0.000000 -0.000000 0.000000 3.273804 0.305947 -0.580110 21.486790 11.830364 2.266131 8.162915 0.000000 -0.000000 18.399052 -3.798986 -4.940567 0.000003 0.000000 -0.000001 17.157187 -2.672084 6.230254 -0.097182 -0.616388 37.917007 -14.992847 -13.026468 -2.635981 1.929039 -2.069822 -18.549007 0.000000 -0.000000 0.000002 -9.226111 6.909978 -30.534191 0.526317 0.309159 51.023357 10.225680 9.726588 -11.726138 -1.417395 1.168346 -3.068543 0.000000 -0.000000 -0.000001
0.000000 0.000000 0.000000 0.000000 -0.000000 0.000000 0.354906 -7.391022 -1.400137 2.379382 0.696575 -5.906178 1.128119 -0.356762 0.512108 0.233461 -0.835160 -4.158048 3.230802 -3.102801 7.069811 -1.864264 3.645628 8.813978 -0.362367 2.094057 -3.710253 -1.329922 2.616504 -6.731828 0.000077 -0.000022 0.000006 0.004447 -0.048055 0.066868 0.667360 -3.751726 -10.573208 -0.664272 3.681699 -10.561022 -9.094451 -17.937315 7.026078 -41.717575 -41.367729 -18.871002 179.582535 -67.058922 179.806824 1.339461 -4.682543 -4.391111 -5.882102 9.861279 0.702590 -10.936861 -0.360574 7.156197 0.000000 8.774815 -0.000000 -16.257404 18.192896 5.918343 -1.844031 2.498503 -2.507276 -10.163590 4.678941 4.621104 -20.975996 -0.000001 0.000001 -21.226254 2.451698 -3.593995 0.000000 -0.000006 -0.000000 -1.362681 2.240797 -0.746323 -21.334892 0.584910 3.008319 -13.821196 -0.000001 0.000001 -23.887129 -0.249075 -0.839485 -60.176624 2.593809 -1.185040 -0.294025 1.679686 0.833255 -14.218195 0.093215 1.300579 -34.212002 -0.287561 0.967166 -20.033176 0.964536 1.212838 0.000000 -0.000000 0.000000 -3.440387 0.788233 0.501655 -15.928172 -3.167306 2.999703 -6.338817 -0.000000 0.000001 -18.123419 3.648181 -4.905662 -0.000004 0.000000 -0.000002 6.180171 15.073486 5.064420 53.998047 48.093636 -0.452618 -179.296082 60.353806 -179.450195 -7.715670 -0.546186 -4.035615 2.243540 -5.255033 -3.180156 14.282877 -0.826594 6.952496 -0.000000 -12.690593 -0.000001 16.036343 -18.226152 3.209610 1.665665 -1.955920 -2.878297 4.727794 -4.170584 4.993919 11.020511 0.000001 -0.000000 12.109032 -3.735715 -2.866778 0.000000 -0.000000 0.000000 1.291985 -1.928548 -1.498088 14.800115 0.567467 3.865604 14.242553 -1.341738 -6.660648 19.631935 0.143921 -0.648243 49.089462 -0.738456 -6.051077 0.353029 -1.511150 -0.031940 20.222769 3.684305 2.316629 18.787249 0.000001 -0.000001 10.751608 -0.479870 1.397903 0.000000 -0.000000 0.000000 3.273804 0.305947 -0.580110 21.486790 11.830364 2.266131 8.162915 0.000000 -0.000000 18.399052 -3.798986 -4.940567 0.000003 0.000000 -0.000001 17.157187 -2.672084 6.230254 -0.097182 -0.616388 37.917007 -14.992847 -13.026468 -2.635981 1.929039 -2.069822 -18.549007 0.000000 -0.000000 0.000002 -9.226111 6.909978 -30.534191 0.526317 0.309159 51.023357 10.225680 9.726588 -11.726138 -1.417395 1.168346 -3.068543 0.000000 -0.000000 -0.000001
0.000000 0.000000 0.000000 0.000000 -0.000000 0.000000 0.354906 -7.442711 -1.400137 2.379382 0.696575 -5.906178 1.096182 -0.357337 0.474638 0.228419 -0.873894 -4.177165 3.196041 -3.216701 7.039937 -1.813952 3.667685 8.706739 -0.345899 2.173148 -3.720070 -1.357323 2.660509 -6.728333 0.000077 -0.000022 0.000006 0.005979 -0.018793 0.059184 0.669363 -3.722317 -10.587634 -0.663142 3.710573 -10.574689 -9.140590 -18.079458 7.063760 -41.503994 -41.419674 -18.599506 179.054581 -67.083443 -179.830231 1.449969 -4.705925 -4.454695 -5.882102 9.861279 0.702590 -10.936861 -0.360574 7.156197 0.000000 8.774815 -0.000000 -16.326111 18.198872 5.918276 -1.844031 2.498503 -2.507276 -10.163590 4.678941 4.621104 -20.975996 -0.000001 0.000001 -21.226254 2.451698 -3.593995 0.000000 -0.000006 -0.000000 -1.362681 2.240797 -0.746323 -21.334892 0.584910 3.008319 -13.821196 -0.000001 0.000001 -23.887129 -0.249075 -0.839485 -60.259182 2.601998 -1.203497 -0.294025 1.679686 0.833255 -14.218195 0.093215 1.300579 -34.212002 -0.287561 0.967166 -20.033176 0.964536 1.212838 0.000000 -0.000000 0.000000 -3.440387 0.788233 0.501655 -15.928172 -3.167306 2.999703 -6.338817 -0.000000 0.000001 -18.123419 3.648181 -4.905662 -0.000004 0.000000 -0.000002 6.142486 14.957493 4.958766 53.934967 47.828743 -0.607824 -179.083099 60.207047 -179.230774 -7.869349 -0.522443 -4.222215 2.243540 -5.255033 -3.180156 14.282877 -0.826594 6.952496 -0.000000 -12.690593 -0.000001 16.089851 -18.208628 3.203458 1.665665 -1.955920 -2.878297 4.727794 -4.170584 4.993919 11.020511 0.000001 -0.000000 12.109032 -3.735715 -2.866778 0.000000 -0.000000 0.000000 1.291985 -1.928548 -1.498088 14.800115 0.567467 3.865604 14.242553 -1.341738 -6.660648 19.631935 0.143921 -0.648243 49.077980 -0.762912 -6.050345 0.353029 -1.511150 -0.031940 20.222769 3.684305 2.316629 18.787249 0.000001 -0.000001 10.751608 -0.479870 1.397903 0.000000 -0.000000 0.000000 3.273804 0.305947 -0.580110 21.486790 11.830364 2.266131 8.162915 0.000000 -0.000000 18.399052 -3.798986 -4.940567 0.000003 0.000000 -0.000001 17.157187 -2.672084 6.230254 -0.097182 -0.616388 37.917007 -14.992847 -13.026468 -2.635981 1.929039 -2.069822 -18.549007 0.000000 -0.000000 0.000002 -9.226111 6.909978 -30.534191 0.526317 0.309159 51.023357 10.225680 9.726588 -11.726138 -1.417395 1.168346 -3.068543 0.000000 -0.000000 -0.000001
0.000000 0.000000 0.000000 0.000000 -0.000000 0.000000 0.354906 -7.539277 -1.400137 2.379382 0.696575 -5.906178 1.095522 -0.382995 0.418335 0.217845 -0.943438 -4.189330 3.170740 -3.271651 7.097960 -1.742712 3.672867 8.605921 -0.345902 2.210612 -3.724077 -1.381871 2.697792 -6.688209 0.000077 -0.000022 0.000006 0.003761 -0.047512 0.068332 0.670619 -3.749890 -10.580624 -0.669088 3.680459 -10.563707 -9.185374 -18.216465 7.086403 -41.352833 -41.398071 -18.304663 178.849136 -67.053368 -179.536957 1.497359 -4.521555 -4.542646 -5.882102 9.861279 0.702590 -10.936861 -0.360574 7.156197 0.000000 8.774815 -0.000000 -16.519112 18.191656 5.877642 -1.844031 2.498503 -2.507276 -10.163590 4.678941 4.621104 -20.975996 -0.000001 0.000001 -21.226254 2.451698 -3.593995 0.000000 -0.000006 -0.000000 -1.362681 2.240797 -0.746323 -21.334892 0.584910 3.008319 -13.821196 -0.000001 0.000001 -23.887129 -0.249075 -0.839485 -60.403324 2.605163 -1.200998 -0.294025 1.679686 0.833255 -14.218195 0.093215 1.300579 -34.212002 -0.287561 0.967166 -20.033176 0.964536 1.212838 0.000000 -0.000000 0.000000 -3.440387 0.788233 0.501655 -15.928172 -3.167306 2.999703 -6.338817 -0.000000 0.000001 -18.123419 3.648181 -4.905662 -0.000004 0.000000 -0.000002 6.047595 14.846271 4.756310 54.092640 47.520851 -0.694066 -178.952866 60.101074 -178.983780 -8.046502 -0.581841 -4.675910 2.243540 -5.255033 -3.180156 14.282877 -0.826594 6.952496 -0.000000 -12.690593 -0.000001 16.038307 -18.237841 3.223163 1.665665 -1.955920 -2.878297 4.727794 -4.170584 4.993919 11.020511 0.000001 -0.000000 12.109032 -3.735715 -2.866778 0.000000 -0.000000 0.000000 1.291985 -1.928548 -1.498088 14.800115 0.567467 3.865604 14.242553 -1.341738 -6.660648 19.631935 0.143921 -0.648243 49.113766 -0.811188 -6.081356 0.353029 -1.511150 -0.031940 20.222769 3.684305 2.316629 18.787249 0.000001 -0.000001 10.751608 -0.479870 1.397903 0.000000 -0.000000 0.000000 3.273804 0.305947 -0.580110 21.486790 11.830364 2.266131 8.162915 0.000000 -0.000000 18.399052 -3.798986 -4.940567 0.000003 0.000000 -0.000001 17.157187 -2.672084 6.230254 -0.097182 -0.616388 37.917007 -14.992847 -13.026468 -2.635981 1.929039 -2.069822 -18.549007 0.000000 -0.000000 0.000002 -9.226111 6.909978 -30.534191 0.526317 0.309159 51.023357 10.225680 9.726588 -11.726138 -1.417395 1.168346 -3.068543 0.000000 -0.000000 -0.000001
0.000000 0.000000 0.000000 0.000000 -0.000000 0.000000 0.354906 -7.627459 -1.400137 2.379382 0.696575 -5.906178 1.159680 -0.357401 0.450288 0.230030 -0.853040 -4.197505 3.274160 -3.188038 7.212181 -1.914276 3.735260 8.631041 -0.299813 2.416497 -3.715104 -1.385409 2.768690 -6.687315 0.000077 -0.000022 0.000006 0.001720 -0.028438 0.062485 0.665799 -3.731174 -10.584233 -0.668622 3.699505 -10.576184 -9.372317 -18.042891 7.069826 -41.239822 -41.313499 -18.090559 178.845901 -66.970566 -179.536118 1.599199 -4.456353 -4.675113 -5.882102 9.861279 0.702590 -10.936861 -0.360574 7.156197 0.000000 8.774815 -0.000000 -16.516205 18.221828 5.872368 -1.844031 2.498503 -2.507276 -10.163590 4.678941 4.621104 -20.975996 -0.000001 0.000001 -21.226254 2.451698 -3.593995 0.000000 -0.000006 -0.000000 -1.362681 2.240797 -0.746323 -21.334892 0.584910 3.008319 -13.821196 -0.000001 0.000001 -23.887129 -0.249075 -0.839485 -60.411411 2.634747 -1.218750 -0.294025 1.679686 0.833255 -14.218195 0.093215 1.300579 -34.212002 -0.287561 0.967166 -20.033176 0.964536 1.212838 0.000000 -0.000000 0.000000 -3.440387 0.788233 0.501655 -15.928172 -3.167306 2.999703 -6.338817 -0.000000 0.000001 -18.123419 3.648181 -4.905662 -0.000004 0.000000 -0.000002 5.962365 15.073382 4.814618 54.378880 47.594376 -0.666644 -178.898590 60.213612 -178.939316 -8.289964 -0.381243 -4.978326 2.243540 -5.255033 -3.180156 14.282877 -0.826594 6.952496 -0.000000 -12.690593 -0.000001 16.079851 -18.204443 3.137096 1.665665 -1.955920 -2.878297 4.727794 -4.170584 4.993919 11.020511 0.000001 -0.000000 12.109032 -3.735715 -2.866778 0.000000 -0.000000 0.000000 1.291985 -1.928548 -1.498088 14.800115 0.567467 3.865604 14.242553 -1.341738 -6.660648 19.631935 0.143921 -0.648243 49.037537 -0.776969 -6.115146 0.353029 -1.511150 -0.031940 20.222769 3.684305 2.316629 18.787249 0.000001 -0.000001 10.751608 -0.479870 1.397903 0.000000 -0.000000 0.000000 3.273804 0.305947 -0.580110 21.486790 11.830364 2.266131 8.162915 0.000000 -0.000000 18.399052 -3.798986 -4.940567 0.000003 0.000000 -0.000001 17.157187 -2.672084 6.230254 -0.097182 -0.616388 37.917007 -14.992847 -13.026468 -2.635981 1.929039 -2.069822 -18.549007 0.000000 -0.000000 0.000002 -9.226111 6.909978 -30.534191 0.526317 0.309159 51.023357 10.225680 9.726588 -11.726138 -1.417395 1.168346 -3.068543 0.000000 -0.000000 -0.000001
0.000000 0.000000 0.000000 0.000000 -0.000000 0.000000 0.354906 -7.701702 -1.400137 2.379382 0.696575 -5.906178 1.232860 -0.345042 0.472697 0.238859 -0.816737 -4.211060 3.391985 -3.147822 7.360234 -2.013160 3.776029 8.713433 -0.266666 2.578678 -3.703408 -1.375531 2.865322 -6.656663 0.000077 -0.000022 0.000006 0.001745 -0.029625 0.061541 0.666116 -3.730208 -10.576092 -0.669090 3.696224 -10.567606 -9.540144 -17.931503 7.086282 -41.156738 -41.138874 -18.016989 179.039825 -66.756981 -179.683380 1.576556 -4.264541 -4.871266 -5.882102 9.861279 0.702590 -10.936861 -0.360574 7.156197 0.000000 8.774815 -0.000000 -16.540018 18.213745 5.852914 -1.844031 2.498503 -2.507276 -10.163590 4.678941 4.621104 -20.975996 -0.000001 0.000001 -21.226254 2.451698 -3.593995 0.000000 -0.000006 -0.000000 -1.362681 2.240797 -0.746323 -21.334892 0.584910 3.008319 -13.821196 -0.000001 0.000001 -23.887129 -0.249075 -0.839485 -60.453651 2.627623 -1.218395 -0.294025 1.679686 0.833255 -14.218195 0.093215 1.300579 -34.212002 -0.287561 0.967166 -20.033176 0.964536 1.212838 0.000000 -0.000000 0.000000 -3.440387 0.788233 0.501655 -15.928172 -3.167306 2.999703 -6.338817 -0.000000 0.000001 -18.123419 3.648181 -4.905662 -0.000004 0.000000 -0.000002 5.916464 15.203071 4.924930 54.827721 47.714172 -0.451576 -178.773468 60.333317 -178.813980 -8.426926 -0.193856 -5.204350 2.243540 -5.255033 -3.180156 14.282877 -0.826594 6.952496 -0.000000 -12.690593 -0.000001 16.019558 -18.200333 3.104198 1.665665 -1.955920 -2.878297 4.727794 -4.170584 4.993919 11.020511 0.000001 -0.000000 12.109032 -3.735715 -2.866778 0.000000 -0.000000 0.000000 1.291985 -1.928548 -1.498088 14.800115 0.567467 3.865604 14.242553 -1.341738 -6.660648 19.631935 0.143921 -0.648243 48.971458 -0.763534 -6.134584 0.353029 -1.511150 -0.031940 20.222769 3.684305 2.316629 18.787249 0.000001 -0.000001 10.751608 -0.479870 1.397903 0.000000 -0.000000 0.000000 3.273804 0.305947 -0.580110 21.486790 11.830364 2.266131 8.162915 0.000000 -0.000000 18.399052 -3.798986 -4.940567 0.000003 0.000000 -0.000001 17.157187 -2.672084 6.230254 -0.097182 -0.616388 37.917007 -14.992847 -13.026468 -2.635981 1.929039 -2.069822 -18.549007 0.000000 -0.000000 0.000002 -9.226111 6.909978 -30.534191 0.526317 0.309159 51.023357 10.225680 9.726588 -11.726138 -1.417395 1.168346 -3.068543 0.000000 -0.000000 -0.000001
0.000000 0.000000 0.000000 0.000000 -0.000000 0.000000 0.354906 -7.730030 -1.400137 2.379382 0.696575 -5.906178 1.284328 -0.340512 0.491696 0.243802 -0.793728 -4.223540 3.493885 -3.127406 7.507896 -2.049983 3.773291 8.889532 -0.249442 2.705159 -3.693792 -1.364006 2.903437 -6.608605 0.000077 -0.000022 0.000006 0.002464 -0.024215 0.059709 0.671016 -3.724759 -10.576247 -0.672612 3.702189 -10.569174 -9.671015 -17.844885 7.146469 -41.124741 -40.934250 -18.016279 179.255692 -66.448593 -179.856674 1.555859 -4.047796 -5.047042 -5.882102 9.861279 0.702590 -10.936861 -0.360574 7.156197 0.000000 8.774815 -0.000000 -16.577427 18.203947 5.820600 -1.844031 2.498503 -2.507276 -10.163590 4.678941 4.621104 -20.975996 -0.000001 0.000001 -21.226254 2.451698 -3.593995 0.000000 -0.000006 -0.000000 -1.362681 2.240797 -0.746323 -21.334892 0.584910 3.008319 -13.821196 -0.000001 0.000001 -23.887129 -0.249075 -0.839485 -60.477337 2.628272 -1.226900 -0.294025 1.679686 0.833255 -14.218195 0.093215 1.300579 -34.212002 -0.287561 0.967166 -20.033176 0.964536 1.212838 0.000000 -0.000000 0.000000 -3.440387 0.788233 0.501655 -15.928172 -3.167306 2.999703 -6.338817 -0.000000 0.000001 -18.123419 3.648181 -4.905662 -0.000004 0.000000 -0.000002 5.911182 15.259149 5.042655 55.388588 47.808899 -0.078568 -178.642365 60.418797 -178.722794 -8.465974 0.009039 -5.224615 2.243540 -5.255033 -3.180156 14.282877 -0.826594 6.952496 -0.000000 -12.690593 -0.000001 15.968259 -18.244490 3.105389 1.665665 -1.955920 -2.878297 4.727794 -4.170584 4.993919 11.020511 0.000001 -0.000000 12.109032 -3.735715 -2.866778 0.000000 -0.000000 0.000000 1.291985 -1.928548 -1.498088 14.800115 0.567467 3.865604 14.242553 -1.341738 -6.660648 19.631935 0.143921 -0.648243 48.991817 -0.752432 -6.142130 0.353029 -1.511150 -0.031940 20.222769 3.684305 2.316629 18.787249 0.000001 -0.000001 10.751608 -0.479870 1.397903 0.000000 -0.000000 0.000000 3.273804 0.305947 -0.580110 21.486790 11.830364 2.266131 8.162915 0.000000 -0.000000 18.399052 -3.798986 -4.940567 0.000003 0.000000 -0.000001 17.157187 -2.672084 6.230254 -0.097182 -0.616388 37.917007 -14.992847 -13.026468 -2.635981 1.929039 -2.069822 -18.549007 0.000000 -0.000000 0.000002 -9.226111 6.909978 -30.534191 0.526317 0.309159 51.023357 10.225680 9.726588 -11.726138 -1.417395 1.168346 -3.068543 0.000000 -0.000000 -0.000001
0.000000 0.000000 0.000000 0.000000 -0.000000 0.000000 0.354906 -7.722248 -1.400137 2.379382 0.696575 -5.906178 1.310315 -0.341787 0.502298 0.240557 -0.808774 -4.233120 3.551179 -3.125083 7.621519 -1.992504 3.734327 9.121503 -0.240072 2.766675 -3.687630 -1.361637 2.935111 -6.546554 0.000077 -0.000022 0.000006 0.002702 -0.025534 0.061650 0.677129 -3.726534 -10.582324 -0.678204 3.701925 -10.574359 -9.697887 -17.785810 7.177560 -41.229538 -40.766136 -17.923851 179.296875 -66.158188 -179.905899 1.510525 -3.833464 -5.172672 -5.882102 9.861279 0.702590 -10.936861 -0.360574 7.156197 0.000000 8.774815 -0.000000 -16.642986 18.204531 5.772961 -1.844031 2.498503 -2.507276 -10.163590 4.678941 4.621104 -20.975996 -0.000001 0.000001 -21.226254 2.451698 -3.593995 0.000000 -0.000006 -0.000000 -1.362681 2.240797 -0.746323 -21.334892 0.584910 3.008319 -13.821196 -0.000001 0.000001 -23.887129 -0.249075 -0.839485 -60.501381 2.614161 -1.247763 -0.294025 1.679686 0.833255 -14.218195 0.093215 1.300579 -34.212002 -0.287561 0.967166 -20.033176 0.964536 1.212838 0.000000 -0.000000 0.000000 -3.440387 0.788233 0.501655 -15.928172 -3.167306 2.999703 -6.338817 -0.000000 0.000001 -18.123419 3.648181 -4.905662 -0.000004 0.000000 -0.000002 5.907733 15.225629 5.125925 55.951641 47.813164 0.311344 -178.505966 60.416077 -178.647461 -8.423965 0.105311 -5.220065 2.243540 -5.255033 -3.180156 14.282877 -0.826594 6.952496 -0.000000 -12.690593 -0.000001 15.931762 -18.277163 3.129060 1.665665 -1.955920 -2.878297 4.727794 -4.170584 4.993919 11.020511 0.000001 -0.000000 12.109032 -3.735715 -2.866778 0.000000 -0.000000 0.000000 1.291985 -1.928548 -1.498088 14.800115 0.567467 3.865604 14.242553 -1.341738 -6.660648 19.631935 0.143921 -0.648243 49.071636 -0.754808 -6.138320 0.353029 -1.511150 -0.031940 20.222769 3.684305 2.316629 18.787249 0.000001 -0.000001 10.751608 -0.479870 1.397903 0.000000 -0.000000 0.000000 3.273804 0.305947 -0.580110 21.486790 11.830364 2.266131 8.162915 0.000000 -0.000000 18.399052 -3.798986 -4.940567 0.000003 0.000000 -0.000001 17.157187 -2.672084 6.230254 -0.097182 -0.616388 37.917007 -14.992847 -13.026468 -2.635981 1.929039 -2.069822 -18.549007 0.000000 -0.000000 0.000002 -9.226111 6.909978 -30.534191 0.526317 0.309159 51.023357 10.225680 9.726588 -11.726138 -1.417395 1.168346 -3.068543 0.000000 -0.000000 -0.000001
0.000000 0.000000 0.000000 0.000000 -0.000000 0.000000 0.354906 -7.689876 -1.400137 2.379382 0.696575 -5.906178 1.314032 -0.345148 0.504948 0.228835 -0.840090 -4.240486 3.574054 -3.127976 7.692688 -1.883354 3.682770 9.356608 -0.234946 2.767188 -3.680735 -1.376996 2.951955 -6.498662 0.000077 -0.000022 0.000006 0.003253 -0.037885 0.066232 0.681986 -3.737226 -10.582582 -0.681785 3.688638 -10.573629 -9.678693 -17.775709 7.188581 -41.372913 -40.639637 -17.837713 179.267380 -65.906776 -179.906967 1.426394 -3.553830 -5.298164 -5.882102 9.861279 0.702590 -10.936861 -0.360574 7.156197 0.000000 8.774815 -0.000000 -16.661026 18.211491 5.746277 -1.844031 2.498503 -2.507276 -10.163590 4.678941 4.621104 -20.975996 -0.000001 0.000001 -21.226254 2.451698 -3.593995 0.000000 -0.000006 -0.000000 -1.362681 2.240797 -0.746323 -21.334892 0.584910 3.008319 -13.821196 -0.000001 0.000001 -23.887129 -0.249075 -0.839485 -60.470718 2.613117 -1.277051 -0.294025 1.679686 0.833255 -14.218195 0.093215 1.300579 -34.212002 -0.287561 0.967166 -20.033176 0.964536 1.212838 0.000000 -0.000000 0.000000 -3.440387 0.788233 0.501655 -15.928172 -3.167306 2.999703 -6.338817 -0.000000 0.000001 -18.123419 3.648181 -4.905662 -0.000004 0.000000 -0.000002 5.921525 15.138418 5.163844 56.390930 47.775421 0.611586 -178.347244 60.354832 -178.563828 -8.328291 0.062781 -5.107560 2.243540 -5.255033 -3.180156 14.282877 -0.826594 6.952496 -0.000000 -12.690593 -0.000001 15.933944 -18.293262 3.156185 1.665665 -1.955920 -2.878297 4.727794 -4.170584 4.993919 11.020511 0.000001 -0.000000 12.109032 -3.735715 -2.866778 0.000000 -0.000000 0.000000 1.291985 -1.928548 -1.498088 14.800115 0.567467 3.865604 14.242553 -1.341738 -6.660648 19.631935 0.143921 -0.648243 49.142715 -0.769929 -6.130243 0.353029 -1.511150 -0.031940 20.222769 3.684305 2.316629 18.787249 0.000001 -0.000001 10.751608 -0.479870 1.397903 0.000000 -0.000000 0.000000 3.273804 0.305947 -0.580110 21.486790 11.830364 2.266131 8.162915 0.000000 -0.000000 18.399052 -3.798986 -4.940567 0.000003 0.000000 -0.000001 17.157187 -2.672084 6.230254 -0.097182 -0.616388 37.917007 -14.992847 -13.026468 -2.635981 1.929039 -2.069822 -18.549007 0.000000 -0.000000 0.000002 -9.226111 6.909978 -30.534191 0.526317 0.309159 51.023357 10.225680 9.726588 -11.726138 -1.417395 1.168346 -3.068543 0.000000 -0.000000 -0.000001
0.000000 0.000000 0.000000 0.000000 -0.000000 0.000000 0.354906 -7.641001 -1.400137 2.379382 0.696575 -5.906178 1.313945 -0.341514 0.521704 0.220720 -0.854784 -4.246293 3.563358 -3.139655 7.701963 -1.783816 3.643870 9.565395 -0.229900 2.742067 -3.681591 -1.396008 2.948823 -6.479083 0.000077 -0.000022 0.000006 0.004237 -0.031426 0.069588 0.685981 -3.729663 -10.583239 -0.683661 3.694165 -10.573670 -9.698117 -17.789965 7.267518 -41.379566 -40.590008 -17.901604 179.111496 -65.693542 -179.867798 1.305709 -3.292053 -5.322760 -5.882102 9.861279 0.702590 -10.936861 -0.360574 7.156197 0.000000 8.774815 -0.000000 -16.618904 18.203562 5.753592 -1.844031 2.498503 -2.507276 -10.163590 4.678941 4.621104 -20.975996 -0.000001 0.000001 -21.226254 2.451698 -3.593995 0.000000 -0.000006 -0.000000 -1.362681 2.240797 -0.746323 -21.334892 0.584910 3.008319 -13.821196 -0.000001 0.000001 -23.887129 -0.249075 -0.839485 -60.419697 2.611194 -1.278153 -0.294025 1.679686 0.833255 -14.218195 0.093215 1.300579 -34.212002 -0.287561 0.967166 -20.033176 0.964536 1.212838 0.000000 -0.000000 0.000000 -3.440387 0.788233 0.501655 -15.928172 -3.167306 2.999703 -6.338817 -0.000000 0.000001 -18.123419 3.648181 -4.905662 -0.000004 0.000000 -0.000002 5.935705 15.056255 5.170651 56.695831 47.802986 0.825327 -178.163681 60.276039 -178.516205 -8.243141 -0.053174 -4.993800 2.243540 -5.255033 -3.180156 14.282877 -0.826594 6.952496 -0.000000 -12.690593 -0.000001 15.948157 -18.280153 3.196421 1.665665 -1.955920 -2.878297 4.727794 -4.170584 4.993919 11.020511 0.000001 -0.000000 12.109032 -3.735715 -2.866778 0.000000 -0.000000 0.000000 1.291985 -1.928548 -1.498088 14.800115 0.567467 3.865604 14.242553 -1.341738 -6.660648 19.631935 0.143921 -0.648243 49.196369 -0.784215 -6.108656 0.353029 -1.511150 -0.031940 20.222769 3.684305 2.316629 18.787249 0.000001 -0.000001 10.751608 -0.479870 1.397903 0.000000 -0.000000 0.000000 3.273804 0.305947 -0.580110 21.486790 11.830364 2.266131 8.162915 0.000000 -0.000000 18.399052 -3.798986 -4.940567 0.000003 0.000000 -0.000001 17.157187 -2.672084 6.230254 -0.097182 -0.616388 37.917007 -14.992847 -13.026468 -2.635981 1.929039 -2.069822 -18.549007 0.000000 -0.000000 0.000002 -9.226111 6.909978 -30.534191 0.526317 0.309159 51.023357 10.225680 9.726588 -11.726138 -1.417395 1.168346 -3.068543 0.000000 -0.000000 -0.000001
0.000000 0.000000 0.000000 0.000000 -0.000000 0.000000 0.354906 -7.616883 -1.400137 2.379382 0.696575 -5.906178 1.321984 -0.347634 0.506965 0.220538 -0.898196 -4.247346 3.512581 -3.145181 7.705164 -1.669591 3.629889 9.700962 -0.255810 2.599596 -3.679767 -1.385565 2.928412 -6.506160 0.000077 -0.000022 0.000006 0.002715 -0.074059 0.086275 0.687470 -3.770737 -10.568275 -0.688100 3.650193 -10.554855 -9.698574 -17.863810 7.264404 -41.346001 -40.502853 -18.072348 179.174728 -65.518684 -179.855713 1.158959 -2.868416 -5.579757 -5.882102 9.861279 0.702590 -10.936861 -0.360574 7.156197 0.000000 8.774815 -0.000000 -16.664867 18.190434 5.749624 -1.844031 2.498503 -2.507276 -10.163590 4.678941 4.621104 -20.975996 -0.000001 0.000001 -21.226254 2.451698 -3.593995 0.000000 -0.000006 -0.000000 -1.362681 2.240797 -0.746323 -21.334892 0.584910 3.008319 -13.821196 -0.000001 0.000001 -23.887129 -0.249075 -0.839485 -60.458683 2.576557 -1.244959 -0.294025 1.679686 0.833255 -14.218195 0.093215 1.300579 -34.212002 -0.287561 0.967166 -20.033176 0.964536 1.212838 0.000000 -0.000000 0.000000 -3.440387 0.788233 0.501655 -15.928172 -3.167306 2.999703 -6.338817 -0.000000 0.000001 -18.123419 3.648181 -4.905662 -0.000004 0.000000 -0.000002 5.903581 14.936067 5.161290 56.852589 47.886932 0.846158 -178.178879 60.216259 -178.597473 -8.282026 -0.191620 -5.145179 2.243540 -5.255033 -3.180156 14.282877 -0.826594 6.952496 -0.000000 -12.690593 -0.000001 15.939210 -18.328388 3.219424 1.665665 -1.955920 -2.878297 4.727794 -4.170584 4.993919 11.020511 0.000001 -0.000000 12.109032 -3.735715 -2.866778 0.000000 -0.000000 0.000000 1.291985 -1.928548 -1.498088 14.800115 0.567467 3.865604 14.242553 -1.341738 -6.660648 19.631935 0.143921 -0.648243 49.322762 -0.823889 -6.105363 0.353029 -1.511150 -0.031940 20.222769 3.684305 2.316629 18.787249 0.000001 -0.000001 10.751608 -0.479870 1.397903 0.000000 -0.000000 0.000000 3.273804 0.305947 -0.580110 21.486790 11.830364 2.266131 8.162915 0.000000 -0.000000 18.399052 -3.798986 -4.940567 0.000003 0.000000 -0.000001 17.157187 -2.672084 6.230254 -0.097182 -0.616388 37.917007 -14.992847 -13.026468 -2.635981 1.929039 -2.069822 -18.549007 0.000000 -0.000000 0.000002 -9.226111 6.909978 -30.534191 0.526317 0.309159 51.023357 10.225680 9.726588 -11.726138 -1.417395 1.168346 -3.068543 0.000000 -0.000000 -0.000001
0.000000 0.000000 0.000000 0.000000 -0.000000 0.000000 0.354906 -7.560418 -1.400137 2.379382 0.696575 -5.906178 1.360686 -0.335317 0.513553 0.232285 -0.818272 -4.250349 3.499917 -3.069356 7.712369 -1.701310 3.623762 9.825294 -0.258672 2.592053 -3.678147 -1.361815 2.901756 -6.537539 0.000077 -0.000022 0.000006 0.000288 -0.067242 0.087081 0.684513 -3.767192 -10.574575 -0.689862 3.660228 -10.565040 -9.787633 -17.784229 7.249338 -41.247955 -40.495419 -18.376823 179.363098 -65.455124 179.989288 1.163597 -2.661824 -5.770713 -5.882102 9.861279 0.702590 -10.936861 -0.360574 7.156197 0.000000 8.774815 -0.000000 -16.606066 18.230705 5.775198 -1.844031 2.498503 -2.507276 -10.163590 4.678941 4.621104 -20.975996 -0.000001 0.000001 -21.226254 2.451698 -3.593995 0.000000 -0.000006 -0.000000 -1.362681 2.240797 -0.746323 -21.334892 0.584910 3.008319 -13.821196 -0.000001 0.000001 -23.887129 -0.249075 -0.839485 -60.436634 2.611105 -1.255833 -0.294025 1.679686 0.833255 -14.218195 0.093215 1.300579 -34.212002 -0.287561 0.967166 -20.033176 0.964536 1.212838 0.000000 -0.000000 0.000000 -3.440387 0.788233 0.501655 -15.928172 -3.167306 2.999703 -6.338817 -0.000000 0.000001 -18.123419 3.648181 -4.905662 -0.000004 0.000000 -0.000002 5.848796 15.048936 5.203743 56.968647 48.056187 0.785653 -178.290024 60.300140 -178.774841 -8.385468 -0.078202 -5.195036 2.243540 -5.255033 -3.180156 14.282877 -0.826594 6.952496 -0.000000 -12.690593 -0.000001 15.977168 -18.297583 3.182886 1.665665 -1.955920 -2.878297 4.727794 -4.170584 4.993919 11.020511 0.000001 -0.000000 12.109032 -3.735715 -2.866778 0.000000 -0.000000 0.000000 1.291985 -1.928548 -1.498088 14.800115 0.567467 3.865604 14.242553 -1.341738 -6.660648 19.631935 0.143921 -0.648243 49.330250 -0.807383 -6.088307 0.353029 -1.511150 -0.031940 20.222769 3.684305 2.316629 18.787249 0.000001 -0.000001 10.751608 -0.479870 1.397903 0.000000 -0.000000 0.000000 3.273804 0.305947 -0.580110 21.486790 11.830364 2.266131 8.162915 0.000000 -0.000000 18.399052 -3.798986 -4.940567 0.000003 0.000000 -0.000001 17.157187 -2.672084 6.230254 -0.097182 -0.616388 37.917007 -14.992847 -13.026468 -2.635981 1.929039 -2.069822 -18.549007 0.000000 -0.000000 0.000002 -9.226111 6.909978 -30.534191 0.526317 0.309159 51.023357 10.225680 9.726588 -11.726138 -1.417395 1.168346 -3.068543 0.000000 -0.000000 -0.000001
0.000000 0.000000 0.000000 0.000000 -0.000000 0.000000 0.354906 -7.523072 -1.400137 2.379382 0.696575 -5.906178 1.385893 -0.321472 0.499977 0.238090 -0.800249 -4.241703 3.486974 -3.043418 7.717754 -1.718607 3.638017 9.848656 -0.268291 2.586578 -3.675187 -1.356149 2.884977 -6.604339 0.000077 -0.000022 0.000006 -0.000791 -0.070889 0.091492 0.682622 -3.770828 -10.568989 -0.690041 3.656607 -10.558014 -9.856049 -17.764057 7.251498 -41.103607 -40.446682 -18.652260 179.298279 -65.390991 -179.920319 1.015144 -2.414353 -5.914618 -5.882102 9.861279 0.702590 -10.936861 -0.360574 7.156197 0.000000 8.774815 -0.000000 -16.586487 18.248240 5.817464 -1.844031 2.498503 -2.507276 -10.163590 4.678941 4.621104 -20.975996 -0.000001 0.000001 -21.226254 2.451698 -3.593995 0.000000 -0.000006 -0.000000 -1.362681 2.240797 -0.746323 -21.334892 0.584910 3.008319 -13.821196 -0.000001 0.000001 -23.887129 -0.249075 -0.839485 -60.493927 2.622126 -1.234375 -0.294025 1.679686 0.833255 -14.218195 0.093215 1.300579 -34.212002 -0.287561 0.967166 -20.033176 0.964536 1.212838 0.000000 -0.000000 0.000000 -3.440387 0.788233 0.501655 -15.928172 -3.167306 2.999703 -6.338817 -0.000000 0.000001 -18.123419 3.648181 -4.905662 -0.000004 0.000000 -0.000002 5.795013 15.125216 5.244893 57.125481 48.237083 0.704228 -178.500381 60.369419 -178.948318 -8.464059 -0.088101 -5.392783 2.243540 -5.255033 -3.180156 14.282877 -0.826594 6.952496 -0.000000 -12.690593 -0.000001 15.975958 -18.298031 3.160479 1.665665 -1.955920 -2.878297 4.727794 -4.170584 4.993919 11.020511 0.000001 -0.000000 12.109032 -3.735715 -2.866778 0.000000 -0.000000 0.000000 1.291985 -1.928548 -1.498088 14.800115 0.567467 3.865604 14.242553 -1.341738 -6.660648 19.631935 0.143921 -0.648243 49.288765 -0.790868 -6.091833 0.353029 -1.511150 -0.031940 20.222769 3.684305 2.316629 18.787249 0.000001 -0.000001 10.751608 -0.479870 1.397903 0.000000 -0.000000 0.000000 3.273804 0.305947 -0.580110 21.486790 11.830364 2.266131 8.162915 0.000000 -0.000000 18.399052 -3.798986 -4.940567 0.000003 0.000000 -0.000001 17.157187 -2.672084 6.230254 -0.097182 -0.616388 37.917007 -14.992847 -13.026468 -2.635981 1.929039 -2.069822 -18.549007 0.000000 -0.000000 0.000002 -9.226111 6.909978 -30.534191 0.526317 0.309159 51.023357 10.225680 9.726588 -11.726138 -1.417395 1.168346 -3.068543 0.000000 -0.000000 -0.000001
0.000000 0.000000 0.000000 0.000000 -0.000000 0.000000 0.354906 -7.484780 -1.400137 2.379382 0.696575 -5.906178 1.406933 -0.309253 0.482717 0.235430 -0.783172 -4.243736 3.485650 -3.051692 7.730291 -1.729837 3.645119 9.819791 -0.279406 2.560238 -3.664460 -1.353268 2.842068 -6.698101 0.000077 -0.000022 0.000006 -0.000878 -0.067627 0.089969 0.682136 -3.767096 -10.562583 -0.689714 3.659515 -10.551493 -9.906371 -17.793430 7.288478 -40.975864 -40.415150 -18.950806 179.326752 -65.363922 -179.943329 0.923279 -2.212541 -6.025434 -5.882102 9.861279 0.702590 -10.936861 -0.360574 7.156197 0.000000 8.774815 -0.000000 -16.563038 18.255205 5.861116 -1.844031 2.498503 -2.507276 -10.163590 4.678941 4.621104 -20.975996 -0.000001 0.000001 -21.226254 2.451698 -3.593995 0.000000 -0.000006 -0.000000 -1.362681 2.240797 -0.746323 -21.334892 0.584910 3.008319 -13.821196 -0.000001 0.000001 -23.887129 -0.249075 -0.839485 -60.519165 2.621387 -1.225736 -0.294025 1.679686 0.833255 -14.218195 0.093215 1.300579 -34.212002 -0.287561 0.967166 -20.033176 0.964536 1.212838 0.000000 -0.000000 0.000000 -3.440387 0.788233 0.501655 -15.928172 -3.167306 2.999703 -6.338817 -0.000000 0.000001 -18.123419 3.648181 -4.905662 -0.000004 0.000000 -0.000002 5.730886 15.158961 5.243588 57.385712 48.388527 0.696637 -178.683197 60.444798 -179.089600 -8.456592 -0.121924 -5.527572 2.243540 -5.255033 -3.180156 14.282877 -0.826594 6.952496 -0.000000 -12.690593 -0.000001 15.984201 -18.340309 3.152597 1.665665 -1.955920 -2.878297 4.727794 -4.170584 4.993919 11.020511 0.000001 -0.000000 12.109032 -3.735715 -2.866778 0.000000 -0.000000 0.000000 1.291985 -1.928548 -1.498088 14.800115 0.567467 3.865604 14.242553 -1.341738 -6.660648 19.631935 0.143921 -0.648243 49.262939 -0.781878 -6.103716 0.353029 -1.511150 -0.031940 20.222769 3.684305 2.316629 18.787249 0.000001 -0.000001 10.751608 -0.479870 1.397903 0.000000 -0.000000 0.000000 3.273804 0.305947 -0.580110 21.486790 11.830364 2.266131 8.162915 0.000000 -0.000000 18.399052 -3.798986 -4.940567 0.000003 0.000000 -0.000001 17.157187 -2.672084 6.230254 -0.097182 -0.616388 37.917007 -14.992847 -13.026468 -2.635981 1.929039 -2.069822 -18.549007 0.000000 -0.000000 0.000002 -9.226111 6.909978 -30.534191 0.526317 0.309159 51.023357 10.225680 9.726588 -11.726138 -1.417395 1.168346 -3.068543 0.000000 -0.000000 -0.000001
0.000000 0.000000 0.000000 0.000000 -0.000000 0.000000 0.354906 -7.450913 -1.400137 2.379382 0.696575 -5.906178 1.425845 -0.299959 0.463425 0.228254 -0.775833 -4.256954 3.495260 -3.069447 7.738592 -1.703220 3.644290 9.776573 -0.309747 2.491565 -3.655895 -1.342281 2.776818 -6.795528 0.000077 -0.000022 0.000006 -0.000696 -0.063547 0.085461 0.683431 -3.761911 -10.559804 -0.690658 3.662633 -10.547794 -9.938713 -17.860750 7.331551 -40.913113 -40.389393 -19.153769 179.404709 -65.360039 179.964584 0.852767 -2.105836 -6.086723 -5.882102 9.861279 0.702590 -10.936861 -0.360574 7.156197 0.000000 8.774815 -0.000000 -16.521418 18.268566 5.904029 -1.844031 2.498503 -2.507276 -10.163590 4.678941 4.621104 -20.975996 -0.000001 0.000001 -21.226254 2.451698 -3.593995 0.000000 -0.000006 -0.000000 -1.362681 2.240797 -0.746323 -21.334892 0.584910 3.008319 -13.821196 -0.000001 0.000001 -23.887129 -0.249075 -0.839485 -60.513565 2.611497 -1.215750 -0.294025 1.679686 0.833255 -14.218195 0.093215 1.300579 -34.212002 -0.287561 0.967166 -20.033176 0.964536 1.212838 0.000000 -0.000000 0.000000 -3.440387 0.788233 0.501655 -15.928172 -3.167306 2.999703 -6.338817 -0.000000 0.000001 -18.123419 3.648181 -4.905662 -0.000004 0.000000 -0.000002 5.677003 15.148690 5.219888 57.674042 48.468006 0.742890 -178.749481 60.479618 -179.123230 -8.352921 -0.193868 -5.664004 2.243540 -5.255033 -3.180156 14.282877 -0.826594 6.952496 -0.000000 -12.690593 -0.000001 15.982588 -18.382431 3.155794 1.665665 -1.955920 -2.878297 4.727794 -4.170584 4.993919 11.020511 0.000001 -0.000000 12.109032 -3.735715 -2.866778 0.000000 -0.000000 0.000000 1.291985 -1.928548 -1.498088 14.800115 0.567467 3.865604 14.242553 -1.341738 -6.660648 19.631935 0.143921 -0.648243 49.245956 -0.776123 -6.109928 0.353029 -1.511150 -0.031940 20.222769 3.684305 2.316629 18.787249 0.000001 -0.000001 10.751608 -0.479870 1.397903 0.000000 -0.000000 0.000000 3.273804 0.305947 -0.580110 21.486790 11.830364 2.266131 8.162915 0.000000 -0.000000 18.399052 -3.798986 -4.940567 0.000003 0.000000 -0.000001 17.157187 -2.672084 6.230254 -0.097182 -0.616388 37.917007 -14.992847 -13.026468 -2.635981 1.929039 -2.069822 -18.549007 0.000000 -0.000000 0.000002 -9.226111 6.909978 -30.534191 0.526317 0.309159 51.023357 10.225680 9.726588 -11.726138 -1.417395 1.168346 -3.068543 0.000000 -0.000000 -0.000001
0.000000 0.000000 0.000000 0.000000 -0.000000 0.000000 0.354906 -7.415467 -1.400137 2.379382 0.696575 -5.906178 1.445256 -0.302942 0.451429 0.217998 -0.773951 -4.281004 3.514929 -3.096605 7.745862 -1.664693 3.644463 9.722667 -0.348246 2.426758 -3.643747 -1.327358 2.715700 -6.888243 0.000077 -0.000022 0.000006 -0.000178 -0.053106 0.083363 0.684569 -3.749760 -10.553082 -0.690776 3.671262 -10.541623 -9.961563 -17.934626 7.383848 -40.884338 -40.355606 -19.227098 179.394699 -65.352280 179.972351 0.755787 -2.033853 -6.103559 -5.882102 9.861279 0.702590 -10.936861 -0.360574 7.156197 0.000000 8.774815 -0.000000 -16.499134 18.284159 5.942331 -1.844031 2.498503 -2.507276 -10.163590 4.678941 4.621104 -20.975996 -0.000001 0.000001 -21.226254 2.451698 -3.593995 0.000000 -0.000006 -0.000000 -1.362681 2.240797 -0.746323 -21.334892 0.584910 3.008319 -13.821196 -0.000001 0.000001 -23.887129 -0.249075 -0.839485 -60.523556 2.610496 -1.214724 -0.294025 1.679686 0.833255 -14.218195 0.093215 1.300579 -34.212002 -0.287561 0.967166 -20.033176 0.964536 1.212838 0.000000 -0.000000 0.000000 -3.440387 0.788233 0.501655 -15.928172 -3.167306 2.999703 -6.338817 -0.000000 0.000001 -18.123419 3.648181 -4.905662 -0.000004 0.000000 -0.000002 5.632624 15.110301 5.175987 57.946178 48.481728 0.862942 -178.696091 60.501003 -179.045181 -8.245793 -0.258790 -5.759004 2.243540 -5.255033 -3.180156 14.282877 -0.826594 6.952496 -0.000000 -12.690593 -0.000001 15.955985 -18.403429 3.160597 1.665665 -1.955920 -2.878297 4.727794 -4.170584 4.993919 11.020511 0.000001 -0.000000 12.109032 -3.735715 -2.866778 0.000000 -0.000000 0.000000 1.291985 -1.928548 -1.498088 14.800115 0.567467 3.865604 14.242553 -1.341738 -6.660648 19.631935 0.143921 -0.648243 49.212681 -0.765153 -6.120564 0.353029 -1.511150 -0.031940 20.222769 3.684305 2.316629 18.787249 0.000001 -0.000001 10.751608 -0.479870 1.397903 0.000000 -0.000000 0.000000 3.273804 0.305947 -0.580110 21.486790 11.830364 2.266131 8.162915 0.000000 -0.000000 18.399052 -3.798986 -4.940567 0.000003 0.000000 -0.000001 17.157187 -2.672084 6.230254 -0.097182 -0.616388 37.917007 -14.992847 -13.026468 -2.635981 1.929039 -2.069822 -18.549007 0.000000 -0.000000 0.000002 -9.226111 6.909978 -30.534191 0.526317 0.309159 51.023357 10.225680 9.726588 -11.726138 -1.417395 1.168346 -3.068543 0.000000 -0.000000 -0.000001
0.000000 0.000000 0.000000 0.000000 -0.000000 0.000000 0.354906 -7.380059 -1.400137 2.379382 0.696575 -5.906178 1.464132 -0.304980 0.455655 0.214026 -0.777897 -4.300056 3.534004 -3.143352 7.742257 -1.630323 3.650144 9.674608 -0.374708 2.453626 -3.637017 -1.351469 2.688674 -6.959480 0.000077 -0.000022 0.000006 0.000243 -0.032472 0.080800 0.684746 -3.727029 -10.549316 -0.690161 3.689670 -10.537211 -10.007639 -17.959383 7.476718 -40.897488 -40.348854 -19.195602 179.261627 -65.322067 -179.938644 0.653599 -2.021799 -6.014138 -5.882102 9.861279 0.702590 -10.936861 -0.360574 7.156197 0.000000 8.774815 -0.000000 -16.469038 18.296144 5.974254 -1.844031 2.498503 -2.507276 -10.163590 4.678941 4.621104 -20.975996 -0.000001 0.000001 -21.226254 2.451698 -3.593995 0.000000 -0.000006 -0.000000 -1.362681 2.240797 -0.746323 -21.334892 0.584910 3.008319 -13.821196 -0.000001 0.000001 -23.887129 -0.249075 -0.839485 -60.519657 2.610796 -1.208066 -0.294025 1.679686 0.833255 -14.218195 0.093215 1.300579 -34.212002 -0.287561 0.967166 -20.033176 0.964536 1.212838 0.000000 -0.000000 0.000000 -3.440387 0.788233 0.501655 -15.928172 -3.167306 2.999703 -6.338817 -0.000000 0.000001 -18.123419 3.648181 -4.905662 -0.000004 0.000000 -0.000002 5.615202 15.078155 5.158389 58.176746 48.479084 1.036838 -178.517151 60.491310 -178.896866 -8.160500 -0.326425 -5.842446 2.243540 -5.255033 -3.180156 14.282877 -0.826594 6.952496 -0.000000 -12.690593 -0.000001 15.945546 -18.385141 3.185063 1.665665 -1.955920 -2.878297 4.727794 -4.170584 4.993919 11.020511 0.000001 -0.000000 12.109032 -3.735715 -2.866778 0.000000 -0.000000 0.000000 1.291985 -1.928548 -1.498088 14.800115 0.567467 3.865604 14.242553 -1.341738 -6.660648 19.631935 0.143921 -0.648243 49.193142 -0.757419 -6.118566 0.353029 -1.511150 -0.031940 20.222769 3.684305 2.316629 18.787249 0.000001 -0.000001 10.751608 -0.479870 1.397903 0.000000 -0.000000 0.000000 3.273804 0.305947 -0.580110 21.486790 11.830364 2.266131 8.162915 0.000000 -0.000000 18.399052 -3.798986 -4.940567 0.000003 0.000000 -0.000001 17.157187 -2.672084 6.230254 -0.097182 -0.616388 37.917007 -14.992847 -13.026468 -2.635981 1.929039 -2.069822 -18.549007 0.000000 -0.000000 0.000002 -9.226111 6.909978 -30.534191 0.526317 0.309159 51.023357 10.225680 9.726588 -11.726138 -1.417395 1.168346 -3.068543 0.000000 -0.000000 -0.000001
0.000000 0.000000 0.000000 0.000000 -0.000000 0.000000 0.354906 -7.370469 -1.400137 2.379382 0.696575 -5.906178 1.478493 -0.314435 0.421581 0.214696 -0.823268 -4.308504 3.520379 -3.169211 7.762802 -1.593722 3.661679 9.627439 -0.402222 2.398340 -3.637902 -1.365192 2.666501 -6.985463 0.000077 -0.000022 0.000006 -0.002258 -0.056724 0.092150 0.680009 -3.750353 -10.531948 -0.690634 3.664575 -10.517033 -10.023324 -17.981108 7.509266 -40.955032 -40.286526 -19.175869 179.340225 -65.242828 -179.910843 0.551382 -1.885942 -6.047576 -5.882102 9.861279 0.702590 -10.936861 -0.360574 7.156197 0.000000 8.774815 -0.000000 -16.495230 18.267008 5.989783 -1.844031 2.498503 -2.507276 -10.163590 4.678941 4.621104 -20.975996 -0.000001 0.000001 -21.226254 2.451698 -3.593995 0.000000 -0.000006 -0.000000 -1.362681 2.240797 -0.746323 -21.334892 0.584910 3.008319 -13.821196 -0.000001 0.000001 -23.887129 -0.249075 -0.839485 -60.547073 2.587762 -1.182466 -0.294025 1.679686 0.833255 -14.218195 0.093215 1.300579 -34.212002 -0.287561 0.967166 -20.033176 0.964536 1.212838 0.000000 -0.000000 0.000000 -3.440387 0.788233 0.501655 -15.928172 -3.167306 2.999703 -6.338817 -0.000000 0.000001 -18.123419 3.648181 -4.905662 -0.000004 0.000000 -0.000002 5.557273 14.965358 5.095747 58.362541 48.417904 1.050286 -178.595657 60.480904 -178.973312 -8.128364 -0.413035 -5.863299 2.243540 -5.255033 -3.180156 14.282877 -0.826594 6.952496 -0.000000 -12.690593 -0.000001 15.903513 -18.413216 3.216940 1.665665 -1.955920 -2.878297 4.727794 -4.170584 4.993919 11.020511 0.000001 -0.000000 12.109032 -3.735715 -2.866778 0.000000 -0.000000 0.000000 1.291985 -1.928548 -1.498088 14.800115 0.567467 3.865604 14.242553 -1.341738 -6.660648 19.631935 0.143921 -0.648243 49.268940 -0.780299 -6.134121 0.353029 -1.511150 -0.031940 20.222769 3.684305 2.316629 18.787249 0.000001 -0.000001 10.751608 -0.479870 1.397903 0.000000 -0.000000 0.000000 3.273804 0.305947 -0.580110 21.486790 11.830364 2.266131 8.162915 0.000000 -0.000000 18.399052 -3.798986 -4.940567 0.000003 0.000000 -0.000001 17.157187 -2.672084 6.230254 -0.097182 -0.616388 37.917007 -14.992847 -13.026468 -2.635981 1.929039 -2.069822 -18.549007 0.000000 -0.000000 0.000002 -9.226111 6.909978 -30.534191 0.526317 0.309159 51.023357 10.225680 9.726588 -11.726138 -1.417395 1.168346 -3.068543 0.000000 -0.000000 -0.000001
0.000000 0.000000 0.000000 0.000000 -0.000000 0.000000 0.354906 -7.329064 -1.400137 2.379382 0.696575 -5.906178 1.507941 -0.316633 0.413924 0.241720 -0.760440 -4.320499 3.547580 -3.117506 7.801068 -1.702619 3.662974 9.685239 -0.394508 2.511979 -3.629922 -1.377360 2.648197 -7.014226 0.000077 -0.000022 0.000006 -0.003949 -0.037653 0.091987 0.675839 -3.736941 -10.540598 -0.690058 3.689279 -10.532748 -10.056352 -17.843700 7.536322 -41.073414 -40.311066 -19.217979 179.536636 -65.224167 179.954437 0.614325 -1.998862 -6.073237 -5.882102 9.861279 0.702590 -10.936861 -0.360574 7.156197 0.000000 8.774815 -0.000000 -16.402567 18.263100 6.011325 -1.844031 2.498503 -2.507276 -10.163590 4.678941 4.621104 -20.975996 -0.000001 0.000001 -21.226254 2.451698 -3.593995 0.000000 -0.000006 -0.000000 -1.362681 2.240797 -0.746323 -21.334892 0.584910 3.008319 -13.821196 -0.000001 0.000001 -23.887129 -0.249075 -0.839485 -60.459934 2.608274 -1.184142 -0.294025 1.679686 0.833255 -14.218195 0.093215 1.300579 -34.212002 -0.287561 0.967166 -20.033176 0.964536 1.212838 0.000000 -0.000000 0.000000 -3.440387 0.788233 0.501655 -15.928172 -3.167306 2.999703 -6.338817 -0.000000 0.000001 -18.123419 3.648181 -4.905662 -0.000004 0.000000 -0.000002 5.441023 15.024217 5.095791 58.498283 48.426678 1.011224 -178.675339 60.571804 -179.034058 -8.112759 -0.238050 -5.851213 2.243540 -5.255033 -3.180156 14.282877 -0.826594 6.952496 -0.000000 -12.690593 -0.000001 15.989188 -18.402290 3.184470 1.665665 -1.955920 -2.878297 4.727794 -4.170584 4.993919 11.020511 0.000001 -0.000000 12.109032 -3.735715 -2.866778 0.000000 -0.000000 0.000000 1.291985 -1.928548 -1.498088 14.800115 0.567467 3.865604 14.242553 -1.341738 -6.660648 19.631935 0.143921 -0.648243 49.304848 -0.756965 -6.127353 0.353029 -1.511150 -0.031940 20.222769 3.684305 2.316629 18.787249 0.000001 -0.000001 10.751608 -0.479870 1.397903 0.000000 -0.000000 0.000000 3.273804 0.305947 -0.580110 21.486790 11.830364 2.266131 8.162915 0.000000 -0.000000 18.399052 -3.798986 -4.940567 0.000003 0.000000 -0.000001 17.157187 -2.672084 6.230254 -0.097182 -0.616388 37.917007 -14.992847 -13.026468 -2.635981 1.929039 -2.069822 -18.549007 0.000000 -0.000000 0.000002 -9.226111 6.909978 -30.534191 0.526317 0.309159 51.023357 10.225680 9.726588 -11.726138 -1.417395 1.168346 -3.068543 0.000000 -0.000000 -0.000001
0.000000 0.000000 0.000000 0.000000 -0.000000 0.000000 0.354906 -7.312928 -1.400137 2.379382 0.696575 -5.906178 1.526992 -0.317317 0.385246 0.268801 -0.733419 -4.322718 3.566479 -3.094749 7.834689 -1.809442 3.690076 9.748458 -0.363534 2.611416 -3.615067 -1.395852 2.653002 -7.099649 0.000077 -0.000022 0.000006 -0.004556 -0.027849 0.097597 0.674222 -3.730170 -10.532915 -0.689810 3.702241 -10.527436 -10.080249 -17.687321 7.537187 -41.153946 -40.338001 -19.195084 179.542313 -65.201523 179.955307 0.617723 -2.110273 -6.168970 -5.882102 9.861279 0.702590 -10.936861 -0.360574 7.156197 0.000000 8.774815 -0.000000 -16.325489 18.256865 6.006866 -1.844031 2.498503 -2.507276 -10.163590 4.678941 4.621104 -20.975996 -0.000001 0.000001 -21.226254 2.451698 -3.593995 0.000000 -0.000006 -0.000000 -1.362681 2.240797 -0.746323 -21.334892 0.584910 3.008319 -13.821196 -0.000001 0.000001 -23.887129 -0.249075 -0.839485 -60.407799 2.626302 -1.191482 -0.294025 1.679686 0.833255 -14.218195 0.093215 1.300579 -34.212002 -0.287561 0.967166 -20.033176 0.964536 1.212838 0.000000 -0.000000 0.000000 -3.440387 0.788233 0.501655 -15.928172 -3.167306 2.999703 -6.338817 -0.000000 0.000001 -18.123419 3.648181 -4.905662 -0.000004 0.000000 -0.000002 5.338029 15.052339 5.104297 58.517208 48.445122 0.922267 -178.783951 60.622868 -179.124435 -8.135971 -0.191397 -5.945896 2.243540 -5.255033 -3.180156 14.282877 -0.826594 6.952496 -0.000000 -12.690593 -0.000001 15.980278 -18.398165 3.183338 1.665665 -1.955920 -2.878297 4.727794 -4.170584 4.993919 11.020511 0.000001 -0.000000 12.109032 -3.735715 -2.866778 0.000000 -0.000000 0.000000 1.291985 -1.928548 -1.498088 14.800115 0.567467 3.865604 14.242553 -1.341738 -6.660648 19.631935 0.143921 -0.648243 49.298901 -0.733612 -6.133177 0.353029 -1.511150 -0.031940 20.222769 3.684305 2.316629 18.787249 0.000001 -0.000001 10.751608 -0.479870 1.397903 0.000000 -0.000000 0.000000 3.273804 0.305947 -0.580110 21.486790 11.830364 2.266131 8.162915 0.000000 -0.000000 18.399052 -3.798986 -4.940567 0.000003 0.000000 -0.000001 17.157187 -2.672084 6.230254 -0.097182 -0.616388 37.917007 -14.992847 -13.026468 -2.635981 1.929039 -2.069822 -18.549007 0.000000 -0.000000 0.000002 -9.226111 6.909978 -30.534191 0.526317 0.309159 51.023357 10.225680 9.726588 -11.726138 -1.417395 1.168346 -3.068543 0.000000 -0.000000 -0.000001
0.000000 0.000000 0.000000 0.000000 -0.000000 0.000000 0.354906 -7.312821 -1.400137 2.379382 0.696575 -5.906178 1.537712 -0.318216 0.359311 0.297137 -0.717384 -4.325233 3.575651 -3.080079 7.866186 -1.910782 3.733010 9.832130 -0.340183 2.646847 -3.598666 -1.409762 2.687908 -7.220579 0.000077 -0.000022 0.000006 -0.005139 -0.028471 0.102037 0.674025 -3.733151 -10.526005 -0.690953 3.704028 -10.524220 -10.079584 -17.589056 7.531468 -41.215961 -40.356976 -19.208595 179.563675 -65.184258 179.943726 0.690386 -2.193349 -6.339690 -5.882102 9.861279 0.702590 -10.936861 -0.360574 7.156197 0.000000 8.774815 -0.000000 -16.277802 18.244968 5.974993 -1.844031 2.498503 -2.507276 -10.163590 4.678941 4.621104 -20.975996 -0.000001 0.000001 -21.226254 2.451698 -3.593995 0.000000 -0.000006 -0.000000 -1.362681 2.240797 -0.746323 -21.334892 0.584910 3.008319 -13.821196 -0.000001 0.000001 -23.887129 -0.249075 -0.839485 -60.330029 2.634056 -1.191324 -0.294025 1.679686 0.833255 -14.218195 0.093215 1.300579 -34.212002 -0.287561 0.967166 -20.033176 0.964536 1.212838 0.000000 -0.000000 0.000000 -3.440387 0.788233 0.501655 -15.928172 -3.167306 2.999703 -6.338817 -0.000000 0.000001 -18.123419 3.648181 -4.905662 -0.000004 0.000000 -0.000002 5.251235 15.038218 5.083876 58.452358 48.446785 0.889994 -178.777466 60.670563 -179.155685 -8.177127 -0.195782 -6.027717 2.243540 -5.255033 -3.180156 14.282877 -0.826594 6.952496 -0.000000 -12.690593 -0.000001 15.962118 -18.380962 3.197815 1.665665 -1.955920 -2.878297 4.727794 -4.170584 4.993919 11.020511 0.000001 -0.000000 12.109032 -3.735715 -2.866778 0.000000 -0.000000 0.000000 1.291985 -1.928548 -1.498088 14.800115 0.567467 3.865604 14.242553 -1.341738 -6.660648 19.631935 0.143921 -0.648243 49.305077 -0.727617 -6.130176 0.353029 -1.511150 -0.031940 20.222769 3.684305 2.316629 18.787249 0.000001 -0.000001 10.751608 -0.479870 1.397903 0.000000 -0.000000 0.000000 3.273804 0.305947 -0.580110 21.486790 11.830364 2.266131 8.162915 0.000000 -0.000000 18.399052 -3.798986 -4.940567 0.000003 0.000000 -0.000001 17.157187 -2.672084 6.230254 -0.097182 -0.616388 37.917007 -14.992847 -13.026468 -2.635981 1.929039 -2.069822 -18.549007 0.000000 -0.000000 0.000002 -9.226111 6.909978 -30.534191 0.526317 0.309159 51.023357 10.225680 9.726588 -11.726138 -1.417395 1.168346 -3.068543 0.000000 -0.000000 -0.000001
0.000000 0.000000 0.000000 0.000000 -0.000000 0.000000 0.354906 -7.312119 -1.400137 2.379382 0.696575 -5.906178 1.546400 -0.331302 0.347858 0.321508 -0.711776 -4.336874 3.588827 -3.069370 7.891588 -1.992301 3.784409 9.922032 -0.336292 2.626757 -3.588109 -1.413030 2.735811 -7.342778 0.000077 -0.000022 0.000006 -0.005790 -0.030345 0.103271 0.675228 -3.735347 -10.526344 -0.693578 3.702705 -10.526069 -10.085837 -17.540098 7.542114 -41.204926 -40.351833 -19.321823 179.667862 -65.167137 179.830429 0.773739 -2.247179 -6.585191 -5.882102 9.861279 0.702590 -10.936861 -0.360574 7.156197 0.000000 8.774815 -0.000000 -16.244097 18.242702 5.952917 -1.844031 2.498503 -2.507276 -10.163590 4.678941 4.621104 -20.975996 -0.000001 0.000001 -21.226254 2.451698 -3.593995 0.000000 -0.000006 -0.000000 -1.362681 2.240797 -0.746323 -21.334892 0.584910 3.008319 -13.821196 -0.000001 0.000001 -23.887129 -0.249075 -0.839485 -60.258606 2.624063 -1.182571 -0.294025 1.679686 0.833255 -14.218195 0.093215 1.300579 -34.212002 -0.287561 0.967166 -20.033176 0.964536 1.212838 0.000000 -0.000000 0.000000 -3.440387 0.788233 0.501655 -15.928172 -3.167306 2.999703 -6.338817 -0.000000 0.000001 -18.123419 3.648181 -4.905662 -0.000004 0.000000 -0.000002 5.206722 14.966932 5.081699 58.300438 48.452869 0.904003 -178.703369 60.697960 -179.118881 -8.211313 -0.229058 -6.106153 2.243540 -5.255033 -3.180156 14.282877 -0.826594 6.952496 -0.000000 -12.690593 -0.000001 15.931821 -18.351410 3.211156 1.665665 -1.955920 -2.878297 4.727794 -4.170584 4.993919 11.020511 0.000001 -0.000000 12.109032 -3.735715 -2.866778 0.000000 -0.000000 0.000000 1.291985 -1.928548 -1.498088 14.800115 0.567467 3.865604 14.242553 -1.341738 -6.660648 19.631935 0.143921 -0.648243 49.337833 -0.744644 -6.121064 0.353029 -1.511150 -0.031940 20.222769 3.684305 2.316629 18.787249 0.000001 -0.000001 10.751608 -0.479870 1.397903 0.000000 -0.000000 0.000000 3.273804 0.305947 -0.580110 21.486790 11.830364 2.266131 8.162915 0.000000 -0.000000 18.399052 -3.798986 -4.940567 0.000003 0.000000 -0.000001 17.157187 -2.672084 6.230254 -0.097182 -0.616388 37.917007 -14.992847 -13.026468 -2.635981 1.929039 -2.069822 -18.549007 0.000000 -0.000000 0.000002 -9.226111 6.909978 -30.534191 0.526317 0.309159 51.023357 10.225680 9.726588 -11.726138 -1.417395 1.168346 -3.068543 0.000000 -0.000000 -0.000001
0.000000 0.000000 0.000000 0.000000 -0.000000 0.000000 0.354906 -7.292199 -1.400137 2.379382 0.696575 -5.906178 1.556449 -0.340940 0.328917 0.334504 -0.728333 -4.354314 3.609382 -3.069255 7.909738 -2.044782 3.834067 9.979170 -0.334636 2.587650 -3.586807 -1.425927 2.806174 -7.452245 0.000077 -0.000022 0.000006 -0.005421 -0.031764 0.102985 0.676644 -3.735203 -10.530672 -0.694200 3.699650 -10.528807 -10.107162 -17.517624 7.559431 -41.141689 -40.304115 -19.419397 179.605148 -65.146225 179.843369 0.802769 -2.260809 -6.820340 -5.882102 9.861279 0.702590 -10.936861 -0.360574 7.156197 0.000000 8.774815 -0.000000 -16.224339 18.255390 5.959808 -1.844031 2.498503 -2.507276 -10.163590 4.678941 4.621104 -20.975996 -0.000001 0.000001 -21.226254 2.451698 -3.593995 0.000000 -0.000006 -0.000000 -1.362681 2.240797 -0.746323 -21.334892 0.584910 3.008319 -13.821196 -0.000001 0.000001 -23.887129 -0.249075 -0.839485 -60.234344 2.617654 -1.181547 -0.294025 1.679686 0.833255 -14.218195 0.093215 1.300579 -34.212002 -0.287561 0.967166 -20.033176 0.964536 1.212838 0.000000 -0.000000 0.000000 -3.440387 0.788233 0.501655 -15.928172 -3.167306 2.999703 -6.338817 -0.000000 0.000001 -18.123419 3.648181 -4.905662 -0.000004 0.000000 -0.000002 5.196354 14.873702 5.111354 58.079845 48.477196 0.946844 -178.564392 60.715111 -178.978821 -8.204244 -0.281139 -6.137336 2.243540 -5.255033 -3.180156 14.282877 -0.826594 6.952496 -0.000000 -12.690593 -0.000001 15.906740 -18.332939 3.224770 1.665665 -1.955920 -2.878297 4.727794 -4.170584 4.993919 11.020511 0.000001 -0.000000 12.109032 -3.735715 -2.866778 0.000000 -0.000000 0.000000 1.291985 -1.928548 -1.498088 14.800115 0.567467 3.865604 14.242553 -1.341738 -6.660648 19.631935 0.143921 -0.648243 49.362896 -0.771094 -6.109828 0.353029 -1.511150 -0.031940 20.222769 3.684305 2.316629 18.787249 0.000001 -0.000001 10.751608 -0.479870 1.397903 0.000000 -0.000000 0.000000 3.273804 0.305947 -0.580110 21.486790 11.830364 2.266131 8.162915 0.000000 -0.000000 18.399052 -3.798986 -4.940567 0.000003 0.000000 -0.000001 17.157187 -2.672084 6.230254 -0.097182 -0.616388 37.917007 -14.992847 -13.026468 -2.635981 1.929039 -2.069822 -18.549007 0.000000 -0.000000 0.000002 -9.226111 6.909978 -30.534191 0.526317 0.309159 51.023357 10.225680 9.726588 -11.726138 -1.417395 1.168346 -3.068543 0.000000 -0.000000 -0.000001
0.000000 0.000000 0.000000 0.000000 -0.000000 0.000000 0.354906 -7.265541 -1.400137 2.379382 0.696575 -5.906178 1.564485 -0.333824 0.309586 0.342049 -0.766986 -4.366066 3.629461 -3.068240 7.911993 -2.069525 3.871479 10.027427 -0.313985 2.625359 -3.603984 -1.469641 2.901659 -7.560512 0.000077 -0.000022 0.000006 -0.003865 -0.017662 0.099014 0.676625 -3.718880 -10.538217 -0.690867 3.711946 -10.533805 -10.167013 -17.501949 7.635522 -41.055599 -40.278404 -19.407608 179.184113 -65.129318 -179.881348 0.779575 -2.297947 -6.881679 -5.882102 9.861279 0.702590 -10.936861 -0.360574 7.156197 0.000000 8.774815 -0.000000 -16.206440 18.276152 5.978608 -1.844031 2.498503 -2.507276 -10.163590 4.678941 4.621104 -20.975996 -0.000001 0.000001 -21.226254 2.451698 -3.593995 0.000000 -0.000006 -0.000000 -1.362681 2.240797 -0.746323 -21.334892 0.584910 3.008319 -13.821196 -0.000001 0.000001 -23.887129 -0.249075 -0.839485 -60.253422 2.625175 -1.200576 -0.294025 1.679686 0.833255 -14.218195 0.093215 1.300579 -34.212002 -0.287561 0.967166 -20.033176 0.964536 1.212838 0.000000 -0.000000 0.000000 -3.440387 0.788233 0.501655 -15.928172 -3.167306 2.999703 -6.338817 -0.000000 0.000001 -18.123419 3.648181 -4.905662 -0.000004 0.000000 -0.000002 5.237915 14.790927 5.197348 57.833317 48.539909 1.023711 -178.327164 60.721272 -178.759048 -8.165956 -0.337540 -6.129895 2.243540 -5.255033 -3.180156 14.282877 -0.826594 6.952496 -0.000000 -12.690593 -0.000001 15.912688 -18.295172 3.247651 1.665665 -1.955920 -2.878297 4.727794 -4.170584 4.993919 11.020511 0.000001 -0.000000 12.109032 -3.735715 -2.866778 0.000000 -0.000000 0.000000 1.291985 -1.928548 -1.498088 14.800115 0.567467 3.865604 14.242553 -1.341738 -6.660648 19.631935 0.143921 -0.648243 49.352985 -0.785668 -6.086229 0.353029 -1.511150 -0.031940 20.222769 3.684305 2.316629 18.787249 0.000001 -0.000001 10.751608 -0.479870 1.397903 0.000000 -0.000000 0.000000 3.273804 0.305947 -0.580110 21.486790 11.830364 2.266131 8.162915 0.000000 -0.000000 18.399052 -3.798986 -4.940567 0.000003 0.000000 -0.000001 17.157187 -2.672084 6.230254 -0.097182 -0.616388 37.917007 -14.992847 -13.026468 -2.635981 1.929039 -2.069822 -18.549007 0.000000 -0.000000 0.000002 -9.226111 6.909978 -30.534191 0.526317 0.309159 51.023357 10.225680 9.726588 -11.726138 -1.417395 1.168346 -3.068543 0.000000 -0.000000 -0.000001
0.000000 0.000000 0.000000 0.000000 -0.000000 0.000000 0.354906 -7.264374 -1.400137 2.379382 0.696575 -5.906178 1.577214 -0.331350 0.244340 0.336640 -0.857873 -4.370411 3.619634 -3.060453 7.912872 -2.053731 3.895817 10.068858 -0.287861 2.610155 -3.626172 -1.497088 3.020404 -7.652021 0.000077 -0.000022 0.000006 -0.005109 -0.047580 0.107158 0.669878 -3.748304 -10.527064 -0.686483 3.681593 -10.519485 -10.220726 -17.527596 7.662431 -40.933807 -40.157658 -19.388954 178.888062 -65.107368 -179.569473 0.791712 -2.238863 -7.124182 -5.882102 9.861279 0.702590 -10.936861 -0.360574 7.156197 0.000000 8.774815 -0.000000 -16.240204 18.251205 5.977007 -1.844031 2.498503 -2.507276 -10.163590 4.678941 4.621104 -20.975996 -0.000001 0.000001 -21.226254 2.451698 -3.593995 0.000000 -0.000006 -0.000000 -1.362681 2.240797 -0.746323 -21.334892 0.584910 3.008319 -13.821196 -0.000001 0.000001 -23.887129 -0.249075 -0.839485 -60.295792 2.610497 -1.208974 -0.294025 1.679686 0.833255 -14.218195 0.093215 1.300579 -34.212002 -0.287561 0.967166 -20.033176 0.964536 1.212838 0.000000 -0.000000 0.000000 -3.440387 0.788233 0.501655 -15.928172 -3.167306 2.999703 -6.338817 -0.000000 0.000001 -18.123419 3.648181 -4.905662 -0.000004 0.000000 -0.000002 5.254589 14.667871 5.210618 57.641109 48.536091 0.975623 -178.415451 60.736774 -178.795959 -8.177012 -0.428612 -6.156621 2.243540 -5.255033 -3.180156 14.282877 -0.826594 6.952496 -0.000000 -12.690593 -0.000001 15.901492 -18.321362 3.265686 1.665665 -1.955920 -2.878297 4.727794 -4.170584 4.993919 11.020511 0.000001 -0.000000 12.109032 -3.735715 -2.866778 0.000000 -0.000000 0.000000 1.291985 -1.928548 -1.498088 14.800115 0.567467 3.865604 14.242553 -1.341738 -6.660648 19.631935 0.143921 -0.648243 49.364956 -0.816765 -6.084927 0.353029 -1.511150 -0.031940 20.222769 3.684305 2.316629 18.787249 0.000001 -0.000001 10.751608 -0.479870 1.397903 0.000000 -0.000000 0.000000 3.273804 0.305947 -0.580110 21.486790 11.830364 2.266131 8.162915 0.000000 -0.000000 18.399052 -3.798986 -4.940567 0.000003 0.000000 -0.000001 17.157187 -2.672084 6.230254 -0.097182 -0.616388 37.917007 -14.992847 -13.026468 -2.635981 1.929039 -2.069822 -18.549007 0.000000 -0.000000 0.000002 -9.226111 6.909978 -30.534191 0.526317 0.309159 51.023357 10.225680 9.726588 -11.726138 -1.417395 1.168346 -3.068543 0.000000 -0.000000 -0.000001
0.000000 0.000000 0.000000 0.000000 -0.000000 0.000000 0.354906 -7.232300 -1.400137 2.379382 0.696575 -5.906178 1.619913 -0.324487 0.206568 0.355362 -0.826154 -4.384876 3.645994 -3.014081 7.926400 -2.128114 3.907981 10.160221 -0.259056 2.678640 -3.621048 -1.460940 3.108208 -7.696711 0.000077 -0.000022 0.000006 -0.006276 -0.038836 0.104794 0.662144 -3.743329 -10.530383 -0.681037 3.694042 -10.525872 -10.330850 -17.450329 7.683392 -40.912880 -40.098248 -19.420559 178.819977 -65.185608 -179.519485 0.976174 -2.365670 -7.275506 -5.882102 9.861279 0.702590 -10.936861 -0.360574 7.156197 0.000000 8.774815 -0.000000 -16.194433 18.243626 5.964479 -1.844031 2.498503 -2.507276 -10.163590 4.678941 4.621104 -20.975996 -0.000001 0.000001 -21.226254 2.451698 -3.593995 0.000000 -0.000006 -0.000000 -1.362681 2.240797 -0.746323 -21.334892 0.584910 3.008319 -13.821196 -0.000001 0.000001 -23.887129 -0.249075 -0.839485 -60.201958 2.613323 -1.199978 -0.294025 1.679686 0.833255 -14.218195 0.093215 1.300579 -34.212002 -0.287561 0.967166 -20.033176 0.964536 1.212838 0.000000 -0.000000 0.000000 -3.440387 0.788233 0.501655 -15.928172 -3.167306 2.999703 -6.338817 -0.000000 0.000001 -18.123419 3.648181 -4.905662 -0.000004 0.000000 -0.000002 5.219782 14.704255 5.237199 57.589561 48.554951 0.894333 -178.551224 60.803307 -178.915253 -8.162620 -0.311465 -6.202007 2.243540 -5.255033 -3.180156 14.282877 -0.826594 6.952496 -0.000000 -12.690593 -0.000001 16.014460 -18.324528 3.211403 1.665665 -1.955920 -2.878297 4.727794 -4.170584 4.993919 11.020511 0.000001 -0.000000 12.109032 -3.735715 -2.866778 0.000000 -0.000000 0.000000 1.291985 -1.928548 -1.498088 14.800115 0.567467 3.865604 14.242553 -1.341738 -6.660648 19.631935 0.143921 -0.648243 49.324818 -0.794757 -6.073756 0.353029 -1.511150 -0.031940 20.222769 3.684305 2.316629 18.787249 0.000001 -0.000001 10.751608 -0.479870 1.397903 0.000000 -0.000000 0.000000 3.273804 0.305947 -0.580110 21.486790 11.830364 2.266131 8.162915 0.000000 -0.000000 18.399052 -3.798986 -4.940567 0.000003 0.000000 -0.000001 17.157187 -2.672084 6.230254 -0.097182 -0.616388 37.917007 -14.992847 -13.026468 -2.635981 1.929039 -2.069822 -18.549007 0.000000 -0.000000 0.000002 -9.226111 6.909978 -30.534191 0.526317 0.309159 51.023357 10.225680 9.726588 -11.726138 -1.417395 1.168346 -3.068543 0.000000 -0.000000 -0.000001
0.000000 0.000000 0.000000 0.000000 -0.000000 0.000000 0.354906 -7.227951 -1.400137 2.379382 0.696575 -5.906178 1.654099 -0.334705 0.153854 0.357214 -0.831099 -4.391599 3.667691 -3.025075 7.944548 -2.170147 3.902337 10.203164 -0.211696 2.792354 -3.618717 -1.437754 3.163542 -7.747352 0.000077 -0.000022 0.000006 -0.004783 -0.031063 0.103333 0.657894 -3.736531 -10.521352 -0.673784 3.702705 -10.516983 -10.413547 -17.381374 7.685629 -40.888264 -40.044968 -19.436493 178.677963 -65.242668 -179.396530 1.046999 -2.437001 -7.332129 -5.882102 9.861279 0.702590 -10.936861 -0.360574 7.156197 0.000000 8.774815 -0.000000 -16.165001 18.238008 5.958651 -1.844031 2.498503 -2.507276 -10.163590 4.678941 4.621104 -20.975996 -0.000001 0.000001 -21.226254 2.451698 -3.593995 0.000000 -0.000006 -0.000000 -1.362681 2.240797 -0.746323 -21.334892 0.584910 3.008319 -13.821196 -0.000001 0.000001 -23.887129 -0.249075 -0.839485 -60.181499 2.623784 -1.196856 -0.294025 1.679686 0.833255 -14.218195 0.093215 1.300579 -34.212002 -0.287561 0.967166 -20.033176 0.964536 1.212838 0.000000 -0.000000 0.000000 -3.440387 0.788233 0.501655 -15.928172 -3.167306 2.999703 -6.338817 -0.000000 0.000001 -18.123419 3.648181 -4.905662 -0.000004 0.000000 -0.000002 5.186390 14.706508 5.240848 57.608772 48.584553 0.789551 -178.821533 60.834038 -179.149506 -8.159793 -0.305248 -6.325311 2.243540 -5.255033 -3.180156 14.282877 -0.826594 6.952496 -0.000000 -12.690593 -0.000001 16.055973 -18.341496 3.170475 1.665665 -1.955920 -2.878297 4.727794 -4.170584 4.993919 11.020511 0.000001 -0.000000 12.109032 -3.735715 -2.866778 0.000000 -0.000000 0.000000 1.291985 -1.928548 -1.498088 14.800115 0.567467 3.865604 14.242553 -1.341738 -6.660648 19.631935 0.143921 -0.648243 49.238796 -0.769676 -6.089471 0.353029 -1.511150 -0.031940 20.222769 3.684305 2.316629 18.787249 0.000001 -0.000001 10.751608 -0.479870 1.397903 0.000000 -0.000000 0.000000 3.273804 0.305947 -0.580110 21.486790 11.830364 2.266131 8.162915 0.000000 -0.000000 18.399052 -3.798986 -4.940567 0.000003 0.000000 -0.000001 17.157187 -2.672084 6.230254 -0.097182 -0.616388 37.917007 -14.992847 -13.026468 -2.635981 1.929039 -2.069822 -18.549007 0.000000 -0.000000 0.000002 -9.226111 6.909978 -30.534191 0.526317 0.309159 51.023357 10.225680 9.726588 -11.726138 -1.417395 1.168346 -3.068543 0.000000 -0.000000 -0.000001
0.000000 0.000000 0.000000 0.000000 -0.000000 0.000000 0.354906 -7.230584 -1.400137 2.379382 0.696575 -5.906178 1.668784 -0.355782 0.101552 0.354227 -0.829154 -4.402784 3.691045 -3.063906 7.975282 -2.198799 3.895253 10.237745 -0.161007 2.900945 -3.614155 -1.418667 3.203620 -7.791125 0.000077 -0.000022 0.000006 -0.002451 -0.020143 0.098831 0.656541 -3.726346 -10.518640 -0.667880 3.714074 -10.515438 -10.458887 -17.335674 7.695750 -40.886547 -40.051064 -19.436068 178.560791 -65.291603 -179.290314 1.157913 -2.446016 -7.276095 -5.882102 9.861279 0.702590 -10.936861 -0.360574 7.156197 0.000000 8.774815 -0.000000 -16.167051 18.230238 5.950014 -1.844031 2.498503 -2.507276 -10.163590 4.678941 4.621104 -20.975996 -0.000001 0.000001 -21.226254 2.451698 -3.593995 0.000000 -0.000006 -0.000000 -1.362681 2.240797 -0.746323 -21.334892 0.584910 3.008319 -13.821196 -0.000001 0.000001 -23.887129 -0.249075 -0.839485 -60.182068 2.643090 -1.192104 -0.294025 1.679686 0.833255 -14.218195 0.093215 1.300579 -34.212002 -0.287561 0.967166 -20.033176 0.964536 1.212838 0.000000 -0.000000 0.000000 -3.440387 0.788233 0.501655 -15.928172 -3.167306 2.999703 -6.338817 -0.000000 0.000001 -18.123419 3.648181 -4.905662 -0.000004 0.000000 -0.000002 5.141686 14.667298 5.226754 57.679684 48.642246 0.753480 -178.951950 60.838444 -179.261581 -8.158276 -0.314907 -6.333796 2.243540 -5.255033 -3.180156 14.282877 -0.826594 6.952496 -0.000000 -12.690593 -0.000001 16.067680 -18.345175 3.141157 1.665665 -1.955920 -2.878297 4.727794 -4.170584 4.993919 11.020511 0.000001 -0.000000 12.109032 -3.735715 -2.866778 0.000000 -0.000000 0.000000 1.291985 -1.928548 -1.498088 14.800115 0.567467 3.865604 14.242553 -1.341738 -6.660648 19.631935 0.143921 -0.648243 49.174229 -0.747590 -6.105399 0.353029 -1.511150 -0.031940 20.222769 3.684305 2.316629 18.787249 0.000001 -0.000001 10.751608 -0.479870 1.397903 0.000000 -0.000000 0.000000 3.273804 0.305947 -0.580110 21.486790 11.830364 2.266131 8.162915 0.000000 -0.000000 18.399052 -3.798986 -4.940567 0.000003 0.000000 -0.000001 17.157187 -2.672084 6.230254 -0.097182 -0.616388 37.917007 -14.992847 -13.026468 -2.635981 1.929039 -2.069822 -18.549007 0.000000 -0.000000 0.000002 -9.226111 6.909978 -30.534191 0.526317 0.309159 51.023357 10.225680 9.726588 -11.726138 -1.417395 1.168346 -3.068543 0.000000 -0.000000 -0.000001
0.000000 0.000000 0.000000 0.000000 -0.000000 0.000000 0.354906 -7.235367 -1.400137 2.379382 0.696575 -5.906178 1.671421 -0.373487 0.055713 0.349230 -0.841386 -4.413812 3.708519 -3.091634 7.992322 -2.210863 3.905766 10.298028 -0.128850 2.945948 -3.612877 -1.389932 3.263752 -7.810589 0.000077 -0.000022 0.000006 -0.001286 -0.012176 0.095608 0.655645 -3.719274 -10.522491 -0.664711 3.722871 -10.519583 -10.474634 -17.316076 7.690846 -40.930103 -40.063351 -19.409620 178.544678 -65.317528 -179.273956 1.268643 -2.435703 -7.259921 -5.882102 9.861279 0.702590 -10.936861 -0.360574 7.156197 0.000000 8.774815 -0.000000 -16.192127 18.226934 5.929366 -1.844031 2.498503 -2.507276 -10.163590 4.678941 4.621104 -20.975996 -0.000001 0.000001 -21.226254 2.451698 -3.593995 0.000000 -0.000006 -0.000000 -1.362681 2.240797 -0.746323 -21.334892 0.584910 3.008319 -13.821196 -0.000001 0.000001 -23.887129 -0.249075 -0.839485 -60.197914 2.650003 -1.190722 -0.294025 1.679686 0.833255 -14.218195 0.093215 1.300579 -34.212002 -0.287561 0.967166 -20.033176 0.964536 1.212838 0.000000 -0.000000 0.000000 -3.440387 0.788233 0.501655 -15.928172 -3.167306 2.999703 -6.338817 -0.000000 0.000001 -18.123419 3.648181 -4.905662 -0.000004 0.000000 -0.000002 5.110312 14.594539 5.201917 57.751865 48.676712 0.785780 -178.875610 60.817970 -179.209061 -8.175277 -0.333064 -6.199551 2.243540 -5.255033 -3.180156 14.282877 -0.826594 6.952496 -0.000000 -12.690593 -0.000001 16.060415 -18.338514 3.121573 1.665665 -1.955920 -2.878297 4.727794 -4.170584 4.993919 11.020511 0.000001 -0.000000 12.109032 -3.735715 -2.866778 0.000000 -0.000000 0.000000 1.291985 -1.928548 -1.498088 14.800115 0.567467 3.865604 14.242553 -1.341738 -6.660648 19.631935 0.143921 -0.648243 49.154186 -0.733585 -6.123505 0.353029 -1.511150 -0.031940 20.222769 3.684305 2.316629 18.787249 0.000001 -0.000001 10.751608 -0.479870 1.397903 0.000000 -0.000000 0.000000 3.273804 0.305947 -0.580110 21.486790 11.830364 2.266131 8.162915 0.000000 -0.000000 18.399052 -3.798986 -4.940567 0.000003 0.000000 -0.000001 17.157187 -2.672084 6.230254 -0.097182 -0.616388 37.917007 -14.992847 -13.026468 -2.635981 1.929039 -2.069822 -18.549007 0.000000 -0.000000 0.000002 -9.226111 6.909978 -30.534191 0.526317 0.309159 51.023357 10.225680 9.726588 -11.726138 -1.417395 1.168346 -3.068543 0.000000 -0.000000 -0.000001
0.000000 0.000000 0.000000 0.000000 -0.000000 0.000000 0.354906 -7.237778 -1.400137 2.379382 0.696575 -5.906178 1.666942 -0.373445 0.014711 0.350477 -0.872306 -4.427712 3.711819 -3.119038 7.998399 -2.216040 3.914708 10.369081 -0.118627 2.966579 -3.611369 -1.357906 3.322455 -7.827352 0.000077 -0.000022 0.000006 -0.000320 -0.005245 0.094054 0.656391 -3.712914 -10.526815 -0.663646 3.730042 -10.524053 -10.467400 -17.329952 7.666496 -41.025635 -40.040470 -19.333242 178.485489 -65.320320 -179.271561 1.369886 -2.406231 -7.301361 -5.882102 9.861279 0.702590 -10.936861 -0.360574 7.156197 0.000000 8.774815 -0.000000 -16.253839 18.209999 5.902439 -1.844031 2.498503 -2.507276 -10.163590 4.678941 4.621104 -20.975996 -0.000001 0.000001 -21.226254 2.451698 -3.593995 0.000000 -0.000006 -0.000000 -1.362681 2.240797 -0.746323 -21.334892 0.584910 3.008319 -13.821196 -0.000001 0.000001 -23.887129 -0.249075 -0.839485 -60.238655 2.624526 -1.184968 -0.294025 1.679686 0.833255 -14.218195 0.093215 1.300579 -34.212002 -0.287561 0.967166 -20.033176 0.964536 1.212838 0.000000 -0.000000 0.000000 -3.440387 0.788233 0.501655 -15.928172 -3.167306 2.999703 -6.338817 -0.000000 0.000001 -18.123419 3.648181 -4.905662 -0.000004 0.000000 -0.000002 5.086075 14.529529 5.205471 57.839134 48.703812 0.875868 -178.596832 60.787121 -178.965881 -8.178361 -0.341121 -5.987868 2.243540 -5.255033 -3.180156 14.282877 -0.826594 6.952496 -0.000000 -12.690593 -0.000001 16.069387 -18.328524 3.112186 1.665665 -1.955920 -2.878297 4.727794 -4.170584 4.993919 11.020511 0.000001 -0.000000 12.109032 -3.735715 -2.866778 0.000000 -0.000000 0.000000 1.291985 -1.928548 -1.498088 14.800115 0.567467 3.865604 14.242553 -1.341738 -6.660648 19.631935 0.143921 -0.648243 49.184078 -0.737861 -6.122183 0.353029 -1.511150 -0.031940 20.222769 3.684305 2.316629 18.787249 0.000001 -0.000001 10.751608 -0.479870 1.397903 0.000000 -0.000000 0.000000 3.273804 0.305947 -0.580110 21.486790 11.830364 2.266131 8.162915 0.000000 -0.000000 18.399052 -3.798986 -4.940567 0.000003 0.000000 -0.000001 17.157187 -2.672084 6.230254 -0.097182 -0.616388 37.917007 -14.992847 -13.026468 -2.635981 1.929039 -2.069822 -18.549007 0.000000 -0.000000 0.000002 -9.226111 6.909978 -30.534191 0.526317 0.309159 51.023357 10.225680 9.726588 -11.726138 -1.417395 1.168346 -3.068543 0.000000 -0.000000 -0.000001
0.000000 0.000000 0.000000 0.000000 -0.000000 0.000000 0.354906 -7.229905 -1.400137 2.379382 0.696575 -5.906178 1.655576 -0.360881 -0.012779 0.351439 -0.899657 -4.439985 3.704366 -3.152161 7.984549 -2.212331 3.908504 10.423115 -0.101229 3.026762 -3.617192 -1.354967 3.376099 -7.825718 0.000077 -0.000022 0.000006 0.001074 0.018711 0.093060 0.657968 -3.688739 -10.531804 -0.662531 3.753603 -10.526899 -10.492772 -17.330048 7.696833 -41.093868 -40.079041 -19.258652 178.331970 -65.307037 -179.260605 1.420325 -2.378591 -7.240375 -5.882102 9.861279 0.702590 -10.936861 -0.360574 7.156197 0.000000 8.774815 -0.000000 -16.266357 18.196833 5.891600 -1.844031 2.498503 -2.507276 -10.163590 4.678941 4.621104 -20.975996 -0.000001 0.000001 -21.226254 2.451698 -3.593995 0.000000 -0.000006 -0.000000 -1.362681 2.240797 -0.746323 -21.334892 0.584910 3.008319 -13.821196 -0.000001 0.000001 -23.887129 -0.249075 -0.839485 -60.255329 2.617608 -1.177386 -0.294025 1.679686 0.833255 -14.218195 0.093215 1.300579 -34.212002 -0.287561 0.967166 -20.033176 0.964536 1.212838 0.000000 -0.000000 0.000000 -3.440387 0.788233 0.501655 -15.928172 -3.167306 2.999703 -6.338817 -0.000000 0.000001 -18.123419 3.648181 -4.905662 -0.000004 0.000000 -0.000002 5.099584 14.492902 5.240846 57.901039 48.737019 1.005479 -178.167542 60.740868 -178.591309 -8.112998 -0.400567 -5.869566 2.243540 -5.255033 -3.180156 14.282877 -0.826594 6.952496 -0.000000 -12.690593 -0.000001 16.078745 -18.300648 3.146180 1.665665 -1.955920 -2.878297 4.727794 -4.170584 4.993919 11.020511 0.000001 -0.000000 12.109032 -3.735715 -2.866778 0.000000 -0.000000 0.000000 1.291985 -1.928548 -1.498088 14.800115 0.567467 3.865604 14.242553 -1.341738 -6.660648 19.631935 0.143921 -0.648243 49.210152 -0.740222 -6.097869 0.353029 -1.511150 -0.031940 20.222769 3.684305 2.316629 18.787249 0.000001 -0.000001 10.751608 -0.479870 1.397903 0.000000 -0.000000 0.000000 3.273804 0.305947 -0.580110 21.486790 11.830364 2.266131 8.162915 0.000000 -0.000000 18.399052 -3.798986 -4.940567 0.000003 0.000000 -0.000001 17.157187 -2.672084 6.230254 -0.097182 -0.616388 37.917007 -14.992847 -13.026468 -2.635981 1.929039 -2.069822 -18.549007 0.000000 -0.000000 0.000002 -9.226111 6.909978 -30.534191 0.526317 0.309159 51.023357 10.225680 9.726588 -11.726138 -1.417395 1.168346 -3.068543 0.000000 -0.000000 -0.000001
0.000000 0.000000 0.000000 0.000000 -0.000000 0.000000 0.354906 -7.242058 -1.400137 2.379382 0.696575 -5.906178 1.651627 -0.376145 -0.072910 0.348299 -0.958991 -4.449810 3.662570 -3.163104 7.981709 -2.180183 3.894194 10.463701 -0.098615 2.983326 -3.629114 -1.338208 3.422975 -7.821703 0.000077 -0.000022 0.000006 -0.001745 -0.015628 0.098665 0.657410 -3.722238 -10.531389 -0.667784 3.718740 -10.521251 -10.477075 -17.382372 7.658707 -41.123322 -40.049164 -19.273588 178.437073 -65.256844 -179.333099 1.437489 -2.190933 -7.323870 -5.882102 9.861279 0.702590 -10.936861 -0.360574 7.156197 0.000000 8.774815 -0.000000 -16.319790 18.169722 5.878001 -1.844031 2.498503 -2.507276 -10.163590 4.678941 4.621104 -20.975996 -0.000001 0.000001 -21.226254 2.451698 -3.593995 0.000000 -0.000006 -0.000000 -1.362681 2.240797 -0.746323 -21.334892 0.584910 3.008319 -13.821196 -0.000001 0.000001 -23.887129 -0.249075 -0.839485 -60.317379 2.621901 -1.167418 -0.294025 1.679686 0.833255 -14.218195 0.093215 1.300579 -34.212002 -0.287561 0.967166 -20.033176 0.964536 1.212838 0.000000 -0.000000 0.000000 -3.440387 0.788233 0.501655 -15.928172 -3.167306 2.999703 -6.338817 -0.000000 0.000001 -18.123419 3.648181 -4.905662 -0.000004 0.000000 -0.000002 5.096036 14.413667 5.188972 57.922218 48.660141 1.091952 -177.879974 60.690186 -178.344223 -8.114532 -0.528643 -5.903661 2.243540 -5.255033 -3.180156 14.282877 -0.826594 6.952496 -0.000000 -12.690593 -0.000001 16.012306 -18.331879 3.196213 1.665665 -1.955920 -2.878297 4.727794 -4.170584 4.993919 11.020511 0.000001 -0.000000 12.109032 -3.735715 -2.866778 0.000000 -0.000000 0.000000 1.291985 -1.928548 -1.498088 14.800115 0.567467 3.865604 14.242553 -1.341738 -6.660648 19.631935 0.143921 -0.648243 49.296986 -0.762940 -6.081505 0.353029 -1.511150 -0.031940 20.222769 3.684305 2.316629 18.787249 0.000001 -0.000001 10.751608 -0.479870 1.397903 0.000000 -0.000000 0.000000 3.273804 0.305947 -0.580110 21.486790 11.830364 2.266131 8.162915 0.000000 -0.000000 18.399052 -3.798986 -4.940567 0.000003 0.000000 -0.000001 17.157187 -2.672084 6.230254 -0.097182 -0.616388 37.917007 -14.992847 -13.026468 -2.635981 1.929039 -2.069822 -18.549007 0.000000 -0.000000 0.000002 -9.226111 6.909978 -30.534191 0.526317 0.309159 51.023357 10.225680 9.726588 -11.726138 -1.417395 1.168346 -3.068543 0.000000 -0.000000 -0.000001
0.000000 0.000000 0.000000 0.000000 -0.000000 0.000000 0.354906 -7.216622 -1.400137 2.379382 0.696575 -5.906178 1.673517 -0.376917 -0.083389 0.361056 -0.918406 -4.468523 3.664310 -3.097201 7.975468 -2.272445 3.917017 10.524283 -0.073614 2.974590 -3.620927 -1.342273 3.462574 -7.767584 0.000077 -0.000022 0.000006 -0.003260 -0.026700 0.097861 0.654164 -3.734052 -10.543362 -0.667610 3.708242 -10.534207 -10.529230 -17.297857 7.582357 -41.192936 -40.073696 -19.309532 178.691498 -65.281990 -179.566559 1.586659 -2.108323 -7.464557 -5.882102 9.861279 0.702590 -10.936861 -0.360574 7.156197 0.000000 8.774815 -0.000000 -16.264193 18.203213 5.879786 -1.844031 2.498503 -2.507276 -10.163590 4.678941 4.621104 -20.975996 -0.000001 0.000001 -21.226254 2.451698 -3.593995 0.000000 -0.000006 -0.000000 -1.362681 2.240797 -0.746323 -21.334892 0.584910 3.008319 -13.821196 -0.000001 0.000001 -23.887129 -0.249075 -0.839485 -60.215591 2.621689 -1.166618 -0.294025 1.679686 0.833255 -14.218195 0.093215 1.300579 -34.212002 -0.287561 0.967166 -20.033176 0.964536 1.212838 0.000000 -0.000000 0.000000 -3.440387 0.788233 0.501655 -15.928172 -3.167306 2.999703 -6.338817 -0.000000 0.000001 -18.123419 3.648181 -4.905662 -0.000004 0.000000 -0.000002 5.061739 14.484661 5.207141 57.939518 48.698452 1.047004 -177.897263 60.738140 -178.370941 -8.111362 -0.510554 -5.908119 2.243540 -5.255033 -3.180156 14.282877 -0.826594 6.952496 -0.000000 -12.690593 -0.000001 16.062353 -18.303999 3.173586 1.665665 -1.955920 -2.878297 4.727794 -4.170584 4.993919 11.020511 0.000001 -0.000000 12.109032 -3.735715 -2.866778 0.000000 -0.000000 0.000000 1.291985 -1.928548 -1.498088 14.800115 0.567467 3.865604 14.242553 -1.341738 -6.660648 19.631935 0.143921 -0.648243 49.299393 -0.760864 -6.054348 0.353029 -1.511150 -0.031940 20.222769 3.684305 2.316629 18.787249 0.000001 -0.000001 10.751608 -0.479870 1.397903 0.000000 -0.000000 0.000000 3.273804 0.305947 -0.580110 21.486790 11.830364 2.266131 8.162915 0.000000 -0.000000 18.399052 -3.798986 -4.940567 0.000003 0.000000 -0.000001 17.157187 -2.672084 6.230254 -0.097182 -0.616388 37.917007 -14.992847 -13.026468 -2.635981 1.929039 -2.069822 -18.549007 0.000000 -0.000000 0.000002 -9.226111 6.909978 -30.534191 0.526317 0.309159 51.023357 10.225680 9.726588 -11.726138 -1.417395 1.168346 -3.068543 0.000000 -0.000000 -0.000001
0.000000 0.000000 0.000000 0.000000 -0.000000 0.000000 0.354906 -7.203568 -1.400137 2.379382 0.696575 -5.906178 1.691886 -0.375750 -0.111712 0.371694 -0.903767 -4.482494 3.658612 -3.074657 7.978059 -2.342880 3.947942 10.554453 -0.062429 2.974233 -3.615189 -1.333554 3.455774 -7.771472 0.000077 -0.000022 0.000006 -0.003030 -0.030683 0.098667 0.656320 -3.736392 -10.541247 -0.669301 3.702780 -10.531256 -10.569588 -17.241615 7.523979 -41.196857 -40.060608 -19.329771 178.788757 -65.257332 -179.627274 1.636545 -1.986307 -7.588623 -5.882102 9.861279 0.702590 -10.936861 -0.360574 7.156197 0.000000 8.774815 -0.000000 -16.245871 18.224257 5.883100 -1.844031 2.498503 -2.507276 -10.163590 4.678941 4.621104 -20.975996 -0.000001 0.000001 -21.226254 2.451698 -3.593995 0.000000 -0.000006 -0.000000 -1.362681 2.240797 -0.746323 -21.334892 0.584910 3.008319 -13.821196 -0.000001 0.000001 -23.887129 -0.249075 -0.839485 -60.212421 2.620979 -1.164623 -0.294025 1.679686 0.833255 -14.218195 0.093215 1.300579 -34.212002 -0.287561 0.967166 -20.033176 0.964536 1.212838 0.000000 -0.000000 0.000000 -3.440387 0.788233 0.501655 -15.928172 -3.167306 2.999703 -6.338817 -0.000000 0.000001 -18.123419 3.648181 -4.905662 -0.000004 0.000000 -0.000002 5.064349 14.529624 5.260674 57.957047 48.760853 1.017686 -177.959915 60.772034 -178.405655 -8.165814 -0.577232 -5.815263 2.243540 -5.255033 -3.180156 14.282877 -0.826594 6.952496 -0.000000 -12.690593 -0.000001 16.060013 -18.310249 3.154106 1.665665 -1.955920 -2.878297 4.727794 -4.170584 4.993919 11.020511 0.000001 -0.000000 12.109032 -3.735715 -2.866778 0.000000 -0.000000 0.000000 1.291985 -1.928548 -1.498088 14.800115 0.567467 3.865604 14.242553 -1.341738 -6.660648 19.631935 0.143921 -0.648243 49.276676 -0.766900 -6.053862 0.353029 -1.511150 -0.031940 20.222769 3.684305 2.316629 18.787249 0.000001 -0.000001 10.751608 -0.479870 1.397903 0.000000 -0.000000 0.000000 3.273804 0.305947 -0.580110 21.486790 11.830364 2.266131 8.162915 0.000000 -0.000000 18.399052 -3.798986 -4.940567 0.000003 0.000000 -0.000001 17.157187 -2.672084 6.230254 -0.097182 -0.616388 37.917007 -14.992847 -13.026468 -2.635981 1.929039 -2.069822 -18.549007 0.000000 -0.000000 0.000002 -9.226111 6.909978 -30.534191 0.526317 0.309159 51.023357 10.225680 9.726588 -11.726138 -1.417395 1.168346 -3.068543 0.000000 -0.000000 -0.000001
0.000000 0.000000 0.000000 0.000000 -0.000000 0.000000 0.354906 -7.187325 -1.400137 2.379382 0.696575 -5.906178 1.711821 -0.372355 -0.133559 0.384792 -0.881691 -4.486126 3.655673 -3.072956 7.964067 -2.388497 3.971654 10.546912 -0.070814 2.963674 -3.612552 -1.336345 3.467155 -7.752310 0.000077 -0.000022 0.000006 -0.002282 -0.038050 0.098807 0.662688 -3.742063 -10.539703 -0.674114 3.694100 -10.531057 -10.608224 -17.198904 7.478081 -41.173931 -40.023647 -19.337389 178.886078 -65.195686 -179.657303 1.731046 -1.837187 -7.701450 -5.882102 9.861279 0.702590 -10.936861 -0.360574 7.156197 0.000000 8.774815 -0.000000 -16.267096 18.234730 5.881873 -1.844031 2.498503 -2.507276 -10.163590 4.678941 4.621104 -20.975996 -0.000001 0.000001 -21.226254 2.451698 -3.593995 0.000000 -0.000006 -0.000000 -1.362681 2.240797 -0.746323 -21.334892 0.584910 3.008319 -13.821196 -0.000001 0.000001 -23.887129 -0.249075 -0.839485 -60.256668 2.625999 -1.179984 -0.294025 1.679686 0.833255 -14.218195 0.093215 1.300579 -34.212002 -0.287561 0.967166 -20.033176 0.964536 1.212838 0.000000 -0.000000 0.000000 -3.440387 0.788233 0.501655 -15.928172 -3.167306 2.999703 -6.338817 -0.000000 0.000001 -18.123419 3.648181 -4.905662 -0.000004 0.000000 -0.000002 5.098559 14.556260 5.312846 57.990822 48.830177 1.016292 -178.083847 60.801182 -178.462631 -8.248637 -0.647021 -5.699697 2.243540 -5.255033 -3.180156 14.282877 -0.826594 6.952496 -0.000000 -12.690593 -0.000001 16.067636 -18.332956 3.148912 1.665665 -1.955920 -2.878297 4.727794 -4.170584 4.993919 11.020511 0.000001 -0.000000 12.109032 -3.735715 -2.866778 0.000000 -0.000000 0.000000 1.291985 -1.928548 -1.498088 14.800115 0.567467 3.865604 14.242553 -1.341738 -6.660648 19.631935 0.143921 -0.648243 49.306160 -0.783384 -6.060479 0.353029 -1.511150 -0.031940 20.222769 3.684305 2.316629 18.787249 0.000001 -0.000001 10.751608 -0.479870 1.397903 0.000000 -0.000000 0.000000 3.273804 0.305947 -0.580110 21.486790 11.830364 2.266131 8.162915 0.000000 -0.000000 18.399052 -3.798986 -4.940567 0.000003 0.000000 -0.000001 17.157187 -2.672084 6.230254 -0.097182 -0.616388 37.917007 -14.992847 -13.026468 -2.635981 1.929039 -2.069822 -18.549007 0.000000 -0.000000 0.000002 -9.226111 6.909978 -30.534191 0.526317 0.309159 51.023357 10.225680 9.726588 -11.726138 -1.417395 1.168346 -3.068543 0.000000 -0.000000 -0.000001
0.000000 0.000000 0.000000 0.000000 -0.000000 0.000000 0.354906 -7.165322 -1.400137 2.379382 0.696575 -5.906178 1.730202 -0.364091 -0.163812 0.388843 -0.869997 -4.484845 3.659914 -3.064336 7.944508 -2.414824 3.978817 10.517858 -0.085920 2.950485 -3.621664 -1.362188 3.492343 -7.713137 0.000077 -0.000022 0.000006 -0.001648 -0.045385 0.097539 0.667213 -3.748237 -10.542079 -0.677257 3.685778 -10.535567 -10.640307 -17.153015 7.459394 -41.175678 -39.984638 -19.250904 178.872787 -65.123161 -179.598816 1.800802 -1.721518 -7.810320 -5.882102 9.861279 0.702590 -10.936861 -0.360574 7.156197 0.000000 8.774815 -0.000000 -16.283268 18.239094 5.889751 -1.844031 2.498503 -2.507276 -10.163590 4.678941 4.621104 -20.975996 -0.000001 0.000001 -21.226254 2.451698 -3.593995 0.000000 -0.000006 -0.000000 -1.362681 2.240797 -0.746323 -21.334892 0.584910 3.008319 -13.821196 -0.000001 0.000001 -23.887129 -0.249075 -0.839485 -60.313309 2.635023 -1.186661 -0.294025 1.679686 0.833255 -14.218195 0.093215 1.300579 -34.212002 -0.287561 0.967166 -20.033176 0.964536 1.212838 0.000000 -0.000000 0.000000 -3.440387 0.788233 0.501655 -15.928172 -3.167306 2.999703 -6.338817 -0.000000 0.000001 -18.123419 3.648181 -4.905662 -0.000004 0.000000 -0.000002 5.165859 14.570389 5.375525 58.032452 48.861710 1.034782 -178.195450 60.808777 -178.476181 -8.292029 -0.723171 -5.543505 2.243540 -5.255033 -3.180156 14.282877 -0.826594 6.952496 -0.000000 -12.690593 -0.000001 16.089315 -18.353981 3.145189 1.665665 -1.955920 -2.878297 4.727794 -4.170584 4.993919 11.020511 0.000001 -0.000000 12.109032 -3.735715 -2.866778 0.000000 -0.000000 0.000000 1.291985 -1.928548 -1.498088 14.800115 0.567467 3.865604 14.242553 -1.341738 -6.660648 19.631935 0.143921 -0.648243 49.330654 -0.800279 -6.055840 0.353029 -1.511150 -0.031940 20.222769 3.684305 2.316629 18.787249 0.000001 -0.000001 10.751608 -0.479870 1.397903 0.000000 -0.000000 0.000000 3.273804 0.305947 -0.580110 21.486790 11.830364 2.266131 8.162915 0.000000 -0.000000 18.399052 -3.798986 -4.940567 0.000003 0.000000 -0.000001 17.157187 -2.672084 6.230254 -0.097182 -0.616388 37.917007 -14.992847 -13.026468 -2.635981 1.929039 -2.069822 -18.549007 0.000000 -0.000000 0.000002 -9.226111 6.909978 -30.534191 0.526317 0.309159 51.023357 10.225680 9.726588 -11.726138 -1.417395 1.168346 -3.068543 0.000000 -0.000000 -0.000001
0.000000 0.000000 0.000000 0.000000 -0.000000 0.000000 0.354906 -7.145859 -1.400137 2.379382 0.696575 -5.906178 1.744128 -0.353821 -0.182473 0.381545 -0.865183 -4.483389 3.670494 -3.061674 7.924347 -2.413205 3.986025 10.478891 -0.110920 2.931388 -3.632601 -1.383414 3.482299 -7.679332 0.000077 -0.000022 0.000006 -0.001261 -0.051722 0.097528 0.668221 -3.754302 -10.544224 -0.677426 3.679465 -10.538737 -10.673841 -17.111370 7.466214 -41.151478 -39.947319 -19.104103 178.730331 -65.042076 -179.459518 1.821665 -1.638956 -7.935383 -5.882102 9.861279 0.702590 -10.936861 -0.360574 7.156197 0.000000 8.774815 -0.000000 -16.287363 18.221867 5.899844 -1.844031 2.498503 -2.507276 -10.163590 4.678941 4.621104 -20.975996 -0.000001 0.000001 -21.226254 2.451698 -3.593995 0.000000 -0.000006 -0.000000 -1.362681 2.240797 -0.746323 -21.334892 0.584910 3.008319 -13.821196 -0.000001 0.000001 -23.887129 -0.249075 -0.839485 -60.347046 2.632454 -1.197147 -0.294025 1.679686 0.833255 -14.218195 0.093215 1.300579 -34.212002 -0.287561 0.967166 -20.033176 0.964536 1.212838 0.000000 -0.000000 0.000000 -3.440387 0.788233 0.501655 -15.928172 -3.167306 2.999703 -6.338817 -0.000000 0.000001 -18.123419 3.648181 -4.905662 -0.000004 0.000000 -0.000002 5.240233 14.600657 5.436995 58.115982 48.875809 1.051308 -178.286179 60.811291 -178.452637 -8.291711 -0.772862 -5.376732 2.243540 -5.255033 -3.180156 14.282877 -0.826594 6.952496 -0.000000 -12.690593 -0.000001 16.104784 -18.352436 3.141582 1.665665 -1.955920 -2.878297 4.727794 -4.170584 4.993919 11.020511 0.000001 -0.000000 12.109032 -3.735715 -2.866778 0.000000 -0.000000 0.000000 1.291985 -1.928548 -1.498088 14.800115 0.567467 3.865604 14.242553 -1.341738 -6.660648 19.631935 0.143921 -0.648243 49.326881 -0.811547 -6.047333 0.353029 -1.511150 -0.031940 20.222769 3.684305 2.316629 18.787249 0.000001 -0.000001 10.751608 -0.479870 1.397903 0.000000 -0.000000 0.000000 3.273804 0.305947 -0.580110 21.486790 11.830364 2.266131 8.162915 0.000000 -0.000000 18.399052 -3.798986 -4.940567 0.000003 0.000000 -0.000001 17.157187 -2.672084 6.230254 -0.097182 -0.616388 37.917007 -14.992847 -13.026468 -2.635981 1.929039 -2.069822 -18.549007 0.000000 -0.000000 0.000002 -9.226111 6.909978 -30.534191 0.526317 0.309159 51.023357 10.225680 9.726588 -11.726138 -1.417395 1.168346 -3.068543 0.000000 -0.000000 -0.000001
0.000000 0.000000 0.000000 0.000000 -0.000000 0.000000 0.354906 -7.127839 -1.400137 2.379382 0.696575 -5.906178 1.755376 -0.340623 -0.179182 0.370923 -0.852279 -4.483932 3.684899 -3.071816 7.906081 -2.384324 3.994141 10.443144 -0.128077 2.923710 -3.640478 -1.412116 3.444490 -7.664029 0.000077 -0.000022 0.000006 -0.000592 -0.044248 0.094541 0.667168 -3.746181 -10.547724 -0.675042 3.686550 -10.541515 -10.728617 -17.065125 7.530648 -41.080997 -39.981342 -18.915588 178.427811 -64.965088 -179.263733 1.823343 -1.592321 -7.950934 -5.882102 9.861279 0.702590 -10.936861 -0.360574 7.156197 0.000000 8.774815 -0.000000 -16.252338 18.206131 5.916729 -1.844031 2.498503 -2.507276 -10.163590 4.678941 4.621104 -20.975996 -0.000001 0.000001 -21.226254 2.451698 -3.593995 0.000000 -0.000006 -0.000000 -1.362681 2.240797 -0.746323 -21.334892 0.584910 3.008319 -13.821196 -0.000001 0.000001 -23.887129 -0.249075 -0.839485 -60.327900 2.632410 -1.194101 -0.294025 1.679686 0.833255 -14.218195 0.093215 1.300579 -34.212002 -0.287561 0.967166 -20.033176 0.964536 1.212838 0.000000 -0.000000 0.000000 -3.440387 0.788233 0.501655 -15.928172 -3.167306 2.999703 -6.338817 -0.000000 0.000001 -18.123419 3.648181 -4.905662 -0.000004 0.000000 -0.000002 5.299852 14.643157 5.484635 58.247677 48.886242 1.099566 -178.291962 60.782230 -178.415573 -8.297372 -0.816620 -5.325871 2.243540 -5.255033 -3.180156 14.282877 -0.826594 6.952496 -0.000000 -12.690593 -0.000001 16.097139 -18.321899 3.159868 1.665665 -1.955920 -2.878297 4.727794 -4.170584 4.993919 11.020511 0.000001 -0.000000 12.109032 -3.735715 -2.866778 0.000000 -0.000000 0.000000 1.291985 -1.928548 -1.498088 14.800115 0.567467 3.865604 14.242553 -1.341738 -6.660648 19.631935 0.143921 -0.648243 49.299149 -0.813460 -6.024163 0.353029 -1.511150 -0.031940 20.222769 3.684305 2.316629 18.787249 0.000001 -0.000001 10.751608 -0.479870 1.397903 0.000000 -0.000000 0.000000 3.273804 0.305947 -0.580110 21.486790 11.830364 2.266131 8.162915 0.000000 -0.000000 18.399052 -3.798986 -4.940567 0.000003 0.000000 -0.000001 17.157187 -2.672084 6.230254 -0.097182 -0.616388 37.917007 -14.992847 -13.026468 -2.635981 1.929039 -2.069822 -18.549007 0.000000 -0.000000 0.000002 -9.226111 6.909978 -30.534191 0.526317 0.309159 51.023357 10.225680 9.726588 -11.726138 -1.417395 1.168346 -3.068543 0.000000 -0.000000 -0.000001
0.000000 0.000000 0.000000 0.000000 -0.000000 0.000000 0.354906 -7.139870 -1.400137 2.379382 0.696575 -5.906178 1.767433 -0.341552 -0.188234 0.350139 -0.876696 -4.477530 3.691398 -3.079198 7.914041 -2.325229 4.009524 10.398298 -0.165346 2.837684 -3.643363 -1.405338 3.376693 -7.670695 0.000077 -0.000022 0.000006 -0.002347 -0.065509 0.099480 0.664018 -3.764117 -10.533525 -0.675552 3.662176 -10.524426 -10.725481 -17.073587 7.523138 -41.024742 -39.947041 -18.763012 178.327591 -64.858162 -179.111435 1.781830 -1.425197 -7.965876 -5.882102 9.861279 0.702590 -10.936861 -0.360574 7.156197 0.000000 8.774815 -0.000000 -16.290630 18.177643 5.922457 -1.844031 2.498503 -2.507276 -10.163590 4.678941 4.621104 -20.975996 -0.000001 0.000001 -21.226254 2.451698 -3.593995 0.000000 -0.000006 -0.000000 -1.362681 2.240797 -0.746323 -21.334892 0.584910 3.008319 -13.821196 -0.000001 0.000001 -23.887129 -0.249075 -0.839485 -60.331356 2.631541 -1.188858 -0.294025 1.679686 0.833255 -14.218195 0.093215 1.300579 -34.212002 -0.287561 0.967166 -20.033176 0.964536 1.212838 0.000000 -0.000000 0.000000 -3.440387 0.788233 0.501655 -15.928172 -3.167306 2.999703 -6.338817 -0.000000 0.000001 -18.123419 3.648181 -4.905662 -0.000004 0.000000 -0.000002 5.298007 14.644757 5.450607 58.428917 48.826183 1.161585 -178.246826 60.706039 -178.358414 -8.350031 -0.877449 -5.373660 2.243540 -5.255033 -3.180156 14.282877 -0.826594 6.952496 -0.000000 -12.690593 -0.000001 16.069687 -18.351089 3.173200 1.665665 -1.955920 -2.878297 4.727794 -4.170584 4.993919 11.020511 0.000001 -0.000000 12.109032 -3.735715 -2.866778 0.000000 -0.000000 0.000000 1.291985 -1.928548 -1.498088 14.800115 0.567467 3.865604 14.242553 -1.341738 -6.660648 19.631935 0.143921 -0.648243 49.360626 -0.820203 -6.035505 0.353029 -1.511150 -0.031940 20.222769 3.684305 2.316629 18.787249 0.000001 -0.000001 10.751608 -0.479870 1.397903 0.000000 -0.000000 0.000000 3.273804 0.305947 -0.580110 21.486790 11.830364 2.266131 8.162915 0.000000 -0.000000 18.399052 -3.798986 -4.940567 0.000003 0.000000 -0.000001 17.157187 -2.672084 6.230254 -0.097182 -0.616388 37.917007 -14.992847 -13.026468 -2.635981 1.929039 -2.069822 -18.549007 0.000000 -0.000000 0.000002 -9.226111 6.909978 -30.534191 0.526317 0.309159 51.023357 10.225680 9.726588 -11.726138 -1.417395 1.168346 -3.068543 0.000000 -0.000000 -0.000001
0.000000 0.000000 0.000000 0.000000 -0.000000 0.000000 0.354906 -7.134316 -1.400137 2.379382 0.696575 -5.906178 1.791186 -0.352369 -0.162517 0.336455 -0.807568 -4.480573 3.727413 -3.032390 7.941639 -2.336262 4.013729 10.410910 -0.164100 2.842392 -3.629248 -1.385364 3.317868 -7.705266 0.000077 -0.000022 0.000006 -0.002642 -0.043192 0.095524 0.661242 -3.741426 -10.536544 -0.673444 3.683770 -10.530529 -10.777132 -16.974136 7.514164 -41.026485 -40.002628 -18.626871 178.338776 -64.804825 -179.089920 1.896580 -1.416496 -7.892190 -5.882102 9.861279 0.702590 -10.936861 -0.360574 7.156197 0.000000 8.774815 -0.000000 -16.206650 18.188797 5.943576 -1.844031 2.498503 -2.507276 -10.163590 4.678941 4.621104 -20.975996 -0.000001 0.000001 -21.226254 2.451698 -3.593995 0.000000 -0.000006 -0.000000 -1.362681 2.240797 -0.746323 -21.334892 0.584910 3.008319 -13.821196 -0.000001 0.000001 -23.887129 -0.249075 -0.839485 -60.264297 2.660637 -1.185445 -0.294025 1.679686 0.833255 -14.218195 0.093215 1.300579 -34.212002 -0.287561 0.967166 -20.033176 0.964536 1.212838 0.000000 -0.000000 0.000000 -3.440387 0.788233 0.501655 -15.928172 -3.167306 2.999703 -6.338817 -0.000000 0.000001 -18.123419 3.648181 -4.905662 -0.000004 0.000000 -0.000002 5.268438 14.731606 5.459578 58.619240 48.842579 1.161229 -178.402634 60.699173 -178.522385 -8.414358 -0.771499 -5.309565 2.243540 -5.255033 -3.180156 14.282877 -0.826594 6.952496 -0.000000 -12.690593 -0.000001 16.136862 -18.323944 3.138732 1.665665 -1.955920 -2.878297 4.727794 -4.170584 4.993919 11.020511 0.000001 -0.000000 12.109032 -3.735715 -2.866778 0.000000 -0.000000 0.000000 1.291985 -1.928548 -1.498088 14.800115 0.567467 3.865604 14.242553 -1.341738 -6.660648 19.631935 0.143921 -0.648243 49.338928 -0.798918 -6.033296 0.353029 -1.511150 -0.031940 20.222769 3.684305 2.316629 18.787249 0.000001 -0.000001 10.751608 -0.479870 1.397903 0.000000 -0.000000 0.000000 3.273804 0.305947 -0.580110 21.486790 11.830364 2.266131 8.162915 0.000000 -0.000000 18.399052 -3.798986 -4.940567 0.000003 0.000000 -0.000001 17.157187 -2.672084 6.230254 -0.097182 -0.616388 37.917007 -14.992847 -13.026468 -2.635981 1.929039 -2.069822 -18.549007 0.000000 -0.000000 0.000002 -9.226111 6.909978 -30.534191 0.526317 0.309159 51.023357 10.225680 9.726588 -11.726138 -1.417395 1.168346 -3.068543 0.000000 -0.000000 -0.000001
0.000000 0.000000 0.000000 0.000000 -0.000000 0.000000 0.354906 -7.138962 -1.400137 2.379382 0.696575 -5.906178 1.807069 -0.356343 -0.151619 0.318488 -0.781117 -4.480778 3.778185 -3.004428 7.988110 -2.339975 4.022232 10.389609 -0.167340 2.881950 -3.627236 -1.344326 3.268073 -7.748031 0.000077 -0.000022 0.000006 -0.002283 -0.027722 0.096117 0.660785 -3.724337 -10.530764 -0.672353 3.697365 -10.523486 -10.805614 -16.914103 7.511559 -40.991951 -40.043110 -18.549721 178.339920 -64.702499 -179.079254 1.908157 -1.376197 -7.758009 -5.882102 9.861279 0.702590 -10.936861 -0.360574 7.156197 0.000000 8.774815 -0.000000 -16.153980 18.195539 5.956333 -1.844031 2.498503 -2.507276 -10.163590 4.678941 4.621104 -20.975996 -0.000001 0.000001 -21.226254 2.451698 -3.593995 0.000000 -0.000006 -0.000000 -1.362681 2.240797 -0.746323 -21.334892 0.584910 3.008319 -13.821196 -0.000001 0.000001 -23.887129 -0.249075 -0.839485 -60.242500 2.690241 -1.212680 -0.294025 1.679686 0.833255 -14.218195 0.093215 1.300579 -34.212002 -0.287561 0.967166 -20.033176 0.964536 1.212838 0.000000 -0.000000 0.000000 -3.440387 0.788233 0.501655 -15.928172 -3.167306 2.999703 -6.338817 -0.000000 0.000001 -18.123419 3.648181 -4.905662 -0.000004 0.000000 -0.000002 5.257486 14.772543 5.494660 58.767960 48.900352 1.224146 -178.362961 60.641308 -178.477539 -8.460480 -0.767448 -5.164714 2.243540 -5.255033 -3.180156 14.282877 -0.826594 6.952496 -0.000000 -12.690593 -0.000001 16.098248 -18.312281 3.115396 1.665665 -1.955920 -2.878297 4.727794 -4.170584 4.993919 11.020511 0.000001 -0.000000 12.109032 -3.735715 -2.866778 0.000000 -0.000000 0.000000 1.291985 -1.928548 -1.498088 14.800115 0.567467 3.865604 14.242553 -1.341738 -6.660648 19.631935 0.143921 -0.648243 49.254517 -0.771237 -6.066268 0.353029 -1.511150 -0.031940 20.222769 3.684305 2.316629 18.787249 0.000001 -0.000001 10.751608 -0.479870 1.397903 0.000000 -0.000000 0.000000 3.273804 0.305947 -0.580110 21.486790 11.830364 2.266131 8.162915 0.000000 -0.000000 18.399052 -3.798986 -4.940567 0.000003 0.000000 -0.000001 17.157187 -2.672084 6.230254 -0.097182 -0.616388 37.917007 -14.992847 -13.026468 -2.635981 1.929039 -2.069822 -18.549007 0.000000 -0.000000 0.000002 -9.226111 6.909978 -30.534191 0.526317 0.309159 51.023357 10.225680 9.726588 -11.726138 -1.417395 1.168346 -3.068543 0.000000 -0.000000 -0.000001
0.000000 0.000000 0.000000 0.000000 -0.000000 0.000000 0.354906 -7.140030 -1.400137 2.379382 0.696575 -5.906178 1.814228 -0.356647 -0.144980 0.316350 -0.766149 -4.480020 3.809985 -2.994420 8.030197 -2.349198 4.021494 10.383981 -0.180052 2.900139 -3.625915 -1.296088 3.250488 -7.806975 0.000077 -0.000022 0.000006 -0.001984 -0.023666 0.095519 0.662431 -3.719977 -10.527192 -0.673459 3.701336 -10.521069 -10.823626 -16.914083 7.508972 -40.984764 -40.040108 -18.533012 178.429855 -64.589638 -179.172073 1.983515 -1.317828 -7.750870 -5.882102 9.861279 0.702590 -10.936861 -0.360574 7.156197 0.000000 8.774815 -0.000000 -16.141268 18.204325 5.968556 -1.844031 2.498503 -2.507276 -10.163590 4.678941 4.621104 -20.975996 -0.000001 0.000001 -21.226254 2.451698 -3.593995 0.000000 -0.000006 -0.000000 -1.362681 2.240797 -0.746323 -21.334892 0.584910 3.008319 -13.821196 -0.000001 0.000001 -23.887129 -0.249075 -0.839485 -60.262985 2.695542 -1.233789 -0.294025 1.679686 0.833255 -14.218195 0.093215 1.300579 -34.212002 -0.287561 0.967166 -20.033176 0.964536 1.212838 0.000000 -0.000000 0.000000 -3.440387 0.788233 0.501655 -15.928172 -3.167306 2.999703 -6.338817 -0.000000 0.000001 -18.123419 3.648181 -4.905662 -0.000004 0.000000 -0.000002 5.239268 14.764554 5.523489 58.921577 48.969643 1.307649 -178.268738 60.606106 -178.424072 -8.486940 -0.729285 -4.987371 2.243540 -5.255033 -3.180156 14.282877 -0.826594 6.952496 -0.000000 -12.690593 -0.000001 16.050999 -18.311995 3.100742 1.665665 -1.955920 -2.878297 4.727794 -4.170584 4.993919 11.020511 0.000001 -0.000000 12.109032 -3.735715 -2.866778 0.000000 -0.000000 0.000000 1.291985 -1.928548 -1.498088 14.800115 0.567467 3.865604 14.242553 -1.341738 -6.660648 19.631935 0.143921 -0.648243 49.204536 -0.756313 -6.094141 0.353029 -1.511150 -0.031940 20.222769 3.684305 2.316629 18.787249 0.000001 -0.000001 10.751608 -0.479870 1.397903 0.000000 -0.000000 0.000000 3.273804 0.305947 -0.580110 21.486790 11.830364 2.266131 8.162915 0.000000 -0.000000 18.399052 -3.798986 -4.940567 0.000003 0.000000 -0.000001 17.157187 -2.672084 6.230254 -0.097182 -0.616388 37.917007 -14.992847 -13.026468 -2.635981 1.929039 -2.069822 -18.549007 0.000000 -0.000000 0.000002 -9.226111 6.909978 -30.534191 0.526317 0.309159 51.023357 10.225680 9.726588 -11.726138 -1.417395 1.168346 -3.068543 0.000000 -0.000000 -0.000001
0.000000 0.000000 0.000000 0.000000 -0.000000 0.000000 0.354906 -7.131180 -1.400137 2.379382 0.696575 -5.906178 1.820888 -0.355381 -0.143351 0.319936 -0.773580 -4.476980 3.823837 -2.995400 8.061977 -2.357439 4.018479 10.397535 -0.195087 2.906834 -3.627053 -1.248382 3.254019 -7.842315 0.000077 -0.000022 0.000006 -0.002364 -0.022291 0.096940 0.664591 -3.719605 -10.528567 -0.676404 3.704055 -10.522985 -10.839095 -16.939159 7.491314 -41.027824 -40.000504 -18.533796 178.562531 -64.491440 -179.301682 2.041982 -1.291636 -7.804201 -5.882102 9.861279 0.702590 -10.936861 -0.360574 7.156197 0.000000 8.774815 -0.000000 -16.152012 18.200350 5.974082 -1.844031 2.498503 -2.507276 -10.163590 4.678941 4.621104 -20.975996 -0.000001 0.000001 -21.226254 2.451698 -3.593995 0.000000 -0.000006 -0.000000 -1.362681 2.240797 -0.746323 -21.334892 0.584910 3.008319 -13.821196 -0.000001 0.000001 -23.887129 -0.249075 -0.839485 -60.295395 2.674754 -1.228233 -0.294025 1.679686 0.833255 -14.218195 0.093215 1.300579 -34.212002 -0.287561 0.967166 -20.033176 0.964536 1.212838 0.000000 -0.000000 0.000000 -3.440387 0.788233 0.501655 -15.928172 -3.167306 2.999703 -6.338817 -0.000000 0.000001 -18.123419 3.648181 -4.905662 -0.000004 0.000000 -0.000002 5.222302 14.742720 5.528458 59.081833 48.994152 1.359714 -178.199493 60.577843 -178.367310 -8.451364 -0.704916 -4.876772 2.243540 -5.255033 -3.180156 14.282877 -0.826594 6.952496 -0.000000 -12.690593 -0.000001 16.032812 -18.312954 3.092147 1.665665 -1.955920 -2.878297 4.727794 -4.170584 4.993919 11.020511 0.000001 -0.000000 12.109032 -3.735715 -2.866778 0.000000 -0.000000 0.000000 1.291985 -1.928548 -1.498088 14.800115 0.567467 3.865604 14.242553 -1.341738 -6.660648 19.631935 0.143921 -0.648243 49.184467 -0.760993 -6.108275 0.353029 -1.511150 -0.031940 20.222769 3.684305 2.316629 18.787249 0.000001 -0.000001 10.751608 -0.479870 1.397903 0.000000 -0.000000 0.000000 3.273804 0.305947 -0.580110 21.486790 11.830364 2.266131 8.162915 0.000000 -0.000000 18.399052 -3.798986 -4.940567 0.000003 0.000000 -0.000001 17.157187 -2.672084 6.230254 -0.097182 -0.616388 37.917007 -14.992847 -13.026468 -2.635981 1.929039 -2.069822 -18.549007 0.000000 -0.000000 0.000002 -9.226111 6.909978 -30.534191 0.526317 0.309159 51.023357 10.225680 9.726588 -11.726138 -1.417395 1.168346 -3.068543 0.000000 -0.000000 -0.000001
0.000000 0.000000 0.000000 0.000000 -0.000000 0.000000 0.354906 -7.110283 -1.400137 2.379382 0.696575 -5.906178 1.825873 -0.356667 -0.143960 0.324039 -0.791269 -4.476051 3.821686 -3.013642 8.081258 -2.373142 4.019376 10.421290 -0.196476 2.925717 -3.623045 -1.234088 3.267496 -7.853497 0.000077 -0.000022 0.000006 -0.002809 -0.023672 0.101097 0.667900 -3.722451 -10.531572 -0.680687 3.704550 -10.528388 -10.837987 -16.957850 7.455007 -41.123402 -39.935741 -18.542736 178.712936 -64.385712 -179.425476 2.038705 -1.262726 -7.836910 -5.882102 9.861279 0.702590 -10.936861 -0.360574 7.156197 0.000000 8.774815 -0.000000 -16.191492 18.198086 5.966219 -1.844031 2.498503 -2.507276 -10.163590 4.678941 4.621104 -20.975996 -0.000001 0.000001 -21.226254 2.451698 -3.593995 0.000000 -0.000006 -0.000000 -1.362681 2.240797 -0.746323 -21.334892 0.584910 3.008319 -13.821196 -0.000001 0.000001 -23.887129 -0.249075 -0.839485 -60.339157 2.663378 -1.225322 -0.294025 1.679686 0.833255 -14.218195 0.093215 1.300579 -34.212002 -0.287561 0.967166 -20.033176 0.964536 1.212838 0.000000 -0.000000 0.000000 -3.440387 0.788233 0.501655 -15.928172 -3.167306 2.999703 -6.338817 -0.000000 0.000001 -18.123419 3.648181 -4.905662 -0.000004 0.000000 -0.000002 5.204796 14.721149 5.529937 59.228607 49.010151 1.406339 -178.102829 60.560154 -178.260315 -8.387943 -0.701929 -4.830699 2.243540 -5.255033 -3.180156 14.282877 -0.826594 6.952496 -0.000000 -12.690593 -0.000001 16.041237 -18.329166 3.103334 1.665665 -1.955920 -2.878297 4.727794 -4.170584 4.993919 11.020511 0.000001 -0.000000 12.109032 -3.735715 -2.866778 0.000000 -0.000000 0.000000 1.291985 -1.928548 -1.498088 14.800115 0.567467 3.865604 14.242553 -1.341738 -6.660648 19.631935 0.143921 -0.648243 49.212440 -0.770712 -6.114366 0.353029 -1.511150 -0.031940 20.222769 3.684305 2.316629 18.787249 0.000001 -0.000001 10.751608 -0.479870 1.397903 0.000000 -0.000000 0.000000 3.273804 0.305947 -0.580110 21.486790 11.830364 2.266131 8.162915 0.000000 -0.000000 18.399052 -3.798986 -4.940567 0.000003 0.000000 -0.000001 17.157187 -2.672084 6.230254 -0.097182 -0.616388 37.917007 -14.992847 -13.026468 -2.635981 1.929039 -2.069822 -18.549007 0.000000 -0.000000 0.000002 -9.226111 6.909978 -30.534191 0.526317 0.309159 51.023357 10.225680 9.726588 -11.726138 -1.417395 1.168346 -3.068543 0.000000 -0.000000 -0.000001
0.000000 0.000000 0.000000 0.000000 -0.000000 0.000000 0.354906 -7.087250 -1.400137 2.379382 0.696575 -5.906178 1.829251 -0.354301 -0.131338 0.332317 -0.799874 -4.475121 3.813236 -3.047765 8.076831 -2.392374 4.027238 10.442483 -0.180259 2.973457 -3.621081 -1.261354 3.289681 -7.841410 0.000077 -0.000022 0.000006 -0.003202 -0.017497 0.102993 0.671058 -3.717461 -10.536263 -0.684652 3.712109 -10.535893 -10.850636 -16.962566 7.446827 -41.202019 -39.923920 -18.565516 178.785461 -64.293625 -179.535324 2.032179 -1.260001 -7.778615 -5.882102 9.861279 0.702590 -10.936861 -0.360574 7.156197 0.000000 8.774815 -0.000000 -16.232662 18.192535 5.943522 -1.844031 2.498503 -2.507276 -10.163590 4.678941 4.621104 -20.975996 -0.000001 0.000001 -21.226254 2.451698 -3.593995 0.000000 -0.000006 -0.000000 -1.362681 2.240797 -0.746323 -21.334892 0.584910 3.008319 -13.821196 -0.000001 0.000001 -23.887129 -0.249075 -0.839485 -60.391788 2.657495 -1.213031 -0.294025 1.679686 0.833255 -14.218195 0.093215 1.300579 -34.212002 -0.287561 0.967166 -20.033176 0.964536 1.212838 0.000000 -0.000000 0.000000 -3.440387 0.788233 0.501655 -15.928172 -3.167306 2.999703 -6.338817 -0.000000 0.000001 -18.123419 3.648181 -4.905662 -0.000004 0.000000 -0.000002 5.215222 14.706869 5.557646 59.300182 49.044083 1.463382 -177.907806 60.547741 -178.087494 -8.331682 -0.721358 -4.873981 2.243540 -5.255033 -3.180156 14.282877 -0.826594 6.952496 -0.000000 -12.690593 -0.000001 16.064005 -18.338444 3.142526 1.665665 -1.955920 -2.878297 4.727794 -4.170584 4.993919 11.020511 0.000001 -0.000000 12.109032 -3.735715 -2.866778 0.000000 -0.000000 0.000000 1.291985 -1.928548 -1.498088 14.800115 0.567467 3.865604 14.242553 -1.341738 -6.660648 19.631935 0.143921 -0.648243 49.261959 -0.774905 -6.105258 0.353029 -1.511150 -0.031940 20.222769 3.684305 2.316629 18.787249 0.000001 -0.000001 10.751608 -0.479870 1.397903 0.000000 -0.000000 0.000000 3.273804 0.305947 -0.580110 21.486790 11.830364 2.266131 8.162915 0.000000 -0.000000 18.399052 -3.798986 -4.940567 0.000003 0.000000 -0.000001 17.157187 -2.672084 6.230254 -0.097182 -0.616388 37.917007 -14.992847 -13.026468 -2.635981 1.929039 -2.069822 -18.549007 0.000000 -0.000000 0.000002 -9.226111 6.909978 -30.534191 0.526317 0.309159 51.023357 10.225680 9.726588 -11.726138 -1.417395 1.168346 -3.068543 0.000000 -0.000000 -0.000001
0.000000 0.000000 0.000000 0.000000 -0.000000 0.000000 0.354906 -7.108132 -1.400137 2.379382 0.696575 -5.906178 1.836652 -0.371947 -0.140711 0.343758 -0.841586 -4.480175 3.775626 -3.076065 8.090497 -2.392793 4.059049 10.444290 -0.189286 2.902981 -3.617771 -1.244115 3.304844 -7.833060 0.000077 -0.000022 0.000006 -0.006282 -0.056441 0.111060 0.670434 -3.755594 -10.529926 -0.690297 3.672754 -10.528403 -10.835382 -17.032103 7.400079 -41.192204 -39.880405 -18.668028 178.968704 -64.190857 -179.600708 2.018065 -1.154014 -7.889771 -5.882102 9.861279 0.702590 -10.936861 -0.360574 7.156197 0.000000 8.774815 -0.000000 -16.334629 18.159735 5.908652 -1.844031 2.498503 -2.507276 -10.163590 4.678941 4.621104 -20.975996 -0.000001 0.000001 -21.226254 2.451698 -3.593995 0.000000 -0.000006 -0.000000 -1.362681 2.240797 -0.746323 -21.334892 0.584910 3.008319 -13.821196 -0.000001 0.000001 -23.887129 -0.249075 -0.839485 -60.482635 2.619843 -1.182943 -0.294025 1.679686 0.833255 -14.218195 0.093215 1.300579 -34.212002 -0.287561 0.967166 -20.033176 0.964536 1.212838 0.000000 -0.000000 0.000000 -3.440387 0.788233 0.501655 -15.928172 -3.167306 2.999703 -6.338817 -0.000000 0.000001 -18.123419 3.648181 -4.905662 -0.000004 0.000000 -0.000002 5.224430 14.635352 5.548896 59.257545 49.048714 1.402692 -177.822250 60.515224 -178.015732 -8.359872 -0.783687 -5.088660 2.243540 -5.255033 -3.180156 14.282877 -0.826594 6.952496 -0.000000 -12.690593 -0.000001 16.046972 -18.382399 3.164672 1.665665 -1.955920 -2.878297 4.727794 -4.170584 4.993919 11.020511 0.000001 -0.000000 12.109032 -3.735715 -2.866778 0.000000 -0.000000 0.000000 1.291985 -1.928548 -1.498088 14.800115 0.567467 3.865604 14.242553 -1.341738 -6.660648 19.631935 0.143921 -0.648243 49.358353 -0.808632 -6.106593 0.353029 -1.511150 -0.031940 20.222769 3.684305 2.316629 18.787249 0.000001 -0.000001 10.751608 -0.479870 1.397903 0.000000 -0.000000 0.000000 3.273804 0.305947 -0.580110 21.486790 11.830364 2.266131 8.162915 0.000000 -0.000000 18.399052 -3.798986 -4.940567 0.000003 0.000000 -0.000001 17.157187 -2.672084 6.230254 -0.097182 -0.616388 37.917007 -14.992847 -13.026468 -2.635981 1.929039 -2.069822 -18.549007 0.000000 -0.000000 0.000002 -9.226111 6.909978 -30.534191 0.526317 0.309159 51.023357 10.225680 9.726588 -11.726138 -1.417395 1.168346 -3.068543 0.000000 -0.000000 -0.000001
0.000000 0.000000 0.000000 0.000000 -0.000000 0.000000 0.354906 -7.085289 -1.400137 2.379382 0.696575 -5.906178 1.859351 -0.386762 -0.125821 0.352610 -0.789733 -4.494226 3.804170 -3.028474 8.132637 -2.486684 4.081014 10.459867 -0.164010 2.927948 -3.602702 -1.243386 3.309477 -7.873721 0.000077 -0.000022 0.000006 -0.007483 -0.060087 0.110038 0.669940 -3.761242 -10.536817 -0.692212 3.671159 -10.539108 -10.900208 -17.006189 7.405550 -41.148987 -39.954132 -18.855333 179.316238 -64.175690 -179.855820 2.188462 -1.206656 -8.005106 -5.882102 9.861279 0.702590 -10.936861 -0.360574 7.156197 0.000000 8.774815 -0.000000 -16.303667 18.209208 5.902118 -1.844031 2.498503 -2.507276 -10.163590 4.678941 4.621104 -20.975996 -0.000001 0.000001 -21.226254 2.451698 -3.593995 0.000000 -0.000006 -0.000000 -1.362681 2.240797 -0.746323 -21.334892 0.584910 3.008319 -13.821196 -0.000001 0.000001 -23.887129 -0.249075 -0.839485 -60.401043 2.657437 -1.190198 -0.294025 1.679686 0.833255 -14.218195 0.093215 1.300579 -34.212002 -0.287561 0.967166 -20.033176 0.964536 1.212838 0.000000 -0.000000 0.000000 -3.440387 0.788233 0.501655 -15.928172 -3.167306 2.999703 -6.338817 -0.000000 0.000001 -18.123419 3.648181 -4.905662 -0.000004 0.000000 -0.000002 5.196122 14.668117 5.594149 59.160751 49.122429 1.297058 -177.809845 60.515923 -178.020172 -8.437041 -0.665680 -5.096917 2.243540 -5.255033 -3.180156 14.282877 -0.826594 6.952496 -0.000000 -12.690593 -0.000001 16.086622 -18.349096 3.140590 1.665665 -1.955920 -2.878297 4.727794 -4.170584 4.993919 11.020511 0.000001 -0.000000 12.109032 -3.735715 -2.866778 0.000000 -0.000000 0.000000 1.291985 -1.928548 -1.498088 14.800115 0.567467 3.865604 14.242553 -1.341738 -6.660648 19.631935 0.143921 -0.648243 49.364147 -0.805118 -6.081271 0.353029 -1.511150 -0.031940 20.222769 3.684305 2.316629 18.787249 0.000001 -0.000001 10.751608 -0.479870 1.397903 0.000000 -0.000000 0.000000 3.273804 0.305947 -0.580110 21.486790 11.830364 2.266131 8.162915 0.000000 -0.000000 18.399052 -3.798986 -4.940567 0.000003 0.000000 -0.000001 17.157187 -2.672084 6.230254 -0.097182 -0.616388 37.917007 -14.992847 -13.026468 -2.635981 1.929039 -2.069822 -18.549007 0.000000 -0.000000 0.000002 -9.226111 6.909978 -30.534191 0.526317 0.309159 51.023357 10.225680 9.726588 -11.726138 -1.417395 1.168346 -3.068543 0.000000 -0.000000 -0.000001
0.000000 0.000000 0.000000 0.000000 -0.000000 0.000000 0.354906 -7.087487 -1.400137 2.379382 0.696575 -5.906178 1.875878 -0.394474 -0.131849 0.355440 -0.783281 -4.508109 3.822088 -3.020268 8.180335 -2.540676 4.108047 10.437382 -0.141968 2.934099 -3.589215 -1.241284 3.324416 -7.912356 0.000077 -0.000022 0.000006 -0.007282 -0.057858 0.111123 0.671072 -3.758617 -10.536635 -0.692937 3.673082 -10.536933 -10.962090 -16.992193 7.438433 -41.061348 -40.023434 -19.006399 179.420090 -64.098984 -179.892349 2.203690 -1.179735 -8.046519 -5.882102 9.861279 0.702590 -10.936861 -0.360574 7.156197 0.000000 8.774815 -0.000000 -16.251610 18.217241 5.927534 -1.844031 2.498503 -2.507276 -10.163590 4.678941 4.621104 -20.975996 -0.000001 0.000001 -21.226254 2.451698 -3.593995 0.000000 -0.000006 -0.000000 -1.362681 2.240797 -0.746323 -21.334892 0.584910 3.008319 -13.821196 -0.000001 0.000001 -23.887129 -0.249075 -0.839485 -60.369347 2.679157 -1.175313 -0.294025 1.679686 0.833255 -14.218195 0.093215 1.300579 -34.212002 -0.287561 0.967166 -20.033176 0.964536 1.212838 0.000000 -0.000000 0.000000 -3.440387 0.788233 0.501655 -15.928172 -3.167306 2.999703 -6.338817 -0.000000 0.000001 -18.123419 3.648181 -4.905662 -0.000004 0.000000 -0.000002 5.204870 14.645405 5.623937 59.064655 49.196461 1.232705 -177.802429 60.464756 -178.038284 -8.472734 -0.659514 -5.107275 2.243540 -5.255033 -3.180156 14.282877 -0.826594 6.952496 -0.000000 -12.690593 -0.000001 16.057034 -18.337173 3.136527 1.665665 -1.955920 -2.878297 4.727794 -4.170584 4.993919 11.020511 0.000001 -0.000000 12.109032 -3.735715 -2.866778 0.000000 -0.000000 0.000000 1.291985 -1.928548 -1.498088 14.800115 0.567467 3.865604 14.242553 -1.341738 -6.660648 19.631935 0.143921 -0.648243 49.351192 -0.802997 -6.067416 0.353029 -1.511150 -0.031940 20.222769 3.684305 2.316629 18.787249 0.000001 -0.000001 10.751608 -0.479870 1.397903 0.000000 -0.000000 0.000000 3.273804 0.305947 -0.580110 21.486790 11.830364 2.266131 8.162915 0.000000 -0.000000 18.399052 -3.798986 -4.940567 0.000003 0.000000 -0.000001 17.157187 -2.672084 6.230254 -0.097182 -0.616388 37.917007 -14.992847 -13.026468 -2.635981 1.929039 -2.069822 -18.549007 0.000000 -0.000000 0.000002 -9.226111 6.909978 -30.534191 0.526317 0.309159 51.023357 10.225680 9.726588 -11.726138 -1.417395 1.168346 -3.068543 0.000000 -0.000000 -0.000001
0.000000 0.000000 0.000000 0.000000 -0.000000 0.000000 0.354906 -7.094353 -1.400137 2.379382 0.696575 -5.906178 1.892151 -0.391244 -0.140160 0.359327 -0.783891 -4.514452 3.831253 -3.030922 8.216232 -2.580359 4.131036 10.408880 -0.134111 2.931881 -3.579512 -1.227332 3.344959 -7.934189 0.000077 -0.000022 0.000006 -0.006749 -0.055136 0.110673 0.672934 -3.755763 -10.535557 -0.693702 3.675920 -10.534976 -11.040970 -16.974258 7.479033 -41.010017 -40.057095 -19.112478 179.531204 -63.985111 -179.939987 2.267201 -1.153460 -8.074984 -5.882102 9.861279 0.702590 -10.936861 -0.360574 7.156197 0.000000 8.774815 -0.000000 -16.204515 18.222940 5.949750 -1.844031 2.498503 -2.507276 -10.163590 4.678941 4.621104 -20.975996 -0.000001 0.000001 -21.226254 2.451698 -3.593995 0.000000 -0.000006 -0.000000 -1.362681 2.240797 -0.746323 -21.334892 0.584910 3.008319 -13.821196 -0.000001 0.000001 -23.887129 -0.249075 -0.839485 -60.374386 2.674340 -1.174415 -0.294025 1.679686 0.833255 -14.218195 0.093215 1.300579 -34.212002 -0.287561 0.967166 -20.033176 0.964536 1.212838 0.000000 -0.000000 0.000000 -3.440387 0.788233 0.501655 -15.928172 -3.167306 2.999703 -6.338817 -0.000000 0.000001 -18.123419 3.648181 -4.905662 -0.000004 0.000000 -0.000002 5.249526 14.616024 5.652765 58.973343 49.249340 1.150731 -177.862137 60.410633 -178.114655 -8.448216 -0.638159 -5.008533 2.243540 -5.255033 -3.180156 14.282877 -0.826594 6.952496 -0.000000 -12.690593 -0.000001 16.053507 -18.346781 3.135158 1.665665 -1.955920 -2.878297 4.727794 -4.170584 4.993919 11.020511 0.000001 -0.000000 12.109032 -3.735715 -2.866778 0.000000 -0.000000 0.000000 1.291985 -1.928548 -1.498088 14.800115 0.567467 3.865604 14.242553 -1.341738 -6.660648 19.631935 0.143921 -0.648243 49.372284 -0.808492 -6.069118 0.353029 -1.511150 -0.031940 20.222769 3.684305 2.316629 18.787249 0.000001 -0.000001 10.751608 -0.479870 1.397903 0.000000 -0.000000 0.000000 3.273804 0.305947 -0.580110 21.486790 11.830364 2.266131 8.162915 0.000000 -0.000000 18.399052 -3.798986 -4.940567 0.000003 0.000000 -0.000001 17.157187 -2.672084 6.230254 -0.097182 -0.616388 37.917007 -14.992847 -13.026468 -2.635981 1.929039 -2.069822 -18.549007 0.000000 -0.000000 0.000002 -9.226111 6.909978 -30.534191 0.526317 0.309159 51.023357 10.225680 9.726588 -11.726138 -1.417395 1.168346 -3.068543 0.000000 -0.000000 -0.000001
0.000000 0.000000 0.000000 0.000000 -0.000000 0.000000 0.354906 -7.100739 -1.400137 2.379382 0.696575 -5.906178 1.903327 -0.382140 -0.154796 0.364467 -0.797358 -4.518255 3.833853 -3.047412 8.236972 -2.598991 4.148744 10.376072 -0.129745 2.932488 -3.581792 -1.219105 3.382562 -7.947513 0.000077 -0.000022 0.000006 -0.006699 -0.054820 0.111365 0.673403 -3.756312 -10.533454 -0.693988 3.677184 -10.533459 -11.122556 -16.953781 7.524007 -41.008118 -40.054939 -19.162321 179.633728 -63.855595 179.998505 2.340312 -1.191767 -8.027450 -5.882102 9.861279 0.702590 -10.936861 -0.360574 7.156197 0.000000 8.774815 -0.000000 -16.166780 18.240261 5.970446 -1.844031 2.498503 -2.507276 -10.163590 4.678941 4.621104 -20.975996 -0.000001 0.000001 -21.226254 2.451698 -3.593995 0.000000 -0.000006 -0.000000 -1.362681 2.240797 -0.746323 -21.334892 0.584910 3.008319 -13.821196 -0.000001 0.000001 -23.887129 -0.249075 -0.839485 -60.388805 2.660837 -1.190373 -0.294025 1.679686 0.833255 -14.218195 0.093215 1.300579 -34.212002 -0.287561 0.967166 -20.033176 0.964536 1.212838 0.000000 -0.000000 0.000000 -3.440387 0.788233 0.501655 -15.928172 -3.167306 2.999703 -6.338817 -0.000000 0.000001 -18.123419 3.648181 -4.905662 -0.000004 0.000000 -0.000002 5.315650 14.585463 5.684257 58.908257 49.250912 1.055614 -177.976807 60.326965 -178.230148 -8.396513 -0.621809 -4.978654 2.243540 -5.255033 -3.180156 14.282877 -0.826594 6.952496 -0.000000 -12.690593 -0.000001 16.065042 -18.360813 3.124224 1.665665 -1.955920 -2.878297 4.727794 -4.170584 4.993919 11.020511 0.000001 -0.000000 12.109032 -3.735715 -2.866778 0.000000 -0.000000 0.000000 1.291985 -1.928548 -1.498088 14.800115 0.567467 3.865604 14.242553 -1.341738 -6.660648 19.631935 0.143921 -0.648243 49.399555 -0.816496 -6.079152 0.353029 -1.511150 -0.031940 20.222769 3.684305 2.316629 18.787249 0.000001 -0.000001 10.751608 -0.479870 1.397903 0.000000 -0.000000 0.000000 3.273804 0.305947 -0.580110 21.486790 11.830364 2.266131 8.162915 0.000000 -0.000000 18.399052 -3.798986 -4.940567 0.000003 0.000000 -0.000001 17.157187 -2.672084 6.230254 -0.097182 -0.616388 37.917007 -14.992847 -13.026468 -2.635981 1.929039 -2.069822 -18.549007 0.000000 -0.000000 0.000002 -9.226111 6.909978 -30.534191 0.526317 0.309159 51.023357 10.225680 9.726588 -11.726138 -1.417395 1.168346 -3.068543 0.000000 -0.000000 -0.000001
0.000000 0.000000 0.000000 0.000000 -0.000000 0.000000 0.354906 -7.102036 -1.400137 2.379382 0.696575 -5.906178 1.911118 -0.373778 -0.176477 0.365623 -0.819929 -4.521050 3.844445 -3.059967 8.246514 -2.599171 4.158744 10.335885 -0.138111 2.933216 -3.594180 -1.224374 3.405108 -7.954338 0.000077 -0.000022 0.000006 -0.006018 -0.050371 0.111501 0.673732 -3.751479 -10.529452 -0.692887 3.681446 -10.530160 -11.202312 -16.940411 7.554273 -41.031269 -40.009518 -19.177618 179.681290 -63.717018 179.908737 2.394232 -1.270849 -7.862900 -5.882102 9.861279 0.702590 -10.936861 -0.360574 7.156197 0.000000 8.774815 -0.000000 -16.146942 18.254826 5.984216 -1.844031 2.498503 -2.507276 -10.163590 4.678941 4.621104 -20.975996 -0.000001 0.000001 -21.226254 2.451698 -3.593995 0.000000 -0.000006 -0.000000 -1.362681 2.240797 -0.746323 -21.334892 0.584910 3.008319 -13.821196 -0.000001 0.000001 -23.887129 -0.249075 -0.839485 -60.379639 2.659441 -1.224592 -0.294025 1.679686 0.833255 -14.218195 0.093215 1.300579 -34.212002 -0.287561 0.967166 -20.033176 0.964536 1.212838 0.000000 -0.000000 0.000000 -3.440387 0.788233 0.501655 -15.928172 -3.167306 2.999703 -6.338817 -0.000000 0.000001 -18.123419 3.648181 -4.905662 -0.000004 0.000000 -0.000002 5.384135 14.567242 5.702392 58.882603 49.200047 0.995875 -178.070557 60.211720 -178.311646 -8.343611 -0.619001 -5.025263 2.243540 -5.255033 -3.180156 14.282877 -0.826594 6.952496 -0.000000 -12.690593 -0.000001 16.104704 -18.375151 3.105577 1.665665 -1.955920 -2.878297 4.727794 -4.170584 4.993919 11.020511 0.000001 -0.000000 12.109032 -3.735715 -2.866778 0.000000 -0.000000 0.000000 1.291985 -1.928548 -1.498088 14.800115 0.567467 3.865604 14.242553 -1.341738 -6.660648 19.631935 0.143921 -0.648243 49.412888 -0.812526 -6.098705 0.353029 -1.511150 -0.031940 20.222769 3.684305 2.316629 18.787249 0.000001 -0.000001 10.751608 -0.479870 1.397903 0.000000 -0.000000 0.000000 3.273804 0.305947 -0.580110 21.486790 11.830364 2.266131 8.162915 0.000000 -0.000000 18.399052 -3.798986 -4.940567 0.000003 0.000000 -0.000001 17.157187 -2.672084 6.230254 -0.097182 -0.616388 37.917007 -14.992847 -13.026468 -2.635981 1.929039 -2.069822 -18.549007 0.000000 -0.000000 0.000002 -9.226111 6.909978 -30.534191 0.526317 0.309159 51.023357 10.225680 9.726588 -11.726138 -1.417395 1.168346 -3.068543 0.000000 -0.000000 -0.000001
0.000000 0.000000 0.000000 0.000000 -0.000000 0.000000 0.354906 -7.100624 -1.400137 2.379382 0.696575 -5.906178 1.908370 -0.356722 -0.197365 0.367736 -0.835067 -4.517198 3.862561 -3.075649 8.241035 -2.585114 4.159346 10.288254 -0.144505 2.974967 -3.615416 -1.248560 3.415427 -7.962348 0.000077 -0.000022 0.000006 -0.004074 -0.030022 0.108422 0.673478 -3.729876 -10.526237 -0.688713 3.700567 -10.528240 -11.289360 -16.919802 7.598272 -41.066360 -39.984768 -19.116312 179.554138 -63.569794 179.880905 2.442215 -1.381946 -7.589416 -5.882102 9.861279 0.702590 -10.936861 -0.360574 7.156197 0.000000 8.774815 -0.000000 -16.116629 18.263515 5.993395 -1.844031 2.498503 -2.507276 -10.163590 4.678941 4.621104 -20.975996 -0.000001 0.000001 -21.226254 2.451698 -3.593995 0.000000 -0.000006 -0.000000 -1.362681 2.240797 -0.746323 -21.334892 0.584910 3.008319 -13.821196 -0.000001 0.000001 -23.887129 -0.249075 -0.839485 -60.343178 2.667788 -1.249714 -0.294025 1.679686 0.833255 -14.218195 0.093215 1.300579 -34.212002 -0.287561 0.967166 -20.033176 0.964536 1.212838 0.000000 -0.000000 0.000000 -3.440387 0.788233 0.501655 -15.928172 -3.167306 2.999703 -6.338817 -0.000000 0.000001 -18.123419 3.648181 -4.905662 -0.000004 0.000000 -0.000002 5.469313 14.554154 5.722970 58.900478 49.140121 1.005018 -178.117813 60.105038 -178.386841 -8.264916 -0.605809 -5.141354 2.243540 -5.255033 -3.180156 14.282877 -0.826594 6.952496 -0.000000 -12.690593 -0.000001 16.160660 -18.364624 3.089696 1.665665 -1.955920 -2.878297 4.727794 -4.170584 4.993919 11.020511 0.000001 -0.000000 12.109032 -3.735715 -2.866778 0.000000 -0.000000 0.000000 1.291985 -1.928548 -1.498088 14.800115 0.567467 3.865604 14.242553 -1.341738 -6.660648 19.631935 0.143921 -0.648243 49.407089 -0.793654 -6.116409 0.353029 -1.511150 -0.031940 20.222769 3.684305 2.316629 18.787249 0.000001 -0.000001 10.751608 -0.479870 1.397903 0.000000 -0.000000 0.000000 3.273804 0.305947 -0.580110 21.486790 11.830364 2.266131 8.162915 0.000000 -0.000000 18.399052 -3.798986 -4.940567 0.000003 0.000000 -0.000001 17.157187 -2.672084 6.230254 -0.097182 -0.616388 37.917007 -14.992847 -13.026468 -2.635981 1.929039 -2.069822 -18.549007 0.000000 -0.000000 0.000002 -9.226111 6.909978 -30.534191 0.526317 0.309159 51.023357 10.225680 9.726588 -11.726138 -1.417395 1.168346 -3.068543 0.000000 -0.000000 -0.000001
0.000000 0.000000 0.000000 0.000000 -0.000000 0.000000 0.354906 -7.119492 -1.400137 2.379382 0.696575 -5.906178 1.913752 -0.362098 -0.244049 0.357126 -0.862707 -4.514251 3.868355 -3.097656 8.257456 -2.547012 4.173417 10.225383 -0.166236 2.927797 -3.631534 -1.236797 3.416797 -7.970881 0.000077 -0.000022 0.000006 -0.005436 -0.047720 0.111683 0.670074 -3.747479 -10.518236 -0.688089 3.682991 -10.518648 -11.324611 -16.914532 7.585474 -41.099651 -39.955570 -19.074749 179.544891 -63.394791 179.859970 2.505008 -1.349294 -7.484246 -5.882102 9.861279 0.702590 -10.936861 -0.360574 7.156197 0.000000 8.774815 -0.000000 -16.159325 18.219193 5.993439 -1.844031 2.498503 -2.507276 -10.163590 4.678941 4.621104 -20.975996 -0.000001 0.000001 -21.226254 2.451698 -3.593995 0.000000 -0.000006 -0.000000 -1.362681 2.240797 -0.746323 -21.334892 0.584910 3.008319 -13.821196 -0.000001 0.000001 -23.887129 -0.249075 -0.839485 -60.356567 2.646083 -1.239149 -0.294025 1.679686 0.833255 -14.218195 0.093215 1.300579 -34.212002 -0.287561 0.967166 -20.033176 0.964536 1.212838 0.000000 -0.000000 0.000000 -3.440387 0.788233 0.501655 -15.928172 -3.167306 2.999703 -6.338817 -0.000000 0.000001 -18.123419 3.648181 -4.905662 -0.000004 0.000000 -0.000002 5.525455 14.507189 5.668101 58.905655 49.030342 0.934435 -178.306839 59.989853 -178.596863 -8.212618 -0.707230 -5.312880 2.243540 -5.255033 -3.180156 14.282877 -0.826594 6.952496 -0.000000 -12.690593 -0.000001 16.123280 -18.387564 3.094784 1.665665 -1.955920 -2.878297 4.727794 -4.170584 4.993919 11.020511 0.000001 -0.000000 12.109032 -3.735715 -2.866778 0.000000 -0.000000 0.000000 1.291985 -1.928548 -1.498088 14.800115 0.567467 3.865604 14.242553 -1.341738 -6.660648 19.631935 0.143921 -0.648243 49.385414 -0.792377 -6.146067 0.353029 -1.511150 -0.031940 20.222769 3.684305 2.316629 18.787249 0.000001 -0.000001 10.751608 -0.479870 1.397903 0.000000 -0.000000 0.000000 3.273804 0.305947 -0.580110 21.486790 11.830364 2.266131 8.162915 0.000000 -0.000000 18.399052 -3.798986 -4.940567 0.000003 0.000000 -0.000001 17.157187 -2.672084 6.230254 -0.097182 -0.616388 37.917007 -14.992847 -13.026468 -2.635981 1.929039 -2.069822 -18.549007 0.000000 -0.000000 0.000002 -9.226111 6.909978 -30.534191 0.526317 0.309159 51.023357 10.225680 9.726588 -11.726138 -1.417395 1.168346 -3.068543 0.000000 -0.000000 -0.000001
0.000000 0.000000 0.000000 0.000000 -0.000000 0.000000 0.354906 -7.089524 -1.400137 2.379382 0.696575 -5.906178 1.931688 -0.368574 -0.258245 0.364041 -0.799635 -4.523324 3.919984 -3.046474 8.296664 -2.591697 4.179050 10.198256 -0.153862 2.967116 -3.617645 -1.216469 3.395798 -7.999992 0.000077 -0.000022 0.000006 -0.005909 -0.035672 0.108103 0.664702 -3.739274 -10.524928 -0.683821 3.698767 -10.529134 -11.387494 -16.846273 7.582015 -41.193127 -39.996700 -19.059683 179.618484 -63.316776 179.790527 2.682771 -1.440351 -7.468167 -5.882102 9.861279 0.702590 -10.936861 -0.360574 7.156197 0.000000 8.774815 -0.000000 -16.110954 18.218685 5.981477 -1.844031 2.498503 -2.507276 -10.163590 4.678941 4.621104 -20.975996 -0.000001 0.000001 -21.226254 2.451698 -3.593995 0.000000 -0.000006 -0.000000 -1.362681 2.240797 -0.746323 -21.334892 0.584910 3.008319 -13.821196 -0.000001 0.000001 -23.887129 -0.249075 -0.839485 -60.235294 2.668938 -1.217642 -0.294025 1.679686 0.833255 -14.218195 0.093215 1.300579 -34.212002 -0.287561 0.967166 -20.033176 0.964536 1.212838 0.000000 -0.000000 0.000000 -3.440387 0.788233 0.501655 -15.928172 -3.167306 2.999703 -6.338817 -0.000000 0.000001 -18.123419 3.648181 -4.905662 -0.000004 0.000000 -0.000002 5.553189 14.555735 5.704271 58.941441 48.985802 0.880166 -178.534424 59.946331 -178.821304 -8.200779 -0.610337 -5.287995 2.243540 -5.255033 -3.180156 14.282877 -0.826594 6.952496 -0.000000 -12.690593 -0.000001 16.201927 -18.375149 3.036149 1.665665 -1.955920 -2.878297 4.727794 -4.170584 4.993919 11.020511 0.000001 -0.000000 12.109032 -3.735715 -2.866778 0.000000 -0.000000 0.000000 1.291985 -1.928548 -1.498088 14.800115 0.567467 3.865604 14.242553 -1.341738 -6.660648 19.631935 0.143921 -0.648243 49.344086 -0.748945 -6.154498 0.353029 -1.511150 -0.031940 20.222769 3.684305 2.316629 18.787249 0.000001 -0.000001 10.751608 -0.479870 1.397903 0.000000 -0.000000 0.000000 3.273804 0.305947 -0.580110 21.486790 11.830364 2.266131 8.162915 0.000000 -0.000000 18.399052 -3.798986 -4.940567 0.000003 0.000000 -0.000001 17.157187 -2.672084 6.230254 -0.097182 -0.616388 37.917007 -14.992847 -13.026468 -2.635981 1.929039 -2.069822 -18.549007 0.000000 -0.000000 0.000002 -9.226111 6.909978 -30.534191 0.526317 0.309159 51.023357 10.225680 9.726588 -11.726138 -1.417395 1.168346 -3.068543 0.000000 -0.000000 -0.000001
0.000000 0.000000 0.000000 0.000000 -0.000000 0.000000 0.354906 -7.081765 -1.400137 2.379382 0.696575 -5.906178 1.943379 -0.378599 -0.277596 0.370018 -0.770247 -4.544153 3.945421 -3.037832 8.357643 -2.613804 4.187599 10.166901 -0.148487 2.987727 -3.605777 -1.187830 3.384809 -8.049294 0.000077 -0.000022 0.000006 -0.005560 -0.027153 0.106229 0.663167 -3.731899 -10.528737 -0.681749 3.708420 -10.531335 -11.438590 -16.794882 7.602022 -41.201279 -40.079544 -19.033436 179.511169 -63.245102 179.900909 2.749419 -1.462565 -7.416623 -5.882102 9.861279 0.702590 -10.936861 -0.360574 7.156197 0.000000 8.774815 -0.000000 -16.103504 18.203150 5.987599 -1.844031 2.498503 -2.507276 -10.163590 4.678941 4.621104 -20.975996 -0.000001 0.000001 -21.226254 2.451698 -3.593995 0.000000 -0.000006 -0.000000 -1.362681 2.240797 -0.746323 -21.334892 0.584910 3.008319 -13.821196 -0.000001 0.000001 -23.887129 -0.249075 -0.839485 -60.229580 2.674917 -1.182823 -0.294025 1.679686 0.833255 -14.218195 0.093215 1.300579 -34.212002 -0.287561 0.967166 -20.033176 0.964536 1.212838 0.000000 -0.000000 0.000000 -3.440387 0.788233 0.501655 -15.928172 -3.167306 2.999703 -6.338817 -0.000000 0.000001 -18.123419 3.648181 -4.905662 -0.000004 0.000000 -0.000002 5.595140 14.548084 5.745146 58.954758 48.971684 0.916438 -178.596619 59.894688 -178.891190 -8.223757 -0.563920 -5.198293 2.243540 -5.255033 -3.180156 14.282877 -0.826594 6.952496 -0.000000 -12.690593 -0.000001 16.169682 -18.357618 3.018832 1.665665 -1.955920 -2.878297 4.727794 -4.170584 4.993919 11.020511 0.000001 -0.000000 12.109032 -3.735715 -2.866778 0.000000 -0.000000 0.000000 1.291985 -1.928548 -1.498088 14.800115 0.567467 3.865604 14.242553 -1.341738 -6.660648 19.631935 0.143921 -0.648243 49.288090 -0.730029 -6.153512 0.353029 -1.511150 -0.031940 20.222769 3.684305 2.316629 18.787249 0.000001 -0.000001 10.751608 -0.479870 1.397903 0.000000 -0.000000 0.000000 3.273804 0.305947 -0.580110 21.486790 11.830364 2.266131 8.162915 0.000000 -0.000000 18.399052 -3.798986 -4.940567 0.000003 0.000000 -0.000001 17.157187 -2.672084 6.230254 -0.097182 -0.616388 37.917007 -14.992847 -13.026468 -2.635981 1.929039 -2.069822 -18.549007 0.000000 -0.000000 0.000002 -9.226111 6.909978 -30.534191 0.526317 0.309159 51.023357 10.225680 9.726588 -11.726138 -1.417395 1.168346 -3.068543 0.000000 -0.000000 -0.000001
0.000000 0.000000 0.000000 0.000000 -0.000000 0.000000 0.354906 -7.078133 -1.400137 2.379382 0.696575 -5.906178 1.950278 -0.387035 -0.291479 0.379985 -0.746718 -4.568134 3.958884 -3.045281 8.424973 -2.635848 4.195109 10.154373 -0.148940 3.009537 -3.597217 -1.159227 3.372247 -8.137109 0.000077 -0.000022 0.000006 -0.005067 -0.021803 0.103226 0.663549 -3.727469 -10.539353 -0.681253 3.714637 -10.539473 -11.498991 -16.754269 7.614971 -41.176189 -40.164612 -19.005695 179.440720 -63.216053 179.997131 2.858906 -1.489944 -7.402614 -5.882102 9.861279 0.702590 -10.936861 -0.360574 7.156197 0.000000 8.774815 -0.000000 -16.107561 18.204042 5.989143 -1.844031 2.498503 -2.507276 -10.163590 4.678941 4.621104 -20.975996 -0.000001 0.000001 -21.226254 2.451698 -3.593995 0.000000 -0.000006 -0.000000 -1.362681 2.240797 -0.746323 -21.334892 0.584910 3.008319 -13.821196 -0.000001 0.000001 -23.887129 -0.249075 -0.839485 -60.238785 2.686820 -1.170856 -0.294025 1.679686 0.833255 -14.218195 0.093215 1.300579 -34.212002 -0.287561 0.967166 -20.033176 0.964536 1.212838 0.000000 -0.000000 0.000000 -3.440387 0.788233 0.501655 -15.928172 -3.167306 2.999703 -6.338817 -0.000000 0.000001 -18.123419 3.648181 -4.905662 -0.000004 0.000000 -0.000002 5.640349 14.534138 5.781254 58.934338 48.965626 1.012700 -178.500031 59.885666 -178.798126 -8.256651 -0.503422 -5.014601 2.243540 -5.255033 -3.180156 14.282877 -0.826594 6.952496 -0.000000 -12.690593 -0.000001 16.109697 -18.352894 3.037611 1.665665 -1.955920 -2.878297 4.727794 -4.170584 4.993919 11.020511 0.000001 -0.000000 12.109032 -3.735715 -2.866778 0.000000 -0.000000 0.000000 1.291985 -1.928548 -1.498088 14.800115 0.567467 3.865604 14.242553 -1.341738 -6.660648 19.631935 0.143921 -0.648243 49.247448 -0.720772 -6.148017 0.353029 -1.511150 -0.031940 20.222769 3.684305 2.316629 18.787249 0.000001 -0.000001 10.751608 -0.479870 1.397903 0.000000 -0.000000 0.000000 3.273804 0.305947 -0.580110 21.486790 11.830364 2.266131 8.162915 0.000000 -0.000000 18.399052 -3.798986 -4.940567 0.000003 0.000000 -0.000001 17.157187 -2.672084 6.230254 -0.097182 -0.616388 37.917007 -14.992847 -13.026468 -2.635981 1.929039 -2.069822 -18.549007 0.000000 -0.000000 0.000002 -9.226111 6.909978 -30.534191 0.526317 0.309159 51.023357 10.225680 9.726588 -11.726138 -1.417395 1.168346 -3.068543 0.000000 -0.000000 -0.000001
0.000000 0.000000 0.000000 0.000000 -0.000000 0.000000 0.354906 -7.083069 -1.400137 2.379382 0.696575 -5.906178 1.951757 -0.388351 -0.298391 0.388565 -0.749339 -4.587526 3.960646 -3.047208 8.490045 -2.663623 4.209812 10.178828 -0.139537 3.036343 -3.593169 -1.144116 3.380237 -8.249599 0.000077 -0.000022 0.000006 -0.005730 -0.023123 0.101886 0.663533 -3.729984 -10.550864 -0.682599 3.714374 -10.550195 -11.541468 -16.706984 7.617677 -41.178696 -40.232914 -18.949234 179.396027 -63.234486 -179.929871 3.004233 -1.550684 -7.434407 -5.882102 9.861279 0.702590 -10.936861 -0.360574 7.156197 0.000000 8.774815 -0.000000 -16.124647 18.210506 5.978316 -1.844031 2.498503 -2.507276 -10.163590 4.678941 4.621104 -20.975996 -0.000001 0.000001 -21.226254 2.451698 -3.593995 0.000000 -0.000006 -0.000000 -1.362681 2.240797 -0.746323 -21.334892 0.584910 3.008319 -13.821196 -0.000001 0.000001 -23.887129 -0.249075 -0.839485 -60.243320 2.704670 -1.167987 -0.294025 1.679686 0.833255 -14.218195 0.093215 1.300579 -34.212002 -0.287561 0.967166 -20.033176 0.964536 1.212838 0.000000 -0.000000 0.000000 -3.440387 0.788233 0.501655 -15.928172 -3.167306 2.999703 -6.338817 -0.000000 0.000001 -18.123419 3.648181 -4.905662 -0.000004 0.000000 -0.000002 5.688795 14.525249 5.828487 58.871120 48.943951 1.103388 -178.331451 59.878090 -178.637634 -8.296576 -0.496676 -4.790347 2.243540 -5.255033 -3.180156 14.282877 -0.826594 6.952496 -0.000000 -12.690593 -0.000001 16.084492 -18.359907 3.067445 1.665665 -1.955920 -2.878297 4.727794 -4.170584 4.993919 11.020511 0.000001 -0.000000 12.109032 -3.735715 -2.866778 0.000000 -0.000000 0.000000 1.291985 -1.928548 -1.498088 14.800115 0.567467 3.865604 14.242553 -1.341738 -6.660648 19.631935 0.143921 -0.648243 49.272106 -0.719034 -6.136300 0.353029 -1.511150 -0.031940 20.222769 3.684305 2.316629 18.787249 0.000001 -0.000001 10.751608 -0.479870 1.397903 0.000000 -0.000000 0.000000 3.273804 0.305947 -0.580110 21.486790 11.830364 2.266131 8.162915 0.000000 -0.000000 18.399052 -3.798986 -4.940567 0.000003 0.000000 -0.000001 17.157187 -2.672084 6.230254 -0.097182 -0.616388 37.917007 -14.992847 -13.026468 -2.635981 1.929039 -2.069822 -18.549007 0.000000 -0.000000 0.000002 -9.226111 6.909978 -30.534191 0.526317 0.309159 51.023357 10.225680 9.726588 -11.726138 -1.417395 1.168346 -3.068543 0.000000 -0.000000 -0.000001
0.000000 0.000000 0.000000 0.000000 -0.000000 0.000000 0.354906 -7.092484 -1.400137 2.379382 0.696575 -5.906178 1.955777 -0.385516 -0.296535 0.393361 -0.770719 -4.600536 3.959869 -3.039956 8.540692 -2.705470 4.228592 10.236378 -0.129610 3.069548 -3.594260 -1.138250 3.393748 -8.355229 0.000077 -0.000022 0.000006 -0.005035 -0.024187 0.102226 0.664832 -3.731472 -10.557770 -0.682533 3.713982 -10.558881 -11.589260 -16.675900 7.628898 -41.181969 -40.274399 -18.951468 179.438385 -63.283077 -179.945267 3.111333 -1.640314 -7.469934 -5.882102 9.861279 0.702590 -10.936861 -0.360574 7.156197 0.000000 8.774815 -0.000000 -16.141581 18.217350 5.965879 -1.844031 2.498503 -2.507276 -10.163590 4.678941 4.621104 -20.975996 -0.000001 0.000001 -21.226254 2.451698 -3.593995 0.000000 -0.000006 -0.000000 -1.362681 2.240797 -0.746323 -21.334892 0.584910 3.008319 -13.821196 -0.000001 0.000001 -23.887129 -0.249075 -0.839485 -60.221172 2.708920 -1.176812 -0.294025 1.679686 0.833255 -14.218195 0.093215 1.300579 -34.212002 -0.287561 0.967166 -20.033176 0.964536 1.212838 0.000000 -0.000000 0.000000 -3.440387 0.788233 0.501655 -15.928172 -3.167306 2.999703 -6.338817 -0.000000 0.000001 -18.123419 3.648181 -4.905662 -0.000004 0.000000 -0.000002 5.727892 14.512786 5.906024 58.783298 48.964684 1.176288 -178.091614 59.880085 -178.414307 -8.309664 -0.508096 -4.592106 2.243540 -5.255033 -3.180156 14.282877 -0.826594 6.952496 -0.000000 -12.690593 -0.000001 16.126642 -18.355247 3.083916 1.665665 -1.955920 -2.878297 4.727794 -4.170584 4.993919 11.020511 0.000001 -0.000000 12.109032 -3.735715 -2.866778 0.000000 -0.000000 0.000000 1.291985 -1.928548 -1.498088 14.800115 0.567467 3.865604 14.242553 -1.341738 -6.660648 19.631935 0.143921 -0.648243 49.335007 -0.726612 -6.119839 0.353029 -1.511150 -0.031940 20.222769 3.684305 2.316629 18.787249 0.000001 -0.000001 10.751608 -0.479870 1.397903 0.000000 -0.000000 0.000000 3.273804 0.305947 -0.580110 21.486790 11.830364 2.266131 8.162915 0.000000 -0.000000 18.399052 -3.798986 -4.940567 0.000003 0.000000 -0.000001 17.157187 -2.672084 6.230254 -0.097182 -0.616388 37.917007 -14.992847 -13.026468 -2.635981 1.929039 -2.069822 -18.549007 0.000000 -0.000000 0.000002 -9.226111 6.909978 -30.534191 0.526317 0.309159 51.023357 10.225680 9.726588 -11.726138 -1.417395 1.168346 -3.068543 0.000000 -0.000000 -0.000001
0.000000 0.000000 0.000000 0.000000 -0.000000 0.000000 0.354906 -7.092736 -1.400137 2.379382 0.696575 -5.906178 1.954982 -0.376876 -0.288194 0.401085 -0.792898 -4.609036 3.950091 -3.047595 8.559013 -2.743865 4.247511 10.308264 -0.119639 3.127471 -3.608731 -1.141012 3.404729 -8.417774 0.000077 -0.000022 0.000006 -0.002444 -0.002568 0.102008 0.666958 -3.710496 -10.563900 -0.679472 3.736328 -10.567142 -11.671967 -16.639299 7.695177 -41.143314 -40.371960 -18.978113 179.374512 -63.333488 -179.957184 3.169578 -1.752434 -7.323064 -5.882102 9.861279 0.702590 -10.936861 -0.360574 7.156197 0.000000 8.774815 -0.000000 -16.130331 18.222616 5.963890 -1.844031 2.498503 -2.507276 -10.163590 4.678941 4.621104 -20.975996 -0.000001 0.000001 -21.226254 2.451698 -3.593995 0.000000 -0.000006 -0.000000 -1.362681 2.240797 -0.746323 -21.334892 0.584910 3.008319 -13.821196 -0.000001 0.000001 -23.887129 -0.249075 -0.839485 -60.185722 2.710546 -1.176158 -0.294025 1.679686 0.833255 -14.218195 0.093215 1.300579 -34.212002 -0.287561 0.967166 -20.033176 0.964536 1.212838 0.000000 -0.000000 0.000000 -3.440387 0.788233 0.501655 -15.928172 -3.167306 2.999703 -6.338817 -0.000000 0.000001 -18.123419 3.648181 -4.905662 -0.000004 0.000000 -0.000002 5.786038 14.503246 5.996298 58.654747 49.027428 1.220523 -177.817078 59.903992 -178.177185 -8.288004 -0.491746 -4.494176 2.243540 -5.255033 -3.180156 14.282877 -0.826594 6.952496 -0.000000 -12.690593 -0.000001 16.174393 -18.323715 3.105954 1.665665 -1.955920 -2.878297 4.727794 -4.170584 4.993919 11.020511 0.000001 -0.000000 12.109032 -3.735715 -2.866778 0.000000 -0.000000 0.000000 1.291985 -1.928548 -1.498088 14.800115 0.567467 3.865604 14.242553 -1.341738 -6.660648 19.631935 0.143921 -0.648243 49.375389 -0.730541 -6.094876 0.353029 -1.511150 -0.031940 20.222769 3.684305 2.316629 18.787249 0.000001 -0.000001 10.751608 -0.479870 1.397903 0.000000 -0.000000 0.000000 3.273804 0.305947 -0.580110 21.486790 11.830364 2.266131 8.162915 0.000000 -0.000000 18.399052 -3.798986 -4.940567 0.000003 0.000000 -0.000001 17.157187 -2.672084 6.230254 -0.097182 -0.616388 37.917007 -14.992847 -13.026468 -2.635981 1.929039 -2.069822 -18.549007 0.000000 -0.000000 0.000002 -9.226111 6.909978 -30.534191 0.526317 0.309159 51.023357 10.225680 9.726588 -11.726138 -1.417395 1.168346 -3.068543 0.000000 -0.000000 -0.000001
0.000000 0.000000 0.000000 0.000000 -0.000000 0.000000 0.354906 -7.124894 -1.400137 2.379382 0.696575 -5.906178 1.960521 -0.404328 -0.325367 0.397757 -0.848663 -4.617043 3.893598 -3.052236 8.601652 -2.741087 4.264059 10.363173 -0.140850 3.060715 -3.622324 -1.139156 3.417475 -8.445150 0.000077 -0.000022 0.000006 -0.003536 -0.034945 0.107310 0.668420 -3.742840 -10.564738 -0.683225 3.704232 -10.566459 -11.690916 -16.699062 7.723542 -41.076714 -40.423244 -19.071424 179.427917 -63.347115 -179.929108 3.199755 -1.661009 -7.410953 -5.882102 9.861279 0.702590 -10.936861 -0.360574 7.156197 0.000000 8.774815 -0.000000 -16.155241 18.187782 5.975106 -1.844031 2.498503 -2.507276 -10.163590 4.678941 4.621104 -20.975996 -0.000001 0.000001 -21.226254 2.451698 -3.593995 0.000000 -0.000006 -0.000000 -1.362681 2.240797 -0.746323 -21.334892 0.584910 3.008319 -13.821196 -0.000001 0.000001 -23.887129 -0.249075 -0.839485 -60.183140 2.700614 -1.148410 -0.294025 1.679686 0.833255 -14.218195 0.093215 1.300579 -34.212002 -0.287561 0.967166 -20.033176 0.964536 1.212838 0.000000 -0.000000 0.000000 -3.440387 0.788233 0.501655 -15.928172 -3.167306 2.999703 -6.338817 -0.000000 0.000001 -18.123419 3.648181 -4.905662 -0.000004 0.000000 -0.000002 5.823909 14.426502 5.979549 58.457485 49.031986 1.023201 -177.877594 59.928185 -178.212082 -8.328994 -0.581478 -4.553516 2.243540 -5.255033 -3.180156 14.282877 -0.826594 6.952496 -0.000000 -12.690593 -0.000001 16.144083 -18.316610 3.121277 1.665665 -1.955920 -2.878297 4.727794 -4.170584 4.993919 11.020511 0.000001 -0.000000 12.109032 -3.735715 -2.866778 0.000000 -0.000000 0.000000 1.291985 -1.928548 -1.498088 14.800115 0.567467 3.865604 14.242553 -1.341738 -6.660648 19.631935 0.143921 -0.648243 49.386570 -0.762587 -6.073980 0.353029 -1.511150 -0.031940 20.222769 3.684305 2.316629 18.787249 0.000001 -0.000001 10.751608 -0.479870 1.397903 0.000000 -0.000000 0.000000 3.273804 0.305947 -0.580110 21.486790 11.830364 2.266131 8.162915 0.000000 -0.000000 18.399052 -3.798986 -4.940567 0.000003 0.000000 -0.000001 17.157187 -2.672084 6.230254 -0.097182 -0.616388 37.917007 -14.992847 -13.026468 -2.635981 1.929039 -2.069822 -18.549007 0.000000 -0.000000 0.000002 -9.226111 6.909978 -30.534191 0.526317 0.309159 51.023357 10.225680 9.726588 -11.726138 -1.417395 1.168346 -3.068543 0.000000 -0.000000 -0.000001
0.000000 0.000000 0.000000 0.000000 -0.000000 0.000000 0.354906 -7.113923 -1.400137 2.379382 0.696575 -5.906178 1.978761 -0.414873 -0.338368 0.407281 -0.787485 -4.622522 3.909111 -2.993616 8.648295 -2.850740 4.304188 10.445964 -0.128543 3.081301 -3.626992 -1.099561 3.425373 -8.426343 0.000077 -0.000022 0.000006 -0.004369 -0.034504 0.107495 0.663096 -3.744179 -10.568353 -0.679544 3.706270 -10.573369 -11.742805 -16.595377 7.681824 -41.151085 -40.551224 -19.093075 179.489044 -63.441208 -179.985046 3.427341 -1.712511 -7.504842 -5.882102 9.861279 0.702590 -10.936861 -0.360574 7.156197 0.000000 8.774815 -0.000000 -16.108702 18.197348 5.956647 -1.844031 2.498503 -2.507276 -10.163590 4.678941 4.621104 -20.975996 -0.000001 0.000001 -21.226254 2.451698 -3.593995 0.000000 -0.000006 -0.000000 -1.362681 2.240797 -0.746323 -21.334892 0.584910 3.008319 -13.821196 -0.000001 0.000001 -23.887129 -0.249075 -0.839485 -60.060047 2.710168 -1.136102 -0.294025 1.679686 0.833255 -14.218195 0.093215 1.300579 -34.212002 -0.287561 0.967166 -20.033176 0.964536 1.212838 0.000000 -0.000000 0.000000 -3.440387 0.788233 0.501655 -15.928172 -3.167306 2.999703 -6.338817 -0.000000 0.000001 -18.123419 3.648181 -4.905662 -0.000004 0.000000 -0.000002 5.812814 14.571700 6.078510 58.276180 49.125633 0.779517 -177.932129 60.004585 -178.241714 -8.410466 -0.461807 -4.333368 2.243540 -5.255033 -3.180156 14.282877 -0.826594 6.952496 -0.000000 -12.690593 -0.000001 16.222427 -18.262970 3.066608 1.665665 -1.955920 -2.878297 4.727794 -4.170584 4.993919 11.020511 0.000001 -0.000000 12.109032 -3.735715 -2.866778 0.000000 -0.000000 0.000000 1.291985 -1.928548 -1.498088 14.800115 0.567467 3.865604 14.242553 -1.341738 -6.660648 19.631935 0.143921 -0.648243 49.360519 -0.744316 -6.042588 0.353029 -1.511150 -0.031940 20.222769 3.684305 2.316629 18.787249 0.000001 -0.000001 10.751608 -0.479870 1.397903 0.000000 -0.000000 0.000000 3.273804 0.305947 -0.580110 21.486790 11.830364 2.266131 8.162915 0.000000 -0.000000 18.399052 -3.798986 -4.940567 0.000003 0.000000 -0.000001 17.157187 -2.672084 6.230254 -0.097182 -0.616388 37.917007 -14.992847 -13.026468 -2.635981 1.929039 -2.069822 -18.549007 0.000000 -0.000000 0.000002 -9.226111 6.909978 -30.534191 0.526317 0.309159 51.023357 10.225680 9.726588 -11.726138 -1.417395 1.168346 -3.068543 0.000000 -0.000000 -0.000001
0.000000 0.000000 0.000000 0.000000 -0.000000 0.000000 0.354906 -7.118790 -1.400137 2.379382 0.696575 -5.906178 1.991604 -0.414761 -0.361743 0.412010 -0.778658 -4.627112 3.889841 -2.967311 8.676968 -2.914644 4.323205 10.518524 -0.113322 3.093558 -3.637060 -1.068262 3.450815 -8.358729 0.000077 -0.000022 0.000006 -0.003822 -0.034498 0.106806 0.660433 -3.744367 -10.566333 -0.675772 3.706517 -10.569141 -11.808661 -16.549976 7.702691 -41.093578 -40.695423 -19.113625 179.324509 -63.488113 -179.896652 3.551115 -1.748572 -7.482840 -5.882102 9.861279 0.702590 -10.936861 -0.360574 7.156197 0.000000 8.774815 -0.000000 -16.063042 18.177692 5.951859 -1.844031 2.498503 -2.507276 -10.163590 4.678941 4.621104 -20.975996 -0.000001 0.000001 -21.226254 2.451698 -3.593995 0.000000 -0.000006 -0.000000 -1.362681 2.240797 -0.746323 -21.334892 0.584910 3.008319 -13.821196 -0.000001 0.000001 -23.887129 -0.249075 -0.839485 -59.993397 2.706170 -1.124703 -0.294025 1.679686 0.833255 -14.218195 0.093215 1.300579 -34.212002 -0.287561 0.967166 -20.033176 0.964536 1.212838 0.000000 -0.000000 0.000000 -3.440387 0.788233 0.501655 -15.928172 -3.167306 2.999703 -6.338817 -0.000000 0.000001 -18.123419 3.648181 -4.905662 -0.000004 0.000000 -0.000002 5.822249 14.655783 6.129167 58.138680 49.215748 0.558953 -177.969376 60.056107 -178.230743 -8.459763 -0.425405 -4.191596 2.243540 -5.255033 -3.180156 14.282877 -0.826594 6.952496 -0.000000 -12.690593 -0.000001 16.204168 -18.219160 3.034868 1.665665 -1.955920 -2.878297 4.727794 -4.170584 4.993919 11.020511 0.000001 -0.000000 12.109032 -3.735715 -2.866778 0.000000 -0.000000 0.000000 1.291985 -1.928548 -1.498088 14.800115 0.567467 3.865604 14.242553 -1.341738 -6.660648 19.631935 0.143921 -0.648243 49.240192 -0.736454 -6.032653 0.353029 -1.511150 -0.031940 20.222769 3.684305 2.316629 18.787249 0.000001 -0.000001 10.751608 -0.479870 1.397903 0.000000 -0.000000 0.000000 3.273804 0.305947 -0.580110 21.486790 11.830364 2.266131 8.162915 0.000000 -0.000000 18.399052 -3.798986 -4.940567 0.000003 0.000000 -0.000001 17.157187 -2.672084 6.230254 -0.097182 -0.616388 37.917007 -14.992847 -13.026468 -2.635981 1.929039 -2.069822 -18.549007 0.000000 -0.000000 0.000002 -9.226111 6.909978 -30.534191 0.526317 0.309159 51.023357 10.225680 9.726588 -11.726138 -1.417395 1.168346 -3.068543 0.000000 -0.000000 -0.000001
0.000000 0.000000 0.000000 0.000000 -0.000000 0.000000 0.354906 -7.113877 -1.400137 2.379382 0.696575 -5.906178 2.001769 -0.407167 -0.385816 0.416822 -0.777919 -4.629542 3.860028 -2.935690 8.678396 -2.955958 4.334291 10.585443 -0.118377 3.059516 -3.646842 -1.028679 3.480875 -8.246250 0.000077 -0.000022 0.000006 -0.003957 -0.034620 0.104978 0.657004 -3.743259 -10.564977 -0.672578 3.705212 -10.564932 -11.872488 -16.537510 7.729168 -41.013584 -40.823425 -19.172148 179.232193 -63.536587 -179.876175 3.711147 -1.772830 -7.472722 -5.882102 9.861279 0.702590 -10.936861 -0.360574 7.156197 0.000000 8.774815 -0.000000 -16.031870 18.175579 5.958383 -1.844031 2.498503 -2.507276 -10.163590 4.678941 4.621104 -20.975996 -0.000001 0.000001 -21.226254 2.451698 -3.593995 0.000000 -0.000006 -0.000000 -1.362681 2.240797 -0.746323 -21.334892 0.584910 3.008319 -13.821196 -0.000001 0.000001 -23.887129 -0.249075 -0.839485 -59.974197 2.708565 -1.127952 -0.294025 1.679686 0.833255 -14.218195 0.093215 1.300579 -34.212002 -0.287561 0.967166 -20.033176 0.964536 1.212838 0.000000 -0.000000 0.000000 -3.440387 0.788233 0.501655 -15.928172 -3.167306 2.999703 -6.338817 -0.000000 0.000001 -18.123419 3.648181 -4.905662 -0.000004 0.000000 -0.000002 5.831763 14.718212 6.127917 58.027172 49.303631 0.351036 -178.007263 60.123177 -178.243805 -8.542953 -0.366433 -4.020435 2.243540 -5.255033 -3.180156 14.282877 -0.826594 6.952496 -0.000000 -12.690593 -0.000001 16.182320 -18.185545 3.006313 1.665665 -1.955920 -2.878297 4.727794 -4.170584 4.993919 11.020511 0.000001 -0.000000 12.109032 -3.735715 -2.866778 0.000000 -0.000000 0.000000 1.291985 -1.928548 -1.498088 14.800115 0.567467 3.865604 14.242553 -1.341738 -6.660648 19.631935 0.143921 -0.648243 49.143150 -0.729989 -6.037612 0.353029 -1.511150 -0.031940 20.222769 3.684305 2.316629 18.787249 0.000001 -0.000001 10.751608 -0.479870 1.397903 0.000000 -0.000000 0.000000 3.273804 0.305947 -0.580110 21.486790 11.830364 2.266131 8.162915 0.000000 -0.000000 18.399052 -3.798986 -4.940567 0.000003 0.000000 -0.000001 17.157187 -2.672084 6.230254 -0.097182 -0.616388 37.917007 -14.992847 -13.026468 -2.635981 1.929039 -2.069822 -18.549007 0.000000 -0.000000 0.000002 -9.226111 6.909978 -30.534191 0.526317 0.309159 51.023357 10.225680 9.726588 -11.726138 -1.417395 1.168346 -3.068543 0.000000 -0.000000 -0.000001
0.000000 0.000000 0.000000 0.000000 -0.000000 0.000000 0.354906 -7.093438 -1.400137 2.379382 0.696575 -5.906178 2.012646 -0.392484 -0.421274 0.412222 -0.785196 -4.630396 3.831824 -2.909425 8.659364 -2.975364 4.345500 10.634639 -0.135406 2.996315 -3.665359 -0.992814 3.512616 -8.128857 0.000077 -0.000022 0.000006 -0.004542 -0.033673 0.103411 0.653237 -3.741113 -10.568283 -0.669885 3.704617 -10.565705 -11.928256 -16.540524 7.746825 -40.975269 -40.943916 -19.204586 179.196793 -63.594376 -179.903152 3.872496 -1.825662 -7.487596 -5.882102 9.861279 0.702590 -10.936861 -0.360574 7.156197 0.000000 8.774815 -0.000000 -15.997360 18.175249 5.965476 -1.844031 2.498503 -2.507276 -10.163590 4.678941 4.621104 -20.975996 -0.000001 0.000001 -21.226254 2.451698 -3.593995 0.000000 -0.000006 -0.000000 -1.362681 2.240797 -0.746323 -21.334892 0.584910 3.008319 -13.821196 -0.000001 0.000001 -23.887129 -0.249075 -0.839485 -59.946011 2.710193 -1.140546 -0.294025 1.679686 0.833255 -14.218195 0.093215 1.300579 -34.212002 -0.287561 0.967166 -20.033176 0.964536 1.212838 0.000000 -0.000000 0.000000 -3.440387 0.788233 0.501655 -15.928172 -3.167306 2.999703 -6.338817 -0.000000 0.000001 -18.123419 3.648181 -4.905662 -0.000004 0.000000 -0.000002 5.831923 14.766801 6.091553 57.977966 49.347809 0.138897 -178.073959 60.174343 -178.283951 -8.595519 -0.300389 -3.895151 2.243540 -5.255033 -3.180156 14.282877 -0.826594 6.952496 -0.000000 -12.690593 -0.000001 16.153790 -18.166883 2.988279 1.665665 -1.955920 -2.878297 4.727794 -4.170584 4.993919 11.020511 0.000001 -0.000000 12.109032 -3.735715 -2.866778 0.000000 -0.000000 0.000000 1.291985 -1.928548 -1.498088 14.800115 0.567467 3.865604 14.242553 -1.341738 -6.660648 19.631935 0.143921 -0.648243 49.054619 -0.725295 -6.050242 0.353029 -1.511150 -0.031940 20.222769 3.684305 2.316629 18.787249 0.000001 -0.000001 10.751608 -0.479870 1.397903 0.000000 -0.000000 0.000000 3.273804 0.305947 -0.580110 21.486790 11.830364 2.266131 8.162915 0.000000 -0.000000 18.399052 -3.798986 -4.940567 0.000003 0.000000 -0.000001 17.157187 -2.672084 6.230254 -0.097182 -0.616388 37.917007 -14.992847 -13.026468 -2.635981 1.929039 -2.069822 -18.549007 0.000000 -0.000000 0.000002 -9.226111 6.909978 -30.534191 0.526317 0.309159 51.023357 10.225680 9.726588 -11.726138 -1.417395 1.168346 -3.068543 0.000000 -0.000000 -0.000001
0.000000 0.000000 0.000000 0.000000 -0.000000 0.000000 0.354906 -7.059716 -1.400137 2.379382 0.696575 -5.906178 2.025615 -0.372304 -0.457789 0.402448 -0.797000 -4.632346 3.805614 -2.905706 8.617823 -2.978507 4.364775 10.653408 -0.158685 2.927622 -3.679250 -0.956308 3.539727 -8.005783 0.000077 -0.000022 0.000006 -0.004849 -0.031025 0.102365 0.651017 -3.738463 -10.571796 -0.668244 3.707135 -10.568532 -11.969133 -16.564651 7.741161 -40.988525 -41.038361 -19.235723 179.214706 -63.635601 179.999573 3.998731 -1.875364 -7.478601 -5.882102 9.861279 0.702590 -10.936861 -0.360574 7.156197 0.000000 8.774815 -0.000000 -15.958923 18.148443 5.970033 -1.844031 2.498503 -2.507276 -10.163590 4.678941 4.621104 -20.975996 -0.000001 0.000001 -21.226254 2.451698 -3.593995 0.000000 -0.000006 -0.000000 -1.362681 2.240797 -0.746323 -21.334892 0.584910 3.008319 -13.821196 -0.000001 0.000001 -23.887129 -0.249075 -0.839485 -59.871525 2.686184 -1.143496 -0.294025 1.679686 0.833255 -14.218195 0.093215 1.300579 -34.212002 -0.287561 0.967166 -20.033176 0.964536 1.212838 0.000000 -0.000000 0.000000 -3.440387 0.788233 0.501655 -15.928172 -3.167306 2.999703 -6.338817 -0.000000 0.000001 -18.123419 3.648181 -4.905662 -0.000004 0.000000 -0.000002 5.825905 14.814053 6.041924 58.016064 49.393616 -0.002191 -178.089828 60.205338 -178.294678 -8.615700 -0.271197 -3.779462 2.243540 -5.255033 -3.180156 14.282877 -0.826594 6.952496 -0.000000 -12.690593 -0.000001 16.143141 -18.151329 2.977489 1.665665 -1.955920 -2.878297 4.727794 -4.170584 4.993919 11.020511 0.000001 -0.000000 12.109032 -3.735715 -2.866778 0.000000 -0.000000 0.000000 1.291985 -1.928548 -1.498088 14.800115 0.567467 3.865604 14.242553 -1.341738 -6.660648 19.631935 0.143921 -0.648243 48.965839 -0.726647 -6.057271 0.353029 -1.511150 -0.031940 20.222769 3.684305 2.316629 18.787249 0.000001 -0.000001 10.751608 -0.479870 1.397903 0.000000 -0.000000 0.000000 3.273804 0.305947 -0.580110 21.486790 11.830364 2.266131 8.162915 0.000000 -0.000000 18.399052 -3.798986 -4.940567 0.000003 0.000000 -0.000001 17.157187 -2.672084 6.230254 -0.097182 -0.616388 37.917007 -14.992847 -13.026468 -2.635981 1.929039 -2.069822 -18.549007 0.000000 -0.000000 0.000002 -9.226111 6.909978 -30.534191 0.526317 0.309159 51.023357 10.225680 9.726588 -11.726138 -1.417395 1.168346 -3.068543 0.000000 -0.000000 -0.000001
0.000000 0.000000 0.000000 0.000000 -0.000000 0.000000 0.354906 -7.011902 -1.400137 2.379382 0.696575 -5.906178 2.026963 -0.358141 -0.482655 0.393882 -0.795311 -4.640056 3.774919 -2.937917 8.554107 -2.955536 4.376690 10.649766 -0.180234 2.925262 -3.690320 -0.937935 3.539051 -7.871397 0.000077 -0.000022 0.000006 -0.003874 -0.008221 0.098357 0.650138 -3.716977 -10.578350 -0.665387 3.731149 -10.574204 -12.025662 -16.581869 7.770628 -41.006966 -41.175442 -19.269766 179.222107 -63.658028 179.893448 4.081673 -1.904745 -7.384300 -5.882102 9.861279 0.702590 -10.936861 -0.360574 7.156197 0.000000 8.774815 -0.000000 -15.905322 18.124784 5.990256 -1.844031 2.498503 -2.507276 -10.163590 4.678941 4.621104 -20.975996 -0.000001 0.000001 -21.226254 2.451698 -3.593995 0.000000 -0.000006 -0.000000 -1.362681 2.240797 -0.746323 -21.334892 0.584910 3.008319 -13.821196 -0.000001 0.000001 -23.887129 -0.249075 -0.839485 -59.796291 2.669492 -1.132072 -0.294025 1.679686 0.833255 -14.218195 0.093215 1.300579 -34.212002 -0.287561 0.967166 -20.033176 0.964536 1.212838 0.000000 -0.000000 0.000000 -3.440387 0.788233 0.501655 -15.928172 -3.167306 2.999703 -6.338817 -0.000000 0.000001 -18.123419 3.648181 -4.905662 -0.000004 0.000000 -0.000002 5.833547 14.845860 6.020768 58.103695 49.484138 -0.026673 -177.970444 60.219532 -178.237808 -8.590409 -0.274972 -3.725493 2.243540 -5.255033 -3.180156 14.282877 -0.826594 6.952496 -0.000000 -12.690593 -0.000001 16.143524 -18.119612 2.985968 1.665665 -1.955920 -2.878297 4.727794 -4.170584 4.993919 11.020511 0.000001 -0.000000 12.109032 -3.735715 -2.866778 0.000000 -0.000000 0.000000 1.291985 -1.928548 -1.498088 14.800115 0.567467 3.865604 14.242553 -1.341738 -6.660648 19.631935 0.143921 -0.648243 48.911175 -0.725336 -6.045960 0.353029 -1.511150 -0.031940 20.222769 3.684305 2.316629 18.787249 0.000001 -0.000001 10.751608 -0.479870 1.397903 0.000000 -0.000000 0.000000 3.273804 0.305947 -0.580110 21.486790 11.830364 2.266131 8.162915 0.000000 -0.000000 18.399052 -3.798986 -4.940567 0.000003 0.000000 -0.000001 17.157187 -2.672084 6.230254 -0.097182 -0.616388 37.917007 -14.992847 -13.026468 -2.635981 1.929039 -2.069822 -18.549007 0.000000 -0.000000 0.000002 -9.226111 6.909978 -30.534191 0.526317 0.309159 51.023357 10.225680 9.726588 -11.726138 -1.417395 1.168346 -3.068543 0.000000 -0.000000 -0.000001
0.000000 0.000000 0.000000 0.000000 -0.000000 0.000000 0.354906 -6.983673 -1.400137 2.379382 0.696575 -5.906178 2.031219 -0.386706 -0.544794 0.382290 -0.829013 -4.658030 3.705150 -2.980620 8.519085 -2.891342 4.366477 10.644522 -0.219418 2.884817 -3.700383 -0.906163 3.498327 -7.774521 0.000077 -0.000022 0.000006 -0.004875 -0.016450 0.100589 0.654572 -3.728220 -10.580198 -0.671890 3.726421 -10.576502 -12.038983 -16.675148 7.772260 -40.976963 -41.250805 -19.349319 179.344070 -63.612190 179.903931 4.123276 -1.668204 -7.392483 -5.882102 9.861279 0.702590 -10.936861 -0.360574 7.156197 0.000000 8.774815 -0.000000 -15.942871 18.080296 6.021563 -1.844031 2.498503 -2.507276 -10.163590 4.678941 4.621104 -20.975996 -0.000001 0.000001 -21.226254 2.451698 -3.593995 0.000000 -0.000006 -0.000000 -1.362681 2.240797 -0.746323 -21.334892 0.584910 3.008319 -13.821196 -0.000001 0.000001 -23.887129 -0.249075 -0.839485 -59.843483 2.650924 -1.132868 -0.294025 1.679686 0.833255 -14.218195 0.093215 1.300579 -34.212002 -0.287561 0.967166 -20.033176 0.964536 1.212838 0.000000 -0.000000 0.000000 -3.440387 0.788233 0.501655 -15.928172 -3.167306 2.999703 -6.338817 -0.000000 0.000001 -18.123419 3.648181 -4.905662 -0.000004 0.000000 -0.000002 5.812860 14.794396 5.889836 58.220356 49.452740 -0.009924 -177.786041 60.216015 -178.123062 -8.601188 -0.345730 -3.653808 2.243540 -5.255033 -3.180156 14.282877 -0.826594 6.952496 -0.000000 -12.690593 -0.000001 16.113317 -18.137070 2.998227 1.665665 -1.955920 -2.878297 4.727794 -4.170584 4.993919 11.020511 0.000001 -0.000000 12.109032 -3.735715 -2.866778 0.000000 -0.000000 0.000000 1.291985 -1.928548 -1.498088 14.800115 0.567467 3.865604 14.242553 -1.341738 -6.660648 19.631935 0.143921 -0.648243 48.957993 -0.745503 -6.060709 0.353029 -1.511150 -0.031940 20.222769 3.684305 2.316629 18.787249 0.000001 -0.000001 10.751608 -0.479870 1.397903 0.000000 -0.000000 0.000000 3.273804 0.305947 -0.580110 21.486790 11.830364 2.266131 8.162915 0.000000 -0.000000 18.399052 -3.798986 -4.940567 0.000003 0.000000 -0.000001 17.157187 -2.672084 6.230254 -0.097182 -0.616388 37.917007 -14.992847 -13.026468 -2.635981 1.929039 -2.069822 -18.549007 0.000000 -0.000000 0.000002 -9.226111 6.909978 -30.534191 0.526317 0.309159 51.023357 10.225680 9.726588 -11.726138 -1.417395 1.168346 -3.068543 0.000000 -0.000000 -0.000001
0.000000 0.000000 0.000000 0.000000 -0.000000 0.000000 0.354906 -6.917969 -1.400137 2.379382 0.696575 -5.906178 2.028568 -0.390931 -0.576383 0.387719 -0.764915 -4.670933 3.698048 -2.973323 8.448997 -2.904312 4.390106 10.627031 -0.221103 2.885746 -3.684086 -0.886316 3.439064 -7.705899 0.000077 -0.000022 0.000006 -0.006324 -0.022980 0.098964 0.650072 -3.735986 -10.581264 -0.670184 3.720881 -10.580183 -12.069900 -16.619349 7.727496 -41.107822 -41.376102 -19.374498 179.554016 -63.630814 179.773972 4.292425 -1.628174 -7.589048 -5.882102 9.861279 0.702590 -10.936861 -0.360574 7.156197 0.000000 8.774815 -0.000000 -15.849510 18.075754 6.061579 -1.844031 2.498503 -2.507276 -10.163590 4.678941 4.621104 -20.975996 -0.000001 0.000001 -21.226254 2.451698 -3.593995 0.000000 -0.000006 -0.000000 -1.362681 2.240797 -0.746323 -21.334892 0.584910 3.008319 -13.821196 -0.000001 0.000001 -23.887129 -0.249075 -0.839485 -59.729992 2.650079 -1.108586 -0.294025 1.679686 0.833255 -14.218195 0.093215 1.300579 -34.212002 -0.287561 0.967166 -20.033176 0.964536 1.212838 0.000000 -0.000000 0.000000 -3.440387 0.788233 0.501655 -15.928172 -3.167306 2.999703 -6.338817 -0.000000 0.000001 -18.123419 3.648181 -4.905662 -0.000004 0.000000 -0.000002 5.743901 14.889177 5.832560 58.280708 49.511677 -0.122972 -177.878036 60.281052 -178.213608 -8.658340 -0.270020 -3.498802 2.243540 -5.255033 -3.180156 14.282877 -0.826594 6.952496 -0.000000 -12.690593 -0.000001 16.167925 -18.110632 2.988765 1.665665 -1.955920 -2.878297 4.727794 -4.170584 4.993919 11.020511 0.000001 -0.000000 12.109032 -3.735715 -2.866778 0.000000 -0.000000 0.000000 1.291985 -1.928548 -1.498088 14.800115 0.567467 3.865604 14.242553 -1.341738 -6.660648 19.631935 0.143921 -0.648243 48.979919 -0.735542 -6.044250 0.353029 -1.511150 -0.031940 20.222769 3.684305 2.316629 18.787249 0.000001 -0.000001 10.751608 -0.479870 1.397903 0.000000 -0.000000 0.000000 3.273804 0.305947 -0.580110 21.486790 11.830364 2.266131 8.162915 0.000000 -0.000000 18.399052 -3.798986 -4.940567 0.000003 0.000000 -0.000001 17.157187 -2.672084 6.230254 -0.097182 -0.616388 37.917007 -14.992847 -13.026468 -2.635981 1.929039 -2.069822 -18.549007 0.000000 -0.000000 0.000002 -9.226111 6.909978 -30.534191 0.526317 0.309159 51.023357 10.225680 9.726588 -11.726138 -1.417395 1.168346 -3.068543 0.000000 -0.000000 -0.000001
0.000000 0.000000 0.000000 0.000000 -0.000000 0.000000 0.354906 -6.886864 -1.400137 2.379382 0.696575 -5.906178 2.027847 -0.384860 -0.631392 0.387303 -0.755740 -4.678557 3.676787 -3.016785 8.390697 -2.880770 4.389664 10.591097 -0.206327 2.932901 -3.668051 -0.907064 3.430516 -7.670163 0.000077 -0.000022 0.000006 -0.006747 -0.035881 0.098433 0.650362 -3.749425 -10.574975 -0.671161 3.708612 -10.575392 -12.096646 -16.580849 7.724228 -41.176796 -41.510254 -19.313356 179.428909 -63.626259 179.963501 4.331109 -1.516412 -7.771563 -5.882102 9.861279 0.702590 -10.936861 -0.360574 7.156197 0.000000 8.774815 -0.000000 -15.812057 18.042652 6.107002 -1.844031 2.498503 -2.507276 -10.163590 4.678941 4.621104 -20.975996 -0.000001 0.000001 -21.226254 2.451698 -3.593995 0.000000 -0.000006 -0.000000 -1.362681 2.240797 -0.746323 -21.334892 0.584910 3.008319 -13.821196 -0.000001 0.000001 -23.887129 -0.249075 -0.839485 -59.766750 2.606941 -1.093339 -0.294025 1.679686 0.833255 -14.218195 0.093215 1.300579 -34.212002 -0.287561 0.967166 -20.033176 0.964536 1.212838 0.000000 -0.000000 0.000000 -3.440387 0.788233 0.501655 -15.928172 -3.167306 2.999703 -6.338817 -0.000000 0.000001 -18.123419 3.648181 -4.905662 -0.000004 0.000000 -0.000002 5.689271 14.960278 5.727799 58.364929 49.475544 -0.192201 -177.896896 60.323959 -178.171509 -8.666777 -0.219263 -3.435199 2.243540 -5.255033 -3.180156 14.282877 -0.826594 6.952496 -0.000000 -12.690593 -0.000001 16.170403 -18.120226 2.999598 1.665665 -1.955920 -2.878297 4.727794 -4.170584 4.993919 11.020511 0.000001 -0.000000 12.109032 -3.735715 -2.866778 0.000000 -0.000000 0.000000 1.291985 -1.928548 -1.498088 14.800115 0.567467 3.865604 14.242553 -1.341738 -6.660648 19.631935 0.143921 -0.648243 49.003025 -0.754784 -6.033377 0.353029 -1.511150 -0.031940 20.222769 3.684305 2.316629 18.787249 0.000001 -0.000001 10.751608 -0.479870 1.397903 0.000000 -0.000000 0.000000 3.273804 0.305947 -0.580110 21.486790 11.830364 2.266131 8.162915 0.000000 -0.000000 18.399052 -3.798986 -4.940567 0.000003 0.000000 -0.000001 17.157187 -2.672084 6.230254 -0.097182 -0.616388 37.917007 -14.992847 -13.026468 -2.635981 1.929039 -2.069822 -18.549007 0.000000 -0.000000 0.000002 -9.226111 6.909978 -30.534191 0.526317 0.309159 51.023357 10.225680 9.726588 -11.726138 -1.417395 1.168346 -3.068543 0.000000 -0.000000 -0.000001
0.000000 0.000000 0.000000 0.000000 -0.000000 0.000000 0.354906 -6.880982 -1.400137 2.379382 0.696575 -5.906178 2.012922 -0.365840 -0.682932 0.388985 -0.758511 -4.672381 3.664732 -3.030371 8.314240 -2.858479 4.373413 10.564589 -0.196323 2.969584 -3.651177 -0.950937 3.432224 -7.662501 0.000077 -0.000022 0.000006 -0.006468 -0.052042 0.102874 0.648451 -3.766305 -10.555746 -0.668606 3.693219 -10.560882 -12.118702 -16.557625 7.725117 -41.225895 -41.632660 -19.224937 179.262451 -63.636688 -179.799576 4.344920 -1.372439 -7.982064 -5.882102 9.861279 0.702590 -10.936861 -0.360574 7.156197 0.000000 8.774815 -0.000000 -15.792727 18.016682 6.152245 -1.844031 2.498503 -2.507276 -10.163590 4.678941 4.621104 -20.975996 -0.000001 0.000001 -21.226254 2.451698 -3.593995 0.000000 -0.000006 -0.000000 -1.362681 2.240797 -0.746323 -21.334892 0.584910 3.008319 -13.821196 -0.000001 0.000001 -23.887129 -0.249075 -0.839485 -59.812248 2.547208 -1.077584 -0.294025 1.679686 0.833255 -14.218195 0.093215 1.300579 -34.212002 -0.287561 0.967166 -20.033176 0.964536 1.212838 0.000000 -0.000000 0.000000 -3.440387 0.788233 0.501655 -15.928172 -3.167306 2.999703 -6.338817 -0.000000 0.000001 -18.123419 3.648181 -4.905662 -0.000004 0.000000 -0.000002 5.635461 15.032552 5.629409 58.416409 49.442146 -0.266962 -177.905090 60.389202 -178.078613 -8.690845 -0.140677 -3.270710 2.243540 -5.255033 -3.180156 14.282877 -0.826594 6.952496 -0.000000 -12.690593 -0.000001 16.196384 -18.168499 3.018587 1.665665 -1.955920 -2.878297 4.727794 -4.170584 4.993919 11.020511 0.000001 -0.000000 12.109032 -3.735715 -2.866778 0.000000 -0.000000 0.000000 1.291985 -1.928548 -1.498088 14.800115 0.567467 3.865604 14.242553 -1.341738 -6.660648 19.631935 0.143921 -0.648243 49.079628 -0.789926 -6.014448 0.353029 -1.511150 -0.031940 20.222769 3.684305 2.316629 18.787249 0.000001 -0.000001 10.751608 -0.479870 1.397903 0.000000 -0.000000 0.000000 3.273804 0.305947 -0.580110 21.486790 11.830364 2.266131 8.162915 0.000000 -0.000000 18.399052 -3.798986 -4.940567 0.000003 0.000000 -0.000001 17.157187 -2.672084 6.230254 -0.097182 -0.616388 37.917007 -14.992847 -13.026468 -2.635981 1.929039 -2.069822 -18.549007 0.000000 -0.000000 0.000002 -9.226111 6.909978 -30.534191 0.526317 0.309159 51.023357 10.225680 9.726588 -11.726138 -1.417395 1.168346 -3.068543 0.000000 -0.000000 -0.000001
0.000000 0.000000 0.000000 0.000000 -0.000000 0.000000 0.354906 -6.887291 -1.400137 2.379382 0.696575 -5.906178 1.979474 -0.339136 -0.707941 0.390714 -0.748179 -4.661384 3.667084 -3.046753 8.225037 -2.851137 4.384789 10.545094 -0.186907 3.033825 -3.628554 -1.008304 3.421103 -7.682706 0.000077 -0.000022 0.000006 -0.006707 -0.062626 0.113981 0.643447 -3.774378 -10.520327 -0.663979 3.680572 -10.527871 -12.125257 -16.525843 7.754790 -41.277000 -41.735390 -19.101152 179.027557 -63.677910 -179.516830 4.280208 -1.207124 -8.147726 -5.882102 9.861279 0.702590 -10.936861 -0.360574 7.156197 0.000000 8.774815 -0.000000 -15.864499 18.008539 6.181133 -1.844031 2.498503 -2.507276 -10.163590 4.678941 4.621104 -20.975996 -0.000001 0.000001 -21.226254 2.451698 -3.593995 0.000000 -0.000006 -0.000000 -1.362681 2.240797 -0.746323 -21.334892 0.584910 3.008319 -13.821196 -0.000001 0.000001 -23.887129 -0.249075 -0.839485 -59.900398 2.483448 -1.055146 -0.294025 1.679686 0.833255 -14.218195 0.093215 1.300579 -34.212002 -0.287561 0.967166 -20.033176 0.964536 1.212838 0.000000 -0.000000 0.000000 -3.440387 0.788233 0.501655 -15.928172 -3.167306 2.999703 -6.338817 -0.000000 0.000001 -18.123419 3.648181 -4.905662 -0.000004 0.000000 -0.000002 5.604422 15.125948 5.562742 58.439442 49.436054 -0.332428 -177.793152 60.474323 -177.883743 -8.691328 -0.076575 -3.324687 2.243540 -5.255033 -3.180156 14.282877 -0.826594 6.952496 -0.000000 -12.690593 -0.000001 16.236881 -18.250587 3.044444 1.665665 -1.955920 -2.878297 4.727794 -4.170584 4.993919 11.020511 0.000001 -0.000000 12.109032 -3.735715 -2.866778 0.000000 -0.000000 0.000000 1.291985 -1.928548 -1.498088 14.800115 0.567467 3.865604 14.242553 -1.341738 -6.660648 19.631935 0.143921 -0.648243 49.172977 -0.840489 -5.977816 0.353029 -1.511150 -0.031940 20.222769 3.684305 2.316629 18.787249 0.000001 -0.000001 10.751608 -0.479870 1.397903 0.000000 -0.000000 0.000000 3.273804 0.305947 -0.580110 21.486790 11.830364 2.266131 8.162915 0.000000 -0.000000 18.399052 -3.798986 -4.940567 0.000003 0.000000 -0.000001 17.157187 -2.672084 6.230254 -0.097182 -0.616388 37.917007 -14.992847 -13.026468 -2.635981 1.929039 -2.069822 -18.549007 0.000000 -0.000000 0.000002 -9.226111 6.909978 -30.534191 0.526317 0.309159 51.023357 10.225680 9.726588 -11.726138 -1.417395 1.168346 -3.068543 0.000000 -0.000000 -0.000001
0.000000 0.000000 0.000000 0.000000 -0.000000 0.000000 0.354906 -6.955162 -1.400137 2.379382 0.696575 -5.906178 1.926100 -0.317163 -0.695920 0.382343 -0.753718 -4.651950 3.653013 -3.129139 8.136812 -2.827557 4.371494 10.547632 -0.159132 3.143732 -3.629755 -1.103252 3.394596 -7.693714 0.000077 -0.000022 0.000006 -0.009941 -0.083293 0.132013 0.639256 -3.789270 -10.469514 -0.666146 3.654993 -10.479927 -12.106110 -16.582773 7.926405 -41.119926 -41.890450 -19.229862 178.891922 -63.769535 -179.227829 4.089283 -0.892828 -8.153778 -5.882102 9.861279 0.702590 -10.936861 -0.360574 7.156197 0.000000 8.774815 -0.000000 -16.114271 18.036533 6.171312 -1.844031 2.498503 -2.507276 -10.163590 4.678941 4.621104 -20.975996 -0.000001 0.000001 -21.226254 2.451698 -3.593995 0.000000 -0.000006 -0.000000 -1.362681 2.240797 -0.746323 -21.334892 0.584910 3.008319 -13.821196 -0.000001 0.000001 -23.887129 -0.249075 -0.839485 -60.098171 2.445713 -1.044727 -0.294025 1.679686 0.833255 -14.218195 0.093215 1.300579 -34.212002 -0.287561 0.967166 -20.033176 0.964536 1.212838 0.000000 -0.000000 0.000000 -3.440387 0.788233 0.501655 -15.928172 -3.167306 2.999703 -6.338817 -0.000000 0.000001 -18.123419 3.648181 -4.905662 -0.000004 0.000000 -0.000002 5.607652 15.162910 5.498770 58.417408 49.391201 -0.370096 -177.341400 60.524860 -177.349121 -8.674856 -0.106157 -3.543206 2.243540 -5.255033 -3.180156 14.282877 -0.826594 6.952496 -0.000000 -12.690593 -0.000001 16.292233 -18.373060 3.092374 1.665665 -1.955920 -2.878297 4.727794 -4.170584 4.993919 11.020511 0.000001 -0.000000 12.109032 -3.735715 -2.866778 0.000000 -0.000000 0.000000 1.291985 -1.928548 -1.498088 14.800115 0.567467 3.865604 14.242553 -1.341738 -6.660648 19.631935 0.143921 -0.648243 49.404850 -0.901003 -5.935056 0.353029 -1.511150 -0.031940 20.222769 3.684305 2.316629 18.787249 0.000001 -0.000001 10.751608 -0.479870 1.397903 0.000000 -0.000000 0.000000 3.273804 0.305947 -0.580110 21.486790 11.830364 2.266131 8.162915 0.000000 -0.000000 18.399052 -3.798986 -4.940567 0.000003 0.000000 -0.000001 17.157187 -2.672084 6.230254 -0.097182 -0.616388 37.917007 -14.992847 -13.026468 -2.635981 1.929039 -2.069822 -18.549007 0.000000 -0.000000 0.000002 -9.226111 6.909978 -30.534191 0.526317 0.309159 51.023357 10.225680 9.726588 -11.726138 -1.417395 1.168346 -3.068543 0.000000 -0.000000 -0.000001
