HIERARCHY
ROOT Root
{
  OFFSET 0.000000 0.000000 0.000000
  CHANNELS 6 Xposition Yposition Zposition Zrotation Yrotation Xrotation
  JOINT Hips
  {
    OFFSET 0.000000 100.000000 0.000000
    CHANNELS 6 Xposition Yposition Zposition Zrotation Yrotation Xrotation
    JOINT Spine1
    {
      OFFSET -0.013727 5.003763 -0.053727
      CHANNELS 3 Zrotation Yrotation Xrotation
      JOINT Spine2
      {
        OFFSET -0.000000 7.125301 -0.029825
        CHANNELS 3 Zrotation Yrotation Xrotation
        JOINT Chest
        {
          OFFSET -0.000001 7.550063 -0.815971
          CHANNELS 3 Zrotation Yrotation Xrotation
          JOINT Neck1
          {
            OFFSET -0.181677 26.311295 -0.553348
            CHANNELS 3 Zrotation Yrotation Xrotation
            JOINT Neck2
            {
              OFFSET -0.000003 7.709397 2.302585
              CHANNELS 3 Zrotation Yrotation Xrotation
              JOINT Head
              {
                OFFSET -0.000005 6.128916 1.953709
                CHANNELS 3 Zrotation Yrotation Xrotation
                JOINT HeadEnd
                {
                  OFFSET 0.003598 16.065403 -1.835379
                  CHANNELS 3 Zrotation Yrotation Xrotation
                }
                JOINT Jaw
                {
                  OFFSET 0.002637 0.475592 3.094941
                  CHANNELS 3 Zrotation Yrotation Xrotation
                }
                JOINT LeftEye
                {
                  OFFSET 3.206381 5.380205 7.586883
                  CHANNELS 3 Zrotation Yrotation Xrotation
                }
                JOINT RightEye
                {
                  OFFSET -3.222440 5.361869 7.558234
                  CHANNELS 3 Zrotation Yrotation Xrotation
                }
              }
            }
          }
          JOINT LeftShoulder
          {
            OFFSET 1.621652 23.237164 5.113413
            CHANNELS 3 Zrotation Yrotation Xrotation
            JOINT LeftArm
            {
              OFFSET 14.919846 0.000002 -5.502326
              CHANNELS 3 Zrotation Yrotation Xrotation
              JOINT LeftForeArm
              {
                OFFSET 28.739307 0.000000 -0.002588
                CHANNELS 3 Zrotation Yrotation Xrotation
                JOINT LeftHand
                {
                  OFFSET 27.093981 -0.000001 0.002609
                  CHANNELS 3 Zrotation Yrotation Xrotation
                  JOINT LeftHandThumb1
                  {
                    OFFSET 2.276482 -1.392045 3.191413
                    CHANNELS 3 Zrotation Yrotation Xrotation
                    JOINT LeftHandThumb2
                    {
                      OFFSET 4.012836 -1.828127 1.641654
                      CHANNELS 3 Zrotation Yrotation Xrotation
                      JOINT LeftHandThumb3
                      {
                        OFFSET 2.798515 0.000000 -0.000003
                        CHANNELS 3 Zrotation Yrotation Xrotation
                        JOINT LeftHandThumbEnd
                        {
                          OFFSET 3.180793 -0.000004 0.000004
                          CHANNELS 3 Zrotation Yrotation Xrotation
                        }
                      }
                    }
                  }
                  JOINT LeftHandIndex1
                  {
                    OFFSET 3.247555 -0.531998 2.296169
                    CHANNELS 3 Zrotation Yrotation Xrotation
                    JOINT LeftHandIndex2
                    {
                      OFFSET 6.364578 0.012060 0.178600
                      CHANNELS 3 Zrotation Yrotation Xrotation
                      JOINT LeftHandIndex3
                      {
                        OFFSET 3.662364 0.000000 0.000000
                        CHANNELS 3 Zrotation Yrotation Xrotation
                        JOINT LeftHandIndex4
                        {
                          OFFSET 2.329242 0.000004 0.000004
                          CHANNELS 3 Zrotation Yrotation Xrotation
                          JOINT LeftHandIndexEnd
                          {
                            OFFSET 2.759615 -0.180537 -0.113024
                            CHANNELS 3 Zrotation Yrotation Xrotation
                          }
                        }
                      }
                    }
                  }
                  JOINT LeftHandMiddle1
                  {
                    OFFSET 3.163495 0.240981 1.000332
                    CHANNELS 3 Zrotation Yrotation Xrotation
                    JOINT LeftHandMiddle2
                    {
                      OFFSET 6.190780 -0.259278 -1.002548
                      CHANNELS 3 Zrotation Yrotation Xrotation
                      JOINT LeftHandMiddle3
                      {
                        OFFSET 4.356520 -0.000004 -0.000001
                        CHANNELS 3 Zrotation Yrotation Xrotation
                        JOINT LeftHandMiddle4
                        {
                          OFFSET 2.996877 -0.000008 0.000000
                          CHANNELS 3 Zrotation Yrotation Xrotation
                          JOINT LeftHandMiddleEnd
                          {
                            OFFSET 2.304287 -0.294569 -0.031741
                            CHANNELS 3 Zrotation Yrotation Xrotation
                          }
                        }
                      }
                    }
                  }
                  JOINT LeftHandRing1
                  {
                    OFFSET 2.882643 -0.053652 -0.322543
                    CHANNELS 3 Zrotation Yrotation Xrotation
                    JOINT LeftHandRing2
                    {
                      OFFSET 5.854541 -0.486202 -1.373841
                      CHANNELS 3 Zrotation Yrotation Xrotation
                      JOINT LeftHandRing3
                      {
                        OFFSET 4.350578 0.000000 0.000003
                        CHANNELS 3 Zrotation Yrotation Xrotation
                        JOINT LeftHandRing4
                        {
                          OFFSET 2.651321 0.000007 0.000002
                          CHANNELS 3 Zrotation Yrotation Xrotation
                          JOINT LeftHandRingEnd
                          {
                            OFFSET 1.936105 0.077687 -0.000071
                            CHANNELS 3 Zrotation Yrotation Xrotation
                          }
                        }
                      }
                    }
                  }
                  JOINT LeftHandPinky1
                  {
                    OFFSET 2.865500 -0.310005 -1.600378
                    CHANNELS 3 Zrotation Yrotation Xrotation
                    JOINT LeftHandPinky2
                    {
                      OFFSET 5.087849 -1.331141 -1.771230
                      CHANNELS 3 Zrotation Yrotation Xrotation
                      JOINT LeftHandPinky3
                      {
                        OFFSET 3.070974 0.000004 0.000000
                        CHANNELS 3 Zrotation Yrotation Xrotation
                        JOINT LeftHandPinky4
                        {
                          OFFSET 1.549672 0.000000 0.000001
                          CHANNELS 3 Zrotation Yrotation Xrotation
                          JOINT LeftHandPinkyEnd
                          {
                            OFFSET 1.944893 -0.157802 0.057219
                            CHANNELS 3 Zrotation Yrotation Xrotation
                          }
                        }
                      }
                    }
                  }
                }
              }
            }
          }
          JOINT RightShoulder
          {
            OFFSET -1.380118 23.180309 5.214158
            CHANNELS 3 Zrotation Yrotation Xrotation
            JOINT RightArm
            {
              OFFSET -15.037196 0.000012 -5.545604
              CHANNELS 3 Zrotation Yrotation Xrotation
              JOINT RightForeArm
              {
                OFFSET -28.736639 0.000002 -0.002597
                CHANNELS 3 Zrotation Yrotation Xrotation
                JOINT RightHand
                {
                  OFFSET -27.133619 -0.000000 0.002613
                  CHANNELS 3 Zrotation Yrotation Xrotation
                  JOINT RightHandThumb1
                  {
                    OFFSET -2.274032 -1.383988 3.163127
                    CHANNELS 3 Zrotation Yrotation Xrotation
                    JOINT RightHandThumb2
                    {
                      OFFSET -4.011429 -1.827466 1.640914
                      CHANNELS 3 Zrotation Yrotation Xrotation
                      JOINT RightHandThumb3
                      {
                        OFFSET -2.794935 -0.000004 -0.000003
                        CHANNELS 3 Zrotation Yrotation Xrotation
                        JOINT RightHandThumbEnd
                        {
                          OFFSET -3.183852 0.000004 0.000001
                          CHANNELS 3 Zrotation Yrotation Xrotation
                        }
                      }
                    }
                  }
                  JOINT RightHandIndex1
                  {
                    OFFSET -3.253266 -0.520057 2.282866
                    CHANNELS 3 Zrotation Yrotation Xrotation
                    JOINT RightHandIndex2
                    {
                      OFFSET -6.341917 0.012471 0.178266
                      CHANNELS 3 Zrotation Yrotation Xrotation
                      JOINT RightHandIndex3
                      {
                        OFFSET -3.654871 -0.000008 -0.000000
                        CHANNELS 3 Zrotation Yrotation Xrotation
                        JOINT RightHandIndex4
                        {
                          OFFSET -2.327586 0.000000 0.000001
                          CHANNELS 3 Zrotation Yrotation Xrotation
                          JOINT RightHandIndexEnd
                          {
                            OFFSET -2.761790 -0.180656 -0.113078
                            CHANNELS 3 Zrotation Yrotation Xrotation
                          }
                        }
                      }
                    }
                  }
                  JOINT RightHandMiddle1
                  {
                    OFFSET -3.168106 0.246593 1.001030
                    CHANNELS 3 Zrotation Yrotation Xrotation
                    JOINT RightHandMiddle2
                    {
                      OFFSET -6.180828 -0.258836 -1.000895
                      CHANNELS 3 Zrotation Yrotation Xrotation
                      JOINT RightHandMiddle3
                      {
                        OFFSET -4.348901 0.000000 -0.000000
                        CHANNELS 3 Zrotation Yrotation Xrotation
                        JOINT RightHandMiddle4
                        {
                          OFFSET -3.000240 -0.000004 -0.000002
                          CHANNELS 3 Zrotation Yrotation Xrotation
                          JOINT RightHandMiddleEnd
                          {
                            OFFSET -2.302520 -0.294370 -0.031706
                            CHANNELS 3 Zrotation Yrotation Xrotation
                          }
                        }
                      }
                    }
                  }
                  JOINT RightHandRing1
                  {
                    OFFSET -2.885690 -0.067952 -0.308858
                    CHANNELS 3 Zrotation Yrotation Xrotation
                    JOINT RightHandRing2
                    {
                      OFFSET -5.854198 -0.486130 -1.373731
                      CHANNELS 3 Zrotation Yrotation Xrotation
                      JOINT RightHandRing3
                      {
                        OFFSET -4.338810 -0.000004 -0.000000
                        CHANNELS 3 Zrotation Yrotation Xrotation
                        JOINT RightHandRing4
                        {
                          OFFSET -2.654903 -0.000004 0.000004
                          CHANNELS 3 Zrotation Yrotation Xrotation
                          JOINT RightHandRingEnd
                          {
                            OFFSET -1.933568 0.077527 -0.000052
                            CHANNELS 3 Zrotation Yrotation Xrotation
                          }
                        }
                      }
                    }
                  }
                  JOINT RightHandPinky1
                  {
                    OFFSET -2.866425 -0.342796 -1.584145
                    CHANNELS 3 Zrotation Yrotation Xrotation
                    JOINT RightHandPinky2
                    {
                      OFFSET -5.091371 -1.332055 -1.772385
                      CHANNELS 3 Zrotation Yrotation Xrotation
                      JOINT RightHandPinky3
                      {
                        OFFSET -3.062664 -0.000004 0.000001
                        CHANNELS 3 Zrotation Yrotation Xrotation
                        JOINT RightHandPinky4
                        {
                          OFFSET -1.546529 0.000004 -0.000002
                          CHANNELS 3 Zrotation Yrotation Xrotation
                          JOINT RightHandPinkyEnd
                          {
                            OFFSET -1.945119 -0.157718 0.057211
                            CHANNELS 3 Zrotation Yrotation Xrotation
                          }
                        }
                      }
                    }
                  }
                }
              }
            }
          }
        }
      }
    }
    JOINT LeftLeg
    {
      OFFSET 10.043214 -8.434526 2.595655
      CHANNELS 3 Zrotation Yrotation Xrotation
      JOINT LeftShin
      {
        OFFSET -0.000001 -43.221752 -0.802913
        CHANNELS 3 Zrotation Yrotation Xrotation
        JOINT LeftFoot
        {
          OFFSET 0.000001 -42.155094 -3.481523
          CHANNELS 3 Zrotation Yrotation Xrotation
          JOINT LeftToeBase
          {
            OFFSET 0.000000 -5.059472 13.231529
            CHANNELS 3 Zrotation Yrotation Xrotation
            JOINT LeftToeEnd
            {
              OFFSET -0.009607 -1.647619 6.513017
              CHANNELS 3 Zrotation Yrotation Xrotation
            }
          }
        }
      }
    }
    JOINT RightLeg
    {
      OFFSET -10.047278 -8.295260 2.620317
      CHANNELS 3 Zrotation Yrotation Xrotation
      JOINT RightShin
      {
        OFFSET 0.000001 -43.362206 -0.805556
        CHANNELS 3 Zrotation Yrotation Xrotation
        JOINT RightFoot
        {
          OFFSET 0.000002 -42.117393 -3.478398
          CHANNELS 3 Zrotation Yrotation Xrotation
          JOINT RightToeBase
          {
            OFFSET -0.000000 -5.079609 13.284196
            CHANNELS 3 Zrotation Yrotation Xrotation
            JOINT RightToeEnd
            {
              OFFSET 0.009532 -1.634378 6.460591
              CHANNELS 3 Zrotation Yrotation Xrotation
            }
          }
        }
      }
    }
  }
}
MOTION
Frames: 120
Frame Time: 0.03333333
0.000000 0.000000 0.000000 0.000000 -0.000000 0.000000 0.198292 -0.549615 5.497189 0.142215 -0.594648 -0.090600 -0.120707 0.005335 -0.297898 -0.398324 -0.068540 -4.756240 -0.171188 -1.818398 10.457574 -2.701862 3.837133 2.975972 -0.087814 1.993992 -3.635370 1.916542 0.902870 -13.035982 0.000077 -0.000022 0.000006 0.015744 -0.050995 0.022834 0.747374 -3.813900 -10.695966 -0.718835 3.726199 -10.705446 -20.336447 -1.861113 13.568908 -52.939796 -16.581444 23.853872 -0.206932 -28.265152 0.228664 -9.733281 3.891588 -6.136987 -5.882102 9.861279 0.702590 -10.936861 -0.360574 7.156197 0.000000 8.774815 -0.000000 -16.402170 17.974119 5.851170 -1.844031 2.498503 -2.507276 -10.163590 4.678941 4.621104 -20.975996 -0.000001 0.000001 -21.226254 2.451698 -3.593995 0.000000 -0.000006 -0.000000 -1.362681 2.240797 -0.746323 -21.334892 0.584910 3.008319 -13.821196 -0.000001 0.000001 -23.887129 -0.249075 -0.839485 -60.672195 2.484378 -1.209798 -0.294025 1.679686 0.833255 -14.218195 0.093215 1.300579 -34.212002 -0.287561 0.967166 -20.033176 0.964536 1.212838 0.000000 -0.000000 0.000000 -3.440387 0.788233 0.501655 -15.928172 -3.167306 2.999703 -6.338817 -0.000000 0.000001 -18.123419 3.648181 -4.905662 -0.000004 0.000000 -0.000002 19.877628 7.077841 13.713999 60.437515 4.616418 0.299181 -0.590141 34.234440 -0.019526 11.423656 -3.164181 2.210292 2.243540 -5.255033 -3.180156 14.282877 -0.826594 6.952496 -0.000000 -12.690593 -0.000001 16.171963 -17.729012 2.467623 1.665665 -1.955920 -2.878297 4.727794 -4.170584 4.993919 11.020511 0.000001 -0.000000 12.109032 -3.735715 -2.866778 0.000000 -0.000000 0.000000 1.291985 -1.928548 -1.498088 14.800115 0.567467 3.865604 14.242553 -1.341738 -6.660648 19.631935 0.143921 -0.648243 49.819481 -0.539375 -6.581017 0.353029 -1.511150 -0.031940 20.222769 3.684305 2.316629 18.787249 0.000001 -0.000001 10.751608 -0.479870 1.397903 0.000000 -0.000000 0.000000 3.273804 0.305947 -0.580110 21.486790 11.830364 2.266131 8.162915 0.000000 -0.000000 18.399052 -3.798986 -4.940567 0.000003 0.000000 -0.000001 5.223439 3.113774 -4.459414 -0.004017 -0.091440 10.208014 -6.811644 2.829844 -5.513317 1.642083 -2.014900 -0.437415 0.000000 -0.000000 0.000002 -7.258459 -9.475160 2.845917 0.013165 0.019434 2.184373 7.980879 3.858317 -3.800370 -1.421359 1.018456 -0.240406 0.000000 -0.000000 -0.000001
0.000000 0.000000 0.000000 0.000000 -0.000000 0.000000 0.208749 -0.467934 5.188824 0.125922 -0.616113 0.397394 -0.134960 0.003589 -0.108179 -0.384863 -0.070303 -4.698795 -0.155521 -1.910126 10.441399 -2.773451 3.862603 2.952997 -0.072137 2.068894 -3.626460 1.787535 0.951455 -13.379316 0.000077 -0.000022 0.000006 0.015396 -0.026045 0.022007 0.737205 -3.789774 -10.680992 -0.709402 3.751582 -10.693226 -20.119913 -1.997797 13.667026 -53.091473 -16.932833 24.057947 -0.344617 -28.392632 0.260418 -10.072111 3.915455 -6.187516 -5.882102 9.861279 0.702590 -10.936861 -0.360574 7.156197 0.000000 8.774815 -0.000000 -16.383171 17.969107 5.885159 -1.844031 2.498503 -2.507276 -10.163590 4.678941 4.621104 -20.975996 -0.000001 0.000001 -21.226254 2.451698 -3.593995 0.000000 -0.000006 -0.000000 -1.362681 2.240797 -0.746323 -21.334892 0.584910 3.008319 -13.821196 -0.000001 0.000001 -23.887129 -0.249075 -0.839485 -60.618744 2.510771 -1.118010 -0.294025 1.679686 0.833255 -14.218195 0.093215 1.300579 -34.212002 -0.287561 0.967166 -20.033176 0.964536 1.212838 0.000000 -0.000000 0.000000 -3.440387 0.788233 0.501655 -15.928172 -3.167306 2.999703 -6.338817 -0.000000 0.000001 -18.123419 3.648181 -4.905662 -0.000004 0.000000 -0.000002 19.715832 7.161555 13.732309 60.513073 4.927361 0.472657 -0.526695 34.254986 0.025018 11.263912 -2.976559 2.173343 2.243540 -5.255033 -3.180156 14.282877 -0.826594 6.952496 -0.000000 -12.690593 -0.000001 16.217918 -17.770844 2.414137 1.665665 -1.955920 -2.878297 4.727794 -4.170584 4.993919 11.020511 0.000001 -0.000000 12.109032 -3.735715 -2.866778 0.000000 -0.000000 0.000000 1.291985 -1.928548 -1.498088 14.800115 0.567467 3.865604 14.242553 -1.341738 -6.660648 19.631935 0.143921 -0.648243 49.877880 -0.500798 -6.606915 0.353029 -1.511150 -0.031940 20.222769 3.684305 2.316629 18.787249 0.000001 -0.000001 10.751608 -0.479870 1.397903 0.000000 -0.000000 0.000000 3.273804 0.305947 -0.580110 21.486790 11.830364 2.266131 8.162915 0.000000 -0.000000 18.399052 -3.798986 -4.940567 0.000003 0.000000 -0.000001 5.191001 2.868820 -5.018843 -0.030371 -0.113092 9.828710 -6.827438 3.240687 -5.122077 1.641457 -2.032281 -0.444474 0.000000 -0.000000 0.000002 -7.101961 -9.377310 2.114398 0.012667 0.019910 2.171561 7.932583 3.660816 -3.511121 -1.426143 1.009858 -0.196177 0.000000 -0.000000 -0.000001
0.000000 0.000000 0.000000 0.000000 -0.000000 0.000000 0.274592 -0.396355 4.732406 0.116938 -0.667839 1.017851 -0.140131 -0.003826 0.120661 -0.376505 -0.098039 -4.638926 -0.113579 -1.968588 10.468169 -2.862350 3.904229 2.930477 -0.064127 2.132409 -3.654442 1.616428 0.996322 -13.790568 0.000077 -0.000022 0.000006 0.014195 -0.028886 0.024490 0.726153 -3.791481 -10.683706 -0.700865 3.747168 -10.694246 -19.855806 -2.183774 13.761786 -53.222740 -17.305132 24.378038 -0.440770 -28.685783 0.280628 -10.484269 3.965551 -6.378884 -5.882102 9.861279 0.702590 -10.936861 -0.360574 7.156197 0.000000 8.774815 -0.000000 -16.359461 18.014027 5.934355 -1.844031 2.498503 -2.507276 -10.163590 4.678941 4.621104 -20.975996 -0.000001 0.000001 -21.226254 2.451698 -3.593995 0.000000 -0.000006 -0.000000 -1.362681 2.240797 -0.746323 -21.334892 0.584910 3.008319 -13.821196 -0.000001 0.000001 -23.887129 -0.249075 -0.839485 -60.588322 2.563917 -1.126082 -0.294025 1.679686 0.833255 -14.218195 0.093215 1.300579 -34.212002 -0.287561 0.967166 -20.033176 0.964536 1.212838 0.000000 -0.000000 0.000000 -3.440387 0.788233 0.501655 -15.928172 -3.167306 2.999703 -6.338817 -0.000000 0.000001 -18.123419 3.648181 -4.905662 -0.000004 0.000000 -0.000002 19.475164 7.317396 13.685937 60.631912 5.266297 0.771885 -0.476586 34.389347 0.040744 10.905208 -2.843843 2.193641 2.243540 -5.255033 -3.180156 14.282877 -0.826594 6.952496 -0.000000 -12.690593 -0.000001 16.286171 -17.809654 2.383911 1.665665 -1.955920 -2.878297 4.727794 -4.170584 4.993919 11.020511 0.000001 -0.000000 12.109032 -3.735715 -2.866778 0.000000 -0.000000 0.000000 1.291985 -1.928548 -1.498088 14.800115 0.567467 3.865604 14.242553 -1.341738 -6.660648 19.631935 0.143921 -0.648243 49.923321 -0.483649 -6.652470 0.353029 -1.511150 -0.031940 20.222769 3.684305 2.316629 18.787249 0.000001 -0.000001 10.751608 -0.479870 1.397903 0.000000 -0.000000 0.000000 3.273804 0.305947 -0.580110 21.486790 11.830364 2.266131 8.162915 0.000000 -0.000000 18.399052 -3.798986 -4.940567 0.000003 0.000000 -0.000001 5.103147 2.570760 -5.973955 -0.042254 -0.117751 9.744025 -6.747512 3.674066 -4.753058 1.642289 -2.038406 -0.451080 0.000000 -0.000000 0.000002 -6.937294 -9.353196 1.147100 0.011745 0.017044 2.228649 7.899202 3.497133 -3.263959 -1.426842 1.005867 -0.125644 0.000000 -0.000000 -0.000001
0.000000 0.000000 0.000000 0.000000 -0.000000 0.000000 0.329223 -0.324145 4.203360 0.096928 -0.782450 1.784634 -0.127368 -0.014879 0.396250 -0.358987 -0.125931 -4.572751 -0.045317 -2.000874 10.508980 -3.014054 3.958452 2.904168 -0.059353 2.196515 -3.689175 1.410673 1.123043 -14.330045 0.000077 -0.000022 0.000006 0.014659 -0.037738 0.025480 0.717599 -3.798713 -10.694366 -0.691559 3.736484 -10.703884 -19.570610 -2.382102 13.870962 -53.333073 -17.770178 24.794563 -0.524647 -29.053493 0.310911 -10.823578 4.007279 -6.341546 -5.882102 9.861279 0.702590 -10.936861 -0.360574 7.156197 0.000000 8.774815 -0.000000 -16.299738 18.040936 6.000977 -1.844031 2.498503 -2.507276 -10.163590 4.678941 4.621104 -20.975996 -0.000001 0.000001 -21.226254 2.451698 -3.593995 0.000000 -0.000006 -0.000000 -1.362681 2.240797 -0.746323 -21.334892 0.584910 3.008319 -13.821196 -0.000001 0.000001 -23.887129 -0.249075 -0.839485 -60.564293 2.598623 -1.129711 -0.294025 1.679686 0.833255 -14.218195 0.093215 1.300579 -34.212002 -0.287561 0.967166 -20.033176 0.964536 1.212838 0.000000 -0.000000 0.000000 -3.440387 0.788233 0.501655 -15.928172 -3.167306 2.999703 -6.338817 -0.000000 0.000001 -18.123419 3.648181 -4.905662 -0.000004 0.000000 -0.000002 19.140310 7.520858 13.640115 60.826088 5.697810 1.126307 -0.426100 34.672630 0.055965 10.398903 -2.780702 2.399010 2.243540 -5.255033 -3.180156 14.282877 -0.826594 6.952496 -0.000000 -12.690593 -0.000001 16.338881 -17.837511 2.375517 1.665665 -1.955920 -2.878297 4.727794 -4.170584 4.993919 11.020511 0.000001 -0.000000 12.109032 -3.735715 -2.866778 0.000000 -0.000000 0.000000 1.291985 -1.928548 -1.498088 14.800115 0.567467 3.865604 14.242553 -1.341738 -6.660648 19.631935 0.143921 -0.648243 49.937344 -0.498523 -6.681461 0.353029 -1.511150 -0.031940 20.222769 3.684305 2.316629 18.787249 0.000001 -0.000001 10.751608 -0.479870 1.397903 0.000000 -0.000000 0.000000 3.273804 0.305947 -0.580110 21.486790 11.830364 2.266131 8.162915 0.000000 -0.000000 18.399052 -3.798986 -4.940567 0.000003 0.000000 -0.000001 5.040009 2.329685 -7.129018 -0.046261 -0.115453 9.666149 -6.635676 4.126983 -4.327425 1.642050 -2.036937 -0.475777 0.000000 -0.000000 0.000002 -6.739838 -9.328168 -0.075406 0.010326 0.006824 2.330798 7.884263 3.344365 -2.975810 -1.425602 0.997217 -0.120004 0.000000 -0.000000 -0.000001
0.000000 0.000000 0.000000 0.000000 -0.000000 0.000000 0.379680 -0.249110 3.675769 0.070629 -0.917174 2.739358 -0.097073 -0.009640 0.696615 -0.329841 -0.173689 -4.492353 0.036919 -2.057595 10.543826 -3.209819 4.024010 2.843168 -0.035894 2.291393 -3.713020 1.137975 1.318725 -15.017373 0.000077 -0.000022 0.000006 0.016260 -0.039116 0.027546 0.711696 -3.798637 -10.696235 -0.682664 3.733294 -10.706629 -19.227264 -2.565951 14.000326 -53.484482 -18.396696 25.306108 -0.591895 -29.394659 0.342369 -11.109673 4.083165 -5.874957 -5.882102 9.861279 0.702590 -10.936861 -0.360574 7.156197 0.000000 8.774815 -0.000000 -16.226898 18.062887 6.090519 -1.844031 2.498503 -2.507276 -10.163590 4.678941 4.621104 -20.975996 -0.000001 0.000001 -21.226254 2.451698 -3.593995 0.000000 -0.000006 -0.000000 -1.362681 2.240797 -0.746323 -21.334892 0.584910 3.008319 -13.821196 -0.000001 0.000001 -23.887129 -0.249075 -0.839485 -60.545742 2.630399 -1.097227 -0.294025 1.679686 0.833255 -14.218195 0.093215 1.300579 -34.212002 -0.287561 0.967166 -20.033176 0.964536 1.212838 0.000000 -0.000000 0.000000 -3.440387 0.788233 0.501655 -15.928172 -3.167306 2.999703 -6.338817 -0.000000 0.000001 -18.123419 3.648181 -4.905662 -0.000004 0.000000 -0.000002 18.707136 7.774776 13.591049 61.130569 6.185476 1.469819 -0.353398 35.161087 0.090300 9.828788 -2.740242 2.735072 2.243540 -5.255033 -3.180156 14.282877 -0.826594 6.952496 -0.000000 -12.690593 -0.000001 16.357170 -17.844822 2.370451 1.665665 -1.955920 -2.878297 4.727794 -4.170584 4.993919 11.020511 0.000001 -0.000000 12.109032 -3.735715 -2.866778 0.000000 -0.000000 0.000000 1.291985 -1.928548 -1.498088 14.800115 0.567467 3.865604 14.242553 -1.341738 -6.660648 19.631935 0.143921 -0.648243 49.913712 -0.510726 -6.696405 0.353029 -1.511150 -0.031940 20.222769 3.684305 2.316629 18.787249 0.000001 -0.000001 10.751608 -0.479870 1.397903 0.000000 -0.000000 0.000000 3.273804 0.305947 -0.580110 21.486790 11.830364 2.266131 8.162915 0.000000 -0.000000 18.399052 -3.798986 -4.940567 0.000003 0.000000 -0.000001 4.996376 2.109888 -8.462974 -0.048563 -0.106787 9.524208 -6.508951 4.591574 -3.845215 1.639937 -2.029627 -0.476435 0.000000 -0.000000 0.000002 -6.504122 -9.332019 -1.598292 0.011516 0.003537 2.488580 7.895785 3.205076 -2.638813 -1.424655 0.994712 -0.141797 0.000000 -0.000000 -0.000001
0.000000 0.000000 0.000000 0.000000 -0.000000 0.000000 0.474905 -0.184598 3.025869 0.052692 -1.089936 3.864434 -0.057412 0.002724 1.029339 -0.293420 -0.240037 -4.391413 0.134339 -2.130565 10.554716 -3.456863 4.094984 2.755960 0.014999 2.414489 -3.734398 0.800565 1.607949 -15.748514 0.000077 -0.000022 0.000006 0.017212 -0.040231 0.031420 0.705563 -3.798456 -10.692480 -0.674859 3.730816 -10.703831 -18.848284 -2.757249 14.140937 -53.661884 -19.133741 25.901958 -0.630792 -29.709232 0.360045 -11.340068 4.169295 -5.020168 -5.882102 9.861279 0.702590 -10.936861 -0.360574 7.156197 0.000000 8.774815 -0.000000 -16.180153 18.089174 6.176593 -1.844031 2.498503 -2.507276 -10.163590 4.678941 4.621104 -20.975996 -0.000001 0.000001 -21.226254 2.451698 -3.593995 0.000000 -0.000006 -0.000000 -1.362681 2.240797 -0.746323 -21.334892 0.584910 3.008319 -13.821196 -0.000001 0.000001 -23.887129 -0.249075 -0.839485 -60.539711 2.680221 -1.044571 -0.294025 1.679686 0.833255 -14.218195 0.093215 1.300579 -34.212002 -0.287561 0.967166 -20.033176 0.964536 1.212838 0.000000 -0.000000 0.000000 -3.440387 0.788233 0.501655 -15.928172 -3.167306 2.999703 -6.338817 -0.000000 0.000001 -18.123419 3.648181 -4.905662 -0.000004 0.000000 -0.000002 18.192736 8.078959 13.545753 61.524857 6.680055 1.899244 -0.303011 35.950035 0.114978 9.121533 -2.683288 3.260478 2.243540 -5.255033 -3.180156 14.282877 -0.826594 6.952496 -0.000000 -12.690593 -0.000001 16.347723 -17.835411 2.361243 1.665665 -1.955920 -2.878297 4.727794 -4.170584 4.993919 11.020511 0.000001 -0.000000 12.109032 -3.735715 -2.866778 0.000000 -0.000000 0.000000 1.291985 -1.928548 -1.498088 14.800115 0.567467 3.865604 14.242553 -1.341738 -6.660648 19.631935 0.143921 -0.648243 49.859776 -0.512965 -6.701462 0.353029 -1.511150 -0.031940 20.222769 3.684305 2.316629 18.787249 0.000001 -0.000001 10.751608 -0.479870 1.397903 0.000000 -0.000000 0.000000 3.273804 0.305947 -0.580110 21.486790 11.830364 2.266131 8.162915 0.000000 -0.000000 18.399052 -3.798986 -4.940567 0.000003 0.000000 -0.000001 4.925251 1.896910 -10.124938 -0.050969 -0.084164 9.544300 -6.330343 5.061524 -3.354781 1.636361 -2.022407 -0.447408 0.000000 -0.000000 0.000002 -6.282407 -9.350041 -3.408002 0.018464 0.004778 2.735170 7.956481 3.111292 -2.298364 -1.423398 0.994382 -0.188348 0.000000 -0.000000 -0.000001
0.000000 0.000000 0.000000 0.000000 -0.000000 0.000000 0.599078 -0.138317 2.281640 0.063557 -1.275092 5.088414 -0.011869 0.010084 1.410593 -0.254919 -0.302695 -4.262672 0.226985 -2.208219 10.552933 -3.742868 4.168643 2.657883 0.079002 2.547698 -3.755297 0.423636 1.952642 -16.502590 0.000077 -0.000022 0.000006 0.017200 -0.037191 0.034054 0.697807 -3.793815 -10.693654 -0.667435 3.732634 -10.704239 -18.463951 -2.983370 14.285598 -53.831184 -19.901871 26.568731 -0.618689 -30.117907 0.360159 -11.434576 4.263928 -3.980014 -5.882102 9.861279 0.702590 -10.936861 -0.360574 7.156197 0.000000 8.774815 -0.000000 -16.152849 18.119219 6.260855 -1.844031 2.498503 -2.507276 -10.163590 4.678941 4.621104 -20.975996 -0.000001 0.000001 -21.226254 2.451698 -3.593995 0.000000 -0.000006 -0.000000 -1.362681 2.240797 -0.746323 -21.334892 0.584910 3.008319 -13.821196 -0.000001 0.000001 -23.887129 -0.249075 -0.839485 -60.546001 2.730626 -0.989258 -0.294025 1.679686 0.833255 -14.218195 0.093215 1.300579 -34.212002 -0.287561 0.967166 -20.033176 0.964536 1.212838 0.000000 -0.000000 0.000000 -3.440387 0.788233 0.501655 -15.928172 -3.167306 2.999703 -6.338817 -0.000000 0.000001 -18.123419 3.648181 -4.905662 -0.000004 0.000000 -0.000002 17.614561 8.416942 13.489511 62.025734 7.119363 2.428000 -0.274668 37.079140 0.128693 8.278452 -2.552193 3.958299 2.243540 -5.255033 -3.180156 14.282877 -0.826594 6.952496 -0.000000 -12.690593 -0.000001 16.321928 -17.807491 2.358358 1.665665 -1.955920 -2.878297 4.727794 -4.170584 4.993919 11.020511 0.000001 -0.000000 12.109032 -3.735715 -2.866778 0.000000 -0.000000 0.000000 1.291985 -1.928548 -1.498088 14.800115 0.567467 3.865604 14.242553 -1.341738 -6.660648 19.631935 0.143921 -0.648243 49.788040 -0.523699 -6.690041 0.353029 -1.511150 -0.031940 20.222769 3.684305 2.316629 18.787249 0.000001 -0.000001 10.751608 -0.479870 1.397903 0.000000 -0.000000 0.000000 3.273804 0.305947 -0.580110 21.486790 11.830364 2.266131 8.162915 0.000000 -0.000000 18.399052 -3.798986 -4.940567 0.000003 0.000000 -0.000001 4.814877 1.689336 -12.025640 -0.048728 -0.058434 9.711178 -6.149925 5.518151 -2.862891 1.633458 -2.023211 -0.435531 0.000000 -0.000000 0.000002 -6.133288 -9.367121 -5.374867 0.027376 0.011548 3.030154 8.063565 3.007174 -1.976977 -1.421831 0.993098 -0.280307 0.000000 -0.000000 -0.000001
0.000000 0.000000 0.000000 0.000000 -0.000000 0.000000 0.738030 -0.103979 1.490439 0.114406 -1.426586 6.383160 0.033874 0.013034 1.850409 -0.216038 -0.353019 -4.106488 0.306117 -2.296578 10.562666 -4.033879 4.248644 2.520151 0.131365 2.666057 -3.766256 0.012460 2.285652 -17.302532 0.000077 -0.000022 0.000006 0.016140 -0.029471 0.037249 0.688827 -3.785165 -10.699373 -0.660925 3.740102 -10.708611 -18.074072 -3.257109 14.438878 -53.992302 -20.664825 27.070730 -0.615819 -30.707117 0.372638 -11.310664 4.385838 -2.920487 -5.882102 9.861279 0.702590 -10.936861 -0.360574 7.156197 0.000000 8.774815 -0.000000 -16.118031 18.150269 6.334234 -1.844031 2.498503 -2.507276 -10.163590 4.678941 4.621104 -20.975996 -0.000001 0.000001 -21.226254 2.451698 -3.593995 0.000000 -0.000006 -0.000000 -1.362681 2.240797 -0.746323 -21.334892 0.584910 3.008319 -13.821196 -0.000001 0.000001 -23.887129 -0.249075 -0.839485 -60.543083 2.770141 -0.950554 -0.294025 1.679686 0.833255 -14.218195 0.093215 1.300579 -34.212002 -0.287561 0.967166 -20.033176 0.964536 1.212838 0.000000 -0.000000 0.000000 -3.440387 0.788233 0.501655 -15.928172 -3.167306 2.999703 -6.338817 -0.000000 0.000001 -18.123419 3.648181 -4.905662 -0.000004 0.000000 -0.000002 16.992985 8.752984 13.446993 62.608105 7.545349 2.966515 -0.207893 38.461155 0.145853 7.302136 -2.334066 4.786260 2.243540 -5.255033 -3.180156 14.282877 -0.826594 6.952496 -0.000000 -12.690593 -0.000001 16.293859 -17.761862 2.363218 1.665665 -1.955920 -2.878297 4.727794 -4.170584 4.993919 11.020511 0.000001 -0.000000 12.109032 -3.735715 -2.866778 0.000000 -0.000000 0.000000 1.291985 -1.928548 -1.498088 14.800115 0.567467 3.865604 14.242553 -1.341738 -6.660648 19.631935 0.143921 -0.648243 49.724895 -0.537052 -6.670196 0.353029 -1.511150 -0.031940 20.222769 3.684305 2.316629 18.787249 0.000001 -0.000001 10.751608 -0.479870 1.397903 0.000000 -0.000000 0.000000 3.273804 0.305947 -0.580110 21.486790 11.830364 2.266131 8.162915 0.000000 -0.000000 18.399052 -3.798986 -4.940567 0.000003 0.000000 -0.000001 4.665576 1.471661 -14.019384 -0.045119 -0.034467 9.840713 -5.956925 5.983292 -2.313674 1.631668 -2.032378 -0.440795 0.000000 -0.000000 0.000002 -6.068532 -9.373199 -7.626315 0.034376 0.027700 3.721326 8.170690 2.863537 -1.765100 -1.419041 0.991541 -0.411076 0.000000 -0.000000 -0.000001
0.000000 0.000000 0.000000 0.000000 -0.000000 0.000000 0.901265 -0.082784 0.668297 0.197484 -1.531948 7.759671 0.085734 0.007620 2.358863 -0.171224 -0.401984 -3.916572 0.373350 -2.394117 10.565652 -4.313996 4.342206 2.310493 0.174932 2.770255 -3.777216 -0.445117 2.582718 -18.140511 0.000077 -0.000022 0.000006 0.014799 -0.020901 0.040147 0.679637 -3.775397 -10.700600 -0.654776 3.748351 -10.710571 -17.655159 -3.567919 14.556759 -54.217079 -21.357735 27.253107 -0.653691 -31.499678 0.412138 -10.904543 4.514344 -1.962069 -5.882102 9.861279 0.702590 -10.936861 -0.360574 7.156197 0.000000 8.774815 -0.000000 -16.072495 18.188755 6.408559 -1.844031 2.498503 -2.507276 -10.163590 4.678941 4.621104 -20.975996 -0.000001 0.000001 -21.226254 2.451698 -3.593995 0.000000 -0.000006 -0.000000 -1.362681 2.240797 -0.746323 -21.334892 0.584910 3.008319 -13.821196 -0.000001 0.000001 -23.887129 -0.249075 -0.839485 -60.545685 2.814191 -0.918778 -0.294025 1.679686 0.833255 -14.218195 0.093215 1.300579 -34.212002 -0.287561 0.967166 -20.033176 0.964536 1.212838 0.000000 -0.000000 0.000000 -3.440387 0.788233 0.501655 -15.928172 -3.167306 2.999703 -6.338817 -0.000000 0.000001 -18.123419 3.648181 -4.905662 -0.000004 0.000000 -0.000002 16.305815 9.086916 13.440350 63.249622 7.994662 3.511463 -0.090184 40.029003 0.168509 6.209067 -2.087142 5.804429 2.243540 -5.255033 -3.180156 14.282877 -0.826594 6.952496 -0.000000 -12.690593 -0.000001 16.248499 -17.709044 2.387084 1.665665 -1.955920 -2.878297 4.727794 -4.170584 4.993919 11.020511 0.000001 -0.000000 12.109032 -3.735715 -2.866778 0.000000 -0.000000 0.000000 1.291985 -1.928548 -1.498088 14.800115 0.567467 3.865604 14.242553 -1.341738 -6.660648 19.631935 0.143921 -0.648243 49.671356 -0.545185 -6.651857 0.353029 -1.511150 -0.031940 20.222769 3.684305 2.316629 18.787249 0.000001 -0.000001 10.751608 -0.479870 1.397903 0.000000 -0.000000 0.000000 3.273804 0.305947 -0.580110 21.486790 11.830364 2.266131 8.162915 0.000000 -0.000000 18.399052 -3.798986 -4.940567 0.000003 0.000000 -0.000001 4.480020 1.263682 -16.134138 -0.041193 -0.014000 9.965244 -5.733809 6.406046 -1.717120 1.632427 -2.036412 -0.447577 0.000000 -0.000000 0.000002 -6.079918 -9.341425 -10.193605 0.040061 0.046669 4.838678 8.296228 2.678878 -1.646452 -1.416772 0.985831 -0.530117 0.000000 -0.000000 -0.000001
0.000000 0.000000 0.000000 0.000000 -0.000000 0.000000 1.089098 -0.082846 -0.183692 0.318169 -1.602714 9.166098 0.137733 -0.005921 2.935284 -0.117285 -0.456467 -3.688038 0.419569 -2.468727 10.554654 -4.583978 4.420546 2.017082 0.214693 2.860312 -3.782973 -0.915921 2.825546 -19.033171 0.000077 -0.000022 0.000006 0.013944 -0.012956 0.039916 0.670737 -3.766506 -10.695408 -0.647958 3.756048 -10.708315 -17.174305 -3.905589 14.659152 -54.558865 -21.990623 27.193569 -0.699415 -32.468307 0.469193 -10.236466 4.646566 -1.042243 -5.882102 9.861279 0.702590 -10.936861 -0.360574 7.156197 0.000000 8.774815 -0.000000 -16.046442 18.235672 6.462772 -1.844031 2.498503 -2.507276 -10.163590 4.678941 4.621104 -20.975996 -0.000001 0.000001 -21.226254 2.451698 -3.593995 0.000000 -0.000006 -0.000000 -1.362681 2.240797 -0.746323 -21.334892 0.584910 3.008319 -13.821196 -0.000001 0.000001 -23.887129 -0.249075 -0.839485 -60.551617 2.846753 -0.914079 -0.294025 1.679686 0.833255 -14.218195 0.093215 1.300579 -34.212002 -0.287561 0.967166 -20.033176 0.964536 1.212838 0.000000 -0.000000 0.000000 -3.440387 0.788233 0.501655 -15.928172 -3.167306 2.999703 -6.338817 -0.000000 0.000001 -18.123419 3.648181 -4.905662 -0.000004 0.000000 -0.000002 15.509864 9.423197 13.424100 63.966301 8.422854 4.157606 0.031218 41.699532 0.195838 5.033974 -1.857966 6.971126 2.243540 -5.255033 -3.180156 14.282877 -0.826594 6.952496 -0.000000 -12.690593 -0.000001 16.199924 -17.656403 2.421818 1.665665 -1.955920 -2.878297 4.727794 -4.170584 4.993919 11.020511 0.000001 -0.000000 12.109032 -3.735715 -2.866778 0.000000 -0.000000 0.000000 1.291985 -1.928548 -1.498088 14.800115 0.567467 3.865604 14.242553 -1.341738 -6.660648 19.631935 0.143921 -0.648243 49.650219 -0.563667 -6.637689 0.353029 -1.511150 -0.031940 20.222769 3.684305 2.316629 18.787249 0.000001 -0.000001 10.751608 -0.479870 1.397903 0.000000 -0.000000 0.000000 3.273804 0.305947 -0.580110 21.486790 11.830364 2.266131 8.162915 0.000000 -0.000000 18.399052 -3.798986 -4.940567 0.000003 0.000000 -0.000001 4.243773 1.094038 -18.310591 -0.032593 0.001729 10.084291 -5.479324 6.740652 -1.076406 1.635500 -2.041892 -0.481731 0.000000 -0.000000 0.000002 -6.172840 -9.295809 -12.865678 0.043911 0.067334 6.075422 8.447623 2.467701 -1.529764 -1.414603 0.982521 -0.634702 0.000000 -0.000000 -0.000001
0.000000 0.000000 0.000000 0.000000 -0.000000 0.000000 1.310449 -0.116812 -1.083438 0.474850 -1.611068 10.653699 0.200372 -0.025443 3.605673 -0.050462 -0.506949 -3.407239 0.447526 -2.514266 10.534031 -4.846803 4.455640 1.575216 0.237199 2.933743 -3.786880 -1.408281 2.990354 -20.012724 0.000077 -0.000022 0.000006 0.013904 -0.005726 0.036476 0.660471 -3.759789 -10.688569 -0.638199 3.764061 -10.704543 -16.596481 -4.310101 14.757448 -55.034904 -22.594362 26.956854 -0.763921 -33.619568 0.539804 -9.280128 4.737586 -0.123621 -5.882102 9.861279 0.702590 -10.936861 -0.360574 7.156197 0.000000 8.774815 -0.000000 -16.072454 18.280615 6.466767 -1.844031 2.498503 -2.507276 -10.163590 4.678941 4.621104 -20.975996 -0.000001 0.000001 -21.226254 2.451698 -3.593995 0.000000 -0.000006 -0.000000 -1.362681 2.240797 -0.746323 -21.334892 0.584910 3.008319 -13.821196 -0.000001 0.000001 -23.887129 -0.249075 -0.839485 -60.556778 2.853233 -0.920614 -0.294025 1.679686 0.833255 -14.218195 0.093215 1.300579 -34.212002 -0.287561 0.967166 -20.033176 0.964536 1.212838 0.000000 -0.000000 0.000000 -3.440387 0.788233 0.501655 -15.928172 -3.167306 2.999703 -6.338817 -0.000000 0.000001 -18.123419 3.648181 -4.905662 -0.000004 0.000000 -0.000002 14.580794 9.768481 13.416380 64.748940 8.852355 4.875559 0.171271 43.538658 0.234855 3.694221 -1.687014 8.371305 2.243540 -5.255033 -3.180156 14.282877 -0.826594 6.952496 -0.000000 -12.690593 -0.000001 16.148739 -17.616871 2.457427 1.665665 -1.955920 -2.878297 4.727794 -4.170584 4.993919 11.020511 0.000001 -0.000000 12.109032 -3.735715 -2.866778 0.000000 -0.000000 0.000000 1.291985 -1.928548 -1.498088 14.800115 0.567467 3.865604 14.242553 -1.341738 -6.660648 19.631935 0.143921 -0.648243 49.652206 -0.576869 -6.621143 0.353029 -1.511150 -0.031940 20.222769 3.684305 2.316629 18.787249 0.000001 -0.000001 10.751608 -0.479870 1.397903 0.000000 -0.000000 0.000000 3.273804 0.305947 -0.580110 21.486790 11.830364 2.266131 8.162915 0.000000 -0.000000 18.399052 -3.798986 -4.940567 0.000003 0.000000 -0.000001 3.950082 0.957726 -20.684496 -0.026408 0.006448 10.322839 -5.170947 7.001626 -0.428280 1.640223 -2.053725 -0.538309 0.000000 -0.000000 0.000002 -6.318902 -9.305645 -15.723392 0.044615 0.090952 7.450864 8.585475 2.257799 -1.438534 -1.413072 0.979489 -0.740265 0.000000 -0.000000 -0.000001
0.000000 0.000000 0.000000 0.000000 -0.000000 0.000000 1.548619 -0.217645 -1.997940 0.664863 -1.545634 12.202526 0.270578 -0.044627 4.372468 0.020329 -0.531067 -3.075646 0.469067 -2.541605 10.502173 -5.081806 4.446332 0.962793 0.250480 2.946806 -3.796578 -1.875246 3.068139 -21.064495 0.000077 -0.000022 0.000006 0.014494 0.002472 0.034433 0.651437 -3.752818 -10.682598 -0.628550 3.773870 -10.702600 -15.913747 -4.780017 14.796734 -55.571957 -23.159260 26.820118 -0.868696 -34.970058 0.639682 -8.046650 4.724800 0.676082 -5.882102 9.861279 0.702590 -10.936861 -0.360574 7.156197 0.000000 8.774815 -0.000000 -16.139904 18.313641 6.435483 -1.844031 2.498503 -2.507276 -10.163590 4.678941 4.621104 -20.975996 -0.000001 0.000001 -21.226254 2.451698 -3.593995 0.000000 -0.000006 -0.000000 -1.362681 2.240797 -0.746323 -21.334892 0.584910 3.008319 -13.821196 -0.000001 0.000001 -23.887129 -0.249075 -0.839485 -60.564354 2.848225 -0.934431 -0.294025 1.679686 0.833255 -14.218195 0.093215 1.300579 -34.212002 -0.287561 0.967166 -20.033176 0.964536 1.212838 0.000000 -0.000000 0.000000 -3.440387 0.788233 0.501655 -15.928172 -3.167306 2.999703 -6.338817 -0.000000 0.000001 -18.123419 3.648181 -4.905662 -0.000004 0.000000 -0.000002 13.572246 10.142138 13.375885 65.520020 9.237013 5.635009 0.366723 45.518314 0.302478 2.237862 -1.571639 9.991355 2.243540 -5.255033 -3.180156 14.282877 -0.826594 6.952496 -0.000000 -12.690593 -0.000001 16.089710 -17.589222 2.487091 1.665665 -1.955920 -2.878297 4.727794 -4.170584 4.993919 11.020511 0.000001 -0.000000 12.109032 -3.735715 -2.866778 0.000000 -0.000000 0.000000 1.291985 -1.928548 -1.498088 14.800115 0.567467 3.865604 14.242553 -1.341738 -6.660648 19.631935 0.143921 -0.648243 49.639473 -0.589578 -6.609176 0.353029 -1.511150 -0.031940 20.222769 3.684305 2.316629 18.787249 0.000001 -0.000001 10.751608 -0.479870 1.397903 0.000000 -0.000000 0.000000 3.273804 0.305947 -0.580110 21.486790 11.830364 2.266131 8.162915 0.000000 -0.000000 18.399052 -3.798986 -4.940567 0.000003 0.000000 -0.000001 3.612757 0.842187 -23.363733 -0.015262 0.006568 10.979239 -4.884655 7.132551 0.051868 1.646034 -2.070426 -0.623626 0.000000 -0.000000 0.000002 -6.484725 -9.348971 -18.875839 0.044816 0.112295 9.261975 8.661148 2.052522 -1.579110 -1.413709 0.979020 -0.863193 0.000000 -0.000000 -0.000001
0.000000 0.000000 0.000000 0.000000 -0.000000 0.000000 1.775814 -0.401093 -2.919044 0.878652 -1.398588 13.747852 0.333337 -0.058321 5.225097 0.084242 -0.527137 -2.700805 0.513470 -2.571826 10.485217 -5.253317 4.390203 0.188845 0.254521 2.913011 -3.810909 -2.283914 3.076250 -22.162840 0.000077 -0.000022 0.000006 0.015424 0.004161 0.033150 0.645103 -3.753304 -10.688621 -0.620880 3.778361 -10.710609 -15.146283 -5.304178 14.775705 -56.069153 -23.719271 26.904249 -1.059276 -36.483715 0.765613 -6.483975 4.631792 1.599875 -5.882102 9.861279 0.702590 -10.936861 -0.360574 7.156197 0.000000 8.774815 -0.000000 -16.233288 18.333559 6.375113 -1.844031 2.498503 -2.507276 -10.163590 4.678941 4.621104 -20.975996 -0.000001 0.000001 -21.226254 2.451698 -3.593995 0.000000 -0.000006 -0.000000 -1.362681 2.240797 -0.746323 -21.334892 0.584910 3.008319 -13.821196 -0.000001 0.000001 -23.887129 -0.249075 -0.839485 -60.546677 2.840247 -0.932483 -0.294025 1.679686 0.833255 -14.218195 0.093215 1.300579 -34.212002 -0.287561 0.967166 -20.033176 0.964536 1.212838 0.000000 -0.000000 0.000000 -3.440387 0.788233 0.501655 -15.928172 -3.167306 2.999703 -6.338817 -0.000000 0.000001 -18.123419 3.648181 -4.905662 -0.000004 0.000000 -0.000002 12.587873 10.565979 13.318487 66.117012 9.603564 6.530997 0.585108 47.566063 0.407878 0.698165 -1.492414 12.019128 2.243540 -5.255033 -3.180156 14.282877 -0.826594 6.952496 -0.000000 -12.690593 -0.000001 16.041214 -17.570648 2.497446 1.665665 -1.955920 -2.878297 4.727794 -4.170584 4.993919 11.020511 0.000001 -0.000000 12.109032 -3.735715 -2.866778 0.000000 -0.000000 0.000000 1.291985 -1.928548 -1.498088 14.800115 0.567467 3.865604 14.242553 -1.341738 -6.660648 19.631935 0.143921 -0.648243 49.585938 -0.598231 -6.598449 0.353029 -1.511150 -0.031940 20.222769 3.684305 2.316629 18.787249 0.000001 -0.000001 10.751608 -0.479870 1.397903 0.000000 -0.000000 0.000000 3.273804 0.305947 -0.580110 21.486790 11.830364 2.266131 8.162915 0.000000 -0.000000 18.399052 -3.798986 -4.940567 0.000003 0.000000 -0.000001 3.247567 0.774967 -26.298805 -0.004651 0.006755 12.111672 -4.635317 7.100378 0.300984 1.651476 -2.096300 -0.727026 0.000000 -0.000000 0.000002 -6.576741 -9.459890 -22.303638 0.045514 0.133264 11.580928 8.613072 1.876335 -2.008087 -1.415746 0.974172 -0.998423 0.000000 -0.000000 -0.000001
0.000000 0.000000 0.000000 0.000000 -0.000000 0.000000 1.985520 -0.696725 -3.870219 1.097184 -1.148261 15.298470 0.394071 -0.067246 6.141637 0.140166 -0.514581 -2.288094 0.600528 -2.594402 10.505253 -5.334738 4.279851 -0.743364 0.246544 2.876341 -3.816149 -2.637086 3.017055 -23.295639 0.000077 -0.000022 0.000006 0.016353 -0.000096 0.033101 0.642868 -3.760121 -10.698436 -0.617234 3.777645 -10.718521 -14.283706 -5.887215 14.645247 -56.438488 -24.251417 27.450012 -1.331105 -38.284962 0.918099 -4.557467 4.495351 2.873215 -5.882102 9.861279 0.702590 -10.936861 -0.360574 7.156197 0.000000 8.774815 -0.000000 -16.354605 18.359118 6.289204 -1.844031 2.498503 -2.507276 -10.163590 4.678941 4.621104 -20.975996 -0.000001 0.000001 -21.226254 2.451698 -3.593995 0.000000 -0.000006 -0.000000 -1.362681 2.240797 -0.746323 -21.334892 0.584910 3.008319 -13.821196 -0.000001 0.000001 -23.887129 -0.249075 -0.839485 -60.521904 2.831705 -0.945427 -0.294025 1.679686 0.833255 -14.218195 0.093215 1.300579 -34.212002 -0.287561 0.967166 -20.033176 0.964536 1.212838 0.000000 -0.000000 0.000000 -3.440387 0.788233 0.501655 -15.928172 -3.167306 2.999703 -6.338817 -0.000000 0.000001 -18.123419 3.648181 -4.905662 -0.000004 0.000000 -0.000002 11.673698 11.034398 13.260612 66.445770 9.998211 7.686056 0.813440 49.734280 0.532216 -0.963013 -1.468924 14.945228 2.243540 -5.255033 -3.180156 14.282877 -0.826594 6.952496 -0.000000 -12.690593 -0.000001 16.007174 -17.537699 2.495605 1.665665 -1.955920 -2.878297 4.727794 -4.170584 4.993919 11.020511 0.000001 -0.000000 12.109032 -3.735715 -2.866778 0.000000 -0.000000 0.000000 1.291985 -1.928548 -1.498088 14.800115 0.567467 3.865604 14.242553 -1.341738 -6.660648 19.631935 0.143921 -0.648243 49.514355 -0.615698 -6.578400 0.353029 -1.511150 -0.031940 20.222769 3.684305 2.316629 18.787249 0.000001 -0.000001 10.751608 -0.479870 1.397903 0.000000 -0.000000 0.000000 3.273804 0.305947 -0.580110 21.486790 11.830364 2.266131 8.162915 0.000000 -0.000000 18.399052 -3.798986 -4.940567 0.000003 0.000000 -0.000001 2.866487 0.773499 -29.601706 0.002196 0.009183 13.886250 -4.444666 6.842766 0.295050 1.655714 -2.126527 -0.802093 0.000000 -0.000000 0.000002 -6.613286 -9.651995 -26.010635 0.049622 0.164566 14.422709 8.474105 1.679638 -2.701653 -1.419031 0.970621 -1.075921 0.000000 -0.000000 -0.000001
0.000000 0.000000 0.000000 0.000000 -0.000000 0.000000 2.167986 -1.124917 -4.833341 1.308701 -0.816767 16.823513 0.450646 -0.078352 7.078500 0.185881 -0.508523 -1.852293 0.735179 -2.611780 10.583080 -5.305259 4.139541 -1.776522 0.218205 2.831729 -3.802738 -2.944092 2.951839 -24.402016 0.000077 -0.000022 0.000006 0.017240 -0.003083 0.032568 0.643556 -3.764714 -10.700159 -0.616257 3.777321 -10.715751 -13.360418 -6.496538 14.431495 -56.616749 -24.733568 28.545116 -1.584624 -40.489552 1.057548 -2.230108 4.349561 4.690178 -5.882102 9.861279 0.702590 -10.936861 -0.360574 7.156197 0.000000 8.774815 -0.000000 -16.526726 18.382963 6.157333 -1.844031 2.498503 -2.507276 -10.163590 4.678941 4.621104 -20.975996 -0.000001 0.000001 -21.226254 2.451698 -3.593995 0.000000 -0.000006 -0.000000 -1.362681 2.240797 -0.746323 -21.334892 0.584910 3.008319 -13.821196 -0.000001 0.000001 -23.887129 -0.249075 -0.839485 -60.509041 2.824838 -0.974359 -0.294025 1.679686 0.833255 -14.218195 0.093215 1.300579 -34.212002 -0.287561 0.967166 -20.033176 0.964536 1.212838 0.000000 -0.000000 0.000000 -3.440387 0.788233 0.501655 -15.928172 -3.167306 2.999703 -6.338817 -0.000000 0.000001 -18.123419 3.648181 -4.905662 -0.000004 0.000000 -0.000002 10.909659 11.557945 13.196812 66.455772 10.367805 9.024945 1.100076 52.122955 0.724627 -2.829433 -1.434765 18.938265 2.243540 -5.255033 -3.180156 14.282877 -0.826594 6.952496 -0.000000 -12.690593 -0.000001 16.007263 -17.496111 2.482928 1.665665 -1.955920 -2.878297 4.727794 -4.170584 4.993919 11.020511 0.000001 -0.000000 12.109032 -3.735715 -2.866778 0.000000 -0.000000 0.000000 1.291985 -1.928548 -1.498088 14.800115 0.567467 3.865604 14.242553 -1.341738 -6.660648 19.631935 0.143921 -0.648243 49.489502 -0.621866 -6.555696 0.353029 -1.511150 -0.031940 20.222769 3.684305 2.316629 18.787249 0.000001 -0.000001 10.751608 -0.479870 1.397903 0.000000 -0.000000 0.000000 3.273804 0.305947 -0.580110 21.486790 11.830364 2.266131 8.162915 0.000000 -0.000000 18.399052 -3.798986 -4.940567 0.000003 0.000000 -0.000001 2.493603 0.793953 -33.226795 -0.001844 0.017761 16.314779 -4.298101 6.406189 -0.023574 1.658235 -2.160804 -0.848439 0.000000 -0.000000 0.000002 -6.615075 -9.958408 -29.892788 0.065967 0.201862 17.694647 8.314567 1.467038 -3.607625 -1.422673 0.967741 -1.080256 0.000000 -0.000000 -0.000001
0.000000 0.000000 0.000000 0.000000 -0.000000 0.000000 2.337754 -1.691491 -5.763301 1.494573 -0.472175 18.277021 0.502512 -0.087983 8.017876 0.227693 -0.511307 -1.406650 0.902833 -2.624222 10.719288 -5.166354 3.989747 -2.794417 0.168083 2.793076 -3.790278 -3.220918 2.933013 -25.421011 0.000077 -0.000022 0.000006 0.017633 -0.004104 0.033908 0.643400 -3.767323 -10.695282 -0.615138 3.778284 -10.705485 -12.398260 -7.094023 14.165273 -56.638893 -25.118902 29.971788 -1.706685 -43.166126 1.168656 0.489876 4.181192 6.827603 -5.882102 9.861279 0.702590 -10.936861 -0.360574 7.156197 0.000000 8.774815 -0.000000 -16.726364 18.384716 5.987292 -1.844031 2.498503 -2.507276 -10.163590 4.678941 4.621104 -20.975996 -0.000001 0.000001 -21.226254 2.451698 -3.593995 0.000000 -0.000006 -0.000000 -1.362681 2.240797 -0.746323 -21.334892 0.584910 3.008319 -13.821196 -0.000001 0.000001 -23.887129 -0.249075 -0.839485 -60.503498 2.803076 -1.015622 -0.294025 1.679686 0.833255 -14.218195 0.093215 1.300579 -34.212002 -0.287561 0.967166 -20.033176 0.964536 1.212838 0.000000 -0.000000 0.000000 -3.440387 0.788233 0.501655 -15.928172 -3.167306 2.999703 -6.338817 -0.000000 0.000001 -18.123419 3.648181 -4.905662 -0.000004 0.000000 -0.000002 10.313130 12.100982 13.125783 66.254501 10.710023 10.263918 1.434579 54.781410 0.990622 -4.819738 -1.277723 23.385204 2.243540 -5.255033 -3.180156 14.282877 -0.826594 6.952496 -0.000000 -12.690593 -0.000001 16.040222 -17.473303 2.464217 1.665665 -1.955920 -2.878297 4.727794 -4.170584 4.993919 11.020511 0.000001 -0.000000 12.109032 -3.735715 -2.866778 0.000000 -0.000000 0.000000 1.291985 -1.928548 -1.498088 14.800115 0.567467 3.865604 14.242553 -1.341738 -6.660648 19.631935 0.143921 -0.648243 49.522446 -0.621057 -6.543923 0.353029 -1.511150 -0.031940 20.222769 3.684305 2.316629 18.787249 0.000001 -0.000001 10.751608 -0.479870 1.397903 0.000000 -0.000000 0.000000 3.273804 0.305947 -0.580110 21.486790 11.830364 2.266131 8.162915 0.000000 -0.000000 18.399052 -3.798986 -4.940567 0.000003 0.000000 -0.000001 2.155433 0.807847 -37.036766 -0.013719 0.020835 19.294268 -4.199092 5.921618 -0.636755 1.660859 -2.189098 -0.883127 0.000000 -0.000000 0.000002 -6.556336 -10.394409 -33.827511 0.097878 0.239887 21.255484 8.176138 1.381280 -4.658813 -1.426016 0.967646 -1.014592 0.000000 -0.000000 -0.000001
0.000000 0.000000 0.000000 0.000000 -0.000000 0.000000 2.502461 -2.410531 -6.668179 1.647210 -0.201194 19.663973 0.535241 -0.091888 8.932905 0.271074 -0.515913 -0.965874 1.075803 -2.620044 10.919072 -4.951289 3.860543 -3.756224 0.101252 2.749492 -3.791080 -3.448041 2.956021 -26.287487 0.000077 -0.000022 0.000006 0.017184 0.001788 0.035521 0.639501 -3.763336 -10.689127 -0.611803 3.785964 -10.695337 -11.472602 -7.636973 13.860645 -56.463600 -25.324331 31.332821 -1.753943 -46.433968 1.274764 3.610342 3.992274 9.282453 -5.882102 9.861279 0.702590 -10.936861 -0.360574 7.156197 0.000000 8.774815 -0.000000 -16.905397 18.361921 5.815938 -1.844031 2.498503 -2.507276 -10.163590 4.678941 4.621104 -20.975996 -0.000001 0.000001 -21.226254 2.451698 -3.593995 0.000000 -0.000006 -0.000000 -1.362681 2.240797 -0.746323 -21.334892 0.584910 3.008319 -13.821196 -0.000001 0.000001 -23.887129 -0.249075 -0.839485 -60.519638 2.763920 -1.066355 -0.294025 1.679686 0.833255 -14.218195 0.093215 1.300579 -34.212002 -0.287561 0.967166 -20.033176 0.964536 1.212838 0.000000 -0.000000 0.000000 -3.440387 0.788233 0.501655 -15.928172 -3.167306 2.999703 -6.338817 -0.000000 0.000001 -18.123419 3.648181 -4.905662 -0.000004 0.000000 -0.000002 9.864974 12.640123 13.032969 65.967499 10.999100 11.130262 1.878788 57.795860 1.364205 -6.914794 -0.915366 27.698490 2.243540 -5.255033 -3.180156 14.282877 -0.826594 6.952496 -0.000000 -12.690593 -0.000001 16.095823 -17.474337 2.433153 1.665665 -1.955920 -2.878297 4.727794 -4.170584 4.993919 11.020511 0.000001 -0.000000 12.109032 -3.735715 -2.866778 0.000000 -0.000000 0.000000 1.291985 -1.928548 -1.498088 14.800115 0.567467 3.865604 14.242553 -1.341738 -6.660648 19.631935 0.143921 -0.648243 49.566654 -0.631604 -6.551693 0.353029 -1.511150 -0.031940 20.222769 3.684305 2.316629 18.787249 0.000001 -0.000001 10.751608 -0.479870 1.397903 0.000000 -0.000000 0.000000 3.273804 0.305947 -0.580110 21.486790 11.830364 2.266131 8.162915 0.000000 -0.000000 18.399052 -3.798986 -4.940567 0.000003 0.000000 -0.000001 1.864559 0.813306 -40.998272 -0.031912 0.014269 22.752031 -4.138679 5.533365 -1.512702 1.664245 -2.217096 -0.933925 0.000000 -0.000000 0.000002 -6.432880 -10.900297 -37.837135 0.137924 0.275512 25.067461 8.029486 1.460341 -5.812849 -1.428167 0.974456 -0.946644 0.000000 -0.000000 -0.000001
0.000000 0.000000 0.000000 0.000000 -0.000000 0.000000 2.672011 -3.292565 -7.531228 1.758513 -0.005781 20.996012 0.552894 -0.097172 9.790987 0.315401 -0.524787 -0.526359 1.240072 -2.610925 11.164793 -4.686262 3.765396 -4.656894 0.024422 2.740855 -3.804090 -3.656238 2.980362 -26.967123 0.000077 -0.000022 0.000006 0.016946 0.009062 0.038917 0.633369 -3.757327 -10.684787 -0.605781 3.794191 -10.688743 -10.624170 -8.116953 13.557572 -56.065250 -25.286873 32.486179 -1.790007 -50.350533 1.410563 7.363714 3.727979 12.148491 -5.882102 9.861279 0.702590 -10.936861 -0.360574 7.156197 0.000000 8.774815 -0.000000 -17.025644 18.337500 5.668668 -1.844031 2.498503 -2.507276 -10.163590 4.678941 4.621104 -20.975996 -0.000001 0.000001 -21.226254 2.451698 -3.593995 0.000000 -0.000006 -0.000000 -1.362681 2.240797 -0.746323 -21.334892 0.584910 3.008319 -13.821196 -0.000001 0.000001 -23.887129 -0.249075 -0.839485 -60.536007 2.724502 -1.133689 -0.294025 1.679686 0.833255 -14.218195 0.093215 1.300579 -34.212002 -0.287561 0.967166 -20.033176 0.964536 1.212838 0.000000 -0.000000 0.000000 -3.440387 0.788233 0.501655 -15.928172 -3.167306 2.999703 -6.338817 -0.000000 0.000001 -18.123419 3.648181 -4.905662 -0.000004 0.000000 -0.000002 9.543020 13.148664 12.903239 65.649620 11.192841 11.573920 2.646755 61.217171 1.997991 -9.117335 -0.241150 31.912779 2.243540 -5.255033 -3.180156 14.282877 -0.826594 6.952496 -0.000000 -12.690593 -0.000001 16.159218 -17.485834 2.388573 1.665665 -1.955920 -2.878297 4.727794 -4.170584 4.993919 11.020511 0.000001 -0.000000 12.109032 -3.735715 -2.866778 0.000000 -0.000000 0.000000 1.291985 -1.928548 -1.498088 14.800115 0.567467 3.865604 14.242553 -1.341738 -6.660648 19.631935 0.143921 -0.648243 49.624321 -0.658343 -6.571797 0.353029 -1.511150 -0.031940 20.222769 3.684305 2.316629 18.787249 0.000001 -0.000001 10.751608 -0.479870 1.397903 0.000000 -0.000000 0.000000 3.273804 0.305947 -0.580110 21.486790 11.830364 2.266131 8.162915 0.000000 -0.000000 18.399052 -3.798986 -4.940567 0.000003 0.000000 -0.000001 1.602499 0.861017 -45.082069 -0.056820 0.004822 26.612591 -4.108369 5.191732 -2.614635 1.668224 -2.235835 -0.994817 0.000000 -0.000000 0.000002 -6.234909 -11.462638 -41.912689 0.178399 0.302232 29.092495 7.889872 1.691115 -7.056088 -1.430206 0.992477 -0.890402 0.000000 -0.000000 -0.000001
0.000000 0.000000 0.000000 0.000000 -0.000000 0.000000 2.843910 -4.348626 -8.354651 1.784148 0.054683 22.253262 0.567960 -0.103317 10.604203 0.360409 -0.530461 -0.085313 1.381918 -2.592502 11.414073 -4.400948 3.671465 -5.465683 -0.043810 2.807834 -3.825057 -3.873025 3.031993 -27.512568 0.000077 -0.000022 0.000006 0.017867 0.010647 0.043728 0.629272 -3.755738 -10.680309 -0.599561 3.795209 -10.681841 -9.840783 -8.498655 13.261434 -55.497124 -24.960001 33.380901 -1.899256 -54.889065 1.676721 11.735270 3.368738 15.334997 -5.882102 9.861279 0.702590 -10.936861 -0.360574 7.156197 0.000000 8.774815 -0.000000 -17.075533 18.323523 5.558893 -1.844031 2.498503 -2.507276 -10.163590 4.678941 4.621104 -20.975996 -0.000001 0.000001 -21.226254 2.451698 -3.593995 0.000000 -0.000006 -0.000000 -1.362681 2.240797 -0.746323 -21.334892 0.584910 3.008319 -13.821196 -0.000001 0.000001 -23.887129 -0.249075 -0.839485 -60.550934 2.673365 -1.192193 -0.294025 1.679686 0.833255 -14.218195 0.093215 1.300579 -34.212002 -0.287561 0.967166 -20.033176 0.964536 1.212838 0.000000 -0.000000 0.000000 -3.440387 0.788233 0.501655 -15.928172 -3.167306 2.999703 -6.338817 -0.000000 0.000001 -18.123419 3.648181 -4.905662 -0.000004 0.000000 -0.000002 9.259617 13.627528 12.736442 65.380592 11.233531 11.802543 3.890100 65.097099 3.037565 -11.383977 0.717377 36.033482 2.243540 -5.255033 -3.180156 14.282877 -0.826594 6.952496 -0.000000 -12.690593 -0.000001 16.200794 -17.515074 2.347364 1.665665 -1.955920 -2.878297 4.727794 -4.170584 4.993919 11.020511 0.000001 -0.000000 12.109032 -3.735715 -2.866778 0.000000 -0.000000 0.000000 1.291985 -1.928548 -1.498088 14.800115 0.567467 3.865604 14.242553 -1.341738 -6.660648 19.631935 0.143921 -0.648243 49.708206 -0.703152 -6.581625 0.353029 -1.511150 -0.031940 20.222769 3.684305 2.316629 18.787249 0.000001 -0.000001 10.751608 -0.479870 1.397903 0.000000 -0.000000 0.000000 3.273804 0.305947 -0.580110 21.486790 11.830364 2.266131 8.162915 0.000000 -0.000000 18.399052 -3.798986 -4.940567 0.000003 0.000000 -0.000001 1.360866 1.072071 -49.252789 -0.081968 -0.011581 30.847235 -4.115923 4.780793 -3.925403 1.671023 -2.232717 -1.053517 0.000000 -0.000000 0.000002 -5.929370 -11.999028 -46.037312 0.219766 0.326136 33.290127 7.762959 2.075942 -8.359698 -1.434367 1.014303 -0.857791 0.000000 -0.000000 -0.000001
0.000000 0.000000 0.000000 0.000000 -0.000000 0.000000 3.007222 -5.577332 -9.148045 1.716703 -0.016901 23.432299 0.581464 -0.112835 11.378390 0.398440 -0.523678 0.348903 1.506208 -2.564241 11.678593 -4.105751 3.577513 -6.209832 -0.120892 2.888839 -3.846086 -4.086679 3.120695 -28.064152 0.000077 -0.000022 0.000006 0.020357 0.002259 0.047861 0.629666 -3.762468 -10.670020 -0.594705 3.784129 -10.668459 -9.119295 -8.758789 12.947727 -54.797352 -24.338852 34.000748 -2.158319 -59.875469 2.134253 16.342731 2.904482 18.691505 -5.882102 9.861279 0.702590 -10.936861 -0.360574 7.156197 0.000000 8.774815 -0.000000 -17.070597 18.319950 5.468017 -1.844031 2.498503 -2.507276 -10.163590 4.678941 4.621104 -20.975996 -0.000001 0.000001 -21.226254 2.451698 -3.593995 0.000000 -0.000006 -0.000000 -1.362681 2.240797 -0.746323 -21.334892 0.584910 3.008319 -13.821196 -0.000001 0.000001 -23.887129 -0.249075 -0.839485 -60.542942 2.614934 -1.268732 -0.294025 1.679686 0.833255 -14.218195 0.093215 1.300579 -34.212002 -0.287561 0.967166 -20.033176 0.964536 1.212838 0.000000 -0.000000 0.000000 -3.440387 0.788233 0.501655 -15.928172 -3.167306 2.999703 -6.338817 -0.000000 0.000001 -18.123419 3.648181 -4.905662 -0.000004 0.000000 -0.000002 8.976389 14.064546 12.549650 65.129570 11.087264 12.060329 5.716254 69.463203 4.658792 -13.494556 1.664684 40.105049 2.243540 -5.255033 -3.180156 14.282877 -0.826594 6.952496 -0.000000 -12.690593 -0.000001 16.215601 -17.564316 2.345073 1.665665 -1.955920 -2.878297 4.727794 -4.170584 4.993919 11.020511 0.000001 -0.000000 12.109032 -3.735715 -2.866778 0.000000 -0.000000 0.000000 1.291985 -1.928548 -1.498088 14.800115 0.567467 3.865604 14.242553 -1.341738 -6.660648 19.631935 0.143921 -0.648243 49.810009 -0.775313 -6.570460 0.353029 -1.511150 -0.031940 20.222769 3.684305 2.316629 18.787249 0.000001 -0.000001 10.751608 -0.479870 1.397903 0.000000 -0.000000 0.000000 3.273804 0.305947 -0.580110 21.486790 11.830364 2.266131 8.162915 0.000000 -0.000000 18.399052 -3.798986 -4.940567 0.000003 0.000000 -0.000001 1.126542 1.473133 -53.464996 -0.104320 -0.036085 35.341572 -4.131284 4.274903 -5.370658 1.669957 -2.214569 -1.120457 0.000000 -0.000000 0.000002 -5.498659 -12.494243 -50.196838 0.263223 0.350110 37.610741 7.642120 2.579279 -9.690084 -1.439836 1.026337 -0.858590 0.000000 -0.000000 -0.000001
0.000000 0.000000 0.000000 0.000000 -0.000000 0.000000 3.165790 -6.973191 -9.903296 1.573729 -0.171908 24.485128 0.595793 -0.117023 12.112911 0.416837 -0.502623 0.766010 1.623741 -2.530113 11.973683 -3.801195 3.482656 -6.914433 -0.207773 2.940770 -3.870348 -4.292409 3.223458 -28.643187 0.000077 -0.000022 0.000006 0.025169 -0.018862 0.050546 0.634401 -3.779990 -10.653501 -0.589510 3.757796 -10.646646 -8.425780 -8.896073 12.613360 -54.075497 -23.454239 34.343197 -2.707382 -64.981972 2.881393 20.815363 2.274282 21.995157 -5.882102 9.861279 0.702590 -10.936861 -0.360574 7.156197 0.000000 8.774815 -0.000000 -17.041828 18.325203 5.387265 -1.844031 2.498503 -2.507276 -10.163590 4.678941 4.621104 -20.975996 -0.000001 0.000001 -21.226254 2.451698 -3.593995 0.000000 -0.000006 -0.000000 -1.362681 2.240797 -0.746323 -21.334892 0.584910 3.008319 -13.821196 -0.000001 0.000001 -23.887129 -0.249075 -0.839485 -60.484200 2.554864 -1.355939 -0.294025 1.679686 0.833255 -14.218195 0.093215 1.300579 -34.212002 -0.287561 0.967166 -20.033176 0.964536 1.212838 0.000000 -0.000000 0.000000 -3.440387 0.788233 0.501655 -15.928172 -3.167306 2.999703 -6.338817 -0.000000 0.000001 -18.123419 3.648181 -4.905662 -0.000004 0.000000 -0.000002 8.722938 14.450570 12.393648 64.848480 10.709390 12.394028 8.548518 74.189819 7.382897 -15.256618 2.375901 44.029743 2.243540 -5.255033 -3.180156 14.282877 -0.826594 6.952496 -0.000000 -12.690593 -0.000001 16.209032 -17.606956 2.379655 1.665665 -1.955920 -2.878297 4.727794 -4.170584 4.993919 11.020511 0.000001 -0.000000 12.109032 -3.735715 -2.866778 0.000000 -0.000000 0.000000 1.291985 -1.928548 -1.498088 14.800115 0.567467 3.865604 14.242553 -1.341738 -6.660648 19.631935 0.143921 -0.648243 49.904404 -0.852823 -6.531881 0.353029 -1.511150 -0.031940 20.222769 3.684305 2.316629 18.787249 0.000001 -0.000001 10.751608 -0.479870 1.397903 0.000000 -0.000000 0.000000 3.273804 0.305947 -0.580110 21.486790 11.830364 2.266131 8.162915 0.000000 -0.000000 18.399052 -3.798986 -4.940567 0.000003 0.000000 -0.000001 0.893158 2.006793 -57.630219 -0.130785 -0.066262 40.008785 -4.120600 3.715148 -6.906348 1.664764 -2.191819 -1.178704 0.000000 -0.000000 0.000002 -4.966918 -12.980911 -54.329109 0.309746 0.366822 42.064041 7.547158 3.222271 -11.011639 -1.446765 1.022071 -0.890315 0.000000 -0.000000 -0.000001
0.000000 0.000000 0.000000 0.000000 -0.000000 0.000000 3.315357 -8.511857 -10.642206 1.380965 -0.392071 25.375721 0.611135 -0.121504 12.826365 0.420728 -0.469942 1.165418 1.729799 -2.457122 12.251478 -3.544258 3.397466 -7.604990 -0.270911 2.924158 -3.886025 -4.459374 3.322788 -29.241611 0.000077 -0.000022 0.000006 0.031250 -0.043445 0.051390 0.640840 -3.800917 -10.634163 -0.583480 3.728201 -10.621545 -7.715950 -8.932090 12.260044 -53.459873 -22.354233 34.509647 -3.666662 -69.929245 3.970847 25.089808 1.458191 25.341955 -5.882102 9.861279 0.702590 -10.936861 -0.360574 7.156197 0.000000 8.774815 -0.000000 -16.999901 18.363482 5.345505 -1.844031 2.498503 -2.507276 -10.163590 4.678941 4.621104 -20.975996 -0.000001 0.000001 -21.226254 2.451698 -3.593995 0.000000 -0.000006 -0.000000 -1.362681 2.240797 -0.746323 -21.334892 0.584910 3.008319 -13.821196 -0.000001 0.000001 -23.887129 -0.249075 -0.839485 -60.405483 2.528901 -1.429375 -0.294025 1.679686 0.833255 -14.218195 0.093215 1.300579 -34.212002 -0.287561 0.967166 -20.033176 0.964536 1.212838 0.000000 -0.000000 0.000000 -3.440387 0.788233 0.501655 -15.928172 -3.167306 2.999703 -6.338817 -0.000000 0.000001 -18.123419 3.648181 -4.905662 -0.000004 0.000000 -0.000002 8.472360 14.810824 12.259261 64.569626 10.024927 12.740788 13.910572 79.086815 12.759850 -16.621035 2.718643 47.678787 2.243540 -5.255033 -3.180156 14.282877 -0.826594 6.952496 -0.000000 -12.690593 -0.000001 16.195187 -17.633499 2.427806 1.665665 -1.955920 -2.878297 4.727794 -4.170584 4.993919 11.020511 0.000001 -0.000000 12.109032 -3.735715 -2.866778 0.000000 -0.000000 0.000000 1.291985 -1.928548 -1.498088 14.800115 0.567467 3.865604 14.242553 -1.341738 -6.660648 19.631935 0.143921 -0.648243 49.984879 -0.928553 -6.499115 0.353029 -1.511150 -0.031940 20.222769 3.684305 2.316629 18.787249 0.000001 -0.000001 10.751608 -0.479870 1.397903 0.000000 -0.000000 0.000000 3.273804 0.305947 -0.580110 21.486790 11.830364 2.266131 8.162915 0.000000 -0.000000 18.399052 -3.798986 -4.940567 0.000003 0.000000 -0.000001 0.674224 2.598906 -61.660522 -0.157455 -0.091763 44.712303 -4.081336 3.134945 -8.451509 1.657336 -2.172458 -1.212978 0.000000 -0.000000 0.000002 -4.373003 -13.447699 -58.338810 0.354645 0.375611 46.519588 7.468714 4.014518 -12.306378 -1.452422 1.014345 -0.933745 0.000000 -0.000000 -0.000001
0.000000 0.000000 0.000000 0.000000 -0.000000 0.000000 3.457880 -10.184754 -11.367557 1.146792 -0.672581 26.115753 0.619907 -0.117309 13.528809 0.416547 -0.419349 1.563404 1.827167 -2.338084 12.508142 -3.367497 3.331630 -8.380413 -0.312948 2.843680 -3.898225 -4.540999 3.373607 -29.856411 0.000077 -0.000022 0.000006 0.035748 -0.062259 0.049090 0.644938 -3.817493 -10.616129 -0.578330 3.705978 -10.599517 -6.982900 -8.865494 11.895254 -52.901253 -21.048512 34.688213 -5.213727 -74.822441 5.621345 29.208317 0.459817 28.792284 -5.882102 9.861279 0.702590 -10.936861 -0.360574 7.156197 0.000000 8.774815 -0.000000 -16.954153 18.429926 5.354483 -1.844031 2.498503 -2.507276 -10.163590 4.678941 4.621104 -20.975996 -0.000001 0.000001 -21.226254 2.451698 -3.593995 0.000000 -0.000006 -0.000000 -1.362681 2.240797 -0.746323 -21.334892 0.584910 3.008319 -13.821196 -0.000001 0.000001 -23.887129 -0.249075 -0.839485 -60.385731 2.529841 -1.474261 -0.294025 1.679686 0.833255 -14.218195 0.093215 1.300579 -34.212002 -0.287561 0.967166 -20.033176 0.964536 1.212838 0.000000 -0.000000 0.000000 -3.440387 0.788233 0.501655 -15.928172 -3.167306 2.999703 -6.338817 -0.000000 0.000001 -18.123419 3.648181 -4.905662 -0.000004 0.000000 -0.000002 8.183479 15.203600 12.139018 64.335617 9.002351 13.029191 28.781530 83.976372 27.731550 -17.737152 2.809185 50.998489 2.243540 -5.255033 -3.180156 14.282877 -0.826594 6.952496 -0.000000 -12.690593 -0.000001 16.176369 -17.635677 2.463232 1.665665 -1.955920 -2.878297 4.727794 -4.170584 4.993919 11.020511 0.000001 -0.000000 12.109032 -3.735715 -2.866778 0.000000 -0.000000 0.000000 1.291985 -1.928548 -1.498088 14.800115 0.567467 3.865604 14.242553 -1.341738 -6.660648 19.631935 0.143921 -0.648243 50.039341 -1.008898 -6.488012 0.353029 -1.511150 -0.031940 20.222769 3.684305 2.316629 18.787249 0.000001 -0.000001 10.751608 -0.479870 1.397903 0.000000 -0.000000 0.000000 3.273804 0.305947 -0.580110 21.486790 11.830364 2.266131 8.162915 0.000000 -0.000000 18.399052 -3.798986 -4.940567 0.000003 0.000000 -0.000001 0.485086 3.217571 -65.558762 -0.187343 -0.109314 49.421356 -4.007046 2.613663 -9.986195 1.648467 -2.157526 -1.238748 0.000000 -0.000000 0.000002 -3.753597 -13.857832 -62.219875 0.394721 0.377130 50.946419 7.387856 4.905642 -13.578833 -1.454449 1.012353 -1.005718 0.000000 -0.000000 -0.000001
0.000000 0.000000 0.000000 0.000000 -0.000000 0.000000 3.579134 -11.963929 -12.077872 0.920006 -0.976023 26.713530 0.614185 -0.118486 14.227184 0.408392 -0.343361 1.963741 1.899242 -2.182171 12.736924 -3.232119 3.281981 -9.280185 -0.400896 2.718112 -3.920131 -4.503751 3.358070 -30.512613 0.000077 -0.000022 0.000006 0.039896 -0.086871 0.046392 0.649705 -3.839722 -10.594221 -0.574526 3.677616 -10.571449 -6.229326 -8.728382 11.516417 -52.327759 -19.561987 34.962894 -8.390098 -79.707993 8.962536 33.070915 -0.716225 32.061230 -5.882102 9.861279 0.702590 -10.936861 -0.360574 7.156197 0.000000 8.774815 -0.000000 -16.924095 18.481266 5.375197 -1.844031 2.498503 -2.507276 -10.163590 4.678941 4.621104 -20.975996 -0.000001 0.000001 -21.226254 2.451698 -3.593995 0.000000 -0.000006 -0.000000 -1.362681 2.240797 -0.746323 -21.334892 0.584910 3.008319 -13.821196 -0.000001 0.000001 -23.887129 -0.249075 -0.839485 -60.413734 2.520000 -1.513246 -0.294025 1.679686 0.833255 -14.218195 0.093215 1.300579 -34.212002 -0.287561 0.967166 -20.033176 0.964536 1.212838 0.000000 -0.000000 0.000000 -3.440387 0.788233 0.501655 -15.928172 -3.167306 2.999703 -6.338817 -0.000000 0.000001 -18.123419 3.648181 -4.905662 -0.000004 0.000000 -0.000002 7.865585 15.600673 12.030227 64.137032 7.701027 13.335539 95.233208 86.826950 94.365578 -18.725800 2.633075 54.044128 2.243540 -5.255033 -3.180156 14.282877 -0.826594 6.952496 -0.000000 -12.690593 -0.000001 16.149244 -17.602795 2.486990 1.665665 -1.955920 -2.878297 4.727794 -4.170584 4.993919 11.020511 0.000001 -0.000000 12.109032 -3.735715 -2.866778 0.000000 -0.000000 0.000000 1.291985 -1.928548 -1.498088 14.800115 0.567467 3.865604 14.242553 -1.341738 -6.660648 19.631935 0.143921 -0.648243 50.055271 -1.102063 -6.474458 0.353029 -1.511150 -0.031940 20.222769 3.684305 2.316629 18.787249 0.000001 -0.000001 10.751608 -0.479870 1.397903 0.000000 -0.000000 0.000000 3.273804 0.305947 -0.580110 21.486790 11.830364 2.266131 8.162915 0.000000 -0.000000 18.399052 -3.798986 -4.940567 0.000003 0.000000 -0.000001 0.319804 3.799711 -69.288872 -0.214549 -0.114421 54.038750 -3.906768 2.210843 -11.458070 1.640369 -2.138929 -1.259574 0.000000 -0.000000 0.000002 -3.184390 -14.197719 -65.943420 0.424892 0.367658 55.307766 7.262496 5.801716 -14.831636 -1.454416 1.013342 -1.093473 0.000000 -0.000000 -0.000001
0.000000 0.000000 0.000000 0.000000 -0.000000 0.000000 3.676498 -13.818887 -12.784012 0.702602 -1.282224 27.200666 0.595449 -0.123308 14.923845 0.403176 -0.249297 2.379446 1.944119 -2.003719 12.924891 -3.127856 3.250488 -10.347592 -0.503825 2.551570 -3.935110 -4.369420 3.301613 -31.241251 0.000077 -0.000022 0.000006 0.042329 -0.105437 0.046592 0.655404 -3.855938 -10.568089 -0.575214 3.655673 -10.537382 -5.427803 -8.531791 11.104882 -51.681038 -17.901926 35.440659 -17.997213 -84.603661 18.758696 36.795601 -2.166857 35.463795 -5.882102 9.861279 0.702590 -10.936861 -0.360574 7.156197 0.000000 8.774815 -0.000000 -16.867544 18.507158 5.417186 -1.844031 2.498503 -2.507276 -10.163590 4.678941 4.621104 -20.975996 -0.000001 0.000001 -21.226254 2.451698 -3.593995 0.000000 -0.000006 -0.000000 -1.362681 2.240797 -0.746323 -21.334892 0.584910 3.008319 -13.821196 -0.000001 0.000001 -23.887129 -0.249075 -0.839485 -60.436596 2.497683 -1.566157 -0.294025 1.679686 0.833255 -14.218195 0.093215 1.300579 -34.212002 -0.287561 0.967166 -20.033176 0.964536 1.212838 0.000000 -0.000000 0.000000 -3.440387 0.788233 0.501655 -15.928172 -3.167306 2.999703 -6.338817 -0.000000 0.000001 -18.123419 3.648181 -4.905662 -0.000004 0.000000 -0.000002 7.499948 15.992377 11.907232 64.009911 6.218277 13.719703 150.498505 83.098228 149.878189 -19.713140 2.238423 56.947044 2.243540 -5.255033 -3.180156 14.282877 -0.826594 6.952496 -0.000000 -12.690593 -0.000001 16.091055 -17.533373 2.522200 1.665665 -1.955920 -2.878297 4.727794 -4.170584 4.993919 11.020511 0.000001 -0.000000 12.109032 -3.735715 -2.866778 0.000000 -0.000000 0.000000 1.291985 -1.928548 -1.498088 14.800115 0.567467 3.865604 14.242553 -1.341738 -6.660648 19.631935 0.143921 -0.648243 50.026711 -1.197945 -6.447917 0.353029 -1.511150 -0.031940 20.222769 3.684305 2.316629 18.787249 0.000001 -0.000001 10.751608 -0.479870 1.397903 0.000000 -0.000000 0.000000 3.273804 0.305947 -0.580110 21.486790 11.830364 2.266131 8.162915 0.000000 -0.000000 18.399052 -3.798986 -4.940567 0.000003 0.000000 -0.000001 0.185372 4.334991 -72.863297 -0.226923 -0.108964 58.498795 -3.828540 1.901695 -12.820950 1.633468 -2.114072 -1.291713 0.000000 -0.000000 0.000002 -2.658623 -14.474812 -69.531593 0.447316 0.357154 59.568886 7.062783 6.650601 -16.000319 -1.454071 1.019173 -1.201998 0.000000 -0.000000 -0.000001
0.000000 0.000000 0.000000 0.000000 -0.000000 0.000000 3.735506 -15.689446 -13.515084 0.488853 -1.546460 27.566214 0.569711 -0.123657 15.602884 0.375609 -0.146641 2.809195 1.981967 -1.850466 13.090762 -2.992140 3.216160 -11.541893 -0.596343 2.404560 -3.939005 -4.179230 3.207911 -31.958879 0.000077 -0.000022 0.000006 0.045014 -0.124201 0.051137 0.659568 -3.873969 -10.538799 -0.573853 3.635162 -10.500324 -4.565859 -8.325212 10.687987 -50.915405 -16.190401 36.183006 -87.303123 -88.199516 88.261894 40.273815 -3.856140 39.266808 -5.882102 9.861279 0.702590 -10.936861 -0.360574 7.156197 0.000000 8.774815 -0.000000 -16.816605 18.524750 5.466923 -1.844031 2.498503 -2.507276 -10.163590 4.678941 4.621104 -20.975996 -0.000001 0.000001 -21.226254 2.451698 -3.593995 0.000000 -0.000006 -0.000000 -1.362681 2.240797 -0.746323 -21.334892 0.584910 3.008319 -13.821196 -0.000001 0.000001 -23.887129 -0.249075 -0.839485 -60.484352 2.470572 -1.624614 -0.294025 1.679686 0.833255 -14.218195 0.093215 1.300579 -34.212002 -0.287561 0.967166 -20.033176 0.964536 1.212838 0.000000 -0.000000 0.000000 -3.440387 0.788233 0.501655 -15.928172 -3.167306 2.999703 -6.338817 -0.000000 0.000001 -18.123419 3.648181 -4.905662 -0.000004 0.000000 -0.000002 7.077728 16.352743 11.763886 63.996239 4.744406 14.219963 162.696594 77.943375 162.411850 -20.706673 1.738837 59.719971 2.243540 -5.255033 -3.180156 14.282877 -0.826594 6.952496 -0.000000 -12.690593 -0.000001 16.007980 -17.464890 2.578228 1.665665 -1.955920 -2.878297 4.727794 -4.170584 4.993919 11.020511 0.000001 -0.000000 12.109032 -3.735715 -2.866778 0.000000 -0.000000 0.000000 1.291985 -1.928548 -1.498088 14.800115 0.567467 3.865604 14.242553 -1.341738 -6.660648 19.631935 0.143921 -0.648243 49.976002 -1.273722 -6.411734 0.353029 -1.511150 -0.031940 20.222769 3.684305 2.316629 18.787249 0.000001 -0.000001 10.751608 -0.479870 1.397903 0.000000 -0.000000 0.000000 3.273804 0.305947 -0.580110 21.486790 11.830364 2.266131 8.162915 0.000000 -0.000000 18.399052 -3.798986 -4.940567 0.000003 0.000000 -0.000001 0.070252 4.855816 -76.230392 -0.237930 -0.102098 62.671173 -3.752340 1.642211 -14.028899 1.628570 -2.087010 -1.334500 0.000000 -0.000000 0.000002 -2.186328 -14.655793 -72.912148 0.459861 0.349880 63.610920 6.828515 7.356019 -17.023455 -1.453344 1.022721 -1.331975 0.000000 -0.000000 -0.000001
0.000000 0.000000 0.000000 0.000000 -0.000000 0.000000 3.744824 -17.559899 -14.274768 0.308717 -1.740517 27.817223 0.524726 -0.119529 16.291201 0.331600 -0.058845 3.238725 1.990857 -1.735233 13.196620 -2.770924 3.188015 -12.785024 -0.698075 2.267987 -3.936254 -3.905634 3.050284 -32.654560 0.000077 -0.000022 0.000006 0.047050 -0.142172 0.057712 0.662205 -3.891209 -10.509324 -0.572207 3.615041 -10.464470 -3.581759 -8.126588 10.261774 -50.064976 -14.541522 37.234287 -158.932938 -84.813446 160.156433 43.410290 -5.755401 43.640514 -5.882102 9.861279 0.702590 -10.936861 -0.360574 7.156197 0.000000 8.774815 -0.000000 -16.812895 18.506207 5.499110 -1.844031 2.498503 -2.507276 -10.163590 4.678941 4.621104 -20.975996 -0.000001 0.000001 -21.226254 2.451698 -3.593995 0.000000 -0.000006 -0.000000 -1.362681 2.240797 -0.746323 -21.334892 0.584910 3.008319 -13.821196 -0.000001 0.000001 -23.887129 -0.249075 -0.839485 -60.586792 2.447206 -1.678255 -0.294025 1.679686 0.833255 -14.218195 0.093215 1.300579 -34.212002 -0.287561 0.967166 -20.033176 0.964536 1.212838 0.000000 -0.000000 0.000000 -3.440387 0.788233 0.501655 -15.928172 -3.167306 2.999703 -6.338817 -0.000000 0.000001 -18.123419 3.648181 -4.905662 -0.000004 0.000000 -0.000002 6.570162 16.624002 11.573486 64.149330 3.350301 14.915064 167.461914 72.972252 167.598160 -21.706963 1.235522 62.387112 2.243540 -5.255033 -3.180156 14.282877 -0.826594 6.952496 -0.000000 -12.690593 -0.000001 15.917623 -17.405785 2.629474 1.665665 -1.955920 -2.878297 4.727794 -4.170584 4.993919 11.020511 0.000001 -0.000000 12.109032 -3.735715 -2.866778 0.000000 -0.000000 0.000000 1.291985 -1.928548 -1.498088 14.800115 0.567467 3.865604 14.242553 -1.341738 -6.660648 19.631935 0.143921 -0.648243 49.904526 -1.350534 -6.392519 0.353029 -1.511150 -0.031940 20.222769 3.684305 2.316629 18.787249 0.000001 -0.000001 10.751608 -0.479870 1.397903 0.000000 -0.000000 0.000000 3.273804 0.305947 -0.580110 21.486790 11.830364 2.266131 8.162915 0.000000 -0.000000 18.399052 -3.798986 -4.940567 0.000003 0.000000 -0.000001 -0.036788 5.333169 -79.401588 -0.255583 -0.098734 66.547577 -3.702012 1.422984 -14.984349 1.626522 -2.067549 -1.374549 0.000000 -0.000000 0.000002 -1.776415 -14.786520 -76.095551 0.470302 0.343851 67.442528 6.582879 7.946568 -17.919653 -1.453099 1.015880 -1.471632 0.000000 -0.000000 -0.000001
0.000000 0.000000 0.000000 0.000000 -0.000000 0.000000 3.716152 -19.396478 -15.057680 0.136353 -1.848516 27.967279 0.478286 -0.123869 16.985592 0.280956 0.017136 3.663952 1.994123 -1.656978 13.256278 -2.509398 3.122336 -14.073278 -0.798093 2.173805 -3.939626 -3.557566 2.867741 -33.320545 0.000077 -0.000022 0.000006 0.046497 -0.153830 0.064196 0.664518 -3.902311 -10.486310 -0.575516 3.601298 -10.436152 -2.517977 -7.951565 9.851663 -49.122845 -12.984078 38.527866 -169.318130 -80.214897 170.920853 46.030605 -7.749032 48.533272 -5.882102 9.861279 0.702590 -10.936861 -0.360574 7.156197 0.000000 8.774815 -0.000000 -16.859020 18.435406 5.507411 -1.844031 2.498503 -2.507276 -10.163590 4.678941 4.621104 -20.975996 -0.000001 0.000001 -21.226254 2.451698 -3.593995 0.000000 -0.000006 -0.000000 -1.362681 2.240797 -0.746323 -21.334892 0.584910 3.008319 -13.821196 -0.000001 0.000001 -23.887129 -0.249075 -0.839485 -60.733768 2.412476 -1.731554 -0.294025 1.679686 0.833255 -14.218195 0.093215 1.300579 -34.212002 -0.287561 0.967166 -20.033176 0.964536 1.212838 0.000000 -0.000000 0.000000 -3.440387 0.788233 0.501655 -15.928172 -3.167306 2.999703 -6.338817 -0.000000 0.000001 -18.123419 3.648181 -4.905662 -0.000004 0.000000 -0.000002 5.990589 16.791584 11.337917 64.424019 2.023609 15.737312 169.844543 68.374550 170.477432 -22.755941 0.797864 64.818077 2.243540 -5.255033 -3.180156 14.282877 -0.826594 6.952496 -0.000000 -12.690593 -0.000001 15.824613 -17.354877 2.670861 1.665665 -1.955920 -2.878297 4.727794 -4.170584 4.993919 11.020511 0.000001 -0.000000 12.109032 -3.735715 -2.866778 0.000000 -0.000000 0.000000 1.291985 -1.928548 -1.498088 14.800115 0.567467 3.865604 14.242553 -1.341738 -6.660648 19.631935 0.143921 -0.648243 49.827477 -1.431977 -6.382622 0.353029 -1.511150 -0.031940 20.222769 3.684305 2.316629 18.787249 0.000001 -0.000001 10.751608 -0.479870 1.397903 0.000000 -0.000000 0.000000 3.273804 0.305947 -0.580110 21.486790 11.830364 2.266131 8.162915 0.000000 -0.000000 18.399052 -3.798986 -4.940567 0.000003 0.000000 -0.000001 -0.087931 5.743421 -82.373367 -0.277127 -0.097594 70.104980 -3.667897 1.236110 -15.693354 1.625307 -2.044923 -1.432247 0.000000 -0.000000 0.000002 -1.374007 -14.904650 -79.074471 0.475500 0.336009 71.025314 6.313530 8.415442 -18.649727 -1.453870 1.007411 -1.625246 0.000000 -0.000000 -0.000001
0.000000 0.000000 0.000000 0.000000 -0.000000 0.000000 3.663034 -21.189881 -15.871085 -0.034917 -1.884390 28.047941 0.429772 -0.136351 17.668856 0.231738 0.086229 4.081330 1.996080 -1.600748 13.296822 -2.207575 3.054895 -15.379177 -0.884980 2.088261 -3.936871 -3.164776 2.654315 -34.010693 0.000077 -0.000022 0.000006 0.042461 -0.161842 0.070005 0.664442 -3.912445 -10.476598 -0.583596 3.594219 -10.423151 -1.348333 -7.781337 9.466395 -48.183567 -11.546947 39.852962 -172.847305 -75.666527 174.903275 48.147644 -9.792997 53.806652 -5.882102 9.861279 0.702590 -10.936861 -0.360574 7.156197 0.000000 8.774815 -0.000000 -16.919132 18.359070 5.520352 -1.844031 2.498503 -2.507276 -10.163590 4.678941 4.621104 -20.975996 -0.000001 0.000001 -21.226254 2.451698 -3.593995 0.000000 -0.000006 -0.000000 -1.362681 2.240797 -0.746323 -21.334892 0.584910 3.008319 -13.821196 -0.000001 0.000001 -23.887129 -0.249075 -0.839485 -60.922783 2.405989 -1.786708 -0.294025 1.679686 0.833255 -14.218195 0.093215 1.300579 -34.212002 -0.287561 0.967166 -20.033176 0.964536 1.212838 0.000000 -0.000000 0.000000 -3.440387 0.788233 0.501655 -15.928172 -3.167306 2.999703 -6.338817 -0.000000 0.000001 -18.123419 3.648181 -4.905662 -0.000004 0.000000 -0.000002 5.410514 16.862709 11.048487 64.673920 0.713304 16.608845 170.992584 64.130707 172.176743 -23.881950 0.434426 66.950127 2.243540 -5.255033 -3.180156 14.282877 -0.826594 6.952496 -0.000000 -12.690593 -0.000001 15.721867 -17.289593 2.702702 1.665665 -1.955920 -2.878297 4.727794 -4.170584 4.993919 11.020511 0.000001 -0.000000 12.109032 -3.735715 -2.866778 0.000000 -0.000000 0.000000 1.291985 -1.928548 -1.498088 14.800115 0.567467 3.865604 14.242553 -1.341738 -6.660648 19.631935 0.143921 -0.648243 49.743080 -1.512576 -6.382251 0.353029 -1.511150 -0.031940 20.222769 3.684305 2.316629 18.787249 0.000001 -0.000001 10.751608 -0.479870 1.397903 0.000000 -0.000000 0.000000 3.273804 0.305947 -0.580110 21.486790 11.830364 2.266131 8.162915 0.000000 -0.000000 18.399052 -3.798986 -4.940567 0.000003 0.000000 -0.000001 -0.107331 6.104577 -85.192299 -0.301526 -0.105055 73.357292 -3.599671 1.042247 -16.191578 1.623183 -2.026575 -1.487252 0.000000 -0.000000 0.000002 -0.969576 -15.015576 -81.893280 0.472326 0.320632 74.356834 5.988084 8.759717 -19.204216 -1.455117 1.002370 -1.762354 0.000000 -0.000000 -0.000001
0.000000 0.000000 0.000000 0.000000 -0.000000 0.000000 3.586987 -22.921204 -16.711042 -0.203557 -1.874484 28.047981 0.374980 -0.155220 18.334068 0.177340 0.150982 4.481869 2.010093 -1.560854 13.360976 -1.903397 3.013126 -16.656834 -0.933939 1.988719 -3.932419 -2.768940 2.404648 -34.705074 0.000077 -0.000022 0.000006 0.036225 -0.165420 0.072520 0.660959 -3.917721 -10.476422 -0.592718 3.590867 -10.421804 -0.099687 -7.609534 9.123382 -47.321083 -10.251255 41.140808 -174.460480 -71.362152 177.001022 49.786312 -11.821655 59.301888 -5.882102 9.861279 0.702590 -10.936861 -0.360574 7.156197 0.000000 8.774815 -0.000000 -16.987648 18.308060 5.555972 -1.844031 2.498503 -2.507276 -10.163590 4.678941 4.621104 -20.975996 -0.000001 0.000001 -21.226254 2.451698 -3.593995 0.000000 -0.000006 -0.000000 -1.362681 2.240797 -0.746323 -21.334892 0.584910 3.008319 -13.821196 -0.000001 0.000001 -23.887129 -0.249075 -0.839485 -61.156422 2.415082 -1.833761 -0.294025 1.679686 0.833255 -14.218195 0.093215 1.300579 -34.212002 -0.287561 0.967166 -20.033176 0.964536 1.212838 0.000000 -0.000000 0.000000 -3.440387 0.788233 0.501655 -15.928172 -3.167306 2.999703 -6.338817 -0.000000 0.000001 -18.123419 3.648181 -4.905662 -0.000004 0.000000 -0.000002 4.902799 16.898331 10.802950 64.755692 -0.548038 17.465561 171.497192 60.249229 173.208405 -25.014103 0.176329 68.925606 2.243540 -5.255033 -3.180156 14.282877 -0.826594 6.952496 -0.000000 -12.690593 -0.000001 15.634513 -17.226473 2.731580 1.665665 -1.955920 -2.878297 4.727794 -4.170584 4.993919 11.020511 0.000001 -0.000000 12.109032 -3.735715 -2.866778 0.000000 -0.000000 0.000000 1.291985 -1.928548 -1.498088 14.800115 0.567467 3.865604 14.242553 -1.341738 -6.660648 19.631935 0.143921 -0.648243 49.690525 -1.581782 -6.375588 0.353029 -1.511150 -0.031940 20.222769 3.684305 2.316629 18.787249 0.000001 -0.000001 10.751608 -0.479870 1.397903 0.000000 -0.000000 0.000000 3.273804 0.305947 -0.580110 21.486790 11.830364 2.266131 8.162915 0.000000 -0.000000 18.399052 -3.798986 -4.940567 0.000003 0.000000 -0.000001 -0.118594 6.446809 -87.834923 -0.339018 -0.119350 76.303764 -3.494227 0.865784 -16.492826 1.621227 -2.013935 -1.546563 0.000000 -0.000000 0.000002 -0.569368 -15.116858 -84.527077 0.462085 0.294826 77.414345 5.649501 9.068141 -19.594511 -1.455556 0.999004 -1.882066 0.000000 -0.000000 -0.000001
0.000000 0.000000 0.000000 0.000000 -0.000000 0.000000 3.487528 -24.568879 -17.567983 -0.376737 -1.842741 27.952944 0.315052 -0.172753 18.968140 0.131819 0.208746 4.848956 2.037097 -1.518975 13.462671 -1.601783 2.954311 -17.788574 -0.967629 1.904866 -3.932320 -2.409127 2.193118 -35.394470 0.000077 -0.000022 0.000006 0.030976 -0.169321 0.076076 0.655564 -3.922667 -10.476288 -0.597937 3.586174 -10.421735 1.173843 -7.431888 8.818224 -46.601189 -9.128831 42.351246 -175.201691 -67.495262 178.208847 51.017693 -13.750070 64.551453 -5.882102 9.861279 0.702590 -10.936861 -0.360574 7.156197 0.000000 8.774815 -0.000000 -17.102421 18.292507 5.576986 -1.844031 2.498503 -2.507276 -10.163590 4.678941 4.621104 -20.975996 -0.000001 0.000001 -21.226254 2.451698 -3.593995 0.000000 -0.000006 -0.000000 -1.362681 2.240797 -0.746323 -21.334892 0.584910 3.008319 -13.821196 -0.000001 0.000001 -23.887129 -0.249075 -0.839485 -61.436707 2.436797 -1.902968 -0.294025 1.679686 0.833255 -14.218195 0.093215 1.300579 -34.212002 -0.287561 0.967166 -20.033176 0.964536 1.212838 0.000000 -0.000000 0.000000 -3.440387 0.788233 0.501655 -15.928172 -3.167306 2.999703 -6.338817 -0.000000 0.000001 -18.123419 3.648181 -4.905662 -0.000004 0.000000 -0.000002 4.504751 16.933058 10.635868 64.560196 -1.708790 18.401859 171.773804 56.816608 174.019852 -25.970613 -0.138231 70.636894 2.243540 -5.255033 -3.180156 14.282877 -0.826594 6.952496 -0.000000 -12.690593 -0.000001 15.590010 -17.165003 2.751262 1.665665 -1.955920 -2.878297 4.727794 -4.170584 4.993919 11.020511 0.000001 -0.000000 12.109032 -3.735715 -2.866778 0.000000 -0.000000 0.000000 1.291985 -1.928548 -1.498088 14.800115 0.567467 3.865604 14.242553 -1.341738 -6.660648 19.631935 0.143921 -0.648243 49.713806 -1.631364 -6.344200 0.353029 -1.511150 -0.031940 20.222769 3.684305 2.316629 18.787249 0.000001 -0.000001 10.751608 -0.479870 1.397903 0.000000 -0.000000 0.000000 3.273804 0.305947 -0.580110 21.486790 11.830364 2.266131 8.162915 0.000000 -0.000000 18.399052 -3.798986 -4.940567 0.000003 0.000000 -0.000001 -0.110436 6.782880 -90.263901 -0.382937 -0.132865 78.944366 -3.362251 0.746450 -16.631189 1.618213 -1.996951 -1.613953 0.000000 -0.000000 0.000002 -0.172020 -15.188334 -86.939041 0.449418 0.270388 80.177155 5.306272 9.335551 -19.840405 -1.454729 0.994702 -1.983356 0.000000 -0.000000 -0.000001
0.000000 0.000000 0.000000 0.000000 -0.000000 0.000000 3.363132 -26.135964 -18.436509 -0.560191 -1.794077 27.724718 0.261453 -0.186585 19.576361 0.089954 0.265419 5.178675 2.096933 -1.468508 13.617243 -1.313155 2.878996 -18.760386 -0.979022 1.822269 -3.929669 -2.072526 2.025937 -36.031662 0.000077 -0.000022 0.000006 0.027178 -0.171684 0.086256 0.649564 -3.927411 -10.468310 -0.599610 3.584490 -10.416549 2.395631 -7.271456 8.551218 -46.069927 -8.181685 43.358368 -175.428711 -64.140617 178.859039 51.909695 -15.488524 69.082420 -5.882102 9.861279 0.702590 -10.936861 -0.360574 7.156197 0.000000 8.774815 -0.000000 -17.233557 18.274271 5.575256 -1.844031 2.498503 -2.507276 -10.163590 4.678941 4.621104 -20.975996 -0.000001 0.000001 -21.226254 2.451698 -3.593995 0.000000 -0.000006 -0.000000 -1.362681 2.240797 -0.746323 -21.334892 0.584910 3.008319 -13.821196 -0.000001 0.000001 -23.887129 -0.249075 -0.839485 -61.725349 2.468282 -1.959129 -0.294025 1.679686 0.833255 -14.218195 0.093215 1.300579 -34.212002 -0.287561 0.967166 -20.033176 0.964536 1.212838 0.000000 -0.000000 0.000000 -3.440387 0.788233 0.501655 -15.928172 -3.167306 2.999703 -6.338817 -0.000000 0.000001 -18.123419 3.648181 -4.905662 -0.000004 0.000000 -0.000002 4.215326 16.986153 10.521470 64.050896 -2.724944 19.329617 171.904083 53.855324 174.694916 -26.723442 -0.608068 72.160637 2.243540 -5.255033 -3.180156 14.282877 -0.826594 6.952496 -0.000000 -12.690593 -0.000001 15.608726 -17.103838 2.741416 1.665665 -1.955920 -2.878297 4.727794 -4.170584 4.993919 11.020511 0.000001 -0.000000 12.109032 -3.735715 -2.866778 0.000000 -0.000000 0.000000 1.291985 -1.928548 -1.498088 14.800115 0.567467 3.865604 14.242553 -1.341738 -6.660648 19.631935 0.143921 -0.648243 49.769852 -1.659796 -6.310946 0.353029 -1.511150 -0.031940 20.222769 3.684305 2.316629 18.787249 0.000001 -0.000001 10.751608 -0.479870 1.397903 0.000000 -0.000000 0.000000 3.273804 0.305947 -0.580110 21.486790 11.830364 2.266131 8.162915 0.000000 -0.000000 18.399052 -3.798986 -4.940567 0.000003 0.000000 -0.000001 -0.072527 7.124263 -92.449463 -0.424584 -0.142478 81.320457 -3.206395 0.635934 -16.615782 1.614236 -1.976360 -1.677890 0.000000 -0.000000 0.000002 0.218388 -15.222011 -89.092583 0.426270 0.253775 82.675209 4.977410 9.594720 -19.982361 -1.453568 0.986007 -2.074534 0.000000 -0.000000 -0.000001
0.000000 0.000000 0.000000 0.000000 -0.000000 0.000000 3.230612 -27.616227 -19.335961 -0.767318 -1.740522 27.336647 0.222687 -0.197139 20.146296 0.042619 0.318233 5.482181 2.187443 -1.404843 13.824481 -1.035205 2.807529 -19.586599 -0.961092 1.763195 -3.918105 -1.776685 1.893631 -36.605255 0.000077 -0.000022 0.000006 0.023942 -0.171868 0.102559 0.643070 -3.931365 -10.455707 -0.599669 3.586829 -10.408851 3.541547 -7.133694 8.354918 -45.798367 -7.411370 44.208481 -175.524261 -61.301537 179.310120 52.558342 -17.115986 73.060196 -5.882102 9.861279 0.702590 -10.936861 -0.360574 7.156197 0.000000 8.774815 -0.000000 -17.387516 18.234472 5.554632 -1.844031 2.498503 -2.507276 -10.163590 4.678941 4.621104 -20.975996 -0.000001 0.000001 -21.226254 2.451698 -3.593995 0.000000 -0.000006 -0.000000 -1.362681 2.240797 -0.746323 -21.334892 0.584910 3.008319 -13.821196 -0.000001 0.000001 -23.887129 -0.249075 -0.839485 -61.985332 2.496406 -1.968357 -0.294025 1.679686 0.833255 -14.218195 0.093215 1.300579 -34.212002 -0.287561 0.967166 -20.033176 0.964536 1.212838 0.000000 -0.000000 0.000000 -3.440387 0.788233 0.501655 -15.928172 -3.167306 2.999703 -6.338817 -0.000000 0.000001 -18.123419 3.648181 -4.905662 -0.000004 0.000000 -0.000002 4.040674 17.083796 10.457239 63.296997 -3.592833 20.134005 171.952271 51.312645 175.252457 -27.270430 -1.186584 73.661217 2.243540 -5.255033 -3.180156 14.282877 -0.826594 6.952496 -0.000000 -12.690593 -0.000001 15.654083 -17.022604 2.718706 1.665665 -1.955920 -2.878297 4.727794 -4.170584 4.993919 11.020511 0.000001 -0.000000 12.109032 -3.735715 -2.866778 0.000000 -0.000000 0.000000 1.291985 -1.928548 -1.498088 14.800115 0.567467 3.865604 14.242553 -1.341738 -6.660648 19.631935 0.143921 -0.648243 49.823296 -1.672355 -6.263231 0.353029 -1.511150 -0.031940 20.222769 3.684305 2.316629 18.787249 0.000001 -0.000001 10.751608 -0.479870 1.397903 0.000000 -0.000000 0.000000 3.273804 0.305947 -0.580110 21.486790 11.830364 2.266131 8.162915 0.000000 -0.000000 18.399052 -3.798986 -4.940567 0.000003 0.000000 -0.000001 0.011960 7.467583 -94.371193 -0.463749 -0.148011 83.437881 -3.075002 0.519041 -16.346636 1.611287 -1.965649 -1.723654 0.000000 -0.000000 0.000002 0.586977 -15.206981 -90.957359 0.392341 0.238153 84.893547 4.668485 9.871046 -20.019838 -1.452443 0.973496 -2.143301 0.000000 -0.000000 -0.000001
0.000000 0.000000 0.000000 0.000000 -0.000000 0.000000 3.091437 -29.004266 -20.287532 -0.974083 -1.697367 26.755548 0.180879 -0.201113 20.682251 -0.003786 0.371751 5.768678 2.274309 -1.345877 14.082222 -0.766468 2.734233 -20.295910 -0.920700 1.737566 -3.897886 -1.487645 1.772890 -37.081413 0.000077 -0.000022 0.000006 0.021837 -0.180875 0.117411 0.637013 -3.943632 -10.444711 -0.597959 3.580310 -10.402768 4.592506 -7.008071 8.231112 -45.782578 -6.763066 44.903133 -175.484451 -58.884693 179.603821 53.092842 -18.711275 76.585106 -5.882102 9.861279 0.702590 -10.936861 -0.360574 7.156197 0.000000 8.774815 -0.000000 -17.556831 18.186543 5.512760 -1.844031 2.498503 -2.507276 -10.163590 4.678941 4.621104 -20.975996 -0.000001 0.000001 -21.226254 2.451698 -3.593995 0.000000 -0.000006 -0.000000 -1.362681 2.240797 -0.746323 -21.334892 0.584910 3.008319 -13.821196 -0.000001 0.000001 -23.887129 -0.249075 -0.839485 -62.186878 2.514957 -1.945997 -0.294025 1.679686 0.833255 -14.218195 0.093215 1.300579 -34.212002 -0.287561 0.967166 -20.033176 0.964536 1.212838 0.000000 -0.000000 0.000000 -3.440387 0.788233 0.501655 -15.928172 -3.167306 2.999703 -6.338817 -0.000000 0.000001 -18.123419 3.648181 -4.905662 -0.000004 0.000000 -0.000002 3.966707 17.228594 10.418942 62.444172 -4.360816 20.670338 171.910889 49.084591 175.672897 -27.647699 -1.713610 75.101830 2.243540 -5.255033 -3.180156 14.282877 -0.826594 6.952496 -0.000000 -12.690593 -0.000001 15.670597 -16.942213 2.705607 1.665665 -1.955920 -2.878297 4.727794 -4.170584 4.993919 11.020511 0.000001 -0.000000 12.109032 -3.735715 -2.866778 0.000000 -0.000000 0.000000 1.291985 -1.928548 -1.498088 14.800115 0.567467 3.865604 14.242553 -1.341738 -6.660648 19.631935 0.143921 -0.648243 49.861755 -1.673661 -6.206882 0.353029 -1.511150 -0.031940 20.222769 3.684305 2.316629 18.787249 0.000001 -0.000001 10.751608 -0.479870 1.397903 0.000000 -0.000000 0.000000 3.273804 0.305947 -0.580110 21.486790 11.830364 2.266131 8.162915 0.000000 -0.000000 18.399052 -3.798986 -4.940567 0.000003 0.000000 -0.000001 0.107610 7.815871 -95.996277 -0.508498 -0.153326 85.286079 -2.967532 0.371984 -15.987437 1.609561 -1.964990 -1.716468 0.000000 -0.000000 0.000002 0.903951 -15.150613 -92.519753 0.358964 0.224184 86.841957 4.417274 10.142540 -19.920204 -1.451289 0.969745 -2.161697 0.000000 -0.000000 -0.000001
0.000000 0.000000 0.000000 0.000000 -0.000000 0.000000 2.961539 -30.325936 -21.294049 -1.143207 -1.648606 25.961382 0.125866 -0.207922 21.179522 -0.035933 0.418373 6.044438 2.327168 -1.311653 14.403366 -0.510178 2.655361 -20.916149 -0.880062 1.747832 -3.878231 -1.201491 1.640443 -37.420452 0.000077 -0.000022 0.000006 0.019367 -0.195527 0.129093 0.631508 -3.960608 -10.444085 -0.597705 3.567254 -10.405797 5.466399 -6.907441 8.179544 -45.927235 -6.204226 45.450909 -175.391495 -56.859451 179.815918 53.468739 -20.257010 79.516991 -5.882102 9.861279 0.702590 -10.936861 -0.360574 7.156197 0.000000 8.774815 -0.000000 -17.697596 18.131479 5.451202 -1.844031 2.498503 -2.507276 -10.163590 4.678941 4.621104 -20.975996 -0.000001 0.000001 -21.226254 2.451698 -3.593995 0.000000 -0.000006 -0.000000 -1.362681 2.240797 -0.746323 -21.334892 0.584910 3.008319 -13.821196 -0.000001 0.000001 -23.887129 -0.249075 -0.839485 -62.225716 2.498765 -1.918805 -0.294025 1.679686 0.833255 -14.218195 0.093215 1.300579 -34.212002 -0.287561 0.967166 -20.033176 0.964536 1.212838 0.000000 -0.000000 0.000000 -3.440387 0.788233 0.501655 -15.928172 -3.167306 2.999703 -6.338817 -0.000000 0.000001 -18.123419 3.648181 -4.905662 -0.000004 0.000000 -0.000002 3.992406 17.390373 10.436761 61.603027 -5.035473 20.918428 171.828598 47.038319 175.955780 -27.889664 -2.087864 76.623909 2.243540 -5.255033 -3.180156 14.282877 -0.826594 6.952496 -0.000000 -12.690593 -0.000001 15.667184 -16.881083 2.700896 1.665665 -1.955920 -2.878297 4.727794 -4.170584 4.993919 11.020511 0.000001 -0.000000 12.109032 -3.735715 -2.866778 0.000000 -0.000000 0.000000 1.291985 -1.928548 -1.498088 14.800115 0.567467 3.865604 14.242553 -1.341738 -6.660648 19.631935 0.143921 -0.648243 49.906075 -1.672767 -6.160427 0.353029 -1.511150 -0.031940 20.222769 3.684305 2.316629 18.787249 0.000001 -0.000001 10.751608 -0.479870 1.397903 0.000000 -0.000000 0.000000 3.273804 0.305947 -0.580110 21.486790 11.830364 2.266131 8.162915 0.000000 -0.000000 18.399052 -3.798986 -4.940567 0.000003 0.000000 -0.000001 0.171420 8.132031 -97.334297 -0.549893 -0.156249 86.911644 -2.851164 0.240708 -15.484439 1.609800 -1.970387 -1.661344 0.000000 -0.000000 0.000002 1.124229 -15.102332 -93.800507 0.326703 0.214732 88.590271 4.219761 10.400719 -19.691124 -1.450030 0.975735 -2.117125 0.000000 -0.000000 -0.000001
0.000000 0.000000 0.000000 0.000000 -0.000000 0.000000 2.834079 -31.588059 -22.340688 -1.245036 -1.592498 24.967463 0.057533 -0.219661 21.626968 -0.051089 0.458504 6.285871 2.317771 -1.314785 14.789696 -0.269954 2.560139 -21.421692 -0.822676 1.758408 -3.865562 -0.949129 1.532132 -37.591278 0.000077 -0.000022 0.000006 0.016290 -0.206337 0.135140 0.626815 -3.972580 -10.453299 -0.599688 3.557102 -10.418142 6.087026 -6.827816 8.186729 -46.138813 -5.793059 45.829315 -175.243851 -55.272774 179.935913 53.650093 -21.654018 81.744980 -5.882102 9.861279 0.702590 -10.936861 -0.360574 7.156197 0.000000 8.774815 -0.000000 -17.819572 18.069798 5.377007 -1.844031 2.498503 -2.507276 -10.163590 4.678941 4.621104 -20.975996 -0.000001 0.000001 -21.226254 2.451698 -3.593995 0.000000 -0.000006 -0.000000 -1.362681 2.240797 -0.746323 -21.334892 0.584910 3.008319 -13.821196 -0.000001 0.000001 -23.887129 -0.249075 -0.839485 -62.185303 2.441247 -1.898963 -0.294025 1.679686 0.833255 -14.218195 0.093215 1.300579 -34.212002 -0.287561 0.967166 -20.033176 0.964536 1.212838 0.000000 -0.000000 0.000000 -3.440387 0.788233 0.501655 -15.928172 -3.167306 2.999703 -6.338817 -0.000000 0.000001 -18.123419 3.648181 -4.905662 -0.000004 0.000000 -0.000002 4.102131 17.527800 10.476446 60.874649 -5.633811 21.007504 171.815872 45.260681 176.177567 -28.013138 -2.272847 78.230125 2.243540 -5.255033 -3.180156 14.282877 -0.826594 6.952496 -0.000000 -12.690593 -0.000001 15.668118 -16.852421 2.698698 1.665665 -1.955920 -2.878297 4.727794 -4.170584 4.993919 11.020511 0.000001 -0.000000 12.109032 -3.735715 -2.866778 0.000000 -0.000000 0.000000 1.291985 -1.928548 -1.498088 14.800115 0.567467 3.865604 14.242553 -1.341738 -6.660648 19.631935 0.143921 -0.648243 49.936386 -1.682786 -6.128060 0.353029 -1.511150 -0.031940 20.222769 3.684305 2.316629 18.787249 0.000001 -0.000001 10.751608 -0.479870 1.397903 0.000000 -0.000000 0.000000 3.273804 0.305947 -0.580110 21.486790 11.830364 2.266131 8.162915 0.000000 -0.000000 18.399052 -3.798986 -4.940567 0.000003 0.000000 -0.000001 0.190959 8.393177 -98.391792 -0.583545 -0.160102 88.332474 -2.714359 0.136060 -14.861655 1.611185 -1.978390 -1.602846 0.000000 -0.000000 0.000002 1.211117 -15.069721 -94.818817 0.288066 0.206483 90.174393 4.052506 10.619051 -19.361532 -1.448758 0.983050 -2.081344 0.000000 -0.000000 -0.000001
0.000000 0.000000 0.000000 0.000000 -0.000000 0.000000 2.707811 -32.775491 -23.409338 -1.296070 -1.509552 23.760456 -0.003403 -0.230106 22.011360 -0.064955 0.491208 6.486851 2.272944 -1.357662 15.248896 -0.089277 2.467435 -21.806744 -0.739640 1.735688 -3.859046 -0.732387 1.435375 -37.576363 0.000077 -0.000022 0.000006 0.013150 -0.210070 0.137001 0.622728 -3.977553 -10.467606 -0.602570 3.554360 -10.437302 6.444656 -6.793433 8.283394 -46.401642 -5.531518 46.068890 -175.112808 -54.099670 -179.976578 53.686420 -22.827040 83.440826 -5.882102 9.861279 0.702590 -10.936861 -0.360574 7.156197 0.000000 8.774815 -0.000000 -17.951450 18.012959 5.313559 -1.844031 2.498503 -2.507276 -10.163590 4.678941 4.621104 -20.975996 -0.000001 0.000001 -21.226254 2.451698 -3.593995 0.000000 -0.000006 -0.000000 -1.362681 2.240797 -0.746323 -21.334892 0.584910 3.008319 -13.821196 -0.000001 0.000001 -23.887129 -0.249075 -0.839485 -62.198799 2.350543 -1.869138 -0.294025 1.679686 0.833255 -14.218195 0.093215 1.300579 -34.212002 -0.287561 0.967166 -20.033176 0.964536 1.212838 0.000000 -0.000000 0.000000 -3.440387 0.788233 0.501655 -15.928172 -3.167306 2.999703 -6.338817 -0.000000 0.000001 -18.123419 3.648181 -4.905662 -0.000004 0.000000 -0.000002 4.292585 17.628742 10.574204 60.254810 -6.128610 20.938759 171.867371 43.805782 176.359940 -28.020247 -2.179043 79.852493 2.243540 -5.255033 -3.180156 14.282877 -0.826594 6.952496 -0.000000 -12.690593 -0.000001 15.663630 -16.854862 2.700132 1.665665 -1.955920 -2.878297 4.727794 -4.170584 4.993919 11.020511 0.000001 -0.000000 12.109032 -3.735715 -2.866778 0.000000 -0.000000 0.000000 1.291985 -1.928548 -1.498088 14.800115 0.567467 3.865604 14.242553 -1.341738 -6.660648 19.631935 0.143921 -0.648243 49.959576 -1.698759 -6.114309 0.353029 -1.511150 -0.031940 20.222769 3.684305 2.316629 18.787249 0.000001 -0.000001 10.751608 -0.479870 1.397903 0.000000 -0.000000 0.000000 3.273804 0.305947 -0.580110 21.486790 11.830364 2.266131 8.162915 0.000000 -0.000000 18.399052 -3.798986 -4.940567 0.000003 0.000000 -0.000001 0.179428 8.614803 -99.130196 -0.604448 -0.163522 89.548584 -2.562139 -0.015406 -14.143664 1.611418 -1.983073 -1.539090 0.000000 -0.000000 0.000002 1.159325 -15.040603 -95.522087 0.253728 0.195243 91.594826 3.936971 10.742323 -18.948946 -1.447218 0.996215 -2.066196 0.000000 -0.000000 -0.000001
0.000000 0.000000 0.000000 0.000000 -0.000000 0.000000 2.575342 -33.900285 -24.519393 -1.302114 -1.408967 22.312365 -0.055875 -0.245167 22.319799 -0.074719 0.522350 6.635370 2.188606 -1.418253 15.761068 0.024073 2.342492 -22.018167 -0.660864 1.705221 -3.856978 -0.502136 1.327080 -37.346420 0.000077 -0.000022 0.000006 0.009570 -0.207161 0.137326 0.619381 -3.976312 -10.482676 -0.607132 3.559124 -10.457092 6.572783 -6.813316 8.442122 -46.716393 -5.413222 46.203751 -175.069000 -53.345543 -179.910553 53.610744 -23.729534 84.584473 -5.882102 9.861279 0.702590 -10.936861 -0.360574 7.156197 0.000000 8.774815 -0.000000 -18.062899 17.945473 5.263380 -1.844031 2.498503 -2.507276 -10.163590 4.678941 4.621104 -20.975996 -0.000001 0.000001 -21.226254 2.451698 -3.593995 0.000000 -0.000006 -0.000000 -1.362681 2.240797 -0.746323 -21.334892 0.584910 3.008319 -13.821196 -0.000001 0.000001 -23.887129 -0.249075 -0.839485 -62.225067 2.244140 -1.821193 -0.294025 1.679686 0.833255 -14.218195 0.093215 1.300579 -34.212002 -0.287561 0.967166 -20.033176 0.964536 1.212838 0.000000 -0.000000 0.000000 -3.440387 0.788233 0.501655 -15.928172 -3.167306 2.999703 -6.338817 -0.000000 0.000001 -18.123419 3.648181 -4.905662 -0.000004 0.000000 -0.000002 4.571708 17.691854 10.730574 59.757019 -6.512283 20.780827 171.994965 42.714890 176.490219 -27.979532 -1.814204 81.418961 2.243540 -5.255033 -3.180156 14.282877 -0.826594 6.952496 -0.000000 -12.690593 -0.000001 15.635449 -16.898239 2.718733 1.665665 -1.955920 -2.878297 4.727794 -4.170584 4.993919 11.020511 0.000001 -0.000000 12.109032 -3.735715 -2.866778 0.000000 -0.000000 0.000000 1.291985 -1.928548 -1.498088 14.800115 0.567467 3.865604 14.242553 -1.341738 -6.660648 19.631935 0.143921 -0.648243 50.011444 -1.730524 -6.119965 0.353029 -1.511150 -0.031940 20.222769 3.684305 2.316629 18.787249 0.000001 -0.000001 10.751608 -0.479870 1.397903 0.000000 -0.000000 0.000000 3.273804 0.305947 -0.580110 21.486790 11.830364 2.266131 8.162915 0.000000 -0.000000 18.399052 -3.798986 -4.940567 0.000003 0.000000 -0.000001 0.146125 8.824997 -99.539467 -0.619516 -0.162590 90.571739 -2.391462 -0.247192 -13.322899 1.608503 -1.992158 -1.449542 0.000000 -0.000000 0.000002 0.989812 -14.994081 -95.888893 0.241837 0.187873 92.839485 3.823528 10.684237 -18.570978 -1.445140 1.015081 -2.049645 0.000000 -0.000000 -0.000001
0.000000 0.000000 0.000000 0.000000 -0.000000 0.000000 2.442297 -34.976838 -25.683835 -1.260022 -1.305617 20.600351 -0.091303 -0.252705 22.552858 -0.083780 0.551498 6.716780 2.058111 -1.495998 16.293663 0.083021 2.201157 -22.008318 -0.610715 1.655725 -3.848896 -0.264941 1.195086 -36.957401 0.000077 -0.000022 0.000006 0.005473 -0.201878 0.135387 0.615519 -3.971571 -10.486821 -0.612155 3.565463 -10.467117 6.531285 -6.914841 8.607989 -47.085964 -5.378031 46.287872 -175.224838 -53.039562 -179.862503 53.456718 -24.430141 85.207253 -5.882102 9.861279 0.702590 -10.936861 -0.360574 7.156197 0.000000 8.774815 -0.000000 -18.155279 17.869818 5.224335 -1.844031 2.498503 -2.507276 -10.163590 4.678941 4.621104 -20.975996 -0.000001 0.000001 -21.226254 2.451698 -3.593995 0.000000 -0.000006 -0.000000 -1.362681 2.240797 -0.746323 -21.334892 0.584910 3.008319 -13.821196 -0.000001 0.000001 -23.887129 -0.249075 -0.839485 -62.244396 2.165332 -1.781058 -0.294025 1.679686 0.833255 -14.218195 0.093215 1.300579 -34.212002 -0.287561 0.967166 -20.033176 0.964536 1.212838 0.000000 -0.000000 0.000000 -3.440387 0.788233 0.501655 -15.928172 -3.167306 2.999703 -6.338817 -0.000000 0.000001 -18.123419 3.648181 -4.905662 -0.000004 0.000000 -0.000002 4.926764 17.690464 10.928832 59.354897 -6.767308 20.587519 172.208130 42.106709 176.588455 -27.765009 -1.322407 82.410126 2.243540 -5.255033 -3.180156 14.282877 -0.826594 6.952496 -0.000000 -12.690593 -0.000001 15.601617 -16.953493 2.710074 1.665665 -1.955920 -2.878297 4.727794 -4.170584 4.993919 11.020511 0.000001 -0.000000 12.109032 -3.735715 -2.866778 0.000000 -0.000000 0.000000 1.291985 -1.928548 -1.498088 14.800115 0.567467 3.865604 14.242553 -1.341738 -6.660648 19.631935 0.143921 -0.648243 50.026302 -1.764287 -6.160433 0.353029 -1.511150 -0.031940 20.222769 3.684305 2.316629 18.787249 0.000001 -0.000001 10.751608 -0.479870 1.397903 0.000000 -0.000000 0.000000 3.273804 0.305947 -0.580110 21.486790 11.830364 2.266131 8.162915 0.000000 -0.000000 18.399052 -3.798986 -4.940567 0.000003 0.000000 -0.000001 0.106359 9.016359 -99.607048 -0.620194 -0.161097 91.420959 -2.246917 -0.563507 -12.404607 1.602793 -2.007444 -1.338509 0.000000 -0.000000 0.000002 0.694132 -14.930997 -95.975586 0.246041 0.181206 93.999779 3.746110 10.469901 -17.875282 -1.442256 1.036767 -1.998601 0.000000 -0.000000 -0.000001
0.000000 0.000000 0.000000 0.000000 -0.000000 0.000000 2.317893 -35.976662 -26.879151 -1.163746 -1.211503 18.587523 -0.115172 -0.250195 22.696285 -0.101116 0.579428 6.735804 1.914241 -1.593382 16.859751 0.032505 2.089650 -21.805754 -0.578085 1.553849 -3.828349 -0.011267 1.022361 -36.452438 0.000077 -0.000022 0.000006 0.001940 -0.196500 0.128355 0.615329 -3.964730 -10.483944 -0.619660 3.569973 -10.474246 6.328053 -7.124744 8.745109 -47.482353 -5.359474 46.263592 -175.668686 -53.151199 -179.830276 53.190029 -24.827631 85.303436 -5.882102 9.861279 0.702590 -10.936861 -0.360574 7.156197 0.000000 8.774815 -0.000000 -18.248482 17.811357 5.208158 -1.844031 2.498503 -2.507276 -10.163590 4.678941 4.621104 -20.975996 -0.000001 0.000001 -21.226254 2.451698 -3.593995 0.000000 -0.000006 -0.000000 -1.362681 2.240797 -0.746323 -21.334892 0.584910 3.008319 -13.821196 -0.000001 0.000001 -23.887129 -0.249075 -0.839485 -62.260426 2.154199 -1.742985 -0.294025 1.679686 0.833255 -14.218195 0.093215 1.300579 -34.212002 -0.287561 0.967166 -20.033176 0.964536 1.212838 0.000000 -0.000000 0.000000 -3.440387 0.788233 0.501655 -15.928172 -3.167306 2.999703 -6.338817 -0.000000 0.000001 -18.123419 3.648181 -4.905662 -0.000004 0.000000 -0.000002 5.316031 17.637457 11.142985 59.008049 -6.878268 20.262743 172.434677 42.003128 176.613602 -27.383619 -0.831773 82.588028 2.243540 -5.255033 -3.180156 14.282877 -0.826594 6.952496 -0.000000 -12.690593 -0.000001 15.537417 -16.988173 2.664441 1.665665 -1.955920 -2.878297 4.727794 -4.170584 4.993919 11.020511 0.000001 -0.000000 12.109032 -3.735715 -2.866778 0.000000 -0.000000 0.000000 1.291985 -1.928548 -1.498088 14.800115 0.567467 3.865604 14.242553 -1.341738 -6.660648 19.631935 0.143921 -0.648243 49.931534 -1.776682 -6.234288 0.353029 -1.511150 -0.031940 20.222769 3.684305 2.316629 18.787249 0.000001 -0.000001 10.751608 -0.479870 1.397903 0.000000 -0.000000 0.000000 3.273804 0.305947 -0.580110 21.486790 11.830364 2.266131 8.162915 0.000000 -0.000000 18.399052 -3.798986 -4.940567 0.000003 0.000000 -0.000001 0.071975 9.173144 -99.235657 -0.608629 -0.162386 92.082108 -2.108697 -0.908633 -11.432830 1.596828 -2.034811 -1.232002 0.000000 -0.000000 0.000002 0.259373 -14.854820 -95.652695 0.266138 0.180437 94.991402 3.709755 10.136068 -17.157816 -1.439027 1.060724 -1.919660 0.000000 -0.000000 -0.000001
0.000000 0.000000 0.000000 0.000000 -0.000000 0.000000 2.204315 -36.899056 -28.095625 -0.997403 -1.129243 16.174164 -0.125488 -0.243452 22.792942 -0.127094 0.589149 6.695373 1.759454 -1.696047 17.456629 -0.143638 2.026418 -21.353165 -0.531755 1.409534 -3.799397 0.236288 0.826953 -35.851833 0.000077 -0.000022 0.000006 -0.000231 -0.190258 0.118688 0.619018 -3.956687 -10.485601 -0.628111 3.574968 -10.490158 5.978362 -7.483637 8.850196 -47.881981 -5.367187 46.030895 -176.425156 -53.692638 -179.752167 52.799141 -24.685713 84.693497 -5.882102 9.861279 0.702590 -10.936861 -0.360574 7.156197 0.000000 8.774815 -0.000000 -18.323248 17.756649 5.197670 -1.844031 2.498503 -2.507276 -10.163590 4.678941 4.621104 -20.975996 -0.000001 0.000001 -21.226254 2.451698 -3.593995 0.000000 -0.000006 -0.000000 -1.362681 2.240797 -0.746323 -21.334892 0.584910 3.008319 -13.821196 -0.000001 0.000001 -23.887129 -0.249075 -0.839485 -62.238468 2.179550 -1.689155 -0.294025 1.679686 0.833255 -14.218195 0.093215 1.300579 -34.212002 -0.287561 0.967166 -20.033176 0.964536 1.212838 0.000000 -0.000000 0.000000 -3.440387 0.788233 0.501655 -15.928172 -3.167306 2.999703 -6.338817 -0.000000 0.000001 -18.123419 3.648181 -4.905662 -0.000004 0.000000 -0.000002 5.740592 17.533247 11.386257 58.634949 -6.834427 19.737799 172.707382 42.403603 176.584274 -26.762926 -0.507836 82.009712 2.243540 -5.255033 -3.180156 14.282877 -0.826594 6.952496 -0.000000 -12.690593 -0.000001 15.473104 -17.017405 2.614877 1.665665 -1.955920 -2.878297 4.727794 -4.170584 4.993919 11.020511 0.000001 -0.000000 12.109032 -3.735715 -2.866778 0.000000 -0.000000 0.000000 1.291985 -1.928548 -1.498088 14.800115 0.567467 3.865604 14.242553 -1.341738 -6.660648 19.631935 0.143921 -0.648243 49.787853 -1.760644 -6.300117 0.353029 -1.511150 -0.031940 20.222769 3.684305 2.316629 18.787249 0.000001 -0.000001 10.751608 -0.479870 1.397903 0.000000 -0.000000 0.000000 3.273804 0.305947 -0.580110 21.486790 11.830364 2.266131 8.162915 0.000000 -0.000000 18.399052 -3.798986 -4.940567 0.000003 0.000000 -0.000001 0.040994 9.302264 -98.301239 -0.595544 -0.158837 92.580734 -1.961894 -1.217231 -10.456919 1.593785 -2.068837 -1.168835 0.000000 -0.000000 0.000002 -0.324292 -14.807418 -94.806534 0.297182 0.185435 95.834969 3.676208 9.818601 -16.404854 -1.436713 1.077690 -1.843218 0.000000 -0.000000 -0.000001
0.000000 0.000000 0.000000 0.000000 -0.000000 0.000000 2.112957 -37.732377 -29.342366 -0.778035 -1.062258 13.362220 -0.114788 -0.239133 22.858858 -0.142497 0.556776 6.610003 1.580623 -1.768524 18.036312 -0.433782 1.997401 -20.598787 -0.440696 1.245436 -3.757865 0.448601 0.655137 -35.116505 0.000077 -0.000022 0.000006 -0.001474 -0.172797 0.109605 0.623533 -3.940296 -10.499938 -0.635442 3.594186 -10.520831 5.500558 -7.988694 8.947765 -48.266979 -5.444402 45.500504 -177.475601 -54.690666 -179.525864 52.268532 -23.946709 83.244774 -5.882102 9.861279 0.702590 -10.936861 -0.360574 7.156197 0.000000 8.774815 -0.000000 -18.346336 17.717609 5.205777 -1.844031 2.498503 -2.507276 -10.163590 4.678941 4.621104 -20.975996 -0.000001 0.000001 -21.226254 2.451698 -3.593995 0.000000 -0.000006 -0.000000 -1.362681 2.240797 -0.746323 -21.334892 0.584910 3.008319 -13.821196 -0.000001 0.000001 -23.887129 -0.249075 -0.839485 -62.154202 2.221521 -1.608104 -0.294025 1.679686 0.833255 -14.218195 0.093215 1.300579 -34.212002 -0.287561 0.967166 -20.033176 0.964536 1.212838 0.000000 -0.000000 0.000000 -3.440387 0.788233 0.501655 -15.928172 -3.167306 2.999703 -6.338817 -0.000000 0.000001 -18.123419 3.648181 -4.905662 -0.000004 0.000000 -0.000002 6.144035 17.350321 11.641818 58.250462 -6.559679 19.079926 173.056381 43.322433 176.494339 -26.018936 -0.443211 81.076180 2.243540 -5.255033 -3.180156 14.282877 -0.826594 6.952496 -0.000000 -12.690593 -0.000001 15.465782 -17.071302 2.592469 1.665665 -1.955920 -2.878297 4.727794 -4.170584 4.993919 11.020511 0.000001 -0.000000 12.109032 -3.735715 -2.866778 0.000000 -0.000000 0.000000 1.291985 -1.928548 -1.498088 14.800115 0.567467 3.865604 14.242553 -1.341738 -6.660648 19.631935 0.143921 -0.648243 49.695614 -1.754455 -6.352604 0.353029 -1.511150 -0.031940 20.222769 3.684305 2.316629 18.787249 0.000001 -0.000001 10.751608 -0.479870 1.397903 0.000000 -0.000000 0.000000 3.273804 0.305947 -0.580110 21.486790 11.830364 2.266131 8.162915 0.000000 -0.000000 18.399052 -3.798986 -4.940567 0.000003 0.000000 -0.000001 0.023460 9.412359 -96.786934 -0.581647 -0.146621 92.896744 -1.811365 -1.476402 -9.475273 1.593441 -2.104256 -1.165094 0.000000 -0.000000 0.000002 -1.018757 -14.800472 -93.420891 0.322046 0.198199 96.492340 3.581574 9.546092 -15.605859 -1.436149 1.073216 -1.784893 0.000000 -0.000000 -0.000001
0.000000 0.000000 0.000000 0.000000 -0.000000 0.000000 2.048566 -38.490632 -30.588291 -0.550959 -1.015096 10.194208 -0.084944 -0.239927 22.907797 -0.140903 0.476043 6.486752 1.379297 -1.810672 18.576225 -0.760795 2.010268 -19.513430 -0.329618 1.088468 -3.712460 0.637887 0.518057 -34.230350 0.000077 -0.000022 0.000006 -0.002679 -0.148652 0.099622 0.623910 -3.920154 -10.527463 -0.638525 3.623097 -10.563789 4.874312 -8.554304 9.077940 -48.596317 -5.623803 44.646923 -178.787750 -56.120480 -179.092361 51.584705 -22.767727 81.039757 -5.882102 9.861279 0.702590 -10.936861 -0.360574 7.156197 0.000000 8.774815 -0.000000 -18.337027 17.710283 5.246194 -1.844031 2.498503 -2.507276 -10.163590 4.678941 4.621104 -20.975996 -0.000001 0.000001 -21.226254 2.451698 -3.593995 0.000000 -0.000006 -0.000000 -1.362681 2.240797 -0.746323 -21.334892 0.584910 3.008319 -13.821196 -0.000001 0.000001 -23.887129 -0.249075 -0.839485 -62.051407 2.266490 -1.526134 -0.294025 1.679686 0.833255 -14.218195 0.093215 1.300579 -34.212002 -0.287561 0.967166 -20.033176 0.964536 1.212838 0.000000 -0.000000 0.000000 -3.440387 0.788233 0.501655 -15.928172 -3.167306 2.999703 -6.338817 -0.000000 0.000001 -18.123419 3.648181 -4.905662 -0.000004 0.000000 -0.000002 6.462819 17.055767 11.854484 57.861504 -5.973451 18.418146 173.492462 44.709637 176.395020 -25.192999 -0.707644 79.907181 2.243540 -5.255033 -3.180156 14.282877 -0.826594 6.952496 -0.000000 -12.690593 -0.000001 15.520746 -17.156746 2.583331 1.665665 -1.955920 -2.878297 4.727794 -4.170584 4.993919 11.020511 0.000001 -0.000000 12.109032 -3.735715 -2.866778 0.000000 -0.000000 0.000000 1.291985 -1.928548 -1.498088 14.800115 0.567467 3.865604 14.242553 -1.341738 -6.660648 19.631935 0.143921 -0.648243 49.688301 -1.759942 -6.400087 0.353029 -1.511150 -0.031940 20.222769 3.684305 2.316629 18.787249 0.000001 -0.000001 10.751608 -0.479870 1.397903 0.000000 -0.000000 0.000000 3.273804 0.305947 -0.580110 21.486790 11.830364 2.266131 8.162915 0.000000 -0.000000 18.399052 -3.798986 -4.940567 0.000003 0.000000 -0.000001 0.049493 9.546258 -94.745270 -0.561924 -0.124427 93.085121 -1.579771 -1.689139 -8.535088 1.593342 -2.126312 -1.225227 0.000000 -0.000000 0.000002 -1.765570 -14.819799 -91.525650 0.344124 0.217933 96.990211 3.367216 9.310077 -14.809130 -1.436284 1.055436 -1.784331 0.000000 -0.000000 -0.000001
0.000000 0.000000 0.000000 0.000000 -0.000000 0.000000 2.016489 -39.174096 -31.787781 -0.336127 -0.979417 6.748556 -0.042666 -0.255553 22.896450 -0.137526 0.364678 6.327096 1.166451 -1.826654 19.092402 -1.038778 2.057035 -18.140818 -0.222533 0.956928 -3.658293 0.797073 0.418967 -33.191055 0.000077 -0.000022 0.000006 -0.003095 -0.123535 0.092244 0.619388 -3.901360 -10.557288 -0.635172 3.655547 -10.606076 4.089018 -9.094193 9.273148 -48.905807 -6.000160 43.453030 179.770203 -58.003792 -178.552338 50.746010 -21.266466 78.212189 -5.882102 9.861279 0.702590 -10.936861 -0.360574 7.156197 0.000000 8.774815 -0.000000 -18.307404 17.730974 5.316175 -1.844031 2.498503 -2.507276 -10.163590 4.678941 4.621104 -20.975996 -0.000001 0.000001 -21.226254 2.451698 -3.593995 0.000000 -0.000006 -0.000000 -1.362681 2.240797 -0.746323 -21.334892 0.584910 3.008319 -13.821196 -0.000001 0.000001 -23.887129 -0.249075 -0.839485 -61.935467 2.334642 -1.466871 -0.294025 1.679686 0.833255 -14.218195 0.093215 1.300579 -34.212002 -0.287561 0.967166 -20.033176 0.964536 1.212838 0.000000 -0.000000 0.000000 -3.440387 0.788233 0.501655 -15.928172 -3.167306 2.999703 -6.338817 -0.000000 0.000001 -18.123419 3.648181 -4.905662 -0.000004 0.000000 -0.000002 6.717933 16.659029 12.054442 57.463196 -5.003300 17.773888 174.001602 46.488518 176.334061 -24.289858 -1.412349 78.600906 2.243540 -5.255033 -3.180156 14.282877 -0.826594 6.952496 -0.000000 -12.690593 -0.000001 15.653093 -17.274372 2.569502 1.665665 -1.955920 -2.878297 4.727794 -4.170584 4.993919 11.020511 0.000001 -0.000000 12.109032 -3.735715 -2.866778 0.000000 -0.000000 0.000000 1.291985 -1.928548 -1.498088 14.800115 0.567467 3.865604 14.242553 -1.341738 -6.660648 19.631935 0.143921 -0.648243 49.786091 -1.767699 -6.434310 0.353029 -1.511150 -0.031940 20.222769 3.684305 2.316629 18.787249 0.000001 -0.000001 10.751608 -0.479870 1.397903 0.000000 -0.000000 0.000000 3.273804 0.305947 -0.580110 21.486790 11.830364 2.266131 8.162915 0.000000 -0.000000 18.399052 -3.798986 -4.940567 0.000003 0.000000 -0.000001 0.125121 9.715488 -92.244858 -0.534259 -0.093023 93.184601 -1.250666 -1.926193 -7.686745 1.592090 -2.130584 -1.359279 0.000000 -0.000000 0.000002 -2.543191 -14.868993 -89.169067 0.360717 0.241975 97.353203 3.062998 9.133039 -14.062785 -1.436512 1.027143 -1.847669 0.000000 -0.000000 -0.000001
0.000000 0.000000 0.000000 0.000000 -0.000000 0.000000 2.011932 -39.774201 -32.928359 -0.146994 -0.903200 3.204258 0.015499 -0.287209 22.787903 -0.139441 0.235994 6.122231 0.979264 -1.826743 19.545534 -1.223112 2.128202 -16.543610 -0.132793 0.828183 -3.587507 0.922005 0.354748 -32.044350 0.000077 -0.000022 0.000006 -0.002687 -0.096491 0.089872 0.610952 -3.880339 -10.578043 -0.626205 3.689696 -10.636485 3.178050 -9.547561 9.514903 -49.294785 -6.627762 42.027416 178.353638 -60.343254 -177.997772 49.772022 -19.562639 74.969070 -5.882102 9.861279 0.702590 -10.936861 -0.360574 7.156197 0.000000 8.774815 -0.000000 -18.271339 17.771227 5.390610 -1.844031 2.498503 -2.507276 -10.163590 4.678941 4.621104 -20.975996 -0.000001 0.000001 -21.226254 2.451698 -3.593995 0.000000 -0.000006 -0.000000 -1.362681 2.240797 -0.746323 -21.334892 0.584910 3.008319 -13.821196 -0.000001 0.000001 -23.887129 -0.249075 -0.839485 -61.830357 2.418072 -1.446711 -0.294025 1.679686 0.833255 -14.218195 0.093215 1.300579 -34.212002 -0.287561 0.967166 -20.033176 0.964536 1.212838 0.000000 -0.000000 0.000000 -3.440387 0.788233 0.501655 -15.928172 -3.167306 2.999703 -6.338817 -0.000000 0.000001 -18.123419 3.648181 -4.905662 -0.000004 0.000000 -0.000002 6.917147 16.176069 12.236271 57.122959 -3.679843 17.173517 174.506775 48.616817 176.226837 -23.365595 -2.530773 77.456482 2.243540 -5.255033 -3.180156 14.282877 -0.826594 6.952496 -0.000000 -12.690593 -0.000001 15.823238 -17.406218 2.550101 1.665665 -1.955920 -2.878297 4.727794 -4.170584 4.993919 11.020511 0.000001 -0.000000 12.109032 -3.735715 -2.866778 0.000000 -0.000000 0.000000 1.291985 -1.928548 -1.498088 14.800115 0.567467 3.865604 14.242553 -1.341738 -6.660648 19.631935 0.143921 -0.648243 49.960140 -1.766969 -6.456038 0.353029 -1.511150 -0.031940 20.222769 3.684305 2.316629 18.787249 0.000001 -0.000001 10.751608 -0.479870 1.397903 0.000000 -0.000000 0.000000 3.273804 0.305947 -0.580110 21.486790 11.830364 2.266131 8.162915 0.000000 -0.000000 18.399052 -3.798986 -4.940567 0.000003 0.000000 -0.000001 0.239625 9.866769 -89.468208 -0.503979 -0.061848 93.167992 -0.910199 -2.228745 -6.899606 1.592531 -2.129085 -1.535254 0.000000 -0.000000 0.000002 -3.329139 -14.961147 -86.512970 0.371827 0.262597 97.572311 2.769006 9.012708 -13.359466 -1.437417 0.996024 -1.976877 0.000000 -0.000000 -0.000001
0.000000 0.000000 0.000000 0.000000 -0.000000 0.000000 2.035744 -40.278619 -33.987521 0.009687 -0.760007 -0.283557 0.078546 -0.337500 22.551531 -0.145773 0.113679 5.883263 0.836018 -1.816109 19.906221 -1.308091 2.206668 -14.825422 -0.094432 0.717850 -3.516952 1.035588 0.290169 -30.830261 0.000077 -0.000022 0.000006 -0.002617 -0.072916 0.088978 0.598537 -3.860712 -10.588281 -0.613838 3.718041 -10.654598 2.125713 -9.871725 9.785254 -49.786358 -7.466947 40.493656 177.055328 -63.075344 -177.431870 48.650417 -17.757547 71.445747 -5.882102 9.861279 0.702590 -10.936861 -0.360574 7.156197 0.000000 8.774815 -0.000000 -18.251970 17.812668 5.440126 -1.844031 2.498503 -2.507276 -10.163590 4.678941 4.621104 -20.975996 -0.000001 0.000001 -21.226254 2.451698 -3.593995 0.000000 -0.000006 -0.000000 -1.362681 2.240797 -0.746323 -21.334892 0.584910 3.008319 -13.821196 -0.000001 0.000001 -23.887129 -0.249075 -0.839485 -61.710712 2.515363 -1.463421 -0.294025 1.679686 0.833255 -14.218195 0.093215 1.300579 -34.212002 -0.287561 0.967166 -20.033176 0.964536 1.212838 0.000000 -0.000000 0.000000 -3.440387 0.788233 0.501655 -15.928172 -3.167306 2.999703 -6.338817 -0.000000 0.000001 -18.123419 3.648181 -4.905662 -0.000004 0.000000 -0.000002 7.107317 15.635813 12.366565 56.870251 -2.169634 16.471848 174.832336 50.958298 176.026352 -22.342522 -3.957757 76.174950 2.243540 -5.255033 -3.180156 14.282877 -0.826594 6.952496 -0.000000 -12.690593 -0.000001 15.983348 -17.534765 2.525074 1.665665 -1.955920 -2.878297 4.727794 -4.170584 4.993919 11.020511 0.000001 -0.000000 12.109032 -3.735715 -2.866778 0.000000 -0.000000 0.000000 1.291985 -1.928548 -1.498088 14.800115 0.567467 3.865604 14.242553 -1.341738 -6.660648 19.631935 0.143921 -0.648243 50.162151 -1.740826 -6.460786 0.353029 -1.511150 -0.031940 20.222769 3.684305 2.316629 18.787249 0.000001 -0.000001 10.751608 -0.479870 1.397903 0.000000 -0.000000 0.000000 3.273804 0.305947 -0.580110 21.486790 11.830364 2.266131 8.162915 0.000000 -0.000000 18.399052 -3.798986 -4.940567 0.000003 0.000000 -0.000001 0.378363 9.955996 -86.566261 -0.465143 -0.031612 93.027534 -0.571334 -2.566830 -6.171400 1.593193 -2.133309 -1.769960 0.000000 -0.000000 0.000002 -4.118329 -15.098267 -83.694542 0.392995 0.278167 97.646500 2.524601 8.923182 -12.711226 -1.438148 0.973735 -2.154959 0.000000 -0.000000 -0.000001
0.000000 0.000000 0.000000 0.000000 -0.000000 0.000000 2.086974 -40.673592 -34.940117 0.113310 -0.554821 -3.582328 0.156208 -0.379265 22.178308 -0.147528 0.002100 5.619615 0.740415 -1.798623 20.156355 -1.346806 2.283880 -13.086816 -0.083377 0.629051 -3.468786 1.175832 0.202965 -29.631109 0.000077 -0.000022 0.000006 -0.002547 -0.045855 0.084793 0.588182 -3.834812 -10.592323 -0.603440 3.746905 -10.660986 0.987939 -10.024466 10.043289 -50.486183 -8.462718 39.042465 175.761017 -66.146568 -176.688293 47.326729 -15.957066 68.032166 -5.882102 9.861279 0.702590 -10.936861 -0.360574 7.156197 0.000000 8.774815 -0.000000 -18.256718 17.863708 5.467732 -1.844031 2.498503 -2.507276 -10.163590 4.678941 4.621104 -20.975996 -0.000001 0.000001 -21.226254 2.451698 -3.593995 0.000000 -0.000006 -0.000000 -1.362681 2.240797 -0.746323 -21.334892 0.584910 3.008319 -13.821196 -0.000001 0.000001 -23.887129 -0.249075 -0.839485 -61.573158 2.575374 -1.497293 -0.294025 1.679686 0.833255 -14.218195 0.093215 1.300579 -34.212002 -0.287561 0.967166 -20.033176 0.964536 1.212838 0.000000 -0.000000 0.000000 -3.440387 0.788233 0.501655 -15.928172 -3.167306 2.999703 -6.338817 -0.000000 0.000001 -18.123419 3.648181 -4.905662 -0.000004 0.000000 -0.000002 7.293008 15.076369 12.427234 56.755444 -0.651606 15.682427 175.039764 53.487926 175.865509 -21.242180 -5.485438 74.751404 2.243540 -5.255033 -3.180156 14.282877 -0.826594 6.952496 -0.000000 -12.690593 -0.000001 16.127962 -17.644762 2.482863 1.665665 -1.955920 -2.878297 4.727794 -4.170584 4.993919 11.020511 0.000001 -0.000000 12.109032 -3.735715 -2.866778 0.000000 -0.000000 0.000000 1.291985 -1.928548 -1.498088 14.800115 0.567467 3.865604 14.242553 -1.341738 -6.660648 19.631935 0.143921 -0.648243 50.329819 -1.688840 -6.460117 0.353029 -1.511150 -0.031940 20.222769 3.684305 2.316629 18.787249 0.000001 -0.000001 10.751608 -0.479870 1.397903 0.000000 -0.000000 0.000000 3.273804 0.305947 -0.580110 21.486790 11.830364 2.266131 8.162915 0.000000 -0.000000 18.399052 -3.798986 -4.940567 0.000003 0.000000 -0.000001 0.551875 9.953122 -83.668831 -0.426554 -0.003683 92.774406 -0.286813 -2.894822 -5.513202 1.592642 -2.132398 -2.033650 0.000000 -0.000000 0.000002 -4.908632 -15.228722 -80.826088 0.413712 0.288162 97.576729 2.342360 8.825593 -12.138411 -1.438506 0.957454 -2.377930 0.000000 -0.000000 -0.000001
0.000000 0.000000 0.000000 0.000000 -0.000000 0.000000 2.161128 -40.969758 -35.776384 0.174155 -0.314732 -6.568924 0.244177 -0.399588 21.682718 -0.140816 -0.070105 5.338879 0.691663 -1.794430 20.286144 -1.345071 2.369530 -11.435258 -0.120542 0.522759 -3.439828 1.394344 0.098473 -28.489096 0.000077 -0.000022 0.000006 -0.002271 -0.014830 0.074097 0.582897 -3.801202 -10.591110 -0.597650 3.775951 -10.657454 -0.163547 -9.968468 10.265121 -51.457596 -9.535859 37.726986 174.486282 -69.435486 -175.759750 45.777416 -14.191132 64.878677 -5.882102 9.861279 0.702590 -10.936861 -0.360574 7.156197 0.000000 8.774815 -0.000000 -18.284349 17.928801 5.480489 -1.844031 2.498503 -2.507276 -10.163590 4.678941 4.621104 -20.975996 -0.000001 0.000001 -21.226254 2.451698 -3.593995 0.000000 -0.000006 -0.000000 -1.362681 2.240797 -0.746323 -21.334892 0.584910 3.008319 -13.821196 -0.000001 0.000001 -23.887129 -0.249075 -0.839485 -61.472187 2.586649 -1.543976 -0.294025 1.679686 0.833255 -14.218195 0.093215 1.300579 -34.212002 -0.287561 0.967166 -20.033176 0.964536 1.212838 0.000000 -0.000000 0.000000 -3.440387 0.788233 0.501655 -15.928172 -3.167306 2.999703 -6.338817 -0.000000 0.000001 -18.123419 3.648181 -4.905662 -0.000004 0.000000 -0.000002 7.465189 14.566099 12.441174 56.819302 0.725783 14.816371 175.189072 56.200882 175.812256 -20.145365 -6.917412 73.385071 2.243540 -5.255033 -3.180156 14.282877 -0.826594 6.952496 -0.000000 -12.690593 -0.000001 16.248306 -17.727468 2.437991 1.665665 -1.955920 -2.878297 4.727794 -4.170584 4.993919 11.020511 0.000001 -0.000000 12.109032 -3.735715 -2.866778 0.000000 -0.000000 0.000000 1.291985 -1.928548 -1.498088 14.800115 0.567467 3.865604 14.242553 -1.341738 -6.660648 19.631935 0.143921 -0.648243 50.437412 -1.618190 -6.456188 0.353029 -1.511150 -0.031940 20.222769 3.684305 2.316629 18.787249 0.000001 -0.000001 10.751608 -0.479870 1.397903 0.000000 -0.000000 0.000000 3.273804 0.305947 -0.580110 21.486790 11.830364 2.266131 8.162915 0.000000 -0.000000 18.399052 -3.798986 -4.940567 0.000003 0.000000 -0.000001 0.743236 9.837915 -80.929260 -0.402848 0.016609 92.439743 -0.056837 -3.166764 -4.926291 1.591557 -2.127634 -2.310584 0.000000 -0.000000 0.000002 -5.683458 -15.315899 -78.073547 0.423852 0.294132 97.395203 2.231062 8.708550 -11.635591 -1.439834 0.937578 -2.619631 0.000000 -0.000000 -0.000001
0.000000 0.000000 0.000000 0.000000 -0.000000 0.000000 2.251913 -41.198274 -36.492665 0.186333 -0.031978 -9.261561 0.357494 -0.408358 21.075218 -0.125588 -0.096640 5.045636 0.684447 -1.818043 20.311090 -1.327908 2.458079 -9.931065 -0.178210 0.408336 -3.423098 1.670500 -0.044923 -27.348515 0.000077 -0.000022 0.000006 -0.001701 0.013923 0.060781 0.582230 -3.766149 -10.581692 -0.595805 3.799239 -10.642019 -1.380060 -9.729852 10.431920 -52.652470 -10.595940 36.521194 173.113647 -72.834908 -174.531662 43.947514 -12.429425 62.021709 -5.882102 9.861279 0.702590 -10.936861 -0.360574 7.156197 0.000000 8.774815 -0.000000 -18.295525 18.004152 5.483995 -1.844031 2.498503 -2.507276 -10.163590 4.678941 4.621104 -20.975996 -0.000001 0.000001 -21.226254 2.451698 -3.593995 0.000000 -0.000006 -0.000000 -1.362681 2.240797 -0.746323 -21.334892 0.584910 3.008319 -13.821196 -0.000001 0.000001 -23.887129 -0.249075 -0.839485 -61.382359 2.581636 -1.587721 -0.294025 1.679686 0.833255 -14.218195 0.093215 1.300579 -34.212002 -0.287561 0.967166 -20.033176 0.964536 1.212838 0.000000 -0.000000 0.000000 -3.440387 0.788233 0.501655 -15.928172 -3.167306 2.999703 -6.338817 -0.000000 0.000001 -18.123419 3.648181 -4.905662 -0.000004 0.000000 -0.000002 7.701004 14.131909 12.411958 56.974625 1.886979 13.912925 175.333710 59.134064 175.866165 -19.081884 -8.044447 72.091293 2.243540 -5.255033 -3.180156 14.282877 -0.826594 6.952496 -0.000000 -12.690593 -0.000001 16.341457 -17.753494 2.399712 1.665665 -1.955920 -2.878297 4.727794 -4.170584 4.993919 11.020511 0.000001 -0.000000 12.109032 -3.735715 -2.866778 0.000000 -0.000000 0.000000 1.291985 -1.928548 -1.498088 14.800115 0.567467 3.865604 14.242553 -1.341738 -6.660648 19.631935 0.143921 -0.648243 50.447533 -1.532685 -6.447961 0.353029 -1.511150 -0.031940 20.222769 3.684305 2.316629 18.787249 0.000001 -0.000001 10.751608 -0.479870 1.397903 0.000000 -0.000000 0.000000 3.273804 0.305947 -0.580110 21.486790 11.830364 2.266131 8.162915 0.000000 -0.000000 18.399052 -3.798986 -4.940567 0.000003 0.000000 -0.000001 0.969354 9.572298 -78.379211 -0.386056 0.028852 92.086403 0.180573 -3.367190 -4.426739 1.588973 -2.116100 -2.581065 0.000000 -0.000000 0.000002 -6.434399 -15.366627 -75.463394 0.431634 0.298272 97.167976 2.199569 8.499676 -11.223577 -1.443046 0.913211 -2.874179 0.000000 -0.000000 -0.000001
0.000000 0.000000 0.000000 0.000000 -0.000000 0.000000 2.349443 -41.403111 -37.104364 0.173541 0.281960 -11.745749 0.490252 -0.423086 20.388859 -0.103102 -0.075643 4.745697 0.688368 -1.840251 20.250395 -1.299834 2.519727 -8.543351 -0.256945 0.318233 -3.412725 2.015299 -0.295233 -26.204145 0.000077 -0.000022 0.000006 -0.001426 0.045544 0.046595 0.580330 -3.726964 -10.563592 -0.593177 3.824284 -10.615024 -2.658207 -9.351117 10.566725 -54.039295 -11.571515 35.282661 171.526810 -76.267372 -172.912048 41.869446 -10.730691 59.474773 -5.882102 9.861279 0.702590 -10.936861 -0.360574 7.156197 0.000000 8.774815 -0.000000 -18.283865 18.090174 5.468192 -1.844031 2.498503 -2.507276 -10.163590 4.678941 4.621104 -20.975996 -0.000001 0.000001 -21.226254 2.451698 -3.593995 0.000000 -0.000006 -0.000000 -1.362681 2.240797 -0.746323 -21.334892 0.584910 3.008319 -13.821196 -0.000001 0.000001 -23.887129 -0.249075 -0.839485 -61.261223 2.561030 -1.649893 -0.294025 1.679686 0.833255 -14.218195 0.093215 1.300579 -34.212002 -0.287561 0.967166 -20.033176 0.964536 1.212838 0.000000 -0.000000 0.000000 -3.440387 0.788233 0.501655 -15.928172 -3.167306 2.999703 -6.338817 -0.000000 0.000001 -18.123419 3.648181 -4.905662 -0.000004 0.000000 -0.000002 8.028843 13.745265 12.358758 57.194050 2.862623 13.094694 175.533340 62.316391 175.997498 -18.097773 -8.838848 70.986488 2.243540 -5.255033 -3.180156 14.282877 -0.826594 6.952496 -0.000000 -12.690593 -0.000001 16.392050 -17.742809 2.405522 1.665665 -1.955920 -2.878297 4.727794 -4.170584 4.993919 11.020511 0.000001 -0.000000 12.109032 -3.735715 -2.866778 0.000000 -0.000000 0.000000 1.291985 -1.928548 -1.498088 14.800115 0.567467 3.865604 14.242553 -1.341738 -6.660648 19.631935 0.143921 -0.648243 50.399242 -1.453609 -6.427394 0.353029 -1.511150 -0.031940 20.222769 3.684305 2.316629 18.787249 0.000001 -0.000001 10.751608 -0.479870 1.397903 0.000000 -0.000000 0.000000 3.273804 0.305947 -0.580110 21.486790 11.830364 2.266131 8.162915 0.000000 -0.000000 18.399052 -3.798986 -4.940567 0.000003 0.000000 -0.000001 1.194524 9.198490 -75.991623 -0.362756 0.033217 91.771027 0.391108 -3.572919 -4.013035 1.585226 -2.110094 -2.830181 0.000000 -0.000000 0.000002 -7.181075 -15.394019 -72.980461 0.445858 0.299665 96.962799 2.198877 8.272440 -10.906634 -1.447243 0.881533 -3.112820 0.000000 -0.000000 -0.000001
0.000000 0.000000 0.000000 0.000000 -0.000000 0.000000 2.448467 -41.596307 -37.649515 0.154284 0.583029 -13.987107 0.627395 -0.439758 19.671335 -0.070229 -0.023284 4.449431 0.689780 -1.860016 20.108467 -1.264388 2.572227 -7.273163 -0.358396 0.235416 -3.412124 2.390523 -0.626112 -25.112331 0.000077 -0.000022 0.000006 -0.001089 0.073156 0.030463 0.578880 -3.690769 -10.539371 -0.590714 3.844220 -10.580472 -3.920588 -8.873405 10.654009 -55.511337 -12.336375 33.935413 169.838120 -79.546921 -171.076508 39.807156 -9.296654 57.374416 -5.882102 9.861279 0.702590 -10.936861 -0.360574 7.156197 0.000000 8.774815 -0.000000 -18.253036 18.185476 5.442266 -1.844031 2.498503 -2.507276 -10.163590 4.678941 4.621104 -20.975996 -0.000001 0.000001 -21.226254 2.451698 -3.593995 0.000000 -0.000006 -0.000000 -1.362681 2.240797 -0.746323 -21.334892 0.584910 3.008319 -13.821196 -0.000001 0.000001 -23.887129 -0.249075 -0.839485 -61.089890 2.522409 -1.700599 -0.294025 1.679686 0.833255 -14.218195 0.093215 1.300579 -34.212002 -0.287561 0.967166 -20.033176 0.964536 1.212838 0.000000 -0.000000 0.000000 -3.440387 0.788233 0.501655 -15.928172 -3.167306 2.999703 -6.338817 -0.000000 0.000001 -18.123419 3.648181 -4.905662 -0.000004 0.000000 -0.000002 8.462567 13.431715 12.308702 57.414501 3.664609 12.419855 175.817947 65.538002 176.246841 -17.218988 -9.380264 70.008514 2.243540 -5.255033 -3.180156 14.282877 -0.826594 6.952496 -0.000000 -12.690593 -0.000001 16.411829 -17.711025 2.427604 1.665665 -1.955920 -2.878297 4.727794 -4.170584 4.993919 11.020511 0.000001 -0.000000 12.109032 -3.735715 -2.866778 0.000000 -0.000000 0.000000 1.291985 -1.928548 -1.498088 14.800115 0.567467 3.865604 14.242553 -1.341738 -6.660648 19.631935 0.143921 -0.648243 50.288006 -1.372635 -6.417403 0.353029 -1.511150 -0.031940 20.222769 3.684305 2.316629 18.787249 0.000001 -0.000001 10.751608 -0.479870 1.397903 0.000000 -0.000000 0.000000 3.273804 0.305947 -0.580110 21.486790 11.830364 2.266131 8.162915 0.000000 -0.000000 18.399052 -3.798986 -4.940567 0.000003 0.000000 -0.000001 1.394108 8.775311 -73.831284 -0.334567 0.037288 91.478157 0.582946 -3.748846 -3.640557 1.583411 -2.102495 -3.025277 0.000000 -0.000000 0.000002 -7.886362 -15.385064 -70.722626 0.460348 0.301960 96.767128 2.251814 8.089138 -10.616237 -1.451238 0.846456 -3.304041 0.000000 -0.000000 -0.000001
0.000000 0.000000 0.000000 0.000000 -0.000000 0.000000 2.549578 -41.789239 -38.156978 0.127154 0.850530 -16.050476 0.762566 -0.447526 18.936144 -0.029960 0.035574 4.172506 0.697359 -1.879621 19.910816 -1.212961 2.601967 -6.083232 -0.475316 0.184063 -3.419486 2.735726 -0.979274 -24.086382 0.000077 -0.000022 0.000006 -0.001647 0.084807 0.013302 0.580220 -3.668738 -10.510057 -0.592766 3.845821 -10.540828 -5.118048 -8.338582 10.710749 -56.979664 -12.894336 32.443382 168.016220 -82.619934 -169.058884 37.902218 -8.172510 55.688744 -5.882102 9.861279 0.702590 -10.936861 -0.360574 7.156197 0.000000 8.774815 -0.000000 -18.226633 18.284189 5.407324 -1.844031 2.498503 -2.507276 -10.163590 4.678941 4.621104 -20.975996 -0.000001 0.000001 -21.226254 2.451698 -3.593995 0.000000 -0.000006 -0.000000 -1.362681 2.240797 -0.746323 -21.334892 0.584910 3.008319 -13.821196 -0.000001 0.000001 -23.887129 -0.249075 -0.839485 -60.876068 2.476084 -1.758541 -0.294025 1.679686 0.833255 -14.218195 0.093215 1.300579 -34.212002 -0.287561 0.967166 -20.033176 0.964536 1.212838 0.000000 -0.000000 0.000000 -3.440387 0.788233 0.501655 -15.928172 -3.167306 2.999703 -6.338817 -0.000000 0.000001 -18.123419 3.648181 -4.905662 -0.000004 0.000000 -0.000002 9.003793 13.148545 12.239612 57.589546 4.359687 11.915446 176.161804 68.770973 176.600479 -16.438995 -9.715433 69.029373 2.243540 -5.255033 -3.180156 14.282877 -0.826594 6.952496 -0.000000 -12.690593 -0.000001 16.406216 -17.671711 2.438465 1.665665 -1.955920 -2.878297 4.727794 -4.170584 4.993919 11.020511 0.000001 -0.000000 12.109032 -3.735715 -2.866778 0.000000 -0.000000 0.000000 1.291985 -1.928548 -1.498088 14.800115 0.567467 3.865604 14.242553 -1.341738 -6.660648 19.631935 0.143921 -0.648243 50.119522 -1.293373 -6.418711 0.353029 -1.511150 -0.031940 20.222769 3.684305 2.316629 18.787249 0.000001 -0.000001 10.751608 -0.479870 1.397903 0.000000 -0.000000 0.000000 3.273804 0.305947 -0.580110 21.486790 11.830364 2.266131 8.162915 0.000000 -0.000000 18.399052 -3.798986 -4.940567 0.000003 0.000000 -0.000001 1.566344 8.345405 -71.852310 -0.302432 0.038987 91.205460 0.727263 -3.913345 -3.286465 1.582451 -2.089494 -3.166820 0.000000 -0.000000 0.000002 -8.543462 -15.347085 -68.651428 0.473026 0.301674 96.572586 2.318681 7.961909 -10.324137 -1.453052 0.822317 -3.430280 0.000000 -0.000000 -0.000001
0.000000 0.000000 0.000000 0.000000 -0.000000 0.000000 2.651183 -41.982724 -38.619139 0.124728 1.076024 -17.954268 0.878205 -0.445153 18.206671 0.006349 0.108083 3.912919 0.702011 -1.907295 19.683680 -1.152759 2.615509 -4.975696 -0.586736 0.164014 -3.425742 3.010812 -1.332142 -23.123568 0.000077 -0.000022 0.000006 -0.003027 0.080769 -0.002285 0.586119 -3.661227 -10.478304 -0.601097 3.830193 -10.501180 -6.261395 -7.782759 10.725169 -58.263905 -13.297072 30.857124 165.632111 -85.416100 -166.404892 36.172134 -7.202008 54.244675 -5.882102 9.861279 0.702590 -10.936861 -0.360574 7.156197 0.000000 8.774815 -0.000000 -18.177267 18.368387 5.381001 -1.844031 2.498503 -2.507276 -10.163590 4.678941 4.621104 -20.975996 -0.000001 0.000001 -21.226254 2.451698 -3.593995 0.000000 -0.000006 -0.000000 -1.362681 2.240797 -0.746323 -21.334892 0.584910 3.008319 -13.821196 -0.000001 0.000001 -23.887129 -0.249075 -0.839485 -60.650967 2.446166 -1.809907 -0.294025 1.679686 0.833255 -14.218195 0.093215 1.300579 -34.212002 -0.287561 0.967166 -20.033176 0.964536 1.212838 0.000000 -0.000000 0.000000 -3.440387 0.788233 0.501655 -15.928172 -3.167306 2.999703 -6.338817 -0.000000 0.000001 -18.123419 3.648181 -4.905662 -0.000004 0.000000 -0.000002 9.667587 12.874112 12.164606 57.658669 4.965451 11.526613 176.493668 71.910797 176.953918 -15.727006 -9.860453 68.039810 2.243540 -5.255033 -3.180156 14.282877 -0.826594 6.952496 -0.000000 -12.690593 -0.000001 16.378767 -17.621874 2.439093 1.665665 -1.955920 -2.878297 4.727794 -4.170584 4.993919 11.020511 0.000001 -0.000000 12.109032 -3.735715 -2.866778 0.000000 -0.000000 0.000000 1.291985 -1.928548 -1.498088 14.800115 0.567467 3.865604 14.242553 -1.341738 -6.660648 19.631935 0.143921 -0.648243 49.915340 -1.236045 -6.432516 0.353029 -1.511150 -0.031940 20.222769 3.684305 2.316629 18.787249 0.000001 -0.000001 10.751608 -0.479870 1.397903 0.000000 -0.000000 0.000000 3.273804 0.305947 -0.580110 21.486790 11.830364 2.266131 8.162915 0.000000 -0.000000 18.399052 -3.798986 -4.940567 0.000003 0.000000 -0.000001 1.688281 7.940353 -70.027824 -0.269507 0.044802 90.962975 0.816178 -4.020424 -2.966295 1.583062 -2.074713 -3.246455 0.000000 -0.000000 0.000002 -9.178516 -15.302962 -66.758148 0.484334 0.294735 96.398384 2.393895 7.925004 -10.039448 -1.452377 0.810939 -3.485152 0.000000 -0.000000 -0.000001
0.000000 0.000000 0.000000 0.000000 -0.000000 0.000000 2.759195 -42.176061 -39.018603 0.122837 1.236630 -19.778782 0.977942 -0.451400 17.513493 0.041625 0.189799 3.678890 0.717453 -1.934602 19.471275 -1.107922 2.611301 -3.914553 -0.668384 0.176526 -3.428688 3.207085 -1.653564 -22.182016 0.000077 -0.000022 0.000006 -0.004969 0.073038 -0.016308 0.591990 -3.658558 -10.451884 -0.610530 3.812181 -10.465790 -7.354639 -7.238851 10.726497 -59.272717 -13.691556 29.258499 158.005341 -88.032188 -158.473877 34.560627 -6.255633 52.899288 -5.882102 9.861279 0.702590 -10.936861 -0.360574 7.156197 0.000000 8.774815 -0.000000 -18.052895 18.423769 5.371095 -1.844031 2.498503 -2.507276 -10.163590 4.678941 4.621104 -20.975996 -0.000001 0.000001 -21.226254 2.451698 -3.593995 0.000000 -0.000006 -0.000000 -1.362681 2.240797 -0.746323 -21.334892 0.584910 3.008319 -13.821196 -0.000001 0.000001 -23.887129 -0.249075 -0.839485 -60.394405 2.417731 -1.830765 -0.294025 1.679686 0.833255 -14.218195 0.093215 1.300579 -34.212002 -0.287561 0.967166 -20.033176 0.964536 1.212838 0.000000 -0.000000 0.000000 -3.440387 0.788233 0.501655 -15.928172 -3.167306 2.999703 -6.338817 -0.000000 0.000001 -18.123419 3.648181 -4.905662 -0.000004 0.000000 -0.000002 10.420999 12.592102 12.109356 57.637985 5.569879 11.187440 176.636993 74.936081 177.093536 -15.051602 -9.926489 67.145500 2.243540 -5.255033 -3.180156 14.282877 -0.826594 6.952496 -0.000000 -12.690593 -0.000001 16.369324 -17.564152 2.428224 1.665665 -1.955920 -2.878297 4.727794 -4.170584 4.993919 11.020511 0.000001 -0.000000 12.109032 -3.735715 -2.866778 0.000000 -0.000000 0.000000 1.291985 -1.928548 -1.498088 14.800115 0.567467 3.865604 14.242553 -1.341738 -6.660648 19.631935 0.143921 -0.648243 49.723564 -1.180125 -6.444500 0.353029 -1.511150 -0.031940 20.222769 3.684305 2.316629 18.787249 0.000001 -0.000001 10.751608 -0.479870 1.397903 0.000000 -0.000000 0.000000 3.273804 0.305947 -0.580110 21.486790 11.830364 2.266131 8.162915 0.000000 -0.000000 18.399052 -3.798986 -4.940567 0.000003 0.000000 -0.000001 1.802811 7.597579 -68.269745 -0.238757 0.055886 90.787216 0.846325 -4.074655 -2.721750 1.585054 -2.056795 -3.285779 0.000000 -0.000000 0.000002 -9.782625 -15.250426 -64.941986 0.479067 0.283272 96.253510 2.435305 8.006215 -9.795083 -1.451780 0.805565 -3.514123 0.000000 -0.000000 -0.000001
0.000000 0.000000 0.000000 0.000000 -0.000000 0.000000 2.869235 -42.383942 -39.370781 0.120285 1.342161 -21.594934 1.056606 -0.466019 16.868229 0.071791 0.248471 3.468298 0.727897 -1.945826 19.324593 -1.044590 2.597235 -2.838712 -0.748425 0.189877 -3.430178 3.346382 -1.917835 -21.240191 0.000077 -0.000022 0.000006 -0.005863 0.070342 -0.026149 0.597416 -3.653600 -10.429716 -0.617451 3.802164 -10.434141 -8.357967 -6.743842 10.759440 -59.939564 -14.145782 27.777723 28.937059 -89.237923 -29.119770 33.129826 -5.412351 51.702278 -5.882102 9.861279 0.702590 -10.936861 -0.360574 7.156197 0.000000 8.774815 -0.000000 -17.871344 18.461475 5.395958 -1.844031 2.498503 -2.507276 -10.163590 4.678941 4.621104 -20.975996 -0.000001 0.000001 -21.226254 2.451698 -3.593995 0.000000 -0.000006 -0.000000 -1.362681 2.240797 -0.746323 -21.334892 0.584910 3.008319 -13.821196 -0.000001 0.000001 -23.887129 -0.249075 -0.839485 -60.169029 2.385200 -1.842761 -0.294025 1.679686 0.833255 -14.218195 0.093215 1.300579 -34.212002 -0.287561 0.967166 -20.033176 0.964536 1.212838 0.000000 -0.000000 0.000000 -3.440387 0.788233 0.501655 -15.928172 -3.167306 2.999703 -6.338817 -0.000000 0.000001 -18.123419 3.648181 -4.905662 -0.000004 0.000000 -0.000002 11.172251 12.285625 12.093032 57.584930 6.202090 10.958270 176.678085 77.816956 177.102509 -14.420197 -10.028355 66.603462 2.243540 -5.255033 -3.180156 14.282877 -0.826594 6.952496 -0.000000 -12.690593 -0.000001 16.369802 -17.525732 2.434556 1.665665 -1.955920 -2.878297 4.727794 -4.170584 4.993919 11.020511 0.000001 -0.000000 12.109032 -3.735715 -2.866778 0.000000 -0.000000 0.000000 1.291985 -1.928548 -1.498088 14.800115 0.567467 3.865604 14.242553 -1.341738 -6.660648 19.631935 0.143921 -0.648243 49.598862 -1.136251 -6.448265 0.353029 -1.511150 -0.031940 20.222769 3.684305 2.316629 18.787249 0.000001 -0.000001 10.751608 -0.479870 1.397903 0.000000 -0.000000 0.000000 3.273804 0.305947 -0.580110 21.486790 11.830364 2.266131 8.162915 0.000000 -0.000000 18.399052 -3.798986 -4.940567 0.000003 0.000000 -0.000001 1.891870 7.374195 -66.524994 -0.218292 0.063218 90.682190 0.882190 -4.121085 -2.543756 1.586836 -2.036795 -3.297027 0.000000 -0.000000 0.000002 -10.366581 -15.174648 -63.145142 0.466913 0.279097 96.147034 2.458766 8.153551 -9.587002 -1.452201 0.799567 -3.542920 0.000000 -0.000000 -0.000001
0.000000 0.000000 0.000000 0.000000 -0.000000 0.000000 2.985033 -42.587285 -39.678588 0.112865 1.395636 -23.466393 1.114535 -0.484321 16.264393 0.105607 0.299341 3.279989 0.725206 -1.974153 19.277544 -0.963175 2.571982 -1.700042 -0.824488 0.209400 -3.435465 3.416873 -2.102734 -20.263111 0.000077 -0.000022 0.000006 -0.005891 0.067882 -0.035138 0.602890 -3.650253 -10.417727 -0.622719 3.793840 -10.413371 -9.306948 -6.320273 10.858718 -60.254913 -14.685506 26.506470 2.884843 -86.940659 -2.830049 31.820625 -4.699883 50.720013 -5.882102 9.861279 0.702590 -10.936861 -0.360574 7.156197 0.000000 8.774815 -0.000000 -17.696262 18.482540 5.438186 -1.844031 2.498503 -2.507276 -10.163590 4.678941 4.621104 -20.975996 -0.000001 0.000001 -21.226254 2.451698 -3.593995 0.000000 -0.000006 -0.000000 -1.362681 2.240797 -0.746323 -21.334892 0.584910 3.008319 -13.821196 -0.000001 0.000001 -23.887129 -0.249075 -0.839485 -59.991375 2.362670 -1.852189 -0.294025 1.679686 0.833255 -14.218195 0.093215 1.300579 -34.212002 -0.287561 0.967166 -20.033176 0.964536 1.212838 0.000000 -0.000000 0.000000 -3.440387 0.788233 0.501655 -15.928172 -3.167306 2.999703 -6.338817 -0.000000 0.000001 -18.123419 3.648181 -4.905662 -0.000004 0.000000 -0.000002 11.906089 11.939436 12.119617 57.464520 6.889460 10.807822 176.700714 80.547401 177.094452 -13.759366 -10.174194 66.217377 2.243540 -5.255033 -3.180156 14.282877 -0.826594 6.952496 -0.000000 -12.690593 -0.000001 16.402372 -17.498758 2.438465 1.665665 -1.955920 -2.878297 4.727794 -4.170584 4.993919 11.020511 0.000001 -0.000000 12.109032 -3.735715 -2.866778 0.000000 -0.000000 0.000000 1.291985 -1.928548 -1.498088 14.800115 0.567467 3.865604 14.242553 -1.341738 -6.660648 19.631935 0.143921 -0.648243 49.523449 -1.104717 -6.451034 0.353029 -1.511150 -0.031940 20.222769 3.684305 2.316629 18.787249 0.000001 -0.000001 10.751608 -0.479870 1.397903 0.000000 -0.000000 0.000000 3.273804 0.305947 -0.580110 21.486790 11.830364 2.266131 8.162915 0.000000 -0.000000 18.399052 -3.798986 -4.940567 0.000003 0.000000 -0.000001 1.976113 7.266406 -64.695808 -0.206779 0.070276 90.620148 1.011790 -4.101155 -2.443690 1.588614 -2.021741 -3.317932 0.000000 -0.000000 0.000002 -10.948160 -15.072881 -61.266476 0.451105 0.280633 96.046211 2.475499 8.407038 -9.415576 -1.453088 0.787053 -3.569474 0.000000 -0.000000 -0.000001
0.000000 0.000000 0.000000 0.000000 -0.000000 0.000000 3.111186 -42.768971 -39.920807 0.079123 1.387924 -25.360693 1.150056 -0.506348 15.687288 0.139856 0.311087 3.100066 0.728606 -1.987836 19.288393 -0.872606 2.528789 -0.443035 -0.863628 0.271025 -3.436200 3.400358 -2.191196 -19.227863 0.000077 -0.000022 0.000006 -0.005221 0.066820 -0.040408 0.607008 -3.646935 -10.417442 -0.625161 3.788060 -10.405083 -10.178753 -5.976987 11.032003 -60.314388 -15.285786 25.440508 0.972170 -84.662590 -0.756328 30.585823 -4.112169 50.056370 -5.882102 9.861279 0.702590 -10.936861 -0.360574 7.156197 0.000000 8.774815 -0.000000 -17.587278 18.487780 5.453350 -1.844031 2.498503 -2.507276 -10.163590 4.678941 4.621104 -20.975996 -0.000001 0.000001 -21.226254 2.451698 -3.593995 0.000000 -0.000006 -0.000000 -1.362681 2.240797 -0.746323 -21.334892 0.584910 3.008319 -13.821196 -0.000001 0.000001 -23.887129 -0.249075 -0.839485 -59.893295 2.344241 -1.863871 -0.294025 1.679686 0.833255 -14.218195 0.093215 1.300579 -34.212002 -0.287561 0.967166 -20.033176 0.964536 1.212838 0.000000 -0.000000 0.000000 -3.440387 0.788233 0.501655 -15.928172 -3.167306 2.999703 -6.338817 -0.000000 0.000001 -18.123419 3.648181 -4.905662 -0.000004 0.000000 -0.000002 12.632732 11.551389 12.194690 57.282578 7.618083 10.751510 176.951920 83.121483 177.308441 -13.062586 -10.329268 65.919441 2.243540 -5.255033 -3.180156 14.282877 -0.826594 6.952496 -0.000000 -12.690593 -0.000001 16.485701 -17.478003 2.431172 1.665665 -1.955920 -2.878297 4.727794 -4.170584 4.993919 11.020511 0.000001 -0.000000 12.109032 -3.735715 -2.866778 0.000000 -0.000000 0.000000 1.291985 -1.928548 -1.498088 14.800115 0.567467 3.865604 14.242553 -1.341738 -6.660648 19.631935 0.143921 -0.648243 49.510708 -1.073724 -6.450212 0.353029 -1.511150 -0.031940 20.222769 3.684305 2.316629 18.787249 0.000001 -0.000001 10.751608 -0.479870 1.397903 0.000000 -0.000000 0.000000 3.273804 0.305947 -0.580110 21.486790 11.830364 2.266131 8.162915 0.000000 -0.000000 18.399052 -3.798986 -4.940567 0.000003 0.000000 -0.000001 2.091144 7.262528 -62.797333 -0.197635 0.078425 90.609703 1.188497 -4.061708 -2.443770 1.592210 -2.008616 -3.349782 0.000000 -0.000000 0.000002 -11.511429 -14.940260 -59.307457 0.424069 0.278885 95.940224 2.531245 8.779041 -9.292006 -1.454464 0.763132 -3.629998 0.000000 -0.000000 -0.000001
0.000000 0.000000 0.000000 0.000000 -0.000000 0.000000 3.245906 -42.931477 -40.079508 0.006208 1.348182 -27.249830 1.161827 -0.536932 15.121470 0.165156 0.278895 2.926061 0.753810 -1.985340 19.335571 -0.772974 2.466142 0.919196 -0.863682 0.391430 -3.426708 3.337401 -2.194325 -18.128529 0.000077 -0.000022 0.000006 -0.005362 0.062574 -0.040210 0.609602 -3.648532 -10.430698 -0.627751 3.780787 -10.409943 -10.994349 -5.714992 11.250394 -60.137009 -15.874822 24.588732 0.922236 -82.526718 -0.629655 29.451622 -3.707057 49.518364 -5.882102 9.861279 0.702590 -10.936861 -0.360574 7.156197 0.000000 8.774815 -0.000000 -17.582001 18.493397 5.418038 -1.844031 2.498503 -2.507276 -10.163590 4.678941 4.621104 -20.975996 -0.000001 0.000001 -21.226254 2.451698 -3.593995 0.000000 -0.000006 -0.000000 -1.362681 2.240797 -0.746323 -21.334892 0.584910 3.008319 -13.821196 -0.000001 0.000001 -23.887129 -0.249075 -0.839485 -59.878925 2.328088 -1.892788 -0.294025 1.679686 0.833255 -14.218195 0.093215 1.300579 -34.212002 -0.287561 0.967166 -20.033176 0.964536 1.212838 0.000000 -0.000000 0.000000 -3.440387 0.788233 0.501655 -15.928172 -3.167306 2.999703 -6.338817 -0.000000 0.000001 -18.123419 3.648181 -4.905662 -0.000004 0.000000 -0.000002 13.367822 11.120057 12.293939 57.068237 8.329339 10.704165 177.419617 85.479782 177.755005 -12.300381 -10.421192 65.525391 2.243540 -5.255033 -3.180156 14.282877 -0.826594 6.952496 -0.000000 -12.690593 -0.000001 16.566525 -17.464733 2.416767 1.665665 -1.955920 -2.878297 4.727794 -4.170584 4.993919 11.020511 0.000001 -0.000000 12.109032 -3.735715 -2.866778 0.000000 -0.000000 0.000000 1.291985 -1.928548 -1.498088 14.800115 0.567467 3.865604 14.242553 -1.341738 -6.660648 19.631935 0.143921 -0.648243 49.516251 -1.063313 -6.447793 0.353029 -1.511150 -0.031940 20.222769 3.684305 2.316629 18.787249 0.000001 -0.000001 10.751608 -0.479870 1.397903 0.000000 -0.000000 0.000000 3.273804 0.305947 -0.580110 21.486790 11.830364 2.266131 8.162915 0.000000 -0.000000 18.399052 -3.798986 -4.940567 0.000003 0.000000 -0.000001 2.256288 7.309680 -60.865654 -0.177661 0.090199 90.671471 1.401049 -4.019510 -2.556681 1.599510 -1.993650 -3.414346 0.000000 -0.000000 0.000002 -12.055467 -14.793755 -57.286839 0.388672 0.273129 95.854759 2.583967 9.262831 -9.252123 -1.456967 0.730402 -3.704484 0.000000 -0.000000 -0.000001
0.000000 0.000000 0.000000 0.000000 -0.000000 0.000000 3.373343 -43.089967 -40.166890 -0.114739 1.287908 -29.119553 1.150374 -0.571103 14.556137 0.181130 0.222657 2.750236 0.806713 -1.971970 19.438044 -0.666713 2.388007 2.288406 -0.844269 0.549195 -3.414449 3.241025 -2.125967 -16.972734 0.000077 -0.000022 0.000006 -0.007088 0.057244 -0.032475 0.612585 -3.651928 -10.449951 -0.634109 3.773311 -10.418847 -11.781680 -5.508658 11.465212 -59.748611 -16.368874 23.975613 1.160149 -80.562347 -0.845496 28.355333 -3.504033 48.931149 -5.882102 9.861279 0.702590 -10.936861 -0.360574 7.156197 0.000000 8.774815 -0.000000 -17.647322 18.499310 5.371068 -1.844031 2.498503 -2.507276 -10.163590 4.678941 4.621104 -20.975996 -0.000001 0.000001 -21.226254 2.451698 -3.593995 0.000000 -0.000006 -0.000000 -1.362681 2.240797 -0.746323 -21.334892 0.584910 3.008319 -13.821196 -0.000001 0.000001 -23.887129 -0.249075 -0.839485 -59.938824 2.305710 -1.938750 -0.294025 1.679686 0.833255 -14.218195 0.093215 1.300579 -34.212002 -0.287561 0.967166 -20.033176 0.964536 1.212838 0.000000 -0.000000 0.000000 -3.440387 0.788233 0.501655 -15.928172 -3.167306 2.999703 -6.338817 -0.000000 0.000001 -18.123419 3.648181 -4.905662 -0.000004 0.000000 -0.000002 14.124587 10.631643 12.449763 56.875446 9.016929 10.552060 178.142319 87.571419 178.444931 -11.443635 -10.351137 64.949577 2.243540 -5.255033 -3.180156 14.282877 -0.826594 6.952496 -0.000000 -12.690593 -0.000001 16.600410 -17.486334 2.431498 1.665665 -1.955920 -2.878297 4.727794 -4.170584 4.993919 11.020511 0.000001 -0.000000 12.109032 -3.735715 -2.866778 0.000000 -0.000000 0.000000 1.291985 -1.928548 -1.498088 14.800115 0.567467 3.865604 14.242553 -1.341738 -6.660648 19.631935 0.143921 -0.648243 49.543350 -1.075815 -6.429689 0.353029 -1.511150 -0.031940 20.222769 3.684305 2.316629 18.787249 0.000001 -0.000001 10.751608 -0.479870 1.397903 0.000000 -0.000000 0.000000 3.273804 0.305947 -0.580110 21.486790 11.830364 2.266131 8.162915 0.000000 -0.000000 18.399052 -3.798986 -4.940567 0.000003 0.000000 -0.000001 2.504853 7.356943 -58.939663 -0.136033 0.109328 90.808556 1.639077 -4.048300 -2.759774 1.607204 -1.975603 -3.441321 0.000000 -0.000000 0.000002 -12.553890 -14.607051 -55.244476 0.353282 0.265673 95.807495 2.576448 9.756798 -9.304460 -1.457831 0.709805 -3.777027 0.000000 -0.000000 -0.000001
0.000000 0.000000 0.000000 0.000000 -0.000000 0.000000 3.494765 -43.240575 -40.198447 -0.275305 1.192930 -30.921282 1.125187 -0.597767 13.978632 0.196344 0.173019 2.581148 0.878282 -1.976679 19.603405 -0.568380 2.300019 3.543902 -0.806746 0.718784 -3.405030 3.105822 -1.977545 -15.778239 0.000077 -0.000022 0.000006 -0.010466 0.051583 -0.024274 0.620587 -3.654272 -10.473587 -0.649024 3.764765 -10.435241 -12.638492 -5.321688 11.636892 -59.165737 -16.710243 23.536335 1.344227 -78.755188 -1.071546 27.148518 -3.448271 48.280472 -5.882102 9.861279 0.702590 -10.936861 -0.360574 7.156197 0.000000 8.774815 -0.000000 -17.721144 18.486706 5.328895 -1.844031 2.498503 -2.507276 -10.163590 4.678941 4.621104 -20.975996 -0.000001 0.000001 -21.226254 2.451698 -3.593995 0.000000 -0.000006 -0.000000 -1.362681 2.240797 -0.746323 -21.334892 0.584910 3.008319 -13.821196 -0.000001 0.000001 -23.887129 -0.249075 -0.839485 -60.005550 2.272414 -1.962312 -0.294025 1.679686 0.833255 -14.218195 0.093215 1.300579 -34.212002 -0.287561 0.967166 -20.033176 0.964536 1.212838 0.000000 -0.000000 0.000000 -3.440387 0.788233 0.501655 -15.928172 -3.167306 2.999703 -6.338817 -0.000000 0.000001 -18.123419 3.648181 -4.905662 -0.000004 0.000000 -0.000002 14.939739 10.090437 12.671097 56.682583 9.680572 10.333254 -173.946716 89.400620 -173.680344 -10.472404 -10.085536 64.264458 2.243540 -5.255033 -3.180156 14.282877 -0.826594 6.952496 -0.000000 -12.690593 -0.000001 16.572611 -17.539175 2.476196 1.665665 -1.955920 -2.878297 4.727794 -4.170584 4.993919 11.020511 0.000001 -0.000000 12.109032 -3.735715 -2.866778 0.000000 -0.000000 0.000000 1.291985 -1.928548 -1.498088 14.800115 0.567467 3.865604 14.242553 -1.341738 -6.660648 19.631935 0.143921 -0.648243 49.580494 -1.098302 -6.400668 0.353029 -1.511150 -0.031940 20.222769 3.684305 2.316629 18.787249 0.000001 -0.000001 10.751608 -0.479870 1.397903 0.000000 -0.000000 0.000000 3.273804 0.305947 -0.580110 21.486790 11.830364 2.266131 8.162915 0.000000 -0.000000 18.399052 -3.798986 -4.940567 0.000003 0.000000 -0.000001 2.836044 7.343702 -57.070400 -0.083671 0.124523 90.999031 1.926391 -4.118361 -3.031805 1.612516 -1.964731 -3.414203 0.000000 -0.000000 0.000002 -12.979060 -14.379436 -53.247463 0.313842 0.257512 95.782433 2.431251 10.244205 -9.435981 -1.457489 0.706457 -3.837827 0.000000 -0.000000 -0.000001
0.000000 0.000000 0.000000 0.000000 -0.000000 0.000000 3.620648 -43.366464 -40.192832 -0.455174 1.075034 -32.550133 1.104019 -0.608483 13.407083 0.212850 0.125104 2.431326 0.940350 -1.990337 19.815948 -0.467799 2.210388 4.545864 -0.748743 0.881289 -3.394085 2.936429 -1.761208 -14.676720 0.000077 -0.000022 0.000006 -0.012933 0.052147 -0.019018 0.634686 -3.649304 -10.492389 -0.668419 3.761949 -10.450622 -13.538290 -5.137358 11.750950 -58.518684 -16.889059 23.158972 1.114540 -77.138672 -0.911156 25.817724 -3.431655 47.666607 -5.882102 9.861279 0.702590 -10.936861 -0.360574 7.156197 0.000000 8.774815 -0.000000 -17.751089 18.468256 5.308296 -1.844031 2.498503 -2.507276 -10.163590 4.678941 4.621104 -20.975996 -0.000001 0.000001 -21.226254 2.451698 -3.593995 0.000000 -0.000006 -0.000000 -1.362681 2.240797 -0.746323 -21.334892 0.584910 3.008319 -13.821196 -0.000001 0.000001 -23.887129 -0.249075 -0.839485 -60.043468 2.237029 -1.957629 -0.294025 1.679686 0.833255 -14.218195 0.093215 1.300579 -34.212002 -0.287561 0.967166 -20.033176 0.964536 1.212838 0.000000 -0.000000 0.000000 -3.440387 0.788233 0.501655 -15.928172 -3.167306 2.999703 -6.338817 -0.000000 0.000001 -18.123419 3.648181 -4.905662 -0.000004 0.000000 -0.000002 15.744054 9.530192 12.902594 56.539642 10.242420 10.124168 -13.626773 89.014641 -13.414195 -9.437754 -9.676754 63.525562 2.243540 -5.255033 -3.180156 14.282877 -0.826594 6.952496 -0.000000 -12.690593 -0.000001 16.534172 -17.604860 2.521795 1.665665 -1.955920 -2.878297 4.727794 -4.170584 4.993919 11.020511 0.000001 -0.000000 12.109032 -3.735715 -2.866778 0.000000 -0.000000 0.000000 1.291985 -1.928548 -1.498088 14.800115 0.567467 3.865604 14.242553 -1.341738 -6.660648 19.631935 0.143921 -0.648243 49.675953 -1.113084 -6.369349 0.353029 -1.511150 -0.031940 20.222769 3.684305 2.316629 18.787249 0.000001 -0.000001 10.751608 -0.479870 1.397903 0.000000 -0.000000 0.000000 3.273804 0.305947 -0.580110 21.486790 11.830364 2.266131 8.162915 0.000000 -0.000000 18.399052 -3.798986 -4.940567 0.000003 0.000000 -0.000001 3.192372 7.268638 -55.361088 -0.026587 0.126804 91.194077 2.234791 -4.241249 -3.326025 1.614080 -1.960035 -3.338790 0.000000 -0.000000 0.000002 -13.317439 -14.142309 -51.411274 0.287514 0.248342 95.749977 2.220610 10.691521 -9.598216 -1.454909 0.714972 -3.892485 0.000000 -0.000000 -0.000001
0.000000 0.000000 0.000000 0.000000 -0.000000 0.000000 3.736790 -43.449548 -40.172000 -0.622719 0.950380 -33.909771 1.086015 -0.612486 12.856225 0.224127 0.077776 2.284925 0.969764 -1.995698 20.022404 -0.363143 2.113007 5.249147 -0.687506 1.057744 -3.387795 2.767474 -1.514002 -13.776777 0.000077 -0.000022 0.000006 -0.014309 0.061790 -0.016958 0.650087 -3.636290 -10.502278 -0.686738 3.769094 -10.461783 -14.401361 -4.933221 11.830531 -57.959557 -16.951933 22.822626 0.641170 -75.735756 -0.485585 24.441998 -3.383840 47.201809 -5.882102 9.861279 0.702590 -10.936861 -0.360574 7.156197 0.000000 8.774815 -0.000000 -17.746401 18.436016 5.307370 -1.844031 2.498503 -2.507276 -10.163590 4.678941 4.621104 -20.975996 -0.000001 0.000001 -21.226254 2.451698 -3.593995 0.000000 -0.000006 -0.000000 -1.362681 2.240797 -0.746323 -21.334892 0.584910 3.008319 -13.821196 -0.000001 0.000001 -23.887129 -0.249075 -0.839485 -60.073612 2.218898 -1.928529 -0.294025 1.679686 0.833255 -14.218195 0.093215 1.300579 -34.212002 -0.287561 0.967166 -20.033176 0.964536 1.212838 0.000000 -0.000000 0.000000 -3.440387 0.788233 0.501655 -15.928172 -3.167306 2.999703 -6.338817 -0.000000 0.000001 -18.123419 3.648181 -4.905662 -0.000004 0.000000 -0.000002 16.423491 9.020987 13.105393 56.497173 10.630040 9.913132 -8.922617 87.674850 -8.774684 -8.499192 -9.313872 62.720951 2.243540 -5.255033 -3.180156 14.282877 -0.826594 6.952496 -0.000000 -12.690593 -0.000001 16.536789 -17.663296 2.546327 1.665665 -1.955920 -2.878297 4.727794 -4.170584 4.993919 11.020511 0.000001 -0.000000 12.109032 -3.735715 -2.866778 0.000000 -0.000000 0.000000 1.291985 -1.928548 -1.498088 14.800115 0.567467 3.865604 14.242553 -1.341738 -6.660648 19.631935 0.143921 -0.648243 49.824093 -1.093167 -6.343779 0.353029 -1.511150 -0.031940 20.222769 3.684305 2.316629 18.787249 0.000001 -0.000001 10.751608 -0.479870 1.397903 0.000000 -0.000000 0.000000 3.273804 0.305947 -0.580110 21.486790 11.830364 2.266131 8.162915 0.000000 -0.000000 18.399052 -3.798986 -4.940567 0.000003 0.000000 -0.000001 3.505770 7.156558 -53.900772 0.023926 0.119279 91.348213 2.552146 -4.334494 -3.603392 1.614710 -1.964332 -3.284532 0.000000 -0.000000 0.000002 -13.641542 -13.942462 -49.833305 0.284145 0.244208 95.685005 2.111293 11.110384 -9.686808 -1.449999 0.723017 -3.968484 0.000000 -0.000000 -0.000001
0.000000 0.000000 0.000000 0.000000 -0.000000 0.000000 3.850336 -43.498616 -40.152675 -0.736577 0.834771 -34.966476 1.057991 -0.608622 12.361622 0.223741 0.041126 2.136538 0.962188 -1.990902 20.139376 -0.259422 2.026965 5.708865 -0.637207 1.224836 -3.392129 2.623906 -1.303292 -13.090256 0.000077 -0.000022 0.000006 -0.015570 0.070036 -0.017542 0.662990 -3.626059 -10.507426 -0.702149 3.775604 -10.470627 -15.101463 -4.729798 11.877962 -57.638184 -16.950924 22.529814 0.013889 -74.521805 0.104366 23.167734 -3.375716 46.868137 -5.882102 9.861279 0.702590 -10.936861 -0.360574 7.156197 0.000000 8.774815 -0.000000 -17.738087 18.404892 5.307985 -1.844031 2.498503 -2.507276 -10.163590 4.678941 4.621104 -20.975996 -0.000001 0.000001 -21.226254 2.451698 -3.593995 0.000000 -0.000006 -0.000000 -1.362681 2.240797 -0.746323 -21.334892 0.584910 3.008319 -13.821196 -0.000001 0.000001 -23.887129 -0.249075 -0.839485 -60.088440 2.233156 -1.908456 -0.294025 1.679686 0.833255 -14.218195 0.093215 1.300579 -34.212002 -0.287561 0.967166 -20.033176 0.964536 1.212838 0.000000 -0.000000 0.000000 -3.440387 0.788233 0.501655 -15.928172 -3.167306 2.999703 -6.338817 -0.000000 0.000001 -18.123419 3.648181 -4.905662 -0.000004 0.000000 -0.000002 16.909529 8.613343 13.258581 56.571201 10.826582 9.645692 -6.817953 86.471413 -6.733036 -7.769317 -9.147297 61.865128 2.243540 -5.255033 -3.180156 14.282877 -0.826594 6.952496 -0.000000 -12.690593 -0.000001 16.559515 -17.701178 2.559272 1.665665 -1.955920 -2.878297 4.727794 -4.170584 4.993919 11.020511 0.000001 -0.000000 12.109032 -3.735715 -2.866778 0.000000 -0.000000 0.000000 1.291985 -1.928548 -1.498088 14.800115 0.567467 3.865604 14.242553 -1.341738 -6.660648 19.631935 0.143921 -0.648243 49.936764 -1.053927 -6.324440 0.353029 -1.511150 -0.031940 20.222769 3.684305 2.316629 18.787249 0.000001 -0.000001 10.751608 -0.479870 1.397903 0.000000 -0.000000 0.000000 3.273804 0.305947 -0.580110 21.486790 11.830364 2.266131 8.162915 0.000000 -0.000000 18.399052 -3.798986 -4.940567 0.000003 0.000000 -0.000001 3.718595 7.029421 -52.737064 0.051973 0.105972 91.446465 2.824940 -4.331142 -3.828596 1.616294 -1.972736 -3.254479 0.000000 -0.000000 0.000002 -13.798233 -13.797877 -48.603966 0.296934 0.248283 95.599785 2.015840 11.401091 -9.808180 -1.444184 0.722837 -4.035041 0.000000 -0.000000 -0.000001
0.000000 0.000000 0.000000 0.000000 -0.000000 0.000000 3.964758 -43.541959 -40.154992 -0.799658 0.724303 -35.747517 1.016076 -0.607485 11.940789 0.214458 0.023752 1.988632 0.935081 -1.979374 20.143358 -0.173869 1.991413 5.981737 -0.586150 1.367401 -3.411278 2.505709 -1.116419 -12.571761 0.000077 -0.000022 0.000006 -0.016125 0.077413 -0.021058 0.671151 -3.619426 -10.518969 -0.711265 3.783709 -10.486091 -15.623701 -4.555258 11.886909 -57.517250 -16.921612 22.307299 -0.557380 -73.477829 0.639292 22.054422 -3.402731 46.635296 -5.882102 9.861279 0.702590 -10.936861 -0.360574 7.156197 0.000000 8.774815 -0.000000 -17.729834 18.368486 5.292769 -1.844031 2.498503 -2.507276 -10.163590 4.678941 4.621104 -20.975996 -0.000001 0.000001 -21.226254 2.451698 -3.593995 0.000000 -0.000006 -0.000000 -1.362681 2.240797 -0.746323 -21.334892 0.584910 3.008319 -13.821196 -0.000001 0.000001 -23.887129 -0.249075 -0.839485 -60.047874 2.265023 -1.910057 -0.294025 1.679686 0.833255 -14.218195 0.093215 1.300579 -34.212002 -0.287561 0.967166 -20.033176 0.964536 1.212838 0.000000 -0.000000 0.000000 -3.440387 0.788233 0.501655 -15.928172 -3.167306 2.999703 -6.338817 -0.000000 0.000001 -18.123419 3.648181 -4.905662 -0.000004 0.000000 -0.000002 17.242661 8.324281 13.402493 56.696327 10.884958 9.330862 -5.979020 85.391762 -5.934390 -7.245219 -9.167656 61.156147 2.243540 -5.255033 -3.180156 14.282877 -0.826594 6.952496 -0.000000 -12.690593 -0.000001 16.577087 -17.712589 2.576983 1.665665 -1.955920 -2.878297 4.727794 -4.170584 4.993919 11.020511 0.000001 -0.000000 12.109032 -3.735715 -2.866778 0.000000 -0.000000 0.000000 1.291985 -1.928548 -1.498088 14.800115 0.567467 3.865604 14.242553 -1.341738 -6.660648 19.631935 0.143921 -0.648243 49.984604 -1.001438 -6.300869 0.353029 -1.511150 -0.031940 20.222769 3.684305 2.316629 18.787249 0.000001 -0.000001 10.751608 -0.479870 1.397903 0.000000 -0.000000 0.000000 3.273804 0.305947 -0.580110 21.486790 11.830364 2.266131 8.162915 0.000000 -0.000000 18.399052 -3.798986 -4.940567 0.000003 0.000000 -0.000001 3.824993 6.934645 -51.881756 0.052326 0.093517 91.514374 3.027045 -4.233649 -3.983721 1.620348 -1.977220 -3.257342 0.000000 -0.000000 0.000002 -13.993950 -13.714020 -47.710594 0.307734 0.259914 95.512764 2.050933 11.743699 -9.801002 -1.440770 0.713258 -4.103641 0.000000 -0.000000 -0.000001
0.000000 0.000000 0.000000 0.000000 -0.000000 0.000000 4.106142 -43.580445 -40.164391 -0.823608 0.631101 -36.302429 0.963088 -0.608559 11.595886 0.202603 0.031872 1.845289 0.888643 -1.971192 20.059746 -0.102766 1.994853 6.110623 -0.529892 1.512158 -3.430218 2.431989 -0.962111 -12.195405 0.000077 -0.000022 0.000006 -0.016790 0.079995 -0.022843 0.672456 -3.618660 -10.528331 -0.713741 3.788026 -10.498454 -15.999660 -4.413531 11.862636 -57.500099 -16.921024 22.202173 -0.810434 -72.556740 0.857411 21.035397 -3.381717 46.350178 -5.882102 9.861279 0.702590 -10.936861 -0.360574 7.156197 0.000000 8.774815 -0.000000 -17.708509 18.323917 5.264172 -1.844031 2.498503 -2.507276 -10.163590 4.678941 4.621104 -20.975996 -0.000001 0.000001 -21.226254 2.451698 -3.593995 0.000000 -0.000006 -0.000000 -1.362681 2.240797 -0.746323 -21.334892 0.584910 3.008319 -13.821196 -0.000001 0.000001 -23.887129 -0.249075 -0.839485 -59.956890 2.292443 -1.901467 -0.294025 1.679686 0.833255 -14.218195 0.093215 1.300579 -34.212002 -0.287561 0.967166 -20.033176 0.964536 1.212838 0.000000 -0.000000 0.000000 -3.440387 0.788233 0.501655 -15.928172 -3.167306 2.999703 -6.338817 -0.000000 0.000001 -18.123419 3.648181 -4.905662 -0.000004 0.000000 -0.000002 17.489408 8.121493 13.518003 56.817459 10.861856 8.993773 -5.865596 84.443314 -5.812461 -6.881058 -9.319100 60.574696 2.243540 -5.255033 -3.180156 14.282877 -0.826594 6.952496 -0.000000 -12.690593 -0.000001 16.595457 -17.717953 2.581963 1.665665 -1.955920 -2.878297 4.727794 -4.170584 4.993919 11.020511 0.000001 -0.000000 12.109032 -3.735715 -2.866778 0.000000 -0.000000 0.000000 1.291985 -1.928548 -1.498088 14.800115 0.567467 3.865604 14.242553 -1.341738 -6.660648 19.631935 0.143921 -0.648243 49.970928 -0.959934 -6.300784 0.353029 -1.511150 -0.031940 20.222769 3.684305 2.316629 18.787249 0.000001 -0.000001 10.751608 -0.479870 1.397903 0.000000 -0.000000 0.000000 3.273804 0.305947 -0.580110 21.486790 11.830364 2.266131 8.162915 0.000000 -0.000000 18.399052 -3.798986 -4.940567 0.000003 0.000000 -0.000001 3.832157 6.882671 -51.280888 0.037673 0.083154 91.565491 3.133398 -4.089781 -4.086360 1.625522 -1.983736 -3.272619 0.000000 -0.000000 0.000002 -14.189323 -13.691463 -47.089966 0.308734 0.278180 95.429733 2.123827 12.111263 -9.741595 -1.440343 0.692692 -4.143510 0.000000 -0.000000 -0.000001
0.000000 0.000000 0.000000 0.000000 -0.000000 0.000000 4.246384 -43.605737 -40.167356 -0.842683 0.549146 -36.678959 0.908533 -0.598957 11.307044 0.190895 0.048054 1.711680 0.842836 -1.965835 19.931776 -0.025072 2.021312 6.153430 -0.465021 1.649956 -3.449760 2.377153 -0.810061 -11.911198 0.000077 -0.000022 0.000006 -0.017085 0.080320 -0.023030 0.671401 -3.619288 -10.533849 -0.713115 3.789134 -10.506150 -16.272657 -4.311745 11.817295 -57.510002 -16.954327 22.189386 -0.813315 -71.720810 0.844149 20.125265 -3.279243 45.994041 -5.882102 9.861279 0.702590 -10.936861 -0.360574 7.156197 0.000000 8.774815 -0.000000 -17.663212 18.284674 5.245517 -1.844031 2.498503 -2.507276 -10.163590 4.678941 4.621104 -20.975996 -0.000001 0.000001 -21.226254 2.451698 -3.593995 0.000000 -0.000006 -0.000000 -1.362681 2.240797 -0.746323 -21.334892 0.584910 3.008319 -13.821196 -0.000001 0.000001 -23.887129 -0.249075 -0.839485 -59.882175 2.311577 -1.888455 -0.294025 1.679686 0.833255 -14.218195 0.093215 1.300579 -34.212002 -0.287561 0.967166 -20.033176 0.964536 1.212838 0.000000 -0.000000 0.000000 -3.440387 0.788233 0.501655 -15.928172 -3.167306 2.999703 -6.338817 -0.000000 0.000001 -18.123419 3.648181 -4.905662 -0.000004 0.000000 -0.000002 17.712545 7.964873 13.582777 56.863178 10.792988 8.691798 -6.148702 83.654243 -6.049945 -6.597506 -9.554565 59.927158 2.243540 -5.255033 -3.180156 14.282877 -0.826594 6.952496 -0.000000 -12.690593 -0.000001 16.612684 -17.738674 2.574132 1.665665 -1.955920 -2.878297 4.727794 -4.170584 4.993919 11.020511 0.000001 -0.000000 12.109032 -3.735715 -2.866778 0.000000 -0.000000 0.000000 1.291985 -1.928548 -1.498088 14.800115 0.567467 3.865604 14.242553 -1.341738 -6.660648 19.631935 0.143921 -0.648243 49.927387 -0.924773 -6.327094 0.353029 -1.511150 -0.031940 20.222769 3.684305 2.316629 18.787249 0.000001 -0.000001 10.751608 -0.479870 1.397903 0.000000 -0.000000 0.000000 3.273804 0.305947 -0.580110 21.486790 11.830364 2.266131 8.162915 0.000000 -0.000000 18.399052 -3.798986 -4.940567 0.000003 0.000000 -0.000001 3.808006 6.837005 -50.872021 0.023912 0.075656 91.611389 3.125099 -3.924705 -4.163132 1.628911 -1.987644 -3.261575 0.000000 -0.000000 0.000002 -14.353130 -13.704100 -46.661011 0.290401 0.295291 95.351379 2.190819 12.457716 -9.673488 -1.441515 0.665426 -4.161550 0.000000 -0.000000 -0.000001
0.000000 0.000000 0.000000 0.000000 -0.000000 0.000000 4.374886 -43.624387 -40.136147 -0.864209 0.478103 -36.947437 0.847667 -0.579423 11.042679 0.178142 0.063357 1.593907 0.787071 -1.973289 19.783499 0.087208 2.043908 6.168077 -0.408690 1.762671 -3.466720 2.353803 -0.617616 -11.666068 0.000077 -0.000022 0.000006 -0.018066 0.076050 -0.023606 0.670350 -3.622847 -10.535366 -0.713860 3.783850 -10.507996 -16.450092 -4.240726 11.775060 -57.556858 -17.006922 22.171764 -0.751458 -70.872475 0.793856 19.277285 -3.143368 45.628094 -5.882102 9.861279 0.702590 -10.936861 -0.360574 7.156197 0.000000 8.774815 -0.000000 -17.615614 18.258183 5.241936 -1.844031 2.498503 -2.507276 -10.163590 4.678941 4.621104 -20.975996 -0.000001 0.000001 -21.226254 2.451698 -3.593995 0.000000 -0.000006 -0.000000 -1.362681 2.240797 -0.746323 -21.334892 0.584910 3.008319 -13.821196 -0.000001 0.000001 -23.887129 -0.249075 -0.839485 -59.852455 2.310884 -1.853626 -0.294025 1.679686 0.833255 -14.218195 0.093215 1.300579 -34.212002 -0.287561 0.967166 -20.033176 0.964536 1.212838 0.000000 -0.000000 0.000000 -3.440387 0.788233 0.501655 -15.928172 -3.167306 2.999703 -6.338817 -0.000000 0.000001 -18.123419 3.648181 -4.905662 -0.000004 0.000000 -0.000002 17.922449 7.827665 13.614585 56.886097 10.726057 8.455892 -6.567169 82.956947 -6.400725 -6.323889 -9.786435 59.222031 2.243540 -5.255033 -3.180156 14.282877 -0.826594 6.952496 -0.000000 -12.690593 -0.000001 16.613914 -17.759296 2.568485 1.665665 -1.955920 -2.878297 4.727794 -4.170584 4.993919 11.020511 0.000001 -0.000000 12.109032 -3.735715 -2.866778 0.000000 -0.000000 0.000000 1.291985 -1.928548 -1.498088 14.800115 0.567467 3.865604 14.242553 -1.341738 -6.660648 19.631935 0.143921 -0.648243 49.884907 -0.900715 -6.359789 0.353029 -1.511150 -0.031940 20.222769 3.684305 2.316629 18.787249 0.000001 -0.000001 10.751608 -0.479870 1.397903 0.000000 -0.000000 0.000000 3.273804 0.305947 -0.580110 21.486790 11.830364 2.266131 8.162915 0.000000 -0.000000 18.399052 -3.798986 -4.940567 0.000003 0.000000 -0.000001 3.781540 6.817455 -50.576351 0.018825 0.069498 91.689400 3.099316 -3.768848 -4.266376 1.632021 -1.985755 -3.209543 0.000000 -0.000000 0.000002 -14.498116 -13.733245 -46.335918 0.258919 0.307297 95.310486 2.242120 12.770175 -9.647722 -1.442344 0.637668 -4.122178 0.000000 -0.000000 -0.000001
0.000000 0.000000 0.000000 0.000000 -0.000000 0.000000 4.481456 -43.640523 -40.084468 -0.893026 0.414876 -37.141293 0.784773 -0.557890 10.789330 0.160932 0.070119 1.488858 0.733103 -1.981562 19.649689 0.225252 2.035676 6.157667 -0.365790 1.895057 -3.474752 2.338627 -0.428064 -11.435441 0.000077 -0.000022 0.000006 -0.017942 0.073602 -0.024019 0.668619 -3.624488 -10.533485 -0.711770 3.780175 -10.506740 -16.585283 -4.168428 11.770892 -57.600613 -17.120241 22.083269 -0.799087 -69.982094 0.850932 18.505926 -3.011773 45.397602 -5.882102 9.861279 0.702590 -10.936861 -0.360574 7.156197 0.000000 8.774815 -0.000000 -17.576504 18.235344 5.247372 -1.844031 2.498503 -2.507276 -10.163590 4.678941 4.621104 -20.975996 -0.000001 0.000001 -21.226254 2.451698 -3.593995 0.000000 -0.000006 -0.000000 -1.362681 2.240797 -0.746323 -21.334892 0.584910 3.008319 -13.821196 -0.000001 0.000001 -23.887129 -0.249075 -0.839485 -59.840149 2.302842 -1.810272 -0.294025 1.679686 0.833255 -14.218195 0.093215 1.300579 -34.212002 -0.287561 0.967166 -20.033176 0.964536 1.212838 0.000000 -0.000000 0.000000 -3.440387 0.788233 0.501655 -15.928172 -3.167306 2.999703 -6.338817 -0.000000 0.000001 -18.123419 3.648181 -4.905662 -0.000004 0.000000 -0.000002 18.128235 7.710666 13.603775 56.884338 10.677299 8.277742 -6.774606 82.280167 -6.539997 -6.065867 -9.947027 58.565750 2.243540 -5.255033 -3.180156 14.282877 -0.826594 6.952496 -0.000000 -12.690593 -0.000001 16.630722 -17.771399 2.568326 1.665665 -1.955920 -2.878297 4.727794 -4.170584 4.993919 11.020511 0.000001 -0.000000 12.109032 -3.735715 -2.866778 0.000000 -0.000000 0.000000 1.291985 -1.928548 -1.498088 14.800115 0.567467 3.865604 14.242553 -1.341738 -6.660648 19.631935 0.143921 -0.648243 49.855694 -0.876651 -6.380723 0.353029 -1.511150 -0.031940 20.222769 3.684305 2.316629 18.787249 0.000001 -0.000001 10.751608 -0.479870 1.397903 0.000000 -0.000000 0.000000 3.273804 0.305947 -0.580110 21.486790 11.830364 2.266131 8.162915 0.000000 -0.000000 18.399052 -3.798986 -4.940567 0.000003 0.000000 -0.000001 3.774582 6.837186 -50.362762 0.023658 0.067499 91.788094 3.081563 -3.648768 -4.383678 1.635731 -1.984094 -3.139224 0.000000 -0.000000 0.000002 -14.607784 -13.777459 -46.092194 0.229899 0.316268 95.305183 2.282238 13.023124 -9.639839 -1.442559 0.618832 -4.060615 0.000000 -0.000000 -0.000001
0.000000 0.000000 0.000000 0.000000 -0.000000 0.000000 4.563570 -43.644025 -40.017415 -0.925234 0.351909 -37.283295 0.722351 -0.533025 10.552887 0.145864 0.074300 1.399655 0.680790 -1.992816 19.529085 0.354876 1.999223 6.149634 -0.321858 2.043391 -3.479592 2.303850 -0.252066 -11.253047 0.000077 -0.000022 0.000006 -0.016222 0.074994 -0.023908 0.666268 -3.621902 -10.530406 -0.705901 3.779689 -10.506006 -16.676714 -4.106360 11.792842 -57.657219 -17.262712 21.963728 -0.807766 -69.055748 0.828542 17.777218 -2.929060 45.224689 -5.882102 9.861279 0.702590 -10.936861 -0.360574 7.156197 0.000000 8.774815 -0.000000 -17.548162 18.208626 5.250610 -1.844031 2.498503 -2.507276 -10.163590 4.678941 4.621104 -20.975996 -0.000001 0.000001 -21.226254 2.451698 -3.593995 0.000000 -0.000006 -0.000000 -1.362681 2.240797 -0.746323 -21.334892 0.584910 3.008319 -13.821196 -0.000001 0.000001 -23.887129 -0.249075 -0.839485 -59.795433 2.288406 -1.782627 -0.294025 1.679686 0.833255 -14.218195 0.093215 1.300579 -34.212002 -0.287561 0.967166 -20.033176 0.964536 1.212838 0.000000 -0.000000 0.000000 -3.440387 0.788233 0.501655 -15.928172 -3.167306 2.999703 -6.338817 -0.000000 0.000001 -18.123419 3.648181 -4.905662 -0.000004 0.000000 -0.000002 18.316397 7.600093 13.563606 56.882904 10.668632 8.160144 -6.663398 81.602631 -6.383543 -5.857427 -10.025970 57.949184 2.243540 -5.255033 -3.180156 14.282877 -0.826594 6.952496 -0.000000 -12.690593 -0.000001 16.653210 -17.778837 2.574373 1.665665 -1.955920 -2.878297 4.727794 -4.170584 4.993919 11.020511 0.000001 -0.000000 12.109032 -3.735715 -2.866778 0.000000 -0.000000 0.000000 1.291985 -1.928548 -1.498088 14.800115 0.567467 3.865604 14.242553 -1.341738 -6.660648 19.631935 0.143921 -0.648243 49.823734 -0.849757 -6.386557 0.353029 -1.511150 -0.031940 20.222769 3.684305 2.316629 18.787249 0.000001 -0.000001 10.751608 -0.479870 1.397903 0.000000 -0.000000 0.000000 3.273804 0.305947 -0.580110 21.486790 11.830364 2.266131 8.162915 0.000000 -0.000000 18.399052 -3.798986 -4.940567 0.000003 0.000000 -0.000001 3.797003 6.885968 -50.189915 0.026136 0.071640 91.887314 3.103365 -3.607840 -4.514028 1.638691 -1.990522 -3.095848 0.000000 -0.000000 0.000002 -14.682531 -13.845532 -45.899231 0.209242 0.319792 95.320984 2.278098 13.226694 -9.635691 -1.441409 0.602967 -4.025492 0.000000 -0.000000 -0.000001
0.000000 0.000000 0.000000 0.000000 -0.000000 0.000000 4.623912 -43.642930 -39.924552 -0.959343 0.305275 -37.382240 0.661019 -0.506658 10.328864 0.124406 0.073709 1.323253 0.641559 -1.992322 19.417730 0.454317 1.951070 6.160957 -0.277257 2.177314 -3.487003 2.263572 -0.095752 -11.091698 0.000077 -0.000022 0.000006 -0.014855 0.074323 -0.021319 0.662824 -3.621623 -10.527802 -0.699698 3.777288 -10.506052 -16.730946 -4.064150 11.823143 -57.730404 -17.405737 21.850491 -0.720010 -68.179192 0.693877 17.114424 -2.901997 45.023567 -5.882102 9.861279 0.702590 -10.936861 -0.360574 7.156197 0.000000 8.774815 -0.000000 -17.504684 18.171736 5.258456 -1.844031 2.498503 -2.507276 -10.163590 4.678941 4.621104 -20.975996 -0.000001 0.000001 -21.226254 2.451698 -3.593995 0.000000 -0.000006 -0.000000 -1.362681 2.240797 -0.746323 -21.334892 0.584910 3.008319 -13.821196 -0.000001 0.000001 -23.887129 -0.249075 -0.839485 -59.712193 2.274544 -1.764342 -0.294025 1.679686 0.833255 -14.218195 0.093215 1.300579 -34.212002 -0.287561 0.967166 -20.033176 0.964536 1.212838 0.000000 -0.000000 0.000000 -3.440387 0.788233 0.501655 -15.928172 -3.167306 2.999703 -6.338817 -0.000000 0.000001 -18.123419 3.648181 -4.905662 -0.000004 0.000000 -0.000002 18.467810 7.508575 13.512317 56.907776 10.686075 8.124535 -6.599776 80.953888 -6.283048 -5.728741 -10.051420 57.479553 2.243540 -5.255033 -3.180156 14.282877 -0.826594 6.952496 -0.000000 -12.690593 -0.000001 16.667665 -17.792534 2.590884 1.665665 -1.955920 -2.878297 4.727794 -4.170584 4.993919 11.020511 0.000001 -0.000000 12.109032 -3.735715 -2.866778 0.000000 -0.000000 0.000000 1.291985 -1.928548 -1.498088 14.800115 0.567467 3.865604 14.242553 -1.341738 -6.660648 19.631935 0.143921 -0.648243 49.802135 -0.822278 -6.384352 0.353029 -1.511150 -0.031940 20.222769 3.684305 2.316629 18.787249 0.000001 -0.000001 10.751608 -0.479870 1.397903 0.000000 -0.000000 0.000000 3.273804 0.305947 -0.580110 21.486790 11.830364 2.266131 8.162915 0.000000 -0.000000 18.399052 -3.798986 -4.940567 0.000003 0.000000 -0.000001 3.833605 6.961758 -50.056980 0.027389 0.079054 92.006813 3.144666 -3.632803 -4.668967 1.641443 -1.998542 -3.069192 0.000000 -0.000000 0.000002 -14.744519 -13.946516 -45.729248 0.200041 0.317976 95.359863 2.224373 13.401258 -9.714749 -1.441381 0.592790 -4.012063 0.000000 -0.000000 -0.000001
0.000000 0.000000 0.000000 0.000000 -0.000000 0.000000 4.678585 -43.622247 -39.817409 -0.995824 0.269109 -37.441498 0.604813 -0.480611 10.120943 0.095677 0.074761 1.251332 0.615774 -1.974201 19.311974 0.527252 1.911902 6.207247 -0.241111 2.281404 -3.494525 2.233873 0.021973 -10.951825 0.000077 -0.000022 0.000006 -0.016534 0.065255 -0.017430 0.655165 -3.629529 -10.525331 -0.695471 3.766757 -10.505025 -16.764559 -4.042841 11.856278 -57.797615 -17.528053 21.701454 -0.630078 -67.394196 0.573246 16.527754 -2.919828 44.742256 -5.882102 9.861279 0.702590 -10.936861 -0.360574 7.156197 0.000000 8.774815 -0.000000 -17.464197 18.131685 5.274119 -1.844031 2.498503 -2.507276 -10.163590 4.678941 4.621104 -20.975996 -0.000001 0.000001 -21.226254 2.451698 -3.593995 0.000000 -0.000006 -0.000000 -1.362681 2.240797 -0.746323 -21.334892 0.584910 3.008319 -13.821196 -0.000001 0.000001 -23.887129 -0.249075 -0.839485 -59.619766 2.261206 -1.731319 -0.294025 1.679686 0.833255 -14.218195 0.093215 1.300579 -34.212002 -0.287561 0.967166 -20.033176 0.964536 1.212838 0.000000 -0.000000 0.000000 -3.440387 0.788233 0.501655 -15.928172 -3.167306 2.999703 -6.338817 -0.000000 0.000001 -18.123419 3.648181 -4.905662 -0.000004 0.000000 -0.000002 18.595556 7.438806 13.477200 56.937962 10.729112 8.081765 -6.420321 80.351212 -6.085284 -5.650103 -10.009670 57.040634 2.243540 -5.255033 -3.180156 14.282877 -0.826594 6.952496 -0.000000 -12.690593 -0.000001 16.666599 -17.805176 2.607136 1.665665 -1.955920 -2.878297 4.727794 -4.170584 4.993919 11.020511 0.000001 -0.000000 12.109032 -3.735715 -2.866778 0.000000 -0.000000 0.000000 1.291985 -1.928548 -1.498088 14.800115 0.567467 3.865604 14.242553 -1.341738 -6.660648 19.631935 0.143921 -0.648243 49.779793 -0.797822 -6.386615 0.353029 -1.511150 -0.031940 20.222769 3.684305 2.316629 18.787249 0.000001 -0.000001 10.751608 -0.479870 1.397903 0.000000 -0.000000 0.000000 3.273804 0.305947 -0.580110 21.486790 11.830364 2.266131 8.162915 0.000000 -0.000000 18.399052 -3.798986 -4.940567 0.000003 0.000000 -0.000001 3.873594 7.045474 -49.942680 0.036787 0.088758 92.115540 3.168210 -3.696027 -4.833833 1.644379 -2.000267 -3.034429 0.000000 -0.000000 0.000002 -14.799531 -14.063247 -45.574379 0.190875 0.313997 95.395058 2.149368 13.554152 -9.810432 -1.441713 0.583933 -4.001874 0.000000 -0.000000 -0.000001
0.000000 0.000000 0.000000 0.000000 -0.000000 0.000000 4.718440 -43.595460 -39.705155 -1.036623 0.234811 -37.493080 0.556660 -0.454896 9.940733 0.068137 0.077888 1.186249 0.599746 -1.942121 19.211958 0.572638 1.887707 6.282403 -0.209927 2.343707 -3.501874 2.193188 0.111834 -10.846902 0.000077 -0.000022 0.000006 -0.019330 0.055350 -0.013623 0.647722 -3.637615 -10.521176 -0.693736 3.755041 -10.502072 -16.790277 -4.021354 11.877538 -57.848759 -17.597183 21.492800 -0.683654 -66.769234 0.586995 16.039967 -2.934295 44.439167 -5.882102 9.861279 0.702590 -10.936861 -0.360574 7.156197 0.000000 8.774815 -0.000000 -17.443321 18.099695 5.287436 -1.844031 2.498503 -2.507276 -10.163590 4.678941 4.621104 -20.975996 -0.000001 0.000001 -21.226254 2.451698 -3.593995 0.000000 -0.000006 -0.000000 -1.362681 2.240797 -0.746323 -21.334892 0.584910 3.008319 -13.821196 -0.000001 0.000001 -23.887129 -0.249075 -0.839485 -59.537880 2.252449 -1.692733 -0.294025 1.679686 0.833255 -14.218195 0.093215 1.300579 -34.212002 -0.287561 0.967166 -20.033176 0.964536 1.212838 0.000000 -0.000000 0.000000 -3.440387 0.788233 0.501655 -15.928172 -3.167306 2.999703 -6.338817 -0.000000 0.000001 -18.123419 3.648181 -4.905662 -0.000004 0.000000 -0.000002 18.727360 7.375047 13.445411 56.951038 10.769577 8.059579 -6.334017 79.805496 -5.987844 -5.638281 -9.878481 56.617393 2.243540 -5.255033 -3.180156 14.282877 -0.826594 6.952496 -0.000000 -12.690593 -0.000001 16.655558 -17.813892 2.618208 1.665665 -1.955920 -2.878297 4.727794 -4.170584 4.993919 11.020511 0.000001 -0.000000 12.109032 -3.735715 -2.866778 0.000000 -0.000000 0.000000 1.291985 -1.928548 -1.498088 14.800115 0.567467 3.865604 14.242553 -1.341738 -6.660648 19.631935 0.143921 -0.648243 49.768925 -0.780445 -6.390467 0.353029 -1.511150 -0.031940 20.222769 3.684305 2.316629 18.787249 0.000001 -0.000001 10.751608 -0.479870 1.397903 0.000000 -0.000000 0.000000 3.273804 0.305947 -0.580110 21.486790 11.830364 2.266131 8.162915 0.000000 -0.000000 18.399052 -3.798986 -4.940567 0.000003 0.000000 -0.000001 3.936492 7.125654 -49.828171 0.060946 0.098786 92.220276 3.165195 -3.820307 -5.001180 1.647404 -2.000858 -3.024875 0.000000 -0.000000 0.000002 -14.833566 -14.169456 -45.420753 0.187010 0.308128 95.435127 2.063144 13.650089 -9.921324 -1.441147 0.582310 -4.016904 0.000000 -0.000000 -0.000001
0.000000 0.000000 0.000000 0.000000 -0.000000 0.000000 4.753023 -43.566022 -39.603975 -1.075152 0.225179 -37.530155 0.510179 -0.433028 9.785112 0.049773 0.089454 1.127298 0.578915 -1.910229 19.129738 0.587272 1.873200 6.352412 -0.194995 2.362809 -3.510267 2.151943 0.189722 -10.766550 0.000077 -0.000022 0.000006 -0.020831 0.049590 -0.013312 0.644702 -3.641019 -10.522099 -0.693896 3.747393 -10.503725 -16.802378 -4.004698 11.847226 -57.882515 -17.584711 21.218870 -0.919890 -66.339249 0.758037 15.626739 -2.944650 44.175190 -5.882102 9.861279 0.702590 -10.936861 -0.360574 7.156197 0.000000 8.774815 -0.000000 -17.434683 18.097746 5.311825 -1.844031 2.498503 -2.507276 -10.163590 4.678941 4.621104 -20.975996 -0.000001 0.000001 -21.226254 2.451698 -3.593995 0.000000 -0.000006 -0.000000 -1.362681 2.240797 -0.746323 -21.334892 0.584910 3.008319 -13.821196 -0.000001 0.000001 -23.887129 -0.249075 -0.839485 -59.498569 2.248066 -1.653808 -0.294025 1.679686 0.833255 -14.218195 0.093215 1.300579 -34.212002 -0.287561 0.967166 -20.033176 0.964536 1.212838 0.000000 -0.000000 0.000000 -3.440387 0.788233 0.501655 -15.928172 -3.167306 2.999703 -6.338817 -0.000000 0.000001 -18.123419 3.648181 -4.905662 -0.000004 0.000000 -0.000002 18.860416 7.301868 13.423782 56.945061 10.819752 8.040214 -6.256527 79.348740 -5.870366 -5.691014 -9.728308 56.298096 2.243540 -5.255033 -3.180156 14.282877 -0.826594 6.952496 -0.000000 -12.690593 -0.000001 16.647787 -17.828773 2.620271 1.665665 -1.955920 -2.878297 4.727794 -4.170584 4.993919 11.020511 0.000001 -0.000000 12.109032 -3.735715 -2.866778 0.000000 -0.000000 0.000000 1.291985 -1.928548 -1.498088 14.800115 0.567467 3.865604 14.242553 -1.341738 -6.660648 19.631935 0.143921 -0.648243 49.771610 -0.767244 -6.400483 0.353029 -1.511150 -0.031940 20.222769 3.684305 2.316629 18.787249 0.000001 -0.000001 10.751608 -0.479870 1.397903 0.000000 -0.000000 0.000000 3.273804 0.305947 -0.580110 21.486790 11.830364 2.266131 8.162915 0.000000 -0.000000 18.399052 -3.798986 -4.940567 0.000003 0.000000 -0.000001 3.979974 7.194445 -49.731312 0.083894 0.104759 92.304489 3.141020 -3.975405 -5.145034 1.649293 -2.005224 -3.031235 0.000000 -0.000000 0.000002 -14.875119 -14.284270 -45.281719 0.189907 0.300754 95.471474 1.966571 13.723521 -10.023547 -1.439984 0.582599 -4.054391 0.000000 -0.000000 -0.000001
0.000000 0.000000 0.000000 0.000000 -0.000000 0.000000 4.784095 -43.541638 -39.518888 -1.112114 0.245165 -37.559380 0.473512 -0.410109 9.657372 0.041702 0.110729 1.076552 0.542502 -1.886955 19.083649 0.578196 1.883044 6.395621 -0.195742 2.350952 -3.511308 2.128294 0.242558 -10.736109 0.000077 -0.000022 0.000006 -0.020461 0.050393 -0.016360 0.645110 -3.637551 -10.525345 -0.693708 3.746256 -10.507572 -16.802984 -3.991392 11.783170 -57.880142 -17.525911 20.926992 -1.210774 -66.116447 0.977731 15.271977 -2.950464 43.912086 -5.882102 9.861279 0.702590 -10.936861 -0.360574 7.156197 0.000000 8.774815 -0.000000 -17.412985 18.095207 5.335976 -1.844031 2.498503 -2.507276 -10.163590 4.678941 4.621104 -20.975996 -0.000001 0.000001 -21.226254 2.451698 -3.593995 0.000000 -0.000006 -0.000000 -1.362681 2.240797 -0.746323 -21.334892 0.584910 3.008319 -13.821196 -0.000001 0.000001 -23.887129 -0.249075 -0.839485 -59.471783 2.233011 -1.614755 -0.294025 1.679686 0.833255 -14.218195 0.093215 1.300579 -34.212002 -0.287561 0.967166 -20.033176 0.964536 1.212838 0.000000 -0.000000 0.000000 -3.440387 0.788233 0.501655 -15.928172 -3.167306 2.999703 -6.338817 -0.000000 0.000001 -18.123419 3.648181 -4.905662 -0.000004 0.000000 -0.000002 18.988529 7.215699 13.420410 56.911037 10.872571 7.977737 -6.046637 79.039154 -5.628110 -5.808660 -9.553625 56.068615 2.243540 -5.255033 -3.180156 14.282877 -0.826594 6.952496 -0.000000 -12.690593 -0.000001 16.620190 -17.845411 2.629808 1.665665 -1.955920 -2.878297 4.727794 -4.170584 4.993919 11.020511 0.000001 -0.000000 12.109032 -3.735715 -2.866778 0.000000 -0.000000 0.000000 1.291985 -1.928548 -1.498088 14.800115 0.567467 3.865604 14.242553 -1.341738 -6.660648 19.631935 0.143921 -0.648243 49.779755 -0.746068 -6.405773 0.353029 -1.511150 -0.031940 20.222769 3.684305 2.316629 18.787249 0.000001 -0.000001 10.751608 -0.479870 1.397903 0.000000 -0.000000 0.000000 3.273804 0.305947 -0.580110 21.486790 11.830364 2.266131 8.162915 0.000000 -0.000000 18.399052 -3.798986 -4.940567 0.000003 0.000000 -0.000001 3.998508 7.243232 -49.656410 0.099834 0.110934 92.372345 3.123298 -4.105529 -5.293072 1.651778 -2.015027 -3.034660 0.000000 -0.000000 0.000002 -14.929281 -14.395944 -45.142803 0.200860 0.293445 95.489319 1.908083 13.766028 -10.156956 -1.438499 0.580625 -4.105973 0.000000 -0.000000 -0.000001
0.000000 0.000000 0.000000 0.000000 -0.000000 0.000000 4.815587 -43.534848 -39.467421 -1.140711 0.286514 -37.592545 0.444884 -0.391986 9.562026 0.034532 0.130033 1.029837 0.497342 -1.858209 19.078348 0.546301 1.906561 6.413840 -0.199504 2.343648 -3.505003 2.115044 0.251618 -10.738783 0.000077 -0.000022 0.000006 -0.020543 0.050079 -0.018744 0.643408 -3.637031 -10.527260 -0.692256 3.745623 -10.510270 -16.797546 -3.975982 11.732095 -57.849026 -17.455475 20.638222 -1.474716 -66.068031 1.169823 14.993367 -2.965786 43.701427 -5.882102 9.861279 0.702590 -10.936861 -0.360574 7.156197 0.000000 8.774815 -0.000000 -17.362106 18.089956 5.354206 -1.844031 2.498503 -2.507276 -10.163590 4.678941 4.621104 -20.975996 -0.000001 0.000001 -21.226254 2.451698 -3.593995 0.000000 -0.000006 -0.000000 -1.362681 2.240797 -0.746323 -21.334892 0.584910 3.008319 -13.821196 -0.000001 0.000001 -23.887129 -0.249075 -0.839485 -59.431995 2.221731 -1.599268 -0.294025 1.679686 0.833255 -14.218195 0.093215 1.300579 -34.212002 -0.287561 0.967166 -20.033176 0.964536 1.212838 0.000000 -0.000000 0.000000 -3.440387 0.788233 0.501655 -15.928172 -3.167306 2.999703 -6.338817 -0.000000 0.000001 -18.123419 3.648181 -4.905662 -0.000004 0.000000 -0.000002 19.108421 7.129456 13.425698 56.852390 10.884458 7.894942 -5.887557 78.880379 -5.458941 -5.953036 -9.354198 55.811897 2.243540 -5.255033 -3.180156 14.282877 -0.826594 6.952496 -0.000000 -12.690593 -0.000001 16.595055 -17.862774 2.641693 1.665665 -1.955920 -2.878297 4.727794 -4.170584 4.993919 11.020511 0.000001 -0.000000 12.109032 -3.735715 -2.866778 0.000000 -0.000000 0.000000 1.291985 -1.928548 -1.498088 14.800115 0.567467 3.865604 14.242553 -1.341738 -6.660648 19.631935 0.143921 -0.648243 49.791275 -0.728686 -6.404033 0.353029 -1.511150 -0.031940 20.222769 3.684305 2.316629 18.787249 0.000001 -0.000001 10.751608 -0.479870 1.397903 0.000000 -0.000000 0.000000 3.273804 0.305947 -0.580110 21.486790 11.830364 2.266131 8.162915 0.000000 -0.000000 18.399052 -3.798986 -4.940567 0.000003 0.000000 -0.000001 3.984186 7.267364 -49.608006 0.104207 0.116805 92.421082 3.112609 -4.189243 -5.322202 1.653924 -2.031795 -3.032787 0.000000 -0.000000 0.000002 -14.997712 -14.496799 -45.023415 0.211505 0.289293 95.492653 1.888293 13.810387 -10.278301 -1.436850 0.577784 -4.154624 0.000000 -0.000000 -0.000001
0.000000 0.000000 0.000000 0.000000 -0.000000 0.000000 4.824853 -43.546090 -39.466548 -1.159757 0.328788 -37.624847 0.423718 -0.374044 9.498110 0.024909 0.136625 0.990507 0.451881 -1.824810 19.098446 0.499889 1.953451 6.420373 -0.214273 2.316306 -3.502228 2.110978 0.235390 -10.746029 0.000077 -0.000022 0.000006 -0.020605 0.048000 -0.020326 0.641445 -3.639043 -10.526955 -0.690401 3.743906 -10.510174 -16.782015 -3.961187 11.686415 -57.796459 -17.357183 20.365463 -1.712825 -66.182465 1.356255 14.796495 -2.992141 43.586971 -5.882102 9.861279 0.702590 -10.936861 -0.360574 7.156197 0.000000 8.774815 -0.000000 -17.317759 18.084652 5.363211 -1.844031 2.498503 -2.507276 -10.163590 4.678941 4.621104 -20.975996 -0.000001 0.000001 -21.226254 2.451698 -3.593995 0.000000 -0.000006 -0.000000 -1.362681 2.240797 -0.746323 -21.334892 0.584910 3.008319 -13.821196 -0.000001 0.000001 -23.887129 -0.249075 -0.839485 -59.388634 2.222698 -1.604685 -0.294025 1.679686 0.833255 -14.218195 0.093215 1.300579 -34.212002 -0.287561 0.967166 -20.033176 0.964536 1.212838 0.000000 -0.000000 0.000000 -3.440387 0.788233 0.501655 -15.928172 -3.167306 2.999703 -6.338817 -0.000000 0.000001 -18.123419 3.648181 -4.905662 -0.000004 0.000000 -0.000002 19.200251 7.071072 13.422484 56.791111 10.834734 7.785460 -5.751374 78.854607 -5.343997 -6.087034 -9.132401 55.513016 2.243540 -5.255033 -3.180156 14.282877 -0.826594 6.952496 -0.000000 -12.690593 -0.000001 16.560257 -17.869160 2.650015 1.665665 -1.955920 -2.878297 4.727794 -4.170584 4.993919 11.020511 0.000001 -0.000000 12.109032 -3.735715 -2.866778 0.000000 -0.000000 0.000000 1.291985 -1.928548 -1.498088 14.800115 0.567467 3.865604 14.242553 -1.341738 -6.660648 19.631935 0.143921 -0.648243 49.783779 -0.721200 -6.401628 0.353029 -1.511150 -0.031940 20.222769 3.684305 2.316629 18.787249 0.000001 -0.000001 10.751608 -0.479870 1.397903 0.000000 -0.000000 0.000000 3.273804 0.305947 -0.580110 21.486790 11.830364 2.266131 8.162915 0.000000 -0.000000 18.399052 -3.798986 -4.940567 0.000003 0.000000 -0.000001 3.971866 7.270143 -49.593304 0.110073 0.122150 92.432838 3.076533 -4.249968 -5.297012 1.656066 -2.041990 -3.014379 0.000000 -0.000000 0.000002 -15.033876 -14.580203 -44.973129 0.226810 0.289123 95.500587 1.875358 13.826977 -10.298208 -1.434831 0.578192 -4.168446 0.000000 -0.000000 -0.000001
0.000000 0.000000 0.000000 0.000000 -0.000000 0.000000 4.807078 -43.552640 -39.500996 -1.170994 0.361381 -37.650917 0.411604 -0.354950 9.455420 0.016945 0.146234 0.960193 0.406002 -1.797857 19.134192 0.447575 2.011878 6.414521 -0.235631 2.285503 -3.500851 2.100206 0.191703 -10.757176 0.000077 -0.000022 0.000006 -0.019816 0.046865 -0.020691 0.640987 -3.640167 -10.522855 -0.688394 3.742800 -10.505802 -16.767693 -3.923411 11.629814 -57.720760 -17.244776 20.171082 -1.879721 -66.415642 1.491096 14.643986 -2.997095 43.544735 -5.882102 9.861279 0.702590 -10.936861 -0.360574 7.156197 0.000000 8.774815 -0.000000 -17.291010 18.086542 5.369076 -1.844031 2.498503 -2.507276 -10.163590 4.678941 4.621104 -20.975996 -0.000001 0.000001 -21.226254 2.451698 -3.593995 0.000000 -0.000006 -0.000000 -1.362681 2.240797 -0.746323 -21.334892 0.584910 3.008319 -13.821196 -0.000001 0.000001 -23.887129 -0.249075 -0.839485 -59.385906 2.218255 -1.608255 -0.294025 1.679686 0.833255 -14.218195 0.093215 1.300579 -34.212002 -0.287561 0.967166 -20.033176 0.964536 1.212838 0.000000 -0.000000 0.000000 -3.440387 0.788233 0.501655 -15.928172 -3.167306 2.999703 -6.338817 -0.000000 0.000001 -18.123419 3.648181 -4.905662 -0.000004 0.000000 -0.000002 19.285637 7.040275 13.414985 56.713512 10.731857 7.668222 -5.693778 78.925133 -5.340246 -6.210897 -8.888111 55.237766 2.243540 -5.255033 -3.180156 14.282877 -0.826594 6.952496 -0.000000 -12.690593 -0.000001 16.520208 -17.867109 2.650531 1.665665 -1.955920 -2.878297 4.727794 -4.170584 4.993919 11.020511 0.000001 -0.000000 12.109032 -3.735715 -2.866778 0.000000 -0.000000 0.000000 1.291985 -1.928548 -1.498088 14.800115 0.567467 3.865604 14.242553 -1.341738 -6.660648 19.631935 0.143921 -0.648243 49.746342 -0.718830 -6.414022 0.353029 -1.511150 -0.031940 20.222769 3.684305 2.316629 18.787249 0.000001 -0.000001 10.751608 -0.479870 1.397903 0.000000 -0.000000 0.000000 3.273804 0.305947 -0.580110 21.486790 11.830364 2.266131 8.162915 0.000000 -0.000000 18.399052 -3.798986 -4.940567 0.000003 0.000000 -0.000001 3.976628 7.272377 -49.584660 0.117267 0.124358 92.395477 3.022335 -4.305827 -5.222270 1.657715 -2.047922 -3.001880 0.000000 -0.000000 0.000002 -15.025947 -14.649924 -44.956154 0.241882 0.292400 95.485573 1.833217 13.818043 -10.271955 -1.432728 0.575532 -4.153227 0.000000 -0.000000 -0.000001
0.000000 0.000000 0.000000 0.000000 -0.000000 0.000000 4.771910 -43.565629 -39.540423 -1.174347 0.389719 -37.666443 0.402550 -0.343105 9.424411 0.005620 0.163778 0.942701 0.363310 -1.777456 19.179087 0.395939 2.065435 6.403881 -0.261765 2.254603 -3.502112 2.105005 0.141656 -10.800188 0.000077 -0.000022 0.000006 -0.019769 0.042830 -0.020351 0.639479 -3.645361 -10.521746 -0.686796 3.739838 -10.503865 -16.728357 -3.877679 11.582757 -57.655712 -17.138275 20.042652 -1.963859 -66.700966 1.551864 14.522031 -2.992993 43.496098 -5.882102 9.861279 0.702590 -10.936861 -0.360574 7.156197 0.000000 8.774815 -0.000000 -17.294703 18.087790 5.370367 -1.844031 2.498503 -2.507276 -10.163590 4.678941 4.621104 -20.975996 -0.000001 0.000001 -21.226254 2.451698 -3.593995 0.000000 -0.000006 -0.000000 -1.362681 2.240797 -0.746323 -21.334892 0.584910 3.008319 -13.821196 -0.000001 0.000001 -23.887129 -0.249075 -0.839485 -59.419621 2.208168 -1.603922 -0.294025 1.679686 0.833255 -14.218195 0.093215 1.300579 -34.212002 -0.287561 0.967166 -20.033176 0.964536 1.212838 0.000000 -0.000000 0.000000 -3.440387 0.788233 0.501655 -15.928172 -3.167306 2.999703 -6.338817 -0.000000 0.000001 -18.123419 3.648181 -4.905662 -0.000004 0.000000 -0.000002 19.367525 7.036065 13.432052 56.624275 10.615669 7.548033 -5.753439 79.046021 -5.443144 -6.318851 -8.647470 54.999474 2.243540 -5.255033 -3.180156 14.282877 -0.826594 6.952496 -0.000000 -12.690593 -0.000001 16.484713 -17.861998 2.644989 1.665665 -1.955920 -2.878297 4.727794 -4.170584 4.993919 11.020511 0.000001 -0.000000 12.109032 -3.735715 -2.866778 0.000000 -0.000000 0.000000 1.291985 -1.928548 -1.498088 14.800115 0.567467 3.865604 14.242553 -1.341738 -6.660648 19.631935 0.143921 -0.648243 49.690769 -0.716930 -6.433514 0.353029 -1.511150 -0.031940 20.222769 3.684305 2.316629 18.787249 0.000001 -0.000001 10.751608 -0.479870 1.397903 0.000000 -0.000000 0.000000 3.273804 0.305947 -0.580110 21.486790 11.830364 2.266131 8.162915 0.000000 -0.000000 18.399052 -3.798986 -4.940567 0.000003 0.000000 -0.000001 3.991601 7.278762 -49.595047 0.124692 0.126283 92.359344 2.978265 -4.361115 -5.143656 1.659987 -2.051567 -3.003894 0.000000 -0.000000 0.000002 -15.001338 -14.706696 -44.969635 0.251872 0.294072 95.484512 1.776595 13.808836 -10.248547 -1.430733 0.568337 -4.119740 0.000000 -0.000000 -0.000001
0.000000 0.000000 0.000000 0.000000 -0.000000 0.000000 4.734007 -43.573373 -39.562496 -1.169748 0.411021 -37.684265 0.390560 -0.335481 9.411903 -0.007445 0.179101 0.940812 0.327601 -1.768611 19.226643 0.344453 2.112442 6.398520 -0.284397 2.221325 -3.506195 2.115339 0.114663 -10.861268 0.000077 -0.000022 0.000006 -0.017905 0.044436 -0.021738 0.639269 -3.645702 -10.522868 -0.682821 3.743351 -10.504963 -16.690426 -3.838126 11.569982 -57.586842 -17.052116 19.944872 -2.008805 -66.976082 1.591442 14.458941 -2.980586 43.444244 -5.882102 9.861279 0.702590 -10.936861 -0.360574 7.156197 0.000000 8.774815 -0.000000 -17.324661 18.096107 5.356439 -1.844031 2.498503 -2.507276 -10.163590 4.678941 4.621104 -20.975996 -0.000001 0.000001 -21.226254 2.451698 -3.593995 0.000000 -0.000006 -0.000000 -1.362681 2.240797 -0.746323 -21.334892 0.584910 3.008319 -13.821196 -0.000001 0.000001 -23.887129 -0.249075 -0.839485 -59.456818 2.205322 -1.607849 -0.294025 1.679686 0.833255 -14.218195 0.093215 1.300579 -34.212002 -0.287561 0.967166 -20.033176 0.964536 1.212838 0.000000 -0.000000 0.000000 -3.440387 0.788233 0.501655 -15.928172 -3.167306 2.999703 -6.338817 -0.000000 0.000001 -18.123419 3.648181 -4.905662 -0.000004 0.000000 -0.000002 19.455790 7.043682 13.451408 56.515438 10.486100 7.452026 -5.879345 79.188385 -5.578566 -6.425316 -8.417758 54.808350 2.243540 -5.255033 -3.180156 14.282877 -0.826594 6.952496 -0.000000 -12.690593 -0.000001 16.450745 -17.847132 2.626762 1.665665 -1.955920 -2.878297 4.727794 -4.170584 4.993919 11.020511 0.000001 -0.000000 12.109032 -3.735715 -2.866778 0.000000 -0.000000 0.000000 1.291985 -1.928548 -1.498088 14.800115 0.567467 3.865604 14.242553 -1.341738 -6.660648 19.631935 0.143921 -0.648243 49.624756 -0.707108 -6.441342 0.353029 -1.511150 -0.031940 20.222769 3.684305 2.316629 18.787249 0.000001 -0.000001 10.751608 -0.479870 1.397903 0.000000 -0.000000 0.000000 3.273804 0.305947 -0.580110 21.486790 11.830364 2.266131 8.162915 0.000000 -0.000000 18.399052 -3.798986 -4.940567 0.000003 0.000000 -0.000001 4.010108 7.290536 -49.588570 0.130269 0.127309 92.335213 2.959953 -4.426965 -5.082316 1.664161 -2.050857 -3.032953 0.000000 -0.000000 0.000002 -14.984771 -14.744301 -44.970520 0.259561 0.291549 95.494614 1.728589 13.788148 -10.246401 -1.429524 0.564172 -4.100333 0.000000 -0.000000 -0.000001
0.000000 0.000000 0.000000 0.000000 -0.000000 0.000000 4.702695 -43.571656 -39.567140 -1.168421 0.424371 -37.703331 0.378433 -0.330705 9.411520 -0.010884 0.190725 0.946072 0.289818 -1.776261 19.282448 0.303418 2.142108 6.406984 -0.297224 2.196654 -3.508413 2.135960 0.102296 -10.921503 0.000077 -0.000022 0.000006 -0.016264 0.044409 -0.024390 0.638561 -3.647644 -10.527886 -0.678783 3.745316 -10.508417 -16.646614 -3.789323 11.599610 -57.521561 -17.007656 19.897213 -1.988032 -67.193985 1.587251 14.452110 -2.954328 43.417412 -5.882102 9.861279 0.702590 -10.936861 -0.360574 7.156197 0.000000 8.774815 -0.000000 -17.346092 18.110935 5.341736 -1.844031 2.498503 -2.507276 -10.163590 4.678941 4.621104 -20.975996 -0.000001 0.000001 -21.226254 2.451698 -3.593995 0.000000 -0.000006 -0.000000 -1.362681 2.240797 -0.746323 -21.334892 0.584910 3.008319 -13.821196 -0.000001 0.000001 -23.887129 -0.249075 -0.839485 -59.464161 2.202755 -1.613081 -0.294025 1.679686 0.833255 -14.218195 0.093215 1.300579 -34.212002 -0.287561 0.967166 -20.033176 0.964536 1.212838 0.000000 -0.000000 0.000000 -3.440387 0.788233 0.501655 -15.928172 -3.167306 2.999703 -6.338817 -0.000000 0.000001 -18.123419 3.648181 -4.905662 -0.000004 0.000000 -0.000002 19.535957 7.056171 13.479927 56.419712 10.385612 7.365513 -5.957030 79.298622 -5.642524 -6.532174 -8.207859 54.706554 2.243540 -5.255033 -3.180156 14.282877 -0.826594 6.952496 -0.000000 -12.690593 -0.000001 16.412542 -17.818640 2.608560 1.665665 -1.955920 -2.878297 4.727794 -4.170584 4.993919 11.020511 0.000001 -0.000000 12.109032 -3.735715 -2.866778 0.000000 -0.000000 0.000000 1.291985 -1.928548 -1.498088 14.800115 0.567467 3.865604 14.242553 -1.341738 -6.660648 19.631935 0.143921 -0.648243 49.543655 -0.692245 -6.431803 0.353029 -1.511150 -0.031940 20.222769 3.684305 2.316629 18.787249 0.000001 -0.000001 10.751608 -0.479870 1.397903 0.000000 -0.000000 0.000000 3.273804 0.305947 -0.580110 21.486790 11.830364 2.266131 8.162915 0.000000 -0.000000 18.399052 -3.798986 -4.940567 0.000003 0.000000 -0.000001 4.032530 7.315164 -49.564510 0.127220 0.127669 92.320190 2.971606 -4.475597 -5.150534 1.668595 -2.044103 -3.046593 0.000000 -0.000000 0.000002 -14.970347 -14.759308 -44.950264 0.265425 0.289031 95.502556 1.693276 13.744095 -10.262331 -1.429278 0.564081 -4.088644 0.000000 -0.000000 -0.000001
0.000000 0.000000 0.000000 0.000000 -0.000000 0.000000 4.671726 -43.549092 -39.566631 -1.170751 0.438521 -37.719322 0.370546 -0.326128 9.416821 -0.004442 0.201073 0.950077 0.247317 -1.801804 19.342514 0.273876 2.151663 6.429510 -0.291778 2.191543 -3.508908 2.152827 0.081969 -10.984508 0.000077 -0.000022 0.000006 -0.016727 0.037853 -0.024945 0.634797 -3.654349 -10.528062 -0.675928 3.738680 -10.507007 -16.606401 -3.737273 11.664781 -57.462875 -17.006031 19.931259 -1.817448 -67.354431 1.432495 14.475684 -2.897808 43.417236 -5.882102 9.861279 0.702590 -10.936861 -0.360574 7.156197 0.000000 8.774815 -0.000000 -17.354227 18.133669 5.335750 -1.844031 2.498503 -2.507276 -10.163590 4.678941 4.621104 -20.975996 -0.000001 0.000001 -21.226254 2.451698 -3.593995 0.000000 -0.000006 -0.000000 -1.362681 2.240797 -0.746323 -21.334892 0.584910 3.008319 -13.821196 -0.000001 0.000001 -23.887129 -0.249075 -0.839485 -59.478020 2.201083 -1.616790 -0.294025 1.679686 0.833255 -14.218195 0.093215 1.300579 -34.212002 -0.287561 0.967166 -20.033176 0.964536 1.212838 0.000000 -0.000000 0.000000 -3.440387 0.788233 0.501655 -15.928172 -3.167306 2.999703 -6.338817 -0.000000 0.000001 -18.123419 3.648181 -4.905662 -0.000004 0.000000 -0.000002 19.607025 7.053267 13.492484 56.325031 10.300859 7.296977 -5.931624 79.389709 -5.609335 -6.653924 -7.997890 54.685879 2.243540 -5.255033 -3.180156 14.282877 -0.826594 6.952496 -0.000000 -12.690593 -0.000001 16.388018 -17.787766 2.597816 1.665665 -1.955920 -2.878297 4.727794 -4.170584 4.993919 11.020511 0.000001 -0.000000 12.109032 -3.735715 -2.866778 0.000000 -0.000000 0.000000 1.291985 -1.928548 -1.498088 14.800115 0.567467 3.865604 14.242553 -1.341738 -6.660648 19.631935 0.143921 -0.648243 49.477142 -0.673311 -6.408489 0.353029 -1.511150 -0.031940 20.222769 3.684305 2.316629 18.787249 0.000001 -0.000001 10.751608 -0.479870 1.397903 0.000000 -0.000000 0.000000 3.273804 0.305947 -0.580110 21.486790 11.830364 2.266131 8.162915 0.000000 -0.000000 18.399052 -3.798986 -4.940567 0.000003 0.000000 -0.000001 4.055750 7.333602 -49.516747 0.115145 0.127641 92.282875 3.009357 -4.494142 -5.146747 1.671306 -2.038090 -3.030631 0.000000 -0.000000 0.000002 -14.953814 -14.748298 -44.903008 0.265131 0.286154 95.484283 1.672263 13.692407 -10.283170 -1.429879 0.561938 -4.079055 0.000000 -0.000000 -0.000001
0.000000 0.000000 0.000000 0.000000 -0.000000 0.000000 4.635693 -43.530576 -39.563701 -1.179488 0.460918 -37.724247 0.360474 -0.326503 9.417852 -0.000961 0.196594 0.946679 0.215725 -1.821319 19.408716 0.256823 2.140383 6.461514 -0.289050 2.198552 -3.512792 2.183555 0.043992 -11.024344 0.000077 -0.000022 0.000006 -0.018337 0.028088 -0.024280 0.629252 -3.663122 -10.527695 -0.673529 3.727628 -10.505642 -16.562881 -3.692952 11.741071 -57.429482 -17.016443 19.975828 -1.661644 -67.493713 1.276720 14.519875 -2.840323 43.485279 -5.882102 9.861279 0.702590 -10.936861 -0.360574 7.156197 0.000000 8.774815 -0.000000 -17.335934 18.144581 5.353237 -1.844031 2.498503 -2.507276 -10.163590 4.678941 4.621104 -20.975996 -0.000001 0.000001 -21.226254 2.451698 -3.593995 0.000000 -0.000006 -0.000000 -1.362681 2.240797 -0.746323 -21.334892 0.584910 3.008319 -13.821196 -0.000001 0.000001 -23.887129 -0.249075 -0.839485 -59.514744 2.204893 -1.619812 -0.294025 1.679686 0.833255 -14.218195 0.093215 1.300579 -34.212002 -0.287561 0.967166 -20.033176 0.964536 1.212838 0.000000 -0.000000 0.000000 -3.440387 0.788233 0.501655 -15.928172 -3.167306 2.999703 -6.338817 -0.000000 0.000001 -18.123419 3.648181 -4.905662 -0.000004 0.000000 -0.000002 19.654236 7.037697 13.497409 56.243076 10.225536 7.270652 -6.018134 79.464455 -5.703225 -6.774010 -7.795706 54.728069 2.243540 -5.255033 -3.180156 14.282877 -0.826594 6.952496 -0.000000 -12.690593 -0.000001 16.367504 -17.766624 2.603504 1.665665 -1.955920 -2.878297 4.727794 -4.170584 4.993919 11.020511 0.000001 -0.000000 12.109032 -3.735715 -2.866778 0.000000 -0.000000 0.000000 1.291985 -1.928548 -1.498088 14.800115 0.567467 3.865604 14.242553 -1.341738 -6.660648 19.631935 0.143921 -0.648243 49.433903 -0.653937 -6.388688 0.353029 -1.511150 -0.031940 20.222769 3.684305 2.316629 18.787249 0.000001 -0.000001 10.751608 -0.479870 1.397903 0.000000 -0.000000 0.000000 3.273804 0.305947 -0.580110 21.486790 11.830364 2.266131 8.162915 0.000000 -0.000000 18.399052 -3.798986 -4.940567 0.000003 0.000000 -0.000001 4.075677 7.344093 -49.490250 0.094803 0.124879 92.252899 3.041830 -4.499188 -5.140223 1.672245 -2.031963 -2.981530 0.000000 -0.000000 0.000002 -14.935544 -14.748098 -44.868977 0.257023 0.283045 95.473969 1.658828 13.672921 -10.305160 -1.430965 0.557952 -4.059586 0.000000 -0.000000 -0.000001
0.000000 0.000000 0.000000 0.000000 -0.000000 0.000000 4.594281 -43.525079 -39.563721 -1.191469 0.487997 -37.735146 0.344359 -0.331236 9.431360 -0.001347 0.187343 0.943203 0.196557 -1.829450 19.470970 0.253461 2.123004 6.516196 -0.294156 2.223646 -3.516707 2.218132 -0.019399 -11.048825 0.000077 -0.000022 0.000006 -0.020771 0.018139 -0.024211 0.620861 -3.672625 -10.527890 -0.669910 3.717024 -10.503952 -16.518318 -3.670358 11.813280 -57.423977 -17.018124 19.987883 -1.564643 -67.613815 1.187362 14.559794 -2.817892 43.633347 -5.882102 9.861279 0.702590 -10.936861 -0.360574 7.156197 0.000000 8.774815 -0.000000 -17.330763 18.130966 5.375407 -1.844031 2.498503 -2.507276 -10.163590 4.678941 4.621104 -20.975996 -0.000001 0.000001 -21.226254 2.451698 -3.593995 0.000000 -0.000006 -0.000000 -1.362681 2.240797 -0.746323 -21.334892 0.584910 3.008319 -13.821196 -0.000001 0.000001 -23.887129 -0.249075 -0.839485 -59.549347 2.198912 -1.608203 -0.294025 1.679686 0.833255 -14.218195 0.093215 1.300579 -34.212002 -0.287561 0.967166 -20.033176 0.964536 1.212838 0.000000 -0.000000 0.000000 -3.440387 0.788233 0.501655 -15.928172 -3.167306 2.999703 -6.338817 -0.000000 0.000001 -18.123419 3.648181 -4.905662 -0.000004 0.000000 -0.000002 19.683891 7.013013 13.513776 56.180534 10.168095 7.250528 -6.179739 79.521950 -5.882593 -6.883999 -7.592744 54.692822 2.243540 -5.255033 -3.180156 14.282877 -0.826594 6.952496 -0.000000 -12.690593 -0.000001 16.371559 -17.760382 2.609895 1.665665 -1.955920 -2.878297 4.727794 -4.170584 4.993919 11.020511 0.000001 -0.000000 12.109032 -3.735715 -2.866778 0.000000 -0.000000 0.000000 1.291985 -1.928548 -1.498088 14.800115 0.567467 3.865604 14.242553 -1.341738 -6.660648 19.631935 0.143921 -0.648243 49.418068 -0.640150 -6.385843 0.353029 -1.511150 -0.031940 20.222769 3.684305 2.316629 18.787249 0.000001 -0.000001 10.751608 -0.479870 1.397903 0.000000 -0.000000 0.000000 3.273804 0.305947 -0.580110 21.486790 11.830364 2.266131 8.162915 0.000000 -0.000000 18.399052 -3.798986 -4.940567 0.000003 0.000000 -0.000001 4.100447 7.352431 -49.475315 0.083275 0.124393 92.237328 3.061715 -4.492604 -5.052297 1.672302 -2.020826 -2.929735 0.000000 -0.000000 0.000002 -14.915576 -14.758336 -44.843971 0.251934 0.281599 95.480598 1.649747 13.678199 -10.325982 -1.431498 0.555047 -4.039220 0.000000 -0.000000 -0.000001
0.000000 0.000000 0.000000 0.000000 -0.000000 0.000000 4.561749 -43.522214 -39.571707 -1.205974 0.509416 -37.748142 0.334324 -0.339002 9.443534 -0.005689 0.180124 0.938659 0.187644 -1.833626 19.533171 0.243964 2.125379 6.589091 -0.301253 2.223194 -3.515955 2.243139 -0.098743 -11.081658 0.000077 -0.000022 0.000006 -0.022057 0.012224 -0.024711 0.615175 -3.677807 -10.525813 -0.666769 3.710242 -10.500724 -16.498945 -3.671870 11.876163 -57.421230 -16.999449 19.971792 -1.452075 -67.745461 1.083999 14.625245 -2.817100 43.811054 -5.882102 9.861279 0.702590 -10.936861 -0.360574 7.156197 0.000000 8.774815 -0.000000 -17.348722 18.119669 5.392594 -1.844031 2.498503 -2.507276 -10.163590 4.678941 4.621104 -20.975996 -0.000001 0.000001 -21.226254 2.451698 -3.593995 0.000000 -0.000006 -0.000000 -1.362681 2.240797 -0.746323 -21.334892 0.584910 3.008319 -13.821196 -0.000001 0.000001 -23.887129 -0.249075 -0.839485 -59.581161 2.190567 -1.584217 -0.294025 1.679686 0.833255 -14.218195 0.093215 1.300579 -34.212002 -0.287561 0.967166 -20.033176 0.964536 1.212838 0.000000 -0.000000 0.000000 -3.440387 0.788233 0.501655 -15.928172 -3.167306 2.999703 -6.338817 -0.000000 0.000001 -18.123419 3.648181 -4.905662 -0.000004 0.000000 -0.000002 19.693241 6.988106 13.535253 56.150158 10.123086 7.206828 -6.304726 79.566025 -6.025578 -6.964928 -7.369119 54.627300 2.243540 -5.255033 -3.180156 14.282877 -0.826594 6.952496 -0.000000 -12.690593 -0.000001 16.371475 -17.761295 2.616111 1.665665 -1.955920 -2.878297 4.727794 -4.170584 4.993919 11.020511 0.000001 -0.000000 12.109032 -3.735715 -2.866778 0.000000 -0.000000 0.000000 1.291985 -1.928548 -1.498088 14.800115 0.567467 3.865604 14.242553 -1.341738 -6.660648 19.631935 0.143921 -0.648243 49.398705 -0.632237 -6.392269 0.353029 -1.511150 -0.031940 20.222769 3.684305 2.316629 18.787249 0.000001 -0.000001 10.751608 -0.479870 1.397903 0.000000 -0.000000 0.000000 3.273804 0.305947 -0.580110 21.486790 11.830364 2.266131 8.162915 0.000000 -0.000000 18.399052 -3.798986 -4.940567 0.000003 0.000000 -0.000001 4.125641 7.364870 -49.463158 0.082732 0.127051 92.219276 3.085546 -4.504739 -5.065555 1.671215 -2.004408 -2.898557 0.000000 -0.000000 0.000002 -14.894580 -14.755101 -44.822369 0.247241 0.279539 95.478752 1.662463 13.672004 -10.330312 -1.432295 0.556417 -4.025178 0.000000 -0.000000 -0.000001
0.000000 0.000000 0.000000 0.000000 -0.000000 0.000000 4.549009 -43.521443 -39.579936 -1.212712 0.520251 -37.778961 0.329914 -0.343797 9.449807 -0.011218 0.179522 0.939960 0.174472 -1.834994 19.598692 0.234567 2.134535 6.677589 -0.312868 2.183471 -3.515298 2.271272 -0.173183 -11.099010 0.000077 -0.000022 0.000006 -0.022124 0.009564 -0.022235 0.614657 -3.678826 -10.518333 -0.666379 3.706084 -10.492531 -16.492176 -3.681932 11.924344 -57.415115 -16.951412 19.960405 -1.307264 -67.916496 0.941366 14.741310 -2.818853 43.965565 -5.882102 9.861279 0.702590 -10.936861 -0.360574 7.156197 0.000000 8.774815 -0.000000 -17.379156 18.118450 5.406556 -1.844031 2.498503 -2.507276 -10.163590 4.678941 4.621104 -20.975996 -0.000001 0.000001 -21.226254 2.451698 -3.593995 0.000000 -0.000006 -0.000000 -1.362681 2.240797 -0.746323 -21.334892 0.584910 3.008319 -13.821196 -0.000001 0.000001 -23.887129 -0.249075 -0.839485 -59.617062 2.185034 -1.555960 -0.294025 1.679686 0.833255 -14.218195 0.093215 1.300579 -34.212002 -0.287561 0.967166 -20.033176 0.964536 1.212838 0.000000 -0.000000 0.000000 -3.440387 0.788233 0.501655 -15.928172 -3.167306 2.999703 -6.338817 -0.000000 0.000001 -18.123419 3.648181 -4.905662 -0.000004 0.000000 -0.000002 19.691668 6.972249 13.544004 56.144375 10.067677 7.124854 -6.191632 79.615356 -5.937554 -7.016261 -7.156091 54.523022 2.243540 -5.255033 -3.180156 14.282877 -0.826594 6.952496 -0.000000 -12.690593 -0.000001 16.345795 -17.755468 2.620027 1.665665 -1.955920 -2.878297 4.727794 -4.170584 4.993919 11.020511 0.000001 -0.000000 12.109032 -3.735715 -2.866778 0.000000 -0.000000 0.000000 1.291985 -1.928548 -1.498088 14.800115 0.567467 3.865604 14.242553 -1.341738 -6.660648 19.631935 0.143921 -0.648243 49.368183 -0.628568 -6.395048 0.353029 -1.511150 -0.031940 20.222769 3.684305 2.316629 18.787249 0.000001 -0.000001 10.751608 -0.479870 1.397903 0.000000 -0.000000 0.000000 3.273804 0.305947 -0.580110 21.486790 11.830364 2.266131 8.162915 0.000000 -0.000000 18.399052 -3.798986 -4.940567 0.000003 0.000000 -0.000001 4.139587 7.387665 -49.429485 0.092403 0.129698 92.205627 3.120118 -4.542964 -5.081968 1.669436 -1.990350 -2.886372 0.000000 -0.000000 0.000002 -14.892174 -14.742569 -44.784527 0.239550 0.279834 95.472122 1.682781 13.659088 -10.327217 -1.433640 0.560270 -4.034009 0.000000 -0.000000 -0.000001
0.000000 0.000000 0.000000 0.000000 -0.000000 0.000000 4.555468 -43.518658 -39.590919 -1.218566 0.524638 -37.815418 0.334162 -0.343852 9.450912 -0.014563 0.181281 0.944854 0.158896 -1.827620 19.663462 0.224231 2.149441 6.768281 -0.327580 2.107090 -3.509825 2.311191 -0.242392 -11.120438 0.000077 -0.000022 0.000006 -0.022342 0.009075 -0.017496 0.616548 -3.678227 -10.509787 -0.668769 3.704872 -10.484090 -16.498615 -3.692556 11.942469 -57.412373 -16.881359 19.937258 -1.210518 -68.103653 0.818633 14.893880 -2.821965 44.086102 -5.882102 9.861279 0.702590 -10.936861 -0.360574 7.156197 0.000000 8.774815 -0.000000 -17.401077 18.136826 5.410302 -1.844031 2.498503 -2.507276 -10.163590 4.678941 4.621104 -20.975996 -0.000001 0.000001 -21.226254 2.451698 -3.593995 0.000000 -0.000006 -0.000000 -1.362681 2.240797 -0.746323 -21.334892 0.584910 3.008319 -13.821196 -0.000001 0.000001 -23.887129 -0.249075 -0.839485 -59.652508 2.178704 -1.536034 -0.294025 1.679686 0.833255 -14.218195 0.093215 1.300579 -34.212002 -0.287561 0.967166 -20.033176 0.964536 1.212838 0.000000 -0.000000 0.000000 -3.440387 0.788233 0.501655 -15.928172 -3.167306 2.999703 -6.338817 -0.000000 0.000001 -18.123419 3.648181 -4.905662 -0.000004 0.000000 -0.000002 19.699902 6.954439 13.549448 56.116329 10.014369 7.011983 -5.899724 79.678825 -5.685655 -7.033800 -6.968436 54.441303 2.243540 -5.255033 -3.180156 14.282877 -0.826594 6.952496 -0.000000 -12.690593 -0.000001 16.308764 -17.738228 2.612411 1.665665 -1.955920 -2.878297 4.727794 -4.170584 4.993919 11.020511 0.000001 -0.000000 12.109032 -3.735715 -2.866778 0.000000 -0.000000 0.000000 1.291985 -1.928548 -1.498088 14.800115 0.567467 3.865604 14.242553 -1.341738 -6.660648 19.631935 0.143921 -0.648243 49.344669 -0.625906 -6.395322 0.353029 -1.511150 -0.031940 20.222769 3.684305 2.316629 18.787249 0.000001 -0.000001 10.751608 -0.479870 1.397903 0.000000 -0.000000 0.000000 3.273804 0.305947 -0.580110 21.486790 11.830364 2.266131 8.162915 0.000000 -0.000000 18.399052 -3.798986 -4.940567 0.000003 0.000000 -0.000001 4.141233 7.410425 -49.386841 0.105802 0.130520 92.188530 3.162517 -4.600725 -5.090218 1.667568 -1.984316 -2.913964 0.000000 -0.000000 0.000002 -14.902493 -14.725686 -44.737221 0.231037 0.279575 95.451958 1.728308 13.637384 -10.307892 -1.434282 0.565473 -4.051689 0.000000 -0.000000 -0.000001
0.000000 0.000000 0.000000 0.000000 -0.000000 0.000000 4.569500 -43.517758 -39.601612 -1.222458 0.527213 -37.849316 0.336767 -0.338587 9.446898 -0.014680 0.182700 0.947664 0.146963 -1.812662 19.727791 0.218482 2.155597 6.857914 -0.334666 2.026354 -3.507671 2.354452 -0.290943 -11.144315 0.000077 -0.000022 0.000006 -0.022224 0.009934 -0.013976 0.620043 -3.677360 -10.506969 -0.672038 3.705999 -10.481602 -16.500776 -3.697247 11.937230 -57.443516 -16.808504 19.884077 -1.178880 -68.274345 0.761544 15.047482 -2.841192 44.182892 -5.882102 9.861279 0.702590 -10.936861 -0.360574 7.156197 0.000000 8.774815 -0.000000 -17.434105 18.156935 5.394134 -1.844031 2.498503 -2.507276 -10.163590 4.678941 4.621104 -20.975996 -0.000001 0.000001 -21.226254 2.451698 -3.593995 0.000000 -0.000006 -0.000000 -1.362681 2.240797 -0.746323 -21.334892 0.584910 3.008319 -13.821196 -0.000001 0.000001 -23.887129 -0.249075 -0.839485 -59.690922 2.168600 -1.545491 -0.294025 1.679686 0.833255 -14.218195 0.093215 1.300579 -34.212002 -0.287561 0.967166 -20.033176 0.964536 1.212838 0.000000 -0.000000 0.000000 -3.440387 0.788233 0.501655 -15.928172 -3.167306 2.999703 -6.338817 -0.000000 0.000001 -18.123419 3.648181 -4.905662 -0.000004 0.000000 -0.000002 19.710730 6.925806 13.563468 56.068497 9.985168 6.938411 -5.746004 79.719543 -5.564040 -7.041815 -6.799110 54.345100 2.243540 -5.255033 -3.180156 14.282877 -0.826594 6.952496 -0.000000 -12.690593 -0.000001 16.268179 -17.721733 2.616143 1.665665 -1.955920 -2.878297 4.727794 -4.170584 4.993919 11.020511 0.000001 -0.000000 12.109032 -3.735715 -2.866778 0.000000 -0.000000 0.000000 1.291985 -1.928548 -1.498088 14.800115 0.567467 3.865604 14.242553 -1.341738 -6.660648 19.631935 0.143921 -0.648243 49.357944 -0.616372 -6.380951 0.353029 -1.511150 -0.031940 20.222769 3.684305 2.316629 18.787249 0.000001 -0.000001 10.751608 -0.479870 1.397903 0.000000 -0.000000 0.000000 3.273804 0.305947 -0.580110 21.486790 11.830364 2.266131 8.162915 0.000000 -0.000000 18.399052 -3.798986 -4.940567 0.000003 0.000000 -0.000001 4.136917 7.429686 -49.348927 0.116252 0.132741 92.175400 3.196721 -4.643886 -5.104326 1.666699 -1.988015 -2.958616 0.000000 -0.000000 0.000002 -14.918520 -14.706202 -44.695160 0.227402 0.278638 95.432678 1.796964 13.618792 -10.281569 -1.434441 0.570994 -4.079587 0.000000 -0.000000 -0.000001
0.000000 0.000000 0.000000 0.000000 -0.000000 0.000000 4.578934 -43.529717 -39.619780 -1.226784 0.522452 -37.886402 0.339264 -0.330242 9.449115 -0.011686 0.189011 0.954461 0.137063 -1.800511 19.784824 0.220680 2.151783 6.944214 -0.345980 1.966036 -3.512140 2.395450 -0.335100 -11.155504 0.000077 -0.000022 0.000006 -0.021782 0.010238 -0.012976 0.623621 -3.677533 -10.508255 -0.674633 3.706810 -10.482425 -16.488602 -3.695087 11.922404 -57.505501 -16.756590 19.772869 -1.273855 -68.415184 0.850078 15.178657 -2.867401 44.327065 -5.882102 9.861279 0.702590 -10.936861 -0.360574 7.156197 0.000000 8.774815 -0.000000 -17.475504 18.170153 5.369004 -1.844031 2.498503 -2.507276 -10.163590 4.678941 4.621104 -20.975996 -0.000001 0.000001 -21.226254 2.451698 -3.593995 0.000000 -0.000006 -0.000000 -1.362681 2.240797 -0.746323 -21.334892 0.584910 3.008319 -13.821196 -0.000001 0.000001 -23.887129 -0.249075 -0.839485 -59.714062 2.158311 -1.563931 -0.294025 1.679686 0.833255 -14.218195 0.093215 1.300579 -34.212002 -0.287561 0.967166 -20.033176 0.964536 1.212838 0.000000 -0.000000 0.000000 -3.440387 0.788233 0.501655 -15.928172 -3.167306 2.999703 -6.338817 -0.000000 0.000001 -18.123419 3.648181 -4.905662 -0.000004 0.000000 -0.000002 19.711012 6.903786 13.584325 56.036507 9.979767 6.888530 -5.718395 79.731354 -5.552133 -7.033875 -6.658412 54.224487 2.243540 -5.255033 -3.180156 14.282877 -0.826594 6.952496 -0.000000 -12.690593 -0.000001 16.252275 -17.720047 2.618440 1.665665 -1.955920 -2.878297 4.727794 -4.170584 4.993919 11.020511 0.000001 -0.000000 12.109032 -3.735715 -2.866778 0.000000 -0.000000 0.000000 1.291985 -1.928548 -1.498088 14.800115 0.567467 3.865604 14.242553 -1.341738 -6.660648 19.631935 0.143921 -0.648243 49.397434 -0.606333 -6.369965 0.353029 -1.511150 -0.031940 20.222769 3.684305 2.316629 18.787249 0.000001 -0.000001 10.751608 -0.479870 1.397903 0.000000 -0.000000 0.000000 3.273804 0.305947 -0.580110 21.486790 11.830364 2.266131 8.162915 0.000000 -0.000000 18.399052 -3.798986 -4.940567 0.000003 0.000000 -0.000001 4.142737 7.444180 -49.325081 0.120762 0.135189 92.172646 3.209666 -4.682513 -5.119177 1.666757 -1.995625 -2.998221 0.000000 -0.000000 0.000002 -14.920613 -14.678798 -44.672386 0.228856 0.277519 95.426224 1.846523 13.599598 -10.253401 -1.434102 0.578616 -4.112190 0.000000 -0.000000 -0.000001
0.000000 0.000000 0.000000 0.000000 -0.000000 0.000000 4.576981 -43.551640 -39.637420 -1.235162 0.517719 -37.912487 0.347095 -0.326110 9.453514 -0.007105 0.201057 0.963960 0.127067 -1.794743 19.834444 0.227280 2.140438 7.004645 -0.369257 1.924237 -3.515932 2.449288 -0.394893 -11.168635 0.000077 -0.000022 0.000006 -0.022301 0.005545 -0.012989 0.624901 -3.682746 -10.508281 -0.676750 3.702709 -10.483108 -16.473682 -3.700909 11.923002 -57.561161 -16.734463 19.598602 -1.508230 -68.536240 1.097222 15.269084 -2.866476 44.509815 -5.882102 9.861279 0.702590 -10.936861 -0.360574 7.156197 0.000000 8.774815 -0.000000 -17.512594 18.169182 5.341133 -1.844031 2.498503 -2.507276 -10.163590 4.678941 4.621104 -20.975996 -0.000001 0.000001 -21.226254 2.451698 -3.593995 0.000000 -0.000006 -0.000000 -1.362681 2.240797 -0.746323 -21.334892 0.584910 3.008319 -13.821196 -0.000001 0.000001 -23.887129 -0.249075 -0.839485 -59.730072 2.160603 -1.591201 -0.294025 1.679686 0.833255 -14.218195 0.093215 1.300579 -34.212002 -0.287561 0.967166 -20.033176 0.964536 1.212838 0.000000 -0.000000 0.000000 -3.440387 0.788233 0.501655 -15.928172 -3.167306 2.999703 -6.338817 -0.000000 0.000001 -18.123419 3.648181 -4.905662 -0.000004 0.000000 -0.000002 19.705843 6.874299 13.598069 56.016586 9.992613 6.846659 -5.674342 79.724228 -5.509807 -7.022290 -6.544314 54.068565 2.243540 -5.255033 -3.180156 14.282877 -0.826594 6.952496 -0.000000 -12.690593 -0.000001 16.272074 -17.730869 2.611707 1.665665 -1.955920 -2.878297 4.727794 -4.170584 4.993919 11.020511 0.000001 -0.000000 12.109032 -3.735715 -2.866778 0.000000 -0.000000 0.000000 1.291985 -1.928548 -1.498088 14.800115 0.567467 3.865604 14.242553 -1.341738 -6.660648 19.631935 0.143921 -0.648243 49.447720 -0.596315 -6.360818 0.353029 -1.511150 -0.031940 20.222769 3.684305 2.316629 18.787249 0.000001 -0.000001 10.751608 -0.479870 1.397903 0.000000 -0.000000 0.000000 3.273804 0.305947 -0.580110 21.486790 11.830364 2.266131 8.162915 0.000000 -0.000000 18.399052 -3.798986 -4.940567 0.000003 0.000000 -0.000001 4.159232 7.454582 -49.328712 0.117999 0.133659 92.183563 3.207298 -4.736678 -5.129317 1.666686 -2.001755 -3.005350 0.000000 -0.000000 0.000002 -14.902548 -14.670229 -44.677315 0.232704 0.279020 95.439453 1.837542 13.562094 -10.241183 -1.433292 0.582271 -4.140517 0.000000 -0.000000 -0.000001
0.000000 0.000000 0.000000 0.000000 -0.000000 0.000000 4.563715 -43.568967 -39.650797 -1.246070 0.515940 -37.924004 0.352046 -0.332098 9.470089 -0.002186 0.209907 0.968075 0.118437 -1.796350 19.871664 0.236206 2.133752 7.037007 -0.390768 1.890788 -3.514743 2.500269 -0.460823 -11.197824 0.000077 -0.000022 0.000006 -0.024163 -0.002663 -0.012427 0.622703 -3.692092 -10.507845 -0.677988 3.695455 -10.485119 -16.453390 -3.707003 11.925347 -57.603951 -16.733686 19.432190 -1.747144 -68.639221 1.361473 15.308640 -2.821558 44.672756 -5.882102 9.861279 0.702590 -10.936861 -0.360574 7.156197 0.000000 8.774815 -0.000000 -17.533556 18.160816 5.319189 -1.844031 2.498503 -2.507276 -10.163590 4.678941 4.621104 -20.975996 -0.000001 0.000001 -21.226254 2.451698 -3.593995 0.000000 -0.000006 -0.000000 -1.362681 2.240797 -0.746323 -21.334892 0.584910 3.008319 -13.821196 -0.000001 0.000001 -23.887129 -0.249075 -0.839485 -59.729397 2.184011 -1.626800 -0.294025 1.679686 0.833255 -14.218195 0.093215 1.300579 -34.212002 -0.287561 0.967166 -20.033176 0.964536 1.212838 0.000000 -0.000000 0.000000 -3.440387 0.788233 0.501655 -15.928172 -3.167306 2.999703 -6.338817 -0.000000 0.000001 -18.123419 3.648181 -4.905662 -0.000004 0.000000 -0.000002 19.697206 6.849732 13.619086 56.007984 10.022199 6.780909 -5.545934 79.713310 -5.379723 -7.018010 -6.439997 53.912762 2.243540 -5.255033 -3.180156 14.282877 -0.826594 6.952496 -0.000000 -12.690593 -0.000001 16.310682 -17.748264 2.595465 1.665665 -1.955920 -2.878297 4.727794 -4.170584 4.993919 11.020511 0.000001 -0.000000 12.109032 -3.735715 -2.866778 0.000000 -0.000000 0.000000 1.291985 -1.928548 -1.498088 14.800115 0.567467 3.865604 14.242553 -1.341738 -6.660648 19.631935 0.143921 -0.648243 49.487679 -0.596904 -6.361722 0.353029 -1.511150 -0.031940 20.222769 3.684305 2.316629 18.787249 0.000001 -0.000001 10.751608 -0.479870 1.397903 0.000000 -0.000000 0.000000 3.273804 0.305947 -0.580110 21.486790 11.830364 2.266131 8.162915 0.000000 -0.000000 18.399052 -3.798986 -4.940567 0.000003 0.000000 -0.000001 4.184053 7.456307 -49.343674 0.111061 0.130139 92.191978 3.185070 -4.787016 -5.038685 1.666682 -2.005924 -2.980026 0.000000 -0.000000 0.000002 -14.873443 -14.678038 -44.692120 0.236089 0.277511 95.455826 1.800038 13.512420 -10.240741 -1.432012 0.581329 -4.151649 0.000000 -0.000000 -0.000001
0.000000 0.000000 0.000000 0.000000 -0.000000 0.000000 4.547225 -43.586419 -39.653678 -1.254392 0.518027 -37.933212 0.354046 -0.337933 9.501551 -0.000496 0.208665 0.971296 0.107518 -1.803804 19.894535 0.244545 2.132025 7.060377 -0.409912 1.852539 -3.510600 2.542832 -0.513473 -11.232972 0.000077 -0.000022 0.000006 -0.027352 -0.013524 -0.013912 0.618686 -3.704076 -10.509837 -0.680105 3.685385 -10.490571 -16.421593 -3.711015 11.941160 -57.649426 -16.758085 19.288389 -1.951022 -68.711418 1.601283 15.329823 -2.784318 44.797726 -5.882102 9.861279 0.702590 -10.936861 -0.360574 7.156197 0.000000 8.774815 -0.000000 -17.550190 18.152649 5.300902 -1.844031 2.498503 -2.507276 -10.163590 4.678941 4.621104 -20.975996 -0.000001 0.000001 -21.226254 2.451698 -3.593995 0.000000 -0.000006 -0.000000 -1.362681 2.240797 -0.746323 -21.334892 0.584910 3.008319 -13.821196 -0.000001 0.000001 -23.887129 -0.249075 -0.839485 -59.715176 2.207576 -1.655288 -0.294025 1.679686 0.833255 -14.218195 0.093215 1.300579 -34.212002 -0.287561 0.967166 -20.033176 0.964536 1.212838 0.000000 -0.000000 0.000000 -3.440387 0.788233 0.501655 -15.928172 -3.167306 2.999703 -6.338817 -0.000000 0.000001 -18.123419 3.648181 -4.905662 -0.000004 0.000000 -0.000002 19.686316 6.845583 13.641613 56.034584 10.035986 6.683893 -5.438466 79.730148 -5.269436 -7.031248 -6.371687 53.809299 2.243540 -5.255033 -3.180156 14.282877 -0.826594 6.952496 -0.000000 -12.690593 -0.000001 16.340366 -17.765532 2.578854 1.665665 -1.955920 -2.878297 4.727794 -4.170584 4.993919 11.020511 0.000001 -0.000000 12.109032 -3.735715 -2.866778 0.000000 -0.000000 0.000000 1.291985 -1.928548 -1.498088 14.800115 0.567467 3.865604 14.242553 -1.341738 -6.660648 19.631935 0.143921 -0.648243 49.514683 -0.609912 -6.367987 0.353029 -1.511150 -0.031940 20.222769 3.684305 2.316629 18.787249 0.000001 -0.000001 10.751608 -0.479870 1.397903 0.000000 -0.000000 0.000000 3.273804 0.305947 -0.580110 21.486790 11.830364 2.266131 8.162915 0.000000 -0.000000 18.399052 -3.798986 -4.940567 0.000003 0.000000 -0.000001 4.205679 7.457231 -49.358948 0.105934 0.126205 92.210587 3.166868 -4.797815 -5.031202 1.668163 -2.001286 -2.958347 0.000000 -0.000000 0.000002 -14.854859 -14.682564 -44.704601 0.236435 0.272057 95.483185 1.757630 13.467600 -10.255420 -1.430573 0.576438 -4.143387 0.000000 -0.000000 -0.000001
0.000000 0.000000 0.000000 0.000000 -0.000000 0.000000 4.529529 -43.597951 -39.642366 -1.252647 0.507275 -37.952351 0.343449 -0.344814 9.545899 0.005648 0.201670 0.973224 0.090533 -1.802855 19.911921 0.249105 2.131752 7.086220 -0.425416 1.827618 -3.506991 2.586305 -0.556056 -11.250692 0.000077 -0.000022 0.000006 -0.029120 -0.018557 -0.017707 0.615524 -3.710973 -10.518680 -0.680346 3.681708 -10.500528 -16.388950 -3.700037 11.976042 -57.687321 -16.804783 19.201290 -2.018730 -68.763855 1.696151 15.373026 -2.807083 44.882904 -5.882102 9.861279 0.702590 -10.936861 -0.360574 7.156197 0.000000 8.774815 -0.000000 -17.558207 18.156170 5.292421 -1.844031 2.498503 -2.507276 -10.163590 4.678941 4.621104 -20.975996 -0.000001 0.000001 -21.226254 2.451698 -3.593995 0.000000 -0.000006 -0.000000 -1.362681 2.240797 -0.746323 -21.334892 0.584910 3.008319 -13.821196 -0.000001 0.000001 -23.887129 -0.249075 -0.839485 -59.712894 2.221178 -1.670701 -0.294025 1.679686 0.833255 -14.218195 0.093215 1.300579 -34.212002 -0.287561 0.967166 -20.033176 0.964536 1.212838 0.000000 -0.000000 0.000000 -3.440387 0.788233 0.501655 -15.928172 -3.167306 2.999703 -6.338817 -0.000000 0.000001 -18.123419 3.648181 -4.905662 -0.000004 0.000000 -0.000002 19.663967 6.854304 13.662476 56.106659 10.042024 6.576643 -5.429901 79.768433 -5.255436 -7.048151 -6.345559 53.681622 2.243540 -5.255033 -3.180156 14.282877 -0.826594 6.952496 -0.000000 -12.690593 -0.000001 16.336805 -17.784786 2.574409 1.665665 -1.955920 -2.878297 4.727794 -4.170584 4.993919 11.020511 0.000001 -0.000000 12.109032 -3.735715 -2.866778 0.000000 -0.000000 0.000000 1.291985 -1.928548 -1.498088 14.800115 0.567467 3.865604 14.242553 -1.341738 -6.660648 19.631935 0.143921 -0.648243 49.513332 -0.628201 -6.380284 0.353029 -1.511150 -0.031940 20.222769 3.684305 2.316629 18.787249 0.000001 -0.000001 10.751608 -0.479870 1.397903 0.000000 -0.000000 0.000000 3.273804 0.305947 -0.580110 21.486790 11.830364 2.266131 8.162915 0.000000 -0.000000 18.399052 -3.798986 -4.940567 0.000003 0.000000 -0.000001 4.229139 7.470881 -49.347103 0.102382 0.121591 92.237030 3.154647 -4.781174 -5.047945 1.668933 -1.988511 -2.933551 0.000000 -0.000000 0.000002 -14.844761 -14.675457 -44.698112 0.233215 0.267931 95.514114 1.721148 13.452085 -10.282867 -1.429532 0.569901 -4.119256 0.000000 -0.000000 -0.000001
0.000000 0.000000 0.000000 0.000000 -0.000000 0.000000 4.520319 -43.601945 -39.620398 -1.237381 0.481100 -37.962429 0.325202 -0.342947 9.589265 0.015271 0.200118 0.976650 0.067930 -1.803130 19.916082 0.256412 2.122722 7.124961 -0.423775 1.837697 -3.511314 2.628839 -0.584777 -11.248529 0.000077 -0.000022 0.000006 -0.029028 -0.018472 -0.021741 0.614973 -3.711670 -10.528925 -0.679526 3.681918 -10.508998 -16.351006 -3.691342 12.017365 -57.712708 -16.843658 19.188433 -1.839883 -68.822914 1.545538 15.411653 -2.836812 44.918011 -5.882102 9.861279 0.702590 -10.936861 -0.360574 7.156197 0.000000 8.774815 -0.000000 -17.563929 18.165810 5.282328 -1.844031 2.498503 -2.507276 -10.163590 4.678941 4.621104 -20.975996 -0.000001 0.000001 -21.226254 2.451698 -3.593995 0.000000 -0.000006 -0.000000 -1.362681 2.240797 -0.746323 -21.334892 0.584910 3.008319 -13.821196 -0.000001 0.000001 -23.887129 -0.249075 -0.839485 -59.714966 2.218094 -1.668106 -0.294025 1.679686 0.833255 -14.218195 0.093215 1.300579 -34.212002 -0.287561 0.967166 -20.033176 0.964536 1.212838 0.000000 -0.000000 0.000000 -3.440387 0.788233 0.501655 -15.928172 -3.167306 2.999703 -6.338817 -0.000000 0.000001 -18.123419 3.648181 -4.905662 -0.000004 0.000000 -0.000002 19.628452 6.868347 13.668660 56.199806 10.031044 6.497499 -5.507564 79.830048 -5.322081 -7.058445 -6.352645 53.530441 2.243540 -5.255033 -3.180156 14.282877 -0.826594 6.952496 -0.000000 -12.690593 -0.000001 16.323620 -17.798681 2.578232 1.665665 -1.955920 -2.878297 4.727794 -4.170584 4.993919 11.020511 0.000001 -0.000000 12.109032 -3.735715 -2.866778 0.000000 -0.000000 0.000000 1.291985 -1.928548 -1.498088 14.800115 0.567467 3.865604 14.242553 -1.341738 -6.660648 19.631935 0.143921 -0.648243 49.484695 -0.636231 -6.400763 0.353029 -1.511150 -0.031940 20.222769 3.684305 2.316629 18.787249 0.000001 -0.000001 10.751608 -0.479870 1.397903 0.000000 -0.000000 0.000000 3.273804 0.305947 -0.580110 21.486790 11.830364 2.266131 8.162915 0.000000 -0.000000 18.399052 -3.798986 -4.940567 0.000003 0.000000 -0.000001 4.241441 7.491777 -49.328465 0.093697 0.119262 92.266899 3.165377 -4.721795 -5.084141 1.669547 -1.972565 -2.912647 0.000000 -0.000000 0.000002 -14.846803 -14.655616 -44.695015 0.226151 0.265882 95.540298 1.740181 13.478342 -10.300806 -1.429564 0.560654 -4.067562 0.000000 -0.000000 -0.000001
0.000000 0.000000 0.000000 0.000000 -0.000000 0.000000 4.518384 -43.596330 -39.596829 -1.219724 0.461382 -37.953857 0.307026 -0.334979 9.620045 0.020263 0.195742 0.982538 0.051722 -1.798672 19.902969 0.257808 2.119830 7.179498 -0.410830 1.845570 -3.521522 2.669093 -0.599456 -11.234379 0.000077 -0.000022 0.000006 -0.029118 -0.020008 -0.023361 0.613920 -3.713846 -10.538196 -0.678594 3.680210 -10.514868 -16.299953 -3.690148 12.031977 -57.735363 -16.838131 19.249157 -1.518094 -68.908058 1.231365 15.452342 -2.832794 44.958481 -5.882102 9.861279 0.702590 -10.936861 -0.360574 7.156197 0.000000 8.774815 -0.000000 -17.558908 18.174894 5.278266 -1.844031 2.498503 -2.507276 -10.163590 4.678941 4.621104 -20.975996 -0.000001 0.000001 -21.226254 2.451698 -3.593995 0.000000 -0.000006 -0.000000 -1.362681 2.240797 -0.746323 -21.334892 0.584910 3.008319 -13.821196 -0.000001 0.000001 -23.887129 -0.249075 -0.839485 -59.720402 2.198741 -1.646691 -0.294025 1.679686 0.833255 -14.218195 0.093215 1.300579 -34.212002 -0.287561 0.967166 -20.033176 0.964536 1.212838 0.000000 -0.000000 0.000000 -3.440387 0.788233 0.501655 -15.928172 -3.167306 2.999703 -6.338817 -0.000000 0.000001 -18.123419 3.648181 -4.905662 -0.000004 0.000000 -0.000002 19.580696 6.874019 13.639964 56.311638 9.981131 6.429554 -5.477709 79.916618 -5.297349 -7.044609 -6.395395 53.415581 2.243540 -5.255033 -3.180156 14.282877 -0.826594 6.952496 -0.000000 -12.690593 -0.000001 16.320076 -17.810846 2.585254 1.665665 -1.955920 -2.878297 4.727794 -4.170584 4.993919 11.020511 0.000001 -0.000000 12.109032 -3.735715 -2.866778 0.000000 -0.000000 0.000000 1.291985 -1.928548 -1.498088 14.800115 0.567467 3.865604 14.242553 -1.341738 -6.660648 19.631935 0.143921 -0.648243 49.454544 -0.636553 -6.421849 0.353029 -1.511150 -0.031940 20.222769 3.684305 2.316629 18.787249 0.000001 -0.000001 10.751608 -0.479870 1.397903 0.000000 -0.000000 0.000000 3.273804 0.305947 -0.580110 21.486790 11.830364 2.266131 8.162915 0.000000 -0.000000 18.399052 -3.798986 -4.940567 0.000003 0.000000 -0.000001 4.235339 7.504182 -49.319275 0.078345 0.119475 92.285889 3.198257 -4.615722 -5.120747 1.669585 -1.957423 -2.884213 0.000000 -0.000000 0.000002 -14.860182 -14.650114 -44.698387 0.215403 0.267451 95.552643 1.793694 13.556077 -10.306004 -1.430411 0.551402 -3.995009 0.000000 -0.000000 -0.000001
0.000000 0.000000 0.000000 0.000000 -0.000000 0.000000 4.515335 -43.587445 -39.579687 -1.204950 0.439419 -37.922310 0.297333 -0.326930 9.632857 0.015779 0.196957 0.991673 0.047863 -1.797942 19.876799 0.238896 2.129704 7.235313 -0.393531 1.852532 -3.531396 2.694560 -0.612764 -11.215839 0.000077 -0.000022 0.000006 -0.030008 -0.023815 -0.023417 0.609921 -3.719182 -10.546553 -0.676357 3.677092 -10.521192 -16.262260 -3.696327 12.031669 -57.749687 -16.800503 19.293016 -1.258444 -68.998344 0.982317 15.483170 -2.829137 44.996170 -5.882102 9.861279 0.702590 -10.936861 -0.360574 7.156197 0.000000 8.774815 -0.000000 -17.560078 18.171824 5.265966 -1.844031 2.498503 -2.507276 -10.163590 4.678941 4.621104 -20.975996 -0.000001 0.000001 -21.226254 2.451698 -3.593995 0.000000 -0.000006 -0.000000 -1.362681 2.240797 -0.746323 -21.334892 0.584910 3.008319 -13.821196 -0.000001 0.000001 -23.887129 -0.249075 -0.839485 -59.720142 2.169838 -1.620252 -0.294025 1.679686 0.833255 -14.218195 0.093215 1.300579 -34.212002 -0.287561 0.967166 -20.033176 0.964536 1.212838 0.000000 -0.000000 0.000000 -3.440387 0.788233 0.501655 -15.928172 -3.167306 2.999703 -6.338817 -0.000000 0.000001 -18.123419 3.648181 -4.905662 -0.000004 0.000000 -0.000002 19.531633 6.873830 13.632962 56.423485 9.921776 6.324096 -5.271205 80.022774 -5.107794 -7.002877 -6.445995 53.321373 2.243540 -5.255033 -3.180156 14.282877 -0.826594 6.952496 -0.000000 -12.690593 -0.000001 16.351988 -17.835442 2.586862 1.665665 -1.955920 -2.878297 4.727794 -4.170584 4.993919 11.020511 0.000001 -0.000000 12.109032 -3.735715 -2.866778 0.000000 -0.000000 0.000000 1.291985 -1.928548 -1.498088 14.800115 0.567467 3.865604 14.242553 -1.341738 -6.660648 19.631935 0.143921 -0.648243 49.481636 -0.635582 -6.438222 0.353029 -1.511150 -0.031940 20.222769 3.684305 2.316629 18.787249 0.000001 -0.000001 10.751608 -0.479870 1.397903 0.000000 -0.000000 0.000000 3.273804 0.305947 -0.580110 21.486790 11.830364 2.266131 8.162915 0.000000 -0.000000 18.399052 -3.798986 -4.940567 0.000003 0.000000 -0.000001 4.233779 7.520421 -49.334774 0.063685 0.123886 92.295792 3.217129 -4.526541 -5.145024 1.669561 -1.948907 -2.830552 0.000000 -0.000000 0.000002 -14.859331 -14.651678 -44.727749 0.203829 0.268554 95.556465 1.851202 13.634946 -10.298989 -1.431857 0.542229 -3.910472 0.000000 -0.000000 -0.000001
0.000000 0.000000 0.000000 0.000000 -0.000000 0.000000 4.505848 -43.580201 -39.563273 -1.193980 0.409906 -37.887676 0.295849 -0.322033 9.634624 0.007013 0.204369 1.002853 0.051259 -1.796609 19.850918 0.200003 2.148887 7.292064 -0.386508 1.847148 -3.537801 2.713155 -0.634760 -11.193743 0.000077 -0.000022 0.000006 -0.030154 -0.024525 -0.020707 0.604425 -3.721711 -10.548815 -0.671136 3.677598 -10.523300 -16.241753 -3.711130 12.020370 -57.759769 -16.741650 19.274267 -1.187873 -69.094330 0.929604 15.521518 -2.853886 45.032471 -5.882102 9.861279 0.702590 -10.936861 -0.360574 7.156197 0.000000 8.774815 -0.000000 -17.573843 18.164194 5.252308 -1.844031 2.498503 -2.507276 -10.163590 4.678941 4.621104 -20.975996 -0.000001 0.000001 -21.226254 2.451698 -3.593995 0.000000 -0.000006 -0.000000 -1.362681 2.240797 -0.746323 -21.334892 0.584910 3.008319 -13.821196 -0.000001 0.000001 -23.887129 -0.249075 -0.839485 -59.716175 2.145079 -1.614346 -0.294025 1.679686 0.833255 -14.218195 0.093215 1.300579 -34.212002 -0.287561 0.967166 -20.033176 0.964536 1.212838 0.000000 -0.000000 0.000000 -3.440387 0.788233 0.501655 -15.928172 -3.167306 2.999703 -6.338817 -0.000000 0.000001 -18.123419 3.648181 -4.905662 -0.000004 0.000000 -0.000002 19.477337 6.871402 13.649011 56.534973 9.853796 6.196639 -4.998220 80.130859 -4.850548 -6.944438 -6.473678 53.272476 2.243540 -5.255033 -3.180156 14.282877 -0.826594 6.952496 -0.000000 -12.690593 -0.000001 16.386501 -17.865961 2.592359 1.665665 -1.955920 -2.878297 4.727794 -4.170584 4.993919 11.020511 0.000001 -0.000000 12.109032 -3.735715 -2.866778 0.000000 -0.000000 0.000000 1.291985 -1.928548 -1.498088 14.800115 0.567467 3.865604 14.242553 -1.341738 -6.660648 19.631935 0.143921 -0.648243 49.536552 -0.641604 -6.445100 0.353029 -1.511150 -0.031940 20.222769 3.684305 2.316629 18.787249 0.000001 -0.000001 10.751608 -0.479870 1.397903 0.000000 -0.000000 0.000000 3.273804 0.305947 -0.580110 21.486790 11.830364 2.266131 8.162915 0.000000 -0.000000 18.399052 -3.798986 -4.940567 0.000003 0.000000 -0.000001 4.255095 7.529832 -49.355694 0.055978 0.131065 92.308495 3.201149 -4.494323 -5.166586 1.669646 -1.946324 -2.756772 0.000000 -0.000000 0.000002 -14.835960 -14.644844 -44.766586 0.191964 0.269388 95.565773 1.887396 13.681938 -10.299845 -1.433424 0.539039 -3.837451 0.000000 -0.000000 -0.000001
0.000000 0.000000 0.000000 0.000000 -0.000000 0.000000 4.491941 -43.581727 -39.534007 -1.182093 0.373331 -37.866524 0.296260 -0.321002 9.629477 0.006077 0.222127 1.013644 0.053016 -1.793138 19.839226 0.146596 2.176790 7.355536 -0.394037 1.825783 -3.543580 2.734922 -0.668130 -11.176289 0.000077 -0.000022 0.000006 -0.029524 -0.021967 -0.017291 0.602690 -3.718465 -10.544250 -0.668133 3.679459 -10.519997 -16.227505 -3.736402 11.982143 -57.776180 -16.645016 19.201937 -1.296112 -69.200005 1.040361 15.578026 -2.893203 45.067997 -5.882102 9.861279 0.702590 -10.936861 -0.360574 7.156197 0.000000 8.774815 -0.000000 -17.586624 18.159077 5.248306 -1.844031 2.498503 -2.507276 -10.163590 4.678941 4.621104 -20.975996 -0.000001 0.000001 -21.226254 2.451698 -3.593995 0.000000 -0.000006 -0.000000 -1.362681 2.240797 -0.746323 -21.334892 0.584910 3.008319 -13.821196 -0.000001 0.000001 -23.887129 -0.249075 -0.839485 -59.718525 2.135150 -1.628246 -0.294025 1.679686 0.833255 -14.218195 0.093215 1.300579 -34.212002 -0.287561 0.967166 -20.033176 0.964536 1.212838 0.000000 -0.000000 0.000000 -3.440387 0.788233 0.501655 -15.928172 -3.167306 2.999703 -6.338817 -0.000000 0.000001 -18.123419 3.648181 -4.905662 -0.000004 0.000000 -0.000002 19.423277 6.858681 13.656317 56.644180 9.773864 6.105996 -4.814850 80.226761 -4.674403 -6.886289 -6.508110 53.247200 2.243540 -5.255033 -3.180156 14.282877 -0.826594 6.952496 -0.000000 -12.690593 -0.000001 16.414103 -17.899170 2.597272 1.665665 -1.955920 -2.878297 4.727794 -4.170584 4.993919 11.020511 0.000001 -0.000000 12.109032 -3.735715 -2.866778 0.000000 -0.000000 0.000000 1.291985 -1.928548 -1.498088 14.800115 0.567467 3.865604 14.242553 -1.341738 -6.660648 19.631935 0.143921 -0.648243 49.592701 -0.654706 -6.444670 0.353029 -1.511150 -0.031940 20.222769 3.684305 2.316629 18.787249 0.000001 -0.000001 10.751608 -0.479870 1.397903 0.000000 -0.000000 0.000000 3.273804 0.305947 -0.580110 21.486790 11.830364 2.266131 8.162915 0.000000 -0.000000 18.399052 -3.798986 -4.940567 0.000003 0.000000 -0.000001 4.291446 7.528029 -49.367908 0.056858 0.133582 92.347382 3.161169 -4.528992 -5.207943 1.668753 -1.949797 -2.696816 0.000000 -0.000000 0.000002 -14.806327 -14.626442 -44.799328 0.180504 0.271188 95.601868 1.870339 13.706206 -10.335348 -1.434884 0.542434 -3.806443 0.000000 -0.000000 -0.000001
0.000000 0.000000 0.000000 0.000000 -0.000000 0.000000 4.476337 -43.585633 -39.484851 -1.161399 0.334965 -37.848343 0.298276 -0.322721 9.625464 0.011133 0.248466 1.021462 0.041906 -1.786588 19.834793 0.093500 2.212144 7.406408 -0.405613 1.777876 -3.544385 2.756397 -0.685557 -11.171995 0.000077 -0.000022 0.000006 -0.028231 -0.018318 -0.015411 0.604421 -3.713516 -10.539474 -0.667262 3.682202 -10.517166 -16.223972 -3.753939 11.936332 -57.801029 -16.549852 19.088783 -1.475903 -69.298386 1.208450 15.625574 -2.939179 45.117481 -5.882102 9.861279 0.702590 -10.936861 -0.360574 7.156197 0.000000 8.774815 -0.000000 -17.596281 18.173393 5.258595 -1.844031 2.498503 -2.507276 -10.163590 4.678941 4.621104 -20.975996 -0.000001 0.000001 -21.226254 2.451698 -3.593995 0.000000 -0.000006 -0.000000 -1.362681 2.240797 -0.746323 -21.334892 0.584910 3.008319 -13.821196 -0.000001 0.000001 -23.887129 -0.249075 -0.839485 -59.757271 2.135012 -1.646819 -0.294025 1.679686 0.833255 -14.218195 0.093215 1.300579 -34.212002 -0.287561 0.967166 -20.033176 0.964536 1.212838 0.000000 -0.000000 0.000000 -3.440387 0.788233 0.501655 -15.928172 -3.167306 2.999703 -6.338817 -0.000000 0.000001 -18.123419 3.648181 -4.905662 -0.000004 0.000000 -0.000002 19.384750 6.841235 13.667357 56.736885 9.702958 6.012292 -4.594910 80.323601 -4.466278 -6.843538 -6.560672 53.310707 2.243540 -5.255033 -3.180156 14.282877 -0.826594 6.952496 -0.000000 -12.690593 -0.000001 16.421797 -17.915260 2.603225 1.665665 -1.955920 -2.878297 4.727794 -4.170584 4.993919 11.020511 0.000001 -0.000000 12.109032 -3.735715 -2.866778 0.000000 -0.000000 0.000000 1.291985 -1.928548 -1.498088 14.800115 0.567467 3.865604 14.242553 -1.341738 -6.660648 19.631935 0.143921 -0.648243 49.639793 -0.673930 -6.436655 0.353029 -1.511150 -0.031940 20.222769 3.684305 2.316629 18.787249 0.000001 -0.000001 10.751608 -0.479870 1.397903 0.000000 -0.000000 0.000000 3.273804 0.305947 -0.580110 21.486790 11.830364 2.266131 8.162915 0.000000 -0.000000 18.399052 -3.798986 -4.940567 0.000003 0.000000 -0.000001 4.325603 7.529046 -49.372368 0.062169 0.130883 92.410507 3.115170 -4.561392 -5.277752 1.667339 -1.954848 -2.666269 0.000000 -0.000000 0.000002 -14.787327 -14.593904 -44.826775 0.173876 0.271429 95.663765 1.842229 13.724053 -10.403234 -1.435439 0.548468 -3.831665 0.000000 -0.000000 -0.000001
0.000000 0.000000 0.000000 0.000000 -0.000000 0.000000 4.457943 -43.597260 -39.425770 -1.134734 0.294865 -37.835545 0.297067 -0.322669 9.619189 0.017347 0.274332 1.023593 0.025240 -1.773565 19.842855 0.058673 2.229248 7.448214 -0.424047 1.739190 -3.545085 2.761216 -0.693555 -11.170462 0.000077 -0.000022 0.000006 -0.028067 -0.018183 -0.012883 0.607341 -3.712027 -10.534541 -0.669856 3.681443 -10.512155 -16.222216 -3.760051 11.896293 -57.845097 -16.476118 18.939850 -1.715224 -69.358139 1.419994 15.666255 -2.993752 45.185043 -5.882102 9.861279 0.702590 -10.936861 -0.360574 7.156197 0.000000 8.774815 -0.000000 -17.580318 18.202003 5.291184 -1.844031 2.498503 -2.507276 -10.163590 4.678941 4.621104 -20.975996 -0.000001 0.000001 -21.226254 2.451698 -3.593995 0.000000 -0.000006 -0.000000 -1.362681 2.240797 -0.746323 -21.334892 0.584910 3.008319 -13.821196 -0.000001 0.000001 -23.887129 -0.249075 -0.839485 -59.814037 2.137786 -1.653951 -0.294025 1.679686 0.833255 -14.218195 0.093215 1.300579 -34.212002 -0.287561 0.967166 -20.033176 0.964536 1.212838 0.000000 -0.000000 0.000000 -3.440387 0.788233 0.501655 -15.928172 -3.167306 2.999703 -6.338817 -0.000000 0.000001 -18.123419 3.648181 -4.905662 -0.000004 0.000000 -0.000002 19.368544 6.819108 13.682368 56.808556 9.652579 5.923778 -4.445931 80.397560 -4.334752 -6.804280 -6.630571 53.451786 2.243540 -5.255033 -3.180156 14.282877 -0.826594 6.952496 -0.000000 -12.690593 -0.000001 16.422651 -17.917051 2.612212 1.665665 -1.955920 -2.878297 4.727794 -4.170584 4.993919 11.020511 0.000001 -0.000000 12.109032 -3.735715 -2.866778 0.000000 -0.000000 0.000000 1.291985 -1.928548 -1.498088 14.800115 0.567467 3.865604 14.242553 -1.341738 -6.660648 19.631935 0.143921 -0.648243 49.679398 -0.678641 -6.423009 0.353029 -1.511150 -0.031940 20.222769 3.684305 2.316629 18.787249 0.000001 -0.000001 10.751608 -0.479870 1.397903 0.000000 -0.000000 0.000000 3.273804 0.305947 -0.580110 21.486790 11.830364 2.266131 8.162915 0.000000 -0.000000 18.399052 -3.798986 -4.940567 0.000003 0.000000 -0.000001 4.357631 7.530902 -49.376396 0.066709 0.125505 92.493805 3.079041 -4.574069 -5.436501 1.665385 -1.961194 -2.647040 0.000000 -0.000000 0.000002 -14.775748 -14.556096 -44.856228 0.169391 0.271520 95.747032 1.795327 13.739321 -10.490053 -1.435220 0.550760 -3.850090 0.000000 -0.000000 -0.000001
0.000000 0.000000 0.000000 0.000000 -0.000000 0.000000 4.451203 -43.617978 -39.371876 -1.111631 0.268398 -37.817680 0.299963 -0.319577 9.601001 0.023093 0.291865 1.023277 0.004289 -1.755737 19.853502 0.040848 2.243790 7.480093 -0.451245 1.692192 -3.548536 2.760159 -0.687086 -11.143395 0.000077 -0.000022 0.000006 -0.027799 -0.017977 -0.010016 0.612141 -3.710076 -10.528833 -0.674089 3.680367 -10.506137 -16.221111 -3.765683 11.852939 -57.896080 -16.401558 18.764580 -2.047267 -69.396851 1.720264 15.699666 -3.064457 45.320503 -5.882102 9.861279 0.702590 -10.936861 -0.360574 7.156197 0.000000 8.774815 -0.000000 -17.560022 18.225086 5.330761 -1.844031 2.498503 -2.507276 -10.163590 4.678941 4.621104 -20.975996 -0.000001 0.000001 -21.226254 2.451698 -3.593995 0.000000 -0.000006 -0.000000 -1.362681 2.240797 -0.746323 -21.334892 0.584910 3.008319 -13.821196 -0.000001 0.000001 -23.887129 -0.249075 -0.839485 -59.856125 2.152804 -1.653775 -0.294025 1.679686 0.833255 -14.218195 0.093215 1.300579 -34.212002 -0.287561 0.967166 -20.033176 0.964536 1.212838 0.000000 -0.000000 0.000000 -3.440387 0.788233 0.501655 -15.928172 -3.167306 2.999703 -6.338817 -0.000000 0.000001 -18.123419 3.648181 -4.905662 -0.000004 0.000000 -0.000002 19.363270 6.773656 13.698494 56.867321 9.626982 5.846709 -4.295189 80.444824 -4.194138 -6.752554 -6.710484 53.598751 2.243540 -5.255033 -3.180156 14.282877 -0.826594 6.952496 -0.000000 -12.690593 -0.000001 16.419312 -17.910526 2.618465 1.665665 -1.955920 -2.878297 4.727794 -4.170584 4.993919 11.020511 0.000001 -0.000000 12.109032 -3.735715 -2.866778 0.000000 -0.000000 0.000000 1.291985 -1.928548 -1.498088 14.800115 0.567467 3.865604 14.242553 -1.341738 -6.660648 19.631935 0.143921 -0.648243 49.710556 -0.676436 -6.407462 0.353029 -1.511150 -0.031940 20.222769 3.684305 2.316629 18.787249 0.000001 -0.000001 10.751608 -0.479870 1.397903 0.000000 -0.000000 0.000000 3.273804 0.305947 -0.580110 21.486790 11.830364 2.266131 8.162915 0.000000 -0.000000 18.399052 -3.798986 -4.940567 0.000003 0.000000 -0.000001 4.366261 7.530370 -49.402744 0.069758 0.118804 92.584167 3.064336 -4.579074 -5.493112 1.663051 -1.967873 -2.634306 0.000000 -0.000000 0.000002 -14.782054 -14.534332 -44.897629 0.166763 0.272665 95.834023 1.735442 13.785889 -10.571987 -1.434601 0.554289 -3.861325 0.000000 -0.000000 -0.000001
0.000000 0.000000 0.000000 0.000000 -0.000000 0.000000 4.450967 -43.634644 -39.333085 -1.094286 0.251387 -37.777699 0.308232 -0.318520 9.570075 0.025667 0.290688 1.016249 -0.010431 -1.734857 19.861841 0.024795 2.270810 7.498827 -0.479582 1.658813 -3.551543 2.760176 -0.695025 -11.123356 0.000077 -0.000022 0.000006 -0.027143 -0.015041 -0.010083 0.616573 -3.706327 -10.526594 -0.677152 3.682656 -10.504537 -16.240400 -3.773382 11.825082 -57.923340 -16.339485 18.611174 -2.302052 -69.429382 1.956291 15.718719 -3.100163 45.476112 -5.882102 9.861279 0.702590 -10.936861 -0.360574 7.156197 0.000000 8.774815 -0.000000 -17.563292 18.245127 5.347802 -1.844031 2.498503 -2.507276 -10.163590 4.678941 4.621104 -20.975996 -0.000001 0.000001 -21.226254 2.451698 -3.593995 0.000000 -0.000006 -0.000000 -1.362681 2.240797 -0.746323 -21.334892 0.584910 3.008319 -13.821196 -0.000001 0.000001 -23.887129 -0.249075 -0.839485 -59.873631 2.178058 -1.660035 -0.294025 1.679686 0.833255 -14.218195 0.093215 1.300579 -34.212002 -0.287561 0.967166 -20.033176 0.964536 1.212838 0.000000 -0.000000 0.000000 -3.440387 0.788233 0.501655 -15.928172 -3.167306 2.999703 -6.338817 -0.000000 0.000001 -18.123419 3.648181 -4.905662 -0.000004 0.000000 -0.000002 19.370258 6.719198 13.695048 56.901173 9.603506 5.798724 -4.118184 80.484627 -4.031338 -6.731339 -6.776436 53.708534 2.243540 -5.255033 -3.180156 14.282877 -0.826594 6.952496 -0.000000 -12.690593 -0.000001 16.415762 -17.905910 2.614497 1.665665 -1.955920 -2.878297 4.727794 -4.170584 4.993919 11.020511 0.000001 -0.000000 12.109032 -3.735715 -2.866778 0.000000 -0.000000 0.000000 1.291985 -1.928548 -1.498088 14.800115 0.567467 3.865604 14.242553 -1.341738 -6.660648 19.631935 0.143921 -0.648243 49.737389 -0.674292 -6.393726 0.353029 -1.511150 -0.031940 20.222769 3.684305 2.316629 18.787249 0.000001 -0.000001 10.751608 -0.479870 1.397903 0.000000 -0.000000 0.000000 3.273804 0.305947 -0.580110 21.486790 11.830364 2.266131 8.162915 0.000000 -0.000000 18.399052 -3.798986 -4.940567 0.000003 0.000000 -0.000001 4.360254 7.527194 -49.456856 0.071021 0.112309 92.653030 3.068120 -4.582616 -5.544840 1.661000 -1.972301 -2.647868 0.000000 -0.000000 0.000002 -14.785155 -14.526639 -44.961254 0.166574 0.274177 95.899689 1.699743 13.824992 -10.624893 -1.433726 0.559569 -3.863588 0.000000 -0.000000 -0.000001
0.000000 0.000000 0.000000 0.000000 -0.000000 0.000000 4.459234 -43.643597 -39.307269 -1.078609 0.234271 -37.717567 0.319403 -0.316904 9.531806 0.025386 0.278901 1.000546 -0.026049 -1.722827 19.867016 0.014331 2.294851 7.521149 -0.493986 1.667867 -3.557794 2.757379 -0.709133 -11.116210 0.000077 -0.000022 0.000006 -0.027453 -0.015422 -0.012813 0.618308 -3.707100 -10.530923 -0.679431 3.682385 -10.510035 -16.263859 -3.774172 11.822546 -57.927128 -16.317028 18.510557 -2.410052 -69.443245 2.074242 15.711206 -3.067067 45.575871 -5.882102 9.861279 0.702590 -10.936861 -0.360574 7.156197 0.000000 8.774815 -0.000000 -17.579239 18.245331 5.343187 -1.844031 2.498503 -2.507276 -10.163590 4.678941 4.621104 -20.975996 -0.000001 0.000001 -21.226254 2.451698 -3.593995 0.000000 -0.000006 -0.000000 -1.362681 2.240797 -0.746323 -21.334892 0.584910 3.008319 -13.821196 -0.000001 0.000001 -23.887129 -0.249075 -0.839485 -59.865993 2.187159 -1.670264 -0.294025 1.679686 0.833255 -14.218195 0.093215 1.300579 -34.212002 -0.287561 0.967166 -20.033176 0.964536 1.212838 0.000000 -0.000000 0.000000 -3.440387 0.788233 0.501655 -15.928172 -3.167306 2.999703 -6.338817 -0.000000 0.000001 -18.123419 3.648181 -4.905662 -0.000004 0.000000 -0.000002 19.393045 6.682557 13.701626 56.914101 9.595860 5.772129 -4.020201 80.506180 -3.939391 -6.718434 -6.832695 53.776131 2.243540 -5.255033 -3.180156 14.282877 -0.826594 6.952496 -0.000000 -12.690593 -0.000001 16.407988 -17.905485 2.610805 1.665665 -1.955920 -2.878297 4.727794 -4.170584 4.993919 11.020511 0.000001 -0.000000 12.109032 -3.735715 -2.866778 0.000000 -0.000000 0.000000 1.291985 -1.928548 -1.498088 14.800115 0.567467 3.865604 14.242553 -1.341738 -6.660648 19.631935 0.143921 -0.648243 49.738228 -0.670775 -6.384501 0.353029 -1.511150 -0.031940 20.222769 3.684305 2.316629 18.787249 0.000001 -0.000001 10.751608 -0.479870 1.397903 0.000000 -0.000000 0.000000 3.273804 0.305947 -0.580110 21.486790 11.830364 2.266131 8.162915 0.000000 -0.000000 18.399052 -3.798986 -4.940567 0.000003 0.000000 -0.000001 4.344975 7.532722 -49.528561 0.068889 0.109013 92.699081 3.085358 -4.576472 -5.578334 1.659660 -1.973416 -2.649017 0.000000 -0.000000 0.000002 -14.785386 -14.528561 -45.042492 0.164545 0.274454 95.940224 1.684519 13.840414 -10.649813 -1.432600 0.561343 -3.838687 0.000000 -0.000000 -0.000001
0.000000 0.000000 0.000000 0.000000 -0.000000 0.000000 4.457932 -43.659123 -39.281960 -1.056683 0.224231 -37.663677 0.326031 -0.318545 9.501270 0.020041 0.257148 0.976842 -0.045936 -1.717237 19.877192 0.000565 2.312397 7.545457 -0.499495 1.700032 -3.565313 2.756947 -0.706175 -11.100231 0.000077 -0.000022 0.000006 -0.028692 -0.019459 -0.017619 0.617691 -3.712187 -10.542428 -0.681282 3.678802 -10.523168 -16.288660 -3.767454 11.842757 -57.902245 -16.330965 18.420082 -2.457448 -69.446999 2.156342 15.652776 -2.994784 45.592461 -5.882102 9.861279 0.702590 -10.936861 -0.360574 7.156197 0.000000 8.774815 -0.000000 -17.581305 18.230078 5.332343 -1.844031 2.498503 -2.507276 -10.163590 4.678941 4.621104 -20.975996 -0.000001 0.000001 -21.226254 2.451698 -3.593995 0.000000 -0.000006 -0.000000 -1.362681 2.240797 -0.746323 -21.334892 0.584910 3.008319 -13.821196 -0.000001 0.000001 -23.887129 -0.249075 -0.839485 -59.841488 2.179542 -1.670631 -0.294025 1.679686 0.833255 -14.218195 0.093215 1.300579 -34.212002 -0.287561 0.967166 -20.033176 0.964536 1.212838 0.000000 -0.000000 0.000000 -3.440387 0.788233 0.501655 -15.928172 -3.167306 2.999703 -6.338817 -0.000000 0.000001 -18.123419 3.648181 -4.905662 -0.000004 0.000000 -0.000002 19.422516 6.672122 13.727954 56.914135 9.598257 5.746057 -4.009367 80.525536 -3.917233 -6.699772 -6.889987 53.825222 2.243540 -5.255033 -3.180156 14.282877 -0.826594 6.952496 -0.000000 -12.690593 -0.000001 16.402399 -17.910318 2.604320 1.665665 -1.955920 -2.878297 4.727794 -4.170584 4.993919 11.020511 0.000001 -0.000000 12.109032 -3.735715 -2.866778 0.000000 -0.000000 0.000000 1.291985 -1.928548 -1.498088 14.800115 0.567467 3.865604 14.242553 -1.341738 -6.660648 19.631935 0.143921 -0.648243 49.707191 -0.667739 -6.393758 0.353029 -1.511150 -0.031940 20.222769 3.684305 2.316629 18.787249 0.000001 -0.000001 10.751608 -0.479870 1.397903 0.000000 -0.000000 0.000000 3.273804 0.305947 -0.580110 21.486790 11.830364 2.266131 8.162915 0.000000 -0.000000 18.399052 -3.798986 -4.940567 0.000003 0.000000 -0.000001 4.327498 7.539485 -49.600597 0.064100 0.103766 92.748680 3.074433 -4.558129 -5.597953 1.660468 -1.970990 -2.614796 0.000000 -0.000000 0.000002 -14.787667 -14.530280 -45.127544 0.161276 0.276185 95.994888 1.679676 13.837509 -10.677137 -1.431118 0.557734 -3.770180 0.000000 -0.000000 -0.000001
0.000000 0.000000 0.000000 0.000000 -0.000000 0.000000 4.444306 -43.669537 -39.249508 -1.028895 0.221142 -37.630295 0.326159 -0.313895 9.481273 0.016719 0.236188 0.956676 -0.069568 -1.723190 19.886236 -0.015449 2.326224 7.575758 -0.498483 1.739282 -3.568563 2.752798 -0.695014 -11.061826 0.000077 -0.000022 0.000006 -0.028585 -0.018247 -0.023822 0.617092 -3.711190 -10.552585 -0.680524 3.679621 -10.535488 -16.316252 -3.761609 11.885942 -57.851551 -16.362476 18.359093 -2.429694 -69.452538 2.183319 15.585880 -2.930769 45.578838 -5.882102 9.861279 0.702590 -10.936861 -0.360574 7.156197 0.000000 8.774815 -0.000000 -17.576853 18.234484 5.333113 -1.844031 2.498503 -2.507276 -10.163590 4.678941 4.621104 -20.975996 -0.000001 0.000001 -21.226254 2.451698 -3.593995 0.000000 -0.000006 -0.000000 -1.362681 2.240797 -0.746323 -21.334892 0.584910 3.008319 -13.821196 -0.000001 0.000001 -23.887129 -0.249075 -0.839485 -59.842785 2.168279 -1.660816 -0.294025 1.679686 0.833255 -14.218195 0.093215 1.300579 -34.212002 -0.287561 0.967166 -20.033176 0.964536 1.212838 0.000000 -0.000000 0.000000 -3.440387 0.788233 0.501655 -15.928172 -3.167306 2.999703 -6.338817 -0.000000 0.000001 -18.123419 3.648181 -4.905662 -0.000004 0.000000 -0.000002 19.451147 6.672172 13.767715 56.916729 9.612900 5.710049 -3.946850 80.534439 -3.809324 -6.670026 -6.937410 53.815056 2.243540 -5.255033 -3.180156 14.282877 -0.826594 6.952496 -0.000000 -12.690593 -0.000001 16.417601 -17.914883 2.584980 1.665665 -1.955920 -2.878297 4.727794 -4.170584 4.993919 11.020511 0.000001 -0.000000 12.109032 -3.735715 -2.866778 0.000000 -0.000000 0.000000 1.291985 -1.928548 -1.498088 14.800115 0.567467 3.865604 14.242553 -1.341738 -6.660648 19.631935 0.143921 -0.648243 49.659290 -0.672974 -6.420516 0.353029 -1.511150 -0.031940 20.222769 3.684305 2.316629 18.787249 0.000001 -0.000001 10.751608 -0.479870 1.397903 0.000000 -0.000000 0.000000 3.273804 0.305947 -0.580110 21.486790 11.830364 2.266131 8.162915 0.000000 -0.000000 18.399052 -3.798986 -4.940567 0.000003 0.000000 -0.000001 4.314902 7.549151 -49.638470 0.056181 0.098188 92.793137 3.056661 -4.548877 -5.609708 1.662037 -1.968750 -2.563889 0.000000 -0.000000 0.000002 -14.794260 -14.524379 -45.181492 0.162550 0.280006 96.053719 1.676743 13.827510 -10.720301 -1.428908 0.550632 -3.695602 0.000000 -0.000000 -0.000001
0.000000 0.000000 0.000000 0.000000 -0.000000 0.000000 4.414568 -43.665589 -39.203853 -1.006548 0.214384 -37.613743 0.329082 -0.306583 9.459538 0.014849 0.228945 0.943083 -0.092379 -1.739358 19.906052 -0.032424 2.324188 7.599151 -0.485374 1.793465 -3.566986 2.733604 -0.693175 -11.037078 0.000077 -0.000022 0.000006 -0.027292 -0.014551 -0.026700 0.616348 -3.707492 -10.559717 -0.677316 3.682727 -10.542542 -16.341318 -3.750262 11.929489 -57.812210 -16.397715 18.338694 -2.354011 -69.434822 2.145664 15.546937 -2.908936 45.570831 -5.882102 9.861279 0.702590 -10.936861 -0.360574 7.156197 0.000000 8.774815 -0.000000 -17.541782 18.251368 5.349748 -1.844031 2.498503 -2.507276 -10.163590 4.678941 4.621104 -20.975996 -0.000001 0.000001 -21.226254 2.451698 -3.593995 0.000000 -0.000006 -0.000000 -1.362681 2.240797 -0.746323 -21.334892 0.584910 3.008319 -13.821196 -0.000001 0.000001 -23.887129 -0.249075 -0.839485 -59.855125 2.161098 -1.644311 -0.294025 1.679686 0.833255 -14.218195 0.093215 1.300579 -34.212002 -0.287561 0.967166 -20.033176 0.964536 1.212838 0.000000 -0.000000 0.000000 -3.440387 0.788233 0.501655 -15.928172 -3.167306 2.999703 -6.338817 -0.000000 0.000001 -18.123419 3.648181 -4.905662 -0.000004 0.000000 -0.000002 19.485451 6.662907 13.799584 56.914577 9.634671 5.703758 -3.957821 80.517143 -3.774623 -6.647164 -6.930455 53.830624 2.243540 -5.255033 -3.180156 14.282877 -0.826594 6.952496 -0.000000 -12.690593 -0.000001 16.429422 -17.924244 2.582005 1.665665 -1.955920 -2.878297 4.727794 -4.170584 4.993919 11.020511 0.000001 -0.000000 12.109032 -3.735715 -2.866778 0.000000 -0.000000 0.000000 1.291985 -1.928548 -1.498088 14.800115 0.567467 3.865604 14.242553 -1.341738 -6.660648 19.631935 0.143921 -0.648243 49.621197 -0.686211 -6.447700 0.353029 -1.511150 -0.031940 20.222769 3.684305 2.316629 18.787249 0.000001 -0.000001 10.751608 -0.479870 1.397903 0.000000 -0.000000 0.000000 3.273804 0.305947 -0.580110 21.486790 11.830364 2.266131 8.162915 0.000000 -0.000000 18.399052 -3.798986 -4.940567 0.000003 0.000000 -0.000001 4.330004 7.553255 -49.634392 0.045197 0.094646 92.831345 3.030205 -4.548551 -5.633478 1.663799 -1.966445 -2.530055 0.000000 -0.000000 0.000002 -14.787032 -14.513665 -45.193081 0.163282 0.285082 96.107018 1.670378 13.827489 -10.785356 -1.427206 0.536795 -3.643344 0.000000 -0.000000 -0.000001
0.000000 0.000000 0.000000 0.000000 -0.000000 0.000000 4.375461 -43.654565 -39.153869 -0.985162 0.209458 -37.594044 0.329111 -0.295386 9.428544 0.010208 0.226880 0.932191 -0.109189 -1.750679 19.924603 -0.036461 2.324346 7.629507 -0.473237 1.825141 -3.563487 2.704987 -0.691755 -11.029078 0.000077 -0.000022 0.000006 -0.024555 -0.007499 -0.024722 0.618129 -3.700366 -10.564303 -0.673730 3.689055 -10.544695 -16.348915 -3.758272 11.934319 -57.802197 -16.381132 18.359924 -2.242524 -69.411301 2.044852 15.549339 -2.930048 45.530334 -5.882102 9.861279 0.702590 -10.936861 -0.360574 7.156197 0.000000 8.774815 -0.000000 -17.509815 18.281792 5.375724 -1.844031 2.498503 -2.507276 -10.163590 4.678941 4.621104 -20.975996 -0.000001 0.000001 -21.226254 2.451698 -3.593995 0.000000 -0.000006 -0.000000 -1.362681 2.240797 -0.746323 -21.334892 0.584910 3.008319 -13.821196 -0.000001 0.000001 -23.887129 -0.249075 -0.839485 -59.876717 2.166641 -1.636799 -0.294025 1.679686 0.833255 -14.218195 0.093215 1.300579 -34.212002 -0.287561 0.967166 -20.033176 0.964536 1.212838 0.000000 -0.000000 0.000000 -3.440387 0.788233 0.501655 -15.928172 -3.167306 2.999703 -6.338817 -0.000000 0.000001 -18.123419 3.648181 -4.905662 -0.000004 0.000000 -0.000002 19.516821 6.637407 13.817311 56.906342 9.654652 5.735024 -4.012505 80.473846 -3.786400 -6.627066 -6.890894 53.772717 2.243540 -5.255033 -3.180156 14.282877 -0.826594 6.952496 -0.000000 -12.690593 -0.000001 16.435333 -17.926483 2.585243 1.665665 -1.955920 -2.878297 4.727794 -4.170584 4.993919 11.020511 0.000001 -0.000000 12.109032 -3.735715 -2.866778 0.000000 -0.000000 0.000000 1.291985 -1.928548 -1.498088 14.800115 0.567467 3.865604 14.242553 -1.341738 -6.660648 19.631935 0.143921 -0.648243 49.592648 -0.698732 -6.474358 0.353029 -1.511150 -0.031940 20.222769 3.684305 2.316629 18.787249 0.000001 -0.000001 10.751608 -0.479870 1.397903 0.000000 -0.000000 0.000000 3.273804 0.305947 -0.580110 21.486790 11.830364 2.266131 8.162915 0.000000 -0.000000 18.399052 -3.798986 -4.940567 0.000003 0.000000 -0.000001 4.353724 7.569590 -49.623260 0.039902 0.094567 92.864243 2.997508 -4.551978 -5.663467 1.664861 -1.957761 -2.502757 0.000000 -0.000000 0.000002 -14.776310 -14.506886 -45.197189 0.165158 0.288619 96.157364 1.653248 13.867160 -10.859221 -1.427215 0.526935 -3.602205 0.000000 -0.000000 -0.000001
0.000000 0.000000 0.000000 0.000000 -0.000000 0.000000 4.339974 -43.644448 -39.109577 -0.965439 0.210033 -37.576748 0.322027 -0.288789 9.390244 -0.003501 0.218411 0.925073 -0.112153 -1.744287 19.947372 -0.022248 2.322200 7.657050 -0.465686 1.829543 -3.559968 2.675440 -0.661337 -11.009687 0.000077 -0.000022 0.000006 -0.022609 -0.001658 -0.019633 0.619241 -3.695142 -10.568565 -0.670986 3.695211 -10.545093 -16.354544 -3.773616 11.915179 -57.811234 -16.337431 18.352554 -2.191049 -69.372353 1.972440 15.575274 -3.001286 45.466682 -5.882102 9.861279 0.702590 -10.936861 -0.360574 7.156197 0.000000 8.774815 -0.000000 -17.484823 18.309177 5.399704 -1.844031 2.498503 -2.507276 -10.163590 4.678941 4.621104 -20.975996 -0.000001 0.000001 -21.226254 2.451698 -3.593995 0.000000 -0.000006 -0.000000 -1.362681 2.240797 -0.746323 -21.334892 0.584910 3.008319 -13.821196 -0.000001 0.000001 -23.887129 -0.249075 -0.839485 -59.884872 2.177376 -1.635566 -0.294025 1.679686 0.833255 -14.218195 0.093215 1.300579 -34.212002 -0.287561 0.967166 -20.033176 0.964536 1.212838 0.000000 -0.000000 0.000000 -3.440387 0.788233 0.501655 -15.928172 -3.167306 2.999703 -6.338817 -0.000000 0.000001 -18.123419 3.648181 -4.905662 -0.000004 0.000000 -0.000002 19.537745 6.602623 13.818751 56.897644 9.669528 5.741088 -3.853205 80.427101 -3.616025 -6.611778 -6.828747 53.718338 2.243540 -5.255033 -3.180156 14.282877 -0.826594 6.952496 -0.000000 -12.690593 -0.000001 16.423042 -17.924665 2.594546 1.665665 -1.955920 -2.878297 4.727794 -4.170584 4.993919 11.020511 0.000001 -0.000000 12.109032 -3.735715 -2.866778 0.000000 -0.000000 0.000000 1.291985 -1.928548 -1.498088 14.800115 0.567467 3.865604 14.242553 -1.341738 -6.660648 19.631935 0.143921 -0.648243 49.582565 -0.698605 -6.490939 0.353029 -1.511150 -0.031940 20.222769 3.684305 2.316629 18.787249 0.000001 -0.000001 10.751608 -0.479870 1.397903 0.000000 -0.000000 0.000000 3.273804 0.305947 -0.580110 21.486790 11.830364 2.266131 8.162915 0.000000 -0.000000 18.399052 -3.798986 -4.940567 0.000003 0.000000 -0.000001 4.366827 7.595502 -49.613144 0.043749 0.093483 92.892509 2.981016 -4.544156 -5.696783 1.665281 -1.947592 -2.471590 0.000000 -0.000000 0.000002 -14.777781 -14.506511 -45.197433 0.166837 0.288694 96.200905 1.634306 13.932271 -10.924532 -1.428900 0.525016 -3.581594 0.000000 -0.000000 -0.000001
0.000000 0.000000 0.000000 0.000000 -0.000000 0.000000 4.314336 -43.639115 -39.071632 -0.945945 0.213224 -37.558392 0.309386 -0.293630 9.346989 -0.023356 0.209726 0.920290 -0.108808 -1.724921 19.970036 0.003301 2.315259 7.684695 -0.462612 1.816566 -3.561396 2.649824 -0.606727 -10.988805 0.000077 -0.000022 0.000006 -0.022275 0.001880 -0.015847 0.619767 -3.693233 -10.576456 -0.670913 3.700356 -10.550846 -16.371618 -3.790673 11.887078 -57.830231 -16.281082 18.305170 -2.184682 -69.327820 1.936357 15.603783 -3.077489 45.366718 -5.882102 9.861279 0.702590 -10.936861 -0.360574 7.156197 0.000000 8.774815 -0.000000 -17.481503 18.316090 5.410889 -1.844031 2.498503 -2.507276 -10.163590 4.678941 4.621104 -20.975996 -0.000001 0.000001 -21.226254 2.451698 -3.593995 0.000000 -0.000006 -0.000000 -1.362681 2.240797 -0.746323 -21.334892 0.584910 3.008319 -13.821196 -0.000001 0.000001 -23.887129 -0.249075 -0.839485 -59.885952 2.177903 -1.628816 -0.294025 1.679686 0.833255 -14.218195 0.093215 1.300579 -34.212002 -0.287561 0.967166 -20.033176 0.964536 1.212838 0.000000 -0.000000 0.000000 -3.440387 0.788233 0.501655 -15.928172 -3.167306 2.999703 -6.338817 -0.000000 0.000001 -18.123419 3.648181 -4.905662 -0.000004 0.000000 -0.000002 19.551048 6.573355 13.834070 56.889484 9.684848 5.705988 -3.580580 80.398254 -3.357955 -6.593401 -6.776825 53.755547 2.243540 -5.255033 -3.180156 14.282877 -0.826594 6.952496 -0.000000 -12.690593 -0.000001 16.407900 -17.926897 2.613539 1.665665 -1.955920 -2.878297 4.727794 -4.170584 4.993919 11.020511 0.000001 -0.000000 12.109032 -3.735715 -2.866778 0.000000 -0.000000 0.000000 1.291985 -1.928548 -1.498088 14.800115 0.567467 3.865604 14.242553 -1.341738 -6.660648 19.631935 0.143921 -0.648243 49.580837 -0.692709 -6.494583 0.353029 -1.511150 -0.031940 20.222769 3.684305 2.316629 18.787249 0.000001 -0.000001 10.751608 -0.479870 1.397903 0.000000 -0.000000 0.000000 3.273804 0.305947 -0.580110 21.486790 11.830364 2.266131 8.162915 0.000000 -0.000000 18.399052 -3.798986 -4.940567 0.000003 0.000000 -0.000001 4.370043 7.627325 -49.612141 0.051180 0.097263 92.922401 2.986346 -4.529762 -5.735199 1.665465 -1.938686 -2.433031 0.000000 -0.000000 0.000002 -14.793731 -14.505753 -45.203423 0.169258 0.283700 96.241890 1.633212 14.002997 -10.975852 -1.431601 0.530448 -3.569912 0.000000 -0.000000 -0.000001
0.000000 0.000000 0.000000 0.000000 -0.000000 0.000000 4.296234 -43.646516 -39.033426 -0.929011 0.216536 -37.550972 0.300261 -0.310129 9.303415 -0.040756 0.211781 0.919788 -0.121453 -1.710772 19.997259 0.044708 2.299808 7.716290 -0.463537 1.802788 -3.567582 2.624155 -0.551400 -10.967680 0.000077 -0.000022 0.000006 -0.022907 0.003253 -0.015156 0.621467 -3.693491 -10.588671 -0.673950 3.703793 -10.563277 -16.387659 -3.790304 11.840218 -57.863743 -16.210564 18.203537 -2.322990 -69.297997 2.024027 15.627728 -3.140478 45.260365 -5.882102 9.861279 0.702590 -10.936861 -0.360574 7.156197 0.000000 8.774815 -0.000000 -17.465305 18.291346 5.419431 -1.844031 2.498503 -2.507276 -10.163590 4.678941 4.621104 -20.975996 -0.000001 0.000001 -21.226254 2.451698 -3.593995 0.000000 -0.000006 -0.000000 -1.362681 2.240797 -0.746323 -21.334892 0.584910 3.008319 -13.821196 -0.000001 0.000001 -23.887129 -0.249075 -0.839485 -59.868042 2.163478 -1.598397 -0.294025 1.679686 0.833255 -14.218195 0.093215 1.300579 -34.212002 -0.287561 0.967166 -20.033176 0.964536 1.212838 0.000000 -0.000000 0.000000 -3.440387 0.788233 0.501655 -15.928172 -3.167306 2.999703 -6.338817 -0.000000 0.000001 -18.123419 3.648181 -4.905662 -0.000004 0.000000 -0.000002 19.576174 6.551331 13.859109 56.871086 9.699964 5.659368 -3.353264 80.400192 -3.151828 -6.557820 -6.749255 53.886627 2.243540 -5.255033 -3.180156 14.282877 -0.826594 6.952496 -0.000000 -12.690593 -0.000001 16.391565 -17.928864 2.629958 1.665665 -1.955920 -2.878297 4.727794 -4.170584 4.993919 11.020511 0.000001 -0.000000 12.109032 -3.735715 -2.866778 0.000000 -0.000000 0.000000 1.291985 -1.928548 -1.498088 14.800115 0.567467 3.865604 14.242553 -1.341738 -6.660648 19.631935 0.143921 -0.648243 49.569134 -0.683583 -6.492682 0.353029 -1.511150 -0.031940 20.222769 3.684305 2.316629 18.787249 0.000001 -0.000001 10.751608 -0.479870 1.397903 0.000000 -0.000000 0.000000 3.273804 0.305947 -0.580110 21.486790 11.830364 2.266131 8.162915 0.000000 -0.000000 18.399052 -3.798986 -4.940567 0.000003 0.000000 -0.000001 4.373242 7.656432 -49.615429 0.063278 0.102737 92.971046 2.997836 -4.533612 -5.859438 1.665262 -1.936302 -2.412024 0.000000 -0.000000 0.000002 -14.816464 -14.501880 -45.210323 0.174684 0.278354 96.297653 1.638821 14.058760 -11.027861 -1.433870 0.540364 -3.573559 0.000000 -0.000000 -0.000001
0.000000 0.000000 0.000000 0.000000 -0.000000 0.000000 4.288482 -43.660649 -38.987592 -0.911857 0.215494 -37.550873 0.293983 -0.329522 9.261596 -0.053343 0.220393 0.919866 -0.149051 -1.697083 20.035084 0.087111 2.276060 7.740426 -0.472851 1.782452 -3.573888 2.609271 -0.494525 -10.962307 0.000077 -0.000022 0.000006 -0.022767 0.005456 -0.017119 0.624930 -3.691861 -10.600646 -0.677147 3.707447 -10.577921 -16.412218 -3.777122 11.813612 -57.886871 -16.164368 18.048344 -2.564066 -69.287979 2.224612 15.639865 -3.182315 45.224926 -5.882102 9.861279 0.702590 -10.936861 -0.360574 7.156197 0.000000 8.774815 -0.000000 -17.435583 18.266422 5.436996 -1.844031 2.498503 -2.507276 -10.163590 4.678941 4.621104 -20.975996 -0.000001 0.000001 -21.226254 2.451698 -3.593995 0.000000 -0.000006 -0.000000 -1.362681 2.240797 -0.746323 -21.334892 0.584910 3.008319 -13.821196 -0.000001 0.000001 -23.887129 -0.249075 -0.839485 -59.865364 2.155254 -1.555121 -0.294025 1.679686 0.833255 -14.218195 0.093215 1.300579 -34.212002 -0.287561 0.967166 -20.033176 0.964536 1.212838 0.000000 -0.000000 0.000000 -3.440387 0.788233 0.501655 -15.928172 -3.167306 2.999703 -6.338817 -0.000000 0.000001 -18.123419 3.648181 -4.905662 -0.000004 0.000000 -0.000002 19.611248 6.521844 13.881826 56.828358 9.712029 5.634685 -3.179733 80.419365 -2.989911 -6.526898 -6.707081 53.996548 2.243540 -5.255033 -3.180156 14.282877 -0.826594 6.952496 -0.000000 -12.690593 -0.000001 16.376198 -17.921667 2.631757 1.665665 -1.955920 -2.878297 4.727794 -4.170584 4.993919 11.020511 0.000001 -0.000000 12.109032 -3.735715 -2.866778 0.000000 -0.000000 0.000000 1.291985 -1.928548 -1.498088 14.800115 0.567467 3.865604 14.242553 -1.341738 -6.660648 19.631935 0.143921 -0.648243 49.542835 -0.673139 -6.487851 0.353029 -1.511150 -0.031940 20.222769 3.684305 2.316629 18.787249 0.000001 -0.000001 10.751608 -0.479870 1.397903 0.000000 -0.000000 0.000000 3.273804 0.305947 -0.580110 21.486790 11.830364 2.266131 8.162915 0.000000 -0.000000 18.399052 -3.798986 -4.940567 0.000003 0.000000 -0.000001 4.374820 7.680615 -49.616608 0.079461 0.106367 93.038635 3.002175 -4.561475 -5.924746 1.664090 -1.937624 -2.411883 0.000000 -0.000000 0.000002 -14.846234 -14.498492 -45.213867 0.185298 0.273853 96.366272 1.669632 14.085933 -11.082047 -1.435545 0.551798 -3.598300 0.000000 -0.000000 -0.000001
0.000000 0.000000 0.000000 0.000000 -0.000000 0.000000 4.290579 -43.671857 -38.932687 -0.895220 0.209188 -37.556618 0.291112 -0.343542 9.228326 -0.064279 0.232594 0.917949 -0.188177 -1.693139 20.080168 0.122818 2.236431 7.760286 -0.480730 1.771929 -3.578044 2.614950 -0.442429 -10.987167 0.000077 -0.000022 0.000006 -0.023076 0.004942 -0.018364 0.627927 -3.692225 -10.608029 -0.680737 3.707844 -10.588395 -16.440685 -3.754139 11.822401 -57.903522 -16.153425 17.858887 -2.793360 -69.279182 2.434337 15.633426 -3.230919 45.141724 -5.882102 9.861279 0.702590 -10.936861 -0.360574 7.156197 0.000000 8.774815 -0.000000 -17.387548 18.245909 5.459277 -1.844031 2.498503 -2.507276 -10.163590 4.678941 4.621104 -20.975996 -0.000001 0.000001 -21.226254 2.451698 -3.593995 0.000000 -0.000006 -0.000000 -1.362681 2.240797 -0.746323 -21.334892 0.584910 3.008319 -13.821196 -0.000001 0.000001 -23.887129 -0.249075 -0.839485 -59.873512 2.136279 -1.511211 -0.294025 1.679686 0.833255 -14.218195 0.093215 1.300579 -34.212002 -0.287561 0.967166 -20.033176 0.964536 1.212838 0.000000 -0.000000 0.000000 -3.440387 0.788233 0.501655 -15.928172 -3.167306 2.999703 -6.338817 -0.000000 0.000001 -18.123419 3.648181 -4.905662 -0.000004 0.000000 -0.000002 19.644415 6.487794 13.903284 56.775505 9.726491 5.633513 -3.024953 80.440498 -2.852461 -6.522665 -6.648576 54.038181 2.243540 -5.255033 -3.180156 14.282877 -0.826594 6.952496 -0.000000 -12.690593 -0.000001 16.334753 -17.908169 2.642254 1.665665 -1.955920 -2.878297 4.727794 -4.170584 4.993919 11.020511 0.000001 -0.000000 12.109032 -3.735715 -2.866778 0.000000 -0.000000 0.000000 1.291985 -1.928548 -1.498088 14.800115 0.567467 3.865604 14.242553 -1.341738 -6.660648 19.631935 0.143921 -0.648243 49.517170 -0.657322 -6.465880 0.353029 -1.511150 -0.031940 20.222769 3.684305 2.316629 18.787249 0.000001 -0.000001 10.751608 -0.479870 1.397903 0.000000 -0.000000 0.000000 3.273804 0.305947 -0.580110 21.486790 11.830364 2.266131 8.162915 0.000000 -0.000000 18.399052 -3.798986 -4.940567 0.000003 0.000000 -0.000001 4.374875 7.708604 -49.604801 0.092532 0.107957 93.112846 3.000751 -4.603854 -6.003244 1.663119 -1.942780 -2.427025 0.000000 -0.000000 0.000002 -14.881189 -14.502683 -45.203152 0.197392 0.271989 96.434296 1.720328 14.100352 -11.137402 -1.435612 0.559442 -3.620522 0.000000 -0.000000 -0.000001
0.000000 0.000000 0.000000 0.000000 -0.000000 0.000000 4.314728 -43.666394 -38.873940 -0.878342 0.202996 -37.559273 0.289121 -0.347128 9.202948 -0.070625 0.247802 0.908802 -0.237010 -1.694201 20.130480 0.163139 2.192837 7.778447 -0.490977 1.778017 -3.579098 2.628754 -0.408748 -11.000346 0.000077 -0.000022 0.000006 -0.022922 0.004973 -0.019910 0.632036 -3.691356 -10.610088 -0.684414 3.707997 -10.592361 -16.468885 -3.723442 11.839835 -57.912163 -16.152044 17.646704 -3.051354 -69.270470 2.685036 15.625146 -3.294743 45.012547 -5.882102 9.861279 0.702590 -10.936861 -0.360574 7.156197 0.000000 8.774815 -0.000000 -17.349154 18.238485 5.476882 -1.844031 2.498503 -2.507276 -10.163590 4.678941 4.621104 -20.975996 -0.000001 0.000001 -21.226254 2.451698 -3.593995 0.000000 -0.000006 -0.000000 -1.362681 2.240797 -0.746323 -21.334892 0.584910 3.008319 -13.821196 -0.000001 0.000001 -23.887129 -0.249075 -0.839485 -59.874237 2.114582 -1.490732 -0.294025 1.679686 0.833255 -14.218195 0.093215 1.300579 -34.212002 -0.287561 0.967166 -20.033176 0.964536 1.212838 0.000000 -0.000000 0.000000 -3.440387 0.788233 0.501655 -15.928172 -3.167306 2.999703 -6.338817 -0.000000 0.000001 -18.123419 3.648181 -4.905662 -0.000004 0.000000 -0.000002 19.679565 6.454356 13.931621 56.718983 9.750872 5.649822 -2.984886 80.464195 -2.820908 -6.534107 -6.610647 53.979168 2.243540 -5.255033 -3.180156 14.282877 -0.826594 6.952496 -0.000000 -12.690593 -0.000001 16.299532 -17.902805 2.655044 1.665665 -1.955920 -2.878297 4.727794 -4.170584 4.993919 11.020511 0.000001 -0.000000 12.109032 -3.735715 -2.866778 0.000000 -0.000000 0.000000 1.291985 -1.928548 -1.498088 14.800115 0.567467 3.865604 14.242553 -1.341738 -6.660648 19.631935 0.143921 -0.648243 49.509048 -0.637110 -6.442811 0.353029 -1.511150 -0.031940 20.222769 3.684305 2.316629 18.787249 0.000001 -0.000001 10.751608 -0.479870 1.397903 0.000000 -0.000000 0.000000 3.273804 0.305947 -0.580110 21.486790 11.830364 2.266131 8.162915 0.000000 -0.000000 18.399052 -3.798986 -4.940567 0.000003 0.000000 -0.000001 4.352483 7.736416 -49.574886 0.100975 0.107016 93.170586 3.006717 -4.634795 -6.088009 1.661813 -1.948044 -2.443728 0.000000 -0.000000 0.000002 -14.934496 -14.505074 -45.169506 0.212370 0.272295 96.473549 1.797646 14.136781 -11.182407 -1.435124 0.564340 -3.624295 0.000000 -0.000000 -0.000001
0.000000 0.000000 0.000000 0.000000 -0.000000 0.000000 4.351849 -43.657388 -38.821727 -0.867474 0.195488 -37.560295 0.292841 -0.337905 9.182077 -0.065201 0.272475 0.902243 -0.292196 -1.710911 20.179787 0.203620 2.162961 7.800219 -0.502472 1.790163 -3.572548 2.643570 -0.395991 -11.006566 0.000077 -0.000022 0.000006 -0.021616 0.008023 -0.021370 0.635784 -3.687284 -10.606555 -0.685457 3.710628 -10.589802 -16.505865 -3.687735 11.840086 -57.894878 -16.150074 17.464518 -3.339533 -69.243309 2.957832 15.621930 -3.370077 44.853634 -5.882102 9.861279 0.702590 -10.936861 -0.360574 7.156197 0.000000 8.774815 -0.000000 -17.325577 18.230146 5.486821 -1.844031 2.498503 -2.507276 -10.163590 4.678941 4.621104 -20.975996 -0.000001 0.000001 -21.226254 2.451698 -3.593995 0.000000 -0.000006 -0.000000 -1.362681 2.240797 -0.746323 -21.334892 0.584910 3.008319 -13.821196 -0.000001 0.000001 -23.887129 -0.249075 -0.839485 -59.852127 2.108907 -1.491480 -0.294025 1.679686 0.833255 -14.218195 0.093215 1.300579 -34.212002 -0.287561 0.967166 -20.033176 0.964536 1.212838 0.000000 -0.000000 0.000000 -3.440387 0.788233 0.501655 -15.928172 -3.167306 2.999703 -6.338817 -0.000000 0.000001 -18.123419 3.648181 -4.905662 -0.000004 0.000000 -0.000002 19.723793 6.418478 13.964807 56.650696 9.797286 5.666098 -3.001552 80.473709 -2.833627 -6.533798 -6.564226 53.826199 2.243540 -5.255033 -3.180156 14.282877 -0.826594 6.952496 -0.000000 -12.690593 -0.000001 16.290192 -17.894800 2.653951 1.665665 -1.955920 -2.878297 4.727794 -4.170584 4.993919 11.020511 0.000001 -0.000000 12.109032 -3.735715 -2.866778 0.000000 -0.000000 0.000000 1.291985 -1.928548 -1.498088 14.800115 0.567467 3.865604 14.242553 -1.341738 -6.660648 19.631935 0.143921 -0.648243 49.515640 -0.616847 -6.428502 0.353029 -1.511150 -0.031940 20.222769 3.684305 2.316629 18.787249 0.000001 -0.000001 10.751608 -0.479870 1.397903 0.000000 -0.000000 0.000000 3.273804 0.305947 -0.580110 21.486790 11.830364 2.266131 8.162915 0.000000 -0.000000 18.399052 -3.798986 -4.940567 0.000003 0.000000 -0.000001 4.320280 7.760301 -49.546135 0.104212 0.104432 93.219292 3.018692 -4.667028 -6.165725 1.659786 -1.948001 -2.465861 0.000000 -0.000000 0.000002 -14.989914 -14.501447 -45.132233 0.222329 0.274961 96.494698 1.864396 14.193105 -11.218093 -1.434204 0.568546 -3.631752 0.000000 -0.000000 -0.000001
0.000000 0.000000 0.000000 0.000000 -0.000000 0.000000 4.390037 -43.663125 -38.775883 -0.862012 0.182970 -37.569275 0.299322 -0.328967 9.165351 -0.062524 0.287859 0.894931 -0.343188 -1.724361 20.236635 0.244877 2.128087 7.830838 -0.511865 1.812552 -3.562882 2.662196 -0.400915 -11.048516 0.000077 -0.000022 0.000006 -0.021555 0.007747 -0.022601 0.636335 -3.685758 -10.597973 -0.685759 3.708645 -10.582581 -16.529711 -3.637836 11.861807 -57.868649 -16.205580 17.318424 -3.580768 -69.172096 3.183567 15.604952 -3.442760 44.679867 -5.882102 9.861279 0.702590 -10.936861 -0.360574 7.156197 0.000000 8.774815 -0.000000 -17.311409 18.218611 5.492526 -1.844031 2.498503 -2.507276 -10.163590 4.678941 4.621104 -20.975996 -0.000001 0.000001 -21.226254 2.451698 -3.593995 0.000000 -0.000006 -0.000000 -1.362681 2.240797 -0.746323 -21.334892 0.584910 3.008319 -13.821196 -0.000001 0.000001 -23.887129 -0.249075 -0.839485 -59.818333 2.123037 -1.506772 -0.294025 1.679686 0.833255 -14.218195 0.093215 1.300579 -34.212002 -0.287561 0.967166 -20.033176 0.964536 1.212838 0.000000 -0.000000 0.000000 -3.440387 0.788233 0.501655 -15.928172 -3.167306 2.999703 -6.338817 -0.000000 0.000001 -18.123419 3.648181 -4.905662 -0.000004 0.000000 -0.000002 19.760757 6.389928 14.009516 56.601562 9.870249 5.686954 -3.190042 80.462158 -3.018249 -6.488808 -6.529982 53.618961 2.243540 -5.255033 -3.180156 14.282877 -0.826594 6.952496 -0.000000 -12.690593 -0.000001 16.314943 -17.892357 2.638548 1.665665 -1.955920 -2.878297 4.727794 -4.170584 4.993919 11.020511 0.000001 -0.000000 12.109032 -3.735715 -2.866778 0.000000 -0.000000 0.000000 1.291985 -1.928548 -1.498088 14.800115 0.567467 3.865604 14.242553 -1.341738 -6.660648 19.631935 0.143921 -0.648243 49.524105 -0.612643 -6.432889 0.353029 -1.511150 -0.031940 20.222769 3.684305 2.316629 18.787249 0.000001 -0.000001 10.751608 -0.479870 1.397903 0.000000 -0.000000 0.000000 3.273804 0.305947 -0.580110 21.486790 11.830364 2.266131 8.162915 0.000000 -0.000000 18.399052 -3.798986 -4.940567 0.000003 0.000000 -0.000001 4.294289 7.787542 -49.529980 0.097643 0.102003 93.283005 3.024769 -4.692670 -6.236802 1.657584 -1.947917 -2.450144 0.000000 -0.000000 0.000002 -15.036684 -14.496810 -45.106979 0.227148 0.280776 96.527893 1.913477 14.266667 -11.250582 -1.433164 0.569237 -3.622960 0.000000 -0.000000 -0.000001
0.000000 0.000000 0.000000 0.000000 -0.000000 0.000000 4.416811 -43.678853 -38.750286 -0.857970 0.164388 -37.577553 0.301254 -0.327504 9.148099 -0.073307 0.276739 0.881938 -0.378469 -1.714360 20.295681 0.278008 2.100532 7.866566 -0.518204 1.836670 -3.559183 2.677306 -0.419195 -11.118782 0.000077 -0.000022 0.000006 -0.023296 0.002931 -0.021735 0.631021 -3.689160 -10.587683 -0.683742 3.701859 -10.575125 -16.536890 -3.576415 11.931631 -57.838966 -16.323973 17.218176 -3.674059 -69.079498 3.267869 15.580568 -3.471569 44.504101 -5.882102 9.861279 0.702590 -10.936861 -0.360574 7.156197 0.000000 8.774815 -0.000000 -17.303719 18.208061 5.504750 -1.844031 2.498503 -2.507276 -10.163590 4.678941 4.621104 -20.975996 -0.000001 0.000001 -21.226254 2.451698 -3.593995 0.000000 -0.000006 -0.000000 -1.362681 2.240797 -0.746323 -21.334892 0.584910 3.008319 -13.821196 -0.000001 0.000001 -23.887129 -0.249075 -0.839485 -59.818039 2.139144 -1.525380 -0.294025 1.679686 0.833255 -14.218195 0.093215 1.300579 -34.212002 -0.287561 0.967166 -20.033176 0.964536 1.212838 0.000000 -0.000000 0.000000 -3.440387 0.788233 0.501655 -15.928172 -3.167306 2.999703 -6.338817 -0.000000 0.000001 -18.123419 3.648181 -4.905662 -0.000004 0.000000 -0.000002 19.786217 6.380975 14.044093 56.588333 9.918036 5.678500 -3.321683 80.462196 -3.150974 -6.419499 -6.494680 53.441250 2.243540 -5.255033 -3.180156 14.282877 -0.826594 6.952496 -0.000000 -12.690593 -0.000001 16.355473 -17.892429 2.622780 1.665665 -1.955920 -2.878297 4.727794 -4.170584 4.993919 11.020511 0.000001 -0.000000 12.109032 -3.735715 -2.866778 0.000000 -0.000000 0.000000 1.291985 -1.928548 -1.498088 14.800115 0.567467 3.865604 14.242553 -1.341738 -6.660648 19.631935 0.143921 -0.648243 49.529076 -0.618556 -6.446060 0.353029 -1.511150 -0.031940 20.222769 3.684305 2.316629 18.787249 0.000001 -0.000001 10.751608 -0.479870 1.397903 0.000000 -0.000000 0.000000 3.273804 0.305947 -0.580110 21.486790 11.830364 2.266131 8.162915 0.000000 -0.000000 18.399052 -3.798986 -4.940567 0.000003 0.000000 -0.000001 4.282847 7.808208 -49.532223 0.089871 0.100701 93.337883 3.005497 -4.701149 -6.278721 1.657135 -1.944371 -2.407521 0.000000 -0.000000 0.000002 -15.057265 -14.486469 -45.108814 0.236769 0.286431 96.560616 1.949255 14.301143 -11.264802 -1.432465 0.565497 -3.584408 0.000000 -0.000000 -0.000001
0.000000 0.000000 0.000000 0.000000 -0.000000 0.000000 4.420306 -43.704633 -38.748914 -0.849943 0.142388 -37.588081 0.301738 -0.328648 9.133041 -0.089465 0.251504 0.866744 -0.408056 -1.695261 20.352018 0.300319 2.095106 7.898648 -0.521016 1.849676 -3.554967 2.684543 -0.434930 -11.168148 0.000077 -0.000022 0.000006 -0.024594 0.000595 -0.021451 0.623494 -3.689650 -10.576311 -0.678687 3.696842 -10.569338 -16.543890 -3.511122 12.028736 -57.782192 -16.467121 17.160889 -3.596368 -69.014648 3.177256 15.542682 -3.466891 44.343216 -5.882102 9.861279 0.702590 -10.936861 -0.360574 7.156197 0.000000 8.774815 -0.000000 -17.303165 18.203939 5.515052 -1.844031 2.498503 -2.507276 -10.163590 4.678941 4.621104 -20.975996 -0.000001 0.000001 -21.226254 2.451698 -3.593995 0.000000 -0.000006 -0.000000 -1.362681 2.240797 -0.746323 -21.334892 0.584910 3.008319 -13.821196 -0.000001 0.000001 -23.887129 -0.249075 -0.839485 -59.841446 2.148765 -1.545549 -0.294025 1.679686 0.833255 -14.218195 0.093215 1.300579 -34.212002 -0.287561 0.967166 -20.033176 0.964536 1.212838 0.000000 -0.000000 0.000000 -3.440387 0.788233 0.501655 -15.928172 -3.167306 2.999703 -6.338817 -0.000000 0.000001 -18.123419 3.648181 -4.905662 -0.000004 0.000000 -0.000002 19.811714 6.382356 14.065072 56.586189 9.943549 5.588086 -2.975070 80.494034 -2.811282 -6.345002 -6.447216 53.311119 2.243540 -5.255033 -3.180156 14.282877 -0.826594 6.952496 -0.000000 -12.690593 -0.000001 16.410244 -17.886627 2.591936 1.665665 -1.955920 -2.878297 4.727794 -4.170584 4.993919 11.020511 0.000001 -0.000000 12.109032 -3.735715 -2.866778 0.000000 -0.000000 0.000000 1.291985 -1.928548 -1.498088 14.800115 0.567467 3.865604 14.242553 -1.341738 -6.660648 19.631935 0.143921 -0.648243 49.509281 -0.618200 -6.460659 0.353029 -1.511150 -0.031940 20.222769 3.684305 2.316629 18.787249 0.000001 -0.000001 10.751608 -0.479870 1.397903 0.000000 -0.000000 0.000000 3.273804 0.305947 -0.580110 21.486790 11.830364 2.266131 8.162915 0.000000 -0.000000 18.399052 -3.798986 -4.940567 0.000003 0.000000 -0.000001 4.293193 7.830653 -49.548630 0.084265 0.101571 93.376137 2.964730 -4.698980 -6.284523 1.658760 -1.938485 -2.358423 0.000000 -0.000000 0.000002 -15.042992 -14.457788 -45.140320 0.250571 0.292762 96.596252 1.969618 14.261164 -11.263934 -1.431932 0.562982 -3.547593 0.000000 -0.000000 -0.000001
0.000000 0.000000 0.000000 0.000000 -0.000000 0.000000 4.414644 -43.740182 -38.763506 -0.839869 0.107744 -37.585133 0.309953 -0.325646 9.116364 -0.107232 0.230640 0.846335 -0.432210 -1.675286 20.393864 0.315904 2.123719 7.927837 -0.516792 1.856984 -3.551573 2.683657 -0.428164 -11.168016 0.000077 -0.000022 0.000006 -0.026071 -0.004336 -0.021894 0.614556 -3.693281 -10.569163 -0.672720 3.689794 -10.568465 -16.548687 -3.455393 12.112362 -57.703823 -16.599150 17.193689 -3.301023 -68.978432 2.859580 15.491064 -3.471075 44.248127 -5.882102 9.861279 0.702590 -10.936861 -0.360574 7.156197 0.000000 8.774815 -0.000000 -17.294960 18.226561 5.538548 -1.844031 2.498503 -2.507276 -10.163590 4.678941 4.621104 -20.975996 -0.000001 0.000001 -21.226254 2.451698 -3.593995 0.000000 -0.000006 -0.000000 -1.362681 2.240797 -0.746323 -21.334892 0.584910 3.008319 -13.821196 -0.000001 0.000001 -23.887129 -0.249075 -0.839485 -59.910233 2.165182 -1.562754 -0.294025 1.679686 0.833255 -14.218195 0.093215 1.300579 -34.212002 -0.287561 0.967166 -20.033176 0.964536 1.212838 0.000000 -0.000000 0.000000 -3.440387 0.788233 0.501655 -15.928172 -3.167306 2.999703 -6.338817 -0.000000 0.000001 -18.123419 3.648181 -4.905662 -0.000004 0.000000 -0.000002 19.846415 6.384595 14.066566 56.575932 9.951388 5.441673 -2.199920 80.539528 -2.044459 -6.297083 -6.352660 53.247242 2.243540 -5.255033 -3.180156 14.282877 -0.826594 6.952496 -0.000000 -12.690593 -0.000001 16.468090 -17.880157 2.545757 1.665665 -1.955920 -2.878297 4.727794 -4.170584 4.993919 11.020511 0.000001 -0.000000 12.109032 -3.735715 -2.866778 0.000000 -0.000000 0.000000 1.291985 -1.928548 -1.498088 14.800115 0.567467 3.865604 14.242553 -1.341738 -6.660648 19.631935 0.143921 -0.648243 49.474476 -0.610329 -6.487545 0.353029 -1.511150 -0.031940 20.222769 3.684305 2.316629 18.787249 0.000001 -0.000001 10.751608 -0.479870 1.397903 0.000000 -0.000000 0.000000 3.273804 0.305947 -0.580110 21.486790 11.830364 2.266131 8.162915 0.000000 -0.000000 18.399052 -3.798986 -4.940567 0.000003 0.000000 -0.000001 4.319364 7.867456 -49.595524 0.079755 0.104951 93.411659 2.901794 -4.699033 -6.267321 1.662719 -1.927796 -2.310715 0.000000 -0.000000 0.000002 -15.000933 -14.402526 -45.214497 0.249479 0.297875 96.636124 1.979654 14.172078 -11.249847 -1.432327 0.559756 -3.496011 0.000000 -0.000000 -0.000001
0.000000 0.000000 0.000000 0.000000 -0.000000 0.000000 4.424352 -43.765290 -38.781543 -0.821253 0.063468 -37.557789 0.318387 -0.321547 9.096050 -0.123765 0.222985 0.830432 -0.446571 -1.652393 20.399216 0.324186 2.176598 7.954636 -0.511510 1.862445 -3.554680 2.673109 -0.415372 -11.104700 0.000077 -0.000022 0.000006 -0.027425 -0.011750 -0.025543 0.607963 -3.700847 -10.573569 -0.669002 3.682141 -10.578759 -16.560061 -3.420927 12.187889 -57.600693 -16.696512 17.347057 -2.699602 -68.960052 2.222229 15.438868 -3.501745 44.256451 -5.882102 9.861279 0.702590 -10.936861 -0.360574 7.156197 0.000000 8.774815 -0.000000 -17.284815 18.263845 5.568942 -1.844031 2.498503 -2.507276 -10.163590 4.678941 4.621104 -20.975996 -0.000001 0.000001 -21.226254 2.451698 -3.593995 0.000000 -0.000006 -0.000000 -1.362681 2.240797 -0.746323 -21.334892 0.584910 3.008319 -13.821196 -0.000001 0.000001 -23.887129 -0.249075 -0.839485 -60.015850 2.204246 -1.577029 -0.294025 1.679686 0.833255 -14.218195 0.093215 1.300579 -34.212002 -0.287561 0.967166 -20.033176 0.964536 1.212838 0.000000 -0.000000 0.000000 -3.440387 0.788233 0.501655 -15.928172 -3.167306 2.999703 -6.338817 -0.000000 0.000001 -18.123419 3.648181 -4.905662 -0.000004 0.000000 -0.000002 19.886492 6.381095 14.044291 56.580444 9.917292 5.337796 -1.519417 80.586723 -1.362511 -6.265934 -6.196859 53.337547 2.243540 -5.255033 -3.180156 14.282877 -0.826594 6.952496 -0.000000 -12.690593 -0.000001 16.538494 -17.858263 2.469902 1.665665 -1.955920 -2.878297 4.727794 -4.170584 4.993919 11.020511 0.000001 -0.000000 12.109032 -3.735715 -2.866778 0.000000 -0.000000 0.000000 1.291985 -1.928548 -1.498088 14.800115 0.567467 3.865604 14.242553 -1.341738 -6.660648 19.631935 0.143921 -0.648243 49.446087 -0.608827 -6.535184 0.353029 -1.511150 -0.031940 20.222769 3.684305 2.316629 18.787249 0.000001 -0.000001 10.751608 -0.479870 1.397903 0.000000 -0.000000 0.000000 3.273804 0.305947 -0.580110 21.486790 11.830364 2.266131 8.162915 0.000000 -0.000000 18.399052 -3.798986 -4.940567 0.000003 0.000000 -0.000001 4.329636 7.925958 -49.655712 0.080298 0.110090 93.431725 2.846314 -4.707392 -6.245962 1.669754 -1.914425 -2.288211 0.000000 -0.000000 0.000002 -14.968451 -14.323828 -45.308254 0.232205 0.297363 96.654953 2.007914 14.089432 -11.218590 -1.434181 0.555706 -3.446877 0.000000 -0.000000 -0.000001
0.000000 0.000000 0.000000 0.000000 -0.000000 0.000000 4.467614 -43.753861 -38.797353 -0.794581 0.038801 -37.481777 0.320516 -0.330229 9.053700 -0.142395 0.220741 0.824251 -0.455542 -1.614642 20.358219 0.299700 2.230169 7.968936 -0.499326 1.904800 -3.571936 2.645637 -0.458377 -10.946479 0.000077 -0.000022 0.000006 -0.027803 -0.015190 -0.030281 0.605843 -3.707713 -10.586373 -0.667857 3.682178 -10.594828 -16.608706 -3.421242 12.237514 -57.476276 -16.685463 17.556440 -1.867695 -68.972466 1.346974 15.414352 -3.536701 44.469337 -5.882102 9.861279 0.702590 -10.936861 -0.360574 7.156197 0.000000 8.774815 -0.000000 -17.343182 18.314173 5.563639 -1.844031 2.498503 -2.507276 -10.163590 4.678941 4.621104 -20.975996 -0.000001 0.000001 -21.226254 2.451698 -3.593995 0.000000 -0.000006 -0.000000 -1.362681 2.240797 -0.746323 -21.334892 0.584910 3.008319 -13.821196 -0.000001 0.000001 -23.887129 -0.249075 -0.839485 -60.132725 2.257045 -1.605126 -0.294025 1.679686 0.833255 -14.218195 0.093215 1.300579 -34.212002 -0.287561 0.967166 -20.033176 0.964536 1.212838 0.000000 -0.000000 0.000000 -3.440387 0.788233 0.501655 -15.928172 -3.167306 2.999703 -6.338817 -0.000000 0.000001 -18.123419 3.648181 -4.905662 -0.000004 0.000000 -0.000002 19.929480 6.394546 14.035347 56.650955 9.855628 5.300636 -1.446844 80.618813 -1.247219 -6.233810 -6.006120 53.660244 2.243540 -5.255033 -3.180156 14.282877 -0.826594 6.952496 -0.000000 -12.690593 -0.000001 16.632627 -17.822941 2.375807 1.665665 -1.955920 -2.878297 4.727794 -4.170584 4.993919 11.020511 0.000001 -0.000000 12.109032 -3.735715 -2.866778 0.000000 -0.000000 0.000000 1.291985 -1.928548 -1.498088 14.800115 0.567467 3.865604 14.242553 -1.341738 -6.660648 19.631935 0.143921 -0.648243 49.474766 -0.629552 -6.584394 0.353029 -1.511150 -0.031940 20.222769 3.684305 2.316629 18.787249 0.000001 -0.000001 10.751608 -0.479870 1.397903 0.000000 -0.000000 0.000000 3.273804 0.305947 -0.580110 21.486790 11.830364 2.266131 8.162915 0.000000 -0.000000 18.399052 -3.798986 -4.940567 0.000003 0.000000 -0.000001 4.278379 7.985321 -49.727150 0.084810 0.114391 93.405113 2.830430 -4.688056 -6.221664 1.679294 -1.903545 -2.265599 0.000000 -0.000000 0.000002 -14.982124 -14.255235 -45.401909 0.205098 0.292321 96.617783 2.040921 14.015444 -11.173314 -1.438994 0.552132 -3.451493 0.000000 -0.000000 -0.000001
0.000000 0.000000 0.000000 0.000000 -0.000000 0.000000 4.541417 -43.724343 -38.823413 -0.779133 0.062796 -37.341541 0.318594 -0.367856 8.968934 -0.167001 0.221373 0.811789 -0.457128 -1.584828 20.303484 0.226617 2.258962 7.954506 -0.466997 1.995913 -3.602050 2.606509 -0.581713 -10.741838 0.000077 -0.000022 0.000006 -0.029269 -0.020509 -0.030726 0.603505 -3.718566 -10.602195 -0.668678 3.682371 -10.608614 -16.686380 -3.469059 12.219150 -57.321537 -16.529177 17.700142 -1.203165 -69.015030 0.673562 15.471444 -3.580268 44.655472 -5.882102 9.861279 0.702590 -10.936861 -0.360574 7.156197 0.000000 8.774815 -0.000000 -17.478910 18.385241 5.523570 -1.844031 2.498503 -2.507276 -10.163590 4.678941 4.621104 -20.975996 -0.000001 0.000001 -21.226254 2.451698 -3.593995 0.000000 -0.000006 -0.000000 -1.362681 2.240797 -0.746323 -21.334892 0.584910 3.008319 -13.821196 -0.000001 0.000001 -23.887129 -0.249075 -0.839485 -60.248859 2.286865 -1.640195 -0.294025 1.679686 0.833255 -14.218195 0.093215 1.300579 -34.212002 -0.287561 0.967166 -20.033176 0.964536 1.212838 0.000000 -0.000000 0.000000 -3.440387 0.788233 0.501655 -15.928172 -3.167306 2.999703 -6.338817 -0.000000 0.000001 -18.123419 3.648181 -4.905662 -0.000004 0.000000 -0.000002 19.957613 6.440491 14.079957 56.771217 9.780410 5.234762 -2.035108 80.711571 -1.768306 -6.151492 -5.843645 53.992355 2.243540 -5.255033 -3.180156 14.282877 -0.826594 6.952496 -0.000000 -12.690593 -0.000001 16.776365 -17.805140 2.291047 1.665665 -1.955920 -2.878297 4.727794 -4.170584 4.993919 11.020511 0.000001 -0.000000 12.109032 -3.735715 -2.866778 0.000000 -0.000000 0.000000 1.291985 -1.928548 -1.498088 14.800115 0.567467 3.865604 14.242553 -1.341738 -6.660648 19.631935 0.143921 -0.648243 49.609283 -0.662161 -6.613085 0.353029 -1.511150 -0.031940 20.222769 3.684305 2.316629 18.787249 0.000001 -0.000001 10.751608 -0.479870 1.397903 0.000000 -0.000000 0.000000 3.273804 0.305947 -0.580110 21.486790 11.830364 2.266131 8.162915 0.000000 -0.000000 18.399052 -3.798986 -4.940567 0.000003 0.000000 -0.000001 4.156322 8.018074 -49.864483 0.086971 0.117527 93.343849 2.834789 -4.608521 -6.168532 1.687450 -1.902561 -2.184823 0.000000 -0.000000 0.000002 -15.035688 -14.220387 -45.528339 0.173727 0.285575 96.540977 2.101586 13.918536 -11.103219 -1.443946 0.554323 -3.522851 0.000000 -0.000000 -0.000001
