HIERARCHY
ROOT Root
{
  OFFSET 0.000000 0.000000 0.000000
  CHANNELS 6 Xposition Yposition Zposition Zrotation Yrotation Xrotation
  JOINT Hips
  {
    OFFSET 0.000000 100.000000 0.000000
    CHANNELS 6 Xposition Yposition Zposition Zrotation Yrotation Xrotation
    JOINT Spine1
    {
      OFFSET -0.013727 5.003763 -0.053727
      CHANNELS 3 Zrotation Yrotation Xrotation
      JOINT Spine2
      {
        OFFSET -0.000000 7.125301 -0.029825
        CHANNELS 3 Zrotation Yrotation Xrotation
        JOINT Chest
        {
          OFFSET -0.000001 7.550063 -0.815971
          CHANNELS 3 Zrotation Yrotation Xrotation
          JOINT Neck1
          {
            OFFSET -0.181677 26.311295 -0.553348
            CHANNELS 3 Zrotation Yrotation Xrotation
            JOINT Neck2
            {
              OFFSET -0.000003 7.709397 2.302585
              CHANNELS 3 Zrotation Yrotation Xrotation
              JOINT Head
              {
                OFFSET -0.000005 6.128916 1.953709
                CHANNELS 3 Zrotation Yrotation Xrotation
                JOINT HeadEnd
                {
                  OFFSET 0.003598 16.065403 -1.835379
                  CHANNELS 3 Zrotation Yrotation Xrotation
                }
                JOINT Jaw
                {
                  OFFSET 0.002637 0.475592 3.094941
                  CHANNELS 3 Zrotation Yrotation Xrotation
                }
                JOINT LeftEye
                {
                  OFFSET 3.206381 5.380205 7.586883
                  CHANNELS 3 Zrotation Yrotation Xrotation
                }
                JOINT RightEye
                {
                  OFFSET -3.222440 5.361869 7.558234
                  CHANNELS 3 Zrotation Yrotation Xrotation
                }
              }
            }
          }
          JOINT LeftShoulder
          {
            OFFSET 1.621652 23.237164 5.113413
            CHANNELS 3 Zrotation Yrotation Xrotation
            JOINT LeftArm
            {
              OFFSET 14.919846 0.000002 -5.502326
              CHANNELS 3 Zrotation Yrotation Xrotation
              JOINT LeftForeArm
              {
                OFFSET 28.739307 0.000000 -0.002588
                CHANNELS 3 Zrotation Yrotation Xrotation
                JOINT LeftHand
                {
                  OFFSET 27.093981 -0.000001 0.002609
                  CHANNELS 3 Zrotation Yrotation Xrotation
                  JOINT LeftHandThumb1
                  {
                    OFFSET 2.276482 -1.392045 3.191413
                    CHANNELS 3 Zrotation Yrotation Xrotation
                    JOINT LeftHandThumb2
                    {
                      OFFSET 4.012836 -1.828127 1.641654
                      CHANNELS 3 Zrotation Yrotation Xrotation
                      JOINT LeftHandThumb3
                      {
                        OFFSET 2.798515 0.000000 -0.000003
                        CHANNELS 3 Zrotation Yrotation Xrotation
                        JOINT LeftHandThumbEnd
                        {
                          OFFSET 3.180793 -0.000004 0.000004
                          CHANNELS 3 Zrotation Yrotation Xrotation
                        }
                      }
                    }
                  }
                  JOINT LeftHandIndex1
                  {
                    OFFSET 3.247555 -0.531998 2.296169
                    CHANNELS 3 Zrotation Yrotation Xrotation
                    JOINT LeftHandIndex2
                    {
                      OFFSET 6.364578 0.012060 0.178600
                      CHANNELS 3 Zrotation Yrotation Xrotation
                      JOINT LeftHandIndex3
                      {
                        OFFSET 3.662364 0.000000 0.000000
                        CHANNELS 3 Zrotation Yrotation Xrotation
                        JOINT LeftHandIndex4
                        {
                          OFFSET 2.329242 0.000004 0.000004
                          CHANNELS 3 Zrotation Yrotation Xrotation
                          JOINT LeftHandIndexEnd
                          {
                            OFFSET 2.759615 -0.180537 -0.113024
                            CHANNELS 3 Zrotation Yrotation Xrotation
                          }
                        }
                      }
                    }
                  }
                  JOINT LeftHandMiddle1
                  {
                    OFFSET 3.163495 0.240981 1.000332
                    CHANNELS 3 Zrotation Yrotation Xrotation
                    JOINT LeftHandMiddle2
                    {
                      OFFSET 6.190780 -0.259278 -1.002548
                      CHANNELS 3 Zrotation Yrotation Xrotation
                      JOINT LeftHandMiddle3
                      {
                        OFFSET 4.356520 -0.000004 -0.000001
                        CHANNELS 3 Zrotation Yrotation Xrotation
                        JOINT LeftHandMiddle4
                        {
                          OFFSET 2.996877 -0.000008 0.000000
                          CHANNELS 3 Zrotation Yrotation Xrotation
                          JOINT LeftHandMiddleEnd
                          {
                            OFFSET 2.304287 -0.294569 -0.031741
                            CHANNELS 3 Zrotation Yrotation Xrotation
                          }
                        }
                      }
                    }
                  }
                  JOINT LeftHandRing1
                  {
                    OFFSET 2.882643 -0.053652 -0.322543
                    CHANNELS 3 Zrotation Yrotation Xrotation
                    JOINT LeftHandRing2
                    {
                      OFFSET 5.854541 -0.486202 -1.373841
                      CHANNELS 3 Zrotation Yrotation Xrotation
                      JOINT LeftHandRing3
                      {
                        OFFSET 4.350578 0.000000 0.000003
                        CHANNELS 3 Zrotation Yrotation Xrotation
                        JOINT LeftHandRing4
                        {
                          OFFSET 2.651321 0.000007 0.000002
                          CHANNELS 3 Zrotation Yrotation Xrotation
                          JOINT LeftHandRingEnd
                          {
                            OFFSET 1.936105 0.077687 -0.000071
                            CHANNELS 3 Zrotation Yrotation Xrotation
                          }
                        }
                      }
                    }
                  }
                  JOINT LeftHandPinky1
                  {
                    OFFSET 2.865500 -0.310005 -1.600378
                    CHANNELS 3 Zrotation Yrotation Xrotation
                    JOINT LeftHandPinky2
                    {
                      OFFSET 5.087849 -1.331141 -1.771230
                      CHANNELS 3 Zrotation Yrotation Xrotation
                      JOINT LeftHandPinky3
                      {
                        OFFSET 3.070974 0.000004 0.000000
                        CHANNELS 3 Zrotation Yrotation Xrotation
                        JOINT LeftHandPinky4
                        {
                          OFFSET 1.549672 0.000000 0.000001
                          CHANNELS 3 Zrotation Yrotation Xrotation
                          JOINT LeftHandPinkyEnd
                          {
                            OFFSET 1.944893 -0.157802 0.057219
                            CHANNELS 3 Zrotation Yrotation Xrotation
                          }
                        }
                      }
                    }
                  }
                }
              }
            }
          }
          JOINT RightShoulder
          {
            OFFSET -1.380118 23.180309 5.214158
            CHANNELS 3 Zrotation Yrotation Xrotation
            JOINT RightArm
            {
              OFFSET -15.037196 0.000012 -5.545604
              CHANNELS 3 Zrotation Yrotation Xrotation
              JOINT RightForeArm
              {
                OFFSET -28.736639 0.000002 -0.002597
                CHANNELS 3 Zrotation Yrotation Xrotation
                JOINT RightHand
                {
                  OFFSET -27.133619 -0.000000 0.002613
                  CHANNELS 3 Zrotation Yrotation Xrotation
                  JOINT RightHandThumb1
                  {
                    OFFSET -2.274032 -1.383988 3.163127
                    CHANNELS 3 Zrotation Yrotation Xrotation
                    JOINT RightHandThumb2
                    {
                      OFFSET -4.011429 -1.827466 1.640914
                      CHANNELS 3 Zrotation Yrotation Xrotation
                      JOINT RightHandThumb3
                      {
                        OFFSET -2.794935 -0.000004 -0.000003
                        CHANNELS 3 Zrotation Yrotation Xrotation
                        JOINT RightHandThumbEnd
                        {
                          OFFSET -3.183852 0.000004 0.000001
                          CHANNELS 3 Zrotation Yrotation Xrotation
                        }
                      }
                    }
                  }
                  JOINT RightHandIndex1
                  {
                    OFFSET -3.253266 -0.520057 2.282866
                    CHANNELS 3 Zrotation Yrotation Xrotation
                    JOINT RightHandIndex2
                    {
                      OFFSET -6.341917 0.012471 0.178266
                      CHANNELS 3 Zrotation Yrotation Xrotation
                      JOINT RightHandIndex3
                      {
                        OFFSET -3.654871 -0.000008 -0.000000
                        CHANNELS 3 Zrotation Yrotation Xrotation
                        JOINT RightHandIndex4
                        {
                          OFFSET -2.327586 0.000000 0.000001
                          CHANNELS 3 Zrotation Yrotation Xrotation
                          JOINT RightHandIndexEnd
                          {
                            OFFSET -2.761790 -0.180656 -0.113078
                            CHANNELS 3 Zrotation Yrotation Xrotation
                          }
                        }
                      }
                    }
                  }
                  JOINT RightHandMiddle1
                  {
                    OFFSET -3.168106 0.246593 1.001030
                    CHANNELS 3 Zrotation Yrotation Xrotation
                    JOINT RightHandMiddle2
                    {
                      OFFSET -6.180828 -0.258836 -1.000895
                      CHANNELS 3 Zrotation Yrotation Xrotation
                      JOINT RightHandMiddle3
                      {
                        OFFSET -4.348901 0.000000 -0.000000
                        CHANNELS 3 Zrotation Yrotation Xrotation
                        JOINT RightHandMiddle4
                        {
                          OFFSET -3.000240 -0.000004 -0.000002
                          CHANNELS 3 Zrotation Yrotation Xrotation
                          JOINT RightHandMiddleEnd
                          {
                            OFFSET -2.302520 -0.294370 -0.031706
                            CHANNELS 3 Zrotation Yrotation Xrotation
                          }
                        }
                      }
                    }
                  }
                  JOINT RightHandRing1
                  {
                    OFFSET -2.885690 -0.067952 -0.308858
                    CHANNELS 3 Zrotation Yrotation Xrotation
                    JOINT RightHandRing2
                    {
                      OFFSET -5.854198 -0.486130 -1.373731
                      CHANNELS 3 Zrotation Yrotation Xrotation
                      JOINT RightHandRing3
                      {
                        OFFSET -4.338810 -0.000004 -0.000000
                        CHANNELS 3 Zrotation Yrotation Xrotation
                        JOINT RightHandRing4
                        {
                          OFFSET -2.654903 -0.000004 0.000004
                          CHANNELS 3 Zrotation Yrotation Xrotation
                          JOINT RightHandRingEnd
                          {
                            OFFSET -1.933568 0.077527 -0.000052
                            CHANNELS 3 Zrotation Yrotation Xrotation
                          }
                        }
                      }
                    }
                  }
                  JOINT RightHandPinky1
                  {
                    OFFSET -2.866425 -0.342796 -1.584145
                    CHANNELS 3 Zrotation Yrotation Xrotation
                    JOINT RightHandPinky2
                    {
                      OFFSET -5.091371 -1.332055 -1.772385
                      CHANNELS 3 Zrotation Yrotation Xrotation
                      JOINT RightHandPinky3
                      {
                        OFFSET -3.062664 -0.000004 0.000001
                        CHANNELS 3 Zrotation Yrotation Xrotation
                        JOINT RightHandPinky4
                        {
                          OFFSET -1.546529 0.000004 -0.000002
                          CHANNELS 3 Zrotation Yrotation Xrotation
                          JOINT RightHandPinkyEnd
                          {
                            OFFSET -1.945119 -0.157718 0.057211
                            CHANNELS 3 Zrotation Yrotation Xrotation
                          }
                        }
                      }
                    }
                  }
                }
              }
            }
          }
        }
      }
    }
    JOINT LeftLeg
    {
      OFFSET 10.043214 -8.434526 2.595655
      CHANNELS 3 Zrotation Yrotation Xrotation
      JOINT LeftShin
      {
        OFFSET -0.000001 -43.221752 -0.802913
        CHANNELS 3 Zrotation Yrotation Xrotation
        JOINT LeftFoot
        {
          OFFSET 0.000001 -42.155094 -3.481523
          CHANNELS 3 Zrotation Yrotation Xrotation
          JOINT LeftToeBase
          {
            OFFSET 0.000000 -5.059472 13.231529
            CHANNELS 3 Zrotation Yrotation Xrotation
            JOINT LeftToeEnd
            {
              OFFSET -0.009607 -1.647619 6.513017
              CHANNELS 3 Zrotation Yrotation Xrotation
            }
          }
        }
      }
    }
    JOINT RightLeg
    {
      OFFSET -10.047278 -8.295260 2.620317
      CHANNELS 3 Zrotation Yrotation Xrotation
      JOINT RightShin
      {
        OFFSET 0.000001 -43.362206 -0.805556
        CHANNELS 3 Zrotation Yrotation Xrotation
        JOINT RightFoot
        {
          OFFSET 0.000002 -42.117393 -3.478398
          CHANNELS 3 Zrotation Yrotation Xrotation
          JOINT RightToeBase
          {
            OFFSET -0.000000 -5.079609 13.284196
            CHANNELS 3 Zrotation Yrotation Xrotation
            JOINT RightToeEnd
            {
              OFFSET 0.009532 -1.634378 6.460591
              CHANNELS 3 Zrotation Yrotation Xrotation
            }
          }
        }
      }
    }
  }
}
MOTION
Frames: 90
Frame Time: 0.03333333
0.000000 0.000000 0.000000 0.000000 -0.000000 0.000000 -0.962485 -68.890006 -0.328551 -4.667288 -0.720746 5.169352 1.844389 0.167230 15.062589 0.834895 0.717924 7.167623 5.055506 -0.272987 28.389324 -3.679634 2.118649 -31.429262 -1.941884 -5.213203 -3.190311 11.431011 -10.782547 -20.635826 0.000077 -0.000022 0.000006 -0.020262 0.193869 0.100719 0.640496 -3.509312 -10.421684 -0.689639 3.897939 -10.530219 -9.915174 -30.462784 9.562941 -9.645367 -23.929468 1.046770 -0.081630 -51.212742 0.504844 -3.829269 7.542850 -24.270754 -5.882102 9.861279 0.702590 -10.936861 -0.360574 7.156197 0.000000 8.774815 -0.000000 -15.905226 18.937399 6.634588 -1.844031 2.498503 -2.507276 -10.163590 4.678941 4.621104 -20.975996 -0.000001 0.000001 -21.226254 2.451698 -3.593995 0.000000 -0.000006 -0.000000 -1.362681 2.240797 -0.746323 -21.334892 0.584910 3.008319 -13.821196 -0.000001 0.000001 -23.887129 -0.249075 -0.839485 -61.630436 2.821475 -1.474700 -0.294025 1.679686 0.833255 -14.218195 0.093215 1.300579 -34.212002 -0.287561 0.967166 -20.033176 0.964536 1.212838 0.000000 -0.000000 0.000000 -3.440387 0.788233 0.501655 -15.928172 -3.167306 2.999703 -6.338817 -0.000000 0.000001 -18.123419 3.648181 -4.905662 -0.000004 0.000000 -0.000002 8.127778 37.422569 7.366311 14.861307 5.331685 -13.115654 -2.102793 69.372986 -1.432695 5.004836 -6.444427 -9.330281 2.243540 -5.255033 -3.180156 14.282877 -0.826594 6.952496 -0.000000 -12.690593 -0.000001 16.162148 -17.865351 2.494084 1.665665 -1.955920 -2.878297 4.727794 -4.170584 4.993919 11.020511 0.000001 -0.000000 12.109032 -3.735715 -2.866778 0.000000 -0.000000 0.000000 1.291985 -1.928548 -1.498088 14.800115 0.567467 3.865604 14.242553 -1.341738 -6.660648 19.631935 0.143921 -0.648243 49.844719 -1.176990 -6.908299 0.353029 -1.511150 -0.031940 20.222769 3.684305 2.316629 18.787249 0.000001 -0.000001 10.751608 -0.479870 1.397903 0.000000 -0.000000 0.000000 3.273804 0.305947 -0.580110 21.486790 11.830364 2.266131 8.162915 0.000000 -0.000000 18.399052 -3.798986 -4.940567 0.000003 0.000000 -0.000001 27.032413 27.490515 -94.304367 0.335895 0.129961 153.777588 -21.382383 -7.007012 -48.489475 1.546339 -1.726731 1.918952 0.000000 -0.000000 0.000002 -20.287781 -19.159189 -94.861809 0.391282 -0.321580 150.666107 12.474876 15.310428 -48.580444 -1.361223 0.789640 1.096481 0.000000 -0.000000 -0.000001
0.000000 0.000000 0.000000 0.000000 -0.000000 0.000000 -1.204960 -69.003016 -0.363408 -4.717534 -0.731524 5.228002 1.847136 0.142281 15.039855 0.811070 0.708742 7.155542 5.036706 -0.245128 28.475418 -3.703938 2.053193 -31.609350 -1.959205 -5.398483 -3.224566 11.598989 -10.760892 -20.440325 0.000077 -0.000022 0.000006 -0.026577 0.168387 0.056211 0.631260 -3.536832 -10.443763 -0.692567 3.872884 -10.562566 -9.985127 -30.687689 9.633141 -9.374599 -23.658537 1.041051 0.196278 -51.165051 0.416575 -4.034431 7.453705 -24.570763 -5.882102 9.861279 0.702590 -10.936861 -0.360574 7.156197 0.000000 8.774815 -0.000000 -15.813732 18.854879 6.650147 -1.844031 2.498503 -2.507276 -10.163590 4.678941 4.621104 -20.975996 -0.000001 0.000001 -21.226254 2.451698 -3.593995 0.000000 -0.000006 -0.000000 -1.362681 2.240797 -0.746323 -21.334892 0.584910 3.008319 -13.821196 -0.000001 0.000001 -23.887129 -0.249075 -0.839485 -61.515381 2.751809 -1.394913 -0.294025 1.679686 0.833255 -14.218195 0.093215 1.300579 -34.212002 -0.287561 0.967166 -20.033176 0.964536 1.212838 0.000000 -0.000000 0.000000 -3.440387 0.788233 0.501655 -15.928172 -3.167306 2.999703 -6.338817 -0.000000 0.000001 -18.123419 3.648181 -4.905662 -0.000004 0.000000 -0.000002 8.034833 37.363029 7.361751 15.125603 5.358778 -13.361711 -1.793708 69.457695 -1.128270 4.912642 -6.316151 -9.548717 2.243540 -5.255033 -3.180156 14.282877 -0.826594 6.952496 -0.000000 -12.690593 -0.000001 16.000973 -17.830208 2.490137 1.665665 -1.955920 -2.878297 4.727794 -4.170584 4.993919 11.020511 0.000001 -0.000000 12.109032 -3.735715 -2.866778 0.000000 -0.000000 0.000000 1.291985 -1.928548 -1.498088 14.800115 0.567467 3.865604 14.242553 -1.341738 -6.660648 19.631935 0.143921 -0.648243 49.763912 -1.142893 -6.834956 0.353029 -1.511150 -0.031940 20.222769 3.684305 2.316629 18.787249 0.000001 -0.000001 10.751608 -0.479870 1.397903 0.000000 -0.000000 0.000000 3.273804 0.305947 -0.580110 21.486790 11.830364 2.266131 8.162915 0.000000 -0.000000 18.399052 -3.798986 -4.940567 0.000003 0.000000 -0.000001 27.751579 27.810673 -94.294434 0.340450 0.167648 153.609665 -21.586823 -7.377545 -48.372200 1.556717 -1.749238 1.950929 0.000000 -0.000000 0.000002 -19.843130 -18.644646 -95.222778 0.352206 -0.269334 150.916458 12.492706 14.828228 -48.909668 -1.366944 0.748054 0.988329 0.000000 -0.000000 -0.000001
0.000000 0.000000 0.000000 0.000000 -0.000000 0.000000 -1.408140 -69.047171 -0.415364 -4.746706 -0.788244 5.266611 1.848293 0.143235 15.012934 0.789410 0.710968 7.157962 4.999742 -0.210415 28.491215 -3.841794 2.025277 -31.737486 -1.990538 -5.571987 -3.263316 11.719348 -10.890339 -20.361761 0.000077 -0.000022 0.000006 -0.029559 0.160514 0.037125 0.622437 -3.547814 -10.471823 -0.689694 3.866940 -10.594119 -10.114483 -30.892488 9.705684 -9.191854 -23.378433 1.165195 0.496387 -51.191242 0.342972 -4.146782 7.494715 -24.826757 -5.882102 9.861279 0.702590 -10.936861 -0.360574 7.156197 0.000000 8.774815 -0.000000 -15.862127 18.880524 6.642800 -1.844031 2.498503 -2.507276 -10.163590 4.678941 4.621104 -20.975996 -0.000001 0.000001 -21.226254 2.451698 -3.593995 0.000000 -0.000006 -0.000000 -1.362681 2.240797 -0.746323 -21.334892 0.584910 3.008319 -13.821196 -0.000001 0.000001 -23.887129 -0.249075 -0.839485 -61.564499 2.774475 -1.391218 -0.294025 1.679686 0.833255 -14.218195 0.093215 1.300579 -34.212002 -0.287561 0.967166 -20.033176 0.964536 1.212838 0.000000 -0.000000 0.000000 -3.440387 0.788233 0.501655 -15.928172 -3.167306 2.999703 -6.338817 -0.000000 0.000001 -18.123419 3.648181 -4.905662 -0.000004 0.000000 -0.000002 8.004860 37.333408 7.409638 15.354211 5.330388 -13.333489 -1.948638 69.428917 -1.346311 4.777758 -6.244905 -9.699829 2.243540 -5.255033 -3.180156 14.282877 -0.826594 6.952496 -0.000000 -12.690593 -0.000001 15.871367 -17.785597 2.515093 1.665665 -1.955920 -2.878297 4.727794 -4.170584 4.993919 11.020511 0.000001 -0.000000 12.109032 -3.735715 -2.866778 0.000000 -0.000000 0.000000 1.291985 -1.928548 -1.498088 14.800115 0.567467 3.865604 14.242553 -1.341738 -6.660648 19.631935 0.143921 -0.648243 49.749943 -1.111644 -6.797254 0.353029 -1.511150 -0.031940 20.222769 3.684305 2.316629 18.787249 0.000001 -0.000001 10.751608 -0.479870 1.397903 0.000000 -0.000000 0.000000 3.273804 0.305947 -0.580110 21.486790 11.830364 2.266131 8.162915 0.000000 -0.000000 18.399052 -3.798986 -4.940567 0.000003 0.000000 -0.000001 28.308619 28.144064 -94.281700 0.353546 0.187327 153.460022 -21.725822 -7.780047 -48.049149 1.562155 -1.763031 2.088724 0.000000 -0.000000 0.000002 -19.365541 -18.312031 -95.627090 0.337040 -0.238601 151.099365 12.468794 14.524282 -48.918613 -1.372200 0.752089 0.972494 0.000000 -0.000000 -0.000001
0.000000 0.000000 0.000000 0.000000 -0.000000 0.000000 -1.538071 -69.060862 -0.456658 -4.763087 -0.892436 5.324164 1.846643 0.147024 14.976741 0.763918 0.758550 7.154325 4.969798 -0.201764 28.438477 -4.041472 2.006868 -31.795187 -2.024298 -5.695494 -3.277289 11.853073 -11.075359 -20.477434 0.000077 -0.000022 0.000006 -0.029578 0.167486 0.036327 0.615029 -3.541783 -10.490311 -0.682477 3.873600 -10.608730 -10.337457 -30.951532 9.780402 -9.028062 -23.308014 1.192624 0.445940 -51.080460 0.455139 -4.087914 7.634220 -24.805061 -5.882102 9.861279 0.702590 -10.936861 -0.360574 7.156197 0.000000 8.774815 -0.000000 -15.912267 18.907116 6.618694 -1.844031 2.498503 -2.507276 -10.163590 4.678941 4.621104 -20.975996 -0.000001 0.000001 -21.226254 2.451698 -3.593995 0.000000 -0.000006 -0.000000 -1.362681 2.240797 -0.746323 -21.334892 0.584910 3.008319 -13.821196 -0.000001 0.000001 -23.887129 -0.249075 -0.839485 -61.650730 2.825376 -1.404209 -0.294025 1.679686 0.833255 -14.218195 0.093215 1.300579 -34.212002 -0.287561 0.967166 -20.033176 0.964536 1.212838 0.000000 -0.000000 0.000000 -3.440387 0.788233 0.501655 -15.928172 -3.167306 2.999703 -6.338817 -0.000000 0.000001 -18.123419 3.648181 -4.905662 -0.000004 0.000000 -0.000002 8.029986 37.274323 7.552887 15.472298 5.374104 -13.180311 -2.251482 69.204651 -1.678885 4.615942 -6.183352 -9.689650 2.243540 -5.255033 -3.180156 14.282877 -0.826594 6.952496 -0.000000 -12.690593 -0.000001 15.792671 -17.732542 2.556192 1.665665 -1.955920 -2.878297 4.727794 -4.170584 4.993919 11.020511 0.000001 -0.000000 12.109032 -3.735715 -2.866778 0.000000 -0.000000 0.000000 1.291985 -1.928548 -1.498088 14.800115 0.567467 3.865604 14.242553 -1.341738 -6.660648 19.631935 0.143921 -0.648243 49.778713 -1.098209 -6.747806 0.353029 -1.511150 -0.031940 20.222769 3.684305 2.316629 18.787249 0.000001 -0.000001 10.751608 -0.479870 1.397903 0.000000 -0.000000 0.000000 3.273804 0.305947 -0.580110 21.486790 11.830364 2.266131 8.162915 0.000000 -0.000000 18.399052 -3.798986 -4.940567 0.000003 0.000000 -0.000001 28.665945 28.389059 -94.298378 0.353779 0.187044 153.377167 -21.843985 -8.079720 -47.705742 1.559562 -1.778199 2.197899 0.000000 -0.000000 0.000002 -18.968920 -18.117300 -96.048218 0.334809 -0.212214 151.216690 12.389329 14.318698 -48.755669 -1.377662 0.779428 0.969540 0.000000 -0.000000 -0.000001
0.000000 0.000000 0.000000 0.000000 -0.000000 0.000000 -1.628675 -69.050890 -0.502261 -4.740797 -1.020988 5.375756 1.835449 0.153733 14.940106 0.750986 0.813685 7.148979 4.897408 -0.200151 28.387938 -4.232948 1.989652 -31.853609 -2.077713 -5.735637 -3.270002 11.978103 -11.259259 -20.694845 0.000077 -0.000022 0.000006 -0.028305 0.189724 0.042287 0.609089 -3.519086 -10.492215 -0.674205 3.894617 -10.608260 -10.573633 -30.865175 9.807127 -8.878777 -23.423977 1.247888 0.253423 -50.855190 0.599295 -3.940322 7.826052 -24.668642 -5.882102 9.861279 0.702590 -10.936861 -0.360574 7.156197 0.000000 8.774815 -0.000000 -15.929548 18.906057 6.595804 -1.844031 2.498503 -2.507276 -10.163590 4.678941 4.621104 -20.975996 -0.000001 0.000001 -21.226254 2.451698 -3.593995 0.000000 -0.000006 -0.000000 -1.362681 2.240797 -0.746323 -21.334892 0.584910 3.008319 -13.821196 -0.000001 0.000001 -23.887129 -0.249075 -0.839485 -61.678417 2.866217 -1.390907 -0.294025 1.679686 0.833255 -14.218195 0.093215 1.300579 -34.212002 -0.287561 0.967166 -20.033176 0.964536 1.212838 0.000000 -0.000000 0.000000 -3.440387 0.788233 0.501655 -15.928172 -3.167306 2.999703 -6.338817 -0.000000 0.000001 -18.123419 3.648181 -4.905662 -0.000004 0.000000 -0.000002 8.053537 37.198227 7.711596 15.557308 5.490891 -13.029888 -2.512222 68.867203 -1.908918 4.443844 -6.121273 -9.610558 2.243540 -5.255033 -3.180156 14.282877 -0.826594 6.952496 -0.000000 -12.690593 -0.000001 15.773482 -17.692902 2.587234 1.665665 -1.955920 -2.878297 4.727794 -4.170584 4.993919 11.020511 0.000001 -0.000000 12.109032 -3.735715 -2.866778 0.000000 -0.000000 0.000000 1.291985 -1.928548 -1.498088 14.800115 0.567467 3.865604 14.242553 -1.341738 -6.660648 19.631935 0.143921 -0.648243 49.808395 -1.095045 -6.708443 0.353029 -1.511150 -0.031940 20.222769 3.684305 2.316629 18.787249 0.000001 -0.000001 10.751608 -0.479870 1.397903 0.000000 -0.000000 0.000000 3.273804 0.305947 -0.580110 21.486790 11.830364 2.266131 8.162915 0.000000 -0.000000 18.399052 -3.798986 -4.940567 0.000003 0.000000 -0.000001 28.856482 28.524296 -94.337517 0.344772 0.169479 153.318649 -21.959795 -8.248203 -47.347546 1.555271 -1.804481 2.250254 0.000000 -0.000000 0.000002 -18.648750 -17.991566 -96.464828 0.337235 -0.193398 151.280899 12.303766 14.170906 -48.520088 -1.380842 0.799358 1.001184 0.000000 -0.000000 -0.000001
0.000000 0.000000 0.000000 0.000000 -0.000000 0.000000 -1.682669 -69.029748 -0.540161 -4.689845 -1.168374 5.395109 1.816868 0.162515 14.922614 0.747588 0.861936 7.144439 4.794015 -0.188597 28.368214 -4.413813 1.937253 -31.948992 -2.129512 -5.708961 -3.262942 12.087120 -11.393095 -20.894524 0.000077 -0.000022 0.000006 -0.027599 0.213791 0.043684 0.606036 -3.494589 -10.489873 -0.669817 3.918063 -10.609306 -10.749837 -30.739130 9.771315 -8.811263 -23.556631 1.427112 0.185460 -50.628574 0.638453 -3.856183 7.993601 -24.535872 -5.882102 9.861279 0.702590 -10.936861 -0.360574 7.156197 0.000000 8.774815 -0.000000 -15.915186 18.899361 6.581207 -1.844031 2.498503 -2.507276 -10.163590 4.678941 4.621104 -20.975996 -0.000001 0.000001 -21.226254 2.451698 -3.593995 0.000000 -0.000006 -0.000000 -1.362681 2.240797 -0.746323 -21.334892 0.584910 3.008319 -13.821196 -0.000001 0.000001 -23.887129 -0.249075 -0.839485 -61.642063 2.893513 -1.374905 -0.294025 1.679686 0.833255 -14.218195 0.093215 1.300579 -34.212002 -0.287561 0.967166 -20.033176 0.964536 1.212838 0.000000 -0.000000 0.000000 -3.440387 0.788233 0.501655 -15.928172 -3.167306 2.999703 -6.338817 -0.000000 0.000001 -18.123419 3.648181 -4.905662 -0.000004 0.000000 -0.000002 8.090529 37.156929 7.837136 15.652932 5.575234 -13.017250 -2.534902 68.544868 -1.892101 4.272671 -6.104566 -9.656331 2.243540 -5.255033 -3.180156 14.282877 -0.826594 6.952496 -0.000000 -12.690593 -0.000001 15.775727 -17.678125 2.598421 1.665665 -1.955920 -2.878297 4.727794 -4.170584 4.993919 11.020511 0.000001 -0.000000 12.109032 -3.735715 -2.866778 0.000000 -0.000000 0.000000 1.291985 -1.928548 -1.498088 14.800115 0.567467 3.865604 14.242553 -1.341738 -6.660648 19.631935 0.143921 -0.648243 49.829834 -1.089121 -6.698662 0.353029 -1.511150 -0.031940 20.222769 3.684305 2.316629 18.787249 0.000001 -0.000001 10.751608 -0.479870 1.397903 0.000000 -0.000000 0.000000 3.273804 0.305947 -0.580110 21.486790 11.830364 2.266131 8.162915 0.000000 -0.000000 18.399052 -3.798986 -4.940567 0.000003 0.000000 -0.000001 28.961611 28.557310 -94.293861 0.338123 0.153218 153.281433 -22.064724 -8.312856 -47.090576 1.555040 -1.831424 2.286530 0.000000 -0.000000 0.000002 -18.471401 -17.908010 -96.783234 0.331343 -0.190908 151.298935 12.247759 14.136714 -48.295872 -1.380574 0.798984 1.042798 0.000000 -0.000000 -0.000001
0.000000 0.000000 0.000000 0.000000 -0.000000 0.000000 -1.706714 -68.977469 -0.574713 -4.618933 -1.331033 5.393099 1.799406 0.180088 14.932191 0.745437 0.895296 7.144980 4.671910 -0.145771 28.352684 -4.607471 1.861840 -32.053814 -2.166399 -5.670547 -3.270114 12.165221 -11.468952 -21.077021 0.000077 -0.000022 0.000006 -0.027878 0.233844 0.038888 0.605589 -3.475577 -10.497785 -0.669926 3.939346 -10.623248 -10.850445 -30.644785 9.723076 -8.813042 -23.632353 1.690760 0.271722 -50.451130 0.585198 -3.808606 8.125029 -24.525368 -5.882102 9.861279 0.702590 -10.936861 -0.360574 7.156197 0.000000 8.774815 -0.000000 -15.896358 18.891466 6.563472 -1.844031 2.498503 -2.507276 -10.163590 4.678941 4.621104 -20.975996 -0.000001 0.000001 -21.226254 2.451698 -3.593995 0.000000 -0.000006 -0.000000 -1.362681 2.240797 -0.746323 -21.334892 0.584910 3.008319 -13.821196 -0.000001 0.000001 -23.887129 -0.249075 -0.839485 -61.575809 2.911612 -1.372420 -0.294025 1.679686 0.833255 -14.218195 0.093215 1.300579 -34.212002 -0.287561 0.967166 -20.033176 0.964536 1.212838 0.000000 -0.000000 0.000000 -3.440387 0.788233 0.501655 -15.928172 -3.167306 2.999703 -6.338817 -0.000000 0.000001 -18.123419 3.648181 -4.905662 -0.000004 0.000000 -0.000002 8.138566 37.139584 7.937795 15.808489 5.602187 -13.133956 -2.424207 68.280518 -1.755831 4.119489 -6.118238 -9.887473 2.243540 -5.255033 -3.180156 14.282877 -0.826594 6.952496 -0.000000 -12.690593 -0.000001 15.775352 -17.688911 2.595995 1.665665 -1.955920 -2.878297 4.727794 -4.170584 4.993919 11.020511 0.000001 -0.000000 12.109032 -3.735715 -2.866778 0.000000 -0.000000 0.000000 1.291985 -1.928548 -1.498088 14.800115 0.567467 3.865604 14.242553 -1.341738 -6.660648 19.631935 0.143921 -0.648243 49.845474 -1.081982 -6.719219 0.353029 -1.511150 -0.031940 20.222769 3.684305 2.316629 18.787249 0.000001 -0.000001 10.751608 -0.479870 1.397903 0.000000 -0.000000 0.000000 3.273804 0.305947 -0.580110 21.486790 11.830364 2.266131 8.162915 0.000000 -0.000000 18.399052 -3.798986 -4.940567 0.000003 0.000000 -0.000001 28.980036 28.513506 -94.187111 0.338195 0.141184 153.245544 -22.197819 -8.286168 -46.872894 1.557850 -1.848407 2.308290 0.000000 -0.000000 0.000002 -18.382322 -17.839649 -97.043076 0.328439 -0.196918 151.274811 12.258563 14.195162 -47.979729 -1.378391 0.785419 1.060190 0.000000 -0.000000 -0.000001
0.000000 0.000000 0.000000 0.000000 -0.000000 0.000000 -1.710162 -68.921601 -0.609688 -4.542655 -1.495058 5.397443 1.778191 0.212521 14.955058 0.740292 0.917823 7.155056 4.552799 -0.099288 28.327330 -4.790359 1.781860 -32.154648 -2.184144 -5.638917 -3.281835 12.224755 -11.487571 -21.269274 0.000077 -0.000022 0.000006 -0.028689 0.237976 0.034362 0.604361 -3.473408 -10.508982 -0.670344 3.945716 -10.640314 -10.865465 -30.585236 9.646780 -8.905632 -23.644598 1.922207 0.406077 -50.296036 0.501237 -3.745202 8.223360 -24.674761 -5.882102 9.861279 0.702590 -10.936861 -0.360574 7.156197 0.000000 8.774815 -0.000000 -15.863736 18.889219 6.555433 -1.844031 2.498503 -2.507276 -10.163590 4.678941 4.621104 -20.975996 -0.000001 0.000001 -21.226254 2.451698 -3.593995 0.000000 -0.000006 -0.000000 -1.362681 2.240797 -0.746323 -21.334892 0.584910 3.008319 -13.821196 -0.000001 0.000001 -23.887129 -0.249075 -0.839485 -61.515190 2.940336 -1.389554 -0.294025 1.679686 0.833255 -14.218195 0.093215 1.300579 -34.212002 -0.287561 0.967166 -20.033176 0.964536 1.212838 0.000000 -0.000000 0.000000 -3.440387 0.788233 0.501655 -15.928172 -3.167306 2.999703 -6.338817 -0.000000 0.000001 -18.123419 3.648181 -4.905662 -0.000004 0.000000 -0.000002 8.192910 37.134560 8.011405 15.978002 5.605870 -13.282086 -2.353435 68.054626 -1.667621 4.053218 -6.133687 -10.268036 2.243540 -5.255033 -3.180156 14.282877 -0.826594 6.952496 -0.000000 -12.690593 -0.000001 15.789289 -17.697927 2.587988 1.665665 -1.955920 -2.878297 4.727794 -4.170584 4.993919 11.020511 0.000001 -0.000000 12.109032 -3.735715 -2.866778 0.000000 -0.000000 0.000000 1.291985 -1.928548 -1.498088 14.800115 0.567467 3.865604 14.242553 -1.341738 -6.660648 19.631935 0.143921 -0.648243 49.874203 -1.073038 -6.742779 0.353029 -1.511150 -0.031940 20.222769 3.684305 2.316629 18.787249 0.000001 -0.000001 10.751608 -0.479870 1.397903 0.000000 -0.000000 0.000000 3.273804 0.305947 -0.580110 21.486790 11.830364 2.266131 8.162915 0.000000 -0.000000 18.399052 -3.798986 -4.940567 0.000003 0.000000 -0.000001 28.933992 28.473776 -94.106499 0.344529 0.140343 153.220276 -22.354958 -8.229479 -46.675182 1.562870 -1.857733 2.344863 0.000000 -0.000000 0.000002 -18.336065 -17.800070 -97.326370 0.333436 -0.200465 151.242401 12.277745 14.265400 -47.573124 -1.374973 0.759611 1.094167 0.000000 -0.000000 -0.000001
0.000000 0.000000 0.000000 0.000000 -0.000000 0.000000 -1.693430 -68.882662 -0.650180 -4.474581 -1.619123 5.407987 1.760117 0.248420 14.976981 0.717063 0.939820 7.177545 4.469607 -0.077822 28.297684 -4.952844 1.706399 -32.293465 -2.183605 -5.627999 -3.283471 12.266662 -11.481850 -21.440735 0.000077 -0.000022 0.000006 -0.028496 0.228668 0.035437 0.603827 -3.484739 -10.519636 -0.669492 3.939036 -10.658522 -10.867816 -30.567600 9.555766 -9.012713 -23.590969 2.098755 0.522747 -50.137291 0.404850 -3.621253 8.296651 -24.885582 -5.882102 9.861279 0.702590 -10.936861 -0.360574 7.156197 0.000000 8.774815 -0.000000 -15.823575 18.907114 6.575783 -1.844031 2.498503 -2.507276 -10.163590 4.678941 4.621104 -20.975996 -0.000001 0.000001 -21.226254 2.451698 -3.593995 0.000000 -0.000006 -0.000000 -1.362681 2.240797 -0.746323 -21.334892 0.584910 3.008319 -13.821196 -0.000001 0.000001 -23.887129 -0.249075 -0.839485 -61.474838 2.980860 -1.420575 -0.294025 1.679686 0.833255 -14.218195 0.093215 1.300579 -34.212002 -0.287561 0.967166 -20.033176 0.964536 1.212838 0.000000 -0.000000 0.000000 -3.440387 0.788233 0.501655 -15.928172 -3.167306 2.999703 -6.338817 -0.000000 0.000001 -18.123419 3.648181 -4.905662 -0.000004 0.000000 -0.000002 8.288795 37.124409 8.077072 16.103926 5.612635 -13.400215 -2.357388 67.842239 -1.682639 4.025317 -6.132212 -10.726047 2.243540 -5.255033 -3.180156 14.282877 -0.826594 6.952496 -0.000000 -12.690593 -0.000001 15.815913 -17.706688 2.568918 1.665665 -1.955920 -2.878297 4.727794 -4.170584 4.993919 11.020511 0.000001 -0.000000 12.109032 -3.735715 -2.866778 0.000000 -0.000000 0.000000 1.291985 -1.928548 -1.498088 14.800115 0.567467 3.865604 14.242553 -1.341738 -6.660648 19.631935 0.143921 -0.648243 49.916069 -1.056201 -6.773248 0.353029 -1.511150 -0.031940 20.222769 3.684305 2.316629 18.787249 0.000001 -0.000001 10.751608 -0.479870 1.397903 0.000000 -0.000000 0.000000 3.273804 0.305947 -0.580110 21.486790 11.830364 2.266131 8.162915 0.000000 -0.000000 18.399052 -3.798986 -4.940567 0.000003 0.000000 -0.000001 28.825123 28.425617 -94.123665 0.356632 0.143148 153.216171 -22.460480 -8.106721 -46.511200 1.568061 -1.863885 2.333146 0.000000 -0.000000 0.000002 -18.352116 -17.800209 -97.607986 0.339175 -0.193891 151.215515 12.324085 14.352094 -47.130424 -1.374047 0.737334 1.130737 0.000000 -0.000000 -0.000001
0.000000 0.000000 0.000000 0.000000 -0.000000 0.000000 -1.662392 -68.879790 -0.696686 -4.421439 -1.706838 5.414202 1.738422 0.277447 15.005000 0.689400 0.953310 7.206203 4.406897 -0.063353 28.253429 -5.076749 1.637284 -32.425072 -2.167504 -5.619367 -3.272589 12.285780 -11.444010 -21.581697 0.000077 -0.000022 0.000006 -0.027017 0.205966 0.040591 0.604461 -3.509108 -10.524972 -0.667239 3.918825 -10.671914 -10.858578 -30.543633 9.486609 -9.131529 -23.553703 2.132879 0.573726 -49.915718 0.330543 -3.453209 8.325284 -25.018198 -5.882102 9.861279 0.702590 -10.936861 -0.360574 7.156197 0.000000 8.774815 -0.000000 -15.795911 18.929005 6.607579 -1.844031 2.498503 -2.507276 -10.163590 4.678941 4.621104 -20.975996 -0.000001 0.000001 -21.226254 2.451698 -3.593995 0.000000 -0.000006 -0.000000 -1.362681 2.240797 -0.746323 -21.334892 0.584910 3.008319 -13.821196 -0.000001 0.000001 -23.887129 -0.249075 -0.839485 -61.459900 2.999879 -1.429081 -0.294025 1.679686 0.833255 -14.218195 0.093215 1.300579 -34.212002 -0.287561 0.967166 -20.033176 0.964536 1.212838 0.000000 -0.000000 0.000000 -3.440387 0.788233 0.501655 -15.928172 -3.167306 2.999703 -6.338817 -0.000000 0.000001 -18.123419 3.648181 -4.905662 -0.000004 0.000000 -0.000002 8.381549 37.076508 8.127385 16.217356 5.666064 -13.461811 -2.399311 67.653961 -1.731601 4.018298 -6.125773 -11.120076 2.243540 -5.255033 -3.180156 14.282877 -0.826594 6.952496 -0.000000 -12.690593 -0.000001 15.844084 -17.716936 2.561056 1.665665 -1.955920 -2.878297 4.727794 -4.170584 4.993919 11.020511 0.000001 -0.000000 12.109032 -3.735715 -2.866778 0.000000 -0.000000 0.000000 1.291985 -1.928548 -1.498088 14.800115 0.567467 3.865604 14.242553 -1.341738 -6.660648 19.631935 0.143921 -0.648243 49.975834 -1.038440 -6.780809 0.353029 -1.511150 -0.031940 20.222769 3.684305 2.316629 18.787249 0.000001 -0.000001 10.751608 -0.479870 1.397903 0.000000 -0.000000 0.000000 3.273804 0.305947 -0.580110 21.486790 11.830364 2.266131 8.162915 0.000000 -0.000000 18.399052 -3.798986 -4.940567 0.000003 0.000000 -0.000001 28.684439 28.396515 -94.224068 0.368248 0.151158 153.239243 -22.465899 -7.964432 -46.429840 1.571717 -1.867769 2.307778 0.000000 -0.000000 0.000002 -18.413588 -17.839701 -97.873909 0.344857 -0.183490 151.199265 12.371813 14.466223 -46.753654 -1.375259 0.725492 1.199624 0.000000 -0.000000 -0.000001
0.000000 0.000000 0.000000 0.000000 -0.000000 0.000000 -1.622726 -68.890993 -0.745167 -4.384176 -1.775138 5.396873 1.712223 0.301546 15.039207 0.663965 0.958793 7.240504 4.338547 -0.050719 28.204453 -5.147203 1.558717 -32.551533 -2.140539 -5.603666 -3.258783 12.296477 -11.385765 -21.663324 0.000077 -0.000022 0.000006 -0.025719 0.182772 0.045267 0.604197 -3.533886 -10.524077 -0.664453 3.897783 -10.676593 -10.824784 -30.481035 9.431143 -9.272577 -23.549265 2.043277 0.569659 -49.666206 0.308220 -3.267102 8.301488 -25.154341 -5.882102 9.861279 0.702590 -10.936861 -0.360574 7.156197 0.000000 8.774815 -0.000000 -15.781672 18.935883 6.628122 -1.844031 2.498503 -2.507276 -10.163590 4.678941 4.621104 -20.975996 -0.000001 0.000001 -21.226254 2.451698 -3.593995 0.000000 -0.000006 -0.000000 -1.362681 2.240797 -0.746323 -21.334892 0.584910 3.008319 -13.821196 -0.000001 0.000001 -23.887129 -0.249075 -0.839485 -61.447502 2.979574 -1.400590 -0.294025 1.679686 0.833255 -14.218195 0.093215 1.300579 -34.212002 -0.287561 0.967166 -20.033176 0.964536 1.212838 0.000000 -0.000000 0.000000 -3.440387 0.788233 0.501655 -15.928172 -3.167306 2.999703 -6.338817 -0.000000 0.000001 -18.123419 3.648181 -4.905662 -0.000004 0.000000 -0.000002 8.459037 36.969910 8.157223 16.331079 5.788186 -13.472276 -2.400678 67.485069 -1.743891 4.016690 -6.109110 -11.437273 2.243540 -5.255033 -3.180156 14.282877 -0.826594 6.952496 -0.000000 -12.690593 -0.000001 15.864436 -17.729849 2.558473 1.665665 -1.955920 -2.878297 4.727794 -4.170584 4.993919 11.020511 0.000001 -0.000000 12.109032 -3.735715 -2.866778 0.000000 -0.000000 0.000000 1.291985 -1.928548 -1.498088 14.800115 0.567467 3.865604 14.242553 -1.341738 -6.660648 19.631935 0.143921 -0.648243 50.031517 -1.024338 -6.761183 0.353029 -1.511150 -0.031940 20.222769 3.684305 2.316629 18.787249 0.000001 -0.000001 10.751608 -0.479870 1.397903 0.000000 -0.000000 0.000000 3.273804 0.305947 -0.580110 21.486790 11.830364 2.266131 8.162915 0.000000 -0.000000 18.399052 -3.798986 -4.940567 0.000003 0.000000 -0.000001 28.549240 28.378393 -94.329895 0.375604 0.166492 153.279861 -22.443243 -7.828610 -46.390736 1.574205 -1.874746 2.287774 0.000000 -0.000000 0.000002 -18.488260 -17.896313 -98.079651 0.351722 -0.174711 151.178925 12.400301 14.584916 -46.466862 -1.377079 0.722933 1.285668 0.000000 -0.000000 -0.000001
0.000000 0.000000 0.000000 0.000000 -0.000000 0.000000 -1.580507 -68.906406 -0.781270 -4.373919 -1.826364 5.358017 1.691814 0.315011 15.064988 0.640264 0.968143 7.274544 4.281685 -0.047261 28.158480 -5.190122 1.471465 -32.674759 -2.101202 -5.584781 -3.250612 12.297680 -11.299721 -21.681364 0.000077 -0.000022 0.000006 -0.024380 0.170681 0.049825 0.602868 -3.547098 -10.517288 -0.660561 3.887454 -10.672099 -10.775696 -30.400024 9.389517 -9.435939 -23.549425 1.914603 0.541798 -49.445038 0.317382 -3.113616 8.262567 -25.319702 -5.882102 9.861279 0.702590 -10.936861 -0.360574 7.156197 0.000000 8.774815 -0.000000 -15.767258 18.932131 6.646015 -1.844031 2.498503 -2.507276 -10.163590 4.678941 4.621104 -20.975996 -0.000001 0.000001 -21.226254 2.451698 -3.593995 0.000000 -0.000006 -0.000000 -1.362681 2.240797 -0.746323 -21.334892 0.584910 3.008319 -13.821196 -0.000001 0.000001 -23.887129 -0.249075 -0.839485 -61.432274 2.932870 -1.369652 -0.294025 1.679686 0.833255 -14.218195 0.093215 1.300579 -34.212002 -0.287561 0.967166 -20.033176 0.964536 1.212838 0.000000 -0.000000 0.000000 -3.440387 0.788233 0.501655 -15.928172 -3.167306 2.999703 -6.338817 -0.000000 0.000001 -18.123419 3.648181 -4.905662 -0.000004 0.000000 -0.000002 8.524252 36.829292 8.209777 16.427584 5.974783 -13.459964 -2.351231 67.321503 -1.717567 3.998838 -6.092125 -11.705665 2.243540 -5.255033 -3.180156 14.282877 -0.826594 6.952496 -0.000000 -12.690593 -0.000001 15.872811 -17.731701 2.551915 1.665665 -1.955920 -2.878297 4.727794 -4.170584 4.993919 11.020511 0.000001 -0.000000 12.109032 -3.735715 -2.866778 0.000000 -0.000000 0.000000 1.291985 -1.928548 -1.498088 14.800115 0.567467 3.865604 14.242553 -1.341738 -6.660648 19.631935 0.143921 -0.648243 50.044300 -1.012112 -6.734532 0.353029 -1.511150 -0.031940 20.222769 3.684305 2.316629 18.787249 0.000001 -0.000001 10.751608 -0.479870 1.397903 0.000000 -0.000000 0.000000 3.273804 0.305947 -0.580110 21.486790 11.830364 2.266131 8.162915 0.000000 -0.000000 18.399052 -3.798986 -4.940567 0.000003 0.000000 -0.000001 28.461386 28.356607 -94.382874 0.376919 0.183728 153.327728 -22.422245 -7.732060 -46.401558 1.573113 -1.876878 2.265835 0.000000 -0.000000 0.000002 -18.577971 -17.941517 -98.190910 0.353939 -0.167032 151.164185 12.422651 14.717259 -46.247429 -1.379485 0.727924 1.339057 0.000000 -0.000000 -0.000001
0.000000 0.000000 0.000000 0.000000 -0.000000 0.000000 -1.542058 -68.927604 -0.798434 -4.371827 -1.880674 5.302776 1.666537 0.330321 15.089747 0.623103 0.976388 7.296995 4.222632 -0.050405 28.116610 -5.201166 1.390362 -32.764591 -2.068015 -5.558903 -3.247164 12.302453 -11.206697 -21.671862 0.000077 -0.000022 0.000006 -0.023812 0.167234 0.053710 0.601078 -3.550346 -10.508850 -0.657755 3.884425 -10.663867 -10.711207 -30.296797 9.322505 -9.622349 -23.572403 1.791969 0.476909 -49.230114 0.336008 -3.020394 8.236173 -25.473442 -5.882102 9.861279 0.702590 -10.936861 -0.360574 7.156197 0.000000 8.774815 -0.000000 -15.754647 18.927816 6.659364 -1.844031 2.498503 -2.507276 -10.163590 4.678941 4.621104 -20.975996 -0.000001 0.000001 -21.226254 2.451698 -3.593995 0.000000 -0.000006 -0.000000 -1.362681 2.240797 -0.746323 -21.334892 0.584910 3.008319 -13.821196 -0.000001 0.000001 -23.887129 -0.249075 -0.839485 -61.424999 2.889936 -1.347374 -0.294025 1.679686 0.833255 -14.218195 0.093215 1.300579 -34.212002 -0.287561 0.967166 -20.033176 0.964536 1.212838 0.000000 -0.000000 0.000000 -3.440387 0.788233 0.501655 -15.928172 -3.167306 2.999703 -6.338817 -0.000000 0.000001 -18.123419 3.648181 -4.905662 -0.000004 0.000000 -0.000002 8.554308 36.662491 8.255763 16.512671 6.227918 -13.351724 -2.380329 67.133118 -1.761752 3.975980 -6.079195 -11.921130 2.243540 -5.255033 -3.180156 14.282877 -0.826594 6.952496 -0.000000 -12.690593 -0.000001 15.881288 -17.723492 2.547358 1.665665 -1.955920 -2.878297 4.727794 -4.170584 4.993919 11.020511 0.000001 -0.000000 12.109032 -3.735715 -2.866778 0.000000 -0.000000 0.000000 1.291985 -1.928548 -1.498088 14.800115 0.567467 3.865604 14.242553 -1.341738 -6.660648 19.631935 0.143921 -0.648243 50.034592 -1.002370 -6.708145 0.353029 -1.511150 -0.031940 20.222769 3.684305 2.316629 18.787249 0.000001 -0.000001 10.751608 -0.479870 1.397903 0.000000 -0.000000 0.000000 3.273804 0.305947 -0.580110 21.486790 11.830364 2.266131 8.162915 0.000000 -0.000000 18.399052 -3.798986 -4.940567 0.000003 0.000000 -0.000001 28.413414 28.327999 -94.353233 0.364439 0.200564 153.383926 -22.403681 -7.672164 -46.464031 1.569961 -1.876743 2.279091 0.000000 -0.000000 0.000002 -18.696285 -17.963785 -98.222542 0.350173 -0.160187 151.162796 12.426811 14.872910 -46.094666 -1.380918 0.730354 1.398824 0.000000 -0.000000 -0.000001
0.000000 0.000000 0.000000 0.000000 -0.000000 0.000000 -1.507721 -68.952678 -0.804446 -4.382642 -1.933925 5.227274 1.646125 0.354609 15.095020 0.608799 0.978154 7.316576 4.166165 -0.058359 28.104622 -5.211889 1.306558 -32.846020 -2.034875 -5.511856 -3.247389 12.306857 -11.128525 -21.574427 0.000077 -0.000022 0.000006 -0.023991 0.168001 0.053373 0.598843 -3.548148 -10.501594 -0.655937 3.884670 -10.655133 -10.658514 -30.207096 9.243580 -9.779325 -23.582317 1.706923 0.397414 -49.020321 0.352494 -3.006208 8.221017 -25.613787 -5.882102 9.861279 0.702590 -10.936861 -0.360574 7.156197 0.000000 8.774815 -0.000000 -15.749599 18.917437 6.671010 -1.844031 2.498503 -2.507276 -10.163590 4.678941 4.621104 -20.975996 -0.000001 0.000001 -21.226254 2.451698 -3.593995 0.000000 -0.000006 -0.000000 -1.362681 2.240797 -0.746323 -21.334892 0.584910 3.008319 -13.821196 -0.000001 0.000001 -23.887129 -0.249075 -0.839485 -61.410725 2.854255 -1.328885 -0.294025 1.679686 0.833255 -14.218195 0.093215 1.300579 -34.212002 -0.287561 0.967166 -20.033176 0.964536 1.212838 0.000000 -0.000000 0.000000 -3.440387 0.788233 0.501655 -15.928172 -3.167306 2.999703 -6.338817 -0.000000 0.000001 -18.123419 3.648181 -4.905662 -0.000004 0.000000 -0.000002 8.569704 36.512596 8.335847 16.563723 6.491670 -13.249061 -2.379350 66.941032 -1.778316 3.971915 -6.099391 -12.067671 2.243540 -5.255033 -3.180156 14.282877 -0.826594 6.952496 -0.000000 -12.690593 -0.000001 15.886605 -17.715506 2.543373 1.665665 -1.955920 -2.878297 4.727794 -4.170584 4.993919 11.020511 0.000001 -0.000000 12.109032 -3.735715 -2.866778 0.000000 -0.000000 0.000000 1.291985 -1.928548 -1.498088 14.800115 0.567467 3.865604 14.242553 -1.341738 -6.660648 19.631935 0.143921 -0.648243 50.016357 -0.985673 -6.699294 0.353029 -1.511150 -0.031940 20.222769 3.684305 2.316629 18.787249 0.000001 -0.000001 10.751608 -0.479870 1.397903 0.000000 -0.000000 0.000000 3.273804 0.305947 -0.580110 21.486790 11.830364 2.266131 8.162915 0.000000 -0.000000 18.399052 -3.798986 -4.940567 0.000003 0.000000 -0.000001 28.426762 28.303059 -94.245567 0.352518 0.213718 153.440720 -22.383072 -7.638324 -46.561893 1.568164 -1.870747 2.319305 0.000000 -0.000000 0.000002 -18.809553 -17.951880 -98.173866 0.346788 -0.159816 151.159149 12.435349 15.014697 -46.046871 -1.382364 0.734468 1.424020 0.000000 -0.000000 -0.000001
0.000000 0.000000 0.000000 0.000000 -0.000000 0.000000 -1.469367 -68.976124 -0.807145 -4.399026 -1.983512 5.139599 1.631001 0.375347 15.083397 0.595961 0.971958 7.328048 4.115280 -0.068344 28.113089 -5.235974 1.226854 -32.913670 -2.009030 -5.446342 -3.242561 12.317953 -11.067340 -21.413450 0.000077 -0.000022 0.000006 -0.023750 0.174169 0.051686 0.598399 -3.541209 -10.497261 -0.654991 3.890815 -10.648730 -10.626307 -30.120714 9.152862 -9.908823 -23.584557 1.686325 0.332297 -48.834133 0.356564 -3.039590 8.221547 -25.717392 -5.882102 9.861279 0.702590 -10.936861 -0.360574 7.156197 0.000000 8.774815 -0.000000 -15.753837 18.902332 6.674333 -1.844031 2.498503 -2.507276 -10.163590 4.678941 4.621104 -20.975996 -0.000001 0.000001 -21.226254 2.451698 -3.593995 0.000000 -0.000006 -0.000000 -1.362681 2.240797 -0.746323 -21.334892 0.584910 3.008319 -13.821196 -0.000001 0.000001 -23.887129 -0.249075 -0.839485 -61.400002 2.840779 -1.326815 -0.294025 1.679686 0.833255 -14.218195 0.093215 1.300579 -34.212002 -0.287561 0.967166 -20.033176 0.964536 1.212838 0.000000 -0.000000 0.000000 -3.440387 0.788233 0.501655 -15.928172 -3.167306 2.999703 -6.338817 -0.000000 0.000001 -18.123419 3.648181 -4.905662 -0.000004 0.000000 -0.000002 8.561851 36.386356 8.402216 16.593969 6.741597 -13.163191 -2.246076 66.766281 -1.671308 3.949982 -6.151985 -12.122133 2.243540 -5.255033 -3.180156 14.282877 -0.826594 6.952496 -0.000000 -12.690593 -0.000001 15.892984 -17.715195 2.533014 1.665665 -1.955920 -2.878297 4.727794 -4.170584 4.993919 11.020511 0.000001 -0.000000 12.109032 -3.735715 -2.866778 0.000000 -0.000000 0.000000 1.291985 -1.928548 -1.498088 14.800115 0.567467 3.865604 14.242553 -1.341738 -6.660648 19.631935 0.143921 -0.648243 50.005566 -0.964229 -6.723282 0.353029 -1.511150 -0.031940 20.222769 3.684305 2.316629 18.787249 0.000001 -0.000001 10.751608 -0.479870 1.397903 0.000000 -0.000000 0.000000 3.273804 0.305947 -0.580110 21.486790 11.830364 2.266131 8.162915 0.000000 -0.000000 18.399052 -3.798986 -4.940567 0.000003 0.000000 -0.000001 28.464092 28.249655 -94.094971 0.348751 0.218379 153.495117 -22.362780 -7.616749 -46.692303 1.567868 -1.865721 2.359025 0.000000 -0.000000 0.000002 -18.907898 -17.916611 -98.065689 0.350487 -0.166172 151.133484 12.467490 15.131249 -46.100269 -1.383497 0.740487 1.443431 0.000000 -0.000000 -0.000001
0.000000 0.000000 0.000000 0.000000 -0.000000 0.000000 -1.423535 -68.997625 -0.802954 -4.400808 -2.032166 5.039468 1.618904 0.394215 15.087885 0.588351 0.958537 7.336833 4.060822 -0.076209 28.113176 -5.248356 1.180176 -32.928326 -2.003320 -5.370719 -3.240626 12.315016 -10.991513 -21.263287 0.000077 -0.000022 0.000006 -0.023955 0.176307 0.049335 0.599472 -3.539745 -10.498070 -0.656413 3.894369 -10.645334 -10.592536 -30.033264 9.067764 -10.038039 -23.601297 1.691259 0.314012 -48.666248 0.343674 -3.044179 8.198173 -25.796671 -5.882102 9.861279 0.702590 -10.936861 -0.360574 7.156197 0.000000 8.774815 -0.000000 -15.780577 18.869284 6.649367 -1.844031 2.498503 -2.507276 -10.163590 4.678941 4.621104 -20.975996 -0.000001 0.000001 -21.226254 2.451698 -3.593995 0.000000 -0.000006 -0.000000 -1.362681 2.240797 -0.746323 -21.334892 0.584910 3.008319 -13.821196 -0.000001 0.000001 -23.887129 -0.249075 -0.839485 -61.375458 2.814943 -1.316663 -0.294025 1.679686 0.833255 -14.218195 0.093215 1.300579 -34.212002 -0.287561 0.967166 -20.033176 0.964536 1.212838 0.000000 -0.000000 0.000000 -3.440387 0.788233 0.501655 -15.928172 -3.167306 2.999703 -6.338817 -0.000000 0.000001 -18.123419 3.648181 -4.905662 -0.000004 0.000000 -0.000002 8.521276 36.257618 8.452335 16.618179 6.975512 -13.096756 -2.085662 66.624931 -1.539618 3.939337 -6.222898 -12.107969 2.243540 -5.255033 -3.180156 14.282877 -0.826594 6.952496 -0.000000 -12.690593 -0.000001 15.910898 -17.723541 2.519051 1.665665 -1.955920 -2.878297 4.727794 -4.170584 4.993919 11.020511 0.000001 -0.000000 12.109032 -3.735715 -2.866778 0.000000 -0.000000 0.000000 1.291985 -1.928548 -1.498088 14.800115 0.567467 3.865604 14.242553 -1.341738 -6.660648 19.631935 0.143921 -0.648243 50.000401 -0.930806 -6.749789 0.353029 -1.511150 -0.031940 20.222769 3.684305 2.316629 18.787249 0.000001 -0.000001 10.751608 -0.479870 1.397903 0.000000 -0.000000 0.000000 3.273804 0.305947 -0.580110 21.486790 11.830364 2.266131 8.162915 0.000000 -0.000000 18.399052 -3.798986 -4.940567 0.000003 0.000000 -0.000001 28.495237 28.156467 -93.888336 0.354587 0.216013 153.549911 -22.369057 -7.618678 -46.859882 1.569125 -1.863971 2.409786 0.000000 -0.000000 0.000002 -19.029444 -17.885223 -97.905518 0.361140 -0.174030 151.095001 12.486835 15.225752 -46.206345 -1.384149 0.742483 1.501187 0.000000 -0.000000 -0.000001
0.000000 0.000000 0.000000 0.000000 -0.000000 0.000000 -1.373140 -69.030295 -0.792418 -4.390631 -2.090080 4.939527 1.612164 0.412933 15.111741 0.588319 0.945892 7.335867 4.011498 -0.080515 28.118708 -5.269971 1.172279 -32.923008 -2.016473 -5.325347 -3.240963 12.329179 -10.931729 -21.128597 0.000077 -0.000022 0.000006 -0.024171 0.181689 0.047837 0.600583 -3.535497 -10.500546 -0.657910 3.901446 -10.643676 -10.562048 -29.950510 8.980434 -10.133956 -23.623358 1.724094 0.333080 -48.548172 0.324141 -3.030401 8.161169 -25.854317 -5.882102 9.861279 0.702590 -10.936861 -0.360574 7.156197 0.000000 8.774815 -0.000000 -15.798162 18.813368 6.612688 -1.844031 2.498503 -2.507276 -10.163590 4.678941 4.621104 -20.975996 -0.000001 0.000001 -21.226254 2.451698 -3.593995 0.000000 -0.000006 -0.000000 -1.362681 2.240797 -0.746323 -21.334892 0.584910 3.008319 -13.821196 -0.000001 0.000001 -23.887129 -0.249075 -0.839485 -61.336498 2.786880 -1.318957 -0.294025 1.679686 0.833255 -14.218195 0.093215 1.300579 -34.212002 -0.287561 0.967166 -20.033176 0.964536 1.212838 0.000000 -0.000000 0.000000 -3.440387 0.788233 0.501655 -15.928172 -3.167306 2.999703 -6.338817 -0.000000 0.000001 -18.123419 3.648181 -4.905662 -0.000004 0.000000 -0.000002 8.494000 36.157722 8.513748 16.577858 7.133337 -13.083523 -1.901571 66.539200 -1.380440 3.957105 -6.319292 -12.078986 2.243540 -5.255033 -3.180156 14.282877 -0.826594 6.952496 -0.000000 -12.690593 -0.000001 15.929719 -17.733555 2.509488 1.665665 -1.955920 -2.878297 4.727794 -4.170584 4.993919 11.020511 0.000001 -0.000000 12.109032 -3.735715 -2.866778 0.000000 -0.000000 0.000000 1.291985 -1.928548 -1.498088 14.800115 0.567467 3.865604 14.242553 -1.341738 -6.660648 19.631935 0.143921 -0.648243 49.996929 -0.905808 -6.769378 0.353029 -1.511150 -0.031940 20.222769 3.684305 2.316629 18.787249 0.000001 -0.000001 10.751608 -0.479870 1.397903 0.000000 -0.000000 0.000000 3.273804 0.305947 -0.580110 21.486790 11.830364 2.266131 8.162915 0.000000 -0.000000 18.399052 -3.798986 -4.940567 0.000003 0.000000 -0.000001 28.527050 28.054098 -93.655296 0.363719 0.210901 153.614258 -22.404224 -7.623823 -47.070156 1.570279 -1.858621 2.456305 0.000000 -0.000000 0.000002 -19.191071 -17.857567 -97.757568 0.372716 -0.177554 151.072861 12.470881 15.315435 -46.301708 -1.384636 0.742910 1.575420 0.000000 -0.000000 -0.000001
0.000000 0.000000 0.000000 0.000000 -0.000000 0.000000 -1.314389 -69.069256 -0.779705 -4.360069 -2.137933 4.842954 1.610465 0.431876 15.134562 0.592772 0.935118 7.330679 3.982226 -0.084185 28.136103 -5.304532 1.183808 -32.914097 -2.042269 -5.283071 -3.239610 12.362556 -10.927027 -20.977934 0.000077 -0.000022 0.000006 -0.025041 0.191757 0.047427 0.600760 -3.526169 -10.505843 -0.659804 3.912623 -10.643785 -10.511216 -29.869839 8.915562 -10.187675 -23.669064 1.811344 0.393432 -48.489704 0.288534 -3.004421 8.135535 -25.904774 -5.882102 9.861279 0.702590 -10.936861 -0.360574 7.156197 0.000000 8.774815 -0.000000 -15.788781 18.756964 6.597927 -1.844031 2.498503 -2.507276 -10.163590 4.678941 4.621104 -20.975996 -0.000001 0.000001 -21.226254 2.451698 -3.593995 0.000000 -0.000006 -0.000000 -1.362681 2.240797 -0.746323 -21.334892 0.584910 3.008319 -13.821196 -0.000001 0.000001 -23.887129 -0.249075 -0.839485 -61.301659 2.770817 -1.311276 -0.294025 1.679686 0.833255 -14.218195 0.093215 1.300579 -34.212002 -0.287561 0.967166 -20.033176 0.964536 1.212838 0.000000 -0.000000 0.000000 -3.440387 0.788233 0.501655 -15.928172 -3.167306 2.999703 -6.338817 -0.000000 0.000001 -18.123419 3.648181 -4.905662 -0.000004 0.000000 -0.000002 8.475682 36.061119 8.571985 16.482834 7.222124 -13.082964 -1.733089 66.486443 -1.233255 3.965898 -6.435092 -12.092735 2.243540 -5.255033 -3.180156 14.282877 -0.826594 6.952496 -0.000000 -12.690593 -0.000001 15.934586 -17.739548 2.509141 1.665665 -1.955920 -2.878297 4.727794 -4.170584 4.993919 11.020511 0.000001 -0.000000 12.109032 -3.735715 -2.866778 0.000000 -0.000000 0.000000 1.291985 -1.928548 -1.498088 14.800115 0.567467 3.865604 14.242553 -1.341738 -6.660648 19.631935 0.143921 -0.648243 49.980331 -0.891223 -6.784548 0.353029 -1.511150 -0.031940 20.222769 3.684305 2.316629 18.787249 0.000001 -0.000001 10.751608 -0.479870 1.397903 0.000000 -0.000000 0.000000 3.273804 0.305947 -0.580110 21.486790 11.830364 2.266131 8.162915 0.000000 -0.000000 18.399052 -3.798986 -4.940567 0.000003 0.000000 -0.000001 28.530842 27.945364 -93.443970 0.379052 0.208761 153.692581 -22.435020 -7.629778 -47.279057 1.570800 -1.850047 2.490318 0.000000 -0.000000 0.000002 -19.422571 -17.859276 -97.617302 0.382037 -0.182557 151.064133 12.446668 15.412812 -46.365517 -1.384853 0.745177 1.638357 0.000000 -0.000000 -0.000001
0.000000 0.000000 0.000000 0.000000 -0.000000 0.000000 -1.248907 -69.101963 -0.782022 -4.314313 -2.174513 4.750312 1.609734 0.444573 15.144218 0.601712 0.924422 7.336219 3.980810 -0.082781 28.149662 -5.356325 1.200473 -32.887447 -2.072277 -5.249794 -3.234250 12.394715 -10.958337 -20.786381 0.000077 -0.000022 0.000006 -0.025724 0.200349 0.050093 0.600136 -3.517395 -10.509097 -0.660514 3.921717 -10.641548 -10.445103 -29.803736 8.890956 -10.189043 -23.717264 1.969404 0.490985 -48.489376 0.241966 -3.023732 8.136759 -25.995262 -5.882102 9.861279 0.702590 -10.936861 -0.360574 7.156197 0.000000 8.774815 -0.000000 -15.767531 18.719612 6.610122 -1.844031 2.498503 -2.507276 -10.163590 4.678941 4.621104 -20.975996 -0.000001 0.000001 -21.226254 2.451698 -3.593995 0.000000 -0.000006 -0.000000 -1.362681 2.240797 -0.746323 -21.334892 0.584910 3.008319 -13.821196 -0.000001 0.000001 -23.887129 -0.249075 -0.839485 -61.297535 2.758968 -1.283322 -0.294025 1.679686 0.833255 -14.218195 0.093215 1.300579 -34.212002 -0.287561 0.967166 -20.033176 0.964536 1.212838 0.000000 -0.000000 0.000000 -3.440387 0.788233 0.501655 -15.928172 -3.167306 2.999703 -6.338817 -0.000000 0.000001 -18.123419 3.648181 -4.905662 -0.000004 0.000000 -0.000002 8.444425 35.970718 8.601669 16.381128 7.263226 -13.026892 -1.654257 66.445396 -1.168452 3.949168 -6.587156 -12.127229 2.243540 -5.255033 -3.180156 14.282877 -0.826594 6.952496 -0.000000 -12.690593 -0.000001 15.922276 -17.727671 2.509321 1.665665 -1.955920 -2.878297 4.727794 -4.170584 4.993919 11.020511 0.000001 -0.000000 12.109032 -3.735715 -2.866778 0.000000 -0.000000 0.000000 1.291985 -1.928548 -1.498088 14.800115 0.567467 3.865604 14.242553 -1.341738 -6.660648 19.631935 0.143921 -0.648243 49.957424 -0.885124 -6.788462 0.353029 -1.511150 -0.031940 20.222769 3.684305 2.316629 18.787249 0.000001 -0.000001 10.751608 -0.479870 1.397903 0.000000 -0.000000 0.000000 3.273804 0.305947 -0.580110 21.486790 11.830364 2.266131 8.162915 0.000000 -0.000000 18.399052 -3.798986 -4.940567 0.000003 0.000000 -0.000001 28.465555 27.851223 -93.324066 0.395592 0.206359 153.773331 -22.423244 -7.639699 -47.404221 1.568887 -1.837437 2.493668 0.000000 -0.000000 0.000002 -19.679749 -17.876801 -97.530128 0.391453 -0.187698 151.057037 12.457199 15.467092 -46.313595 -1.385679 0.751446 1.676777 0.000000 -0.000000 -0.000001
0.000000 0.000000 0.000000 0.000000 -0.000000 0.000000 -1.185880 -69.129786 -0.807241 -4.256054 -2.202609 4.662448 1.601784 0.444112 15.139970 0.615620 0.912855 7.341681 4.000279 -0.076480 28.161804 -5.398943 1.222311 -32.847065 -2.099370 -5.239582 -3.226364 12.414885 -10.984241 -20.567266 0.000077 -0.000022 0.000006 -0.026513 0.212242 0.056518 0.597906 -3.504786 -10.505162 -0.659898 3.933448 -10.632364 -10.355950 -29.743565 8.886020 -10.147916 -23.779873 2.192263 0.545074 -48.479694 0.241009 -3.079407 8.146422 -26.090433 -5.882102 9.861279 0.702590 -10.936861 -0.360574 7.156197 0.000000 8.774815 -0.000000 -15.762528 18.705320 6.621127 -1.844031 2.498503 -2.507276 -10.163590 4.678941 4.621104 -20.975996 -0.000001 0.000001 -21.226254 2.451698 -3.593995 0.000000 -0.000006 -0.000000 -1.362681 2.240797 -0.746323 -21.334892 0.584910 3.008319 -13.821196 -0.000001 0.000001 -23.887129 -0.249075 -0.839485 -61.302670 2.751115 -1.273661 -0.294025 1.679686 0.833255 -14.218195 0.093215 1.300579 -34.212002 -0.287561 0.967166 -20.033176 0.964536 1.212838 0.000000 -0.000000 0.000000 -3.440387 0.788233 0.501655 -15.928172 -3.167306 2.999703 -6.338817 -0.000000 0.000001 -18.123419 3.648181 -4.905662 -0.000004 0.000000 -0.000002 8.393717 35.880821 8.621484 16.276327 7.304144 -12.907649 -1.705573 66.374245 -1.195791 3.931360 -6.749808 -12.136227 2.243540 -5.255033 -3.180156 14.282877 -0.826594 6.952496 -0.000000 -12.690593 -0.000001 15.901396 -17.700705 2.519668 1.665665 -1.955920 -2.878297 4.727794 -4.170584 4.993919 11.020511 0.000001 -0.000000 12.109032 -3.735715 -2.866778 0.000000 -0.000000 0.000000 1.291985 -1.928548 -1.498088 14.800115 0.567467 3.865604 14.242553 -1.341738 -6.660648 19.631935 0.143921 -0.648243 49.942497 -0.888994 -6.775736 0.353029 -1.511150 -0.031940 20.222769 3.684305 2.316629 18.787249 0.000001 -0.000001 10.751608 -0.479870 1.397903 0.000000 -0.000000 0.000000 3.273804 0.305947 -0.580110 21.486790 11.830364 2.266131 8.162915 0.000000 -0.000000 18.399052 -3.798986 -4.940567 0.000003 0.000000 -0.000001 28.326159 27.799089 -93.307976 0.411701 0.202396 153.838470 -22.361835 -7.605615 -47.452644 1.564587 -1.824656 2.504115 0.000000 -0.000000 0.000002 -19.898001 -17.909016 -97.517120 0.403388 -0.187581 151.042908 12.463156 15.444328 -46.193520 -1.386164 0.756342 1.700440 0.000000 -0.000000 -0.000001
0.000000 0.000000 0.000000 0.000000 -0.000000 0.000000 -1.134622 -69.132344 -0.855884 -4.206938 -2.219333 4.583595 1.597900 0.438293 15.129110 0.629122 0.900033 7.334185 4.042543 -0.086013 28.153732 -5.396142 1.235767 -32.797009 -2.110478 -5.227391 -3.212505 12.379699 -10.983606 -20.378445 0.000077 -0.000022 0.000006 -0.026898 0.219926 0.065396 0.596618 -3.496015 -10.494164 -0.659258 3.940193 -10.617120 -10.236726 -29.667118 8.871270 -10.132200 -23.873169 2.488613 0.541445 -48.402843 0.260146 -3.114074 8.148123 -26.116152 -5.882102 9.861279 0.702590 -10.936861 -0.360574 7.156197 0.000000 8.774815 -0.000000 -15.751137 18.704021 6.630170 -1.844031 2.498503 -2.507276 -10.163590 4.678941 4.621104 -20.975996 -0.000001 0.000001 -21.226254 2.451698 -3.593995 0.000000 -0.000006 -0.000000 -1.362681 2.240797 -0.746323 -21.334892 0.584910 3.008319 -13.821196 -0.000001 0.000001 -23.887129 -0.249075 -0.839485 -61.290039 2.746294 -1.293534 -0.294025 1.679686 0.833255 -14.218195 0.093215 1.300579 -34.212002 -0.287561 0.967166 -20.033176 0.964536 1.212838 0.000000 -0.000000 0.000000 -3.440387 0.788233 0.501655 -15.928172 -3.167306 2.999703 -6.338817 -0.000000 0.000001 -18.123419 3.648181 -4.905662 -0.000004 0.000000 -0.000002 8.328093 35.800079 8.636966 16.197456 7.368355 -12.784821 -1.757136 66.264236 -1.211735 3.892531 -6.906237 -12.141265 2.243540 -5.255033 -3.180156 14.282877 -0.826594 6.952496 -0.000000 -12.690593 -0.000001 15.885955 -17.658604 2.535760 1.665665 -1.955920 -2.878297 4.727794 -4.170584 4.993919 11.020511 0.000001 -0.000000 12.109032 -3.735715 -2.866778 0.000000 -0.000000 0.000000 1.291985 -1.928548 -1.498088 14.800115 0.567467 3.865604 14.242553 -1.341738 -6.660648 19.631935 0.143921 -0.648243 49.935886 -0.891647 -6.750236 0.353029 -1.511150 -0.031940 20.222769 3.684305 2.316629 18.787249 0.000001 -0.000001 10.751608 -0.479870 1.397903 0.000000 -0.000000 0.000000 3.273804 0.305947 -0.580110 21.486790 11.830364 2.266131 8.162915 0.000000 -0.000000 18.399052 -3.798986 -4.940567 0.000003 0.000000 -0.000001 28.133057 27.746437 -93.362709 0.424381 0.198660 153.851410 -22.267355 -7.491293 -47.474895 1.561193 -1.814864 2.536199 0.000000 -0.000000 0.000002 -20.012609 -17.930937 -97.536530 0.410964 -0.185216 150.991837 12.458667 15.349901 -46.079601 -1.385088 0.758456 1.728255 0.000000 -0.000000 -0.000001
0.000000 0.000000 0.000000 0.000000 -0.000000 0.000000 -1.093644 -69.106465 -0.913339 -4.169710 -2.216247 4.508270 1.598245 0.418915 15.120816 0.642528 0.879908 7.306734 4.098446 -0.101779 28.115393 -5.355086 1.245697 -32.744335 -2.128398 -5.209795 -3.195928 12.314083 -10.956839 -20.158974 0.000077 -0.000022 0.000006 -0.026744 0.222808 0.068484 0.597759 -3.492574 -10.488627 -0.659940 3.942369 -10.608718 -10.072842 -29.579121 8.828115 -10.164239 -24.021326 2.928878 0.558376 -48.205944 0.222835 -3.158747 8.123615 -25.976210 -5.882102 9.861279 0.702590 -10.936861 -0.360574 7.156197 0.000000 8.774815 -0.000000 -15.732361 18.718655 6.651944 -1.844031 2.498503 -2.507276 -10.163590 4.678941 4.621104 -20.975996 -0.000001 0.000001 -21.226254 2.451698 -3.593995 0.000000 -0.000006 -0.000000 -1.362681 2.240797 -0.746323 -21.334892 0.584910 3.008319 -13.821196 -0.000001 0.000001 -23.887129 -0.249075 -0.839485 -61.252514 2.759663 -1.322056 -0.294025 1.679686 0.833255 -14.218195 0.093215 1.300579 -34.212002 -0.287561 0.967166 -20.033176 0.964536 1.212838 0.000000 -0.000000 0.000000 -3.440387 0.788233 0.501655 -15.928172 -3.167306 2.999703 -6.338817 -0.000000 0.000001 -18.123419 3.648181 -4.905662 -0.000004 0.000000 -0.000002 8.247945 35.734303 8.641270 16.170885 7.464242 -12.709599 -1.722643 66.103981 -1.143786 3.881879 -7.060542 -12.177628 2.243540 -5.255033 -3.180156 14.282877 -0.826594 6.952496 -0.000000 -12.690593 -0.000001 15.890065 -17.624830 2.541587 1.665665 -1.955920 -2.878297 4.727794 -4.170584 4.993919 11.020511 0.000001 -0.000000 12.109032 -3.735715 -2.866778 0.000000 -0.000000 0.000000 1.291985 -1.928548 -1.498088 14.800115 0.567467 3.865604 14.242553 -1.341738 -6.660648 19.631935 0.143921 -0.648243 49.925720 -0.898405 -6.736958 0.353029 -1.511150 -0.031940 20.222769 3.684305 2.316629 18.787249 0.000001 -0.000001 10.751608 -0.479870 1.397903 0.000000 -0.000000 0.000000 3.273804 0.305947 -0.580110 21.486790 11.830364 2.266131 8.162915 0.000000 -0.000000 18.399052 -3.798986 -4.940567 0.000003 0.000000 -0.000001 27.916582 27.649483 -93.431549 0.433448 0.194661 153.819153 -22.144136 -7.318781 -47.504463 1.562379 -1.810454 2.560308 0.000000 -0.000000 0.000002 -20.048378 -17.965435 -97.513092 0.407025 -0.180527 150.899460 12.444989 15.264059 -46.035454 -1.382469 0.755425 1.748087 0.000000 -0.000000 -0.000001
0.000000 0.000000 0.000000 0.000000 -0.000000 0.000000 -1.054906 -69.035584 -0.973910 -4.160017 -2.205623 4.453604 1.607217 0.388063 15.099656 0.651101 0.860324 7.263268 4.170644 -0.114415 28.041878 -5.318607 1.246561 -32.714375 -2.148229 -5.184463 -3.187382 12.231836 -10.928372 -19.879160 0.000077 -0.000022 0.000006 -0.026911 0.218404 0.064400 0.599713 -3.498062 -10.495189 -0.661910 3.938573 -10.614657 -9.886436 -29.497883 8.777361 -10.229345 -24.198372 3.519585 0.649541 -47.915524 0.131209 -3.170652 8.081281 -25.672604 -5.882102 9.861279 0.702590 -10.936861 -0.360574 7.156197 0.000000 8.774815 -0.000000 -15.718355 18.729959 6.688408 -1.844031 2.498503 -2.507276 -10.163590 4.678941 4.621104 -20.975996 -0.000001 0.000001 -21.226254 2.451698 -3.593995 0.000000 -0.000006 -0.000000 -1.362681 2.240797 -0.746323 -21.334892 0.584910 3.008319 -13.821196 -0.000001 0.000001 -23.887129 -0.249075 -0.839485 -61.213596 2.778958 -1.323817 -0.294025 1.679686 0.833255 -14.218195 0.093215 1.300579 -34.212002 -0.287561 0.967166 -20.033176 0.964536 1.212838 0.000000 -0.000000 0.000000 -3.440387 0.788233 0.501655 -15.928172 -3.167306 2.999703 -6.338817 -0.000000 0.000001 -18.123419 3.648181 -4.905662 -0.000004 0.000000 -0.000002 8.141916 35.703499 8.635099 16.222364 7.562647 -12.682763 -1.593097 65.910995 -0.989302 3.887299 -7.212591 -12.202688 2.243540 -5.255033 -3.180156 14.282877 -0.826594 6.952496 -0.000000 -12.690593 -0.000001 15.897153 -17.604567 2.535834 1.665665 -1.955920 -2.878297 4.727794 -4.170584 4.993919 11.020511 0.000001 -0.000000 12.109032 -3.735715 -2.866778 0.000000 -0.000000 0.000000 1.291985 -1.928548 -1.498088 14.800115 0.567467 3.865604 14.242553 -1.341738 -6.660648 19.631935 0.143921 -0.648243 49.913628 -0.907467 -6.742785 0.353029 -1.511150 -0.031940 20.222769 3.684305 2.316629 18.787249 0.000001 -0.000001 10.751608 -0.479870 1.397903 0.000000 -0.000000 0.000000 3.273804 0.305947 -0.580110 21.486790 11.830364 2.266131 8.162915 0.000000 -0.000000 18.399052 -3.798986 -4.940567 0.000003 0.000000 -0.000001 27.687479 27.520861 -93.502396 0.441292 0.195346 153.741440 -22.008970 -7.088218 -47.518116 1.567310 -1.806864 2.542021 0.000000 -0.000000 0.000002 -19.977352 -18.005304 -97.463837 0.401899 -0.181138 150.756500 12.430661 15.171321 -45.998501 -1.379491 0.747617 1.747234 0.000000 -0.000000 -0.000001
0.000000 0.000000 0.000000 0.000000 -0.000000 0.000000 -1.015128 -68.941308 -1.025978 -4.165624 -2.214482 4.411802 1.621153 0.359119 15.078668 0.652062 0.846855 7.219934 4.242994 -0.100883 27.929405 -5.282759 1.241291 -32.707329 -2.178568 -5.151902 -3.191245 12.131177 -10.912137 -19.588272 0.000077 -0.000022 0.000006 -0.028411 0.205619 0.054798 0.601296 -3.512511 -10.510144 -0.666168 3.927208 -10.629338 -9.678010 -29.429205 8.722473 -10.352643 -24.409000 4.144331 0.779362 -47.568508 0.037155 -3.124366 8.037448 -25.292662 -5.882102 9.861279 0.702590 -10.936861 -0.360574 7.156197 0.000000 8.774815 -0.000000 -15.741351 18.743517 6.711502 -1.844031 2.498503 -2.507276 -10.163590 4.678941 4.621104 -20.975996 -0.000001 0.000001 -21.226254 2.451698 -3.593995 0.000000 -0.000006 -0.000000 -1.362681 2.240797 -0.746323 -21.334892 0.584910 3.008319 -13.821196 -0.000001 0.000001 -23.887129 -0.249075 -0.839485 -61.215469 2.794400 -1.320542 -0.294025 1.679686 0.833255 -14.218195 0.093215 1.300579 -34.212002 -0.287561 0.967166 -20.033176 0.964536 1.212838 0.000000 -0.000000 0.000000 -3.440387 0.788233 0.501655 -15.928172 -3.167306 2.999703 -6.338817 -0.000000 0.000001 -18.123419 3.648181 -4.905662 -0.000004 0.000000 -0.000002 8.007957 35.688168 8.606496 16.335617 7.656701 -12.628625 -1.481513 65.698021 -0.841875 3.907514 -7.368813 -12.262753 2.243540 -5.255033 -3.180156 14.282877 -0.826594 6.952496 -0.000000 -12.690593 -0.000001 15.910135 -17.592142 2.519104 1.665665 -1.955920 -2.878297 4.727794 -4.170584 4.993919 11.020511 0.000001 -0.000000 12.109032 -3.735715 -2.866778 0.000000 -0.000000 0.000000 1.291985 -1.928548 -1.498088 14.800115 0.567467 3.865604 14.242553 -1.341738 -6.660648 19.631935 0.143921 -0.648243 49.900009 -0.917109 -6.754150 0.353029 -1.511150 -0.031940 20.222769 3.684305 2.316629 18.787249 0.000001 -0.000001 10.751608 -0.479870 1.397903 0.000000 -0.000000 0.000000 3.273804 0.305947 -0.580110 21.486790 11.830364 2.266131 8.162915 0.000000 -0.000000 18.399052 -3.798986 -4.940567 0.000003 0.000000 -0.000001 27.466923 27.403692 -93.530327 0.443938 0.198772 153.650604 -21.853306 -6.852786 -47.534874 1.571961 -1.804889 2.522856 0.000000 -0.000000 0.000002 -19.874073 -18.032946 -97.410484 0.393811 -0.181693 150.599899 12.374888 15.068610 -45.928501 -1.376263 0.737764 1.757838 0.000000 -0.000000 -0.000001
0.000000 0.000000 0.000000 0.000000 -0.000000 0.000000 -0.959757 -68.838261 -1.064517 -4.175539 -2.236331 4.390763 1.630158 0.331583 15.050012 0.656683 0.840965 7.179964 4.302429 -0.068038 27.784727 -5.269308 1.246010 -32.730556 -2.206460 -5.139556 -3.200132 12.009765 -10.899582 -19.309397 0.000077 -0.000022 0.000006 -0.030191 0.192761 0.044781 0.603342 -3.528103 -10.530186 -0.671606 3.916915 -10.647697 -9.525050 -29.350023 8.659626 -10.471487 -24.629898 4.734169 0.864268 -47.251236 -0.007480 -3.015753 8.022499 -24.874443 -5.882102 9.861279 0.702590 -10.936861 -0.360574 7.156197 0.000000 8.774815 -0.000000 -15.776148 18.762968 6.718019 -1.844031 2.498503 -2.507276 -10.163590 4.678941 4.621104 -20.975996 -0.000001 0.000001 -21.226254 2.451698 -3.593995 0.000000 -0.000006 -0.000000 -1.362681 2.240797 -0.746323 -21.334892 0.584910 3.008319 -13.821196 -0.000001 0.000001 -23.887129 -0.249075 -0.839485 -61.231205 2.803832 -1.323180 -0.294025 1.679686 0.833255 -14.218195 0.093215 1.300579 -34.212002 -0.287561 0.967166 -20.033176 0.964536 1.212838 0.000000 -0.000000 0.000000 -3.440387 0.788233 0.501655 -15.928172 -3.167306 2.999703 -6.338817 -0.000000 0.000001 -18.123419 3.648181 -4.905662 -0.000004 0.000000 -0.000002 7.855896 35.701679 8.559969 16.493565 7.698900 -12.529784 -1.409912 65.528969 -0.752098 3.970900 -7.550050 -12.325619 2.243540 -5.255033 -3.180156 14.282877 -0.826594 6.952496 -0.000000 -12.690593 -0.000001 15.915376 -17.567917 2.496296 1.665665 -1.955920 -2.878297 4.727794 -4.170584 4.993919 11.020511 0.000001 -0.000000 12.109032 -3.735715 -2.866778 0.000000 -0.000000 0.000000 1.291985 -1.928548 -1.498088 14.800115 0.567467 3.865604 14.242553 -1.341738 -6.660648 19.631935 0.143921 -0.648243 49.869118 -0.910934 -6.766606 0.353029 -1.511150 -0.031940 20.222769 3.684305 2.316629 18.787249 0.000001 -0.000001 10.751608 -0.479870 1.397903 0.000000 -0.000000 0.000000 3.273804 0.305947 -0.580110 21.486790 11.830364 2.266131 8.162915 0.000000 -0.000000 18.399052 -3.798986 -4.940567 0.000003 0.000000 -0.000001 27.217728 27.309822 -93.546860 0.444049 0.202788 153.575500 -21.680386 -6.636896 -47.560661 1.573622 -1.811469 2.512728 0.000000 -0.000000 0.000002 -19.799141 -18.077127 -97.364624 0.386562 -0.175801 150.443954 12.296243 15.033995 -45.796692 -1.374076 0.731076 1.755790 0.000000 -0.000000 -0.000001
0.000000 0.000000 0.000000 0.000000 -0.000000 0.000000 -0.885910 -68.743538 -1.099547 -4.188282 -2.268245 4.404929 1.638156 0.319270 15.015636 0.662682 0.845858 7.136957 4.351945 -0.026076 27.631084 -5.296261 1.249209 -32.794815 -2.214591 -5.145447 -3.204867 11.891568 -10.903899 -19.081194 0.000077 -0.000022 0.000006 -0.031622 0.179057 0.039278 0.604575 -3.544111 -10.547989 -0.675584 3.905337 -10.663556 -9.398411 -29.254053 8.587636 -10.567125 -24.860739 5.230970 0.862194 -47.039429 -0.011332 -2.845368 8.056683 -24.441963 -5.882102 9.861279 0.702590 -10.936861 -0.360574 7.156197 0.000000 8.774815 -0.000000 -15.796663 18.776108 6.706241 -1.844031 2.498503 -2.507276 -10.163590 4.678941 4.621104 -20.975996 -0.000001 0.000001 -21.226254 2.451698 -3.593995 0.000000 -0.000006 -0.000000 -1.362681 2.240797 -0.746323 -21.334892 0.584910 3.008319 -13.821196 -0.000001 0.000001 -23.887129 -0.249075 -0.839485 -61.233685 2.800658 -1.341952 -0.294025 1.679686 0.833255 -14.218195 0.093215 1.300579 -34.212002 -0.287561 0.967166 -20.033176 0.964536 1.212838 0.000000 -0.000000 0.000000 -3.440387 0.788233 0.501655 -15.928172 -3.167306 2.999703 -6.338817 -0.000000 0.000001 -18.123419 3.648181 -4.905662 -0.000004 0.000000 -0.000002 7.677149 35.746334 8.521705 16.655241 7.686676 -12.399968 -1.397225 65.402000 -0.764112 4.109145 -7.710536 -12.338747 2.243540 -5.255033 -3.180156 14.282877 -0.826594 6.952496 -0.000000 -12.690593 -0.000001 15.902858 -17.547581 2.494377 1.665665 -1.955920 -2.878297 4.727794 -4.170584 4.993919 11.020511 0.000001 -0.000000 12.109032 -3.735715 -2.866778 0.000000 -0.000000 0.000000 1.291985 -1.928548 -1.498088 14.800115 0.567467 3.865604 14.242553 -1.341738 -6.660648 19.631935 0.143921 -0.648243 49.853569 -0.894843 -6.759391 0.353029 -1.511150 -0.031940 20.222769 3.684305 2.316629 18.787249 0.000001 -0.000001 10.751608 -0.479870 1.397903 0.000000 -0.000000 0.000000 3.273804 0.305947 -0.580110 21.486790 11.830364 2.266131 8.162915 0.000000 -0.000000 18.399052 -3.798986 -4.940567 0.000003 0.000000 -0.000001 26.909237 27.247038 -93.628944 0.436620 0.211812 153.527496 -21.487286 -6.421395 -47.593590 1.573423 -1.821048 2.543156 0.000000 -0.000000 0.000002 -19.771301 -18.132172 -97.364891 0.373990 -0.164509 150.286362 12.263924 15.045111 -45.615860 -1.373789 0.728496 1.715989 0.000000 -0.000000 -0.000001
0.000000 0.000000 0.000000 0.000000 -0.000000 0.000000 -0.800381 -68.668698 -1.146428 -4.204086 -2.310192 4.452597 1.650503 0.322050 14.981952 0.671023 0.865915 7.095766 4.389218 0.011873 27.479942 -5.361252 1.237650 -32.911892 -2.210909 -5.164609 -3.204137 11.793932 -10.925379 -18.875114 0.000077 -0.000022 0.000006 -0.031683 0.170287 0.039363 0.607732 -3.553744 -10.560279 -0.678975 3.897128 -10.675386 -9.281073 -29.150316 8.501223 -10.623216 -25.097679 5.707600 0.828598 -46.944893 -0.010913 -2.650473 8.126621 -24.015476 -5.882102 9.861279 0.702590 -10.936861 -0.360574 7.156197 0.000000 8.774815 -0.000000 -15.818527 18.785368 6.679434 -1.844031 2.498503 -2.507276 -10.163590 4.678941 4.621104 -20.975996 -0.000001 0.000001 -21.226254 2.451698 -3.593995 0.000000 -0.000006 -0.000000 -1.362681 2.240797 -0.746323 -21.334892 0.584910 3.008319 -13.821196 -0.000001 0.000001 -23.887129 -0.249075 -0.839485 -61.230904 2.808439 -1.373272 -0.294025 1.679686 0.833255 -14.218195 0.093215 1.300579 -34.212002 -0.287561 0.967166 -20.033176 0.964536 1.212838 0.000000 -0.000000 0.000000 -3.440387 0.788233 0.501655 -15.928172 -3.167306 2.999703 -6.338817 -0.000000 0.000001 -18.123419 3.648181 -4.905662 -0.000004 0.000000 -0.000002 7.498855 35.830826 8.501411 16.748285 7.608606 -12.235859 -1.393793 65.300568 -0.810600 4.318244 -7.813610 -12.312595 2.243540 -5.255033 -3.180156 14.282877 -0.826594 6.952496 -0.000000 -12.690593 -0.000001 15.893615 -17.537674 2.500779 1.665665 -1.955920 -2.878297 4.727794 -4.170584 4.993919 11.020511 0.000001 -0.000000 12.109032 -3.735715 -2.866778 0.000000 -0.000000 0.000000 1.291985 -1.928548 -1.498088 14.800115 0.567467 3.865604 14.242553 -1.341738 -6.660648 19.631935 0.143921 -0.648243 49.837963 -0.882931 -6.758012 0.353029 -1.511150 -0.031940 20.222769 3.684305 2.316629 18.787249 0.000001 -0.000001 10.751608 -0.479870 1.397903 0.000000 -0.000000 0.000000 3.273804 0.305947 -0.580110 21.486790 11.830364 2.266131 8.162915 0.000000 -0.000000 18.399052 -3.798986 -4.940567 0.000003 0.000000 -0.000001 26.557026 27.194757 -93.819527 0.423977 0.222329 153.499054 -21.282703 -6.165179 -47.619850 1.573109 -1.829532 2.580446 0.000000 -0.000000 0.000002 -19.771908 -18.181862 -97.469910 0.358480 -0.151043 150.140106 12.279556 15.063342 -45.351322 -1.373559 0.723515 1.632834 0.000000 -0.000000 -0.000001
0.000000 0.000000 0.000000 0.000000 -0.000000 0.000000 -0.714726 -68.606888 -1.201648 -4.207562 -2.343472 4.521461 1.664496 0.329769 14.958508 0.680306 0.894822 7.059200 4.411952 0.054562 27.336058 -5.467215 1.212777 -33.077396 -2.219418 -5.169829 -3.200269 11.736914 -10.991455 -18.690298 0.000077 -0.000022 0.000006 -0.031160 0.168860 0.042293 0.613124 -3.555151 -10.567264 -0.683437 3.895435 -10.681268 -9.171268 -29.058149 8.411480 -10.629558 -25.324732 6.233784 0.830141 -46.976158 -0.010387 -2.482056 8.225645 -23.589766 -5.882102 9.861279 0.702590 -10.936861 -0.360574 7.156197 0.000000 8.774815 -0.000000 -15.881281 18.801291 6.641454 -1.844031 2.498503 -2.507276 -10.163590 4.678941 4.621104 -20.975996 -0.000001 0.000001 -21.226254 2.451698 -3.593995 0.000000 -0.000006 -0.000000 -1.362681 2.240797 -0.746323 -21.334892 0.584910 3.008319 -13.821196 -0.000001 0.000001 -23.887129 -0.249075 -0.839485 -61.254784 2.832508 -1.392581 -0.294025 1.679686 0.833255 -14.218195 0.093215 1.300579 -34.212002 -0.287561 0.967166 -20.033176 0.964536 1.212838 0.000000 -0.000000 0.000000 -3.440387 0.788233 0.501655 -15.928172 -3.167306 2.999703 -6.338817 -0.000000 0.000001 -18.123419 3.648181 -4.905662 -0.000004 0.000000 -0.000002 7.291385 35.919792 8.478672 16.816090 7.485386 -12.022207 -1.434527 65.214195 -0.885249 4.566229 -7.834094 -12.280811 2.243540 -5.255033 -3.180156 14.282877 -0.826594 6.952496 -0.000000 -12.690593 -0.000001 15.894733 -17.528694 2.509495 1.665665 -1.955920 -2.878297 4.727794 -4.170584 4.993919 11.020511 0.000001 -0.000000 12.109032 -3.735715 -2.866778 0.000000 -0.000000 0.000000 1.291985 -1.928548 -1.498088 14.800115 0.567467 3.865604 14.242553 -1.341738 -6.660648 19.631935 0.143921 -0.648243 49.826458 -0.875352 -6.766426 0.353029 -1.511150 -0.031940 20.222769 3.684305 2.316629 18.787249 0.000001 -0.000001 10.751608 -0.479870 1.397903 0.000000 -0.000000 0.000000 3.273804 0.305947 -0.580110 21.486790 11.830364 2.266131 8.162915 0.000000 -0.000000 18.399052 -3.798986 -4.940567 0.000003 0.000000 -0.000001 26.204218 27.140265 -94.077423 0.427325 0.222806 153.476974 -21.093111 -5.941034 -47.604061 1.570256 -1.834122 2.608670 0.000000 -0.000000 0.000002 -19.798223 -18.237652 -97.643875 0.345828 -0.140009 150.013062 12.324916 15.053069 -45.023495 -1.373998 0.725252 1.549457 0.000000 -0.000000 -0.000001
0.000000 0.000000 0.000000 0.000000 -0.000000 0.000000 -0.637936 -68.538086 -1.268600 -4.193313 -2.376259 4.609496 1.672743 0.336326 14.932028 0.687252 0.932027 7.029328 4.412616 0.088859 27.209616 -5.582316 1.186997 -33.273258 -2.232669 -5.155477 -3.193177 11.707967 -11.061347 -18.555473 0.000077 -0.000022 0.000006 -0.030843 0.179276 0.044810 0.617975 -3.544682 -10.572187 -0.687804 3.905291 -10.685265 -9.052871 -28.955156 8.300612 -10.607206 -25.521646 6.767387 0.833895 -47.134438 0.007161 -2.355262 8.317779 -23.129211 -5.882102 9.861279 0.702590 -10.936861 -0.360574 7.156197 0.000000 8.774815 -0.000000 -15.937777 18.809774 6.607761 -1.844031 2.498503 -2.507276 -10.163590 4.678941 4.621104 -20.975996 -0.000001 0.000001 -21.226254 2.451698 -3.593995 0.000000 -0.000006 -0.000000 -1.362681 2.240797 -0.746323 -21.334892 0.584910 3.008319 -13.821196 -0.000001 0.000001 -23.887129 -0.249075 -0.839485 -61.264797 2.877675 -1.399527 -0.294025 1.679686 0.833255 -14.218195 0.093215 1.300579 -34.212002 -0.287561 0.967166 -20.033176 0.964536 1.212838 0.000000 -0.000000 0.000000 -3.440387 0.788233 0.501655 -15.928172 -3.167306 2.999703 -6.338817 -0.000000 0.000001 -18.123419 3.648181 -4.905662 -0.000004 0.000000 -0.000002 7.067738 36.010113 8.451820 16.850340 7.349771 -11.826370 -1.397220 65.144623 -0.857108 4.808100 -7.820422 -12.240847 2.243540 -5.255033 -3.180156 14.282877 -0.826594 6.952496 -0.000000 -12.690593 -0.000001 15.898976 -17.514252 2.526280 1.665665 -1.955920 -2.878297 4.727794 -4.170584 4.993919 11.020511 0.000001 -0.000000 12.109032 -3.735715 -2.866778 0.000000 -0.000000 0.000000 1.291985 -1.928548 -1.498088 14.800115 0.567467 3.865604 14.242553 -1.341738 -6.660648 19.631935 0.143921 -0.648243 49.818062 -0.874528 -6.784054 0.353029 -1.511150 -0.031940 20.222769 3.684305 2.316629 18.787249 0.000001 -0.000001 10.751608 -0.479870 1.397903 0.000000 -0.000000 0.000000 3.273804 0.305947 -0.580110 21.486790 11.830364 2.266131 8.162915 0.000000 -0.000000 18.399052 -3.798986 -4.940567 0.000003 0.000000 -0.000001 25.827269 27.066650 -94.379509 0.437338 0.217051 153.430649 -20.956526 -5.715654 -47.553856 1.567013 -1.842089 2.630816 0.000000 -0.000000 0.000002 -19.794872 -18.293287 -97.887558 0.340910 -0.133172 149.888748 12.374270 14.992055 -44.639229 -1.373536 0.724969 1.488418 0.000000 -0.000000 -0.000001
0.000000 0.000000 0.000000 0.000000 -0.000000 0.000000 -0.570877 -68.462157 -1.330887 -4.159226 -2.383919 4.710512 1.676689 0.337351 14.908032 0.688992 0.963411 7.001764 4.396464 0.122680 27.100569 -5.676836 1.161691 -33.481731 -2.247085 -5.107883 -3.190341 11.674070 -11.111355 -18.458666 0.000077 -0.000022 0.000006 -0.031390 0.191002 0.045255 0.620459 -3.532454 -10.580092 -0.691447 3.915853 -10.692582 -8.901938 -28.844357 8.160439 -10.573258 -25.695211 7.299275 0.840572 -47.397202 0.016446 -2.253272 8.376033 -22.598207 -5.882102 9.861279 0.702590 -10.936861 -0.360574 7.156197 0.000000 8.774815 -0.000000 -15.953795 18.811430 6.594362 -1.844031 2.498503 -2.507276 -10.163590 4.678941 4.621104 -20.975996 -0.000001 0.000001 -21.226254 2.451698 -3.593995 0.000000 -0.000006 -0.000000 -1.362681 2.240797 -0.746323 -21.334892 0.584910 3.008319 -13.821196 -0.000001 0.000001 -23.887129 -0.249075 -0.839485 -61.263416 2.916620 -1.398583 -0.294025 1.679686 0.833255 -14.218195 0.093215 1.300579 -34.212002 -0.287561 0.967166 -20.033176 0.964536 1.212838 0.000000 -0.000000 0.000000 -3.440387 0.788233 0.501655 -15.928172 -3.167306 2.999703 -6.338817 -0.000000 0.000001 -18.123419 3.648181 -4.905662 -0.000004 0.000000 -0.000002 6.834963 36.073704 8.393474 16.862314 7.223631 -11.665809 -1.269642 65.087158 -0.733856 5.012859 -7.810097 -12.283964 2.243540 -5.255033 -3.180156 14.282877 -0.826594 6.952496 -0.000000 -12.690593 -0.000001 15.901678 -17.498764 2.544668 1.665665 -1.955920 -2.878297 4.727794 -4.170584 4.993919 11.020511 0.000001 -0.000000 12.109032 -3.735715 -2.866778 0.000000 -0.000000 0.000000 1.291985 -1.928548 -1.498088 14.800115 0.567467 3.865604 14.242553 -1.341738 -6.660648 19.631935 0.143921 -0.648243 49.823982 -0.880641 -6.802135 0.353029 -1.511150 -0.031940 20.222769 3.684305 2.316629 18.787249 0.000001 -0.000001 10.751608 -0.479870 1.397903 0.000000 -0.000000 0.000000 3.273804 0.305947 -0.580110 21.486790 11.830364 2.266131 8.162915 0.000000 -0.000000 18.399052 -3.798986 -4.940567 0.000003 0.000000 -0.000001 25.419241 26.942917 -94.686005 0.444593 0.211744 153.359161 -20.870068 -5.488819 -47.538242 1.566181 -1.858358 2.639743 0.000000 -0.000000 0.000002 -19.792341 -18.369991 -98.111595 0.338069 -0.127559 149.767258 12.434984 14.935892 -44.290585 -1.372129 0.721015 1.433039 0.000000 -0.000000 -0.000001
0.000000 0.000000 0.000000 0.000000 -0.000000 0.000000 -0.518265 -68.378789 -1.385417 -4.104117 -2.377510 4.813665 1.670732 0.332724 14.889406 0.693082 0.979698 6.978079 4.353641 0.165970 26.993879 -5.758064 1.147827 -33.668957 -2.263271 -5.032759 -3.189996 11.634929 -11.108641 -18.396755 0.000077 -0.000022 0.000006 -0.032379 0.201673 0.043980 0.621073 -3.521776 -10.587611 -0.694033 3.925798 -10.699658 -8.725474 -28.733438 8.000851 -10.550671 -25.839338 7.855600 0.894654 -47.724766 -0.012856 -2.201388 8.411221 -22.042305 -5.882102 9.861279 0.702590 -10.936861 -0.360574 7.156197 0.000000 8.774815 -0.000000 -15.942048 18.826239 6.611771 -1.844031 2.498503 -2.507276 -10.163590 4.678941 4.621104 -20.975996 -0.000001 0.000001 -21.226254 2.451698 -3.593995 0.000000 -0.000006 -0.000000 -1.362681 2.240797 -0.746323 -21.334892 0.584910 3.008319 -13.821196 -0.000001 0.000001 -23.887129 -0.249075 -0.839485 -61.276489 2.950319 -1.389561 -0.294025 1.679686 0.833255 -14.218195 0.093215 1.300579 -34.212002 -0.287561 0.967166 -20.033176 0.964536 1.212838 0.000000 -0.000000 0.000000 -3.440387 0.788233 0.501655 -15.928172 -3.167306 2.999703 -6.338817 -0.000000 0.000001 -18.123419 3.648181 -4.905662 -0.000004 0.000000 -0.000002 6.571547 36.114883 8.288209 16.893913 7.141077 -11.467813 -1.198428 64.989746 -0.642549 5.190612 -7.800298 -12.353872 2.243540 -5.255033 -3.180156 14.282877 -0.826594 6.952496 -0.000000 -12.690593 -0.000001 15.916344 -17.497833 2.566309 1.665665 -1.955920 -2.878297 4.727794 -4.170584 4.993919 11.020511 0.000001 -0.000000 12.109032 -3.735715 -2.866778 0.000000 -0.000000 0.000000 1.291985 -1.928548 -1.498088 14.800115 0.567467 3.865604 14.242553 -1.341738 -6.660648 19.631935 0.143921 -0.648243 49.855213 -0.889678 -6.812212 0.353029 -1.511150 -0.031940 20.222769 3.684305 2.316629 18.787249 0.000001 -0.000001 10.751608 -0.479870 1.397903 0.000000 -0.000000 0.000000 3.273804 0.305947 -0.580110 21.486790 11.830364 2.266131 8.162915 0.000000 -0.000000 18.399052 -3.798986 -4.940567 0.000003 0.000000 -0.000001 25.005072 26.796951 -94.964462 0.446241 0.207167 153.270187 -20.831186 -5.297687 -47.528858 1.567268 -1.879448 2.631399 0.000000 -0.000000 0.000002 -19.768139 -18.453865 -98.307068 0.344272 -0.121625 149.650848 12.480822 14.858431 -44.003864 -1.368769 0.707177 1.395504 0.000000 -0.000000 -0.000001
0.000000 0.000000 0.000000 0.000000 -0.000000 0.000000 -0.476342 -68.295867 -1.424443 -4.039779 -2.362659 4.914908 1.661076 0.325024 14.879183 0.692153 0.995218 6.963938 4.308191 0.213951 26.883854 -5.831252 1.122231 -33.864243 -2.268106 -4.920493 -3.191226 11.590518 -11.043329 -18.368708 0.000077 -0.000022 0.000006 -0.032565 0.213191 0.041738 0.622635 -3.510874 -10.593609 -0.695928 3.937418 -10.708638 -8.559797 -28.656134 7.817893 -10.519120 -25.916677 8.465028 1.046310 -48.108948 -0.100045 -2.218343 8.413958 -21.503275 -5.882102 9.861279 0.702590 -10.936861 -0.360574 7.156197 0.000000 8.774815 -0.000000 -15.900947 18.840050 6.648355 -1.844031 2.498503 -2.507276 -10.163590 4.678941 4.621104 -20.975996 -0.000001 0.000001 -21.226254 2.451698 -3.593995 0.000000 -0.000006 -0.000000 -1.362681 2.240797 -0.746323 -21.334892 0.584910 3.008319 -13.821196 -0.000001 0.000001 -23.887129 -0.249075 -0.839485 -61.271286 2.993474 -1.407647 -0.294025 1.679686 0.833255 -14.218195 0.093215 1.300579 -34.212002 -0.287561 0.967166 -20.033176 0.964536 1.212838 0.000000 -0.000000 0.000000 -3.440387 0.788233 0.501655 -15.928172 -3.167306 2.999703 -6.338817 -0.000000 0.000001 -18.123419 3.648181 -4.905662 -0.000004 0.000000 -0.000002 6.303748 36.163673 8.152716 16.948153 7.042341 -11.277296 -1.223117 64.871971 -0.619333 5.358267 -7.810138 -12.419305 2.243540 -5.255033 -3.180156 14.282877 -0.826594 6.952496 -0.000000 -12.690593 -0.000001 15.922193 -17.493101 2.585874 1.665665 -1.955920 -2.878297 4.727794 -4.170584 4.993919 11.020511 0.000001 -0.000000 12.109032 -3.735715 -2.866778 0.000000 -0.000000 0.000000 1.291985 -1.928548 -1.498088 14.800115 0.567467 3.865604 14.242553 -1.341738 -6.660648 19.631935 0.143921 -0.648243 49.864971 -0.902332 -6.824698 0.353029 -1.511150 -0.031940 20.222769 3.684305 2.316629 18.787249 0.000001 -0.000001 10.751608 -0.479870 1.397903 0.000000 -0.000000 0.000000 3.273804 0.305947 -0.580110 21.486790 11.830364 2.266131 8.162915 0.000000 -0.000000 18.399052 -3.798986 -4.940567 0.000003 0.000000 -0.000001 24.598879 26.643887 -95.191376 0.435426 0.208587 153.177322 -20.822697 -5.132090 -47.564651 1.568760 -1.897089 2.587115 0.000000 -0.000000 0.000002 -19.752810 -18.538944 -98.460861 0.352783 -0.109680 149.553680 12.524669 14.822406 -43.758255 -1.365216 0.685048 1.353641 0.000000 -0.000000 -0.000001
0.000000 0.000000 0.000000 0.000000 -0.000000 0.000000 -0.433198 -68.206566 -1.453342 -3.980638 -2.348039 5.009573 1.652974 0.313150 14.883720 0.692286 1.022007 6.960659 4.279682 0.275752 26.750904 -5.902432 1.083010 -34.057331 -2.259917 -4.783294 -3.197098 11.540437 -10.926282 -18.376558 0.000077 -0.000022 0.000006 -0.031495 0.214974 0.038168 0.627400 -3.512223 -10.609179 -0.698559 3.942537 -10.729455 -8.404310 -28.602417 7.647497 -10.530169 -25.976990 9.022246 1.252426 -48.486465 -0.222331 -2.241382 8.380896 -20.932692 -5.882102 9.861279 0.702590 -10.936861 -0.360574 7.156197 0.000000 8.774815 -0.000000 -15.852823 18.848911 6.684284 -1.844031 2.498503 -2.507276 -10.163590 4.678941 4.621104 -20.975996 -0.000001 0.000001 -21.226254 2.451698 -3.593995 0.000000 -0.000006 -0.000000 -1.362681 2.240797 -0.746323 -21.334892 0.584910 3.008319 -13.821196 -0.000001 0.000001 -23.887129 -0.249075 -0.839485 -61.233570 3.044240 -1.446398 -0.294025 1.679686 0.833255 -14.218195 0.093215 1.300579 -34.212002 -0.287561 0.967166 -20.033176 0.964536 1.212838 0.000000 -0.000000 0.000000 -3.440387 0.788233 0.501655 -15.928172 -3.167306 2.999703 -6.338817 -0.000000 0.000001 -18.123419 3.648181 -4.905662 -0.000004 0.000000 -0.000002 6.039172 36.249561 7.973383 17.033941 6.855422 -11.150659 -1.213285 64.759613 -0.580528 5.483540 -7.839531 -12.476744 2.243540 -5.255033 -3.180156 14.282877 -0.826594 6.952496 -0.000000 -12.690593 -0.000001 15.920707 -17.482977 2.603891 1.665665 -1.955920 -2.878297 4.727794 -4.170584 4.993919 11.020511 0.000001 -0.000000 12.109032 -3.735715 -2.866778 0.000000 -0.000000 0.000000 1.291985 -1.928548 -1.498088 14.800115 0.567467 3.865604 14.242553 -1.341738 -6.660648 19.631935 0.143921 -0.648243 49.867188 -0.912623 -6.838327 0.353029 -1.511150 -0.031940 20.222769 3.684305 2.316629 18.787249 0.000001 -0.000001 10.751608 -0.479870 1.397903 0.000000 -0.000000 0.000000 3.273804 0.305947 -0.580110 21.486790 11.830364 2.266131 8.162915 0.000000 -0.000000 18.399052 -3.798986 -4.940567 0.000003 0.000000 -0.000001 24.198788 26.470514 -95.360939 0.418982 0.215207 153.080353 -20.845551 -4.990406 -47.659340 1.571333 -1.908240 2.532481 0.000000 -0.000000 0.000002 -19.754959 -18.630707 -98.566963 0.357819 -0.096266 149.455780 12.546056 14.863338 -43.529400 -1.362426 0.660167 1.299812 0.000000 -0.000000 -0.000001
0.000000 0.000000 0.000000 0.000000 -0.000000 0.000000 -0.370921 -68.130152 -1.483418 -3.923618 -2.351413 5.097813 1.650106 0.303914 14.890951 0.692692 1.053341 6.969658 4.268063 0.361177 26.604774 -5.969197 1.057395 -34.265713 -2.230322 -4.663727 -3.192734 11.495629 -10.761175 -18.417341 0.000077 -0.000022 0.000006 -0.029920 0.201080 0.035820 0.632943 -3.531410 -10.632447 -0.700919 3.934277 -10.757870 -8.274557 -28.576838 7.505709 -10.575621 -26.022600 9.462038 1.454259 -48.848907 -0.335862 -2.222015 8.320935 -20.487051 -5.882102 9.861279 0.702590 -10.936861 -0.360574 7.156197 0.000000 8.774815 -0.000000 -15.813944 18.854704 6.702976 -1.844031 2.498503 -2.507276 -10.163590 4.678941 4.621104 -20.975996 -0.000001 0.000001 -21.226254 2.451698 -3.593995 0.000000 -0.000006 -0.000000 -1.362681 2.240797 -0.746323 -21.334892 0.584910 3.008319 -13.821196 -0.000001 0.000001 -23.887129 -0.249075 -0.839485 -61.167957 3.100552 -1.497341 -0.294025 1.679686 0.833255 -14.218195 0.093215 1.300579 -34.212002 -0.287561 0.967166 -20.033176 0.964536 1.212838 0.000000 -0.000000 0.000000 -3.440387 0.788233 0.501655 -15.928172 -3.167306 2.999703 -6.338817 -0.000000 0.000001 -18.123419 3.648181 -4.905662 -0.000004 0.000000 -0.000002 5.790676 36.399010 7.755548 17.098751 6.536695 -11.032827 -1.230512 64.649185 -0.584353 5.635201 -7.875872 -12.509626 2.243540 -5.255033 -3.180156 14.282877 -0.826594 6.952496 -0.000000 -12.690593 -0.000001 15.912574 -17.486519 2.626247 1.665665 -1.955920 -2.878297 4.727794 -4.170584 4.993919 11.020511 0.000001 -0.000000 12.109032 -3.735715 -2.866778 0.000000 -0.000000 0.000000 1.291985 -1.928548 -1.498088 14.800115 0.567467 3.865604 14.242553 -1.341738 -6.660648 19.631935 0.143921 -0.648243 49.886223 -0.928765 -6.859271 0.353029 -1.511150 -0.031940 20.222769 3.684305 2.316629 18.787249 0.000001 -0.000001 10.751608 -0.479870 1.397903 0.000000 -0.000000 0.000000 3.273804 0.305947 -0.580110 21.486790 11.830364 2.266131 8.162915 0.000000 -0.000000 18.399052 -3.798986 -4.940567 0.000003 0.000000 -0.000001 23.773962 26.286673 -95.538017 0.395058 0.227462 153.020950 -20.885408 -4.841075 -47.762600 1.575130 -1.920586 2.476365 0.000000 -0.000000 0.000002 -19.809639 -18.762684 -98.679565 0.358600 -0.083697 149.355820 12.534301 15.015312 -43.272079 -1.361960 0.636761 1.261049 0.000000 -0.000000 -0.000001
0.000000 0.000000 0.000000 0.000000 -0.000000 0.000000 -0.276106 -68.100524 -1.517829 -3.870974 -2.377553 5.171229 1.654158 0.300751 14.885620 0.701567 1.086997 6.997005 4.271983 0.460585 26.457079 -6.040045 1.051198 -34.503799 -2.164148 -4.575696 -3.176281 11.471307 -10.556020 -18.524729 0.000077 -0.000022 0.000006 -0.029406 0.176497 0.040746 0.635596 -3.562959 -10.656841 -0.702713 3.916687 -10.784366 -8.174447 -28.540735 7.398190 -10.654048 -26.105997 9.853542 1.660276 -49.165123 -0.439672 -2.186333 8.282378 -20.368334 -5.882102 9.861279 0.702590 -10.936861 -0.360574 7.156197 0.000000 8.774815 -0.000000 -15.816329 18.872383 6.708383 -1.844031 2.498503 -2.507276 -10.163590 4.678941 4.621104 -20.975996 -0.000001 0.000001 -21.226254 2.451698 -3.593995 0.000000 -0.000006 -0.000000 -1.362681 2.240797 -0.746323 -21.334892 0.584910 3.008319 -13.821196 -0.000001 0.000001 -23.887129 -0.249075 -0.839485 -61.140072 3.144785 -1.525231 -0.294025 1.679686 0.833255 -14.218195 0.093215 1.300579 -34.212002 -0.287561 0.967166 -20.033176 0.964536 1.212838 0.000000 -0.000000 0.000000 -3.440387 0.788233 0.501655 -15.928172 -3.167306 2.999703 -6.338817 -0.000000 0.000001 -18.123419 3.648181 -4.905662 -0.000004 0.000000 -0.000002 5.585478 36.616688 7.550325 17.071535 6.096053 -10.860449 -1.345379 64.532944 -0.706191 5.849124 -7.890344 -12.565208 2.243540 -5.255033 -3.180156 14.282877 -0.826594 6.952496 -0.000000 -12.690593 -0.000001 15.907465 -17.502199 2.652504 1.665665 -1.955920 -2.878297 4.727794 -4.170584 4.993919 11.020511 0.000001 -0.000000 12.109032 -3.735715 -2.866778 0.000000 -0.000000 0.000000 1.291985 -1.928548 -1.498088 14.800115 0.567467 3.865604 14.242553 -1.341738 -6.660648 19.631935 0.143921 -0.648243 49.919811 -0.943802 -6.885283 0.353029 -1.511150 -0.031940 20.222769 3.684305 2.316629 18.787249 0.000001 -0.000001 10.751608 -0.479870 1.397903 0.000000 -0.000000 0.000000 3.273804 0.305947 -0.580110 21.486790 11.830364 2.266131 8.162915 0.000000 -0.000000 18.399052 -3.798986 -4.940567 0.000003 0.000000 -0.000001 23.369297 26.084270 -95.741608 0.374927 0.242728 153.044403 -20.943739 -4.714665 -47.869415 1.578518 -1.937678 2.410843 0.000000 -0.000000 0.000002 -19.926657 -18.973455 -98.818825 0.362942 -0.071687 149.263931 12.441863 15.266807 -43.040981 -1.363418 0.620550 1.248854 0.000000 -0.000000 -0.000001
0.000000 0.000000 0.000000 0.000000 -0.000000 0.000000 -0.153272 -68.138497 -1.560147 -3.819271 -2.427913 5.232862 1.666480 0.289214 14.881360 0.720071 1.128963 7.027168 4.285068 0.551642 26.296385 -6.120936 1.036813 -34.748940 -2.071910 -4.488683 -3.161400 11.463326 -10.355845 -18.653963 0.000077 -0.000022 0.000006 -0.031208 0.150169 0.050848 0.634027 -3.594391 -10.675960 -0.705111 3.895486 -10.802337 -8.068443 -28.461857 7.311534 -10.819324 -26.284164 10.217857 1.811665 -49.353287 -0.498277 -2.185625 8.283308 -20.522789 -5.882102 9.861279 0.702590 -10.936861 -0.360574 7.156197 0.000000 8.774815 -0.000000 -15.849393 18.897367 6.721611 -1.844031 2.498503 -2.507276 -10.163590 4.678941 4.621104 -20.975996 -0.000001 0.000001 -21.226254 2.451698 -3.593995 0.000000 -0.000006 -0.000000 -1.362681 2.240797 -0.746323 -21.334892 0.584910 3.008319 -13.821196 -0.000001 0.000001 -23.887129 -0.249075 -0.839485 -61.185490 3.142747 -1.523629 -0.294025 1.679686 0.833255 -14.218195 0.093215 1.300579 -34.212002 -0.287561 0.967166 -20.033176 0.964536 1.212838 0.000000 -0.000000 0.000000 -3.440387 0.788233 0.501655 -15.928172 -3.167306 2.999703 -6.338817 -0.000000 0.000001 -18.123419 3.648181 -4.905662 -0.000004 0.000000 -0.000002 5.411050 36.840137 7.388373 16.923632 5.716205 -10.546252 -1.565326 64.291817 -0.974654 6.077221 -7.883607 -12.569258 2.243540 -5.255033 -3.180156 14.282877 -0.826594 6.952496 -0.000000 -12.690593 -0.000001 15.888279 -17.511520 2.700116 1.665665 -1.955920 -2.878297 4.727794 -4.170584 4.993919 11.020511 0.000001 -0.000000 12.109032 -3.735715 -2.866778 0.000000 -0.000000 0.000000 1.291985 -1.928548 -1.498088 14.800115 0.567467 3.865604 14.242553 -1.341738 -6.660648 19.631935 0.143921 -0.648243 49.944061 -0.963767 -6.875717 0.353029 -1.511150 -0.031940 20.222769 3.684305 2.316629 18.787249 0.000001 -0.000001 10.751608 -0.479870 1.397903 0.000000 -0.000000 0.000000 3.273804 0.305947 -0.580110 21.486790 11.830364 2.266131 8.162915 0.000000 -0.000000 18.399052 -3.798986 -4.940567 0.000003 0.000000 -0.000001 22.990858 25.847399 -95.993820 0.355085 0.253376 153.157288 -21.034933 -4.627393 -48.015289 1.576070 -1.956449 2.368729 0.000000 -0.000000 0.000002 -20.097458 -19.234541 -99.010727 0.376860 -0.056228 149.191940 12.272253 15.553613 -42.895142 -1.365897 0.621707 1.265622 0.000000 -0.000000 -0.000001
0.000000 0.000000 0.000000 0.000000 -0.000000 0.000000 -0.009195 -68.184924 -1.620565 -3.768782 -2.491227 5.313784 1.687253 0.266097 14.867107 0.747999 1.172410 7.049688 4.297108 0.624068 26.122890 -6.219640 1.006678 -35.003990 -1.981446 -4.386674 -3.150385 11.454057 -10.202044 -18.751154 0.000077 -0.000022 0.000006 -0.034180 0.138625 0.062954 0.631581 -3.606938 -10.680558 -0.709125 3.885200 -10.807365 -7.925792 -28.307209 7.227931 -11.049892 -26.602127 10.587238 1.817596 -49.406494 -0.448500 -2.243938 8.334338 -20.842270 -5.882102 9.861279 0.702590 -10.936861 -0.360574 7.156197 0.000000 8.774815 -0.000000 -15.882201 18.905457 6.748721 -1.844031 2.498503 -2.507276 -10.163590 4.678941 4.621104 -20.975996 -0.000001 0.000001 -21.226254 2.451698 -3.593995 0.000000 -0.000006 -0.000000 -1.362681 2.240797 -0.746323 -21.334892 0.584910 3.008319 -13.821196 -0.000001 0.000001 -23.887129 -0.249075 -0.839485 -61.270950 3.113045 -1.506319 -0.294025 1.679686 0.833255 -14.218195 0.093215 1.300579 -34.212002 -0.287561 0.967166 -20.033176 0.964536 1.212838 0.000000 -0.000000 0.000000 -3.440387 0.788233 0.501655 -15.928172 -3.167306 2.999703 -6.338817 -0.000000 0.000001 -18.123419 3.648181 -4.905662 -0.000004 0.000000 -0.000002 5.247566 37.020958 7.299288 16.657429 5.530332 -10.193866 -1.712083 63.901611 -1.198051 6.252899 -7.831825 -12.409055 2.243540 -5.255033 -3.180156 14.282877 -0.826594 6.952496 -0.000000 -12.690593 -0.000001 15.846109 -17.498037 2.763048 1.665665 -1.955920 -2.878297 4.727794 -4.170584 4.993919 11.020511 0.000001 -0.000000 12.109032 -3.735715 -2.866778 0.000000 -0.000000 0.000000 1.291985 -1.928548 -1.498088 14.800115 0.567467 3.865604 14.242553 -1.341738 -6.660648 19.631935 0.143921 -0.648243 49.950806 -0.988676 -6.834437 0.353029 -1.511150 -0.031940 20.222769 3.684305 2.316629 18.787249 0.000001 -0.000001 10.751608 -0.479870 1.397903 0.000000 -0.000000 0.000000 3.273804 0.305947 -0.580110 21.486790 11.830364 2.266131 8.162915 0.000000 -0.000000 18.399052 -3.798986 -4.940567 0.000003 0.000000 -0.000001 22.538471 25.563139 -96.317543 0.337623 0.248699 153.279190 -21.124180 -4.485431 -48.202652 1.567301 -1.970443 2.339335 0.000000 -0.000000 0.000002 -20.215502 -19.502058 -99.255928 0.415576 -0.044018 149.080307 12.103465 15.808379 -42.815327 -1.367341 0.629977 1.276728 0.000000 -0.000000 -0.000001
0.000000 0.000000 0.000000 0.000000 -0.000000 0.000000 0.141741 -68.191243 -1.714226 -3.730907 -2.564451 5.440725 1.716366 0.230830 14.837203 0.784795 1.205453 7.048524 4.305998 0.658675 25.949965 -6.316342 0.955928 -35.241875 -1.925548 -4.250825 -3.149359 11.396705 -10.081354 -18.749014 0.000077 -0.000022 0.000006 -0.038105 0.138568 0.071509 0.628654 -3.603762 -10.668174 -0.714601 3.882452 -10.796747 -7.667243 -28.076834 7.091780 -11.359589 -27.054153 11.060416 1.668197 -49.329628 -0.304699 -2.385100 8.435095 -21.162533 -5.882102 9.861279 0.702590 -10.936861 -0.360574 7.156197 0.000000 8.774815 -0.000000 -15.898155 18.872711 6.774641 -1.844031 2.498503 -2.507276 -10.163590 4.678941 4.621104 -20.975996 -0.000001 0.000001 -21.226254 2.451698 -3.593995 0.000000 -0.000006 -0.000000 -1.362681 2.240797 -0.746323 -21.334892 0.584910 3.008319 -13.821196 -0.000001 0.000001 -23.887129 -0.249075 -0.839485 -61.337162 3.063068 -1.493083 -0.294025 1.679686 0.833255 -14.218195 0.093215 1.300579 -34.212002 -0.287561 0.967166 -20.033176 0.964536 1.212838 0.000000 -0.000000 0.000000 -3.440387 0.788233 0.501655 -15.928172 -3.167306 2.999703 -6.338817 -0.000000 0.000001 -18.123419 3.648181 -4.905662 -0.000004 0.000000 -0.000002 5.048186 37.132050 7.237629 16.348820 5.641591 -9.927106 -1.698659 63.371323 -1.249179 6.333602 -7.735817 -12.116029 2.243540 -5.255033 -3.180156 14.282877 -0.826594 6.952496 -0.000000 -12.690593 -0.000001 15.815840 -17.471577 2.824523 1.665665 -1.955920 -2.878297 4.727794 -4.170584 4.993919 11.020511 0.000001 -0.000000 12.109032 -3.735715 -2.866778 0.000000 -0.000000 0.000000 1.291985 -1.928548 -1.498088 14.800115 0.567467 3.865604 14.242553 -1.341738 -6.660648 19.631935 0.143921 -0.648243 49.978214 -1.015586 -6.767288 0.353029 -1.511150 -0.031940 20.222769 3.684305 2.316629 18.787249 0.000001 -0.000001 10.751608 -0.479870 1.397903 0.000000 -0.000000 0.000000 3.273804 0.305947 -0.580110 21.486790 11.830364 2.266131 8.162915 0.000000 -0.000000 18.399052 -3.798986 -4.940567 0.000003 0.000000 -0.000001 21.968964 25.226444 -96.722023 0.327216 0.231887 153.319885 -21.227842 -4.201241 -48.464634 1.556664 -1.983185 2.341298 0.000000 -0.000000 0.000002 -20.180265 -19.717854 -99.561874 0.474056 -0.041688 148.870071 11.985247 15.929463 -42.811333 -1.364716 0.640292 1.281862 0.000000 -0.000000 -0.000001
0.000000 0.000000 0.000000 0.000000 -0.000000 0.000000 0.286253 -68.087542 -1.839672 -3.712197 -2.655721 5.653180 1.748186 0.190526 14.768108 0.819584 1.219157 7.017122 4.320628 0.648593 25.786224 -6.439805 0.909938 -35.466293 -1.929120 -4.133256 -3.157695 11.281658 -10.012627 -18.627172 0.000077 -0.000022 0.000006 -0.041424 0.147562 0.071894 0.626851 -3.590121 -10.657057 -0.719913 3.887441 -10.787414 -7.287735 -27.835318 6.900390 -11.668301 -27.546324 11.805338 1.449246 -49.157948 -0.135383 -2.583973 8.576717 -21.267246 -5.882102 9.861279 0.702590 -10.936861 -0.360574 7.156197 0.000000 8.774815 -0.000000 -15.922169 18.814636 6.784801 -1.844031 2.498503 -2.507276 -10.163590 4.678941 4.621104 -20.975996 -0.000001 0.000001 -21.226254 2.451698 -3.593995 0.000000 -0.000006 -0.000000 -1.362681 2.240797 -0.746323 -21.334892 0.584910 3.008319 -13.821196 -0.000001 0.000001 -23.887129 -0.249075 -0.839485 -61.364006 3.029384 -1.450113 -0.294025 1.679686 0.833255 -14.218195 0.093215 1.300579 -34.212002 -0.287561 0.967166 -20.033176 0.964536 1.212838 0.000000 -0.000000 0.000000 -3.440387 0.788233 0.501655 -15.928172 -3.167306 2.999703 -6.338817 -0.000000 0.000001 -18.123419 3.648181 -4.905662 -0.000004 0.000000 -0.000002 4.807281 37.213612 7.176986 16.059580 6.028121 -9.888807 -1.465366 62.748806 -1.049621 6.320776 -7.620113 -11.736044 2.243540 -5.255033 -3.180156 14.282877 -0.826594 6.952496 -0.000000 -12.690593 -0.000001 15.811287 -17.450466 2.844965 1.665665 -1.955920 -2.878297 4.727794 -4.170584 4.993919 11.020511 0.000001 -0.000000 12.109032 -3.735715 -2.866778 0.000000 -0.000000 0.000000 1.291985 -1.928548 -1.498088 14.800115 0.567467 3.865604 14.242553 -1.341738 -6.660648 19.631935 0.143921 -0.648243 49.979649 -1.030086 -6.743515 0.353029 -1.511150 -0.031940 20.222769 3.684305 2.316629 18.787249 0.000001 -0.000001 10.751608 -0.479870 1.397903 0.000000 -0.000000 0.000000 3.273804 0.305947 -0.580110 21.486790 11.830364 2.266131 8.162915 0.000000 -0.000000 18.399052 -3.798986 -4.940567 0.000003 0.000000 -0.000001 21.267715 24.818449 -97.164688 0.326727 0.206022 153.190994 -21.337452 -3.677466 -48.790131 1.548836 -2.003465 2.360131 0.000000 -0.000000 0.000002 -19.922823 -19.819580 -99.899200 0.529922 -0.047899 148.496521 11.911794 15.871833 -42.892899 -1.358851 0.648397 1.261493 0.000000 -0.000000 -0.000001
0.000000 0.000000 0.000000 0.000000 -0.000000 0.000000 0.416217 -67.800416 -1.975362 -3.723709 -2.732994 6.000954 1.777632 0.151219 14.656985 0.837496 1.205205 6.949142 4.380244 0.582598 25.593420 -6.571814 0.864938 -35.674347 -2.004355 -4.043891 -3.165072 11.126794 -10.006860 -18.401058 0.000077 -0.000022 0.000006 -0.043376 0.156035 0.064875 0.626957 -3.577292 -10.652816 -0.724352 3.891986 -10.782874 -6.719632 -27.619507 6.629400 -11.950711 -28.056307 12.992621 1.332598 -48.963921 -0.073037 -2.886872 8.741822 -20.818182 -5.882102 9.861279 0.702590 -10.936861 -0.360574 7.156197 0.000000 8.774815 -0.000000 -15.960511 18.731131 6.777883 -1.844031 2.498503 -2.507276 -10.163590 4.678941 4.621104 -20.975996 -0.000001 0.000001 -21.226254 2.451698 -3.593995 0.000000 -0.000006 -0.000000 -1.362681 2.240797 -0.746323 -21.334892 0.584910 3.008319 -13.821196 -0.000001 0.000001 -23.887129 -0.249075 -0.839485 -61.330051 3.018711 -1.374944 -0.294025 1.679686 0.833255 -14.218195 0.093215 1.300579 -34.212002 -0.287561 0.967166 -20.033176 0.964536 1.212838 0.000000 -0.000000 0.000000 -3.440387 0.788233 0.501655 -15.928172 -3.167306 2.999703 -6.338817 -0.000000 0.000001 -18.123419 3.648181 -4.905662 -0.000004 0.000000 -0.000002 4.465267 37.242958 7.047283 15.826638 6.687536 -10.078187 -1.080431 62.081524 -0.694562 6.202636 -7.495305 -11.453067 2.243540 -5.255033 -3.180156 14.282877 -0.826594 6.952496 -0.000000 -12.690593 -0.000001 15.834479 -17.449602 2.823090 1.665665 -1.955920 -2.878297 4.727794 -4.170584 4.993919 11.020511 0.000001 -0.000000 12.109032 -3.735715 -2.866778 0.000000 -0.000000 0.000000 1.291985 -1.928548 -1.498088 14.800115 0.567467 3.865604 14.242553 -1.341738 -6.660648 19.631935 0.143921 -0.648243 49.950500 -1.038199 -6.774005 0.353029 -1.511150 -0.031940 20.222769 3.684305 2.316629 18.787249 0.000001 -0.000001 10.751608 -0.479870 1.397903 0.000000 -0.000000 0.000000 3.273804 0.305947 -0.580110 21.486790 11.830364 2.266131 8.162915 0.000000 -0.000000 18.399052 -3.798986 -4.940567 0.000003 0.000000 -0.000001 20.441813 24.301018 -97.600479 0.341707 0.171265 152.819290 -21.447706 -2.898793 -49.142071 1.544420 -2.027416 2.416242 0.000000 -0.000000 0.000002 -19.395140 -19.827917 -100.190117 0.567982 -0.059063 147.914719 11.859512 15.595263 -43.038765 -1.351662 0.654890 1.257241 0.000000 -0.000000 -0.000001
0.000000 0.000000 0.000000 0.000000 -0.000000 0.000000 0.541990 -67.265557 -2.130211 -3.763604 -2.774588 6.538534 1.806486 0.119343 14.514412 0.836929 1.154086 6.844830 4.471563 0.468013 25.311186 -6.697765 0.832396 -35.896717 -2.141423 -4.007370 -3.173042 10.916447 -10.030556 -18.081839 0.000077 -0.000022 0.000006 -0.044175 0.158074 0.053399 0.631349 -3.571451 -10.653487 -0.730591 3.890044 -10.783313 -5.886772 -27.466204 6.250188 -12.211543 -28.586208 14.701747 1.432428 -48.789604 -0.189397 -3.338593 8.884822 -19.659172 -5.882102 9.861279 0.702590 -10.936861 -0.360574 7.156197 0.000000 8.774815 -0.000000 -16.012527 18.606421 6.747558 -1.844031 2.498503 -2.507276 -10.163590 4.678941 4.621104 -20.975996 -0.000001 0.000001 -21.226254 2.451698 -3.593995 0.000000 -0.000006 -0.000000 -1.362681 2.240797 -0.746323 -21.334892 0.584910 3.008319 -13.821196 -0.000001 0.000001 -23.887129 -0.249075 -0.839485 -61.224579 3.009962 -1.286549 -0.294025 1.679686 0.833255 -14.218195 0.093215 1.300579 -34.212002 -0.287561 0.967166 -20.033176 0.964536 1.212838 0.000000 -0.000000 0.000000 -3.440387 0.788233 0.501655 -15.928172 -3.167306 2.999703 -6.338817 -0.000000 0.000001 -18.123419 3.648181 -4.905662 -0.000004 0.000000 -0.000002 3.975690 37.188282 6.767646 15.640656 7.632908 -10.352625 -0.710965 61.355598 -0.347761 5.978633 -7.239382 -11.453801 2.243540 -5.255033 -3.180156 14.282877 -0.826594 6.952496 -0.000000 -12.690593 -0.000001 15.876619 -17.475370 2.777461 1.665665 -1.955920 -2.878297 4.727794 -4.170584 4.993919 11.020511 0.000001 -0.000000 12.109032 -3.735715 -2.866778 0.000000 -0.000000 0.000000 1.291985 -1.928548 -1.498088 14.800115 0.567467 3.865604 14.242553 -1.341738 -6.660648 19.631935 0.143921 -0.648243 49.929733 -1.051856 -6.836685 0.353029 -1.511150 -0.031940 20.222769 3.684305 2.316629 18.787249 0.000001 -0.000001 10.751608 -0.479870 1.397903 0.000000 -0.000000 0.000000 3.273804 0.305947 -0.580110 21.486790 11.830364 2.266131 8.162915 0.000000 -0.000000 18.399052 -3.798986 -4.940567 0.000003 0.000000 -0.000001 19.403549 23.650761 -98.091003 0.375396 0.135580 152.125549 -21.568949 -1.819395 -49.473103 1.543796 -2.048923 2.502507 0.000000 -0.000000 0.000002 -18.584963 -19.730196 -100.448608 0.582990 -0.067893 147.055527 11.901340 15.071190 -43.136906 -1.343013 0.658904 1.305689 0.000000 -0.000000 -0.000001
0.000000 0.000000 0.000000 0.000000 -0.000000 0.000000 0.665393 -66.416871 -2.324498 -3.836045 -2.750467 7.298836 1.842451 0.080307 14.337204 0.828541 1.058879 6.701613 4.569624 0.316681 24.886322 -6.806328 0.800925 -36.136303 -2.318746 -4.049993 -3.193793 10.649419 -10.054642 -17.671434 0.000077 -0.000022 0.000006 -0.043710 0.158095 0.038975 0.639946 -3.568256 -10.657142 -0.738275 3.886261 -10.785041 -4.797838 -27.392641 5.770563 -12.576893 -29.144857 16.700861 1.661580 -48.612320 -0.424599 -3.806348 8.969892 -17.764040 -5.882102 9.861279 0.702590 -10.936861 -0.360574 7.156197 0.000000 8.774815 -0.000000 -16.086496 18.461246 6.673094 -1.844031 2.498503 -2.507276 -10.163590 4.678941 4.621104 -20.975996 -0.000001 0.000001 -21.226254 2.451698 -3.593995 0.000000 -0.000006 -0.000000 -1.362681 2.240797 -0.746323 -21.334892 0.584910 3.008319 -13.821196 -0.000001 0.000001 -23.887129 -0.249075 -0.839485 -61.075142 2.981955 -1.197048 -0.294025 1.679686 0.833255 -14.218195 0.093215 1.300579 -34.212002 -0.287561 0.967166 -20.033176 0.964536 1.212838 0.000000 -0.000000 0.000000 -3.440387 0.788233 0.501655 -15.928172 -3.167306 2.999703 -6.338817 -0.000000 0.000001 -18.123419 3.648181 -4.905662 -0.000004 0.000000 -0.000002 3.324295 36.982410 6.344499 15.550244 8.922076 -10.651845 -0.410842 60.549927 -0.075825 5.625983 -6.811918 -11.711683 2.243540 -5.255033 -3.180156 14.282877 -0.826594 6.952496 -0.000000 -12.690593 -0.000001 15.919583 -17.517061 2.729530 1.665665 -1.955920 -2.878297 4.727794 -4.170584 4.993919 11.020511 0.000001 -0.000000 12.109032 -3.735715 -2.866778 0.000000 -0.000000 0.000000 1.291985 -1.928548 -1.498088 14.800115 0.567467 3.865604 14.242553 -1.341738 -6.660648 19.631935 0.143921 -0.648243 49.917133 -1.068056 -6.894903 0.353029 -1.511150 -0.031940 20.222769 3.684305 2.316629 18.787249 0.000001 -0.000001 10.751608 -0.479870 1.397903 0.000000 -0.000000 0.000000 3.273804 0.305947 -0.580110 21.486790 11.830364 2.266131 8.162915 0.000000 -0.000000 18.399052 -3.798986 -4.940567 0.000003 0.000000 -0.000001 18.107206 22.830299 -98.693161 0.418083 0.103821 151.019623 -21.724113 -0.401259 -49.684875 1.545804 -2.068923 2.619289 0.000000 -0.000000 0.000002 -17.460310 -19.501856 -100.673302 0.574039 -0.064987 145.838562 12.038655 14.249203 -43.113438 -1.334435 0.656978 1.404307 0.000000 -0.000000 -0.000001
0.000000 0.000000 0.000000 0.000000 -0.000000 0.000000 0.793396 -65.240441 -2.565711 -3.933812 -2.655859 8.307961 1.889462 0.025772 14.110639 0.814100 0.930781 6.526207 4.657851 0.133962 24.303791 -6.927907 0.780093 -36.419888 -2.525972 -4.175604 -3.218395 10.364994 -10.074505 -17.248924 0.000077 -0.000022 0.000006 -0.041844 0.151370 0.027232 0.650063 -3.572534 -10.660248 -0.744561 3.876482 -10.783224 -3.576599 -27.367380 5.205130 -13.139359 -29.758953 18.658850 1.901846 -48.382153 -0.681822 -4.161967 9.022301 -15.367502 -5.882102 9.861279 0.702590 -10.936861 -0.360574 7.156197 0.000000 8.774815 -0.000000 -16.168804 18.321671 6.575103 -1.844031 2.498503 -2.507276 -10.163590 4.678941 4.621104 -20.975996 -0.000001 0.000001 -21.226254 2.451698 -3.593995 0.000000 -0.000006 -0.000000 -1.362681 2.240797 -0.746323 -21.334892 0.584910 3.008319 -13.821196 -0.000001 0.000001 -23.887129 -0.249075 -0.839485 -60.925690 2.935040 -1.124248 -0.294025 1.679686 0.833255 -14.218195 0.093215 1.300579 -34.212002 -0.287561 0.967166 -20.033176 0.964536 1.212838 0.000000 -0.000000 0.000000 -3.440387 0.788233 0.501655 -15.928172 -3.167306 2.999703 -6.338817 -0.000000 0.000001 -18.123419 3.648181 -4.905662 -0.000004 0.000000 -0.000002 2.542065 36.596855 5.829360 15.585269 10.569604 -10.974496 -0.230786 59.573784 0.027366 5.121990 -6.217706 -12.068884 2.243540 -5.255033 -3.180156 14.282877 -0.826594 6.952496 -0.000000 -12.690593 -0.000001 15.974930 -17.562637 2.686635 1.665665 -1.955920 -2.878297 4.727794 -4.170584 4.993919 11.020511 0.000001 -0.000000 12.109032 -3.735715 -2.866778 0.000000 -0.000000 0.000000 1.291985 -1.928548 -1.498088 14.800115 0.567467 3.865604 14.242553 -1.341738 -6.660648 19.631935 0.143921 -0.648243 49.931908 -1.073392 -6.926394 0.353029 -1.511150 -0.031940 20.222769 3.684305 2.316629 18.787249 0.000001 -0.000001 10.751608 -0.479870 1.397903 0.000000 -0.000000 0.000000 3.273804 0.305947 -0.580110 21.486790 11.830364 2.266131 8.162915 0.000000 -0.000000 18.399052 -3.798986 -4.940567 0.000003 0.000000 -0.000001 16.562523 21.850246 -99.438438 0.451545 0.073697 149.479675 -21.888521 1.378918 -49.701885 1.546735 -2.086684 2.721123 0.000000 -0.000000 0.000002 -16.048618 -19.130905 -100.898499 0.563010 -0.044438 144.225754 12.250082 13.086095 -42.938728 -1.328526 0.654227 1.515519 0.000000 -0.000000 -0.000001
0.000000 0.000000 0.000000 0.000000 -0.000000 0.000000 0.919037 -63.720311 -2.857660 -4.032091 -2.519629 9.549656 1.942230 -0.041009 13.815856 0.792266 0.791052 6.321234 4.718289 -0.096553 23.590113 -7.072638 0.739908 -36.765163 -2.732275 -4.371272 -3.240146 10.041398 -10.046117 -16.847282 0.000077 -0.000022 0.000006 -0.037924 0.136190 0.017437 0.662982 -3.585886 -10.665145 -0.749525 3.859018 -10.782112 -2.350935 -27.302073 4.571958 -13.950778 -30.479095 20.334429 2.110880 -48.048985 -0.933439 -4.315379 9.047993 -12.720469 -5.882102 9.861279 0.702590 -10.936861 -0.360574 7.156197 0.000000 8.774815 -0.000000 -16.259562 18.210278 6.446066 -1.844031 2.498503 -2.507276 -10.163590 4.678941 4.621104 -20.975996 -0.000001 0.000001 -21.226254 2.451698 -3.593995 0.000000 -0.000006 -0.000000 -1.362681 2.240797 -0.746323 -21.334892 0.584910 3.008319 -13.821196 -0.000001 0.000001 -23.887129 -0.249075 -0.839485 -60.770046 2.863655 -1.084403 -0.294025 1.679686 0.833255 -14.218195 0.093215 1.300579 -34.212002 -0.287561 0.967166 -20.033176 0.964536 1.212838 0.000000 -0.000000 0.000000 -3.440387 0.788233 0.501655 -15.928172 -3.167306 2.999703 -6.338817 -0.000000 0.000001 -18.123419 3.648181 -4.905662 -0.000004 0.000000 -0.000002 1.660957 36.037865 5.256180 15.847446 12.548718 -11.304958 -0.210296 58.337158 -0.061535 4.405328 -5.543274 -12.296000 2.243540 -5.255033 -3.180156 14.282877 -0.826594 6.952496 -0.000000 -12.690593 -0.000001 16.040483 -17.611883 2.654065 1.665665 -1.955920 -2.878297 4.727794 -4.170584 4.993919 11.020511 0.000001 -0.000000 12.109032 -3.735715 -2.866778 0.000000 -0.000000 0.000000 1.291985 -1.928548 -1.498088 14.800115 0.567467 3.865604 14.242553 -1.341738 -6.660648 19.631935 0.143921 -0.648243 49.946148 -1.071009 -6.925275 0.353029 -1.511150 -0.031940 20.222769 3.684305 2.316629 18.787249 0.000001 -0.000001 10.751608 -0.479870 1.397903 0.000000 -0.000000 0.000000 3.273804 0.305947 -0.580110 21.486790 11.830364 2.266131 8.162915 0.000000 -0.000000 18.399052 -3.798986 -4.940567 0.000003 0.000000 -0.000001 14.874800 20.711119 -100.197510 0.461403 0.051060 147.462845 -22.069866 3.450818 -49.523651 1.548919 -2.106241 2.736773 0.000000 -0.000000 0.000002 -14.438993 -18.596039 -101.082802 0.544384 -0.009906 142.168045 12.501810 11.621284 -42.648491 -1.326419 0.645866 1.583336 0.000000 -0.000000 -0.000001
0.000000 0.000000 0.000000 0.000000 -0.000000 0.000000 1.044775 -61.886834 -3.196052 -4.119837 -2.372978 10.993455 2.001307 -0.126827 13.438490 0.773405 0.645544 6.077916 4.756319 -0.358221 22.756599 -7.290287 0.673692 -37.129246 -2.912840 -4.602586 -3.262718 9.655023 -9.981926 -16.506786 0.000077 -0.000022 0.000006 -0.031989 0.115525 0.007133 0.677988 -3.605136 -10.675192 -0.752563 3.836351 -10.787633 -1.239007 -27.127235 3.938053 -15.057233 -31.325508 21.645668 2.317840 -47.549580 -1.191147 -4.151585 9.087622 -10.014917 -5.882102 9.861279 0.702590 -10.936861 -0.360574 7.156197 0.000000 8.774815 -0.000000 -16.372623 18.142891 6.283188 -1.844031 2.498503 -2.507276 -10.163590 4.678941 4.621104 -20.975996 -0.000001 0.000001 -21.226254 2.451698 -3.593995 0.000000 -0.000006 -0.000000 -1.362681 2.240797 -0.746323 -21.334892 0.584910 3.008319 -13.821196 -0.000001 0.000001 -23.887129 -0.249075 -0.839485 -60.634239 2.782057 -1.097343 -0.294025 1.679686 0.833255 -14.218195 0.093215 1.300579 -34.212002 -0.287561 0.967166 -20.033176 0.964536 1.212838 0.000000 -0.000000 0.000000 -3.440387 0.788233 0.501655 -15.928172 -3.167306 2.999703 -6.338817 -0.000000 0.000001 -18.123419 3.648181 -4.905662 -0.000004 0.000000 -0.000002 0.773155 35.379448 4.715176 16.416590 14.718846 -11.697123 -0.211009 56.863331 -0.196112 3.476249 -4.931812 -12.258620 2.243540 -5.255033 -3.180156 14.282877 -0.826594 6.952496 -0.000000 -12.690593 -0.000001 16.123894 -17.659315 2.633264 1.665665 -1.955920 -2.878297 4.727794 -4.170584 4.993919 11.020511 0.000001 -0.000000 12.109032 -3.735715 -2.866778 0.000000 -0.000000 0.000000 1.291985 -1.928548 -1.498088 14.800115 0.567467 3.865604 14.242553 -1.341738 -6.660648 19.631935 0.143921 -0.648243 49.950893 -1.067539 -6.896787 0.353029 -1.511150 -0.031940 20.222769 3.684305 2.316629 18.787249 0.000001 -0.000001 10.751608 -0.479870 1.397903 0.000000 -0.000000 0.000000 3.273804 0.305947 -0.580110 21.486790 11.830364 2.266131 8.162915 0.000000 -0.000000 18.399052 -3.798986 -4.940567 0.000003 0.000000 -0.000001 13.174309 19.457167 -100.858871 0.439762 0.042120 144.980515 -22.264503 5.665930 -49.206821 1.555230 -2.126681 2.677283 0.000000 -0.000000 0.000002 -12.731350 -17.934683 -101.211937 0.529715 0.030773 139.666428 12.797437 10.023860 -42.246483 -1.326633 0.637581 1.593898 0.000000 -0.000000 -0.000001
0.000000 0.000000 0.000000 0.000000 -0.000000 0.000000 1.173016 -59.798031 -3.560473 -4.164268 -2.261918 12.564231 2.045999 -0.217719 12.980519 0.762116 0.496069 5.793108 4.763251 -0.623516 21.847448 -7.608243 0.563573 -37.492306 -3.047713 -4.837549 -3.275778 9.211736 -9.904528 -16.242313 0.000077 -0.000022 0.000006 -0.024687 0.100228 -0.001662 0.692254 -3.619823 -10.690016 -0.752282 3.819862 -10.798498 -0.315419 -26.819326 3.327243 -16.452198 -32.243927 22.515350 2.420058 -46.878506 -1.372386 -3.593115 9.105086 -7.392634 -5.882102 9.861279 0.702590 -10.936861 -0.360574 7.156197 0.000000 8.774815 -0.000000 -16.503992 18.094561 6.108095 -1.844031 2.498503 -2.507276 -10.163590 4.678941 4.621104 -20.975996 -0.000001 0.000001 -21.226254 2.451698 -3.593995 0.000000 -0.000006 -0.000000 -1.362681 2.240797 -0.746323 -21.334892 0.584910 3.008319 -13.821196 -0.000001 0.000001 -23.887129 -0.249075 -0.839485 -60.524799 2.706815 -1.120450 -0.294025 1.679686 0.833255 -14.218195 0.093215 1.300579 -34.212002 -0.287561 0.967166 -20.033176 0.964536 1.212838 0.000000 -0.000000 0.000000 -3.440387 0.788233 0.501655 -15.928172 -3.167306 2.999703 -6.338817 -0.000000 0.000001 -18.123419 3.648181 -4.905662 -0.000004 0.000000 -0.000002 -0.007169 34.642029 4.275155 17.382389 16.996721 -12.147059 -0.209511 55.195091 -0.320841 2.351540 -4.510523 -11.894923 2.243540 -5.255033 -3.180156 14.282877 -0.826594 6.952496 -0.000000 -12.690593 -0.000001 16.215574 -17.713127 2.620309 1.665665 -1.955920 -2.878297 4.727794 -4.170584 4.993919 11.020511 0.000001 -0.000000 12.109032 -3.735715 -2.866778 0.000000 -0.000000 0.000000 1.291985 -1.928548 -1.498088 14.800115 0.567467 3.865604 14.242553 -1.341738 -6.660648 19.631935 0.143921 -0.648243 49.952099 -1.062664 -6.860620 0.353029 -1.511150 -0.031940 20.222769 3.684305 2.316629 18.787249 0.000001 -0.000001 10.751608 -0.479870 1.397903 0.000000 -0.000000 0.000000 3.273804 0.305947 -0.580110 21.486790 11.830364 2.266131 8.162915 0.000000 -0.000000 18.399052 -3.798986 -4.940567 0.000003 0.000000 -0.000001 11.540626 18.167700 -101.282631 0.385159 0.040101 142.090027 -22.444775 7.891246 -48.832077 1.566473 -2.160522 2.597035 0.000000 -0.000000 0.000002 -11.066466 -17.207424 -101.234734 0.526833 0.075922 136.768509 13.094671 8.452072 -41.760109 -1.328907 0.631084 1.582290 0.000000 -0.000000 -0.000001
0.000000 0.000000 0.000000 0.000000 -0.000000 0.000000 1.310019 -57.501957 -3.928819 -4.179863 -2.205866 14.127559 2.069849 -0.302002 12.467153 0.755834 0.354247 5.485783 4.750272 -0.879379 20.944315 -8.009451 0.415521 -37.849213 -3.116534 -5.034611 -3.290553 8.735966 -9.787174 -16.079632 0.000077 -0.000022 0.000006 -0.017465 0.090647 -0.008213 0.705759 -3.629853 -10.708609 -0.751578 3.810085 -10.811175 0.358572 -26.403872 2.814743 -17.986498 -33.138420 23.016558 2.501710 -46.086758 -1.489468 -2.754518 9.062232 -5.029199 -5.882102 9.861279 0.702590 -10.936861 -0.360574 7.156197 0.000000 8.774815 -0.000000 -16.622252 18.039108 5.963820 -1.844031 2.498503 -2.507276 -10.163590 4.678941 4.621104 -20.975996 -0.000001 0.000001 -21.226254 2.451698 -3.593995 0.000000 -0.000006 -0.000000 -1.362681 2.240797 -0.746323 -21.334892 0.584910 3.008319 -13.821196 -0.000001 0.000001 -23.887129 -0.249075 -0.839485 -60.446247 2.638738 -1.115490 -0.294025 1.679686 0.833255 -14.218195 0.093215 1.300579 -34.212002 -0.287561 0.967166 -20.033176 0.964536 1.212838 0.000000 -0.000000 0.000000 -3.440387 0.788233 0.501655 -15.928172 -3.167306 2.999703 -6.338817 -0.000000 0.000001 -18.123419 3.648181 -4.905662 -0.000004 0.000000 -0.000002 -0.522575 33.856785 4.032337 18.770840 19.218201 -12.638251 -0.262693 53.516399 -0.458856 1.090824 -4.316524 -11.416004 2.243540 -5.255033 -3.180156 14.282877 -0.826594 6.952496 -0.000000 -12.690593 -0.000001 16.293661 -17.752983 2.604022 1.665665 -1.955920 -2.878297 4.727794 -4.170584 4.993919 11.020511 0.000001 -0.000000 12.109032 -3.735715 -2.866778 0.000000 -0.000000 0.000000 1.291985 -1.928548 -1.498088 14.800115 0.567467 3.865604 14.242553 -1.341738 -6.660648 19.631935 0.143921 -0.648243 49.947960 -1.048518 -6.829253 0.353029 -1.511150 -0.031940 20.222769 3.684305 2.316629 18.787249 0.000001 -0.000001 10.751608 -0.479870 1.397903 0.000000 -0.000000 0.000000 3.273804 0.305947 -0.580110 21.486790 11.830364 2.266131 8.162915 0.000000 -0.000000 18.399052 -3.798986 -4.940567 0.000003 0.000000 -0.000001 10.083220 16.908180 -101.313889 0.312110 0.033253 138.858322 -22.570354 9.999943 -48.422356 1.577559 -2.194711 2.540916 0.000000 -0.000000 0.000002 -9.534871 -16.448826 -101.027054 0.539952 0.128208 133.545654 13.361741 7.021857 -41.136868 -1.332269 0.637837 1.558179 0.000000 -0.000000 -0.000001
0.000000 0.000000 0.000000 0.000000 -0.000000 0.000000 1.445232 -55.051720 -4.277636 -4.186954 -2.197929 15.565104 2.064272 -0.370267 11.964675 0.753322 0.227874 5.172587 4.731601 -1.109273 20.107750 -8.427055 0.238619 -38.191639 -3.130327 -5.172269 -3.311910 8.283414 -9.611542 -16.023598 0.000077 -0.000022 0.000006 -0.010874 0.080962 -0.015892 0.719738 -3.639157 -10.730286 -0.752716 3.799788 -10.824521 0.806581 -25.924553 2.416407 -19.523195 -33.919029 23.239786 2.607887 -45.266628 -1.584332 -1.812005 8.987355 -2.893791 -5.882102 9.861279 0.702590 -10.936861 -0.360574 7.156197 0.000000 8.774815 -0.000000 -16.725689 18.009998 5.864255 -1.844031 2.498503 -2.507276 -10.163590 4.678941 4.621104 -20.975996 -0.000001 0.000001 -21.226254 2.451698 -3.593995 0.000000 -0.000006 -0.000000 -1.362681 2.240797 -0.746323 -21.334892 0.584910 3.008319 -13.821196 -0.000001 0.000001 -23.887129 -0.249075 -0.839485 -60.439793 2.575530 -1.101438 -0.294025 1.679686 0.833255 -14.218195 0.093215 1.300579 -34.212002 -0.287561 0.967166 -20.033176 0.964536 1.212838 0.000000 -0.000000 0.000000 -3.440387 0.788233 0.501655 -15.928172 -3.167306 2.999703 -6.338817 -0.000000 0.000001 -18.123419 3.648181 -4.905662 -0.000004 0.000000 -0.000002 -0.743620 33.039345 3.992264 20.575037 21.237352 -13.062410 -0.390137 52.007820 -0.635333 -0.209122 -4.309896 -11.023497 2.243540 -5.255033 -3.180156 14.282877 -0.826594 6.952496 -0.000000 -12.690593 -0.000001 16.328680 -17.768717 2.590534 1.665665 -1.955920 -2.878297 4.727794 -4.170584 4.993919 11.020511 0.000001 -0.000000 12.109032 -3.735715 -2.866778 0.000000 -0.000000 0.000000 1.291985 -1.928548 -1.498088 14.800115 0.567467 3.865604 14.242553 -1.341738 -6.660648 19.631935 0.143921 -0.648243 49.921448 -1.023071 -6.785080 0.353029 -1.511150 -0.031940 20.222769 3.684305 2.316629 18.787249 0.000001 -0.000001 10.751608 -0.479870 1.397903 0.000000 -0.000000 0.000000 3.273804 0.305947 -0.580110 21.486790 11.830364 2.266131 8.162915 0.000000 -0.000000 18.399052 -3.798986 -4.940567 0.000003 0.000000 -0.000001 8.884436 15.757492 -100.883614 0.233832 0.020755 135.378159 -22.559616 11.872012 -47.898941 1.583141 -2.221675 2.551716 0.000000 -0.000000 0.000002 -8.190461 -15.708563 -100.513885 0.552157 0.181437 130.123734 13.621552 5.818849 -40.238735 -1.336341 0.667099 1.551073 0.000000 -0.000000 -0.000001
0.000000 0.000000 0.000000 0.000000 -0.000000 0.000000 1.552798 -52.462525 -4.587726 -4.198480 -2.186684 16.843077 2.042532 -0.419821 11.491754 0.750011 0.100564 4.852801 4.697230 -1.318239 19.369120 -8.807885 0.050222 -38.546650 -3.102399 -5.269677 -3.317850 7.873409 -9.418151 -16.024303 0.000077 -0.000022 0.000006 -0.005972 0.069922 -0.019332 0.731704 -3.650671 -10.742016 -0.755270 3.789044 -10.829217 1.108687 -25.457935 2.118368 -21.036634 -34.478909 23.171158 2.636070 -44.477367 -1.609935 -0.743455 8.837319 -1.193802 -5.882102 9.861279 0.702590 -10.936861 -0.360574 7.156197 0.000000 8.774815 -0.000000 -16.809603 17.989128 5.795547 -1.844031 2.498503 -2.507276 -10.163590 4.678941 4.621104 -20.975996 -0.000001 0.000001 -21.226254 2.451698 -3.593995 0.000000 -0.000006 -0.000000 -1.362681 2.240797 -0.746323 -21.334892 0.584910 3.008319 -13.821196 -0.000001 0.000001 -23.887129 -0.249075 -0.839485 -60.479126 2.523314 -1.086430 -0.294025 1.679686 0.833255 -14.218195 0.093215 1.300579 -34.212002 -0.287561 0.967166 -20.033176 0.964536 1.212838 0.000000 -0.000000 0.000000 -3.440387 0.788233 0.501655 -15.928172 -3.167306 2.999703 -6.338817 -0.000000 0.000001 -18.123419 3.648181 -4.905662 -0.000004 0.000000 -0.000002 -0.668961 32.191616 4.129012 22.716351 22.970463 -13.217864 -0.534255 50.726749 -0.806908 -1.483913 -4.365631 -10.661478 2.243540 -5.255033 -3.180156 14.282877 -0.826594 6.952496 -0.000000 -12.690593 -0.000001 16.337698 -17.759943 2.575932 1.665665 -1.955920 -2.878297 4.727794 -4.170584 4.993919 11.020511 0.000001 -0.000000 12.109032 -3.735715 -2.866778 0.000000 -0.000000 0.000000 1.291985 -1.928548 -1.498088 14.800115 0.567467 3.865604 14.242553 -1.341738 -6.660648 19.631935 0.143921 -0.648243 49.895359 -0.997265 -6.730141 0.353029 -1.511150 -0.031940 20.222769 3.684305 2.316629 18.787249 0.000001 -0.000001 10.751608 -0.479870 1.397903 0.000000 -0.000000 0.000000 3.273804 0.305947 -0.580110 21.486790 11.830364 2.266131 8.162915 0.000000 -0.000000 18.399052 -3.798986 -4.940567 0.000003 0.000000 -0.000001 7.948345 14.751343 -100.003441 0.162692 -0.003390 131.657974 -22.415556 13.460670 -47.239101 1.585523 -2.239510 2.657456 0.000000 -0.000000 0.000002 -6.974224 -15.001486 -99.593422 0.554124 0.233587 126.480270 13.852239 4.760727 -39.314533 -1.341984 0.700971 1.531471 0.000000 -0.000000 -0.000001
0.000000 0.000000 0.000000 0.000000 -0.000000 0.000000 1.601868 -49.761635 -4.840495 -4.236779 -2.125719 17.925024 2.021304 -0.460309 11.029973 0.741498 -0.028435 4.536344 4.632483 -1.532247 18.764391 -9.138571 -0.130812 -38.899803 -3.030256 -5.316208 -3.316995 7.523871 -9.244516 -15.950706 0.000077 -0.000022 0.000006 -0.000341 0.065230 -0.023380 0.741803 -3.656402 -10.744268 -0.754449 3.785868 -10.827932 1.216298 -25.022453 1.941349 -22.456108 -34.754395 22.872845 2.594506 -43.733788 -1.582885 0.348681 8.654103 -0.013187 -5.882102 9.861279 0.702590 -10.936861 -0.360574 7.156197 0.000000 8.774815 -0.000000 -16.862526 17.972782 5.744374 -1.844031 2.498503 -2.507276 -10.163590 4.678941 4.621104 -20.975996 -0.000001 0.000001 -21.226254 2.451698 -3.593995 0.000000 -0.000006 -0.000000 -1.362681 2.240797 -0.746323 -21.334892 0.584910 3.008319 -13.821196 -0.000001 0.000001 -23.887129 -0.249075 -0.839485 -60.484138 2.475780 -1.064788 -0.294025 1.679686 0.833255 -14.218195 0.093215 1.300579 -34.212002 -0.287561 0.967166 -20.033176 0.964536 1.212838 0.000000 -0.000000 0.000000 -3.440387 0.788233 0.501655 -15.928172 -3.167306 2.999703 -6.338817 -0.000000 0.000001 -18.123419 3.648181 -4.905662 -0.000004 0.000000 -0.000002 -0.324782 31.359045 4.410637 25.104673 24.365023 -12.947508 -0.629369 49.671616 -0.905028 -2.582559 -4.447914 -10.194424 2.243540 -5.255033 -3.180156 14.282877 -0.826594 6.952496 -0.000000 -12.690593 -0.000001 16.333706 -17.737682 2.568738 1.665665 -1.955920 -2.878297 4.727794 -4.170584 4.993919 11.020511 0.000001 -0.000000 12.109032 -3.735715 -2.866778 0.000000 -0.000000 0.000000 1.291985 -1.928548 -1.498088 14.800115 0.567467 3.865604 14.242553 -1.341738 -6.660648 19.631935 0.143921 -0.648243 49.857914 -0.958066 -6.668503 0.353029 -1.511150 -0.031940 20.222769 3.684305 2.316629 18.787249 0.000001 -0.000001 10.751608 -0.479870 1.397903 0.000000 -0.000000 0.000000 3.273804 0.305947 -0.580110 21.486790 11.830364 2.266131 8.162915 0.000000 -0.000000 18.399052 -3.798986 -4.940567 0.000003 0.000000 -0.000001 7.281451 13.939784 -98.678719 0.103558 -0.032254 127.712624 -22.137133 14.721071 -46.471977 1.586687 -2.249705 2.735821 0.000000 -0.000000 0.000002 -5.829758 -14.344188 -98.238319 0.547410 0.277260 122.660324 13.983413 3.798741 -38.413277 -1.349721 0.732777 1.482182 0.000000 -0.000000 -0.000001
0.000000 0.000000 0.000000 0.000000 -0.000000 0.000000 1.583893 -47.011487 -5.008290 -4.282659 -2.016702 18.773731 1.992732 -0.477418 10.583220 0.729983 -0.167051 4.220843 4.526656 -1.752373 18.287056 -9.381671 -0.274727 -39.161057 -2.951339 -5.341103 -3.314733 7.222281 -9.092738 -15.786364 0.000077 -0.000022 0.000006 0.005296 0.062909 -0.028284 0.750345 -3.659606 -10.742141 -0.751989 3.784953 -10.825264 1.161492 -24.618446 1.894187 -23.874840 -34.769726 22.480831 2.505250 -42.998356 -1.506660 1.378103 8.464319 0.722149 -5.882102 9.861279 0.702590 -10.936861 -0.360574 7.156197 0.000000 8.774815 -0.000000 -16.856054 17.946154 5.718343 -1.844031 2.498503 -2.507276 -10.163590 4.678941 4.621104 -20.975996 -0.000001 0.000001 -21.226254 2.451698 -3.593995 0.000000 -0.000006 -0.000000 -1.362681 2.240797 -0.746323 -21.334892 0.584910 3.008319 -13.821196 -0.000001 0.000001 -23.887129 -0.249075 -0.839485 -60.431583 2.429288 -1.021698 -0.294025 1.679686 0.833255 -14.218195 0.093215 1.300579 -34.212002 -0.287561 0.967166 -20.033176 0.964536 1.212838 0.000000 -0.000000 0.000000 -3.440387 0.788233 0.501655 -15.928172 -3.167306 2.999703 -6.338817 -0.000000 0.000001 -18.123419 3.648181 -4.905662 -0.000004 0.000000 -0.000002 0.221706 30.515858 4.776018 27.596956 25.414637 -12.144794 -0.602521 48.844707 -0.871223 -3.335689 -4.563285 -9.561083 2.243540 -5.255033 -3.180156 14.282877 -0.826594 6.952496 -0.000000 -12.690593 -0.000001 16.326693 -17.714645 2.553791 1.665665 -1.955920 -2.878297 4.727794 -4.170584 4.993919 11.020511 0.000001 -0.000000 12.109032 -3.735715 -2.866778 0.000000 -0.000000 0.000000 1.291985 -1.928548 -1.498088 14.800115 0.567467 3.865604 14.242553 -1.341738 -6.660648 19.631935 0.143921 -0.648243 49.774258 -0.911781 -6.627084 0.353029 -1.511150 -0.031940 20.222769 3.684305 2.316629 18.787249 0.000001 -0.000001 10.751608 -0.479870 1.397903 0.000000 -0.000000 0.000000 3.273804 0.305947 -0.580110 21.486790 11.830364 2.266131 8.162915 0.000000 -0.000000 18.399052 -3.798986 -4.940567 0.000003 0.000000 -0.000001 6.845857 13.333900 -96.970955 0.063343 -0.056630 123.688850 -21.731117 15.640920 -45.462181 1.589454 -2.253610 2.773113 0.000000 -0.000000 0.000002 -4.789767 -13.760070 -96.467987 0.529510 0.307246 118.752975 14.006502 2.966390 -37.558582 -1.358365 0.755096 1.426873 0.000000 -0.000000 -0.000001
0.000000 0.000000 0.000000 0.000000 -0.000000 0.000000 1.513389 -44.270764 -5.073144 -4.345326 -1.862063 19.357172 1.953317 -0.463546 10.155173 0.722718 -0.320512 3.913058 4.389523 -1.974105 17.920753 -9.489764 -0.363126 -39.256710 -2.901703 -5.306084 -3.320815 6.934763 -8.915175 -15.501541 0.000077 -0.000022 0.000006 0.010117 0.050409 -0.031766 0.759185 -3.671812 -10.730489 -0.751424 3.772494 -10.812735 0.972933 -24.244705 1.974972 -25.388935 -34.553829 22.156754 2.463331 -42.229805 -1.426327 2.256295 8.311729 0.917214 -5.882102 9.861279 0.702590 -10.936861 -0.360574 7.156197 0.000000 8.774815 -0.000000 -16.832600 17.896187 5.694296 -1.844031 2.498503 -2.507276 -10.163590 4.678941 4.621104 -20.975996 -0.000001 0.000001 -21.226254 2.451698 -3.593995 0.000000 -0.000006 -0.000000 -1.362681 2.240797 -0.746323 -21.334892 0.584910 3.008319 -13.821196 -0.000001 0.000001 -23.887129 -0.249075 -0.839485 -60.334095 2.369757 -0.994921 -0.294025 1.679686 0.833255 -14.218195 0.093215 1.300579 -34.212002 -0.287561 0.967166 -20.033176 0.964536 1.212838 0.000000 -0.000000 0.000000 -3.440387 0.788233 0.501655 -15.928172 -3.167306 2.999703 -6.338817 -0.000000 0.000001 -18.123419 3.648181 -4.905662 -0.000004 0.000000 -0.000002 0.880307 29.629822 5.149842 30.067213 26.186075 -10.675432 -0.514190 48.164265 -0.787879 -3.585228 -4.675593 -8.734195 2.243540 -5.255033 -3.180156 14.282877 -0.826594 6.952496 -0.000000 -12.690593 -0.000001 16.329390 -17.686018 2.523779 1.665665 -1.955920 -2.878297 4.727794 -4.170584 4.993919 11.020511 0.000001 -0.000000 12.109032 -3.735715 -2.866778 0.000000 -0.000000 0.000000 1.291985 -1.928548 -1.498088 14.800115 0.567467 3.865604 14.242553 -1.341738 -6.660648 19.631935 0.143921 -0.648243 49.675587 -0.859340 -6.599630 0.353029 -1.511150 -0.031940 20.222769 3.684305 2.316629 18.787249 0.000001 -0.000001 10.751608 -0.479870 1.397903 0.000000 -0.000000 0.000000 3.273804 0.305947 -0.580110 21.486790 11.830364 2.266131 8.162915 0.000000 -0.000000 18.399052 -3.798986 -4.940567 0.000003 0.000000 -0.000001 6.596972 12.917253 -94.897171 0.042043 -0.072114 119.659958 -21.172762 16.266115 -44.312927 1.591029 -2.250719 2.777522 0.000000 -0.000000 0.000002 -3.856443 -13.271401 -94.304047 0.497220 0.323942 114.828758 13.902544 2.199976 -36.757713 -1.366135 0.774520 1.396676 0.000000 -0.000000 -0.000001
0.000000 0.000000 0.000000 0.000000 -0.000000 0.000000 1.436448 -41.583241 -5.035864 -4.423284 -1.693173 19.662909 1.911299 -0.428458 9.744703 0.721090 -0.473752 3.599242 4.228123 -2.177859 17.647209 -9.496583 -0.398239 -39.147064 -2.860175 -5.209794 -3.326624 6.634191 -8.721519 -15.123596 0.000077 -0.000022 0.000006 0.014468 0.032253 -0.031780 0.769259 -3.688344 -10.710131 -0.752966 3.752845 -10.788724 0.636058 -23.863569 2.187613 -27.064167 -34.137703 21.837744 2.381901 -41.445671 -1.308662 3.045216 8.205954 0.700624 -5.882102 9.861279 0.702590 -10.936861 -0.360574 7.156197 0.000000 8.774815 -0.000000 -16.793301 17.853968 5.685168 -1.844031 2.498503 -2.507276 -10.163590 4.678941 4.621104 -20.975996 -0.000001 0.000001 -21.226254 2.451698 -3.593995 0.000000 -0.000006 -0.000000 -1.362681 2.240797 -0.746323 -21.334892 0.584910 3.008319 -13.821196 -0.000001 0.000001 -23.887129 -0.249075 -0.839485 -60.232845 2.314737 -0.976069 -0.294025 1.679686 0.833255 -14.218195 0.093215 1.300579 -34.212002 -0.287561 0.967166 -20.033176 0.964536 1.212838 0.000000 -0.000000 0.000000 -3.440387 0.788233 0.501655 -15.928172 -3.167306 2.999703 -6.338817 -0.000000 0.000001 -18.123419 3.648181 -4.905662 -0.000004 0.000000 -0.000002 1.610526 28.706402 5.572963 32.421803 26.721348 -8.688069 -0.414416 47.616219 -0.686232 -3.384978 -4.824570 -7.739363 2.243540 -5.255033 -3.180156 14.282877 -0.826594 6.952496 -0.000000 -12.690593 -0.000001 16.341503 -17.654736 2.484746 1.665665 -1.955920 -2.878297 4.727794 -4.170584 4.993919 11.020511 0.000001 -0.000000 12.109032 -3.735715 -2.866778 0.000000 -0.000000 0.000000 1.291985 -1.928548 -1.498088 14.800115 0.567467 3.865604 14.242553 -1.341738 -6.660648 19.631935 0.143921 -0.648243 49.593643 -0.811114 -6.580704 0.353029 -1.511150 -0.031940 20.222769 3.684305 2.316629 18.787249 0.000001 -0.000001 10.751608 -0.479870 1.397903 0.000000 -0.000000 0.000000 3.273804 0.305947 -0.580110 21.486790 11.830364 2.266131 8.162915 0.000000 -0.000000 18.399052 -3.798986 -4.940567 0.000003 0.000000 -0.000001 6.465917 12.623488 -92.481461 0.036681 -0.079789 115.671524 -20.526632 16.663862 -43.170746 1.589905 -2.240734 2.818535 0.000000 -0.000000 0.000002 -3.060848 -12.893417 -91.792137 0.459603 0.326610 110.922005 13.711228 1.521806 -35.977314 -1.372515 0.797880 1.399782 0.000000 -0.000000 -0.000001
0.000000 0.000000 0.000000 0.000000 -0.000000 0.000000 1.392766 -38.944523 -4.911093 -4.486739 -1.534553 19.709911 1.869244 -0.384218 9.350030 0.720628 -0.617005 3.261294 4.037518 -2.359352 17.424219 -9.437463 -0.379021 -38.811718 -2.831445 -5.099693 -3.313230 6.320693 -8.530169 -14.692239 0.000077 -0.000022 0.000006 0.017712 0.016956 -0.028193 0.777619 -3.701108 -10.680897 -0.754912 3.734567 -10.755431 0.189357 -23.445883 2.485152 -29.029205 -33.520687 21.446856 2.159284 -40.606438 -1.120972 3.928471 8.128247 0.159899 -5.882102 9.861279 0.702590 -10.936861 -0.360574 7.156197 0.000000 8.774815 -0.000000 -16.735109 17.860302 5.686114 -1.844031 2.498503 -2.507276 -10.163590 4.678941 4.621104 -20.975996 -0.000001 0.000001 -21.226254 2.451698 -3.593995 0.000000 -0.000006 -0.000000 -1.362681 2.240797 -0.746323 -21.334892 0.584910 3.008319 -13.821196 -0.000001 0.000001 -23.887129 -0.249075 -0.839485 -60.141354 2.277955 -0.967246 -0.294025 1.679686 0.833255 -14.218195 0.093215 1.300579 -34.212002 -0.287561 0.967166 -20.033176 0.964536 1.212838 0.000000 -0.000000 0.000000 -3.440387 0.788233 0.501655 -15.928172 -3.167306 2.999703 -6.338817 -0.000000 0.000001 -18.123419 3.648181 -4.905662 -0.000004 0.000000 -0.000002 2.379054 27.755800 6.083044 34.624287 27.071163 -6.449584 -0.294652 47.181755 -0.554879 -2.895951 -4.999277 -6.638659 2.243540 -5.255033 -3.180156 14.282877 -0.826594 6.952496 -0.000000 -12.690593 -0.000001 16.361355 -17.621010 2.449010 1.665665 -1.955920 -2.878297 4.727794 -4.170584 4.993919 11.020511 0.000001 -0.000000 12.109032 -3.735715 -2.866778 0.000000 -0.000000 0.000000 1.291985 -1.928548 -1.498088 14.800115 0.567467 3.865604 14.242553 -1.341738 -6.660648 19.631935 0.143921 -0.648243 49.557728 -0.774486 -6.554887 0.353029 -1.511150 -0.031940 20.222769 3.684305 2.316629 18.787249 0.000001 -0.000001 10.751608 -0.479870 1.397903 0.000000 -0.000000 0.000000 3.273804 0.305947 -0.580110 21.486790 11.830364 2.266131 8.162915 0.000000 -0.000000 18.399052 -3.798986 -4.940567 0.000003 0.000000 -0.000001 6.349885 12.398539 -89.763588 0.041202 -0.085373 111.707504 -19.839098 16.906734 -42.062244 1.588980 -2.232744 2.933476 0.000000 -0.000000 0.000002 -2.441030 -12.627681 -88.975029 0.431833 0.320076 107.004181 13.510246 0.964580 -35.167397 -1.377052 0.825348 1.460593 0.000000 -0.000000 -0.000001
0.000000 0.000000 0.000000 0.000000 -0.000000 0.000000 1.415278 -36.352322 -4.730223 -4.505832 -1.409174 19.515957 1.830778 -0.343532 8.965795 0.713071 -0.730355 2.918546 3.822080 -2.522681 17.241629 -9.359519 -0.342605 -38.303471 -2.826510 -4.979702 -3.290211 6.016122 -8.346576 -14.215224 0.000077 -0.000022 0.000006 0.019921 0.001856 -0.022463 0.782464 -3.714303 -10.651123 -0.755367 3.717054 -10.722417 -0.371693 -22.986803 2.889242 -31.183407 -32.767029 21.098850 1.916847 -39.707752 -0.925560 4.843090 8.053825 -0.593154 -5.882102 9.861279 0.702590 -10.936861 -0.360574 7.156197 0.000000 8.774815 -0.000000 -16.634844 17.896059 5.719915 -1.844031 2.498503 -2.507276 -10.163590 4.678941 4.621104 -20.975996 -0.000001 0.000001 -21.226254 2.451698 -3.593995 0.000000 -0.000006 -0.000000 -1.362681 2.240797 -0.746323 -21.334892 0.584910 3.008319 -13.821196 -0.000001 0.000001 -23.887129 -0.249075 -0.839485 -60.074520 2.245590 -0.942184 -0.294025 1.679686 0.833255 -14.218195 0.093215 1.300579 -34.212002 -0.287561 0.967166 -20.033176 0.964536 1.212838 0.000000 -0.000000 0.000000 -3.440387 0.788233 0.501655 -15.928172 -3.167306 2.999703 -6.338817 -0.000000 0.000001 -18.123419 3.648181 -4.905662 -0.000004 0.000000 -0.000002 3.147500 26.816763 6.655896 36.650677 27.240152 -4.413638 -0.075114 46.838673 -0.352446 -2.368662 -5.182294 -5.589155 2.243540 -5.255033 -3.180156 14.282877 -0.826594 6.952496 -0.000000 -12.690593 -0.000001 16.384937 -17.594536 2.423777 1.665665 -1.955920 -2.878297 4.727794 -4.170584 4.993919 11.020511 0.000001 -0.000000 12.109032 -3.735715 -2.866778 0.000000 -0.000000 0.000000 1.291985 -1.928548 -1.498088 14.800115 0.567467 3.865604 14.242553 -1.341738 -6.660648 19.631935 0.143921 -0.648243 49.565937 -0.743787 -6.519958 0.353029 -1.511150 -0.031940 20.222769 3.684305 2.316629 18.787249 0.000001 -0.000001 10.751608 -0.479870 1.397903 0.000000 -0.000000 0.000000 3.273804 0.305947 -0.580110 21.486790 11.830364 2.266131 8.162915 0.000000 -0.000000 18.399052 -3.798986 -4.940567 0.000003 0.000000 -0.000001 6.176702 12.183868 -86.790222 0.049073 -0.096169 107.745171 -19.125900 17.117716 -40.973751 1.588211 -2.231524 3.029717 0.000000 -0.000000 0.000002 -2.040749 -12.449782 -85.904709 0.418270 0.316417 103.047279 13.324247 0.429058 -34.272957 -1.380790 0.858744 1.547258 0.000000 -0.000000 -0.000001
0.000000 0.000000 0.000000 0.000000 -0.000000 0.000000 1.512661 -33.773228 -4.498775 -4.466874 -1.346422 19.122244 1.802281 -0.302031 8.586277 0.704186 -0.812941 2.570231 3.581234 -2.665436 17.082073 -9.317826 -0.308759 -37.670807 -2.821680 -4.848695 -3.274781 5.734114 -8.163568 -13.692335 0.000077 -0.000022 0.000006 0.022273 -0.006375 -0.019518 0.786367 -3.722138 -10.637080 -0.754661 3.707910 -10.701409 -1.035318 -22.464708 3.352781 -33.541607 -31.902666 20.821762 1.701052 -38.666847 -0.751286 5.736432 7.927642 -1.476013 -5.882102 9.861279 0.702590 -10.936861 -0.360574 7.156197 0.000000 8.774815 -0.000000 -16.498711 17.947319 5.785395 -1.844031 2.498503 -2.507276 -10.163590 4.678941 4.621104 -20.975996 -0.000001 0.000001 -21.226254 2.451698 -3.593995 0.000000 -0.000006 -0.000000 -1.362681 2.240797 -0.746323 -21.334892 0.584910 3.008319 -13.821196 -0.000001 0.000001 -23.887129 -0.249075 -0.839485 -60.019604 2.224137 -0.897504 -0.294025 1.679686 0.833255 -14.218195 0.093215 1.300579 -34.212002 -0.287561 0.967166 -20.033176 0.964536 1.212838 0.000000 -0.000000 0.000000 -3.440387 0.788233 0.501655 -15.928172 -3.167306 2.999703 -6.338817 -0.000000 0.000001 -18.123419 3.648181 -4.905662 -0.000004 0.000000 -0.000002 3.830021 25.933941 7.257741 38.546932 27.235495 -2.759238 0.178821 46.496391 -0.121550 -1.941609 -5.399417 -4.641838 2.243540 -5.255033 -3.180156 14.282877 -0.826594 6.952496 -0.000000 -12.690593 -0.000001 16.402311 -17.604086 2.405081 1.665665 -1.955920 -2.878297 4.727794 -4.170584 4.993919 11.020511 0.000001 -0.000000 12.109032 -3.735715 -2.866778 0.000000 -0.000000 0.000000 1.291985 -1.928548 -1.498088 14.800115 0.567467 3.865604 14.242553 -1.341738 -6.660648 19.631935 0.143921 -0.648243 49.592278 -0.719932 -6.503170 0.353029 -1.511150 -0.031940 20.222769 3.684305 2.316629 18.787249 0.000001 -0.000001 10.751608 -0.479870 1.397903 0.000000 -0.000000 0.000000 3.273804 0.305947 -0.580110 21.486790 11.830364 2.266131 8.162915 0.000000 -0.000000 18.399052 -3.798986 -4.940567 0.000003 0.000000 -0.000001 5.930979 11.958145 -83.561195 0.054039 -0.109436 103.715996 -18.419123 17.386108 -39.888954 1.589329 -2.229092 3.081919 0.000000 -0.000000 0.000002 -1.875294 -12.308543 -82.596519 0.398312 0.316787 98.986511 13.147706 -0.114731 -33.261379 -1.384740 0.883726 1.650648 0.000000 -0.000000 -0.000001
0.000000 0.000000 0.000000 0.000000 -0.000000 0.000000 1.682261 -31.205449 -4.194699 -4.365057 -1.337638 18.581228 1.788104 -0.251847 8.214125 0.700172 -0.874316 2.203643 3.318738 -2.789678 16.878534 -9.331326 -0.279368 -36.904770 -2.772779 -4.706052 -3.267725 5.461525 -8.001501 -13.210124 0.000077 -0.000022 0.000006 0.022874 -0.013953 -0.019716 0.789493 -3.730287 -10.640647 -0.756741 3.700243 -10.696617 -1.717731 -21.863682 3.875817 -36.175114 -30.946648 20.638876 1.543909 -37.438129 -0.622688 6.593970 7.771831 -2.400824 -5.882102 9.861279 0.702590 -10.936861 -0.360574 7.156197 0.000000 8.774815 -0.000000 -16.368486 18.015591 5.864475 -1.844031 2.498503 -2.507276 -10.163590 4.678941 4.621104 -20.975996 -0.000001 0.000001 -21.226254 2.451698 -3.593995 0.000000 -0.000006 -0.000000 -1.362681 2.240797 -0.746323 -21.334892 0.584910 3.008319 -13.821196 -0.000001 0.000001 -23.887129 -0.249075 -0.839485 -60.014652 2.236931 -0.851784 -0.294025 1.679686 0.833255 -14.218195 0.093215 1.300579 -34.212002 -0.287561 0.967166 -20.033176 0.964536 1.212838 0.000000 -0.000000 0.000000 -3.440387 0.788233 0.501655 -15.928172 -3.167306 2.999703 -6.338817 -0.000000 0.000001 -18.123419 3.648181 -4.905662 -0.000004 0.000000 -0.000002 4.385840 25.112495 7.856321 40.312111 27.014248 -1.338554 0.397171 46.157597 0.078728 -1.515238 -5.588030 -3.816756 2.243540 -5.255033 -3.180156 14.282877 -0.826594 6.952496 -0.000000 -12.690593 -0.000001 16.424145 -17.631508 2.380852 1.665665 -1.955920 -2.878297 4.727794 -4.170584 4.993919 11.020511 0.000001 -0.000000 12.109032 -3.735715 -2.866778 0.000000 -0.000000 0.000000 1.291985 -1.928548 -1.498088 14.800115 0.567467 3.865604 14.242553 -1.341738 -6.660648 19.631935 0.143921 -0.648243 49.620541 -0.707011 -6.514860 0.353029 -1.511150 -0.031940 20.222769 3.684305 2.316629 18.787249 0.000001 -0.000001 10.751608 -0.479870 1.397903 0.000000 -0.000000 0.000000 3.273804 0.305947 -0.580110 21.486790 11.830364 2.266131 8.162915 0.000000 -0.000000 18.399052 -3.798986 -4.940567 0.000003 0.000000 -0.000001 5.616776 11.726631 -80.104980 0.063019 -0.115402 99.601540 -17.729881 17.632193 -38.809875 1.591821 -2.220035 3.096344 0.000000 -0.000000 0.000002 -1.913461 -12.235672 -79.081772 0.362055 0.308560 94.814026 13.015701 -0.565221 -32.145908 -1.388975 0.896149 1.745462 0.000000 -0.000000 -0.000001
0.000000 0.000000 0.000000 0.000000 -0.000000 0.000000 1.925716 -28.664647 -3.814048 -4.215616 -1.346508 17.925791 1.794167 -0.203412 7.857335 0.702733 -0.918064 1.826316 3.046217 -2.878210 16.610474 -9.400795 -0.241379 -36.032177 -2.671709 -4.536250 -3.270374 5.203596 -7.874791 -12.808969 0.000077 -0.000022 0.000006 0.021292 -0.023184 -0.020548 0.788617 -3.741066 -10.656800 -0.759170 3.691893 -10.704834 -2.370413 -21.188820 4.465815 -39.009823 -29.917294 20.452585 1.422967 -36.085766 -0.534795 7.393368 7.622732 -3.297577 -5.882102 9.861279 0.702590 -10.936861 -0.360574 7.156197 0.000000 8.774815 -0.000000 -16.304613 18.098341 5.934275 -1.844031 2.498503 -2.507276 -10.163590 4.678941 4.621104 -20.975996 -0.000001 0.000001 -21.226254 2.451698 -3.593995 0.000000 -0.000006 -0.000000 -1.362681 2.240797 -0.746323 -21.334892 0.584910 3.008319 -13.821196 -0.000001 0.000001 -23.887129 -0.249075 -0.839485 -60.077354 2.272362 -0.800463 -0.294025 1.679686 0.833255 -14.218195 0.093215 1.300579 -34.212002 -0.287561 0.967166 -20.033176 0.964536 1.212838 0.000000 -0.000000 0.000000 -3.440387 0.788233 0.501655 -15.928172 -3.167306 2.999703 -6.338817 -0.000000 0.000001 -18.123419 3.648181 -4.905662 -0.000004 0.000000 -0.000002 4.770515 24.366137 8.421016 41.922840 26.575047 -0.063641 0.595657 45.797916 0.245891 -0.999232 -5.728330 -3.125515 2.243540 -5.255033 -3.180156 14.282877 -0.826594 6.952496 -0.000000 -12.690593 -0.000001 16.444609 -17.658731 2.352704 1.665665 -1.955920 -2.878297 4.727794 -4.170584 4.993919 11.020511 0.000001 -0.000000 12.109032 -3.735715 -2.866778 0.000000 -0.000000 0.000000 1.291985 -1.928548 -1.498088 14.800115 0.567467 3.865604 14.242553 -1.341738 -6.660648 19.631935 0.143921 -0.648243 49.653065 -0.689841 -6.533213 0.353029 -1.511150 -0.031940 20.222769 3.684305 2.316629 18.787249 0.000001 -0.000001 10.751608 -0.479870 1.397903 0.000000 -0.000000 0.000000 3.273804 0.305947 -0.580110 21.486790 11.830364 2.266131 8.162915 0.000000 -0.000000 18.399052 -3.798986 -4.940567 0.000003 0.000000 -0.000001 5.254140 11.489067 -76.473595 0.081903 -0.106337 95.409409 -17.004601 17.816795 -37.708603 1.594913 -2.212220 3.073949 0.000000 -0.000000 0.000002 -2.104929 -12.256519 -75.393188 0.324534 0.291859 90.538116 12.910121 -0.932250 -30.943069 -1.393369 0.902251 1.840534 0.000000 -0.000000 -0.000001
0.000000 0.000000 0.000000 0.000000 -0.000000 0.000000 2.217706 -26.101292 -3.366670 -4.010124 -1.335087 17.191244 1.816108 -0.163545 7.508504 0.709231 -0.935438 1.431229 2.759650 -2.917858 16.284458 -9.529402 -0.168807 -35.058578 -2.536011 -4.357417 -3.272550 4.957608 -7.794800 -12.545026 0.000077 -0.000022 0.000006 0.019585 -0.030164 -0.020802 0.786385 -3.750484 -10.680435 -0.760482 3.686985 -10.720541 -2.965241 -20.425547 5.083994 -41.987602 -28.780918 20.142506 1.266076 -34.779320 -0.435395 8.208502 7.413118 -4.153860 -5.882102 9.861279 0.702590 -10.936861 -0.360574 7.156197 0.000000 8.774815 -0.000000 -16.314501 18.199905 5.978179 -1.844031 2.498503 -2.507276 -10.163590 4.678941 4.621104 -20.975996 -0.000001 0.000001 -21.226254 2.451698 -3.593995 0.000000 -0.000006 -0.000000 -1.362681 2.240797 -0.746323 -21.334892 0.584910 3.008319 -13.821196 -0.000001 0.000001 -23.887129 -0.249075 -0.839485 -60.188831 2.318302 -0.759901 -0.294025 1.679686 0.833255 -14.218195 0.093215 1.300579 -34.212002 -0.287561 0.967166 -20.033176 0.964536 1.212838 0.000000 -0.000000 0.000000 -3.440387 0.788233 0.501655 -15.928172 -3.167306 2.999703 -6.338817 -0.000000 0.000001 -18.123419 3.648181 -4.905662 -0.000004 0.000000 -0.000002 4.997506 23.653963 8.973265 43.368347 25.945808 1.107525 0.752909 45.414536 0.371078 -0.387305 -5.823630 -2.466324 2.243540 -5.255033 -3.180156 14.282877 -0.826594 6.952496 -0.000000 -12.690593 -0.000001 16.454573 -17.697470 2.337951 1.665665 -1.955920 -2.878297 4.727794 -4.170584 4.993919 11.020511 0.000001 -0.000000 12.109032 -3.735715 -2.866778 0.000000 -0.000000 0.000000 1.291985 -1.928548 -1.498088 14.800115 0.567467 3.865604 14.242553 -1.341738 -6.660648 19.631935 0.143921 -0.648243 49.716724 -0.679927 -6.544347 0.353029 -1.511150 -0.031940 20.222769 3.684305 2.316629 18.787249 0.000001 -0.000001 10.751608 -0.479870 1.397903 0.000000 -0.000000 0.000000 3.273804 0.305947 -0.580110 21.486790 11.830364 2.266131 8.162915 0.000000 -0.000000 18.399052 -3.798986 -4.940567 0.000003 0.000000 -0.000001 4.847505 11.233277 -72.662849 0.111318 -0.083183 91.017265 -16.232903 17.926434 -36.499260 1.597718 -2.213481 3.061316 0.000000 -0.000000 0.000002 -2.410023 -12.361085 -71.515488 0.289993 0.274017 86.058456 12.765187 -1.322325 -29.621567 -1.397812 0.904256 1.963568 0.000000 -0.000000 -0.000001
0.000000 0.000000 0.000000 0.000000 -0.000000 0.000000 2.543365 -23.498250 -2.850826 -3.763357 -1.301794 16.401917 1.842603 -0.127230 7.174203 0.716306 -0.903400 1.016923 2.477212 -2.930058 15.921069 -9.650852 -0.051471 -33.953354 -2.417936 -4.182578 -3.285948 4.737206 -7.722816 -12.448256 0.000077 -0.000022 0.000006 0.019112 -0.033173 -0.021329 0.787189 -3.753737 -10.703821 -0.762378 3.683465 -10.735637 -3.463203 -19.553789 5.676682 -45.015602 -27.485020 19.768505 1.102080 -33.746407 -0.329490 8.903913 7.097455 -4.878346 -5.882102 9.861279 0.702590 -10.936861 -0.360574 7.156197 0.000000 8.774815 -0.000000 -16.337879 18.270428 6.008684 -1.844031 2.498503 -2.507276 -10.163590 4.678941 4.621104 -20.975996 -0.000001 0.000001 -21.226254 2.451698 -3.593995 0.000000 -0.000006 -0.000000 -1.362681 2.240797 -0.746323 -21.334892 0.584910 3.008319 -13.821196 -0.000001 0.000001 -23.887129 -0.249075 -0.839485 -60.336212 2.357078 -0.723878 -0.294025 1.679686 0.833255 -14.218195 0.093215 1.300579 -34.212002 -0.287561 0.967166 -20.033176 0.964536 1.212838 0.000000 -0.000000 0.000000 -3.440387 0.788233 0.501655 -15.928172 -3.167306 2.999703 -6.338817 -0.000000 0.000001 -18.123419 3.648181 -4.905662 -0.000004 0.000000 -0.000002 5.073967 22.968588 9.504141 44.651035 25.130672 2.230346 0.812580 45.044735 0.432064 0.302894 -5.872589 -1.863241 2.243540 -5.255033 -3.180156 14.282877 -0.826594 6.952496 -0.000000 -12.690593 -0.000001 16.455996 -17.727793 2.345319 1.665665 -1.955920 -2.878297 4.727794 -4.170584 4.993919 11.020511 0.000001 -0.000000 12.109032 -3.735715 -2.866778 0.000000 -0.000000 0.000000 1.291985 -1.928548 -1.498088 14.800115 0.567467 3.865604 14.242553 -1.341738 -6.660648 19.631935 0.143921 -0.648243 49.773422 -0.676130 -6.530473 0.353029 -1.511150 -0.031940 20.222769 3.684305 2.316629 18.787249 0.000001 -0.000001 10.751608 -0.479870 1.397903 0.000000 -0.000000 0.000000 3.273804 0.305947 -0.580110 21.486790 11.830364 2.266131 8.162915 0.000000 -0.000000 18.399052 -3.798986 -4.940567 0.000003 0.000000 -0.000001 4.421773 10.943533 -68.665512 0.141174 -0.057311 86.359795 -15.469772 18.001181 -35.157997 1.601226 -2.226313 3.079386 0.000000 -0.000000 0.000002 -2.799552 -12.505260 -67.438431 0.260420 0.261680 81.306923 12.616851 -1.750985 -28.159412 -1.401395 0.900924 2.097288 0.000000 -0.000000 -0.000001
0.000000 0.000000 0.000000 0.000000 -0.000000 0.000000 2.896202 -20.880803 -2.279559 -3.501699 -1.206311 15.578598 1.867374 -0.095130 6.840609 0.720357 -0.843532 0.608257 2.209169 -2.924658 15.555258 -9.705248 0.112074 -32.726131 -2.321321 -3.991841 -3.305763 4.516247 -7.611832 -12.457609 0.000077 -0.000022 0.000006 0.017975 -0.044091 -0.015794 0.788668 -3.763689 -10.711434 -0.766225 3.670754 -10.736089 -3.847942 -18.603020 6.228357 -47.951714 -25.992390 19.300310 0.917097 -33.131603 -0.233059 9.477428 6.621238 -5.342391 -5.882102 9.861279 0.702590 -10.936861 -0.360574 7.156197 0.000000 8.774815 -0.000000 -16.360943 18.322607 6.024443 -1.844031 2.498503 -2.507276 -10.163590 4.678941 4.621104 -20.975996 -0.000001 0.000001 -21.226254 2.451698 -3.593995 0.000000 -0.000006 -0.000000 -1.362681 2.240797 -0.746323 -21.334892 0.584910 3.008319 -13.821196 -0.000001 0.000001 -23.887129 -0.249075 -0.839485 -60.494884 2.393204 -0.704245 -0.294025 1.679686 0.833255 -14.218195 0.093215 1.300579 -34.212002 -0.287561 0.967166 -20.033176 0.964536 1.212838 0.000000 -0.000000 0.000000 -3.440387 0.788233 0.501655 -15.928172 -3.167306 2.999703 -6.338817 -0.000000 0.000001 -18.123419 3.648181 -4.905662 -0.000004 0.000000 -0.000002 5.063107 22.304821 9.993079 45.813335 24.164471 3.271255 0.794842 44.655731 0.436501 0.965343 -5.844605 -1.277058 2.243540 -5.255033 -3.180156 14.282877 -0.826594 6.952496 -0.000000 -12.690593 -0.000001 16.456032 -17.729866 2.356395 1.665665 -1.955920 -2.878297 4.727794 -4.170584 4.993919 11.020511 0.000001 -0.000000 12.109032 -3.735715 -2.866778 0.000000 -0.000000 0.000000 1.291985 -1.928548 -1.498088 14.800115 0.567467 3.865604 14.242553 -1.341738 -6.660648 19.631935 0.143921 -0.648243 49.809372 -0.660436 -6.508192 0.353029 -1.511150 -0.031940 20.222769 3.684305 2.316629 18.787249 0.000001 -0.000001 10.751608 -0.479870 1.397903 0.000000 -0.000000 0.000000 3.273804 0.305947 -0.580110 21.486790 11.830364 2.266131 8.162915 0.000000 -0.000000 18.399052 -3.798986 -4.940567 0.000003 0.000000 -0.000001 4.003306 10.598871 -64.534798 0.163309 -0.033340 81.443344 -14.696548 18.081942 -33.656448 1.607543 -2.245230 3.090614 0.000000 -0.000000 0.000002 -3.252587 -12.657740 -63.183014 0.246406 0.259283 76.273209 12.555030 -2.271642 -26.556021 -1.405363 0.891636 2.232466 0.000000 -0.000000 -0.000001
0.000000 0.000000 0.000000 0.000000 -0.000000 0.000000 3.269750 -18.287434 -1.667773 -3.272325 -1.042765 14.745902 1.879564 -0.068424 6.505321 0.719693 -0.768805 0.208092 1.987497 -2.899714 15.223706 -9.682583 0.323318 -31.396902 -2.247456 -3.802758 -3.324638 4.304914 -7.475774 -12.535750 0.000077 -0.000022 0.000006 0.018071 -0.051545 -0.007785 0.791429 -3.771131 -10.715550 -0.768951 3.662580 -10.734571 -4.124143 -17.610949 6.742323 -50.645748 -24.365990 18.731201 0.676553 -32.902493 -0.136127 9.920505 6.008184 -5.406779 -5.882102 9.861279 0.702590 -10.936861 -0.360574 7.156197 0.000000 8.774815 -0.000000 -16.359562 18.349005 6.022669 -1.844031 2.498503 -2.507276 -10.163590 4.678941 4.621104 -20.975996 -0.000001 0.000001 -21.226254 2.451698 -3.593995 0.000000 -0.000006 -0.000000 -1.362681 2.240797 -0.746323 -21.334892 0.584910 3.008319 -13.821196 -0.000001 0.000001 -23.887129 -0.249075 -0.839485 -60.625183 2.430662 -0.695136 -0.294025 1.679686 0.833255 -14.218195 0.093215 1.300579 -34.212002 -0.287561 0.967166 -20.033176 0.964536 1.212838 0.000000 -0.000000 0.000000 -3.440387 0.788233 0.501655 -15.928172 -3.167306 2.999703 -6.338817 -0.000000 0.000001 -18.123419 3.648181 -4.905662 -0.000004 0.000000 -0.000002 5.014205 21.692238 10.447539 46.960545 23.102694 3.995497 0.709741 44.194824 0.393459 1.427784 -5.755561 -0.752407 2.243540 -5.255033 -3.180156 14.282877 -0.826594 6.952496 -0.000000 -12.690593 -0.000001 16.455736 -17.726246 2.366608 1.665665 -1.955920 -2.878297 4.727794 -4.170584 4.993919 11.020511 0.000001 -0.000000 12.109032 -3.735715 -2.866778 0.000000 -0.000000 0.000000 1.291985 -1.928548 -1.498088 14.800115 0.567467 3.865604 14.242553 -1.341738 -6.660648 19.631935 0.143921 -0.648243 49.836628 -0.638567 -6.486854 0.353029 -1.511150 -0.031940 20.222769 3.684305 2.316629 18.787249 0.000001 -0.000001 10.751608 -0.479870 1.397903 0.000000 -0.000000 0.000000 3.273804 0.305947 -0.580110 21.486790 11.830364 2.266131 8.162915 0.000000 -0.000000 18.399052 -3.798986 -4.940567 0.000003 0.000000 -0.000001 3.638008 10.211349 -60.332905 0.173854 -0.014496 76.310120 -13.911523 18.246311 -31.991814 1.615912 -2.268188 3.060114 0.000000 -0.000000 0.000002 -3.728354 -12.761310 -58.788265 0.236995 0.261851 70.961479 12.619045 -2.885453 -24.808199 -1.408744 0.880807 2.322867 0.000000 -0.000000 -0.000001
0.000000 0.000000 0.000000 0.000000 -0.000000 0.000000 3.663499 -15.761891 -1.025992 -3.079788 -0.800547 13.896383 1.867905 -0.056289 6.182338 0.712801 -0.695065 -0.182026 1.814675 -2.845352 14.915062 -9.562354 0.566892 -29.976433 -2.180164 -3.604485 -3.344517 4.088789 -7.340633 -12.625093 0.000077 -0.000022 0.000006 0.018797 -0.056307 0.001163 0.792652 -3.777600 -10.724378 -0.768807 3.659534 -10.737898 -4.274063 -16.616482 7.250057 -53.067692 -22.684572 18.095367 0.368287 -32.913158 -0.024449 10.267307 5.306203 -5.217494 -5.882102 9.861279 0.702590 -10.936861 -0.360574 7.156197 0.000000 8.774815 -0.000000 -16.353376 18.369732 5.999172 -1.844031 2.498503 -2.507276 -10.163590 4.678941 4.621104 -20.975996 -0.000001 0.000001 -21.226254 2.451698 -3.593995 0.000000 -0.000006 -0.000000 -1.362681 2.240797 -0.746323 -21.334892 0.584910 3.008319 -13.821196 -0.000001 0.000001 -23.887129 -0.249075 -0.839485 -60.715897 2.455005 -0.700698 -0.294025 1.679686 0.833255 -14.218195 0.093215 1.300579 -34.212002 -0.287561 0.967166 -20.033176 0.964536 1.212838 0.000000 -0.000000 0.000000 -3.440387 0.788233 0.501655 -15.928172 -3.167306 2.999703 -6.338817 -0.000000 0.000001 -18.123419 3.648181 -4.905662 -0.000004 0.000000 -0.000002 4.984272 21.104349 10.857813 48.187622 21.996109 4.169444 0.668342 43.592907 0.350190 1.644957 -5.589898 -0.357957 2.243540 -5.255033 -3.180156 14.282877 -0.826594 6.952496 -0.000000 -12.690593 -0.000001 16.448416 -17.729040 2.369744 1.665665 -1.955920 -2.878297 4.727794 -4.170584 4.993919 11.020511 0.000001 -0.000000 12.109032 -3.735715 -2.866778 0.000000 -0.000000 0.000000 1.291985 -1.928548 -1.498088 14.800115 0.567467 3.865604 14.242553 -1.341738 -6.660648 19.631935 0.143921 -0.648243 49.859612 -0.612157 -6.472853 0.353029 -1.511150 -0.031940 20.222769 3.684305 2.316629 18.787249 0.000001 -0.000001 10.751608 -0.479870 1.397903 0.000000 -0.000000 0.000000 3.273804 0.305947 -0.580110 21.486790 11.830364 2.266131 8.162915 0.000000 -0.000000 18.399052 -3.798986 -4.940567 0.000003 0.000000 -0.000001 3.311739 9.825819 -56.086819 0.172032 -0.002692 71.010284 -13.020792 18.431421 -30.153011 1.624675 -2.291091 2.982719 0.000000 -0.000000 0.000002 -4.223773 -12.816409 -54.266712 0.227594 0.262821 65.402016 12.720934 -3.603849 -22.922644 -1.413061 0.874681 2.389081 0.000000 -0.000000 -0.000001
0.000000 0.000000 0.000000 0.000000 -0.000000 0.000000 4.085735 -13.347432 -0.359718 -2.909172 -0.469923 13.032070 1.837233 -0.048426 5.843208 0.693113 -0.613337 -0.565407 1.692419 -2.783791 14.617377 -9.328606 0.820316 -28.460691 -2.123811 -3.409821 -3.360698 3.858414 -7.242513 -12.702995 0.000077 -0.000022 0.000006 0.020809 -0.051043 0.013123 0.793018 -3.773663 -10.724521 -0.765143 3.667067 -10.735132 -4.329968 -15.656638 7.769144 -55.175522 -21.068272 17.743116 0.100974 -32.934929 0.048247 10.415875 4.673369 -4.886569 -5.882102 9.861279 0.702590 -10.936861 -0.360574 7.156197 0.000000 8.774815 -0.000000 -16.373566 18.377840 5.988145 -1.844031 2.498503 -2.507276 -10.163590 4.678941 4.621104 -20.975996 -0.000001 0.000001 -21.226254 2.451698 -3.593995 0.000000 -0.000006 -0.000000 -1.362681 2.240797 -0.746323 -21.334892 0.584910 3.008319 -13.821196 -0.000001 0.000001 -23.887129 -0.249075 -0.839485 -60.829830 2.479227 -0.687364 -0.294025 1.679686 0.833255 -14.218195 0.093215 1.300579 -34.212002 -0.287561 0.967166 -20.033176 0.964536 1.212838 0.000000 -0.000000 0.000000 -3.440387 0.788233 0.501655 -15.928172 -3.167306 2.999703 -6.338817 -0.000000 0.000001 -18.123419 3.648181 -4.905662 -0.000004 0.000000 -0.000002 5.011220 20.497543 11.233350 49.526882 20.842506 3.775128 0.705766 42.857933 0.327004 1.552497 -5.307892 -0.139679 2.243540 -5.255033 -3.180156 14.282877 -0.826594 6.952496 -0.000000 -12.690593 -0.000001 16.430241 -17.739193 2.374982 1.665665 -1.955920 -2.878297 4.727794 -4.170584 4.993919 11.020511 0.000001 -0.000000 12.109032 -3.735715 -2.866778 0.000000 -0.000000 0.000000 1.291985 -1.928548 -1.498088 14.800115 0.567467 3.865604 14.242553 -1.341738 -6.660648 19.631935 0.143921 -0.648243 49.870800 -0.587761 -6.471060 0.353029 -1.511150 -0.031940 20.222769 3.684305 2.316629 18.787249 0.000001 -0.000001 10.751608 -0.479870 1.397903 0.000000 -0.000000 0.000000 3.273804 0.305947 -0.580110 21.486790 11.830364 2.266131 8.162915 0.000000 -0.000000 18.399052 -3.798986 -4.940567 0.000003 0.000000 -0.000001 3.008551 9.430630 -51.824940 0.171025 0.008840 65.597771 -11.983047 18.593399 -28.151169 1.634947 -2.301947 2.848804 0.000000 -0.000000 0.000002 -4.741740 -12.868207 -49.643303 0.214524 0.260221 59.635166 12.741012 -4.451622 -20.902838 -1.419125 0.875956 2.411693 0.000000 -0.000000 -0.000001
0.000000 0.000000 0.000000 0.000000 -0.000000 0.000000 4.544297 -11.072514 0.339992 -2.734007 -0.078864 12.154749 1.778720 -0.036695 5.462574 0.656664 -0.525200 -0.953216 1.611619 -2.734527 14.330270 -8.973792 1.084562 -26.877193 -2.079709 -3.233745 -3.369058 3.600958 -7.184818 -12.789918 0.000077 -0.000022 0.000006 0.022755 -0.045398 0.027570 0.791143 -3.768351 -10.712652 -0.759242 3.674535 -10.722132 -4.316730 -14.728889 8.266462 -56.986847 -19.545485 17.765081 -0.098448 -32.843803 0.073016 10.339427 4.183259 -4.509996 -5.882102 9.861279 0.702590 -10.936861 -0.360574 7.156197 0.000000 8.774815 -0.000000 -16.411221 18.385595 5.999492 -1.844031 2.498503 -2.507276 -10.163590 4.678941 4.621104 -20.975996 -0.000001 0.000001 -21.226254 2.451698 -3.593995 0.000000 -0.000006 -0.000000 -1.362681 2.240797 -0.746323 -21.334892 0.584910 3.008319 -13.821196 -0.000001 0.000001 -23.887129 -0.249075 -0.839485 -60.974651 2.508045 -0.662826 -0.294025 1.679686 0.833255 -14.218195 0.093215 1.300579 -34.212002 -0.287561 0.967166 -20.033176 0.964536 1.212838 0.000000 -0.000000 0.000000 -3.440387 0.788233 0.501655 -15.928172 -3.167306 2.999703 -6.338817 -0.000000 0.000001 -18.123419 3.648181 -4.905662 -0.000004 0.000000 -0.000002 5.092646 19.866127 11.589321 50.906796 19.644699 3.064952 0.748351 42.077400 0.306382 1.295740 -4.985762 -0.223680 2.243540 -5.255033 -3.180156 14.282877 -0.826594 6.952496 -0.000000 -12.690593 -0.000001 16.418312 -17.754000 2.381652 1.665665 -1.955920 -2.878297 4.727794 -4.170584 4.993919 11.020511 0.000001 -0.000000 12.109032 -3.735715 -2.866778 0.000000 -0.000000 0.000000 1.291985 -1.928548 -1.498088 14.800115 0.567467 3.865604 14.242553 -1.341738 -6.660648 19.631935 0.143921 -0.648243 49.887581 -0.564414 -6.462202 0.353029 -1.511150 -0.031940 20.222769 3.684305 2.316629 18.787249 0.000001 -0.000001 10.751608 -0.479870 1.397903 0.000000 -0.000000 0.000000 3.273804 0.305947 -0.580110 21.486790 11.830364 2.266131 8.162915 0.000000 -0.000000 18.399052 -3.798986 -4.940567 0.000003 0.000000 -0.000001 2.685855 9.069150 -47.542637 0.168918 0.023051 60.100754 -10.855416 18.656776 -26.037975 1.645205 -2.298965 2.700292 0.000000 -0.000000 0.000002 -5.307056 -12.927617 -44.923843 0.204691 0.262592 53.676468 12.663274 -5.440911 -18.752789 -1.425382 0.881254 2.409451 0.000000 -0.000000 -0.000001
0.000000 0.000000 0.000000 0.000000 -0.000000 0.000000 5.043775 -9.009144 1.074644 -2.486320 0.351959 11.290103 1.660987 -0.034646 5.024302 0.604441 -0.450226 -1.348764 1.536592 -2.694405 14.047062 -8.520725 1.351002 -25.225950 -2.040757 -3.110457 -3.371193 3.348306 -7.156714 -12.957288 0.000077 -0.000022 0.000006 0.021587 -0.046903 0.045070 0.783948 -3.771823 -10.694156 -0.754104 3.675937 -10.700816 -4.216233 -13.890108 8.693899 -58.582336 -18.092472 17.987806 -0.263259 -32.594250 0.085588 10.129179 3.818095 -4.172809 -5.882102 9.861279 0.702590 -10.936861 -0.360574 7.156197 0.000000 8.774815 -0.000000 -16.455084 18.412943 6.000249 -1.844031 2.498503 -2.507276 -10.163590 4.678941 4.621104 -20.975996 -0.000001 0.000001 -21.226254 2.451698 -3.593995 0.000000 -0.000006 -0.000000 -1.362681 2.240797 -0.746323 -21.334892 0.584910 3.008319 -13.821196 -0.000001 0.000001 -23.887129 -0.249075 -0.839485 -61.100845 2.539903 -0.665951 -0.294025 1.679686 0.833255 -14.218195 0.093215 1.300579 -34.212002 -0.287561 0.967166 -20.033176 0.964536 1.212838 0.000000 -0.000000 0.000000 -3.440387 0.788233 0.501655 -15.928172 -3.167306 2.999703 -6.338817 -0.000000 0.000001 -18.123419 3.648181 -4.905662 -0.000004 0.000000 -0.000002 5.196181 19.212358 11.916800 52.212803 18.459026 2.492083 0.691759 41.300140 0.242674 1.079487 -4.704344 -0.376555 2.243540 -5.255033 -3.180156 14.282877 -0.826594 6.952496 -0.000000 -12.690593 -0.000001 16.431128 -17.779016 2.388460 1.665665 -1.955920 -2.878297 4.727794 -4.170584 4.993919 11.020511 0.000001 -0.000000 12.109032 -3.735715 -2.866778 0.000000 -0.000000 0.000000 1.291985 -1.928548 -1.498088 14.800115 0.567467 3.865604 14.242553 -1.341738 -6.660648 19.631935 0.143921 -0.648243 49.926983 -0.559315 -6.442560 0.353029 -1.511150 -0.031940 20.222769 3.684305 2.316629 18.787249 0.000001 -0.000001 10.751608 -0.479870 1.397903 0.000000 -0.000000 0.000000 3.273804 0.305947 -0.580110 21.486790 11.830364 2.266131 8.162915 0.000000 -0.000000 18.399052 -3.798986 -4.940567 0.000003 0.000000 -0.000001 2.261900 8.742837 -43.322552 0.161103 0.038628 54.653465 -9.752763 18.597034 -23.926800 1.656309 -2.294428 2.571090 0.000000 -0.000000 0.000002 -5.997971 -13.010901 -40.216923 0.197181 0.271341 47.692734 12.504222 -6.460228 -16.541132 -1.429336 0.877793 2.425764 0.000000 -0.000000 -0.000001
0.000000 0.000000 0.000000 0.000000 -0.000000 0.000000 5.603326 -7.111081 1.842044 -2.152539 0.785476 10.422709 1.483802 -0.054909 4.528448 0.543031 -0.383838 -1.745845 1.445917 -2.671030 13.759156 -8.002007 1.590854 -23.523176 -2.002288 -3.009403 -3.381470 3.139613 -7.130660 -13.150756 0.000077 -0.000022 0.000006 0.016044 -0.052399 0.060506 0.771872 -3.780524 -10.677085 -0.752724 3.673728 -10.678972 -4.050894 -13.132383 9.076311 -60.072834 -16.696842 18.241087 -0.363130 -32.168953 0.075849 9.913625 3.537698 -3.749813 -5.882102 9.861279 0.702590 -10.936861 -0.360574 7.156197 0.000000 8.774815 -0.000000 -16.478691 18.437214 6.007317 -1.844031 2.498503 -2.507276 -10.163590 4.678941 4.621104 -20.975996 -0.000001 0.000001 -21.226254 2.451698 -3.593995 0.000000 -0.000006 -0.000000 -1.362681 2.240797 -0.746323 -21.334892 0.584910 3.008319 -13.821196 -0.000001 0.000001 -23.887129 -0.249075 -0.839485 -61.171032 2.570883 -0.661648 -0.294025 1.679686 0.833255 -14.218195 0.093215 1.300579 -34.212002 -0.287561 0.967166 -20.033176 0.964536 1.212838 0.000000 -0.000000 0.000000 -3.440387 0.788233 0.501655 -15.928172 -3.167306 2.999703 -6.338817 -0.000000 0.000001 -18.123419 3.648181 -4.905662 -0.000004 0.000000 -0.000002 5.257319 18.558830 12.186329 53.496357 17.292505 2.178854 0.574888 40.517239 0.151715 0.963584 -4.472498 -0.350480 2.243540 -5.255033 -3.180156 14.282877 -0.826594 6.952496 -0.000000 -12.690593 -0.000001 16.481817 -17.807308 2.397765 1.665665 -1.955920 -2.878297 4.727794 -4.170584 4.993919 11.020511 0.000001 -0.000000 12.109032 -3.735715 -2.866778 0.000000 -0.000000 0.000000 1.291985 -1.928548 -1.498088 14.800115 0.567467 3.865604 14.242553 -1.341738 -6.660648 19.631935 0.143921 -0.648243 49.980068 -0.570080 -6.403977 0.353029 -1.511150 -0.031940 20.222769 3.684305 2.316629 18.787249 0.000001 -0.000001 10.751608 -0.479870 1.397903 0.000000 -0.000000 0.000000 3.273804 0.305947 -0.580110 21.486790 11.830364 2.266131 8.162915 0.000000 -0.000000 18.399052 -3.798986 -4.940567 0.000003 0.000000 -0.000001 1.701788 8.485496 -39.057957 0.143592 0.047500 49.109257 -8.659326 18.492371 -21.779610 1.665156 -2.291416 2.453982 0.000000 -0.000000 0.000002 -6.868833 -12.974631 -35.399323 0.188891 0.287759 41.485455 12.238271 -7.580669 -14.181748 -1.430999 0.864035 2.406081 0.000000 -0.000000 -0.000001
0.000000 0.000000 0.000000 0.000000 -0.000000 0.000000 6.221580 -5.368092 2.665703 -1.731990 1.162615 9.539267 1.262917 -0.104313 4.005592 0.485197 -0.329200 -2.126926 1.313144 -2.645724 13.463025 -7.437515 1.823077 -21.810331 -1.986953 -2.933912 -3.395293 2.979002 -7.082682 -13.320093 0.000077 -0.000022 0.000006 0.005167 -0.064726 0.070432 0.752918 -3.800464 -10.667690 -0.755039 3.668077 -10.662172 -3.810875 -12.458549 9.468532 -61.580986 -15.412006 18.186697 -0.417321 -31.514179 0.054364 9.817211 3.278462 -3.188404 -5.882102 9.861279 0.702590 -10.936861 -0.360574 7.156197 0.000000 8.774815 -0.000000 -16.440029 18.443155 6.035639 -1.844031 2.498503 -2.507276 -10.163590 4.678941 4.621104 -20.975996 -0.000001 0.000001 -21.226254 2.451698 -3.593995 0.000000 -0.000006 -0.000000 -1.362681 2.240797 -0.746323 -21.334892 0.584910 3.008319 -13.821196 -0.000001 0.000001 -23.887129 -0.249075 -0.839485 -61.134666 2.612009 -0.674968 -0.294025 1.679686 0.833255 -14.218195 0.093215 1.300579 -34.212002 -0.287561 0.967166 -20.033176 0.964536 1.212838 0.000000 -0.000000 0.000000 -3.440387 0.788233 0.501655 -15.928172 -3.167306 2.999703 -6.338817 -0.000000 0.000001 -18.123419 3.648181 -4.905662 -0.000004 0.000000 -0.000002 5.189902 17.896114 12.334149 54.876266 16.164841 1.981272 0.542143 39.714725 0.120973 0.844996 -4.159861 -0.137589 2.243540 -5.255033 -3.180156 14.282877 -0.826594 6.952496 -0.000000 -12.690593 -0.000001 16.542038 -17.809513 2.398838 1.665665 -1.955920 -2.878297 4.727794 -4.170584 4.993919 11.020511 0.000001 -0.000000 12.109032 -3.735715 -2.866778 0.000000 -0.000000 0.000000 1.291985 -1.928548 -1.498088 14.800115 0.567467 3.865604 14.242553 -1.341738 -6.660648 19.631935 0.143921 -0.648243 49.958351 -0.577440 -6.390801 0.353029 -1.511150 -0.031940 20.222769 3.684305 2.316629 18.787249 0.000001 -0.000001 10.751608 -0.479870 1.397903 0.000000 -0.000000 0.000000 3.273804 0.305947 -0.580110 21.486790 11.830364 2.266131 8.162915 0.000000 -0.000000 18.399052 -3.798986 -4.940567 0.000003 0.000000 -0.000001 1.011226 8.304354 -34.665955 0.114921 0.032624 43.380398 -7.557697 18.441069 -19.530750 1.671390 -2.290935 2.345981 0.000000 -0.000000 0.000002 -7.952522 -12.522724 -30.368231 0.171535 0.323895 34.885483 11.769800 -9.020025 -11.615985 -1.431288 0.865596 2.218462 0.000000 -0.000000 -0.000001
0.000000 0.000000 0.000000 0.000000 -0.000000 0.000000 6.857418 -3.726185 3.551607 -1.341173 1.378074 8.644097 1.047210 -0.146563 3.487265 0.435817 -0.289311 -2.549553 1.224401 -2.585605 13.208544 -6.830980 2.001595 -20.211361 -1.943417 -2.787151 -3.376145 2.732778 -7.009966 -13.316238 0.000077 -0.000022 0.000006 0.008895 -0.021452 0.080498 0.749991 -3.771020 -10.688519 -0.744218 3.723503 -10.687793 -3.559929 -11.854859 9.943645 -63.121002 -14.189496 17.528881 -0.475341 -30.842501 0.014679 9.999693 3.079635 -2.567087 -5.882102 9.861279 0.702590 -10.936861 -0.360574 7.156197 0.000000 8.774815 -0.000000 -16.411726 18.401091 6.011912 -1.844031 2.498503 -2.507276 -10.163590 4.678941 4.621104 -20.975996 -0.000001 0.000001 -21.226254 2.451698 -3.593995 0.000000 -0.000006 -0.000000 -1.362681 2.240797 -0.746323 -21.334892 0.584910 3.008319 -13.821196 -0.000001 0.000001 -23.887129 -0.249075 -0.839485 -61.030876 2.627398 -0.751521 -0.294025 1.679686 0.833255 -14.218195 0.093215 1.300579 -34.212002 -0.287561 0.967166 -20.033176 0.964536 1.212838 0.000000 -0.000000 0.000000 -3.440387 0.788233 0.501655 -15.928172 -3.167306 2.999703 -6.338817 -0.000000 0.000001 -18.123419 3.648181 -4.905662 -0.000004 0.000000 -0.000002 5.000370 17.150623 12.370251 56.314957 15.084463 2.066723 0.436008 39.104256 0.141981 0.780114 -3.680015 -0.176825 2.243540 -5.255033 -3.180156 14.282877 -0.826594 6.952496 -0.000000 -12.690593 -0.000001 16.480797 -17.810135 2.425720 1.665665 -1.955920 -2.878297 4.727794 -4.170584 4.993919 11.020511 0.000001 -0.000000 12.109032 -3.735715 -2.866778 0.000000 -0.000000 0.000000 1.291985 -1.928548 -1.498088 14.800115 0.567467 3.865604 14.242553 -1.341738 -6.660648 19.631935 0.143921 -0.648243 49.917313 -0.652038 -6.446850 0.353029 -1.511150 -0.031940 20.222769 3.684305 2.316629 18.787249 0.000001 -0.000001 10.751608 -0.479870 1.397903 0.000000 -0.000000 0.000000 3.273804 0.305947 -0.580110 21.486790 11.830364 2.266131 8.162915 0.000000 -0.000000 18.399052 -3.798986 -4.940567 0.000003 0.000000 -0.000001 0.354265 8.254196 -30.004324 0.082836 0.005914 37.235641 -6.332551 18.614256 -17.081347 1.670144 -2.310956 2.244741 0.000000 -0.000000 0.000002 -9.137236 -11.352983 -25.501867 0.156782 0.347023 28.615585 10.800581 -10.968886 -7.974511 -1.449170 0.843606 1.688344 0.000000 -0.000000 -0.000001
0.000000 0.000000 0.000000 0.000000 -0.000000 0.000000 7.465004 -2.268521 4.399596 -1.066280 1.352839 7.742077 0.739254 -0.232884 2.893276 0.383433 -0.269050 -2.848334 1.345854 -2.521091 12.918793 -6.209427 2.330676 -18.522797 -1.828342 -2.758523 -3.426053 2.365405 -6.817629 -13.065520 0.000077 -0.000022 0.000006 -0.010610 -0.055435 0.069080 0.723876 -3.800714 -10.668309 -0.756857 3.684054 -10.669693 -3.146946 -11.213065 10.110210 -64.810303 -12.607925 16.651344 -0.592076 -30.533237 0.072451 10.463286 2.976553 -2.030298 -5.882102 9.861279 0.702590 -10.936861 -0.360574 7.156197 0.000000 8.774815 -0.000000 -16.452286 18.400953 5.981222 -1.844031 2.498503 -2.507276 -10.163590 4.678941 4.621104 -20.975996 -0.000001 0.000001 -21.226254 2.451698 -3.593995 0.000000 -0.000006 -0.000000 -1.362681 2.240797 -0.746323 -21.334892 0.584910 3.008319 -13.821196 -0.000001 0.000001 -23.887129 -0.249075 -0.839485 -60.979103 2.675293 -0.890594 -0.294025 1.679686 0.833255 -14.218195 0.093215 1.300579 -34.212002 -0.287561 0.967166 -20.033176 0.964536 1.212838 0.000000 -0.000000 0.000000 -3.440387 0.788233 0.501655 -15.928172 -3.167306 2.999703 -6.338817 -0.000000 0.000001 -18.123419 3.648181 -4.905662 -0.000004 0.000000 -0.000002 4.678407 16.529118 12.179006 57.887146 13.889153 2.255678 0.357902 38.807667 0.049197 0.887513 -3.038521 -0.370750 2.243540 -5.255033 -3.180156 14.282877 -0.826594 6.952496 -0.000000 -12.690593 -0.000001 16.452734 -17.865936 2.491219 1.665665 -1.955920 -2.878297 4.727794 -4.170584 4.993919 11.020511 0.000001 -0.000000 12.109032 -3.735715 -2.866778 0.000000 -0.000000 0.000000 1.291985 -1.928548 -1.498088 14.800115 0.567467 3.865604 14.242553 -1.341738 -6.660648 19.631935 0.143921 -0.648243 49.853630 -0.720025 -6.433564 0.353029 -1.511150 -0.031940 20.222769 3.684305 2.316629 18.787249 0.000001 -0.000001 10.751608 -0.479870 1.397903 0.000000 -0.000000 0.000000 3.273804 0.305947 -0.580110 21.486790 11.830364 2.266131 8.162915 0.000000 -0.000000 18.399052 -3.798986 -4.940567 0.000003 0.000000 -0.000001 -0.145151 8.347683 -25.246084 0.091772 0.012941 30.880989 -4.960261 18.740091 -14.426850 1.666049 -2.233099 2.099893 0.000000 -0.000000 0.000002 -9.929445 -9.006116 -21.388247 0.134996 0.543002 23.608553 8.294148 -13.408031 -4.642217 -1.445235 0.874882 1.272328 0.000000 -0.000000 -0.000001
0.000000 0.000000 0.000000 0.000000 -0.000000 0.000000 7.973914 -1.091260 5.216632 -1.071676 1.338642 6.860391 0.535306 -0.339984 2.336926 0.328947 -0.332673 -3.232144 1.615044 -2.441866 12.589639 -5.469238 2.599048 -16.582529 -1.724825 -2.752186 -3.428267 2.069334 -6.658522 -12.711450 0.000077 -0.000022 0.000006 -0.007419 -0.036609 0.060257 0.721159 -3.773113 -10.630510 -0.747465 3.694677 -10.639611 -2.790384 -10.621078 10.375334 -66.125450 -10.924534 15.933836 -0.696433 -30.773920 0.097458 10.713463 2.815153 -1.793955 -5.882102 9.861279 0.702590 -10.936861 -0.360574 7.156197 0.000000 8.774815 -0.000000 -16.431334 18.379318 5.982276 -1.844031 2.498503 -2.507276 -10.163590 4.678941 4.621104 -20.975996 -0.000001 0.000001 -21.226254 2.451698 -3.593995 0.000000 -0.000006 -0.000000 -1.362681 2.240797 -0.746323 -21.334892 0.584910 3.008319 -13.821196 -0.000001 0.000001 -23.887129 -0.249075 -0.839485 -60.861713 2.609335 -0.906534 -0.294025 1.679686 0.833255 -14.218195 0.093215 1.300579 -34.212002 -0.287561 0.967166 -20.033176 0.964536 1.212838 0.000000 -0.000000 0.000000 -3.440387 0.788233 0.501655 -15.928172 -3.167306 2.999703 -6.338817 -0.000000 0.000001 -18.123419 3.648181 -4.905662 -0.000004 0.000000 -0.000002 4.488870 15.825332 12.215719 59.300919 12.953927 2.485158 0.400567 38.843155 0.109710 1.010504 -2.574468 -0.858386 2.243540 -5.255033 -3.180156 14.282877 -0.826594 6.952496 -0.000000 -12.690593 -0.000001 16.434643 -17.931395 2.619848 1.665665 -1.955920 -2.878297 4.727794 -4.170584 4.993919 11.020511 0.000001 -0.000000 12.109032 -3.735715 -2.866778 0.000000 -0.000000 0.000000 1.291985 -1.928548 -1.498088 14.800115 0.567467 3.865604 14.242553 -1.341738 -6.660648 19.631935 0.143921 -0.648243 49.939690 -0.792625 -6.357371 0.353029 -1.511150 -0.031940 20.222769 3.684305 2.316629 18.787249 0.000001 -0.000001 10.751608 -0.479870 1.397903 0.000000 -0.000000 0.000000 3.273804 0.305947 -0.580110 21.486790 11.830364 2.266131 8.162915 0.000000 -0.000000 18.399052 -3.798986 -4.940567 0.000003 0.000000 -0.000001 -0.253367 8.467416 -20.715586 0.091625 -0.016700 24.863754 -3.715440 18.630070 -11.885419 1.671763 -2.189245 2.032154 0.000000 -0.000000 0.000002 -9.876142 -6.468526 -18.120895 0.083400 0.565136 20.565996 5.911708 -14.582412 -3.312765 -1.459319 0.964372 0.992834 0.000000 -0.000000 -0.000001
0.000000 0.000000 0.000000 0.000000 -0.000000 0.000000 8.374624 -0.242856 5.978661 -1.270297 1.346327 6.033953 0.383138 -0.355865 1.804386 0.282142 -0.481343 -3.628152 1.915669 -2.510604 12.286908 -4.564933 2.817731 -14.509312 -1.619466 -2.768342 -3.404768 1.785831 -6.403078 -12.309138 0.000077 -0.000022 0.000006 -0.003852 -0.021961 0.069053 0.717056 -3.752625 -10.583346 -0.735501 3.703481 -10.599393 -2.418332 -10.058274 10.627176 -67.056747 -9.132607 15.552342 -0.798287 -31.673388 0.127256 10.877857 2.549187 -1.440691 -5.882102 9.861279 0.702590 -10.936861 -0.360574 7.156197 0.000000 8.774815 -0.000000 -16.338938 18.364578 6.041775 -1.844031 2.498503 -2.507276 -10.163590 4.678941 4.621104 -20.975996 -0.000001 0.000001 -21.226254 2.451698 -3.593995 0.000000 -0.000006 -0.000000 -1.362681 2.240797 -0.746323 -21.334892 0.584910 3.008319 -13.821196 -0.000001 0.000001 -23.887129 -0.249075 -0.839485 -60.878742 2.578896 -0.855411 -0.294025 1.679686 0.833255 -14.218195 0.093215 1.300579 -34.212002 -0.287561 0.967166 -20.033176 0.964536 1.212838 0.000000 -0.000000 0.000000 -3.440387 0.788233 0.501655 -15.928172 -3.167306 2.999703 -6.338817 -0.000000 0.000001 -18.123419 3.648181 -4.905662 -0.000004 0.000000 -0.000002 4.518276 15.091955 12.388725 60.480431 12.189068 2.767543 0.490339 39.292336 0.154872 1.159964 -2.170072 -1.449442 2.243540 -5.255033 -3.180156 14.282877 -0.826594 6.952496 -0.000000 -12.690593 -0.000001 16.353363 -17.941414 2.718541 1.665665 -1.955920 -2.878297 4.727794 -4.170584 4.993919 11.020511 0.000001 -0.000000 12.109032 -3.735715 -2.866778 0.000000 -0.000000 0.000000 1.291985 -1.928548 -1.498088 14.800115 0.567467 3.865604 14.242553 -1.341738 -6.660648 19.631935 0.143921 -0.648243 49.897667 -0.840967 -6.346356 0.353029 -1.511150 -0.031940 20.222769 3.684305 2.316629 18.787249 0.000001 -0.000001 10.751608 -0.479870 1.397903 0.000000 -0.000000 0.000000 3.273804 0.305947 -0.580110 21.486790 11.830364 2.266131 8.162915 0.000000 -0.000000 18.399052 -3.798986 -4.940567 0.000003 0.000000 -0.000001 -0.056612 8.550785 -16.934494 0.074001 -0.056107 20.134815 -2.735003 18.389845 -9.649968 1.677455 -2.140725 1.945231 0.000000 -0.000000 0.000002 -8.988482 -4.256930 -15.516465 0.051615 0.577839 18.823845 6.480371 -13.368155 -3.592768 -1.470214 1.045844 0.657934 0.000000 -0.000000 -0.000001
0.000000 0.000000 0.000000 0.000000 -0.000000 0.000000 8.699433 0.295925 6.730919 -1.444456 1.373385 5.291817 0.211762 -0.344168 1.270410 0.227769 -0.654756 -4.026924 2.131732 -2.632374 12.015624 -3.565182 2.917763 -12.387407 -1.548915 -2.789821 -3.378031 1.547601 -6.193765 -11.813869 0.000077 -0.000022 0.000006 0.000979 -0.009710 0.077080 0.722685 -3.737643 -10.554063 -0.730575 3.713503 -10.577640 -2.144576 -9.502614 10.912457 -67.623405 -7.369625 15.202154 -0.893459 -33.023319 0.185313 10.931266 2.152918 -1.124206 -5.882102 9.861279 0.702590 -10.936861 -0.360574 7.156197 0.000000 8.774815 -0.000000 -16.174637 18.312513 6.098671 -1.844031 2.498503 -2.507276 -10.163590 4.678941 4.621104 -20.975996 -0.000001 0.000001 -21.226254 2.451698 -3.593995 0.000000 -0.000006 -0.000000 -1.362681 2.240797 -0.746323 -21.334892 0.584910 3.008319 -13.821196 -0.000001 0.000001 -23.887129 -0.249075 -0.839485 -60.858688 2.574664 -0.828734 -0.294025 1.679686 0.833255 -14.218195 0.093215 1.300579 -34.212002 -0.287561 0.967166 -20.033176 0.964536 1.212838 0.000000 -0.000000 0.000000 -3.440387 0.788233 0.501655 -15.928172 -3.167306 2.999703 -6.338817 -0.000000 0.000001 -18.123419 3.648181 -4.905662 -0.000004 0.000000 -0.000002 4.736087 14.316143 12.568987 61.483334 11.429993 3.099973 0.629965 40.045650 0.226747 1.279944 -1.758527 -2.004606 2.243540 -5.255033 -3.180156 14.282877 -0.826594 6.952496 -0.000000 -12.690593 -0.000001 16.190834 -17.920826 2.789728 1.665665 -1.955920 -2.878297 4.727794 -4.170584 4.993919 11.020511 0.000001 -0.000000 12.109032 -3.735715 -2.866778 0.000000 -0.000000 0.000000 1.291985 -1.928548 -1.498088 14.800115 0.567467 3.865604 14.242553 -1.341738 -6.660648 19.631935 0.143921 -0.648243 49.740349 -0.868637 -6.403917 0.353029 -1.511150 -0.031940 20.222769 3.684305 2.316629 18.787249 0.000001 -0.000001 10.751608 -0.479870 1.397903 0.000000 -0.000000 0.000000 3.273804 0.305947 -0.580110 21.486790 11.830364 2.266131 8.162915 0.000000 -0.000000 18.399052 -3.798986 -4.940567 0.000003 0.000000 -0.000001 0.166032 8.527884 -13.766867 0.055415 -0.075074 16.436605 -1.997603 18.173012 -8.051033 1.682496 -2.088968 1.835536 0.000000 -0.000000 0.000002 -7.658737 -2.451461 -13.059072 0.025684 0.572371 16.563574 8.282112 -10.881475 -4.229975 -1.475725 1.122947 0.175521 0.000000 -0.000000 -0.000001
0.000000 0.000000 0.000000 0.000000 -0.000000 0.000000 8.974420 0.578952 7.437430 -1.388872 1.437381 4.655582 -0.026681 -0.326944 0.732399 0.157906 -0.776591 -4.388782 2.178173 -2.731649 11.794003 -2.628242 2.928429 -10.379061 -1.519257 -2.858944 -3.370216 1.374852 -6.088672 -11.183558 0.000077 -0.000022 0.000006 0.008640 0.014925 0.072844 0.739597 -3.715625 -10.566450 -0.731457 3.742455 -10.599126 -2.200469 -8.920096 11.270230 -67.714516 -5.909550 14.850207 -0.906292 -34.451675 0.222025 10.847463 1.776567 -1.367340 -5.882102 9.861279 0.702590 -10.936861 -0.360574 7.156197 0.000000 8.774815 -0.000000 -15.983149 18.237402 6.116183 -1.844031 2.498503 -2.507276 -10.163590 4.678941 4.621104 -20.975996 -0.000001 0.000001 -21.226254 2.451698 -3.593995 0.000000 -0.000006 -0.000000 -1.362681 2.240797 -0.746323 -21.334892 0.584910 3.008319 -13.821196 -0.000001 0.000001 -23.887129 -0.249075 -0.839485 -60.735313 2.573659 -0.842840 -0.294025 1.679686 0.833255 -14.218195 0.093215 1.300579 -34.212002 -0.287561 0.967166 -20.033176 0.964536 1.212838 0.000000 -0.000000 0.000000 -3.440387 0.788233 0.501655 -15.928172 -3.167306 2.999703 -6.338817 -0.000000 0.000001 -18.123419 3.648181 -4.905662 -0.000004 0.000000 -0.000002 5.128448 13.515272 12.692655 62.219597 10.626864 3.765665 0.599241 40.869473 0.236314 1.431933 -1.189345 -2.779900 2.243540 -5.255033 -3.180156 14.282877 -0.826594 6.952496 -0.000000 -12.690593 -0.000001 16.030142 -17.920324 2.829882 1.665665 -1.955920 -2.878297 4.727794 -4.170584 4.993919 11.020511 0.000001 -0.000000 12.109032 -3.735715 -2.866778 0.000000 -0.000000 0.000000 1.291985 -1.928548 -1.498088 14.800115 0.567467 3.865604 14.242553 -1.341738 -6.660648 19.631935 0.143921 -0.648243 49.542168 -0.885006 -6.504737 0.353029 -1.511150 -0.031940 20.222769 3.684305 2.316629 18.787249 0.000001 -0.000001 10.751608 -0.479870 1.397903 0.000000 -0.000000 0.000000 3.273804 0.305947 -0.580110 21.486790 11.830364 2.266131 8.162915 0.000000 -0.000000 18.399052 -3.798986 -4.940567 0.000003 0.000000 -0.000001 0.147088 8.309218 -11.088120 0.049257 -0.080852 13.442004 -1.465354 18.128168 -7.022947 1.686999 -2.064070 1.736893 0.000000 -0.000000 0.000002 -6.458951 -0.985603 -10.671253 -0.025709 0.467705 13.231915 8.955740 -9.097278 -4.448541 -1.474968 1.147498 -0.256004 0.000000 -0.000000 -0.000001
0.000000 0.000000 0.000000 0.000000 -0.000000 0.000000 9.221575 0.640819 8.046321 -0.991921 1.537105 4.130208 -0.345085 -0.246150 0.178360 0.055126 -0.807206 -4.687618 2.033504 -2.818549 11.679793 -1.840009 2.828775 -8.659674 -1.480846 -2.808626 -3.398557 1.205760 -6.093350 -10.356289 0.000077 -0.000022 0.000006 0.016498 0.048592 0.052375 0.753690 -3.688987 -10.616210 -0.729457 3.785002 -10.648769 -2.727104 -8.336464 11.650311 -67.226776 -4.950097 14.512822 -0.942653 -35.511696 0.221088 10.599204 1.583730 -2.016282 -5.882102 9.861279 0.702590 -10.936861 -0.360574 7.156197 0.000000 8.774815 -0.000000 -15.864523 18.167477 6.068591 -1.844031 2.498503 -2.507276 -10.163590 4.678941 4.621104 -20.975996 -0.000001 0.000001 -21.226254 2.451698 -3.593995 0.000000 -0.000006 -0.000000 -1.362681 2.240797 -0.746323 -21.334892 0.584910 3.008319 -13.821196 -0.000001 0.000001 -23.887129 -0.249075 -0.839485 -60.602020 2.600312 -0.928627 -0.294025 1.679686 0.833255 -14.218195 0.093215 1.300579 -34.212002 -0.287561 0.967166 -20.033176 0.964536 1.212838 0.000000 -0.000000 0.000000 -3.440387 0.788233 0.501655 -15.928172 -3.167306 2.999703 -6.338817 -0.000000 0.000001 -18.123419 3.648181 -4.905662 -0.000004 0.000000 -0.000002 5.739999 12.655794 12.826633 62.578503 9.942298 4.726459 0.301938 41.406513 0.110060 1.670518 -0.415299 -4.015384 2.243540 -5.255033 -3.180156 14.282877 -0.826594 6.952496 -0.000000 -12.690593 -0.000001 15.925416 -17.945126 2.835790 1.665665 -1.955920 -2.878297 4.727794 -4.170584 4.993919 11.020511 0.000001 -0.000000 12.109032 -3.735715 -2.866778 0.000000 -0.000000 0.000000 1.291985 -1.928548 -1.498088 14.800115 0.567467 3.865604 14.242553 -1.341738 -6.660648 19.631935 0.143921 -0.648243 49.400341 -0.860814 -6.567535 0.353029 -1.511150 -0.031940 20.222769 3.684305 2.316629 18.787249 0.000001 -0.000001 10.751608 -0.479870 1.397903 0.000000 -0.000000 0.000000 3.273804 0.305947 -0.580110 21.486790 11.830364 2.266131 8.162915 0.000000 -0.000000 18.399052 -3.798986 -4.940567 0.000003 0.000000 -0.000001 -0.253140 7.836369 -8.795172 0.043094 -0.078487 10.873663 -1.116164 18.178972 -6.484110 1.681356 -2.083960 1.708154 0.000000 -0.000000 0.000002 -5.849417 0.121099 -8.518296 -0.081439 0.245707 9.418036 8.122952 -8.474738 -3.592875 -1.471514 1.067444 -0.272597 0.000000 -0.000000 -0.000001
0.000000 0.000000 0.000000 0.000000 -0.000000 0.000000 9.436529 0.550380 8.518688 -0.444214 1.684533 3.603478 -0.450568 -0.192736 -0.308968 -0.084295 -0.765631 -4.938218 1.659173 -2.845816 11.684700 -1.453959 2.730047 -7.091853 -1.419171 -2.807368 -3.446145 1.075787 -5.978459 -9.375546 0.000077 -0.000022 0.000006 0.014739 0.040824 0.030270 0.734446 -3.685542 -10.592565 -0.713395 3.767579 -10.618241 -4.008209 -7.709036 11.644426 -66.002098 -4.240273 14.747416 -0.746051 -35.711132 0.164775 10.232872 1.565619 -2.972461 -5.882102 9.861279 0.702590 -10.936861 -0.360574 7.156197 0.000000 8.774815 -0.000000 -15.916926 18.181356 6.125039 -1.844031 2.498503 -2.507276 -10.163590 4.678941 4.621104 -20.975996 -0.000001 0.000001 -21.226254 2.451698 -3.593995 0.000000 -0.000006 -0.000000 -1.362681 2.240797 -0.746323 -21.334892 0.584910 3.008319 -13.821196 -0.000001 0.000001 -23.887129 -0.249075 -0.839485 -60.598717 2.775071 -0.976157 -0.294025 1.679686 0.833255 -14.218195 0.093215 1.300579 -34.212002 -0.287561 0.967166 -20.033176 0.964536 1.212838 0.000000 -0.000000 0.000000 -3.440387 0.788233 0.501655 -15.928172 -3.167306 2.999703 -6.338817 -0.000000 0.000001 -18.123419 3.648181 -4.905662 -0.000004 0.000000 -0.000002 6.367410 12.046191 12.908964 62.770069 9.494815 5.537895 0.252930 40.988831 0.095071 1.848251 0.404298 -5.573500 2.243540 -5.255033 -3.180156 14.282877 -0.826594 6.952496 -0.000000 -12.690593 -0.000001 16.013166 -17.981482 2.797194 1.665665 -1.955920 -2.878297 4.727794 -4.170584 4.993919 11.020511 0.000001 -0.000000 12.109032 -3.735715 -2.866778 0.000000 -0.000000 0.000000 1.291985 -1.928548 -1.498088 14.800115 0.567467 3.865604 14.242553 -1.341738 -6.660648 19.631935 0.143921 -0.648243 49.384998 -0.783306 -6.562097 0.353029 -1.511150 -0.031940 20.222769 3.684305 2.316629 18.787249 0.000001 -0.000001 10.751608 -0.479870 1.397903 0.000000 -0.000000 0.000000 3.273804 0.305947 -0.580110 21.486790 11.830364 2.266131 8.162915 0.000000 -0.000000 18.399052 -3.798986 -4.940567 0.000003 0.000000 -0.000001 -0.830229 7.498295 -7.264924 0.069273 -0.007086 9.667253 -1.020034 17.759089 -6.472786 1.671183 -2.143097 1.813781 0.000000 -0.000000 0.000002 -5.987170 0.800789 -6.887307 -0.096911 0.015852 7.069404 6.683438 -8.915173 -2.196904 -1.444929 1.016785 0.452048 0.000000 -0.000000 -0.000001
0.000000 0.000000 0.000000 0.000000 -0.000000 0.000000 9.591839 0.568973 8.929665 -0.163091 1.691691 2.913132 -0.425464 -0.158930 -0.636281 -0.129992 -0.736323 -5.060350 1.433179 -2.750614 11.797015 -1.172910 2.672143 -5.891145 -1.400502 -2.749026 -3.413045 1.041606 -5.782230 -8.506893 0.000077 -0.000022 0.000006 0.012344 0.019739 0.021316 0.728172 -3.706859 -10.581107 -0.711304 3.748408 -10.584925 -5.822740 -6.926296 11.831183 -64.638000 -4.417906 14.544144 -0.550874 -34.876972 0.162908 10.505983 1.560202 -3.125798 -5.882102 9.861279 0.702590 -10.936861 -0.360574 7.156197 0.000000 8.774815 -0.000000 -15.957726 18.102800 6.169745 -1.844031 2.498503 -2.507276 -10.163590 4.678941 4.621104 -20.975996 -0.000001 0.000001 -21.226254 2.451698 -3.593995 0.000000 -0.000006 -0.000000 -1.362681 2.240797 -0.746323 -21.334892 0.584910 3.008319 -13.821196 -0.000001 0.000001 -23.887129 -0.249075 -0.839485 -60.657177 2.677691 -0.913453 -0.294025 1.679686 0.833255 -14.218195 0.093215 1.300579 -34.212002 -0.287561 0.967166 -20.033176 0.964536 1.212838 0.000000 -0.000000 0.000000 -3.440387 0.788233 0.501655 -15.928172 -3.167306 2.999703 -6.338817 -0.000000 0.000001 -18.123419 3.648181 -4.905662 -0.000004 0.000000 -0.000002 6.939555 11.671427 12.942169 63.005955 9.509995 6.853697 -0.118930 39.211414 -0.220697 1.724273 0.958682 -6.809341 2.243540 -5.255033 -3.180156 14.282877 -0.826594 6.952496 -0.000000 -12.690593 -0.000001 16.087288 -17.998718 2.774148 1.665665 -1.955920 -2.878297 4.727794 -4.170584 4.993919 11.020511 0.000001 -0.000000 12.109032 -3.735715 -2.866778 0.000000 -0.000000 0.000000 1.291985 -1.928548 -1.498088 14.800115 0.567467 3.865604 14.242553 -1.341738 -6.660648 19.631935 0.143921 -0.648243 49.603657 -0.731780 -6.447433 0.353029 -1.511150 -0.031940 20.222769 3.684305 2.316629 18.787249 0.000001 -0.000001 10.751608 -0.479870 1.397903 0.000000 -0.000000 0.000000 3.273804 0.305947 -0.580110 21.486790 11.830364 2.266131 8.162915 0.000000 -0.000000 18.399052 -3.798986 -4.940567 0.000003 0.000000 -0.000001 -1.008863 7.517320 -5.349545 0.097799 -0.000317 7.886042 -0.936003 17.653660 -5.951777 1.661508 -2.165047 1.794424 0.000000 -0.000000 0.000002 -6.312037 0.456068 -5.606452 -0.110747 0.018057 6.565748 6.915244 -9.193042 -2.252773 -1.432523 1.038507 0.964574 0.000000 -0.000000 -0.000001
0.000000 0.000000 0.000000 0.000000 -0.000000 0.000000 9.711326 0.712886 9.290378 -0.160567 1.718642 2.378197 -0.318625 -0.078070 -1.065129 -0.123208 -0.690764 -5.200368 1.385553 -2.737132 11.933235 -0.904181 2.731638 -4.790224 -1.494707 -2.738188 -3.416945 1.028368 -5.582880 -7.459073 0.000077 -0.000022 0.000006 0.009491 -0.014413 0.006633 0.726506 -3.734266 -10.569285 -0.714624 3.708269 -10.570241 -7.272828 -6.360979 12.020042 -64.213341 -4.884734 13.301528 -0.580988 -33.158890 0.210754 11.106824 1.448670 -3.027549 -5.882102 9.861279 0.702590 -10.936861 -0.360574 7.156197 0.000000 8.774815 -0.000000 -15.973869 18.007845 6.196290 -1.844031 2.498503 -2.507276 -10.163590 4.678941 4.621104 -20.975996 -0.000001 0.000001 -21.226254 2.451698 -3.593995 0.000000 -0.000006 -0.000000 -1.362681 2.240797 -0.746323 -21.334892 0.584910 3.008319 -13.821196 -0.000001 0.000001 -23.887129 -0.249075 -0.839485 -60.486252 2.616453 -0.860421 -0.294025 1.679686 0.833255 -14.218195 0.093215 1.300579 -34.212002 -0.287561 0.967166 -20.033176 0.964536 1.212838 0.000000 -0.000000 0.000000 -3.440387 0.788233 0.501655 -15.928172 -3.167306 2.999703 -6.338817 -0.000000 0.000001 -18.123419 3.648181 -4.905662 -0.000004 0.000000 -0.000002 7.117286 11.542767 12.992083 63.819622 9.862631 7.489792 -0.040488 36.157967 -0.154318 1.671841 0.943585 -7.186496 2.243540 -5.255033 -3.180156 14.282877 -0.826594 6.952496 -0.000000 -12.690593 -0.000001 16.118572 -17.986139 2.747947 1.665665 -1.955920 -2.878297 4.727794 -4.170584 4.993919 11.020511 0.000001 -0.000000 12.109032 -3.735715 -2.866778 0.000000 -0.000000 0.000000 1.291985 -1.928548 -1.498088 14.800115 0.567467 3.865604 14.242553 -1.341738 -6.660648 19.631935 0.143921 -0.648243 49.753525 -0.652327 -6.412049 0.353029 -1.511150 -0.031940 20.222769 3.684305 2.316629 18.787249 0.000001 -0.000001 10.751608 -0.479870 1.397903 0.000000 -0.000000 0.000000 3.273804 0.305947 -0.580110 21.486790 11.830364 2.266131 8.162915 0.000000 -0.000000 18.399052 -3.798986 -4.940567 0.000003 0.000000 -0.000001 -0.638701 7.204648 -3.154705 0.097068 0.078634 4.861230 -0.671111 17.729824 -4.492442 1.656417 -2.115689 1.824053 0.000000 -0.000000 0.000002 -6.414953 0.012913 -4.315061 -0.063934 0.043302 5.605628 7.372885 -9.167296 -1.438421 -1.419869 1.072598 1.132771 0.000000 -0.000000 -0.000001
0.000000 0.000000 0.000000 0.000000 -0.000000 0.000000 9.713113 0.819492 9.603152 -0.186930 1.773306 1.986458 -0.251732 -0.056859 -1.396414 -0.118364 -0.666860 -5.292528 1.342206 -2.701237 11.800407 -0.615035 2.742981 -3.806409 -1.544833 -2.678201 -3.424470 0.992231 -5.387900 -6.544002 0.000077 -0.000022 0.000006 0.014326 -0.003517 -0.006901 0.733920 -3.717572 -10.559473 -0.711619 3.712917 -10.571056 -7.528431 -6.117413 12.104561 -65.084450 -5.057036 12.150610 -0.565348 -31.901525 0.210379 11.638583 1.348768 -3.319772 -5.882102 9.861279 0.702590 -10.936861 -0.360574 7.156197 0.000000 8.774815 -0.000000 -15.868329 17.878738 6.192679 -1.844031 2.498503 -2.507276 -10.163590 4.678941 4.621104 -20.975996 -0.000001 0.000001 -21.226254 2.451698 -3.593995 0.000000 -0.000006 -0.000000 -1.362681 2.240797 -0.746323 -21.334892 0.584910 3.008319 -13.821196 -0.000001 0.000001 -23.887129 -0.249075 -0.839485 -60.131840 2.647144 -0.956177 -0.294025 1.679686 0.833255 -14.218195 0.093215 1.300579 -34.212002 -0.287561 0.967166 -20.033176 0.964536 1.212838 0.000000 -0.000000 0.000000 -3.440387 0.788233 0.501655 -15.928172 -3.167306 2.999703 -6.338817 -0.000000 0.000001 -18.123419 3.648181 -4.905662 -0.000004 0.000000 -0.000002 6.795270 11.523602 12.875832 65.392342 9.988081 7.539954 0.211417 33.237396 0.046954 2.003810 0.345604 -6.834471 2.243540 -5.255033 -3.180156 14.282877 -0.826594 6.952496 -0.000000 -12.690593 -0.000001 16.142704 -17.936251 2.697760 1.665665 -1.955920 -2.878297 4.727794 -4.170584 4.993919 11.020511 0.000001 -0.000000 12.109032 -3.735715 -2.866778 0.000000 -0.000000 0.000000 1.291985 -1.928548 -1.498088 14.800115 0.567467 3.865604 14.242553 -1.341738 -6.660648 19.631935 0.143921 -0.648243 49.668003 -0.654089 -6.519518 0.353029 -1.511150 -0.031940 20.222769 3.684305 2.316629 18.787249 0.000001 -0.000001 10.751608 -0.479870 1.397903 0.000000 -0.000000 0.000000 3.273804 0.305947 -0.580110 21.486790 11.830364 2.266131 8.162915 0.000000 -0.000000 18.399052 -3.798986 -4.940567 0.000003 0.000000 -0.000001 -0.169732 6.765951 -1.646982 0.053425 0.122360 2.816540 -0.685583 17.946751 -3.409688 1.652626 -2.088233 1.898599 0.000000 -0.000000 0.000002 -6.395209 -0.313833 -2.956492 -0.017641 0.036602 4.131728 7.572105 -9.174126 -0.653596 -1.411177 1.063989 1.208937 0.000000 -0.000000 -0.000001
0.000000 0.000000 0.000000 0.000000 -0.000000 0.000000 9.611276 0.822833 9.816336 -0.149218 1.815374 1.645073 -0.271975 -0.091278 -1.594329 -0.133710 -0.640295 -5.343875 1.278443 -2.643160 11.731364 -0.356767 2.717304 -3.294484 -1.536714 -2.613575 -3.447094 1.034197 -5.223846 -5.928820 0.000077 -0.000022 0.000006 0.019075 0.014759 -0.022561 0.738650 -3.699672 -10.564134 -0.706303 3.730346 -10.581947 -7.590474 -5.980182 12.073938 -65.737129 -4.951539 12.003723 -0.474504 -31.769573 0.167511 11.528200 1.189423 -3.379638 -5.882102 9.861279 0.702590 -10.936861 -0.360574 7.156197 0.000000 8.774815 -0.000000 -15.784714 17.808956 6.174482 -1.844031 2.498503 -2.507276 -10.163590 4.678941 4.621104 -20.975996 -0.000001 0.000001 -21.226254 2.451698 -3.593995 0.000000 -0.000006 -0.000000 -1.362681 2.240797 -0.746323 -21.334892 0.584910 3.008319 -13.821196 -0.000001 0.000001 -23.887129 -0.249075 -0.839485 -59.939629 2.656813 -1.067379 -0.294025 1.679686 0.833255 -14.218195 0.093215 1.300579 -34.212002 -0.287561 0.967166 -20.033176 0.964536 1.212838 0.000000 -0.000000 0.000000 -3.440387 0.788233 0.501655 -15.928172 -3.167306 2.999703 -6.338817 -0.000000 0.000001 -18.123419 3.648181 -4.905662 -0.000004 0.000000 -0.000002 6.749040 11.468881 12.822146 66.600700 9.874143 7.518377 0.197426 31.533516 0.092104 2.782944 -0.291214 -6.481094 2.243540 -5.255033 -3.180156 14.282877 -0.826594 6.952496 -0.000000 -12.690593 -0.000001 16.191319 -17.918251 2.660984 1.665665 -1.955920 -2.878297 4.727794 -4.170584 4.993919 11.020511 0.000001 -0.000000 12.109032 -3.735715 -2.866778 0.000000 -0.000000 0.000000 1.291985 -1.928548 -1.498088 14.800115 0.567467 3.865604 14.242553 -1.341738 -6.660648 19.631935 0.143921 -0.648243 49.542469 -0.673488 -6.651073 0.353029 -1.511150 -0.031940 20.222769 3.684305 2.316629 18.787249 0.000001 -0.000001 10.751608 -0.479870 1.397903 0.000000 -0.000000 0.000000 3.273804 0.305947 -0.580110 21.486790 11.830364 2.266131 8.162915 0.000000 -0.000000 18.399052 -3.798986 -4.940567 0.000003 0.000000 -0.000001 0.013252 6.465399 -0.979517 0.020840 0.122943 2.447616 -0.944390 18.125994 -3.281782 1.656017 -2.080771 1.967072 0.000000 -0.000000 0.000002 -6.404519 -0.683428 -1.866551 0.003492 0.003721 3.019032 7.751256 -8.891131 -0.486182 -1.410279 1.047457 1.335073 0.000000 -0.000000 -0.000001
0.000000 0.000000 0.000000 0.000000 -0.000000 0.000000 9.487428 0.752918 9.957611 -0.039394 1.914595 1.296985 -0.356529 -0.108267 -1.662366 -0.168041 -0.633527 -5.373768 1.189333 -2.614322 11.789592 -0.132235 2.677010 -3.155023 -1.481435 -2.488149 -3.469596 1.154816 -5.105726 -5.592657 0.000077 -0.000022 0.000006 0.019530 0.017417 -0.022979 0.743759 -3.698907 -10.572792 -0.710285 3.734396 -10.588830 -7.831804 -5.874012 12.000075 -65.727646 -4.855906 12.942179 -0.407249 -32.176949 0.153426 10.976308 0.913198 -2.933435 -5.882102 9.861279 0.702590 -10.936861 -0.360574 7.156197 0.000000 8.774815 -0.000000 -15.750432 17.813181 6.163989 -1.844031 2.498503 -2.507276 -10.163590 4.678941 4.621104 -20.975996 -0.000001 0.000001 -21.226254 2.451698 -3.593995 0.000000 -0.000006 -0.000000 -1.362681 2.240797 -0.746323 -21.334892 0.584910 3.008319 -13.821196 -0.000001 0.000001 -23.887129 -0.249075 -0.839485 -59.905903 2.630906 -1.075433 -0.294025 1.679686 0.833255 -14.218195 0.093215 1.300579 -34.212002 -0.287561 0.967166 -20.033176 0.964536 1.212838 0.000000 -0.000000 0.000000 -3.440387 0.788233 0.501655 -15.928172 -3.167306 2.999703 -6.338817 -0.000000 0.000001 -18.123419 3.648181 -4.905662 -0.000004 0.000000 -0.000002 7.085636 11.341245 12.892941 67.242523 9.610003 7.596047 0.009691 30.899237 0.038375 3.272312 -0.502200 -6.601265 2.243540 -5.255033 -3.180156 14.282877 -0.826594 6.952496 -0.000000 -12.690593 -0.000001 16.264322 -17.909357 2.628996 1.665665 -1.955920 -2.878297 4.727794 -4.170584 4.993919 11.020511 0.000001 -0.000000 12.109032 -3.735715 -2.866778 0.000000 -0.000000 0.000000 1.291985 -1.928548 -1.498088 14.800115 0.567467 3.865604 14.242553 -1.341738 -6.660648 19.631935 0.143921 -0.648243 49.544071 -0.661768 -6.650810 0.353029 -1.511150 -0.031940 20.222769 3.684305 2.316629 18.787249 0.000001 -0.000001 10.751608 -0.479870 1.397903 0.000000 -0.000000 0.000000 3.273804 0.305947 -0.580110 21.486790 11.830364 2.266131 8.162915 0.000000 -0.000000 18.399052 -3.798986 -4.940567 0.000003 0.000000 -0.000001 0.000788 6.256501 -0.458702 0.016231 0.115025 2.353392 -1.167595 18.185339 -3.509507 1.660688 -2.063772 2.032503 0.000000 -0.000000 0.000002 -6.459903 -1.019676 -1.055964 -0.007179 -0.029468 2.432432 7.981693 -8.663940 -0.707954 -1.418238 1.042392 1.431928 0.000000 -0.000000 -0.000001
0.000000 0.000000 0.000000 0.000000 -0.000000 0.000000 9.360836 0.680423 10.043730 0.086641 2.070957 0.940346 -0.442833 -0.110533 -1.672147 -0.211870 -0.656989 -5.398165 1.086103 -2.620726 11.919804 0.030162 2.620059 -3.092175 -1.416576 -2.351263 -3.476744 1.288336 -4.998198 -5.384952 0.000077 -0.000022 0.000006 0.016567 0.016687 -0.010994 0.748827 -3.699476 -10.578445 -0.721137 3.734322 -10.592783 -8.189180 -5.765733 11.956239 -65.450523 -5.020914 14.226048 -0.366998 -32.337933 0.183214 10.551091 0.731804 -2.218569 -5.882102 9.861279 0.702590 -10.936861 -0.360574 7.156197 0.000000 8.774815 -0.000000 -15.704958 17.836424 6.190751 -1.844031 2.498503 -2.507276 -10.163590 4.678941 4.621104 -20.975996 -0.000001 0.000001 -21.226254 2.451698 -3.593995 0.000000 -0.000006 -0.000000 -1.362681 2.240797 -0.746323 -21.334892 0.584910 3.008319 -13.821196 -0.000001 0.000001 -23.887129 -0.249075 -0.839485 -59.889717 2.603240 -1.037450 -0.294025 1.679686 0.833255 -14.218195 0.093215 1.300579 -34.212002 -0.287561 0.967166 -20.033176 0.964536 1.212838 0.000000 -0.000000 0.000000 -3.440387 0.788233 0.501655 -15.928172 -3.167306 2.999703 -6.338817 -0.000000 0.000001 -18.123419 3.648181 -4.905662 -0.000004 0.000000 -0.000002 7.509580 11.217877 12.972117 67.626869 9.363606 7.875885 -0.171587 30.531721 -0.024949 3.416870 -0.399746 -6.942203 2.243540 -5.255033 -3.180156 14.282877 -0.826594 6.952496 -0.000000 -12.690593 -0.000001 16.296499 -17.896851 2.603257 1.665665 -1.955920 -2.878297 4.727794 -4.170584 4.993919 11.020511 0.000001 -0.000000 12.109032 -3.735715 -2.866778 0.000000 -0.000000 0.000000 1.291985 -1.928548 -1.498088 14.800115 0.567467 3.865604 14.242553 -1.341738 -6.660648 19.631935 0.143921 -0.648243 49.584419 -0.643396 -6.592487 0.353029 -1.511150 -0.031940 20.222769 3.684305 2.316629 18.787249 0.000001 -0.000001 10.751608 -0.479870 1.397903 0.000000 -0.000000 0.000000 3.273804 0.305947 -0.580110 21.486790 11.830364 2.266131 8.162915 0.000000 -0.000000 18.399052 -3.798986 -4.940567 0.000003 0.000000 -0.000001 -0.049066 6.053571 -0.043575 0.025071 0.109308 2.405813 -1.330840 18.218203 -3.744345 1.661528 -2.058950 2.068405 0.000000 -0.000000 0.000002 -6.501336 -1.268341 -0.394187 -0.019787 -0.047777 2.093606 8.042451 -8.590608 -1.011129 -1.426891 1.044465 1.533589 0.000000 -0.000000 -0.000001
0.000000 0.000000 0.000000 0.000000 -0.000000 0.000000 9.192241 0.652935 10.052383 0.132738 2.228111 0.622386 -0.475082 -0.113581 -1.680786 -0.243930 -0.677366 -5.429273 0.991690 -2.649230 12.096947 0.138032 2.593017 -3.017718 -1.381981 -2.233455 -3.467232 1.440145 -4.903793 -5.182303 0.000077 -0.000022 0.000006 0.013435 0.014988 -0.006117 0.752067 -3.697896 -10.583052 -0.730388 3.730625 -10.598901 -8.535744 -5.628941 11.940557 -65.220856 -5.404880 15.180603 -0.386674 -32.123260 0.229872 10.422411 0.694024 -1.426969 -5.882102 9.861279 0.702590 -10.936861 -0.360574 7.156197 0.000000 8.774815 -0.000000 -15.627509 17.841871 6.253540 -1.844031 2.498503 -2.507276 -10.163590 4.678941 4.621104 -20.975996 -0.000001 0.000001 -21.226254 2.451698 -3.593995 0.000000 -0.000006 -0.000000 -1.362681 2.240797 -0.746323 -21.334892 0.584910 3.008319 -13.821196 -0.000001 0.000001 -23.887129 -0.249075 -0.839485 -59.856289 2.594349 -0.990331 -0.294025 1.679686 0.833255 -14.218195 0.093215 1.300579 -34.212002 -0.287561 0.967166 -20.033176 0.964536 1.212838 0.000000 -0.000000 0.000000 -3.440387 0.788233 0.501655 -15.928172 -3.167306 2.999703 -6.338817 -0.000000 0.000001 -18.123419 3.648181 -4.905662 -0.000004 0.000000 -0.000002 7.885229 11.167178 13.079284 67.876083 9.297200 8.274221 -0.226089 30.007252 -0.027081 3.507254 -0.229028 -7.035982 2.243540 -5.255033 -3.180156 14.282877 -0.826594 6.952496 -0.000000 -12.690593 -0.000001 16.298265 -17.887609 2.590353 1.665665 -1.955920 -2.878297 4.727794 -4.170584 4.993919 11.020511 0.000001 -0.000000 12.109032 -3.735715 -2.866778 0.000000 -0.000000 0.000000 1.291985 -1.928548 -1.498088 14.800115 0.567467 3.865604 14.242553 -1.341738 -6.660648 19.631935 0.143921 -0.648243 49.609467 -0.633353 -6.550955 0.353029 -1.511150 -0.031940 20.222769 3.684305 2.316629 18.787249 0.000001 -0.000001 10.751608 -0.479870 1.397903 0.000000 -0.000000 0.000000 3.273804 0.305947 -0.580110 21.486790 11.830364 2.266131 8.162915 0.000000 -0.000000 18.399052 -3.798986 -4.940567 0.000003 0.000000 -0.000001 0.040648 5.874050 0.280244 0.032071 0.114247 2.426849 -1.523564 18.233479 -3.800326 1.657686 -2.070773 2.075468 0.000000 -0.000000 0.000002 -6.441942 -1.460230 0.113970 -0.017148 -0.050289 1.871143 7.970938 -8.606810 -1.128236 -1.430459 1.045259 1.613303 0.000000 -0.000000 -0.000001
0.000000 0.000000 0.000000 0.000000 -0.000000 0.000000 8.988402 0.655544 9.993976 0.132579 2.370455 0.361825 -0.486279 -0.120474 -1.679394 -0.268705 -0.691848 -5.445729 0.900589 -2.674469 12.251016 0.221166 2.585093 -2.897276 -1.362605 -2.158384 -3.459725 1.581022 -4.804078 -5.029521 0.000077 -0.000022 0.000006 0.012175 0.012481 -0.007364 0.755254 -3.696684 -10.578359 -0.735769 3.725058 -10.597649 -8.719395 -5.533478 11.969811 -65.149628 -5.871526 15.768039 -0.417347 -31.764856 0.254969 10.398554 0.709899 -0.716627 -5.882102 9.861279 0.702590 -10.936861 -0.360574 7.156197 0.000000 8.774815 -0.000000 -15.576680 17.866796 6.296233 -1.844031 2.498503 -2.507276 -10.163590 4.678941 4.621104 -20.975996 -0.000001 0.000001 -21.226254 2.451698 -3.593995 0.000000 -0.000006 -0.000000 -1.362681 2.240797 -0.746323 -21.334892 0.584910 3.008319 -13.821196 -0.000001 0.000001 -23.887129 -0.249075 -0.839485 -59.804119 2.609219 -0.978402 -0.294025 1.679686 0.833255 -14.218195 0.093215 1.300579 -34.212002 -0.287561 0.967166 -20.033176 0.964536 1.212838 0.000000 -0.000000 0.000000 -3.440387 0.788233 0.501655 -15.928172 -3.167306 2.999703 -6.338817 -0.000000 0.000001 -18.123419 3.648181 -4.905662 -0.000004 0.000000 -0.000002 8.164490 11.174271 13.228537 68.063766 9.422865 8.748118 -0.161589 29.358084 0.017989 3.742099 -0.130254 -6.753236 2.243540 -5.255033 -3.180156 14.282877 -0.826594 6.952496 -0.000000 -12.690593 -0.000001 16.288900 -17.865923 2.580355 1.665665 -1.955920 -2.878297 4.727794 -4.170584 4.993919 11.020511 0.000001 -0.000000 12.109032 -3.735715 -2.866778 0.000000 -0.000000 0.000000 1.291985 -1.928548 -1.498088 14.800115 0.567467 3.865604 14.242553 -1.341738 -6.660648 19.631935 0.143921 -0.648243 49.580002 -0.628339 -6.537369 0.353029 -1.511150 -0.031940 20.222769 3.684305 2.316629 18.787249 0.000001 -0.000001 10.751608 -0.479870 1.397903 0.000000 -0.000000 0.000000 3.273804 0.305947 -0.580110 21.486790 11.830364 2.266131 8.162915 0.000000 -0.000000 18.399052 -3.798986 -4.940567 0.000003 0.000000 -0.000001 0.215128 5.717865 0.540361 0.030327 0.122135 2.332225 -1.719329 18.221813 -3.695424 1.651604 -2.081271 2.102157 0.000000 -0.000000 0.000002 -6.325120 -1.664569 0.449423 -0.005096 -0.051959 1.763821 7.865496 -8.627242 -1.148046 -1.429862 1.036876 1.650337 0.000000 -0.000000 -0.000001
0.000000 0.000000 0.000000 0.000000 -0.000000 0.000000 8.774916 0.663127 9.876522 0.118881 2.487753 0.125086 -0.498039 -0.127004 -1.653480 -0.293128 -0.705184 -5.448437 0.808095 -2.671858 12.383474 0.290274 2.578094 -2.730384 -1.345775 -2.125575 -3.464621 1.737898 -4.704469 -4.911000 0.000077 -0.000022 0.000006 0.010419 -0.002007 -0.008056 0.755471 -3.707882 -10.569406 -0.739105 3.707715 -10.590952 -8.796528 -5.493535 12.015325 -65.109871 -6.313921 16.316996 -0.372405 -31.467897 0.248664 10.350125 0.774090 -0.077284 -5.882102 9.861279 0.702590 -10.936861 -0.360574 7.156197 0.000000 8.774815 -0.000000 -15.567143 17.900854 6.315591 -1.844031 2.498503 -2.507276 -10.163590 4.678941 4.621104 -20.975996 -0.000001 0.000001 -21.226254 2.451698 -3.593995 0.000000 -0.000006 -0.000000 -1.362681 2.240797 -0.746323 -21.334892 0.584910 3.008319 -13.821196 -0.000001 0.000001 -23.887129 -0.249075 -0.839485 -59.788593 2.631422 -0.988876 -0.294025 1.679686 0.833255 -14.218195 0.093215 1.300579 -34.212002 -0.287561 0.967166 -20.033176 0.964536 1.212838 0.000000 -0.000000 0.000000 -3.440387 0.788233 0.501655 -15.928172 -3.167306 2.999703 -6.338817 -0.000000 0.000001 -18.123419 3.648181 -4.905662 -0.000004 0.000000 -0.000002 8.398316 11.211274 13.409415 68.190865 9.646303 9.409877 -0.102035 28.776804 0.053094 4.102834 -0.096404 -6.275765 2.243540 -5.255033 -3.180156 14.282877 -0.826594 6.952496 -0.000000 -12.690593 -0.000001 16.283079 -17.852171 2.568937 1.665665 -1.955920 -2.878297 4.727794 -4.170584 4.993919 11.020511 0.000001 -0.000000 12.109032 -3.735715 -2.866778 0.000000 -0.000000 0.000000 1.291985 -1.928548 -1.498088 14.800115 0.567467 3.865604 14.242553 -1.341738 -6.660648 19.631935 0.143921 -0.648243 49.535995 -0.616536 -6.536774 0.353029 -1.511150 -0.031940 20.222769 3.684305 2.316629 18.787249 0.000001 -0.000001 10.751608 -0.479870 1.397903 0.000000 -0.000000 0.000000 3.273804 0.305947 -0.580110 21.486790 11.830364 2.266131 8.162915 0.000000 -0.000000 18.399052 -3.798986 -4.940567 0.000003 0.000000 -0.000001 0.409012 5.625731 0.731128 0.024175 0.128159 2.261931 -1.905073 18.175823 -3.568876 1.646482 -2.095725 2.118140 0.000000 -0.000000 0.000002 -6.182808 -1.917693 0.683865 0.003324 -0.052634 1.728926 7.750861 -8.567674 -1.157403 -1.429152 1.021070 1.692999 0.000000 -0.000000 -0.000001
0.000000 0.000000 0.000000 0.000000 -0.000000 0.000000 8.565015 0.658321 9.732340 0.091994 2.587670 -0.099975 -0.512013 -0.132633 -1.613034 -0.314581 -0.711274 -5.443363 0.718657 -2.654333 12.508296 0.356516 2.551172 -2.530415 -1.322019 -2.097936 -3.467015 1.901317 -4.619027 -4.794837 0.000077 -0.000022 0.000006 0.007535 -0.019786 -0.003927 0.749947 -3.723864 -10.559835 -0.738919 3.688579 -10.583213 -8.850725 -5.479874 12.049928 -64.993179 -6.686709 16.895338 -0.268062 -31.287428 0.222324 10.232827 0.852455 0.453030 -5.882102 9.861279 0.702590 -10.936861 -0.360574 7.156197 0.000000 8.774815 -0.000000 -15.589345 17.923250 6.318126 -1.844031 2.498503 -2.507276 -10.163590 4.678941 4.621104 -20.975996 -0.000001 0.000001 -21.226254 2.451698 -3.593995 0.000000 -0.000006 -0.000000 -1.362681 2.240797 -0.746323 -21.334892 0.584910 3.008319 -13.821196 -0.000001 0.000001 -23.887129 -0.249075 -0.839485 -59.845982 2.640004 -1.000903 -0.294025 1.679686 0.833255 -14.218195 0.093215 1.300579 -34.212002 -0.287561 0.967166 -20.033176 0.964536 1.212838 0.000000 -0.000000 0.000000 -3.440387 0.788233 0.501655 -15.928172 -3.167306 2.999703 -6.338817 -0.000000 0.000001 -18.123419 3.648181 -4.905662 -0.000004 0.000000 -0.000002 8.640141 11.268564 13.595441 68.173828 9.889666 10.246981 -0.065687 28.400078 0.075679 4.523419 -0.044813 -5.730942 2.243540 -5.255033 -3.180156 14.282877 -0.826594 6.952496 -0.000000 -12.690593 -0.000001 16.291334 -17.860409 2.554023 1.665665 -1.955920 -2.878297 4.727794 -4.170584 4.993919 11.020511 0.000001 -0.000000 12.109032 -3.735715 -2.866778 0.000000 -0.000000 0.000000 1.291985 -1.928548 -1.498088 14.800115 0.567467 3.865604 14.242553 -1.341738 -6.660648 19.631935 0.143921 -0.648243 49.520458 -0.605929 -6.542958 0.353029 -1.511150 -0.031940 20.222769 3.684305 2.316629 18.787249 0.000001 -0.000001 10.751608 -0.479870 1.397903 0.000000 -0.000000 0.000000 3.273804 0.305947 -0.580110 21.486790 11.830364 2.266131 8.162915 0.000000 -0.000000 18.399052 -3.798986 -4.940567 0.000003 0.000000 -0.000001 0.580007 5.588315 0.828640 0.024513 0.126827 2.347592 -2.089112 18.117203 -3.562941 1.643113 -2.118996 2.122918 0.000000 -0.000000 0.000002 -6.023704 -2.186018 0.834560 0.002680 -0.051384 1.727340 7.658480 -8.450281 -1.165573 -1.428658 1.000183 1.758413 0.000000 -0.000000 -0.000001
0.000000 0.000000 0.000000 0.000000 -0.000000 0.000000 8.341054 0.649608 9.555609 0.052711 2.688305 -0.296175 -0.533475 -0.140677 -1.572896 -0.331910 -0.706678 -5.439301 0.641525 -2.631405 12.645630 0.443154 2.503915 -2.326604 -1.295069 -2.035550 -3.463951 2.052063 -4.516172 -4.691844 0.000077 -0.000022 0.000006 0.003836 -0.046497 0.000281 0.739492 -3.750271 -10.550257 -0.735368 3.662154 -10.576530 -8.938046 -5.459887 12.059971 -64.757477 -7.027959 17.459324 -0.116055 -31.216782 0.171757 10.098946 0.912579 0.831261 -5.882102 9.861279 0.702590 -10.936861 -0.360574 7.156197 0.000000 8.774815 -0.000000 -15.586606 17.925716 6.332261 -1.844031 2.498503 -2.507276 -10.163590 4.678941 4.621104 -20.975996 -0.000001 0.000001 -21.226254 2.451698 -3.593995 0.000000 -0.000006 -0.000000 -1.362681 2.240797 -0.746323 -21.334892 0.584910 3.008319 -13.821196 -0.000001 0.000001 -23.887129 -0.249075 -0.839485 -59.937771 2.648170 -1.002637 -0.294025 1.679686 0.833255 -14.218195 0.093215 1.300579 -34.212002 -0.287561 0.967166 -20.033176 0.964536 1.212838 0.000000 -0.000000 0.000000 -3.440387 0.788233 0.501655 -15.928172 -3.167306 2.999703 -6.338817 -0.000000 0.000001 -18.123419 3.648181 -4.905662 -0.000004 0.000000 -0.000002 8.921964 11.312080 13.780590 67.985626 10.130706 11.105362 -0.002994 28.316355 0.099812 4.928092 0.018765 -5.178452 2.243540 -5.255033 -3.180156 14.282877 -0.826594 6.952496 -0.000000 -12.690593 -0.000001 16.301907 -17.875185 2.528349 1.665665 -1.955920 -2.878297 4.727794 -4.170584 4.993919 11.020511 0.000001 -0.000000 12.109032 -3.735715 -2.866778 0.000000 -0.000000 0.000000 1.291985 -1.928548 -1.498088 14.800115 0.567467 3.865604 14.242553 -1.341738 -6.660648 19.631935 0.143921 -0.648243 49.521286 -0.589784 -6.562880 0.353029 -1.511150 -0.031940 20.222769 3.684305 2.316629 18.787249 0.000001 -0.000001 10.751608 -0.479870 1.397903 0.000000 -0.000000 0.000000 3.273804 0.305947 -0.580110 21.486790 11.830364 2.266131 8.162915 0.000000 -0.000000 18.399052 -3.798986 -4.940567 0.000003 0.000000 -0.000001 0.745569 5.566160 0.810246 0.029166 0.127672 2.581339 -2.270188 18.039007 -3.629327 1.641336 -2.138716 2.095658 0.000000 -0.000000 0.000002 -5.836039 -2.511877 0.936602 -0.002838 -0.044843 1.755006 7.580597 -8.269814 -1.218525 -1.429216 0.988224 1.822056 0.000000 -0.000000 -0.000001
0.000000 0.000000 0.000000 0.000000 -0.000000 0.000000 8.111138 0.646190 9.387263 0.018757 2.745765 -0.456679 -0.566626 -0.145895 -1.533375 -0.343202 -0.694436 -5.439065 0.581485 -2.585828 12.787180 0.530022 2.457854 -2.129717 -1.269413 -1.983765 -3.457308 2.173106 -4.388609 -4.616836 0.000077 -0.000022 0.000006 0.001714 -0.073952 -0.000523 0.729208 -3.778792 -10.544356 -0.728849 3.636438 -10.575217 -9.031760 -5.433184 12.067514 -64.501060 -7.327467 17.824339 0.036206 -31.218431 0.112674 10.041545 0.932228 1.017907 -5.882102 9.861279 0.702590 -10.936861 -0.360574 7.156197 0.000000 8.774815 -0.000000 -15.569159 17.923378 6.346234 -1.844031 2.498503 -2.507276 -10.163590 4.678941 4.621104 -20.975996 -0.000001 0.000001 -21.226254 2.451698 -3.593995 0.000000 -0.000006 -0.000000 -1.362681 2.240797 -0.746323 -21.334892 0.584910 3.008319 -13.821196 -0.000001 0.000001 -23.887129 -0.249075 -0.839485 -60.003765 2.657665 -1.007848 -0.294025 1.679686 0.833255 -14.218195 0.093215 1.300579 -34.212002 -0.287561 0.967166 -20.033176 0.964536 1.212838 0.000000 -0.000000 0.000000 -3.440387 0.788233 0.501655 -15.928172 -3.167306 2.999703 -6.338817 -0.000000 0.000001 -18.123419 3.648181 -4.905662 -0.000004 0.000000 -0.000002 9.188615 11.319775 13.924992 67.699638 10.361570 11.897592 0.072034 28.477108 0.117107 5.241512 0.138179 -4.712481 2.243540 -5.255033 -3.180156 14.282877 -0.826594 6.952496 -0.000000 -12.690593 -0.000001 16.312645 -17.887997 2.487430 1.665665 -1.955920 -2.878297 4.727794 -4.170584 4.993919 11.020511 0.000001 -0.000000 12.109032 -3.735715 -2.866778 0.000000 -0.000000 0.000000 1.291985 -1.928548 -1.498088 14.800115 0.567467 3.865604 14.242553 -1.341738 -6.660648 19.631935 0.143921 -0.648243 49.551792 -0.560712 -6.589077 0.353029 -1.511150 -0.031940 20.222769 3.684305 2.316629 18.787249 0.000001 -0.000001 10.751608 -0.479870 1.397903 0.000000 -0.000000 0.000000 3.273804 0.305947 -0.580110 21.486790 11.830364 2.266131 8.162915 0.000000 -0.000000 18.399052 -3.798986 -4.940567 0.000003 0.000000 -0.000001 0.916223 5.537187 0.762428 0.034772 0.135734 2.786811 -2.433409 18.015194 -3.647567 1.642773 -2.145338 2.022412 0.000000 -0.000000 0.000002 -5.654161 -2.828847 0.987559 -0.005261 -0.031140 1.781358 7.510089 -8.066389 -1.285824 -1.429634 0.989293 1.834090 0.000000 -0.000000 -0.000001
0.000000 0.000000 0.000000 0.000000 -0.000000 0.000000 7.878734 0.649692 9.239402 -0.002409 2.746902 -0.584921 -0.596004 -0.157363 -1.497303 -0.343623 -0.668165 -5.442255 0.531376 -2.515855 12.920681 0.572142 2.418192 -1.959922 -1.261025 -1.928648 -3.458455 2.272146 -4.291832 -4.552252 0.000077 -0.000022 0.000006 0.001717 -0.095169 -0.006691 0.721330 -3.799986 -10.537602 -0.720555 3.615569 -10.574958 -9.130569 -5.395975 12.066293 -64.267998 -7.528096 17.965294 0.171733 -31.314928 0.071178 10.068139 0.919509 1.171971 -5.882102 9.861279 0.702590 -10.936861 -0.360574 7.156197 0.000000 8.774815 -0.000000 -15.539401 17.894852 6.369005 -1.844031 2.498503 -2.507276 -10.163590 4.678941 4.621104 -20.975996 -0.000001 0.000001 -21.226254 2.451698 -3.593995 0.000000 -0.000006 -0.000000 -1.362681 2.240797 -0.746323 -21.334892 0.584910 3.008319 -13.821196 -0.000001 0.000001 -23.887129 -0.249075 -0.839485 -60.033714 2.660597 -1.008513 -0.294025 1.679686 0.833255 -14.218195 0.093215 1.300579 -34.212002 -0.287561 0.967166 -20.033176 0.964536 1.212838 0.000000 -0.000000 0.000000 -3.440387 0.788233 0.501655 -15.928172 -3.167306 2.999703 -6.338817 -0.000000 0.000001 -18.123419 3.648181 -4.905662 -0.000004 0.000000 -0.000002 9.374920 11.301286 13.999001 67.444748 10.591330 12.450346 0.145569 28.790630 0.138786 5.506884 0.247370 -4.315896 2.243540 -5.255033 -3.180156 14.282877 -0.826594 6.952496 -0.000000 -12.690593 -0.000001 16.297306 -17.897854 2.446702 1.665665 -1.955920 -2.878297 4.727794 -4.170584 4.993919 11.020511 0.000001 -0.000000 12.109032 -3.735715 -2.866778 0.000000 -0.000000 0.000000 1.291985 -1.928548 -1.498088 14.800115 0.567467 3.865604 14.242553 -1.341738 -6.660648 19.631935 0.143921 -0.648243 49.607002 -0.533849 -6.615630 0.353029 -1.511150 -0.031940 20.222769 3.684305 2.316629 18.787249 0.000001 -0.000001 10.751608 -0.479870 1.397903 0.000000 -0.000000 0.000000 3.273804 0.305947 -0.580110 21.486790 11.830364 2.266131 8.162915 0.000000 -0.000000 18.399052 -3.798986 -4.940567 0.000003 0.000000 -0.000001 1.092117 5.540472 0.737127 0.040968 0.157406 2.878259 -2.574961 18.024149 -3.576393 1.647568 -2.129455 1.923038 0.000000 -0.000000 0.000002 -5.486921 -3.083469 1.000025 -0.005740 -0.011872 1.803028 7.398510 -7.883410 -1.190848 -1.428326 1.002046 1.770719 0.000000 -0.000000 -0.000001
0.000000 0.000000 0.000000 0.000000 -0.000000 0.000000 7.592313 0.644435 9.019929 -0.020867 2.764050 -0.683930 -0.611126 -0.170976 -1.474196 -0.341369 -0.630113 -5.431520 0.505447 -2.457426 13.020726 0.530798 2.351588 -1.821229 -1.235609 -1.799644 -3.471113 2.287262 -4.230952 -4.404417 0.000077 -0.000022 0.000006 0.000041 -0.118743 -0.015507 0.708745 -3.827023 -10.542869 -0.710991 3.594679 -10.584259 -9.255242 -5.337766 12.036510 -64.019272 -7.581184 17.881079 0.258927 -31.591063 0.059785 10.107282 0.893673 1.430878 -5.882102 9.861279 0.702590 -10.936861 -0.360574 7.156197 0.000000 8.774815 -0.000000 -15.525408 17.886330 6.398270 -1.844031 2.498503 -2.507276 -10.163590 4.678941 4.621104 -20.975996 -0.000001 0.000001 -21.226254 2.451698 -3.593995 0.000000 -0.000006 -0.000000 -1.362681 2.240797 -0.746323 -21.334892 0.584910 3.008319 -13.821196 -0.000001 0.000001 -23.887129 -0.249075 -0.839485 -60.051243 2.666673 -1.045448 -0.294025 1.679686 0.833255 -14.218195 0.093215 1.300579 -34.212002 -0.287561 0.967166 -20.033176 0.964536 1.212838 0.000000 -0.000000 0.000000 -3.440387 0.788233 0.501655 -15.928172 -3.167306 2.999703 -6.338817 -0.000000 0.000001 -18.123419 3.648181 -4.905662 -0.000004 0.000000 -0.000002 9.456727 11.275414 13.933518 67.279297 10.738569 12.668957 0.247807 29.182291 0.183445 5.756041 0.301382 -3.947060 2.243540 -5.255033 -3.180156 14.282877 -0.826594 6.952496 -0.000000 -12.690593 -0.000001 16.268606 -17.939850 2.453070 1.665665 -1.955920 -2.878297 4.727794 -4.170584 4.993919 11.020511 0.000001 -0.000000 12.109032 -3.735715 -2.866778 0.000000 -0.000000 0.000000 1.291985 -1.928548 -1.498088 14.800115 0.567467 3.865604 14.242553 -1.341738 -6.660648 19.631935 0.143921 -0.648243 49.712826 -0.538864 -6.631914 0.353029 -1.511150 -0.031940 20.222769 3.684305 2.316629 18.787249 0.000001 -0.000001 10.751608 -0.479870 1.397903 0.000000 -0.000000 0.000000 3.273804 0.305947 -0.580110 21.486790 11.830364 2.266131 8.162915 0.000000 -0.000000 18.399052 -3.798986 -4.940567 0.000003 0.000000 -0.000001 1.241652 5.578654 0.566651 0.036118 0.200760 3.166660 -2.699841 18.023108 -3.600152 1.652313 -2.094759 1.841853 0.000000 -0.000000 0.000002 -5.304199 -3.363602 0.906671 -0.006601 0.023874 1.933274 7.229040 -7.676825 -1.246736 -1.423612 1.014718 1.622659 0.000000 -0.000000 -0.000001
