HIERARCHY
ROOT Root
{
  OFFSET 0.000000 0.000000 0.000000
  CHANNELS 6 Xposition Yposition Zposition Zrotation Yrotation Xrotation
  JOINT Hips
  {
    OFFSET 0.000000 100.000000 0.000000
    CHANNELS 6 Xposition Yposition Zposition Zrotation Yrotation Xrotation
    JOINT Spine1
    {
      OFFSET -0.013727 5.003763 -0.053727
      CHANNELS 3 Zrotation Yrotation Xrotation
      JOINT Spine2
      {
        OFFSET -0.000000 7.125301 -0.029825
        CHANNELS 3 Zrotation Yrotation Xrotation
        JOINT Chest
        {
          OFFSET -0.000001 7.550063 -0.815971
          CHANNELS 3 Zrotation Yrotation Xrotation
          JOINT Neck1
          {
            OFFSET -0.181677 26.311295 -0.553348
            CHANNELS 3 Zrotation Yrotation Xrotation
            JOINT Neck2
            {
              OFFSET -0.000003 7.709397 2.302585
              CHANNELS 3 Zrotation Yrotation Xrotation
              JOINT Head
              {
                OFFSET -0.000005 6.128916 1.953709
                CHANNELS 3 Zrotation Yrotation Xrotation
                JOINT HeadEnd
                {
                  OFFSET 0.003598 16.065403 -1.835379
                  CHANNELS 3 Zrotation Yrotation Xrotation
                }
                JOINT Jaw
                {
                  OFFSET 0.002637 0.475592 3.094941
                  CHANNELS 3 Zrotation Yrotation Xrotation
                }
                JOINT LeftEye
                {
                  OFFSET 3.206381 5.380205 7.586883
                  CHANNELS 3 Zrotation Yrotation Xrotation
                }
                JOINT RightEye
                {
                  OFFSET -3.222440 5.361869 7.558234
                  CHANNELS 3 Zrotation Yrotation Xrotation
                }
              }
            }
          }
          JOINT LeftShoulder
          {
            OFFSET 1.621652 23.237164 5.113413
            CHANNELS 3 Zrotation Yrotation Xrotation
            JOINT LeftArm
            {
              OFFSET 14.919846 0.000002 -5.502326
              CHANNELS 3 Zrotation Yrotation Xrotation
              JOINT LeftForeArm
              {
                OFFSET 28.739307 0.000000 -0.002588
                CHANNELS 3 Zrotation Yrotation Xrotation
                JOINT LeftHand
                {
                  OFFSET 27.093981 -0.000001 0.002609
                  CHANNELS 3 Zrotation Yrotation Xrotation
                  JOINT LeftHandThumb1
                  {
                    OFFSET 2.276482 -1.392045 3.191413
                    CHANNELS 3 Zrotation Yrotation Xrotation
                    JOINT LeftHandThumb2
                    {
                      OFFSET 4.012836 -1.828127 1.641654
                      CHANNELS 3 Zrotation Yrotation Xrotation
                      JOINT LeftHandThumb3
                      {
                        OFFSET 2.798515 0.000000 -0.000003
                        CHANNELS 3 Zrotation Yrotation Xrotation
                        JOINT LeftHandThumbEnd
                        {
                          OFFSET 3.180793 -0.000004 0.000004
                          CHANNELS 3 Zrotation Yrotation Xrotation
                        }
                      }
                    }
                  }
                  JOINT LeftHandIndex1
                  {
                    OFFSET 3.247555 -0.531998 2.296169
                    CHANNELS 3 Zrotation Yrotation Xrotation
                    JOINT LeftHandIndex2
                    {
                      OFFSET 6.364578 0.012060 0.178600
                      CHANNELS 3 Zrotation Yrotation Xrotation
                      JOINT LeftHandIndex3
                      {
                        OFFSET 3.662364 0.000000 0.000000
                        CHANNELS 3 Zrotation Yrotation Xrotation
                        JOINT LeftHandIndex4
                        {
                          OFFSET 2.329242 0.000004 0.000004
                          CHANNELS 3 Zrotation Yrotation Xrotation
                          JOINT LeftHandIndexEnd
                          {
                            OFFSET 2.759615 -0.180537 -0.113024
                            CHANNELS 3 Zrotation Yrotation Xrotation
                          }
                        }
                      }
                    }
                  }
                  JOINT LeftHandMiddle1
                  {
                    OFFSET 3.163495 0.240981 1.000332
                    CHANNELS 3 Zrotation Yrotation Xrotation
                    JOINT LeftHandMiddle2
                    {
                      OFFSET 6.190780 -0.259278 -1.002548
                      CHANNELS 3 Zrotation Yrotation Xrotation
                      JOINT LeftHandMiddle3
                      {
                        OFFSET 4.356520 -0.000004 -0.000001
                        CHANNELS 3 Zrotation Yrotation Xrotation
                        JOINT LeftHandMiddle4
                        {
                          OFFSET 2.996877 -0.000008 0.000000
                          CHANNELS 3 Zrotation Yrotation Xrotation
                          JOINT LeftHandMiddleEnd
                          {
                            OFFSET 2.304287 -0.294569 -0.031741
                            CHANNELS 3 Zrotation Yrotation Xrotation
                          }
                        }
                      }
                    }
                  }
                  JOINT LeftHandRing1
                  {
                    OFFSET 2.882643 -0.053652 -0.322543
                    CHANNELS 3 Zrotation Yrotation Xrotation
                    JOINT LeftHandRing2
                    {
                      OFFSET 5.854541 -0.486202 -1.373841
                      CHANNELS 3 Zrotation Yrotation Xrotation
                      JOINT LeftHandRing3
                      {
                        OFFSET 4.350578 0.000000 0.000003
                        CHANNELS 3 Zrotation Yrotation Xrotation
                        JOINT LeftHandRing4
                        {
                          OFFSET 2.651321 0.000007 0.000002
                          CHANNELS 3 Zrotation Yrotation Xrotation
                          JOINT LeftHandRingEnd
                          {
                            OFFSET 1.936105 0.077687 -0.000071
                            CHANNELS 3 Zrotation Yrotation Xrotation
                          }
                        }
                      }
                    }
                  }
                  JOINT LeftHandPinky1
                  {
                    OFFSET 2.865500 -0.310005 -1.600378
                    CHANNELS 3 Zrotation Yrotation Xrotation
                    JOINT LeftHandPinky2
                    {
                      OFFSET 5.087849 -1.331141 -1.771230
                      CHANNELS 3 Zrotation Yrotation Xrotation
                      JOINT LeftHandPinky3
                      {
                        OFFSET 3.070974 0.000004 0.000000
                        CHANNELS 3 Zrotation Yrotation Xrotation
                        JOINT LeftHandPinky4
                        {
                          OFFSET 1.549672 0.000000 0.000001
                          CHANNELS 3 Zrotation Yrotation Xrotation
                          JOINT LeftHandPinkyEnd
                          {
                            OFFSET 1.944893 -0.157802 0.057219
                            CHANNELS 3 Zrotation Yrotation Xrotation
                          }
                        }
                      }
                    }
                  }
                }
              }
            }
          }
          JOINT RightShoulder
          {
            OFFSET -1.380118 23.180309 5.214158
            CHANNELS 3 Zrotation Yrotation Xrotation
            JOINT RightArm
            {
              OFFSET -15.037196 0.000012 -5.545604
              CHANNELS 3 Zrotation Yrotation Xrotation
              JOINT RightForeArm
              {
                OFFSET -28.736639 0.000002 -0.002597
                CHANNELS 3 Zrotation Yrotation Xrotation
                JOINT RightHand
                {
                  OFFSET -27.133619 -0.000000 0.002613
                  CHANNELS 3 Zrotation Yrotation Xrotation
                  JOINT RightHandThumb1
                  {
                    OFFSET -2.274032 -1.383988 3.163127
                    CHANNELS 3 Zrotation Yrotation Xrotation
                    JOINT RightHandThumb2
                    {
                      OFFSET -4.011429 -1.827466 1.640914
                      CHANNELS 3 Zrotation Yrotation Xrotation
                      JOINT RightHandThumb3
                      {
                        OFFSET -2.794935 -0.000004 -0.000003
                        CHANNELS 3 Zrotation Yrotation Xrotation
                        JOINT RightHandThumbEnd
                        {
                          OFFSET -3.183852 0.000004 0.000001
                          CHANNELS 3 Zrotation Yrotation Xrotation
                        }
                      }
                    }
                  }
                  JOINT RightHandIndex1
                  {
                    OFFSET -3.253266 -0.520057 2.282866
                    CHANNELS 3 Zrotation Yrotation Xrotation
                    JOINT RightHandIndex2
                    {
                      OFFSET -6.341917 0.012471 0.178266
                      CHANNELS 3 Zrotation Yrotation Xrotation
                      JOINT RightHandIndex3
                      {
                        OFFSET -3.654871 -0.000008 -0.000000
                        CHANNELS 3 Zrotation Yrotation Xrotation
                        JOINT RightHandIndex4
                        {
                          OFFSET -2.327586 0.000000 0.000001
                          CHANNELS 3 Zrotation Yrotation Xrotation
                          JOINT RightHandIndexEnd
                          {
                            OFFSET -2.761790 -0.180656 -0.113078
                            CHANNELS 3 Zrotation Yrotation Xrotation
                          }
                        }
                      }
                    }
                  }
                  JOINT RightHandMiddle1
                  {
                    OFFSET -3.168106 0.246593 1.001030
                    CHANNELS 3 Zrotation Yrotation Xrotation
                    JOINT RightHandMiddle2
                    {
                      OFFSET -6.180828 -0.258836 -1.000895
                      CHANNELS 3 Zrotation Yrotation Xrotation
                      JOINT RightHandMiddle3
                      {
                        OFFSET -4.348901 0.000000 -0.000000
                        CHANNELS 3 Zrotation Yrotation Xrotation
                        JOINT RightHandMiddle4
                        {
                          OFFSET -3.000240 -0.000004 -0.000002
                          CHANNELS 3 Zrotation Yrotation Xrotation
                          JOINT RightHandMiddleEnd
                          {
                            OFFSET -2.302520 -0.294370 -0.031706
                            CHANNELS 3 Zrotation Yrotation Xrotation
                          }
                        }
                      }
                    }
                  }
                  JOINT RightHandRing1
                  {
                    OFFSET -2.885690 -0.067952 -0.308858
                    CHANNELS 3 Zrotation Yrotation Xrotation
                    JOINT RightHandRing2
                    {
                      OFFSET -5.854198 -0.486130 -1.373731
                      CHANNELS 3 Zrotation Yrotation Xrotation
                      JOINT RightHandRing3
                      {
                        OFFSET -4.338810 -0.000004 -0.000000
                        CHANNELS 3 Zrotation Yrotation Xrotation
                        JOINT RightHandRing4
                        {
                          OFFSET -2.654903 -0.000004 0.000004
                          CHANNELS 3 Zrotation Yrotation Xrotation
                          JOINT RightHandRingEnd
                          {
                            OFFSET -1.933568 0.077527 -0.000052
                            CHANNELS 3 Zrotation Yrotation Xrotation
                          }
                        }
                      }
                    }
                  }
                  JOINT RightHandPinky1
                  {
                    OFFSET -2.866425 -0.342796 -1.584145
                    CHANNELS 3 Zrotation Yrotation Xrotation
                    JOINT RightHandPinky2
                    {
                      OFFSET -5.091371 -1.332055 -1.772385
                      CHANNELS 3 Zrotation Yrotation Xrotation
                      JOINT RightHandPinky3
                      {
                        OFFSET -3.062664 -0.000004 0.000001
                        CHANNELS 3 Zrotation Yrotation Xrotation
                        JOINT RightHandPinky4
                        {
                          OFFSET -1.546529 0.000004 -0.000002
                          CHANNELS 3 Zrotation Yrotation Xrotation
                          JOINT RightHandPinkyEnd
                          {
                            OFFSET -1.945119 -0.157718 0.057211
                            CHANNELS 3 Zrotation Yrotation Xrotation
                          }
                        }
                      }
                    }
                  }
                }
              }
            }
          }
        }
      }
    }
    JOINT LeftLeg
    {
      OFFSET 10.043214 -8.434526 2.595655
      CHANNELS 3 Zrotation Yrotation Xrotation
      JOINT LeftShin
      {
        OFFSET -0.000001 -43.221752 -0.802913
        CHANNELS 3 Zrotation Yrotation Xrotation
        JOINT LeftFoot
        {
          OFFSET 0.000001 -42.155094 -3.481523
          CHANNELS 3 Zrotation Yrotation Xrotation
          JOINT LeftToeBase
          {
            OFFSET 0.000000 -5.059472 13.231529
            CHANNELS 3 Zrotation Yrotation Xrotation
            JOINT LeftToeEnd
            {
              OFFSET -0.009607 -1.647619 6.513017
              CHANNELS 3 Zrotation Yrotation Xrotation
            }
          }
        }
      }
    }
    JOINT RightLeg
    {
      OFFSET -10.047278 -8.295260 2.620317
      CHANNELS 3 Zrotation Yrotation Xrotation
      JOINT RightShin
      {
        OFFSET 0.000001 -43.362206 -0.805556
        CHANNELS 3 Zrotation Yrotation Xrotation
        JOINT RightFoot
        {
          OFFSET 0.000002 -42.117393 -3.478398
          CHANNELS 3 Zrotation Yrotation Xrotation
          JOINT RightToeBase
          {
            OFFSET -0.000000 -5.079609 13.284196
            CHANNELS 3 Zrotation Yrotation Xrotation
            JOINT RightToeEnd
            {
              OFFSET 0.009532 -1.634378 6.460591
              CHANNELS 3 Zrotation Yrotation Xrotation
            }
          }
        }
      }
    }
  }
}
MOTION
Frames: 120
Frame Time: 0.03333333
0.000000 0.000000 0.000000 0.000000 -0.000000 0.000000 -1.411711 1.112007 5.513076 1.056885 -0.116329 -2.128618 0.886082 -0.215254 -5.649982 -0.417497 -0.304557 -7.406775 -1.291506 -2.504066 17.755930 0.546647 2.424878 8.327996 -1.577288 -2.580602 -3.655885 0.727273 -4.244685 -3.752916 0.000077 -0.000022 0.000006 0.014392 0.112775 -0.032287 0.689987 -3.597023 -10.560000 -0.665943 3.829344 -10.585228 -19.039190 -5.726005 15.864848 -58.340961 -6.861017 17.904167 -0.190589 -29.304834 0.498214 -0.512547 0.573333 -6.712616 -5.882102 9.861279 0.702590 -10.936861 -0.360574 7.156197 0.000000 8.774815 -0.000000 -16.291708 18.286669 6.130978 -1.844031 2.498503 -2.507276 -10.163590 4.678941 4.621104 -20.975996 -0.000001 0.000001 -21.226254 2.451698 -3.593995 0.000000 -0.000006 -0.000000 -1.362681 2.240797 -0.746323 -21.334892 0.584910 3.008319 -13.821196 -0.000001 0.000001 -23.887129 -0.249075 -0.839485 -61.127483 2.802239 -1.157239 -0.294025 1.679686 0.833255 -14.218195 0.093215 1.300579 -34.212002 -0.287561 0.967166 -20.033176 0.964536 1.212838 0.000000 -0.000000 0.000000 -3.440387 0.788233 0.501655 -15.928172 -3.167306 2.999703 -6.338817 -0.000000 0.000001 -18.123419 3.648181 -4.905662 -0.000004 0.000000 -0.000002 14.373739 12.479208 16.690393 65.712494 6.712378 15.498664 -0.106094 31.565966 0.237390 -2.421868 1.789294 -5.126460 2.243540 -5.255033 -3.180156 14.282877 -0.826594 6.952496 -0.000000 -12.690593 -0.000001 16.228775 -17.618813 2.608591 1.665665 -1.955920 -2.878297 4.727794 -4.170584 4.993919 11.020511 0.000001 -0.000000 12.109032 -3.735715 -2.866778 0.000000 -0.000000 0.000000 1.291985 -1.928548 -1.498088 14.800115 0.567467 3.865604 14.242553 -1.341738 -6.660648 19.631935 0.143921 -0.648243 49.700668 -0.536199 -6.346220 0.353029 -1.511150 -0.031940 20.222769 3.684305 2.316629 18.787249 0.000001 -0.000001 10.751608 -0.479870 1.397903 0.000000 -0.000000 0.000000 3.273804 0.305947 -0.580110 21.486790 11.830364 2.266131 8.162915 0.000000 -0.000000 18.399052 -3.798986 -4.940567 0.000003 0.000000 -0.000001 -1.940860 -7.379036 -7.754718 0.155930 0.114328 23.698244 -3.483063 4.405586 -14.047239 1.675229 -1.832177 -3.139809 0.000000 -0.000000 0.000002 -2.536897 6.339445 -5.647510 -0.136136 0.185708 23.641068 4.451355 -8.525605 -16.230192 -1.382300 0.974752 -3.541684 0.000000 -0.000000 -0.000001
0.000000 0.000000 0.000000 0.000000 -0.000000 0.000000 -1.377002 1.016472 5.975310 1.190513 0.114486 -2.187459 0.813654 -0.192784 -5.601796 -0.414815 -0.262251 -7.348871 -1.490543 -2.565200 17.772840 0.318851 2.524259 6.905910 -1.521822 -2.547738 -3.615720 0.846148 -4.434454 -4.413796 0.000077 -0.000022 0.000006 0.014143 0.143547 -0.018454 0.704339 -3.570950 -10.537737 -0.681001 3.864384 -10.565060 -19.958160 -5.969195 15.716456 -57.643703 -6.734097 18.134655 -0.331601 -27.854507 0.529717 -0.493238 0.750506 -5.165245 -5.882102 9.861279 0.702590 -10.936861 -0.360574 7.156197 0.000000 8.774815 -0.000000 -16.267544 18.316326 6.184318 -1.844031 2.498503 -2.507276 -10.163590 4.678941 4.621104 -20.975996 -0.000001 0.000001 -21.226254 2.451698 -3.593995 0.000000 -0.000006 -0.000000 -1.362681 2.240797 -0.746323 -21.334892 0.584910 3.008319 -13.821196 -0.000001 0.000001 -23.887129 -0.249075 -0.839485 -61.065903 2.848132 -0.977228 -0.294025 1.679686 0.833255 -14.218195 0.093215 1.300579 -34.212002 -0.287561 0.967166 -20.033176 0.964536 1.212838 0.000000 -0.000000 0.000000 -3.440387 0.788233 0.501655 -15.928172 -3.167306 2.999703 -6.338817 -0.000000 0.000001 -18.123419 3.648181 -4.905662 -0.000004 0.000000 -0.000002 14.813212 12.631969 16.622362 65.313774 6.949745 15.373156 -0.086276 30.207355 0.216688 -2.006749 2.136898 -6.082850 2.243540 -5.255033 -3.180156 14.282877 -0.826594 6.952496 -0.000000 -12.690593 -0.000001 16.336813 -17.675882 2.545743 1.665665 -1.955920 -2.878297 4.727794 -4.170584 4.993919 11.020511 0.000001 -0.000000 12.109032 -3.735715 -2.866778 0.000000 -0.000000 0.000000 1.291985 -1.928548 -1.498088 14.800115 0.567467 3.865604 14.242553 -1.341738 -6.660648 19.631935 0.143921 -0.648243 49.772335 -0.462654 -6.330497 0.353029 -1.511150 -0.031940 20.222769 3.684305 2.316629 18.787249 0.000001 -0.000001 10.751608 -0.479870 1.397903 0.000000 -0.000000 0.000000 3.273804 0.305947 -0.580110 21.486790 11.830364 2.266131 8.162915 0.000000 -0.000000 18.399052 -3.798986 -4.940567 0.000003 0.000000 -0.000001 -2.120276 -7.058867 -7.482945 0.163960 0.079426 23.880665 -3.461825 4.130942 -14.422528 1.666881 -1.852466 -3.078583 0.000000 -0.000000 0.000002 -2.633078 6.439629 -5.351149 -0.113946 0.206765 23.924740 4.630279 -8.837227 -16.774315 -1.385829 0.971625 -3.399579 0.000000 -0.000000 -0.000001
0.000000 0.000000 0.000000 0.000000 -0.000000 0.000000 -1.284658 0.956116 6.382343 1.412642 0.383587 -2.030160 0.679965 -0.196967 -5.517116 -0.437897 -0.222634 -7.298880 -1.667841 -2.550180 17.880459 0.167398 2.555319 4.845886 -1.506629 -2.497665 -3.614410 1.083591 -4.670715 -5.533280 0.000077 -0.000022 0.000006 0.019112 0.154579 -0.008867 0.708346 -3.562876 -10.522779 -0.674922 3.878304 -10.550393 -20.575809 -6.389979 15.736145 -57.109116 -6.992216 18.458570 -0.327720 -26.846571 0.488892 -0.211839 1.241824 -3.711086 -5.882102 9.861279 0.702590 -10.936861 -0.360574 7.156197 0.000000 8.774815 -0.000000 -16.160980 18.373060 6.265629 -1.844031 2.498503 -2.507276 -10.163590 4.678941 4.621104 -20.975996 -0.000001 0.000001 -21.226254 2.451698 -3.593995 0.000000 -0.000006 -0.000000 -1.362681 2.240797 -0.746323 -21.334892 0.584910 3.008319 -13.821196 -0.000001 0.000001 -23.887129 -0.249075 -0.839485 -60.886349 2.877390 -0.854874 -0.294025 1.679686 0.833255 -14.218195 0.093215 1.300579 -34.212002 -0.287561 0.967166 -20.033176 0.964536 1.212838 0.000000 -0.000000 0.000000 -3.440387 0.788233 0.501655 -15.928172 -3.167306 2.999703 -6.338817 -0.000000 0.000001 -18.123419 3.648181 -4.905662 -0.000004 0.000000 -0.000002 14.999757 13.041494 16.589634 65.153358 7.356782 15.049900 -0.017939 28.671673 0.179806 -1.979329 2.331717 -6.838560 2.243540 -5.255033 -3.180156 14.282877 -0.826594 6.952496 -0.000000 -12.690593 -0.000001 16.427525 -17.704670 2.530039 1.665665 -1.955920 -2.878297 4.727794 -4.170584 4.993919 11.020511 0.000001 -0.000000 12.109032 -3.735715 -2.866778 0.000000 -0.000000 0.000000 1.291985 -1.928548 -1.498088 14.800115 0.567467 3.865604 14.242553 -1.341738 -6.660648 19.631935 0.143921 -0.648243 49.780617 -0.375428 -6.305928 0.353029 -1.511150 -0.031940 20.222769 3.684305 2.316629 18.787249 0.000001 -0.000001 10.751608 -0.479870 1.397903 0.000000 -0.000000 0.000000 3.273804 0.305947 -0.580110 21.486790 11.830364 2.266131 8.162915 0.000000 -0.000000 18.399052 -3.798986 -4.940567 0.000003 0.000000 -0.000001 -2.407418 -6.898139 -7.396671 0.176098 0.085048 23.871485 -3.296425 3.848578 -14.622540 1.654081 -1.866423 -3.026617 0.000000 -0.000000 0.000002 -2.941391 6.303937 -5.312385 -0.064315 0.225164 24.175224 4.941600 -8.972810 -17.258169 -1.381947 0.979804 -3.242201 0.000000 -0.000000 -0.000001
0.000000 0.000000 0.000000 0.000000 -0.000000 0.000000 -1.182202 1.013474 6.659389 1.569539 0.822058 -1.561163 0.566699 -0.234695 -5.348730 -0.437362 -0.156342 -7.261416 -1.778183 -2.513839 17.965292 0.156205 2.588267 2.268451 -1.546970 -2.516917 -3.652675 1.422144 -4.997919 -7.382410 0.000077 -0.000022 0.000006 0.025503 0.146127 -0.008712 0.712488 -3.575792 -10.522312 -0.665604 3.873500 -10.551027 -20.553591 -6.997235 15.794063 -56.899807 -7.605412 18.869387 -0.280460 -26.642921 0.405788 0.256283 1.717080 -2.906100 -5.882102 9.861279 0.702590 -10.936861 -0.360574 7.156197 0.000000 8.774815 -0.000000 -16.100817 18.383244 6.282631 -1.844031 2.498503 -2.507276 -10.163590 4.678941 4.621104 -20.975996 -0.000001 0.000001 -21.226254 2.451698 -3.593995 0.000000 -0.000006 -0.000000 -1.362681 2.240797 -0.746323 -21.334892 0.584910 3.008319 -13.821196 -0.000001 0.000001 -23.887129 -0.249075 -0.839485 -60.701210 2.833375 -0.784270 -0.294025 1.679686 0.833255 -14.218195 0.093215 1.300579 -34.212002 -0.287561 0.967166 -20.033176 0.964536 1.212838 0.000000 -0.000000 0.000000 -3.440387 0.788233 0.501655 -15.928172 -3.167306 2.999703 -6.338817 -0.000000 0.000001 -18.123419 3.648181 -4.905662 -0.000004 0.000000 -0.000002 14.736192 13.598125 16.649981 65.282242 7.727559 14.911774 0.048413 27.847620 0.164206 -2.009360 2.219552 -7.298073 2.243540 -5.255033 -3.180156 14.282877 -0.826594 6.952496 -0.000000 -12.690593 -0.000001 16.455545 -17.694544 2.532982 1.665665 -1.955920 -2.878297 4.727794 -4.170584 4.993919 11.020511 0.000001 -0.000000 12.109032 -3.735715 -2.866778 0.000000 -0.000000 0.000000 1.291985 -1.928548 -1.498088 14.800115 0.567467 3.865604 14.242553 -1.341738 -6.660648 19.631935 0.143921 -0.648243 49.833504 -0.325063 -6.259689 0.353029 -1.511150 -0.031940 20.222769 3.684305 2.316629 18.787249 0.000001 -0.000001 10.751608 -0.479870 1.397903 0.000000 -0.000000 0.000000 3.273804 0.305947 -0.580110 21.486790 11.830364 2.266131 8.162915 0.000000 -0.000000 18.399052 -3.798986 -4.940567 0.000003 0.000000 -0.000001 -2.582066 -6.943717 -7.557070 0.176917 0.094319 23.447374 -3.100495 3.634971 -14.469560 1.649407 -1.852176 -3.134082 0.000000 -0.000000 0.000002 -3.227549 5.967012 -5.417733 -0.037852 0.243420 23.885967 5.210616 -9.127491 -17.355572 -1.378647 1.000563 -3.162694 0.000000 -0.000000 -0.000001
0.000000 0.000000 0.000000 0.000000 -0.000000 0.000000 -1.069551 1.205902 6.802378 1.685031 1.466182 -0.697073 0.484082 -0.270282 -5.132441 -0.401082 -0.118743 -7.193258 -1.838271 -2.518196 17.917400 0.198176 2.629633 -0.705638 -1.574988 -2.554269 -3.682445 1.771700 -5.400340 -10.048100 0.000077 -0.000022 0.000006 0.029026 0.123676 -0.006389 0.719367 -3.603262 -10.532727 -0.664663 3.853812 -10.564672 -20.036016 -7.808480 15.796589 -56.920441 -8.405423 18.823311 -0.421736 -27.252197 0.374836 1.019228 1.993723 -3.496571 -5.882102 9.861279 0.702590 -10.936861 -0.360574 7.156197 0.000000 8.774815 -0.000000 -16.096624 18.316393 6.224273 -1.844031 2.498503 -2.507276 -10.163590 4.678941 4.621104 -20.975996 -0.000001 0.000001 -21.226254 2.451698 -3.593995 0.000000 -0.000006 -0.000000 -1.362681 2.240797 -0.746323 -21.334892 0.584910 3.008319 -13.821196 -0.000001 0.000001 -23.887129 -0.249075 -0.839485 -60.557892 2.752455 -0.748293 -0.294025 1.679686 0.833255 -14.218195 0.093215 1.300579 -34.212002 -0.287561 0.967166 -20.033176 0.964536 1.212838 0.000000 -0.000000 0.000000 -3.440387 0.788233 0.501655 -15.928172 -3.167306 2.999703 -6.338817 -0.000000 0.000001 -18.123419 3.648181 -4.905662 -0.000004 0.000000 -0.000002 14.014286 14.164019 16.658352 65.570908 7.787381 15.027137 0.182920 28.380096 0.207187 -1.831769 2.393755 -7.894837 2.243540 -5.255033 -3.180156 14.282877 -0.826594 6.952496 -0.000000 -12.690593 -0.000001 16.463030 -17.676117 2.499768 1.665665 -1.955920 -2.878297 4.727794 -4.170584 4.993919 11.020511 0.000001 -0.000000 12.109032 -3.735715 -2.866778 0.000000 -0.000000 0.000000 1.291985 -1.928548 -1.498088 14.800115 0.567467 3.865604 14.242553 -1.341738 -6.660648 19.631935 0.143921 -0.648243 49.855995 -0.332691 -6.214720 0.353029 -1.511150 -0.031940 20.222769 3.684305 2.316629 18.787249 0.000001 -0.000001 10.751608 -0.479870 1.397903 0.000000 -0.000000 0.000000 3.273804 0.305947 -0.580110 21.486790 11.830364 2.266131 8.162915 0.000000 -0.000000 18.399052 -3.798986 -4.940567 0.000003 0.000000 -0.000001 -2.681201 -7.401632 -8.003896 0.169610 0.080294 22.496138 -2.922189 3.633296 -13.897926 1.644422 -1.824044 -3.241432 0.000000 -0.000000 0.000002 -3.500642 5.506971 -5.722842 -0.034084 0.258064 22.996517 5.502357 -9.441409 -17.046783 -1.375537 1.017294 -3.126714 0.000000 -0.000000 -0.000001
0.000000 0.000000 0.000000 0.000000 -0.000000 0.000000 -0.912334 1.442055 6.821436 1.804713 2.236580 0.562150 0.400407 -0.295525 -4.869813 -0.349244 -0.139384 -7.092536 -1.817333 -2.552865 17.751909 0.288491 2.639221 -3.793137 -1.583209 -2.595344 -3.692786 2.063930 -5.677215 -13.184699 0.000077 -0.000022 0.000006 0.029108 0.100315 -0.004770 0.713488 -3.636039 -10.560549 -0.657980 3.836697 -10.583056 -19.182055 -8.855104 15.703314 -57.244415 -9.422952 18.356791 -0.496036 -28.327496 0.326862 1.993792 2.005995 -5.657639 -5.882102 9.861279 0.702590 -10.936861 -0.360574 7.156197 0.000000 8.774815 -0.000000 -16.042843 18.236115 6.195396 -1.844031 2.498503 -2.507276 -10.163590 4.678941 4.621104 -20.975996 -0.000001 0.000001 -21.226254 2.451698 -3.593995 0.000000 -0.000006 -0.000000 -1.362681 2.240797 -0.746323 -21.334892 0.584910 3.008319 -13.821196 -0.000001 0.000001 -23.887129 -0.249075 -0.839485 -60.507793 2.734237 -0.773902 -0.294025 1.679686 0.833255 -14.218195 0.093215 1.300579 -34.212002 -0.287561 0.967166 -20.033176 0.964536 1.212838 0.000000 -0.000000 0.000000 -3.440387 0.788233 0.501655 -15.928172 -3.167306 2.999703 -6.338817 -0.000000 0.000001 -18.123419 3.648181 -4.905662 -0.000004 0.000000 -0.000002 13.146245 14.702140 16.627056 65.672112 7.685181 15.080344 0.385108 30.125813 0.283699 -1.775549 2.851212 -8.569524 2.243540 -5.255033 -3.180156 14.282877 -0.826594 6.952496 -0.000000 -12.690593 -0.000001 16.443096 -17.666489 2.478643 1.665665 -1.955920 -2.878297 4.727794 -4.170584 4.993919 11.020511 0.000001 -0.000000 12.109032 -3.735715 -2.866778 0.000000 -0.000000 0.000000 1.291985 -1.928548 -1.498088 14.800115 0.567467 3.865604 14.242553 -1.341738 -6.660648 19.631935 0.143921 -0.648243 49.856583 -0.360402 -6.183505 0.353029 -1.511150 -0.031940 20.222769 3.684305 2.316629 18.787249 0.000001 -0.000001 10.751608 -0.479870 1.397903 0.000000 -0.000000 0.000000 3.273804 0.305947 -0.580110 21.486790 11.830364 2.266131 8.162915 0.000000 -0.000000 18.399052 -3.798986 -4.940567 0.000003 0.000000 -0.000001 -2.740998 -8.147309 -8.927805 0.151389 0.056569 21.438332 -2.840774 3.753035 -13.140209 1.642684 -1.805713 -3.220622 0.000000 -0.000000 0.000002 -3.855117 4.848784 -6.480500 -0.022260 0.258766 22.024101 5.845989 -9.569568 -16.589962 -1.375945 1.020425 -3.079847 0.000000 -0.000000 -0.000001
0.000000 0.000000 0.000000 0.000000 -0.000000 0.000000 -0.709102 1.656799 6.705505 1.945697 3.066932 2.098930 0.304466 -0.324588 -4.556030 -0.317743 -0.213605 -6.963082 -1.715518 -2.621256 17.552509 0.564489 2.619983 -6.686097 -1.624437 -2.668378 -3.686416 2.335751 -5.889588 -16.505459 0.000077 -0.000022 0.000006 0.026488 0.081740 -0.004394 0.684801 -3.666181 -10.593447 -0.634108 3.825925 -10.585773 -17.978939 -10.056741 15.518359 -58.059483 -10.746394 17.525955 -0.372177 -29.426949 0.212836 3.244260 1.894922 -8.892388 -5.882102 9.861279 0.702590 -10.936861 -0.360574 7.156197 0.000000 8.774815 -0.000000 -15.957617 18.152050 6.217235 -1.844031 2.498503 -2.507276 -10.163590 4.678941 4.621104 -20.975996 -0.000001 0.000001 -21.226254 2.451698 -3.593995 0.000000 -0.000006 -0.000000 -1.362681 2.240797 -0.746323 -21.334892 0.584910 3.008319 -13.821196 -0.000001 0.000001 -23.887129 -0.249075 -0.839485 -60.544575 2.748205 -0.843323 -0.294025 1.679686 0.833255 -14.218195 0.093215 1.300579 -34.212002 -0.287561 0.967166 -20.033176 0.964536 1.212838 0.000000 -0.000000 0.000000 -3.440387 0.788233 0.501655 -15.928172 -3.167306 2.999703 -6.338817 -0.000000 0.000001 -18.123419 3.648181 -4.905662 -0.000004 0.000000 -0.000002 12.244683 15.253648 16.527773 65.715042 7.729498 14.710066 0.526652 32.290527 0.380002 -2.173056 3.271356 -9.273793 2.243540 -5.255033 -3.180156 14.282877 -0.826594 6.952496 -0.000000 -12.690593 -0.000001 16.400188 -17.649054 2.515433 1.665665 -1.955920 -2.878297 4.727794 -4.170584 4.993919 11.020511 0.000001 -0.000000 12.109032 -3.735715 -2.866778 0.000000 -0.000000 0.000000 1.291985 -1.928548 -1.498088 14.800115 0.567467 3.865604 14.242553 -1.341738 -6.660648 19.631935 0.143921 -0.648243 49.920086 -0.411021 -6.138293 0.353029 -1.511150 -0.031940 20.222769 3.684305 2.316629 18.787249 0.000001 -0.000001 10.751608 -0.479870 1.397903 0.000000 -0.000000 0.000000 3.273804 0.305947 -0.580110 21.486790 11.830364 2.266131 8.162915 0.000000 -0.000000 18.399052 -3.798986 -4.940567 0.000003 0.000000 -0.000001 -2.755345 -8.942401 -10.350994 0.123784 0.036057 20.577944 -2.866098 3.799210 -12.358119 1.648142 -1.804014 -3.125269 0.000000 -0.000000 0.000002 -4.272930 4.111903 -7.745920 -0.001405 0.248484 21.328234 6.281924 -9.567633 -16.174618 -1.379259 1.027869 -3.009169 0.000000 -0.000000 -0.000001
0.000000 0.000000 0.000000 0.000000 -0.000000 0.000000 -0.471106 1.846588 6.480630 2.083972 3.912163 3.799936 0.204365 -0.356193 -4.185239 -0.310175 -0.334725 -6.795160 -1.534373 -2.736419 17.384365 1.071734 2.601937 -9.220529 -1.700831 -2.817545 -3.678673 2.569594 -6.081435 -19.762373 0.000077 -0.000022 0.000006 0.015095 0.057178 -0.000603 0.646263 -3.697101 -10.620606 -0.618136 3.804284 -10.578383 -16.385090 -11.332266 15.314992 -59.362328 -12.475712 16.501511 -0.216083 -30.347006 0.110154 4.724147 1.742534 -12.215539 -5.882102 9.861279 0.702590 -10.936861 -0.360574 7.156197 0.000000 8.774815 -0.000000 -15.850350 18.057295 6.265235 -1.844031 2.498503 -2.507276 -10.163590 4.678941 4.621104 -20.975996 -0.000001 0.000001 -21.226254 2.451698 -3.593995 0.000000 -0.000006 -0.000000 -1.362681 2.240797 -0.746323 -21.334892 0.584910 3.008319 -13.821196 -0.000001 0.000001 -23.887129 -0.249075 -0.839485 -60.511112 2.762103 -0.932665 -0.294025 1.679686 0.833255 -14.218195 0.093215 1.300579 -34.212002 -0.287561 0.967166 -20.033176 0.964536 1.212838 0.000000 -0.000000 0.000000 -3.440387 0.788233 0.501655 -15.928172 -3.167306 2.999703 -6.338817 -0.000000 0.000001 -18.123419 3.648181 -4.905662 -0.000004 0.000000 -0.000002 11.313054 15.808645 16.283176 65.830917 8.178350 13.908700 0.555413 34.109715 0.445384 -2.993987 3.588554 -10.050484 2.243540 -5.255033 -3.180156 14.282877 -0.826594 6.952496 -0.000000 -12.690593 -0.000001 16.353052 -17.606054 2.576858 1.665665 -1.955920 -2.878297 4.727794 -4.170584 4.993919 11.020511 0.000001 -0.000000 12.109032 -3.735715 -2.866778 0.000000 -0.000000 0.000000 1.291985 -1.928548 -1.498088 14.800115 0.567467 3.865604 14.242553 -1.341738 -6.660648 19.631935 0.143921 -0.648243 50.016129 -0.458698 -6.090060 0.353029 -1.511150 -0.031940 20.222769 3.684305 2.316629 18.787249 0.000001 -0.000001 10.751608 -0.479870 1.397903 0.000000 -0.000000 0.000000 3.273804 0.305947 -0.580110 21.486790 11.830364 2.266131 8.162915 0.000000 -0.000000 18.399052 -3.798986 -4.940567 0.000003 0.000000 -0.000001 -2.706035 -9.727610 -12.117327 0.099548 0.020041 19.893637 -2.900401 3.809535 -11.572157 1.652734 -1.813457 -2.960200 0.000000 -0.000000 0.000002 -4.676033 3.570843 -9.355149 0.017462 0.232008 20.853001 6.679851 -9.780065 -15.796278 -1.383469 1.041094 -2.996511 0.000000 -0.000000 -0.000001
0.000000 0.000000 0.000000 0.000000 -0.000000 0.000000 -0.222019 2.014778 6.177666 2.193276 4.753580 5.579080 0.090672 -0.391658 -3.765771 -0.321672 -0.488953 -6.594447 -1.280120 -2.949804 17.274891 1.832088 2.613946 -11.239500 -1.801385 -3.093534 -3.676081 2.826213 -6.236302 -22.783878 0.000077 -0.000022 0.000006 -0.002263 0.033847 0.010570 0.614211 -3.723581 -10.642679 -0.620480 3.781056 -10.580379 -14.385681 -12.605423 15.142827 -61.047493 -14.599235 15.523952 -0.170464 -31.068298 0.080373 6.200774 1.564993 -14.759841 -5.882102 9.861279 0.702590 -10.936861 -0.360574 7.156197 0.000000 8.774815 -0.000000 -15.709715 17.985825 6.326145 -1.844031 2.498503 -2.507276 -10.163590 4.678941 4.621104 -20.975996 -0.000001 0.000001 -21.226254 2.451698 -3.593995 0.000000 -0.000006 -0.000000 -1.362681 2.240797 -0.746323 -21.334892 0.584910 3.008319 -13.821196 -0.000001 0.000001 -23.887129 -0.249075 -0.839485 -60.400902 2.763474 -0.989881 -0.294025 1.679686 0.833255 -14.218195 0.093215 1.300579 -34.212002 -0.287561 0.967166 -20.033176 0.964536 1.212838 0.000000 -0.000000 0.000000 -3.440387 0.788233 0.501655 -15.928172 -3.167306 2.999703 -6.338817 -0.000000 0.000001 -18.123419 3.648181 -4.905662 -0.000004 0.000000 -0.000002 10.329770 16.371204 15.964466 66.077827 9.198714 12.638709 0.550979 35.328911 0.470142 -3.977260 3.864478 -10.877689 2.243540 -5.255033 -3.180156 14.282877 -0.826594 6.952496 -0.000000 -12.690593 -0.000001 16.301104 -17.537073 2.640847 1.665665 -1.955920 -2.878297 4.727794 -4.170584 4.993919 11.020511 0.000001 -0.000000 12.109032 -3.735715 -2.866778 0.000000 -0.000000 0.000000 1.291985 -1.928548 -1.498088 14.800115 0.567467 3.865604 14.242553 -1.341738 -6.660648 19.631935 0.143921 -0.648243 50.093510 -0.508977 -6.048896 0.353029 -1.511150 -0.031940 20.222769 3.684305 2.316629 18.787249 0.000001 -0.000001 10.751608 -0.479870 1.397903 0.000000 -0.000000 0.000000 3.273804 0.305947 -0.580110 21.486790 11.830364 2.266131 8.162915 0.000000 -0.000000 18.399052 -3.798986 -4.940567 0.000003 0.000000 -0.000001 -2.563920 -10.518901 -14.090315 0.081607 0.010690 19.339373 -2.942553 3.761036 -10.788832 1.654976 -1.832487 -2.730155 0.000000 -0.000000 0.000002 -5.020709 3.341184 -11.153103 0.023828 0.218492 20.500425 6.956408 -10.344796 -15.432608 -1.387102 1.054106 -3.026142 0.000000 -0.000000 -0.000001
0.000000 0.000000 0.000000 0.000000 -0.000000 0.000000 0.009360 2.145081 5.867480 2.291261 5.548682 7.274233 -0.053586 -0.426004 -3.322661 -0.349888 -0.678880 -6.372494 -1.005151 -3.222761 17.251932 2.825239 2.638398 -12.575105 -1.909084 -3.344913 -3.679648 3.175432 -6.403304 -25.364216 0.000077 -0.000022 0.000006 -0.018427 0.016307 0.022806 0.591887 -3.746815 -10.665800 -0.630168 3.766430 -10.604201 -12.149191 -13.757927 15.039066 -62.821766 -16.983410 14.947330 -0.195384 -31.604279 0.085226 7.284306 1.411742 -16.149899 -5.882102 9.861279 0.702590 -10.936861 -0.360574 7.156197 0.000000 8.774815 -0.000000 -15.602606 17.949221 6.366870 -1.844031 2.498503 -2.507276 -10.163590 4.678941 4.621104 -20.975996 -0.000001 0.000001 -21.226254 2.451698 -3.593995 0.000000 -0.000006 -0.000000 -1.362681 2.240797 -0.746323 -21.334892 0.584910 3.008319 -13.821196 -0.000001 0.000001 -23.887129 -0.249075 -0.839485 -60.343204 2.788261 -1.009697 -0.294025 1.679686 0.833255 -14.218195 0.093215 1.300579 -34.212002 -0.287561 0.967166 -20.033176 0.964536 1.212838 0.000000 -0.000000 0.000000 -3.440387 0.788233 0.501655 -15.928172 -3.167306 2.999703 -6.338817 -0.000000 0.000001 -18.123419 3.648181 -4.905662 -0.000004 0.000000 -0.000002 9.340593 16.888763 15.652329 66.416061 10.711297 11.142241 0.513035 36.135162 0.466212 -4.970387 4.110056 -11.741510 2.243540 -5.255033 -3.180156 14.282877 -0.826594 6.952496 -0.000000 -12.690593 -0.000001 16.249968 -17.451487 2.687304 1.665665 -1.955920 -2.878297 4.727794 -4.170584 4.993919 11.020511 0.000001 -0.000000 12.109032 -3.735715 -2.866778 0.000000 -0.000000 0.000000 1.291985 -1.928548 -1.498088 14.800115 0.567467 3.865604 14.242553 -1.341738 -6.660648 19.631935 0.143921 -0.648243 50.097980 -0.542887 -6.030059 0.353029 -1.511150 -0.031940 20.222769 3.684305 2.316629 18.787249 0.000001 -0.000001 10.751608 -0.479870 1.397903 0.000000 -0.000000 0.000000 3.273804 0.305947 -0.580110 21.486790 11.830364 2.266131 8.162915 0.000000 -0.000000 18.399052 -3.798986 -4.940567 0.000003 0.000000 -0.000001 -2.365280 -11.310120 -16.044777 0.065108 0.006134 18.926109 -2.939974 3.710575 -10.084710 1.656405 -1.855783 -2.499464 0.000000 -0.000000 0.000002 -5.328133 3.391122 -12.939988 0.014855 0.202494 20.301291 7.098485 -11.162836 -15.148310 -1.389146 1.061294 -3.027507 0.000000 -0.000000 -0.000001
0.000000 0.000000 0.000000 0.000000 -0.000000 0.000000 0.218321 2.212845 5.558837 2.398082 6.303729 8.792746 -0.239826 -0.465737 -2.834504 -0.401464 -0.903327 -6.114978 -0.741868 -3.452302 17.321960 4.077059 2.640255 -13.103853 -2.003206 -3.561229 -3.696900 3.679674 -6.607961 -27.492331 0.000077 -0.000022 0.000006 -0.026431 0.013631 0.035229 0.578809 -3.757206 -10.685013 -0.632739 3.769443 -10.637038 -9.738669 -14.824028 14.976296 -64.499176 -19.532930 15.014526 -0.225045 -32.103596 0.115573 7.933821 1.231204 -16.830120 -5.882102 9.861279 0.702590 -10.936861 -0.360574 7.156197 0.000000 8.774815 -0.000000 -15.535470 17.934481 6.396457 -1.844031 2.498503 -2.507276 -10.163590 4.678941 4.621104 -20.975996 -0.000001 0.000001 -21.226254 2.451698 -3.593995 0.000000 -0.000006 -0.000000 -1.362681 2.240797 -0.746323 -21.334892 0.584910 3.008319 -13.821196 -0.000001 0.000001 -23.887129 -0.249075 -0.839485 -60.333412 2.810574 -1.017920 -0.294025 1.679686 0.833255 -14.218195 0.093215 1.300579 -34.212002 -0.287561 0.967166 -20.033176 0.964536 1.212838 0.000000 -0.000000 0.000000 -3.440387 0.788233 0.501655 -15.928172 -3.167306 2.999703 -6.338817 -0.000000 0.000001 -18.123419 3.648181 -4.905662 -0.000004 0.000000 -0.000002 8.318533 17.296551 15.373844 66.899391 12.715209 9.563686 0.407534 36.669125 0.417096 -6.066011 4.392047 -12.775232 2.243540 -5.255033 -3.180156 14.282877 -0.826594 6.952496 -0.000000 -12.690593 -0.000001 16.205805 -17.367710 2.732593 1.665665 -1.955920 -2.878297 4.727794 -4.170584 4.993919 11.020511 0.000001 -0.000000 12.109032 -3.735715 -2.866778 0.000000 -0.000000 0.000000 1.291985 -1.928548 -1.498088 14.800115 0.567467 3.865604 14.242553 -1.341738 -6.660648 19.631935 0.143921 -0.648243 50.082771 -0.569796 -6.009486 0.353029 -1.511150 -0.031940 20.222769 3.684305 2.316629 18.787249 0.000001 -0.000001 10.751608 -0.479870 1.397903 0.000000 -0.000000 0.000000 3.273804 0.305947 -0.580110 21.486790 11.830364 2.266131 8.162915 0.000000 -0.000000 18.399052 -3.798986 -4.940567 0.000003 0.000000 -0.000001 -2.159590 -12.102593 -17.938704 0.055141 -0.011155 18.795506 -2.861251 3.718776 -9.548841 1.660013 -1.881705 -2.232171 0.000000 -0.000000 0.000002 -5.628120 3.625478 -14.683290 -0.016311 0.195084 20.414721 7.101890 -12.137653 -15.022964 -1.391782 1.064975 -2.956367 0.000000 -0.000000 -0.000001
0.000000 0.000000 0.000000 0.000000 -0.000000 0.000000 0.382619 2.201531 5.269299 2.531362 6.978213 10.048562 -0.473434 -0.493170 -2.305620 -0.474266 -1.116297 -5.832773 -0.557114 -3.617248 17.480221 5.546088 2.594992 -12.725202 -2.072576 -3.759118 -3.726209 4.398890 -6.753637 -29.132061 0.000077 -0.000022 0.000006 -0.026165 0.026835 0.050780 0.576087 -3.751039 -10.693824 -0.629126 3.789419 -10.666703 -7.408448 -15.741838 14.961002 -65.738525 -22.137369 15.870247 -0.228320 -32.575996 0.150723 8.138711 0.957181 -17.239523 -5.882102 9.861279 0.702590 -10.936861 -0.360574 7.156197 0.000000 8.774815 -0.000000 -15.493274 17.917603 6.410540 -1.844031 2.498503 -2.507276 -10.163590 4.678941 4.621104 -20.975996 -0.000001 0.000001 -21.226254 2.451698 -3.593995 0.000000 -0.000006 -0.000000 -1.362681 2.240797 -0.746323 -21.334892 0.584910 3.008319 -13.821196 -0.000001 0.000001 -23.887129 -0.249075 -0.839485 -60.364639 2.805633 -1.014896 -0.294025 1.679686 0.833255 -14.218195 0.093215 1.300579 -34.212002 -0.287561 0.967166 -20.033176 0.964536 1.212838 0.000000 -0.000000 0.000000 -3.440387 0.788233 0.501655 -15.928172 -3.167306 2.999703 -6.338817 -0.000000 0.000001 -18.123419 3.648181 -4.905662 -0.000004 0.000000 -0.000002 7.325656 17.557116 15.133422 67.474930 15.149575 8.168826 0.257590 36.886425 0.343243 -7.156085 4.728516 -13.958508 2.243540 -5.255033 -3.180156 14.282877 -0.826594 6.952496 -0.000000 -12.690593 -0.000001 16.180248 -17.303257 2.759109 1.665665 -1.955920 -2.878297 4.727794 -4.170584 4.993919 11.020511 0.000001 -0.000000 12.109032 -3.735715 -2.866778 0.000000 -0.000000 0.000000 1.291985 -1.928548 -1.498088 14.800115 0.567467 3.865604 14.242553 -1.341738 -6.660648 19.631935 0.143921 -0.648243 50.007095 -0.600255 -5.993658 0.353029 -1.511150 -0.031940 20.222769 3.684305 2.316629 18.787249 0.000001 -0.000001 10.751608 -0.479870 1.397903 0.000000 -0.000000 0.000000 3.273804 0.305947 -0.580110 21.486790 11.830364 2.266131 8.162915 0.000000 -0.000000 18.399052 -3.798986 -4.940567 0.000003 0.000000 -0.000001 -1.986683 -12.854242 -19.707140 0.053199 -0.030359 19.045612 -2.716264 3.793098 -9.258291 1.665313 -1.900215 -1.963140 0.000000 -0.000000 0.000002 -5.933004 4.012371 -16.341076 -0.065555 0.199496 20.955534 7.061039 -13.200829 -15.134550 -1.394884 1.069725 -2.844414 0.000000 -0.000000 -0.000001
0.000000 0.000000 0.000000 0.000000 -0.000000 0.000000 0.469974 2.105980 5.047763 2.675346 7.546178 10.951818 -0.745929 -0.501389 -1.760755 -0.561597 -1.286890 -5.543805 -0.476580 -3.707120 17.716311 7.132566 2.460201 -11.434581 -2.083947 -3.905250 -3.770649 5.308312 -6.766194 -30.145945 0.000077 -0.000022 0.000006 -0.024937 0.045132 0.067512 0.580007 -3.733305 -10.690553 -0.630088 3.810802 -10.689891 -5.371366 -16.463957 15.007002 -66.369759 -24.752481 17.385775 -0.248260 -32.806602 0.180259 7.921471 0.634089 -17.487640 -5.882102 9.861279 0.702590 -10.936861 -0.360574 7.156197 0.000000 8.774815 -0.000000 -15.502947 17.914501 6.412828 -1.844031 2.498503 -2.507276 -10.163590 4.678941 4.621104 -20.975996 -0.000001 0.000001 -21.226254 2.451698 -3.593995 0.000000 -0.000006 -0.000000 -1.362681 2.240797 -0.746323 -21.334892 0.584910 3.008319 -13.821196 -0.000001 0.000001 -23.887129 -0.249075 -0.839485 -60.450630 2.779360 -1.002910 -0.294025 1.679686 0.833255 -14.218195 0.093215 1.300579 -34.212002 -0.287561 0.967166 -20.033176 0.964536 1.212838 0.000000 -0.000000 0.000000 -3.440387 0.788233 0.501655 -15.928172 -3.167306 2.999703 -6.338817 -0.000000 0.000001 -18.123419 3.648181 -4.905662 -0.000004 0.000000 -0.000002 6.368048 17.659698 14.937771 68.081802 17.914017 7.297814 0.104718 36.602249 0.253886 -8.086138 5.100887 -14.996323 2.243540 -5.255033 -3.180156 14.282877 -0.826594 6.952496 -0.000000 -12.690593 -0.000001 16.179586 -17.265711 2.762852 1.665665 -1.955920 -2.878297 4.727794 -4.170584 4.993919 11.020511 0.000001 -0.000000 12.109032 -3.735715 -2.866778 0.000000 -0.000000 0.000000 1.291985 -1.928548 -1.498088 14.800115 0.567467 3.865604 14.242553 -1.341738 -6.660648 19.631935 0.143921 -0.648243 49.854221 -0.633407 -5.977142 0.353029 -1.511150 -0.031940 20.222769 3.684305 2.316629 18.787249 0.000001 -0.000001 10.751608 -0.479870 1.397903 0.000000 -0.000000 0.000000 3.273804 0.305947 -0.580110 21.486790 11.830364 2.266131 8.162915 0.000000 -0.000000 18.399052 -3.798986 -4.940567 0.000003 0.000000 -0.000001 -1.863484 -13.476608 -21.237299 0.062061 -0.053426 19.725126 -2.518161 3.900038 -9.283469 1.672380 -1.918014 -1.712801 0.000000 -0.000000 0.000002 -6.190332 4.414774 -17.782848 -0.113157 0.228628 21.901201 7.019932 -14.209683 -15.504176 -1.396598 1.078165 -2.718095 0.000000 -0.000000 -0.000001
0.000000 0.000000 0.000000 0.000000 -0.000000 0.000000 0.463821 1.925896 4.919264 2.779156 8.052516 11.499103 -1.029087 -0.477579 -1.213618 -0.656796 -1.413428 -5.273529 -0.475714 -3.746348 18.018141 8.729075 2.145765 -9.371103 -1.982748 -3.900810 -3.816989 6.308882 -6.687223 -30.412151 0.000077 -0.000022 0.000006 -0.024145 0.065502 0.079344 0.589105 -3.702030 -10.663302 -0.637093 3.825225 -10.699836 -3.642376 -17.022629 15.162906 -66.460365 -27.524374 19.559336 -0.314646 -32.491352 0.207649 7.241220 0.480290 -17.296034 -5.882102 9.861279 0.702590 -10.936861 -0.360574 7.156197 0.000000 8.774815 -0.000000 -15.597404 17.937788 6.402840 -1.844031 2.498503 -2.507276 -10.163590 4.678941 4.621104 -20.975996 -0.000001 0.000001 -21.226254 2.451698 -3.593995 0.000000 -0.000006 -0.000000 -1.362681 2.240797 -0.746323 -21.334892 0.584910 3.008319 -13.821196 -0.000001 0.000001 -23.887129 -0.249075 -0.839485 -60.620266 2.749249 -0.978701 -0.294025 1.679686 0.833255 -14.218195 0.093215 1.300579 -34.212002 -0.287561 0.967166 -20.033176 0.964536 1.212838 0.000000 -0.000000 0.000000 -3.440387 0.788233 0.501655 -15.928172 -3.167306 2.999703 -6.338817 -0.000000 0.000001 -18.123419 3.648181 -4.905662 -0.000004 0.000000 -0.000002 5.352340 17.660801 14.763219 68.764175 20.927565 7.096090 0.011857 35.721149 0.178182 -8.725983 5.352169 -15.541412 2.243540 -5.255033 -3.180156 14.282877 -0.826594 6.952496 -0.000000 -12.690593 -0.000001 16.162783 -17.231936 2.758363 1.665665 -1.955920 -2.878297 4.727794 -4.170584 4.993919 11.020511 0.000001 -0.000000 12.109032 -3.735715 -2.866778 0.000000 -0.000000 0.000000 1.291985 -1.928548 -1.498088 14.800115 0.567467 3.865604 14.242553 -1.341738 -6.660648 19.631935 0.143921 -0.648243 49.666935 -0.653565 -5.959744 0.353029 -1.511150 -0.031940 20.222769 3.684305 2.316629 18.787249 0.000001 -0.000001 10.751608 -0.479870 1.397903 0.000000 -0.000000 0.000000 3.273804 0.305947 -0.580110 21.486790 11.830364 2.266131 8.162915 0.000000 -0.000000 18.399052 -3.798986 -4.940567 0.000003 0.000000 -0.000001 -1.743039 -13.940125 -22.545223 0.073819 -0.083712 20.890320 -2.331840 3.944598 -9.664032 1.680937 -1.934979 -1.471316 0.000000 -0.000000 0.000002 -6.308300 4.710862 -18.952257 -0.146650 0.277481 23.173168 7.016455 -15.036252 -16.118231 -1.397735 1.088228 -2.562287 0.000000 -0.000000 -0.000001
0.000000 0.000000 0.000000 0.000000 -0.000000 0.000000 0.384316 1.670860 4.899792 2.774187 8.485377 11.714003 -1.269582 -0.440136 -0.706479 -0.753118 -1.486875 -5.045120 -0.510952 -3.740279 18.342743 10.182634 1.610463 -6.673487 -1.734322 -3.717322 -3.850339 7.324761 -6.523311 -29.819569 0.000077 -0.000022 0.000006 -0.023929 0.088731 0.079723 0.595593 -3.656981 -10.615047 -0.642806 3.833004 -10.697128 -2.220599 -17.395313 15.394999 -66.278488 -30.454208 22.394695 -0.458356 -31.515388 0.243211 6.132205 0.730811 -16.412367 -5.882102 9.861279 0.702590 -10.936861 -0.360574 7.156197 0.000000 8.774815 -0.000000 -15.734862 17.973932 6.376204 -1.844031 2.498503 -2.507276 -10.163590 4.678941 4.621104 -20.975996 -0.000001 0.000001 -21.226254 2.451698 -3.593995 0.000000 -0.000006 -0.000000 -1.362681 2.240797 -0.746323 -21.334892 0.584910 3.008319 -13.821196 -0.000001 0.000001 -23.887129 -0.249075 -0.839485 -60.766102 2.723867 -0.932817 -0.294025 1.679686 0.833255 -14.218195 0.093215 1.300579 -34.212002 -0.287561 0.967166 -20.033176 0.964536 1.212838 0.000000 -0.000000 0.000000 -3.440387 0.788233 0.501655 -15.928172 -3.167306 2.999703 -6.338817 -0.000000 0.000001 -18.123419 3.648181 -4.905662 -0.000004 0.000000 -0.000002 4.249201 17.668003 14.584909 69.532181 23.947937 7.499202 0.073182 34.370033 0.175945 -9.059523 5.386107 -15.600199 2.243540 -5.255033 -3.180156 14.282877 -0.826594 6.952496 -0.000000 -12.690593 -0.000001 16.128885 -17.185343 2.735654 1.665665 -1.955920 -2.878297 4.727794 -4.170584 4.993919 11.020511 0.000001 -0.000000 12.109032 -3.735715 -2.866778 0.000000 -0.000000 0.000000 1.291985 -1.928548 -1.498088 14.800115 0.567467 3.865604 14.242553 -1.341738 -6.660648 19.631935 0.143921 -0.648243 49.487869 -0.635992 -5.956346 0.353029 -1.511150 -0.031940 20.222769 3.684305 2.316629 18.787249 0.000001 -0.000001 10.751608 -0.479870 1.397903 0.000000 -0.000000 0.000000 3.273804 0.305947 -0.580110 21.486790 11.830364 2.266131 8.162915 0.000000 -0.000000 18.399052 -3.798986 -4.940567 0.000003 0.000000 -0.000001 -1.578795 -14.161193 -23.638266 0.077195 -0.114134 22.511486 -2.189753 3.817983 -10.392673 1.686751 -1.938721 -1.256368 0.000000 -0.000000 0.000002 -6.217291 4.801690 -19.807419 -0.153292 0.320959 24.620062 7.107943 -15.538615 -16.919821 -1.400070 1.101536 -2.353840 0.000000 -0.000000 -0.000001
0.000000 0.000000 0.000000 0.000000 -0.000000 0.000000 0.263506 1.335762 4.988976 2.635626 8.798981 11.594676 -1.439244 -0.383300 -0.254017 -0.844984 -1.498106 -4.876622 -0.545908 -3.710643 18.657406 11.426022 0.831584 -3.394886 -1.353083 -3.392902 -3.867093 8.410072 -6.220362 -28.377407 0.000077 -0.000022 0.000006 -0.026808 0.110961 0.071333 0.590877 -3.608917 -10.564834 -0.643276 3.835647 -10.677517 -1.066631 -17.548531 15.706431 -66.192467 -33.478100 26.032324 -0.574107 -30.090723 0.269927 4.540027 1.484483 -14.374969 -5.882102 9.861279 0.702590 -10.936861 -0.360574 7.156197 0.000000 8.774815 -0.000000 -15.895248 18.016582 6.367333 -1.844031 2.498503 -2.507276 -10.163590 4.678941 4.621104 -20.975996 -0.000001 0.000001 -21.226254 2.451698 -3.593995 0.000000 -0.000006 -0.000000 -1.362681 2.240797 -0.746323 -21.334892 0.584910 3.008319 -13.821196 -0.000001 0.000001 -23.887129 -0.249075 -0.839485 -60.846687 2.694544 -0.833882 -0.294025 1.679686 0.833255 -14.218195 0.093215 1.300579 -34.212002 -0.287561 0.967166 -20.033176 0.964536 1.212838 0.000000 -0.000000 0.000000 -3.440387 0.788233 0.501655 -15.928172 -3.167306 2.999703 -6.338817 -0.000000 0.000001 -18.123419 3.648181 -4.905662 -0.000004 0.000000 -0.000002 3.046135 17.751888 14.425582 70.427895 26.770979 8.481330 0.228591 32.756260 0.227243 -9.221878 5.106603 -15.400639 2.243540 -5.255033 -3.180156 14.282877 -0.826594 6.952496 -0.000000 -12.690593 -0.000001 16.075397 -17.140923 2.710665 1.665665 -1.955920 -2.878297 4.727794 -4.170584 4.993919 11.020511 0.000001 -0.000000 12.109032 -3.735715 -2.866778 0.000000 -0.000000 0.000000 1.291985 -1.928548 -1.498088 14.800115 0.567467 3.865604 14.242553 -1.341738 -6.660648 19.631935 0.143921 -0.648243 49.361977 -0.582245 -5.968017 0.353029 -1.511150 -0.031940 20.222769 3.684305 2.316629 18.787249 0.000001 -0.000001 10.751608 -0.479870 1.397903 0.000000 -0.000000 0.000000 3.273804 0.305947 -0.580110 21.486790 11.830364 2.266131 8.162915 0.000000 -0.000000 18.399052 -3.798986 -4.940567 0.000003 0.000000 -0.000001 -1.372446 -14.148026 -24.501230 0.070264 -0.144295 24.563887 -2.135763 3.540494 -11.466311 1.691323 -1.935773 -1.189849 0.000000 -0.000000 0.000002 -5.911880 4.619595 -20.348402 -0.132510 0.343655 26.218246 7.293361 -15.567378 -17.889025 -1.401910 1.102710 -2.146244 0.000000 -0.000000 -0.000001
0.000000 0.000000 0.000000 0.000000 -0.000000 0.000000 0.137958 0.934784 5.219679 2.389848 8.970977 11.194977 -1.543198 -0.303556 0.069723 -0.920408 -1.461660 -4.782714 -0.576756 -3.644857 18.981606 12.477701 -0.183394 0.321567 -0.949523 -2.951304 -3.862387 9.552135 -5.802139 -26.033947 0.000077 -0.000022 0.000006 -0.036676 0.129574 0.059222 0.570005 -3.566478 -10.533599 -0.640791 3.834485 -10.644578 -0.241447 -17.413469 16.058363 -66.540657 -36.205421 29.883224 -0.706289 -28.934397 0.324711 2.706038 2.466393 -11.420048 -5.882102 9.861279 0.702590 -10.936861 -0.360574 7.156197 0.000000 8.774815 -0.000000 -16.058111 18.032400 6.340064 -1.844031 2.498503 -2.507276 -10.163590 4.678941 4.621104 -20.975996 -0.000001 0.000001 -21.226254 2.451698 -3.593995 0.000000 -0.000006 -0.000000 -1.362681 2.240797 -0.746323 -21.334892 0.584910 3.008319 -13.821196 -0.000001 0.000001 -23.887129 -0.249075 -0.839485 -60.796402 2.653565 -0.717462 -0.294025 1.679686 0.833255 -14.218195 0.093215 1.300579 -34.212002 -0.287561 0.967166 -20.033176 0.964536 1.212838 0.000000 -0.000000 0.000000 -3.440387 0.788233 0.501655 -15.928172 -3.167306 2.999703 -6.338817 -0.000000 0.000001 -18.123419 3.648181 -4.905662 -0.000004 0.000000 -0.000002 1.934646 17.897573 14.318195 71.324539 29.165239 9.829572 0.418849 31.225033 0.298081 -9.213853 4.503692 -14.903428 2.243540 -5.255033 -3.180156 14.282877 -0.826594 6.952496 -0.000000 -12.690593 -0.000001 16.032209 -17.124741 2.676823 1.665665 -1.955920 -2.878297 4.727794 -4.170584 4.993919 11.020511 0.000001 -0.000000 12.109032 -3.735715 -2.866778 0.000000 -0.000000 0.000000 1.291985 -1.928548 -1.498088 14.800115 0.567467 3.865604 14.242553 -1.341738 -6.660648 19.631935 0.143921 -0.648243 49.272072 -0.524707 -6.015661 0.353029 -1.511150 -0.031940 20.222769 3.684305 2.316629 18.787249 0.000001 -0.000001 10.751608 -0.479870 1.397903 0.000000 -0.000000 0.000000 3.273804 0.305947 -0.580110 21.486790 11.830364 2.266131 8.162915 0.000000 -0.000000 18.399052 -3.798986 -4.940567 0.000003 0.000000 -0.000001 -1.158379 -13.918647 -25.068983 0.059144 -0.146982 26.856743 -2.157037 3.134781 -12.808497 1.692487 -1.928185 -1.323998 0.000000 -0.000000 0.000002 -5.451145 4.164692 -20.559645 -0.097068 0.340944 27.869808 7.569095 -15.106963 -18.990301 -1.401621 1.096024 -2.002386 0.000000 -0.000000 -0.000001
0.000000 0.000000 0.000000 0.000000 -0.000000 0.000000 0.028212 0.459763 5.611276 2.046448 8.980916 10.583185 -1.574094 -0.220987 0.254916 -0.957687 -1.395972 -4.748219 -0.572803 -3.491529 19.252501 13.252734 -1.412981 4.238752 -0.605764 -2.437352 -3.855647 10.577436 -5.345525 -22.968393 0.000077 -0.000022 0.000006 -0.048055 0.140548 0.044652 0.548739 -3.542178 -10.541174 -0.639909 3.831921 -10.619978 0.270471 -16.909830 16.407190 -67.560654 -37.985340 32.831055 -0.829664 -29.197931 0.445986 1.369416 3.017312 -9.078250 -5.882102 9.861279 0.702590 -10.936861 -0.360574 7.156197 0.000000 8.774815 -0.000000 -16.165895 18.051590 6.265552 -1.844031 2.498503 -2.507276 -10.163590 4.678941 4.621104 -20.975996 -0.000001 0.000001 -21.226254 2.451698 -3.593995 0.000000 -0.000006 -0.000000 -1.362681 2.240797 -0.746323 -21.334892 0.584910 3.008319 -13.821196 -0.000001 0.000001 -23.887129 -0.249075 -0.839485 -60.663029 2.615541 -0.637982 -0.294025 1.679686 0.833255 -14.218195 0.093215 1.300579 -34.212002 -0.287561 0.967166 -20.033176 0.964536 1.212838 0.000000 -0.000000 0.000000 -3.440387 0.788233 0.501655 -15.928172 -3.167306 2.999703 -6.338817 -0.000000 0.000001 -18.123419 3.648181 -4.905662 -0.000004 0.000000 -0.000002 1.099365 18.028316 14.327639 72.212868 30.849653 10.850180 0.599136 30.272980 0.369185 -9.294221 3.889165 -14.428371 2.243540 -5.255033 -3.180156 14.282877 -0.826594 6.952496 -0.000000 -12.690593 -0.000001 15.997112 -17.117189 2.663863 1.665665 -1.955920 -2.878297 4.727794 -4.170584 4.993919 11.020511 0.000001 -0.000000 12.109032 -3.735715 -2.866778 0.000000 -0.000000 0.000000 1.291985 -1.928548 -1.498088 14.800115 0.567467 3.865604 14.242553 -1.341738 -6.660648 19.631935 0.143921 -0.648243 49.201046 -0.486029 -6.066012 0.353029 -1.511150 -0.031940 20.222769 3.684305 2.316629 18.787249 0.000001 -0.000001 10.751608 -0.479870 1.397903 0.000000 -0.000000 0.000000 3.273804 0.305947 -0.580110 21.486790 11.830364 2.266131 8.162915 0.000000 -0.000000 18.399052 -3.798986 -4.940567 0.000003 0.000000 -0.000001 -0.948600 -13.400696 -25.379160 0.043501 -0.132587 29.358633 -2.266085 2.555742 -14.412794 1.696219 -1.911350 -1.578032 0.000000 -0.000000 0.000002 -4.876556 3.503848 -20.508316 -0.068337 0.319343 29.594330 7.862384 -14.219680 -20.216982 -1.402302 1.089691 -1.879029 0.000000 -0.000000 -0.000001
0.000000 0.000000 0.000000 0.000000 -0.000000 0.000000 -0.054994 -0.098137 6.150528 1.736480 8.852054 9.850639 -1.583465 -0.168869 0.344480 -0.976515 -1.297490 -4.746426 -0.565226 -3.265159 19.438362 13.702447 -2.659948 7.991755 -0.346635 -1.940940 -3.849300 11.303033 -4.861150 -19.966961 0.000077 -0.000022 0.000006 -0.050396 0.131446 0.033433 0.547837 -3.549163 -10.566446 -0.640909 3.817921 -10.605633 0.544183 -15.964553 16.741409 -69.038635 -38.689388 34.638416 -0.821919 -31.362631 0.576506 0.786206 2.938812 -7.889469 -5.882102 9.861279 0.702590 -10.936861 -0.360574 7.156197 0.000000 8.774815 -0.000000 -16.200951 18.129566 6.201641 -1.844031 2.498503 -2.507276 -10.163590 4.678941 4.621104 -20.975996 -0.000001 0.000001 -21.226254 2.451698 -3.593995 0.000000 -0.000006 -0.000000 -1.362681 2.240797 -0.746323 -21.334892 0.584910 3.008319 -13.821196 -0.000001 0.000001 -23.887129 -0.249075 -0.839485 -60.568336 2.588243 -0.592133 -0.294025 1.679686 0.833255 -14.218195 0.093215 1.300579 -34.212002 -0.287561 0.967166 -20.033176 0.964536 1.212838 0.000000 -0.000000 0.000000 -3.440387 0.788233 0.501655 -15.928172 -3.167306 2.999703 -6.338817 -0.000000 0.000001 -18.123419 3.648181 -4.905662 -0.000004 0.000000 -0.000002 0.587369 18.069145 14.542811 73.230545 31.769024 11.071535 0.664754 30.074743 0.413620 -9.901668 3.471374 -14.373735 2.243540 -5.255033 -3.180156 14.282877 -0.826594 6.952496 -0.000000 -12.690593 -0.000001 15.938655 -17.095476 2.685159 1.665665 -1.955920 -2.878297 4.727794 -4.170584 4.993919 11.020511 0.000001 -0.000000 12.109032 -3.735715 -2.866778 0.000000 -0.000000 0.000000 1.291985 -1.928548 -1.498088 14.800115 0.567467 3.865604 14.242553 -1.341738 -6.660648 19.631935 0.143921 -0.648243 49.126957 -0.482878 -6.076305 0.353029 -1.511150 -0.031940 20.222769 3.684305 2.316629 18.787249 0.000001 -0.000001 10.751608 -0.479870 1.397903 0.000000 -0.000000 0.000000 3.273804 0.305947 -0.580110 21.486790 11.830364 2.266131 8.162915 0.000000 -0.000000 18.399052 -3.798986 -4.940567 0.000003 0.000000 -0.000001 -0.825457 -12.632815 -25.387257 0.034641 -0.117942 31.952759 -2.399619 1.783038 -16.254568 1.705389 -1.879370 -1.973296 0.000000 -0.000000 0.000002 -4.365384 2.711938 -20.322687 -0.047265 0.286288 31.507971 8.159101 -12.967156 -21.615131 -1.405826 1.090762 -1.812953 0.000000 -0.000000 -0.000001
0.000000 0.000000 0.000000 0.000000 -0.000000 0.000000 -0.142829 -0.732483 6.809459 1.536316 8.634912 9.054965 -1.592151 -0.160430 0.365954 -0.999787 -1.162417 -4.768357 -0.589781 -3.009430 19.536900 13.827230 -3.781845 11.341137 -0.142080 -1.496535 -3.841939 11.704847 -4.342129 -17.531551 0.000077 -0.000022 0.000006 -0.043696 0.118054 0.021260 0.564252 -3.566655 -10.593278 -0.641696 3.805626 -10.598559 0.716480 -14.696769 17.033779 -70.820335 -38.523682 35.635838 -0.662166 -34.849285 0.649627 0.879178 2.493176 -7.350713 -5.882102 9.861279 0.702590 -10.936861 -0.360574 7.156197 0.000000 8.774815 -0.000000 -16.177269 18.226965 6.193272 -1.844031 2.498503 -2.507276 -10.163590 4.678941 4.621104 -20.975996 -0.000001 0.000001 -21.226254 2.451698 -3.593995 0.000000 -0.000006 -0.000000 -1.362681 2.240797 -0.746323 -21.334892 0.584910 3.008319 -13.821196 -0.000001 0.000001 -23.887129 -0.249075 -0.839485 -60.481380 2.580223 -0.513800 -0.294025 1.679686 0.833255 -14.218195 0.093215 1.300579 -34.212002 -0.287561 0.967166 -20.033176 0.964536 1.212838 0.000000 -0.000000 0.000000 -3.440387 0.788233 0.501655 -15.928172 -3.167306 2.999703 -6.338817 -0.000000 0.000001 -18.123419 3.648181 -4.905662 -0.000004 0.000000 -0.000002 0.305557 18.024416 14.926713 74.521767 31.954655 10.498701 0.547837 30.511818 0.387366 -11.236465 3.192606 -14.884019 2.243540 -5.255033 -3.180156 14.282877 -0.826594 6.952496 -0.000000 -12.690593 -0.000001 15.887502 -17.073868 2.723338 1.665665 -1.955920 -2.878297 4.727794 -4.170584 4.993919 11.020511 0.000001 -0.000000 12.109032 -3.735715 -2.866778 0.000000 -0.000000 0.000000 1.291985 -1.928548 -1.498088 14.800115 0.567467 3.865604 14.242553 -1.341738 -6.660648 19.631935 0.143921 -0.648243 49.069721 -0.493716 -6.039399 0.353029 -1.511150 -0.031940 20.222769 3.684305 2.316629 18.787249 0.000001 -0.000001 10.751608 -0.479870 1.397903 0.000000 -0.000000 0.000000 3.273804 0.305947 -0.580110 21.486790 11.830364 2.266131 8.162915 0.000000 -0.000000 18.399052 -3.798986 -4.940567 0.000003 0.000000 -0.000001 -0.879692 -11.785428 -25.316587 0.030960 -0.110083 34.534927 -2.462403 0.990569 -18.098488 1.716880 -1.850505 -2.457279 0.000000 -0.000000 0.000002 -3.993270 1.819732 -20.062723 -0.033392 0.260757 33.616302 8.386695 -11.525988 -23.162739 -1.411916 1.080725 -1.861416 0.000000 -0.000000 -0.000001
0.000000 0.000000 0.000000 0.000000 -0.000000 0.000000 -0.240015 -1.435188 7.545710 1.436423 8.418306 8.238378 -1.590027 -0.172870 0.347155 -1.029797 -0.997719 -4.805495 -0.662227 -2.783859 19.565325 13.755057 -4.651111 14.079120 0.013103 -1.143757 -3.830180 11.890275 -3.898122 -15.805804 0.000077 -0.000022 0.000006 -0.038968 0.118561 0.009191 0.580583 -3.573440 -10.611490 -0.647014 3.811436 -10.593905 0.908327 -13.374473 17.289145 -72.692215 -37.889877 36.331879 -0.423381 -38.579578 0.638281 1.421742 1.962354 -6.782102 -5.882102 9.861279 0.702590 -10.936861 -0.360574 7.156197 0.000000 8.774815 -0.000000 -16.086857 18.297754 6.234472 -1.844031 2.498503 -2.507276 -10.163590 4.678941 4.621104 -20.975996 -0.000001 0.000001 -21.226254 2.451698 -3.593995 0.000000 -0.000006 -0.000000 -1.362681 2.240797 -0.746323 -21.334892 0.584910 3.008319 -13.821196 -0.000001 0.000001 -23.887129 -0.249075 -0.839485 -60.367649 2.595654 -0.423510 -0.294025 1.679686 0.833255 -14.218195 0.093215 1.300579 -34.212002 -0.287561 0.967166 -20.033176 0.964536 1.212838 0.000000 -0.000000 0.000000 -3.440387 0.788233 0.501655 -15.928172 -3.167306 2.999703 -6.338817 -0.000000 0.000001 -18.123419 3.648181 -4.905662 -0.000004 0.000000 -0.000002 0.164033 17.953751 15.370197 76.015068 31.518124 9.406154 0.378987 31.213995 0.301826 -13.036406 3.034290 -15.689070 2.243540 -5.255033 -3.180156 14.282877 -0.826594 6.952496 -0.000000 -12.690593 -0.000001 15.854295 -17.063322 2.768310 1.665665 -1.955920 -2.878297 4.727794 -4.170584 4.993919 11.020511 0.000001 -0.000000 12.109032 -3.735715 -2.866778 0.000000 -0.000000 0.000000 1.291985 -1.928548 -1.498088 14.800115 0.567467 3.865604 14.242553 -1.341738 -6.660648 19.631935 0.143921 -0.648243 49.010807 -0.501516 -5.992652 0.353029 -1.511150 -0.031940 20.222769 3.684305 2.316629 18.787249 0.000001 -0.000001 10.751608 -0.479870 1.397903 0.000000 -0.000000 0.000000 3.273804 0.305947 -0.580110 21.486790 11.830364 2.266131 8.162915 0.000000 -0.000000 18.399052 -3.798986 -4.940567 0.000003 0.000000 -0.000001 -1.013887 -10.950720 -25.134602 0.023905 -0.124874 37.086567 -2.505158 0.205199 -19.996084 1.728596 -1.835750 -3.009033 0.000000 -0.000000 0.000002 -3.757096 0.907961 -19.758429 -0.025825 0.238669 35.859844 8.535275 -10.115024 -24.768946 -1.418760 1.058264 -2.029279 0.000000 -0.000000 -0.000001
0.000000 0.000000 0.000000 0.000000 -0.000000 0.000000 -0.363124 -2.199928 8.377872 1.389219 8.203120 7.377709 -1.576710 -0.177895 0.329387 -1.057128 -0.840876 -4.851203 -0.769550 -2.599669 19.522610 13.551381 -5.261862 16.221785 0.131030 -0.863413 -3.811368 11.979984 -3.543539 -14.563956 0.000077 -0.000022 0.000006 -0.035628 0.120674 -0.002797 0.594423 -3.579068 -10.627330 -0.653268 3.819728 -10.591860 1.127170 -12.206706 17.501486 -74.426880 -37.073734 36.912636 -0.235059 -41.759403 0.597490 2.133672 1.478229 -5.815144 -5.882102 9.861279 0.702590 -10.936861 -0.360574 7.156197 0.000000 8.774815 -0.000000 -15.961967 18.341940 6.274088 -1.844031 2.498503 -2.507276 -10.163590 4.678941 4.621104 -20.975996 -0.000001 0.000001 -21.226254 2.451698 -3.593995 0.000000 -0.000006 -0.000000 -1.362681 2.240797 -0.746323 -21.334892 0.584910 3.008319 -13.821196 -0.000001 0.000001 -23.887129 -0.249075 -0.839485 -60.235363 2.612102 -0.376093 -0.294025 1.679686 0.833255 -14.218195 0.093215 1.300579 -34.212002 -0.287561 0.967166 -20.033176 0.964536 1.212838 0.000000 -0.000000 0.000000 -3.440387 0.788233 0.501655 -15.928172 -3.167306 2.999703 -6.338817 -0.000000 0.000001 -18.123419 3.648181 -4.905662 -0.000004 0.000000 -0.000002 0.100939 17.881163 15.814886 77.505447 30.677166 8.382360 0.213624 31.760660 0.196157 -14.535441 2.932127 -16.350407 2.243540 -5.255033 -3.180156 14.282877 -0.826594 6.952496 -0.000000 -12.690593 -0.000001 15.845390 -17.083332 2.794001 1.665665 -1.955920 -2.878297 4.727794 -4.170584 4.993919 11.020511 0.000001 -0.000000 12.109032 -3.735715 -2.866778 0.000000 -0.000000 0.000000 1.291985 -1.928548 -1.498088 14.800115 0.567467 3.865604 14.242553 -1.341738 -6.660648 19.631935 0.143921 -0.648243 48.959995 -0.512049 -5.973444 0.353029 -1.511150 -0.031940 20.222769 3.684305 2.316629 18.787249 0.000001 -0.000001 10.751608 -0.479870 1.397903 0.000000 -0.000000 0.000000 3.273804 0.305947 -0.580110 21.486790 11.830364 2.266131 8.162915 0.000000 -0.000000 18.399052 -3.798986 -4.940567 0.000003 0.000000 -0.000001 -1.159221 -10.056902 -24.736317 0.010014 -0.161762 39.602596 -2.536484 -0.658891 -21.998255 1.737261 -1.818498 -3.630223 0.000000 -0.000000 0.000002 -3.591750 0.044913 -19.333359 -0.025392 0.228582 38.143562 8.572484 -8.845180 -26.583750 -1.425324 1.026213 -2.262793 0.000000 -0.000000 -0.000001
0.000000 0.000000 0.000000 0.000000 -0.000000 0.000000 -0.511418 -3.048576 9.278001 1.359070 7.996261 6.502915 -1.557732 -0.164367 0.336970 -1.079546 -0.726472 -4.889726 -0.898684 -2.458472 19.393572 13.271161 -5.597969 17.777971 0.213058 -0.640739 -3.800349 12.067561 -3.339996 -13.636781 0.000077 -0.000022 0.000006 -0.033357 0.120931 -0.014311 0.605343 -3.585553 -10.644962 -0.659031 3.825339 -10.593851 1.339449 -11.311166 17.672571 -75.837914 -36.219761 37.365383 -0.140582 -44.017628 0.553317 2.768124 1.074316 -4.674877 -5.882102 9.861279 0.702590 -10.936861 -0.360574 7.156197 0.000000 8.774815 -0.000000 -15.888306 18.390589 6.293454 -1.844031 2.498503 -2.507276 -10.163590 4.678941 4.621104 -20.975996 -0.000001 0.000001 -21.226254 2.451698 -3.593995 0.000000 -0.000006 -0.000000 -1.362681 2.240797 -0.746323 -21.334892 0.584910 3.008319 -13.821196 -0.000001 0.000001 -23.887129 -0.249075 -0.839485 -60.188999 2.621761 -0.380208 -0.294025 1.679686 0.833255 -14.218195 0.093215 1.300579 -34.212002 -0.287561 0.967166 -20.033176 0.964536 1.212838 0.000000 -0.000000 0.000000 -3.440387 0.788233 0.501655 -15.928172 -3.167306 2.999703 -6.338817 -0.000000 0.000001 -18.123419 3.648181 -4.905662 -0.000004 0.000000 -0.000002 0.075255 17.794853 16.301357 78.824600 29.711081 7.837880 0.065458 31.873358 0.098609 -15.281917 2.757942 -16.657446 2.243540 -5.255033 -3.180156 14.282877 -0.826594 6.952496 -0.000000 -12.690593 -0.000001 15.873254 -17.123444 2.797463 1.665665 -1.955920 -2.878297 4.727794 -4.170584 4.993919 11.020511 0.000001 -0.000000 12.109032 -3.735715 -2.866778 0.000000 -0.000000 0.000000 1.291985 -1.928548 -1.498088 14.800115 0.567467 3.865604 14.242553 -1.341738 -6.660648 19.631935 0.143921 -0.648243 48.965569 -0.523379 -5.969091 0.353029 -1.511150 -0.031940 20.222769 3.684305 2.316629 18.787249 0.000001 -0.000001 10.751608 -0.479870 1.397903 0.000000 -0.000000 0.000000 3.273804 0.305947 -0.580110 21.486790 11.830364 2.266131 8.162915 0.000000 -0.000000 18.399052 -3.798986 -4.940567 0.000003 0.000000 -0.000001 -1.263695 -9.075785 -24.312735 -0.020697 -0.223382 42.184605 -2.520370 -1.654401 -24.082125 1.741843 -1.793553 -4.304399 0.000000 -0.000000 0.000002 -3.459180 -0.688907 -18.866989 -0.028860 0.227769 40.524059 8.471830 -7.742966 -28.458195 -1.431939 0.991677 -2.505739 0.000000 -0.000000 -0.000001
0.000000 0.000000 0.000000 0.000000 -0.000000 0.000000 -0.662477 -4.026009 10.192413 1.397799 7.805845 5.661713 -1.572346 -0.139766 0.369964 -1.106793 -0.666592 -4.918739 -1.056661 -2.359326 19.208393 12.979959 -5.657145 18.695322 0.240253 -0.543290 -3.800523 12.173897 -3.325078 -13.037442 0.000077 -0.000022 0.000006 -0.033565 0.119225 -0.024464 0.611742 -3.590228 -10.652451 -0.666054 3.826652 -10.593090 1.373065 -10.738601 17.836433 -76.631142 -35.579613 37.880905 -0.108488 -45.003849 0.525214 3.059710 0.876798 -3.516596 -5.882102 9.861279 0.702590 -10.936861 -0.360574 7.156197 0.000000 8.774815 -0.000000 -15.870821 18.431915 6.296375 -1.844031 2.498503 -2.507276 -10.163590 4.678941 4.621104 -20.975996 -0.000001 0.000001 -21.226254 2.451698 -3.593995 0.000000 -0.000006 -0.000000 -1.362681 2.240797 -0.746323 -21.334892 0.584910 3.008319 -13.821196 -0.000001 0.000001 -23.887129 -0.249075 -0.839485 -60.175793 2.650798 -0.414735 -0.294025 1.679686 0.833255 -14.218195 0.093215 1.300579 -34.212002 -0.287561 0.967166 -20.033176 0.964536 1.212838 0.000000 -0.000000 0.000000 -3.440387 0.788233 0.501655 -15.928172 -3.167306 2.999703 -6.338817 -0.000000 0.000001 -18.123419 3.648181 -4.905662 -0.000004 0.000000 -0.000002 0.077029 17.708349 16.847202 79.819092 28.807764 7.885375 -0.039404 31.411791 0.033371 -15.272695 2.331155 -16.612280 2.243540 -5.255033 -3.180156 14.282877 -0.826594 6.952496 -0.000000 -12.690593 -0.000001 15.921011 -17.163298 2.786044 1.665665 -1.955920 -2.878297 4.727794 -4.170584 4.993919 11.020511 0.000001 -0.000000 12.109032 -3.735715 -2.866778 0.000000 -0.000000 0.000000 1.291985 -1.928548 -1.498088 14.800115 0.567467 3.865604 14.242553 -1.341738 -6.660648 19.631935 0.143921 -0.648243 49.003902 -0.499247 -5.995566 0.353029 -1.511150 -0.031940 20.222769 3.684305 2.316629 18.787249 0.000001 -0.000001 10.751608 -0.479870 1.397903 0.000000 -0.000000 0.000000 3.273804 0.305947 -0.580110 21.486790 11.830364 2.266131 8.162915 0.000000 -0.000000 18.399052 -3.798986 -4.940567 0.000003 0.000000 -0.000001 -1.382906 -8.103220 -24.082228 -0.057424 -0.279219 45.165028 -2.359057 -2.692470 -26.114670 1.744101 -1.764529 -5.023355 0.000000 -0.000000 0.000002 -3.429821 -1.251330 -18.518299 -0.037988 0.216501 43.187408 8.242955 -6.807469 -30.520519 -1.439280 0.944344 -2.802700 0.000000 -0.000000 -0.000001
0.000000 0.000000 0.000000 0.000000 -0.000000 0.000000 -0.818143 -5.155403 11.120183 1.518086 7.662836 4.850924 -1.608967 -0.133980 0.449834 -1.127323 -0.634731 -4.939705 -1.265224 -2.303869 18.983053 12.690864 -5.492174 19.048321 0.241276 -0.617375 -3.809015 12.226702 -3.421115 -12.809943 0.000077 -0.000022 0.000006 -0.041412 0.124722 -0.032436 0.610068 -3.582448 -10.644532 -0.681009 3.831281 -10.584333 1.187689 -10.421159 17.981068 -76.816055 -35.212734 38.536655 -0.135679 -44.693516 0.547187 2.878138 0.868576 -2.457925 -5.882102 9.861279 0.702590 -10.936861 -0.360574 7.156197 0.000000 8.774815 -0.000000 -15.859385 18.424770 6.289077 -1.844031 2.498503 -2.507276 -10.163590 4.678941 4.621104 -20.975996 -0.000001 0.000001 -21.226254 2.451698 -3.593995 0.000000 -0.000006 -0.000000 -1.362681 2.240797 -0.746323 -21.334892 0.584910 3.008319 -13.821196 -0.000001 0.000001 -23.887129 -0.249075 -0.839485 -60.096977 2.661929 -0.427236 -0.294025 1.679686 0.833255 -14.218195 0.093215 1.300579 -34.212002 -0.287561 0.967166 -20.033176 0.964536 1.212838 0.000000 -0.000000 0.000000 -3.440387 0.788233 0.501655 -15.928172 -3.167306 2.999703 -6.338817 -0.000000 0.000001 -18.123419 3.648181 -4.905662 -0.000004 0.000000 -0.000002 0.042677 17.632610 17.307444 80.458290 27.864817 8.527367 -0.061086 30.488497 0.019379 -14.647058 1.613541 -16.473227 2.243540 -5.255033 -3.180156 14.282877 -0.826594 6.952496 -0.000000 -12.690593 -0.000001 15.968877 -17.189026 2.761147 1.665665 -1.955920 -2.878297 4.727794 -4.170584 4.993919 11.020511 0.000001 -0.000000 12.109032 -3.735715 -2.866778 0.000000 -0.000000 0.000000 1.291985 -1.928548 -1.498088 14.800115 0.567467 3.865604 14.242553 -1.341738 -6.660648 19.631935 0.143921 -0.648243 49.042110 -0.446071 -6.054212 0.353029 -1.511150 -0.031940 20.222769 3.684305 2.316629 18.787249 0.000001 -0.000001 10.751608 -0.479870 1.397903 0.000000 -0.000000 0.000000 3.273804 0.305947 -0.580110 21.486790 11.830364 2.266131 8.162915 0.000000 -0.000000 18.399052 -3.798986 -4.940567 0.000003 0.000000 -0.000001 -1.532762 -7.204394 -24.090456 -0.090030 -0.326869 48.668560 -2.061532 -3.664782 -27.993835 1.747362 -1.737373 -5.768580 0.000000 -0.000000 0.000002 -3.507768 -1.764100 -18.281979 -0.044197 0.214147 46.160408 7.900179 -5.978517 -32.797909 -1.445363 0.898538 -3.215562 0.000000 -0.000000 -0.000001
0.000000 0.000000 0.000000 0.000000 -0.000000 0.000000 -0.987030 -6.428810 12.100091 1.718584 7.548040 4.056355 -1.678761 -0.139106 0.565557 -1.146883 -0.565687 -4.956162 -1.496999 -2.325061 18.801291 12.510715 -5.277953 18.966682 0.121701 -0.637850 -3.737101 12.240824 -3.715039 -12.979235 0.000077 -0.000022 0.000006 -0.077731 0.169514 -0.022270 0.586120 -3.533283 -10.613945 -0.730123 3.872608 -10.561743 0.854197 -10.396296 18.120575 -76.470673 -35.129753 39.479218 -0.138261 -43.296391 0.563424 2.349379 0.992940 -1.466029 -5.882102 9.861279 0.702590 -10.936861 -0.360574 7.156197 0.000000 8.774815 -0.000000 -15.866039 18.405201 6.253128 -1.844031 2.498503 -2.507276 -10.163590 4.678941 4.621104 -20.975996 -0.000001 0.000001 -21.226254 2.451698 -3.593995 0.000000 -0.000006 -0.000000 -1.362681 2.240797 -0.746323 -21.334892 0.584910 3.008319 -13.821196 -0.000001 0.000001 -23.887129 -0.249075 -0.839485 -60.097134 2.566689 -0.414346 -0.294025 1.679686 0.833255 -14.218195 0.093215 1.300579 -34.212002 -0.287561 0.967166 -20.033176 0.964536 1.212838 0.000000 -0.000000 0.000000 -3.440387 0.788233 0.501655 -15.928172 -3.167306 2.999703 -6.338817 -0.000000 0.000001 -18.123419 3.648181 -4.905662 -0.000004 0.000000 -0.000002 -0.039991 17.604961 17.741030 80.695740 26.946138 9.856438 -0.120833 29.231754 -0.019603 -13.442007 0.675974 -16.414852 2.243540 -5.255033 -3.180156 14.282877 -0.826594 6.952496 -0.000000 -12.690593 -0.000001 15.949173 -17.182058 2.700518 1.665665 -1.955920 -2.878297 4.727794 -4.170584 4.993919 11.020511 0.000001 -0.000000 12.109032 -3.735715 -2.866778 0.000000 -0.000000 0.000000 1.291985 -1.928548 -1.498088 14.800115 0.567467 3.865604 14.242553 -1.341738 -6.660648 19.631935 0.143921 -0.648243 49.182827 -0.424830 -6.130896 0.353029 -1.511150 -0.031940 20.222769 3.684305 2.316629 18.787249 0.000001 -0.000001 10.751608 -0.479870 1.397903 0.000000 -0.000000 0.000000 3.273804 0.305947 -0.580110 21.486790 11.830364 2.266131 8.162915 0.000000 -0.000000 18.399052 -3.798986 -4.940567 0.000003 0.000000 -0.000001 -1.719889 -6.417010 -24.183916 -0.122372 -0.380719 52.495560 -1.511802 -4.432723 -29.772102 1.743752 -1.741327 -6.645681 0.000000 -0.000000 0.000002 -3.738364 -2.370051 -18.060850 -0.048098 0.143717 49.339157 7.591403 -5.166605 -35.270554 -1.454707 0.850268 -3.736061 0.000000 -0.000000 -0.000001
0.000000 0.000000 0.000000 0.000000 -0.000000 0.000000 -1.159308 -7.885612 13.107914 2.049099 7.491059 3.258424 -1.827341 -0.083098 0.727653 -1.147108 -0.535262 -4.932869 -1.792426 -2.407451 18.683695 12.455389 -5.036932 18.729792 0.031167 -0.816458 -3.721965 12.267251 -4.038682 -13.217166 0.000077 -0.000022 0.000006 -0.077816 0.142921 -0.032752 0.585103 -3.543445 -10.563326 -0.730279 3.830448 -10.505339 0.406051 -10.447954 18.190371 -75.862137 -35.208340 40.708214 -0.164628 -41.047203 0.598666 1.541768 1.098323 -0.451039 -5.882102 9.861279 0.702590 -10.936861 -0.360574 7.156197 0.000000 8.774815 -0.000000 -15.877665 18.340961 6.217703 -1.844031 2.498503 -2.507276 -10.163590 4.678941 4.621104 -20.975996 -0.000001 0.000001 -21.226254 2.451698 -3.593995 0.000000 -0.000006 -0.000000 -1.362681 2.240797 -0.746323 -21.334892 0.584910 3.008319 -13.821196 -0.000001 0.000001 -23.887129 -0.249075 -0.839485 -60.223389 2.545115 -0.449441 -0.294025 1.679686 0.833255 -14.218195 0.093215 1.300579 -34.212002 -0.287561 0.967166 -20.033176 0.964536 1.212838 0.000000 -0.000000 0.000000 -3.440387 0.788233 0.501655 -15.928172 -3.167306 2.999703 -6.338817 -0.000000 0.000001 -18.123419 3.648181 -4.905662 -0.000004 0.000000 -0.000002 0.055663 17.682501 18.222706 80.420578 26.019596 11.362732 -0.016908 27.835424 -0.060892 -11.803506 -0.358815 -15.983544 2.243540 -5.255033 -3.180156 14.282877 -0.826594 6.952496 -0.000000 -12.690593 -0.000001 15.878542 -17.222176 2.654873 1.665665 -1.955920 -2.878297 4.727794 -4.170584 4.993919 11.020511 0.000001 -0.000000 12.109032 -3.735715 -2.866778 0.000000 -0.000000 0.000000 1.291985 -1.928548 -1.498088 14.800115 0.567467 3.865604 14.242553 -1.341738 -6.660648 19.631935 0.143921 -0.648243 49.184242 -0.444832 -6.276971 0.353029 -1.511150 -0.031940 20.222769 3.684305 2.316629 18.787249 0.000001 -0.000001 10.751608 -0.479870 1.397903 0.000000 -0.000000 0.000000 3.273804 0.305947 -0.580110 21.486790 11.830364 2.266131 8.162915 0.000000 -0.000000 18.399052 -3.798986 -4.940567 0.000003 0.000000 -0.000001 -2.020875 -5.816770 -24.282019 -0.107661 -0.416455 56.521492 -1.093486 -4.991298 -31.591923 1.767569 -1.739858 -6.846897 0.000000 -0.000000 0.000002 -4.121238 -3.009039 -17.865860 -0.044980 0.145679 52.814102 7.253074 -4.180167 -37.993729 -1.449026 0.855009 -4.342432 0.000000 -0.000000 -0.000001
0.000000 0.000000 0.000000 0.000000 -0.000000 0.000000 -1.333625 -9.513603 14.177818 2.372034 7.550096 2.453775 -1.917569 -0.024218 0.900229 -1.179618 -0.589214 -4.912105 -2.046106 -2.461230 18.661119 12.433320 -4.882286 18.484125 -0.002533 -0.872639 -3.722883 12.320395 -4.268802 -13.438124 0.000077 -0.000022 0.000006 -0.082030 0.142050 -0.029431 0.585592 -3.532095 -10.526436 -0.739574 3.818125 -10.466095 -0.182171 -10.598839 18.409809 -74.985168 -35.370068 42.056705 -0.083849 -38.564953 0.467736 0.570269 0.971149 0.589264 -5.882102 9.861279 0.702590 -10.936861 -0.360574 7.156197 0.000000 8.774815 -0.000000 -16.006413 18.357325 6.186415 -1.844031 2.498503 -2.507276 -10.163590 4.678941 4.621104 -20.975996 -0.000001 0.000001 -21.226254 2.451698 -3.593995 0.000000 -0.000006 -0.000000 -1.362681 2.240797 -0.746323 -21.334892 0.584910 3.008319 -13.821196 -0.000001 0.000001 -23.887129 -0.249075 -0.839485 -60.322628 2.548065 -0.388873 -0.294025 1.679686 0.833255 -14.218195 0.093215 1.300579 -34.212002 -0.287561 0.967166 -20.033176 0.964536 1.212838 0.000000 -0.000000 0.000000 -3.440387 0.788233 0.501655 -15.928172 -3.167306 2.999703 -6.338817 -0.000000 0.000001 -18.123419 3.648181 -4.905662 -0.000004 0.000000 -0.000002 0.232301 17.629143 18.716118 79.796036 25.164011 13.138887 0.198123 26.312109 -0.079018 -9.676547 -1.295388 -15.076536 2.243540 -5.255033 -3.180156 14.282877 -0.826594 6.952496 -0.000000 -12.690593 -0.000001 15.899576 -17.257303 2.596514 1.665665 -1.955920 -2.878297 4.727794 -4.170584 4.993919 11.020511 0.000001 -0.000000 12.109032 -3.735715 -2.866778 0.000000 -0.000000 0.000000 1.291985 -1.928548 -1.498088 14.800115 0.567467 3.865604 14.242553 -1.341738 -6.660648 19.631935 0.143921 -0.648243 49.257259 -0.310509 -6.384202 0.353029 -1.511150 -0.031940 20.222769 3.684305 2.316629 18.787249 0.000001 -0.000001 10.751608 -0.479870 1.397903 0.000000 -0.000000 0.000000 3.273804 0.305947 -0.580110 21.486790 11.830364 2.266131 8.162915 0.000000 -0.000000 18.399052 -3.798986 -4.940567 0.000003 0.000000 -0.000001 -2.253361 -5.384725 -24.452206 -0.134122 -0.428421 60.941196 -0.694201 -5.623465 -33.180740 1.783958 -1.762543 -8.236519 0.000000 -0.000000 0.000002 -4.534696 -3.760915 -17.592529 -0.016965 0.177061 56.433521 6.920335 -3.366730 -40.890804 -1.442167 0.807497 -5.235024 0.000000 -0.000000 -0.000001
0.000000 0.000000 0.000000 0.000000 -0.000000 0.000000 -1.514453 -11.284256 15.372041 2.712027 7.605546 1.643026 -2.020853 0.030280 1.065901 -1.207777 -0.638436 -4.882803 -2.292336 -2.535634 18.650532 12.458770 -4.885911 18.372517 -0.044263 -0.828192 -3.722477 12.388722 -4.431715 -13.686995 0.000077 -0.000022 0.000006 -0.086543 0.146197 -0.024212 0.584940 -3.517200 -10.494761 -0.747911 3.812093 -10.433228 -0.772479 -10.795133 18.559752 -74.113853 -35.186195 43.181030 0.074107 -36.189312 0.286406 -0.310839 0.708921 1.533143 -5.882102 9.861279 0.702590 -10.936861 -0.360574 7.156197 0.000000 8.774815 -0.000000 -16.111359 18.405869 6.165497 -1.844031 2.498503 -2.507276 -10.163590 4.678941 4.621104 -20.975996 -0.000001 0.000001 -21.226254 2.451698 -3.593995 0.000000 -0.000006 -0.000000 -1.362681 2.240797 -0.746323 -21.334892 0.584910 3.008319 -13.821196 -0.000001 0.000001 -23.887129 -0.249075 -0.839485 -60.418644 2.548459 -0.354051 -0.294025 1.679686 0.833255 -14.218195 0.093215 1.300579 -34.212002 -0.287561 0.967166 -20.033176 0.964536 1.212838 0.000000 -0.000000 0.000000 -3.440387 0.788233 0.501655 -15.928172 -3.167306 2.999703 -6.338817 -0.000000 0.000001 -18.123419 3.648181 -4.905662 -0.000004 0.000000 -0.000002 0.503595 17.491257 19.180218 79.135590 24.265553 14.918810 0.484013 24.886913 -0.087119 -7.710442 -2.014301 -14.028310 2.243540 -5.255033 -3.180156 14.282877 -0.826594 6.952496 -0.000000 -12.690593 -0.000001 15.956089 -17.303991 2.526943 1.665665 -1.955920 -2.878297 4.727794 -4.170584 4.993919 11.020511 0.000001 -0.000000 12.109032 -3.735715 -2.866778 0.000000 -0.000000 0.000000 1.291985 -1.928548 -1.498088 14.800115 0.567467 3.865604 14.242553 -1.341738 -6.660648 19.631935 0.143921 -0.648243 49.290676 -0.223981 -6.511941 0.353029 -1.511150 -0.031940 20.222769 3.684305 2.316629 18.787249 0.000001 -0.000001 10.751608 -0.479870 1.397903 0.000000 -0.000000 0.000000 3.273804 0.305947 -0.580110 21.486790 11.830364 2.266131 8.162915 0.000000 -0.000000 18.399052 -3.798986 -4.940567 0.000003 0.000000 -0.000001 -2.481184 -5.111660 -24.460934 -0.149306 -0.422222 65.434837 -0.336317 -6.196859 -34.673676 1.806646 -1.793225 -9.720500 0.000000 -0.000000 0.000002 -5.032700 -4.506505 -17.574553 0.012793 0.201758 61.158600 6.652808 -2.598383 -42.611691 -1.435016 0.770845 -6.324273 0.000000 -0.000000 -0.000001
0.000000 0.000000 0.000000 0.000000 -0.000000 0.000000 -1.704979 -13.178635 16.719547 2.977331 7.564417 0.764953 -2.081849 0.076475 1.249857 -1.221964 -0.712889 -4.835701 -2.502865 -2.621244 18.616989 12.498920 -4.974907 18.417604 -0.048246 -0.726044 -3.714156 12.434740 -4.527631 -13.890863 0.000077 -0.000022 0.000006 -0.093816 0.156019 -0.019660 0.574443 -3.498660 -10.472852 -0.751567 3.813319 -10.409330 -1.270332 -10.940762 18.765678 -73.420517 -34.633518 43.584286 0.266417 -34.071049 0.117990 -0.746566 0.445611 2.259990 -5.882102 9.861279 0.702590 -10.936861 -0.360574 7.156197 0.000000 8.774815 -0.000000 -16.143183 18.437761 6.149162 -1.844031 2.498503 -2.507276 -10.163590 4.678941 4.621104 -20.975996 -0.000001 0.000001 -21.226254 2.451698 -3.593995 0.000000 -0.000006 -0.000000 -1.362681 2.240797 -0.746323 -21.334892 0.584910 3.008319 -13.821196 -0.000001 0.000001 -23.887129 -0.249075 -0.839485 -60.466587 2.561181 -0.344113 -0.294025 1.679686 0.833255 -14.218195 0.093215 1.300579 -34.212002 -0.287561 0.967166 -20.033176 0.964536 1.212838 0.000000 -0.000000 0.000000 -3.440387 0.788233 0.501655 -15.928172 -3.167306 2.999703 -6.338817 -0.000000 0.000001 -18.123419 3.648181 -4.905662 -0.000004 0.000000 -0.000002 0.693014 17.271425 19.571543 78.783562 23.245581 16.301657 0.726745 23.860859 -0.080598 -6.371194 -2.478902 -13.043658 2.243540 -5.255033 -3.180156 14.282877 -0.826594 6.952496 -0.000000 -12.690593 -0.000001 16.024874 -17.330950 2.445434 1.665665 -1.955920 -2.878297 4.727794 -4.170584 4.993919 11.020511 0.000001 -0.000000 12.109032 -3.735715 -2.866778 0.000000 -0.000000 0.000000 1.291985 -1.928548 -1.498088 14.800115 0.567467 3.865604 14.242553 -1.341738 -6.660648 19.631935 0.143921 -0.648243 49.298100 -0.165213 -6.626568 0.353029 -1.511150 -0.031940 20.222769 3.684305 2.316629 18.787249 0.000001 -0.000001 10.751608 -0.479870 1.397903 0.000000 -0.000000 0.000000 3.273804 0.305947 -0.580110 21.486790 11.830364 2.266131 8.162915 0.000000 -0.000000 18.399052 -3.798986 -4.940567 0.000003 0.000000 -0.000001 -2.629566 -4.921925 -24.133696 -0.160370 -0.420461 69.866402 -0.065779 -6.829573 -36.152050 1.838208 -1.823001 -11.253248 0.000000 -0.000000 0.000002 -5.510582 -5.156062 -17.286411 0.030584 0.219828 65.966675 6.304352 -1.948634 -43.892078 -1.426736 0.742022 -7.774525 0.000000 -0.000000 -0.000001
0.000000 0.000000 0.000000 0.000000 -0.000000 0.000000 -1.898843 -15.208984 18.327730 3.163620 7.349087 -0.256536 -2.111669 0.100822 1.513272 -1.206442 -0.853356 -4.772729 -2.659767 -2.687266 18.495031 12.484064 -5.089582 18.632433 0.015414 -0.579902 -3.712123 12.358070 -4.441730 -14.081346 0.000077 -0.000022 0.000006 -0.093977 0.147450 -0.016548 0.570243 -3.499389 -10.460999 -0.747092 3.796636 -10.394961 -1.643930 -11.048243 19.069456 -72.978622 -33.705456 42.891678 0.454143 -31.993877 -0.001520 -0.696593 0.224785 2.755962 -5.882102 9.861279 0.702590 -10.936861 -0.360574 7.156197 0.000000 8.774815 -0.000000 -16.142897 18.418261 6.116858 -1.844031 2.498503 -2.507276 -10.163590 4.678941 4.621104 -20.975996 -0.000001 0.000001 -21.226254 2.451698 -3.593995 0.000000 -0.000006 -0.000000 -1.362681 2.240797 -0.746323 -21.334892 0.584910 3.008319 -13.821196 -0.000001 0.000001 -23.887129 -0.249075 -0.839485 -60.471844 2.580358 -0.369766 -0.294025 1.679686 0.833255 -14.218195 0.093215 1.300579 -34.212002 -0.287561 0.967166 -20.033176 0.964536 1.212838 0.000000 -0.000000 0.000000 -3.440387 0.788233 0.501655 -15.928172 -3.167306 2.999703 -6.338817 -0.000000 0.000001 -18.123419 3.648181 -4.905662 -0.000004 0.000000 -0.000002 0.631892 16.976278 19.865213 78.888802 22.071264 17.414024 0.768006 23.398785 -0.108323 -5.606719 -2.886637 -11.778105 2.243540 -5.255033 -3.180156 14.282877 -0.826594 6.952496 -0.000000 -12.690593 -0.000001 16.136740 -17.374546 2.354634 1.665665 -1.955920 -2.878297 4.727794 -4.170584 4.993919 11.020511 0.000001 -0.000000 12.109032 -3.735715 -2.866778 0.000000 -0.000000 0.000000 1.291985 -1.928548 -1.498088 14.800115 0.567467 3.865604 14.242553 -1.341738 -6.660648 19.631935 0.143921 -0.648243 49.356838 -0.153934 -6.701822 0.353029 -1.511150 -0.031940 20.222769 3.684305 2.316629 18.787249 0.000001 -0.000001 10.751608 -0.479870 1.397903 0.000000 -0.000000 0.000000 3.273804 0.305947 -0.580110 21.486790 11.830364 2.266131 8.162915 0.000000 -0.000000 18.399052 -3.798986 -4.940567 0.000003 0.000000 -0.000001 -2.698524 -4.768137 -23.316938 -0.158451 -0.403165 74.176682 0.129042 -7.444935 -37.688847 1.880378 -1.859299 -12.707901 0.000000 -0.000000 0.000002 -5.996620 -5.739069 -16.630093 0.053562 0.263237 70.910561 5.781786 -1.148240 -44.525963 -1.418033 0.718542 -9.633848 0.000000 -0.000000 -0.000001
0.000000 0.000000 0.000000 0.000000 -0.000000 0.000000 -2.100922 -17.376221 20.180233 3.196389 6.969641 -1.433544 -2.103590 0.103893 1.835866 -1.170358 -1.049312 -4.700952 -2.702006 -2.810120 18.315815 12.417568 -5.233212 18.933399 0.153885 -0.382638 -3.714264 12.146982 -4.233819 -14.173970 0.000077 -0.000022 0.000006 -0.093014 0.129057 -0.018607 0.573045 -3.513678 -10.470554 -0.747543 3.773782 -10.405875 -1.938313 -11.142147 19.455580 -72.697823 -32.442448 41.109131 0.653677 -29.842312 -0.111891 -0.234722 0.132961 3.068651 -5.882102 9.861279 0.702590 -10.936861 -0.360574 7.156197 0.000000 8.774815 -0.000000 -16.148510 18.350054 6.057138 -1.844031 2.498503 -2.507276 -10.163590 4.678941 4.621104 -20.975996 -0.000001 0.000001 -21.226254 2.451698 -3.593995 0.000000 -0.000006 -0.000000 -1.362681 2.240797 -0.746323 -21.334892 0.584910 3.008319 -13.821196 -0.000001 0.000001 -23.887129 -0.249075 -0.839485 -60.471779 2.632403 -0.420991 -0.294025 1.679686 0.833255 -14.218195 0.093215 1.300579 -34.212002 -0.287561 0.967166 -20.033176 0.964536 1.212838 0.000000 -0.000000 0.000000 -3.440387 0.788233 0.501655 -15.928172 -3.167306 2.999703 -6.338817 -0.000000 0.000001 -18.123419 3.648181 -4.905662 -0.000004 0.000000 -0.000002 0.473144 16.600050 20.166168 79.258446 20.784929 17.852531 0.668770 23.585796 -0.169857 -5.578253 -3.171021 -10.319431 2.243540 -5.255033 -3.180156 14.282877 -0.826594 6.952496 -0.000000 -12.690593 -0.000001 16.252556 -17.382219 2.266335 1.665665 -1.955920 -2.878297 4.727794 -4.170584 4.993919 11.020511 0.000001 -0.000000 12.109032 -3.735715 -2.866778 0.000000 -0.000000 0.000000 1.291985 -1.928548 -1.498088 14.800115 0.567467 3.865604 14.242553 -1.341738 -6.660648 19.631935 0.143921 -0.648243 49.459560 -0.125277 -6.717702 0.353029 -1.511150 -0.031940 20.222769 3.684305 2.316629 18.787249 0.000001 -0.000001 10.751608 -0.479870 1.397903 0.000000 -0.000000 0.000000 3.273804 0.305947 -0.580110 21.486790 11.830364 2.266131 8.162915 0.000000 -0.000000 18.399052 -3.798986 -4.940567 0.000003 0.000000 -0.000001 -2.589041 -4.613533 -22.053093 -0.132092 -0.347036 78.489426 0.307902 -8.039047 -39.056240 1.923476 -1.888984 -14.112164 0.000000 -0.000000 0.000002 -6.446939 -6.270585 -15.531197 0.090572 0.319699 75.861038 5.017820 -0.052196 -44.456329 -1.407544 0.686657 -11.950626 0.000000 -0.000000 -0.000001
0.000000 0.000000 0.000000 0.000000 -0.000000 0.000000 -2.303238 -19.725700 22.248438 3.070404 6.505329 -2.734314 -2.070547 0.076866 2.152045 -1.149524 -1.254634 -4.625566 -2.600270 -3.048713 18.089407 12.447307 -5.427301 19.287689 0.295922 -0.128815 -3.708994 11.827504 -3.999646 -14.217370 0.000077 -0.000022 0.000006 -0.097057 0.124670 -0.014970 0.576814 -3.516590 -10.481855 -0.759539 3.768210 -10.422502 -2.235353 -11.181916 19.933178 -72.398987 -31.047813 38.914345 0.872365 -27.638762 -0.249696 0.283631 0.222454 3.683958 -5.882102 9.861279 0.702590 -10.936861 -0.360574 7.156197 0.000000 8.774815 -0.000000 -16.199215 18.254999 5.989300 -1.844031 2.498503 -2.507276 -10.163590 4.678941 4.621104 -20.975996 -0.000001 0.000001 -21.226254 2.451698 -3.593995 0.000000 -0.000006 -0.000000 -1.362681 2.240797 -0.746323 -21.334892 0.584910 3.008319 -13.821196 -0.000001 0.000001 -23.887129 -0.249075 -0.839485 -60.506004 2.726247 -0.466865 -0.294025 1.679686 0.833255 -14.218195 0.093215 1.300579 -34.212002 -0.287561 0.967166 -20.033176 0.964536 1.212838 0.000000 -0.000000 0.000000 -3.440387 0.788233 0.501655 -15.928172 -3.167306 2.999703 -6.338817 -0.000000 0.000001 -18.123419 3.648181 -4.905662 -0.000004 0.000000 -0.000002 0.444037 16.119093 20.482294 79.655197 19.388592 17.713718 0.464081 24.177608 -0.263197 -6.339269 -3.175415 -9.216587 2.243540 -5.255033 -3.180156 14.282877 -0.826594 6.952496 -0.000000 -12.690593 -0.000001 16.298346 -17.320391 2.193117 1.665665 -1.955920 -2.878297 4.727794 -4.170584 4.993919 11.020511 0.000001 -0.000000 12.109032 -3.735715 -2.866778 0.000000 -0.000000 0.000000 1.291985 -1.928548 -1.498088 14.800115 0.567467 3.865604 14.242553 -1.341738 -6.660648 19.631935 0.143921 -0.648243 49.499958 -0.077489 -6.674516 0.353029 -1.511150 -0.031940 20.222769 3.684305 2.316629 18.787249 0.000001 -0.000001 10.751608 -0.479870 1.397903 0.000000 -0.000000 0.000000 3.273804 0.305947 -0.580110 21.486790 11.830364 2.266131 8.162915 0.000000 -0.000000 18.399052 -3.798986 -4.940567 0.000003 0.000000 -0.000001 -2.267283 -4.423523 -20.425375 -0.084076 -0.263063 82.945038 0.657949 -8.600200 -40.078197 1.962813 -1.904489 -15.646251 0.000000 -0.000000 0.000002 -6.902191 -6.805871 -13.899169 0.134382 0.364963 80.519035 4.111728 1.374705 -44.290432 -1.394912 0.651723 -14.411222 0.000000 -0.000000 -0.000001
0.000000 0.000000 0.000000 0.000000 -0.000000 0.000000 -2.514172 -22.185074 24.498848 2.818392 6.009037 -4.115263 -2.018518 0.024803 2.415258 -1.136496 -1.444562 -4.551345 -2.380512 -3.373127 17.855736 12.608874 -5.730343 19.653454 0.419494 0.180969 -3.699230 11.426455 -3.717712 -14.244467 0.000077 -0.000022 0.000006 -0.102242 0.126402 -0.001005 0.580820 -3.509800 -10.468993 -0.774400 3.765935 -10.417502 -2.634794 -11.160576 20.474289 -71.931396 -29.662310 36.692799 1.056329 -25.559269 -0.369009 0.636528 0.494714 4.601744 -5.882102 9.861279 0.702590 -10.936861 -0.360574 7.156197 0.000000 8.774815 -0.000000 -16.289688 18.139133 5.926705 -1.844031 2.498503 -2.507276 -10.163590 4.678941 4.621104 -20.975996 -0.000001 0.000001 -21.226254 2.451698 -3.593995 0.000000 -0.000006 -0.000000 -1.362681 2.240797 -0.746323 -21.334892 0.584910 3.008319 -13.821196 -0.000001 0.000001 -23.887129 -0.249075 -0.839485 -60.562668 2.798480 -0.495805 -0.294025 1.679686 0.833255 -14.218195 0.093215 1.300579 -34.212002 -0.287561 0.967166 -20.033176 0.964536 1.212838 0.000000 -0.000000 0.000000 -3.440387 0.788233 0.501655 -15.928172 -3.167306 2.999703 -6.338817 -0.000000 0.000001 -18.123419 3.648181 -4.905662 -0.000004 0.000000 -0.000002 0.670844 15.509961 20.774693 79.889000 17.941107 17.219160 0.170069 24.946138 -0.375125 -7.514480 -2.932741 -8.487749 2.243540 -5.255033 -3.180156 14.282877 -0.826594 6.952496 -0.000000 -12.690593 -0.000001 16.301653 -17.254383 2.148079 1.665665 -1.955920 -2.878297 4.727794 -4.170584 4.993919 11.020511 0.000001 -0.000000 12.109032 -3.735715 -2.866778 0.000000 -0.000000 0.000000 1.291985 -1.928548 -1.498088 14.800115 0.567467 3.865604 14.242553 -1.341738 -6.660648 19.631935 0.143921 -0.648243 49.486694 -0.061260 -6.591486 0.353029 -1.511150 -0.031940 20.222769 3.684305 2.316629 18.787249 0.000001 -0.000001 10.751608 -0.479870 1.397903 0.000000 -0.000000 0.000000 3.273804 0.305947 -0.580110 21.486790 11.830364 2.266131 8.162915 0.000000 -0.000000 18.399052 -3.798986 -4.940567 0.000003 0.000000 -0.000001 -1.727530 -4.161364 -18.312849 -0.010329 -0.175080 87.328651 1.239392 -9.127645 -40.492867 2.006428 -1.921731 -17.381155 0.000000 -0.000000 0.000002 -7.403986 -7.350482 -11.597249 0.177698 0.410323 84.478859 3.228521 2.947920 -44.511341 -1.386318 0.630087 -16.575348 0.000000 -0.000000 -0.000001
0.000000 0.000000 0.000000 0.000000 -0.000000 0.000000 -2.728021 -24.696884 26.994250 2.472835 5.506996 -5.589564 -1.943160 -0.021927 2.630688 -1.118461 -1.648487 -4.476231 -2.087459 -3.728810 17.681118 12.887938 -6.133700 19.919113 0.558592 0.535948 -3.681922 10.955647 -3.382684 -14.231265 0.000077 -0.000022 0.000006 -0.107102 0.138484 0.014815 0.580856 -3.489851 -10.437358 -0.784621 3.771243 -10.396750 -3.162237 -11.081207 21.057158 -71.243645 -28.282030 34.477135 1.184686 -23.756664 -0.450633 0.757032 0.885284 5.644237 -5.882102 9.861279 0.702590 -10.936861 -0.360574 7.156197 0.000000 8.774815 -0.000000 -16.352791 18.016642 5.897725 -1.844031 2.498503 -2.507276 -10.163590 4.678941 4.621104 -20.975996 -0.000001 0.000001 -21.226254 2.451698 -3.593995 0.000000 -0.000006 -0.000000 -1.362681 2.240797 -0.746323 -21.334892 0.584910 3.008319 -13.821196 -0.000001 0.000001 -23.887129 -0.249075 -0.839485 -60.614193 2.845709 -0.485174 -0.294025 1.679686 0.833255 -14.218195 0.093215 1.300579 -34.212002 -0.287561 0.967166 -20.033176 0.964536 1.212838 0.000000 -0.000000 0.000000 -3.440387 0.788233 0.501655 -15.928172 -3.167306 2.999703 -6.338817 -0.000000 0.000001 -18.123419 3.648181 -4.905662 -0.000004 0.000000 -0.000002 1.267428 14.794248 21.099173 79.835258 16.514996 16.265373 -0.115809 25.797346 -0.476532 -8.942947 -2.440181 -8.069901 2.243540 -5.255033 -3.180156 14.282877 -0.826594 6.952496 -0.000000 -12.690593 -0.000001 16.344273 -17.243610 2.100217 1.665665 -1.955920 -2.878297 4.727794 -4.170584 4.993919 11.020511 0.000001 -0.000000 12.109032 -3.735715 -2.866778 0.000000 -0.000000 0.000000 1.291985 -1.928548 -1.498088 14.800115 0.567467 3.865604 14.242553 -1.341738 -6.660648 19.631935 0.143921 -0.648243 49.491562 -0.044793 -6.522551 0.353029 -1.511150 -0.031940 20.222769 3.684305 2.316629 18.787249 0.000001 -0.000001 10.751608 -0.479870 1.397903 0.000000 -0.000000 0.000000 3.273804 0.305947 -0.580110 21.486790 11.830364 2.266131 8.162915 0.000000 -0.000000 18.399052 -3.798986 -4.940567 0.000003 0.000000 -0.000001 -0.972144 -3.846036 -15.529417 0.077290 -0.098079 91.429100 2.006111 -9.647006 -39.936394 2.064619 -1.937263 -19.580294 0.000000 -0.000000 0.000002 -8.034553 -7.908320 -8.566038 0.209819 0.460446 87.756767 2.346567 4.460067 -44.801575 -1.384947 0.625324 -18.684301 0.000000 -0.000000 -0.000001
0.000000 0.000000 0.000000 0.000000 -0.000000 0.000000 -2.953107 -27.242546 29.740225 2.075058 5.011539 -7.177205 -1.861418 -0.064872 2.846354 -1.095057 -1.885383 -4.385167 -1.724869 -4.087965 17.545160 13.254176 -6.581236 19.976156 0.747925 0.907793 -3.665733 10.470416 -2.993954 -14.157289 0.000077 -0.000022 0.000006 -0.111197 0.154812 0.020273 0.576069 -3.464915 -10.411171 -0.788045 3.779358 -10.380939 -3.699499 -10.957486 21.653027 -70.494804 -26.920492 32.360905 1.266917 -22.336140 -0.510101 0.563930 1.341966 6.874795 -5.882102 9.861279 0.702590 -10.936861 -0.360574 7.156197 0.000000 8.774815 -0.000000 -16.394762 17.903568 5.884476 -1.844031 2.498503 -2.507276 -10.163590 4.678941 4.621104 -20.975996 -0.000001 0.000001 -21.226254 2.451698 -3.593995 0.000000 -0.000006 -0.000000 -1.362681 2.240797 -0.746323 -21.334892 0.584910 3.008319 -13.821196 -0.000001 0.000001 -23.887129 -0.249075 -0.839485 -60.660927 2.878013 -0.465012 -0.294025 1.679686 0.833255 -14.218195 0.093215 1.300579 -34.212002 -0.287561 0.967166 -20.033176 0.964536 1.212838 0.000000 -0.000000 0.000000 -3.440387 0.788233 0.501655 -15.928172 -3.167306 2.999703 -6.338817 -0.000000 0.000001 -18.123419 3.648181 -4.905662 -0.000004 0.000000 -0.000002 2.117283 14.077675 21.461182 79.593361 15.099757 14.813246 -0.326055 26.627800 -0.554628 -10.521465 -1.743384 -7.908858 2.243540 -5.255033 -3.180156 14.282877 -0.826594 6.952496 -0.000000 -12.690593 -0.000001 16.415953 -17.279871 2.035590 1.665665 -1.955920 -2.878297 4.727794 -4.170584 4.993919 11.020511 0.000001 -0.000000 12.109032 -3.735715 -2.866778 0.000000 -0.000000 0.000000 1.291985 -1.928548 -1.498088 14.800115 0.567467 3.865604 14.242553 -1.341738 -6.660648 19.631935 0.143921 -0.648243 49.513863 0.012466 -6.456016 0.353029 -1.511150 -0.031940 20.222769 3.684305 2.316629 18.787249 0.000001 -0.000001 10.751608 -0.479870 1.397903 0.000000 -0.000000 0.000000 3.273804 0.305947 -0.580110 21.486790 11.830364 2.266131 8.162915 0.000000 -0.000000 18.399052 -3.798986 -4.940567 0.000003 0.000000 -0.000001 -0.102013 -3.612393 -11.949843 0.153613 -0.039574 95.017647 2.936331 -10.095467 -38.266811 2.142129 -1.941427 -22.199390 0.000000 -0.000000 0.000002 -8.832922 -8.394130 -4.813583 0.243950 0.530349 90.435333 1.388144 5.873071 -44.783680 -1.391243 0.633919 -21.067228 0.000000 -0.000000 -0.000001
0.000000 0.000000 0.000000 0.000000 -0.000000 0.000000 -3.203810 -29.850296 32.676466 1.677647 4.515261 -8.778461 -1.798738 -0.118114 3.066516 -1.083206 -2.130753 -4.271129 -1.283601 -4.422838 17.359564 13.729601 -7.043780 19.714302 0.970740 1.269964 -3.656699 10.002228 -2.594715 -14.051792 0.000077 -0.000022 0.000006 -0.117080 0.172876 0.020873 0.569583 -3.436458 -10.379252 -0.793227 3.786922 -10.356320 -4.147291 -10.867729 22.153326 -69.808846 -25.531982 30.381378 1.287155 -21.333183 -0.553450 -0.010092 1.845681 8.207485 -5.882102 9.861279 0.702590 -10.936861 -0.360574 7.156197 0.000000 8.774815 -0.000000 -16.412100 17.804430 5.870950 -1.844031 2.498503 -2.507276 -10.163590 4.678941 4.621104 -20.975996 -0.000001 0.000001 -21.226254 2.451698 -3.593995 0.000000 -0.000006 -0.000000 -1.362681 2.240797 -0.746323 -21.334892 0.584910 3.008319 -13.821196 -0.000001 0.000001 -23.887129 -0.249075 -0.839485 -60.650238 2.901999 -0.501220 -0.294025 1.679686 0.833255 -14.218195 0.093215 1.300579 -34.212002 -0.287561 0.967166 -20.033176 0.964536 1.212838 0.000000 -0.000000 0.000000 -3.440387 0.788233 0.501655 -15.928172 -3.167306 2.999703 -6.338817 -0.000000 0.000001 -18.123419 3.648181 -4.905662 -0.000004 0.000000 -0.000002 3.060915 13.386557 21.760448 79.277115 13.637229 13.050998 -0.517876 27.394684 -0.635604 -11.949900 -1.055043 -7.783692 2.243540 -5.255033 -3.180156 14.282877 -0.826594 6.952496 -0.000000 -12.690593 -0.000001 16.498343 -17.331766 1.961810 1.665665 -1.955920 -2.878297 4.727794 -4.170584 4.993919 11.020511 0.000001 -0.000000 12.109032 -3.735715 -2.866778 0.000000 -0.000000 0.000000 1.291985 -1.928548 -1.498088 14.800115 0.567467 3.865604 14.242553 -1.341738 -6.660648 19.631935 0.143921 -0.648243 49.571003 0.070344 -6.386132 0.353029 -1.511150 -0.031940 20.222769 3.684305 2.316629 18.787249 0.000001 -0.000001 10.751608 -0.479870 1.397903 0.000000 -0.000000 0.000000 3.273804 0.305947 -0.580110 21.486790 11.830364 2.266131 8.162915 0.000000 -0.000000 18.399052 -3.798986 -4.940567 0.000003 0.000000 -0.000001 0.802785 -3.492171 -7.689610 0.212835 0.006818 97.973694 3.992631 -10.208613 -35.815659 2.228802 -1.919556 -25.039185 0.000000 -0.000000 0.000002 -9.798581 -8.716326 -0.524555 0.287987 0.619929 92.534401 0.411998 7.218376 -44.663204 -1.405015 0.648109 -23.594534 0.000000 -0.000000 -0.000001
0.000000 0.000000 0.000000 0.000000 -0.000000 0.000000 -3.456022 -32.565163 35.720179 1.277981 4.065285 -10.319107 -1.744248 -0.184304 3.293931 -1.089764 -2.377653 -4.144488 -0.779952 -4.748845 17.064930 14.373334 -7.520613 18.965345 1.181788 1.594968 -3.651920 9.565021 -2.248136 -14.007891 0.000077 -0.000022 0.000006 -0.125924 0.193492 0.023719 0.558912 -3.401781 -10.323906 -0.800119 3.794046 -10.305789 -4.521578 -10.889693 22.515879 -69.173119 -24.098433 28.727892 1.301210 -20.604441 -0.616040 -1.032823 2.473622 9.600326 -5.882102 9.861279 0.702590 -10.936861 -0.360574 7.156197 0.000000 8.774815 -0.000000 -16.405624 17.745382 5.885705 -1.844031 2.498503 -2.507276 -10.163590 4.678941 4.621104 -20.975996 -0.000001 0.000001 -21.226254 2.451698 -3.593995 0.000000 -0.000006 -0.000000 -1.362681 2.240797 -0.746323 -21.334892 0.584910 3.008319 -13.821196 -0.000001 0.000001 -23.887129 -0.249075 -0.839485 -60.691090 2.927959 -0.636474 -0.294025 1.679686 0.833255 -14.218195 0.093215 1.300579 -34.212002 -0.287561 0.967166 -20.033176 0.964536 1.212838 0.000000 -0.000000 0.000000 -3.440387 0.788233 0.501655 -15.928172 -3.167306 2.999703 -6.338817 -0.000000 0.000001 -18.123419 3.648181 -4.905662 -0.000004 0.000000 -0.000002 4.086495 12.700107 21.903740 78.853867 12.015518 11.264233 -0.784873 28.065243 -0.764880 -13.123326 -0.541831 -7.807501 2.243540 -5.255033 -3.180156 14.282877 -0.826594 6.952496 -0.000000 -12.690593 -0.000001 16.632383 -17.419607 1.880712 1.665665 -1.955920 -2.878297 4.727794 -4.170584 4.993919 11.020511 0.000001 -0.000000 12.109032 -3.735715 -2.866778 0.000000 -0.000000 0.000000 1.291985 -1.928548 -1.498088 14.800115 0.567467 3.865604 14.242553 -1.341738 -6.660648 19.631935 0.143921 -0.648243 49.677341 0.103063 -6.361012 0.353029 -1.511150 -0.031940 20.222769 3.684305 2.316629 18.787249 0.000001 -0.000001 10.751608 -0.479870 1.397903 0.000000 -0.000000 0.000000 3.273804 0.305947 -0.580110 21.486790 11.830364 2.266131 8.162915 0.000000 -0.000000 18.399052 -3.798986 -4.940567 0.000003 0.000000 -0.000001 1.671164 -3.533891 -2.884761 0.268968 0.039167 100.316032 5.137201 -9.796799 -33.455418 2.337041 -1.884315 -28.146887 0.000000 -0.000000 0.000002 -10.956844 -8.880353 4.173108 0.338646 0.723931 94.120445 -0.498234 8.404527 -44.495296 -1.416426 0.655042 -26.120560 0.000000 -0.000000 -0.000001
0.000000 0.000000 0.000000 0.000000 -0.000000 0.000000 -3.663541 -35.358124 38.816503 0.885388 3.609228 -11.778031 -1.681429 -0.261247 3.600201 -1.092493 -2.662227 -4.010451 -0.269249 -5.054963 16.660675 15.229452 -7.907532 17.436012 1.378076 1.807482 -3.648423 9.096271 -1.952489 -14.146326 0.000077 -0.000022 0.000006 -0.125864 0.228933 0.020979 0.553033 -3.346025 -10.234398 -0.793903 3.810273 -10.226345 -4.805969 -10.985188 22.807491 -68.587563 -22.758242 27.173889 1.254133 -19.936934 -0.651907 -2.202224 3.156649 10.990510 -5.882102 9.861279 0.702590 -10.936861 -0.360574 7.156197 0.000000 8.774815 -0.000000 -16.349283 17.698563 5.920387 -1.844031 2.498503 -2.507276 -10.163590 4.678941 4.621104 -20.975996 -0.000001 0.000001 -21.226254 2.451698 -3.593995 0.000000 -0.000006 -0.000000 -1.362681 2.240797 -0.746323 -21.334892 0.584910 3.008319 -13.821196 -0.000001 0.000001 -23.887129 -0.249075 -0.839485 -60.747456 2.943779 -0.808544 -0.294025 1.679686 0.833255 -14.218195 0.093215 1.300579 -34.212002 -0.287561 0.967166 -20.033176 0.964536 1.212838 0.000000 -0.000000 0.000000 -3.440387 0.788233 0.501655 -15.928172 -3.167306 2.999703 -6.338817 -0.000000 0.000001 -18.123419 3.648181 -4.905662 -0.000004 0.000000 -0.000002 5.125675 12.149481 21.917355 78.345772 10.210900 9.107812 -1.041504 28.742645 -0.914546 -14.178202 -0.331074 -7.743299 2.243540 -5.255033 -3.180156 14.282877 -0.826594 6.952496 -0.000000 -12.690593 -0.000001 16.858208 -17.540495 1.766335 1.665665 -1.955920 -2.878297 4.727794 -4.170584 4.993919 11.020511 0.000001 -0.000000 12.109032 -3.735715 -2.866778 0.000000 -0.000000 0.000000 1.291985 -1.928548 -1.498088 14.800115 0.567467 3.865604 14.242553 -1.341738 -6.660648 19.631935 0.143921 -0.648243 49.863869 0.105001 -6.375603 0.353029 -1.511150 -0.031940 20.222769 3.684305 2.316629 18.787249 0.000001 -0.000001 10.751608 -0.479870 1.397903 0.000000 -0.000000 0.000000 3.273804 0.305947 -0.580110 21.486790 11.830364 2.266131 8.162915 0.000000 -0.000000 18.399052 -3.798986 -4.940567 0.000003 0.000000 -0.000001 2.406023 -3.649823 2.438607 0.324462 0.038709 101.974129 6.211719 -9.022869 -32.126198 2.478419 -1.836535 -31.350901 0.000000 -0.000000 0.000002 -12.321360 -8.782052 9.207294 0.391619 0.845030 95.186340 -1.350940 9.548426 -43.983082 -1.420221 0.652328 -28.512739 0.000000 -0.000000 -0.000001
0.000000 0.000000 0.000000 0.000000 -0.000000 0.000000 -3.793418 -38.229889 42.042263 0.605552 3.140971 -13.036341 -1.687680 -0.364255 4.071044 -1.064129 -3.028521 -3.855591 0.194689 -5.287351 16.064560 16.308929 -7.964018 14.736914 1.493851 1.719786 -3.653842 8.493408 -1.711546 -14.725191 0.000077 -0.000022 0.000006 -0.097428 0.269120 0.002705 0.575670 -3.282385 -10.144803 -0.759291 3.825871 -10.150773 -4.632679 -11.205760 23.108070 -68.467278 -21.768831 25.171432 1.053097 -19.026907 -0.589427 -3.280835 4.068652 12.513011 -5.882102 9.861279 0.702590 -10.936861 -0.360574 7.156197 0.000000 8.774815 -0.000000 -16.335905 17.685141 5.908227 -1.844031 2.498503 -2.507276 -10.163590 4.678941 4.621104 -20.975996 -0.000001 0.000001 -21.226254 2.451698 -3.593995 0.000000 -0.000006 -0.000000 -1.362681 2.240797 -0.746323 -21.334892 0.584910 3.008319 -13.821196 -0.000001 0.000001 -23.887129 -0.249075 -0.839485 -60.726494 2.930107 -1.013715 -0.294025 1.679686 0.833255 -14.218195 0.093215 1.300579 -34.212002 -0.287561 0.967166 -20.033176 0.964536 1.212838 0.000000 -0.000000 0.000000 -3.440387 0.788233 0.501655 -15.928172 -3.167306 2.999703 -6.338817 -0.000000 0.000001 -18.123419 3.648181 -4.905662 -0.000004 0.000000 -0.000002 5.870552 11.929117 21.747717 78.200020 8.052074 5.829787 -1.133237 29.838949 -1.019071 -15.374717 -0.505454 -7.137501 2.243540 -5.255033 -3.180156 14.282877 -0.826594 6.952496 -0.000000 -12.690593 -0.000001 17.122171 -17.662327 1.630091 1.665665 -1.955920 -2.878297 4.727794 -4.170584 4.993919 11.020511 0.000001 -0.000000 12.109032 -3.735715 -2.866778 0.000000 -0.000000 0.000000 1.291985 -1.928548 -1.498088 14.800115 0.567467 3.865604 14.242553 -1.341738 -6.660648 19.631935 0.143921 -0.648243 50.052345 0.055369 -6.427834 0.353029 -1.511150 -0.031940 20.222769 3.684305 2.316629 18.787249 0.000001 -0.000001 10.751608 -0.479870 1.397903 0.000000 -0.000000 0.000000 3.273804 0.305947 -0.580110 21.486790 11.830364 2.266131 8.162915 0.000000 -0.000000 18.399052 -3.798986 -4.940567 0.000003 0.000000 -0.000001 2.790441 -3.781951 8.116333 0.349667 -0.006651 102.848015 6.891832 -8.078652 -32.519569 2.582566 -1.734468 -34.201416 0.000000 -0.000000 0.000002 -13.896194 -8.348709 14.431315 0.451859 1.007551 95.814140 -2.086931 10.659050 -42.516193 -1.442003 0.652489 -30.967630 0.000000 -0.000000 -0.000001
0.000000 0.000000 0.000000 0.000000 -0.000000 0.000000 -3.923458 -41.269356 45.441129 0.462399 2.567550 -14.017244 -1.878048 -0.616088 4.912766 -1.050499 -3.347911 -3.564921 0.852514 -5.482848 14.960783 17.296524 -7.168180 10.675941 1.470956 1.075766 -3.631113 7.626475 -1.542665 -16.443436 0.000077 -0.000022 0.000006 -0.058019 0.247181 -0.053401 0.611266 -3.285177 -10.135143 -0.715320 3.780445 -10.149755 -3.780914 -11.632573 23.161081 -69.259384 -20.854071 22.295593 0.659378 -17.975552 -0.457378 -4.594636 5.793105 15.249579 -5.882102 9.861279 0.702590 -10.936861 -0.360574 7.156197 0.000000 8.774815 -0.000000 -16.268749 17.665936 6.004202 -1.844031 2.498503 -2.507276 -10.163590 4.678941 4.621104 -20.975996 -0.000001 0.000001 -21.226254 2.451698 -3.593995 0.000000 -0.000006 -0.000000 -1.362681 2.240797 -0.746323 -21.334892 0.584910 3.008319 -13.821196 -0.000001 0.000001 -23.887129 -0.249075 -0.839485 -60.570007 3.006422 -1.287295 -0.294025 1.679686 0.833255 -14.218195 0.093215 1.300579 -34.212002 -0.287561 0.967166 -20.033176 0.964536 1.212838 0.000000 -0.000000 0.000000 -3.440387 0.788233 0.501655 -15.928172 -3.167306 2.999703 -6.338817 -0.000000 0.000001 -18.123419 3.648181 -4.905662 -0.000004 0.000000 -0.000002 5.981120 12.087703 21.203594 78.771408 5.537081 1.380902 -0.933165 31.464216 -1.065175 -16.396946 -0.827658 -5.761062 2.243540 -5.255033 -3.180156 14.282877 -0.826594 6.952496 -0.000000 -12.690593 -0.000001 17.352564 -17.837563 1.553111 1.665665 -1.955920 -2.878297 4.727794 -4.170584 4.993919 11.020511 0.000001 -0.000000 12.109032 -3.735715 -2.866778 0.000000 -0.000000 0.000000 1.291985 -1.928548 -1.498088 14.800115 0.567467 3.865604 14.242553 -1.341738 -6.660648 19.631935 0.143921 -0.648243 50.230930 -0.120138 -6.536011 0.353029 -1.511150 -0.031940 20.222769 3.684305 2.316629 18.787249 0.000001 -0.000001 10.751608 -0.479870 1.397903 0.000000 -0.000000 0.000000 3.273804 0.305947 -0.580110 21.486790 11.830364 2.266131 8.162915 0.000000 -0.000000 18.399052 -3.798986 -4.940567 0.000003 0.000000 -0.000001 2.700681 -4.370934 12.329396 0.374141 -0.123883 104.746178 7.622629 -9.154289 -31.405107 2.502411 -1.522503 -36.999519 0.000000 -0.000000 0.000002 -15.586396 -7.599279 19.818422 0.581483 1.317158 95.989830 -2.249645 11.640901 -40.295536 -1.537326 0.685915 -33.536213 0.000000 -0.000000 -0.000001
0.000000 0.000000 0.000000 0.000000 -0.000000 0.000000 -4.087376 -44.595283 49.007878 0.321188 1.548893 -14.095343 -2.072755 -0.951841 5.453981 -0.988605 -3.404012 -3.355064 1.525038 -5.837557 13.840114 17.902369 -5.664178 5.588752 1.207922 0.325761 -3.577840 6.571533 -1.438752 -19.553108 0.000077 -0.000022 0.000006 -0.029698 0.336770 -0.073111 0.637135 -3.228105 -10.167779 -0.687684 3.891643 -10.149820 -3.056482 -12.085017 23.127344 -69.919418 -19.821529 19.603086 0.272349 -17.333879 -0.348483 -6.412786 7.512975 18.090864 -5.882102 9.861279 0.702590 -10.936861 -0.360574 7.156197 0.000000 8.774815 -0.000000 -16.425741 17.656649 5.749911 -1.844031 2.498503 -2.507276 -10.163590 4.678941 4.621104 -20.975996 -0.000001 0.000001 -21.226254 2.451698 -3.593995 0.000000 -0.000006 -0.000000 -1.362681 2.240797 -0.746323 -21.334892 0.584910 3.008319 -13.821196 -0.000001 0.000001 -23.887129 -0.249075 -0.839485 -60.338829 3.258320 -1.769885 -0.294025 1.679686 0.833255 -14.218195 0.093215 1.300579 -34.212002 -0.287561 0.967166 -20.033176 0.964536 1.212838 0.000000 -0.000000 0.000000 -3.440387 0.788233 0.501655 -15.928172 -3.167306 2.999703 -6.338817 -0.000000 0.000001 -18.123419 3.648181 -4.905662 -0.000004 0.000000 -0.000002 5.747275 12.435628 20.260717 79.454277 3.531488 -2.417058 -0.755355 32.538067 -1.049745 -16.760521 -1.520319 -5.043131 2.243540 -5.255033 -3.180156 14.282877 -0.826594 6.952496 -0.000000 -12.690593 -0.000001 17.492489 -17.898403 1.542921 1.665665 -1.955920 -2.878297 4.727794 -4.170584 4.993919 11.020511 0.000001 -0.000000 12.109032 -3.735715 -2.866778 0.000000 -0.000000 0.000000 1.291985 -1.928548 -1.498088 14.800115 0.567467 3.865604 14.242553 -1.341738 -6.660648 19.631935 0.143921 -0.648243 50.426281 -0.234182 -6.655822 0.353029 -1.511150 -0.031940 20.222769 3.684305 2.316629 18.787249 0.000001 -0.000001 10.751608 -0.479870 1.397903 0.000000 -0.000000 0.000000 3.273804 0.305947 -0.580110 21.486790 11.830364 2.266131 8.162915 0.000000 -0.000000 18.399052 -3.798986 -4.940567 0.000003 0.000000 -0.000001 2.494495 -4.727184 15.154672 0.359761 -0.280097 107.380692 7.628770 -11.091949 -30.058266 2.349107 -1.455376 -36.791134 0.000000 -0.000000 0.000002 -17.178102 -6.433659 24.562895 0.674217 1.602415 95.777969 -2.152374 13.576548 -39.121410 -1.586145 0.668987 -35.277809 0.000000 -0.000000 -0.000001
0.000000 0.000000 0.000000 0.000000 -0.000000 0.000000 -4.301893 -48.202850 52.420789 0.310733 -0.252827 -13.337878 -2.184087 -1.314253 5.643371 -0.961198 -3.247940 -3.207212 2.180551 -6.147809 12.877211 17.790565 -3.826490 0.119096 0.664110 -0.580893 -3.559751 5.535973 -0.905726 -23.535172 0.000077 -0.000022 0.000006 -0.005221 0.356978 -0.058640 0.647863 -3.277074 -10.196306 -0.654001 3.970083 -10.116047 -3.574120 -12.038499 22.718624 -69.496925 -18.192616 16.502306 0.098820 -17.137722 -0.354719 -8.204749 8.773164 20.641434 -5.882102 9.861279 0.702590 -10.936861 -0.360574 7.156197 0.000000 8.774815 -0.000000 -16.728367 17.515245 5.360467 -1.844031 2.498503 -2.507276 -10.163590 4.678941 4.621104 -20.975996 -0.000001 0.000001 -21.226254 2.451698 -3.593995 0.000000 -0.000006 -0.000000 -1.362681 2.240797 -0.746323 -21.334892 0.584910 3.008319 -13.821196 -0.000001 0.000001 -23.887129 -0.249075 -0.839485 -60.166237 3.549603 -2.268100 -0.294025 1.679686 0.833255 -14.218195 0.093215 1.300579 -34.212002 -0.287561 0.967166 -20.033176 0.964536 1.212838 0.000000 -0.000000 0.000000 -3.440387 0.788233 0.501655 -15.928172 -3.167306 2.999703 -6.338817 -0.000000 0.000001 -18.123419 3.648181 -4.905662 -0.000004 0.000000 -0.000002 5.862931 12.485138 18.997402 79.098045 2.616697 -5.092407 -0.566919 32.446358 -0.834786 -16.811750 -2.457580 -5.183337 2.243540 -5.255033 -3.180156 14.282877 -0.826594 6.952496 -0.000000 -12.690593 -0.000001 17.613720 -17.899307 1.551911 1.665665 -1.955920 -2.878297 4.727794 -4.170584 4.993919 11.020511 0.000001 -0.000000 12.109032 -3.735715 -2.866778 0.000000 -0.000000 0.000000 1.291985 -1.928548 -1.498088 14.800115 0.567467 3.865604 14.242553 -1.341738 -6.660648 19.631935 0.143921 -0.648243 50.581570 -0.241736 -6.633768 0.353029 -1.511150 -0.031940 20.222769 3.684305 2.316629 18.787249 0.000001 -0.000001 10.751608 -0.479870 1.397903 0.000000 -0.000000 0.000000 3.273804 0.305947 -0.580110 21.486790 11.830364 2.266131 8.162915 0.000000 -0.000000 18.399052 -3.798986 -4.940567 0.000003 0.000000 -0.000001 2.206522 -3.741541 16.914724 0.389894 -0.361571 110.617752 7.437801 -10.053921 -28.651548 2.188658 -1.407591 -35.341885 0.000000 -0.000000 0.000002 -19.093742 -4.541841 28.416021 0.755753 1.726038 95.093292 -1.856068 15.932333 -38.996510 -1.621221 0.643196 -35.916088 0.000000 -0.000000 -0.000001
0.000000 0.000000 0.000000 0.000000 -0.000000 0.000000 -4.383622 -51.803062 55.576534 0.569472 -3.058869 -11.960206 -2.300417 -1.471717 5.678747 -0.907722 -3.127573 -3.175524 2.730019 -6.403610 12.178586 17.061184 -1.939110 -5.249747 -0.061289 -1.089275 -3.683948 4.489815 0.125293 -28.456640 0.000077 -0.000022 0.000006 -0.019415 0.306700 -0.023402 0.586628 -3.424443 -10.246407 -0.624390 4.007041 -10.132901 -5.393512 -11.123736 21.772243 -68.177353 -16.129078 11.717359 0.208569 -17.165977 -0.528804 -8.195895 9.828674 22.789200 -5.882102 9.861279 0.702590 -10.936861 -0.360574 7.156197 0.000000 8.774815 -0.000000 -16.979876 17.207895 5.239559 -1.844031 2.498503 -2.507276 -10.163590 4.678941 4.621104 -20.975996 -0.000001 0.000001 -21.226254 2.451698 -3.593995 0.000000 -0.000006 -0.000000 -1.362681 2.240797 -0.746323 -21.334892 0.584910 3.008319 -13.821196 -0.000001 0.000001 -23.887129 -0.249075 -0.839485 -60.334122 3.731373 -2.405754 -0.294025 1.679686 0.833255 -14.218195 0.093215 1.300579 -34.212002 -0.287561 0.967166 -20.033176 0.964536 1.212838 0.000000 -0.000000 0.000000 -3.440387 0.788233 0.501655 -15.928172 -3.167306 2.999703 -6.338817 -0.000000 0.000001 -18.123419 3.648181 -4.905662 -0.000004 0.000000 -0.000002 6.681438 12.553514 17.345978 77.277222 2.841667 -7.457930 -0.336741 31.337605 -0.596904 -16.935358 -4.060652 -5.368029 2.243540 -5.255033 -3.180156 14.282877 -0.826594 6.952496 -0.000000 -12.690593 -0.000001 17.609636 -17.895674 1.611492 1.665665 -1.955920 -2.878297 4.727794 -4.170584 4.993919 11.020511 0.000001 -0.000000 12.109032 -3.735715 -2.866778 0.000000 -0.000000 0.000000 1.291985 -1.928548 -1.498088 14.800115 0.567467 3.865604 14.242553 -1.341738 -6.660648 19.631935 0.143921 -0.648243 50.480694 -0.186945 -6.595926 0.353029 -1.511150 -0.031940 20.222769 3.684305 2.316629 18.787249 0.000001 -0.000001 10.751608 -0.479870 1.397903 0.000000 -0.000000 0.000000 3.273804 0.305947 -0.580110 21.486790 11.830364 2.266131 8.162915 0.000000 -0.000000 18.399052 -3.798986 -4.940567 0.000003 0.000000 -0.000001 1.547368 -0.850082 18.157671 0.385715 -0.145071 114.361259 6.407196 -5.085532 -26.497633 2.232019 -1.393472 -31.864653 0.000000 -0.000000 0.000002 -21.376369 -0.898202 28.669241 0.992462 1.849962 97.294495 -1.861521 18.734636 -37.554188 -1.621377 0.589208 -36.651703 0.000000 -0.000000 -0.000001
0.000000 0.000000 0.000000 0.000000 -0.000000 0.000000 -4.303618 -55.536026 58.640026 1.092146 -6.749102 -9.868791 -2.457452 -1.503367 5.429587 -0.874917 -3.305407 -3.137730 3.404913 -6.365612 11.667880 16.226437 -0.147841 -10.594403 -0.742538 -1.289194 -3.740879 2.965093 1.837091 -34.050632 0.000077 -0.000022 0.000006 -0.033240 0.190228 0.020424 0.534608 -3.593369 -10.159412 -0.601258 3.937032 -10.059760 -8.214522 -10.050067 21.094561 -66.528122 -14.147109 4.498465 1.087818 -17.946011 -0.882694 -5.523439 10.612755 23.399300 -5.882102 9.861279 0.702590 -10.936861 -0.360574 7.156197 0.000000 8.774815 -0.000000 -17.660454 17.134987 4.998265 -1.844031 2.498503 -2.507276 -10.163590 4.678941 4.621104 -20.975996 -0.000001 0.000001 -21.226254 2.451698 -3.593995 0.000000 -0.000006 -0.000000 -1.362681 2.240797 -0.746323 -21.334892 0.584910 3.008319 -13.821196 -0.000001 0.000001 -23.887129 -0.249075 -0.839485 -60.773666 3.765007 -2.559360 -0.294025 1.679686 0.833255 -14.218195 0.093215 1.300579 -34.212002 -0.287561 0.967166 -20.033176 0.964536 1.212838 0.000000 -0.000000 0.000000 -3.440387 0.788233 0.501655 -15.928172 -3.167306 2.999703 -6.338817 -0.000000 0.000001 -18.123419 3.648181 -4.905662 -0.000004 0.000000 -0.000002 8.138651 12.691233 16.113243 74.008041 4.771312 -9.828002 -0.219707 30.056862 -0.510924 -17.897421 -6.046649 -4.937542 2.243540 -5.255033 -3.180156 14.282877 -0.826594 6.952496 -0.000000 -12.690593 -0.000001 17.384584 -17.983637 1.752113 1.665665 -1.955920 -2.878297 4.727794 -4.170584 4.993919 11.020511 0.000001 -0.000000 12.109032 -3.735715 -2.866778 0.000000 -0.000000 0.000000 1.291985 -1.928548 -1.498088 14.800115 0.567467 3.865604 14.242553 -1.341738 -6.660648 19.631935 0.143921 -0.648243 50.254868 -0.220493 -6.612700 0.353029 -1.511150 -0.031940 20.222769 3.684305 2.316629 18.787249 0.000001 -0.000001 10.751608 -0.479870 1.397903 0.000000 -0.000000 0.000000 3.273804 0.305947 -0.580110 21.486790 11.830364 2.266131 8.162915 0.000000 -0.000000 18.399052 -3.798986 -4.940567 0.000003 0.000000 -0.000001 0.021327 3.774835 18.937328 0.414790 0.294878 117.602318 4.866102 2.336236 -23.396158 2.451990 -1.368300 -26.649740 0.000000 -0.000000 0.000002 -25.576368 4.532515 25.455036 1.346457 2.035994 101.781921 -2.171830 24.457146 -34.777054 -1.632685 0.579412 -33.948318 0.000000 -0.000000 -0.000001
0.000000 0.000000 0.000000 0.000000 -0.000000 0.000000 -3.938956 -59.351852 61.758701 1.801864 -11.239034 -7.216888 -2.630994 -1.630406 5.014511 -0.691929 -3.707117 -3.154969 4.135845 -6.110535 11.303336 15.259290 1.641877 -15.512480 -1.313441 -0.976303 -3.763128 1.167660 4.457288 -40.228642 0.000077 -0.000022 0.000006 -0.064343 0.053207 0.074492 0.465282 -3.789543 -10.154970 -0.595660 3.855327 -10.070558 -10.409814 -9.067386 20.203087 -66.051239 -12.862791 -2.292226 2.267201 -19.101395 -1.277422 -1.611996 10.811183 22.342112 -5.882102 9.861279 0.702590 -10.936861 -0.360574 7.156197 0.000000 8.774815 -0.000000 -18.347952 17.330225 4.827420 -1.844031 2.498503 -2.507276 -10.163590 4.678941 4.621104 -20.975996 -0.000001 0.000001 -21.226254 2.451698 -3.593995 0.000000 -0.000006 -0.000000 -1.362681 2.240797 -0.746323 -21.334892 0.584910 3.008319 -13.821196 -0.000001 0.000001 -23.887129 -0.249075 -0.839485 -61.287815 3.606418 -2.611134 -0.294025 1.679686 0.833255 -14.218195 0.093215 1.300579 -34.212002 -0.287561 0.967166 -20.033176 0.964536 1.212838 0.000000 -0.000000 0.000000 -3.440387 0.788233 0.501655 -15.928172 -3.167306 2.999703 -6.338817 -0.000000 0.000001 -18.123419 3.648181 -4.905662 -0.000004 0.000000 -0.000002 8.873304 13.292102 14.966990 70.845360 7.860993 -11.679986 -0.661946 30.072613 -0.821704 -20.539051 -7.520453 -4.255777 2.243540 -5.255033 -3.180156 14.282877 -0.826594 6.952496 -0.000000 -12.690593 -0.000001 16.995066 -18.033905 1.814241 1.665665 -1.955920 -2.878297 4.727794 -4.170584 4.993919 11.020511 0.000001 -0.000000 12.109032 -3.735715 -2.866778 0.000000 -0.000000 0.000000 1.291985 -1.928548 -1.498088 14.800115 0.567467 3.865604 14.242553 -1.341738 -6.660648 19.631935 0.143921 -0.648243 49.658360 -0.356147 -6.947960 0.353029 -1.511150 -0.031940 20.222769 3.684305 2.316629 18.787249 0.000001 -0.000001 10.751608 -0.479870 1.397903 0.000000 -0.000000 0.000000 3.273804 0.305947 -0.580110 21.486790 11.830364 2.266131 8.162915 0.000000 -0.000000 18.399052 -3.798986 -4.940567 0.000003 0.000000 -0.000001 -3.535115 8.543122 19.225904 0.457977 1.256335 119.247238 2.341615 9.370117 -20.791883 2.674712 -1.353444 -20.837101 0.000000 -0.000000 0.000002 -33.018112 10.416596 18.858517 1.813996 2.707922 107.063698 -3.027370 32.602230 -30.981895 -1.660159 0.593165 -29.494663 0.000000 -0.000000 -0.000001
0.000000 0.000000 0.000000 0.000000 -0.000000 0.000000 -3.230389 -63.345467 64.987858 1.833903 -16.854080 -3.760260 -2.526040 -2.100020 4.455372 -0.177435 -4.012049 -3.103356 5.545284 -6.003762 11.071101 13.791168 3.648972 -19.998524 -1.772515 -0.047395 -3.753041 -0.930002 8.111698 -47.132652 0.000077 -0.000022 0.000006 -0.118018 -0.056233 0.124873 0.322485 -3.962638 -10.240700 -0.563538 3.810991 -10.104211 -11.138592 -7.996980 18.491262 -67.431740 -12.293456 -7.005346 3.045287 -20.634985 -1.513645 1.590543 10.335538 19.992069 -5.882102 9.861279 0.702590 -10.936861 -0.360574 7.156197 0.000000 8.774815 -0.000000 -18.600286 17.663033 4.846363 -1.844031 2.498503 -2.507276 -10.163590 4.678941 4.621104 -20.975996 -0.000001 0.000001 -21.226254 2.451698 -3.593995 0.000000 -0.000006 -0.000000 -1.362681 2.240797 -0.746323 -21.334892 0.584910 3.008319 -13.821196 -0.000001 0.000001 -23.887129 -0.249075 -0.839485 -61.563522 3.442552 -2.493560 -0.294025 1.679686 0.833255 -14.218195 0.093215 1.300579 -34.212002 -0.287561 0.967166 -20.033176 0.964536 1.212838 0.000000 -0.000000 0.000000 -3.440387 0.788233 0.501655 -15.928172 -3.167306 2.999703 -6.338817 -0.000000 0.000001 -18.123419 3.648181 -4.905662 -0.000004 0.000000 -0.000002 7.887113 14.541662 13.367064 68.589340 11.730025 -12.225129 -1.720691 32.536003 -1.582098 -25.352657 -7.815528 -3.638673 2.243540 -5.255033 -3.180156 14.282877 -0.826594 6.952496 -0.000000 -12.690593 -0.000001 16.396875 -18.063871 1.915080 1.665665 -1.955920 -2.878297 4.727794 -4.170584 4.993919 11.020511 0.000001 -0.000000 12.109032 -3.735715 -2.866778 0.000000 -0.000000 0.000000 1.291985 -1.928548 -1.498088 14.800115 0.567467 3.865604 14.242553 -1.341738 -6.660648 19.631935 0.143921 -0.648243 48.769238 -0.632002 -7.442239 0.353029 -1.511150 -0.031940 20.222769 3.684305 2.316629 18.787249 0.000001 -0.000001 10.751608 -0.479870 1.397903 0.000000 -0.000000 0.000000 3.273804 0.305947 -0.580110 21.486790 11.830364 2.266131 8.162915 0.000000 -0.000000 18.399052 -3.798986 -4.940567 0.000003 0.000000 -0.000001 -9.715424 11.611921 18.936863 0.385985 3.309381 118.437996 -1.514223 14.416436 -19.470821 2.647188 -1.367466 -17.492245 0.000000 -0.000000 0.000002 -43.922310 14.668423 8.678685 2.463307 3.733232 111.887253 -3.751257 43.240967 -26.160736 -1.663345 0.649692 -23.284224 0.000000 -0.000000 -0.000001
0.000000 0.000000 0.000000 0.000000 -0.000000 0.000000 -2.216166 -67.633293 68.150997 0.377987 -23.306248 1.225564 -2.001874 -2.864606 3.715132 0.616754 -3.972820 -2.794400 8.096384 -6.451028 10.719144 11.894696 6.085216 -23.995602 -2.028848 1.230187 -3.623847 -3.363578 12.876120 -54.529400 0.000077 -0.000022 0.000006 -0.217094 -0.125334 0.149159 0.049211 -4.082756 -10.336793 -0.493322 3.801950 -10.033245 -10.518512 -6.729405 15.991592 -69.633217 -12.053825 -9.344714 2.925214 -22.818069 -1.459887 3.129569 8.942775 15.217566 -5.882102 9.861279 0.702590 -10.936861 -0.360574 7.156197 0.000000 8.774815 -0.000000 -18.296343 17.978472 5.018651 -1.844031 2.498503 -2.507276 -10.163590 4.678941 4.621104 -20.975996 -0.000001 0.000001 -21.226254 2.451698 -3.593995 0.000000 -0.000006 -0.000000 -1.362681 2.240797 -0.746323 -21.334892 0.584910 3.008319 -13.821196 -0.000001 0.000001 -23.887129 -0.249075 -0.839485 -61.641090 3.436698 -2.374490 -0.294025 1.679686 0.833255 -14.218195 0.093215 1.300579 -34.212002 -0.287561 0.967166 -20.033176 0.964536 1.212838 0.000000 -0.000000 0.000000 -3.440387 0.788233 0.501655 -15.928172 -3.167306 2.999703 -6.338817 -0.000000 0.000001 -18.123419 3.648181 -4.905662 -0.000004 0.000000 -0.000002 5.384192 16.202650 10.724493 67.156891 16.221292 -10.113603 -3.467808 36.394871 -2.835289 -30.293573 -6.766468 -0.375708 2.243540 -5.255033 -3.180156 14.282877 -0.826594 6.952496 -0.000000 -12.690593 -0.000001 15.625224 -18.065756 2.241504 1.665665 -1.955920 -2.878297 4.727794 -4.170584 4.993919 11.020511 0.000001 -0.000000 12.109032 -3.735715 -2.866778 0.000000 -0.000000 0.000000 1.291985 -1.928548 -1.498088 14.800115 0.567467 3.865604 14.242553 -1.341738 -6.660648 19.631935 0.143921 -0.648243 48.117336 -0.881934 -7.579841 0.353029 -1.511150 -0.031940 20.222769 3.684305 2.316629 18.787249 0.000001 -0.000001 10.751608 -0.479870 1.397903 0.000000 -0.000000 0.000000 3.273804 0.305947 -0.580110 21.486790 11.830364 2.266131 8.162915 0.000000 -0.000000 18.399052 -3.798986 -4.940567 0.000003 0.000000 -0.000001 -19.623714 10.416585 16.713341 0.201376 7.219442 115.403809 -7.975976 16.970760 -18.888012 2.410065 -1.369607 -15.910468 0.000000 -0.000000 0.000002 -56.458427 14.052360 -3.832583 3.197091 4.780708 115.575546 -1.968783 54.140713 -19.868986 -1.611133 0.757827 -15.597074 0.000000 -0.000000 -0.000001
0.000000 0.000000 0.000000 0.000000 -0.000000 0.000000 -1.100555 -71.964020 70.840210 -2.417090 -28.762897 7.857034 -1.321968 -3.705275 2.934786 1.371270 -3.775710 -2.180174 11.462219 -7.207600 10.171698 10.258589 8.182849 -27.263622 -2.102127 2.164365 -3.421772 -5.674857 17.954370 -61.909157 0.000077 -0.000022 0.000006 -0.307508 -0.151858 0.161218 -0.237648 -4.131468 -10.285632 -0.391019 3.813437 -9.807745 -9.063168 -6.060295 12.956290 -70.586166 -11.828461 -10.458569 1.952066 -25.597885 -1.022545 3.292165 6.635518 8.581815 -5.882102 9.861279 0.702590 -10.936861 -0.360574 7.156197 0.000000 8.774815 -0.000000 -17.624794 18.184948 5.217323 -1.844031 2.498503 -2.507276 -10.163590 4.678941 4.621104 -20.975996 -0.000001 0.000001 -21.226254 2.451698 -3.593995 0.000000 -0.000006 -0.000000 -1.362681 2.240797 -0.746323 -21.334892 0.584910 3.008319 -13.821196 -0.000001 0.000001 -23.887129 -0.249075 -0.839485 -61.467648 3.414211 -1.944513 -0.294025 1.679686 0.833255 -14.218195 0.093215 1.300579 -34.212002 -0.287561 0.967166 -20.033176 0.964536 1.212838 0.000000 -0.000000 0.000000 -3.440387 0.788233 0.501655 -15.928172 -3.167306 2.999703 -6.338817 -0.000000 0.000001 -18.123419 3.648181 -4.905662 -0.000004 0.000000 -0.000002 2.656766 17.677689 7.454790 66.235313 21.009800 -6.446095 -5.133238 40.457211 -4.089480 -34.483456 -4.448711 6.741628 2.243540 -5.255033 -3.180156 14.282877 -0.826594 6.952496 -0.000000 -12.690593 -0.000001 14.979098 -17.960154 2.686213 1.665665 -1.955920 -2.878297 4.727794 -4.170584 4.993919 11.020511 0.000001 -0.000000 12.109032 -3.735715 -2.866778 0.000000 -0.000000 0.000000 1.291985 -1.928548 -1.498088 14.800115 0.567467 3.865604 14.242553 -1.341738 -6.660648 19.631935 0.143921 -0.648243 47.927357 -1.029196 -7.272732 0.353029 -1.511150 -0.031940 20.222769 3.684305 2.316629 18.787249 0.000001 -0.000001 10.751608 -0.479870 1.397903 0.000000 -0.000000 0.000000 3.273804 0.305947 -0.580110 21.486790 11.830364 2.266131 8.162915 0.000000 -0.000000 18.399052 -3.798986 -4.940567 0.000003 0.000000 -0.000001 -32.371872 2.839194 11.492993 0.688412 12.510018 112.611244 -16.404699 16.408146 -19.164415 2.088318 -1.325678 -13.829640 0.000000 -0.000000 0.000002 -66.490349 7.423629 -14.385485 3.916465 5.646033 118.181793 3.011884 60.856773 -13.462607 -1.624072 0.818441 -9.786237 0.000000 -0.000000 -0.000001
0.000000 0.000000 0.000000 0.000000 -0.000000 0.000000 -0.104615 -75.801813 73.379394 -5.779073 -32.193115 15.481644 -0.741139 -4.519372 2.158398 2.079401 -3.647530 -1.360610 14.826804 -7.598983 9.964881 9.416443 9.439750 -30.353693 -2.341840 3.076375 -3.199886 -7.534820 22.280329 -68.523865 0.000077 -0.000022 0.000006 -0.357350 -0.153267 0.181336 -0.417320 -4.165162 -10.178771 -0.306311 3.851674 -9.533755 -7.211333 -6.427348 9.910115 -68.510284 -11.905137 -11.463621 -0.033803 -28.782318 -0.018440 3.942739 3.314134 2.132279 -5.882102 9.861279 0.702590 -10.936861 -0.360574 7.156197 0.000000 8.774815 -0.000000 -17.093927 18.345161 5.277383 -1.844031 2.498503 -2.507276 -10.163590 4.678941 4.621104 -20.975996 -0.000001 0.000001 -21.226254 2.451698 -3.593995 0.000000 -0.000006 -0.000000 -1.362681 2.240797 -0.746323 -21.334892 0.584910 3.008319 -13.821196 -0.000001 0.000001 -23.887129 -0.249075 -0.839485 -60.804974 3.184016 -1.237646 -0.294025 1.679686 0.833255 -14.218195 0.093215 1.300579 -34.212002 -0.287561 0.967166 -20.033176 0.964536 1.212838 0.000000 -0.000000 0.000000 -3.440387 0.788233 0.501655 -15.928172 -3.167306 2.999703 -6.338817 -0.000000 0.000001 -18.123419 3.648181 -4.905662 -0.000004 0.000000 -0.000002 0.911987 18.504881 4.452553 65.199303 25.970457 -2.352496 -6.242734 43.766735 -4.834153 -39.202858 -0.052356 15.822103 2.243540 -5.255033 -3.180156 14.282877 -0.826594 6.952496 -0.000000 -12.690593 -0.000001 14.294392 -17.617313 3.151497 1.665665 -1.955920 -2.878297 4.727794 -4.170584 4.993919 11.020511 0.000001 -0.000000 12.109032 -3.735715 -2.866778 0.000000 -0.000000 0.000000 1.291985 -1.928548 -1.498088 14.800115 0.567467 3.865604 14.242553 -1.341738 -6.660648 19.631935 0.143921 -0.648243 47.829117 -1.292448 -6.853067 0.353029 -1.511150 -0.031940 20.222769 3.684305 2.316629 18.787249 0.000001 -0.000001 10.751608 -0.479870 1.397903 0.000000 -0.000000 0.000000 3.273804 0.305947 -0.580110 21.486790 11.830364 2.266131 8.162915 0.000000 -0.000000 18.399052 -3.798986 -4.940567 0.000003 0.000000 -0.000001 -44.319038 -8.073567 5.447072 2.880272 16.419977 112.090256 -23.154202 13.942171 -19.003866 1.862463 -1.228563 -10.571253 0.000000 -0.000000 0.000002 -72.209038 -2.083366 -21.001085 4.539150 5.913677 120.183289 7.923260 59.542126 -8.934273 -1.801675 0.752395 -6.882491 0.000000 -0.000000 -0.000001
0.000000 0.000000 0.000000 0.000000 -0.000000 0.000000 0.487184 -78.219542 75.905998 -9.454153 -34.165947 23.825218 -0.093685 -4.977266 1.339656 2.863767 -3.372971 -0.486694 17.744669 -7.260525 10.519545 8.974222 10.288568 -34.062176 -2.591345 4.149522 -3.045276 -9.466494 24.960442 -74.443214 0.000077 -0.000022 0.000006 -0.341309 -0.135090 0.181938 -0.451853 -4.211236 -10.279444 -0.229242 3.934888 -9.460502 -4.366758 -7.815480 7.453584 -64.950752 -12.416517 -13.672544 -1.869525 -32.827137 1.228878 5.368855 -0.825785 -1.232656 -5.882102 9.861279 0.702590 -10.936861 -0.360574 7.156197 0.000000 8.774815 -0.000000 -17.346449 18.564789 5.085937 -1.844031 2.498503 -2.507276 -10.163590 4.678941 4.621104 -20.975996 -0.000001 0.000001 -21.226254 2.451698 -3.593995 0.000000 -0.000006 -0.000000 -1.362681 2.240797 -0.746323 -21.334892 0.584910 3.008319 -13.821196 -0.000001 0.000001 -23.887129 -0.249075 -0.839485 -60.700794 2.718229 -0.817804 -0.294025 1.679686 0.833255 -14.218195 0.093215 1.300579 -34.212002 -0.287561 0.967166 -20.033176 0.964536 1.212838 0.000000 -0.000000 0.000000 -3.440387 0.788233 0.501655 -15.928172 -3.167306 2.999703 -6.338817 -0.000000 0.000001 -18.123419 3.648181 -4.905662 -0.000004 0.000000 -0.000002 -0.130663 19.301723 1.973492 63.489040 30.480350 1.273976 -7.224785 45.656853 -5.129351 -42.559814 5.554027 21.445940 2.243540 -5.255033 -3.180156 14.282877 -0.826594 6.952496 -0.000000 -12.690593 -0.000001 13.291805 -17.101084 3.493897 1.665665 -1.955920 -2.878297 4.727794 -4.170584 4.993919 11.020511 0.000001 -0.000000 12.109032 -3.735715 -2.866778 0.000000 -0.000000 0.000000 1.291985 -1.928548 -1.498088 14.800115 0.567467 3.865604 14.242553 -1.341738 -6.660648 19.631935 0.143921 -0.648243 47.342117 -1.400282 -6.551581 0.353029 -1.511150 -0.031940 20.222769 3.684305 2.316629 18.787249 0.000001 -0.000001 10.751608 -0.479870 1.397903 0.000000 -0.000000 0.000000 3.273804 0.305947 -0.580110 21.486790 11.830364 2.266131 8.162915 0.000000 -0.000000 18.399052 -3.798986 -4.940567 0.000003 0.000000 -0.000001 -51.263798 -18.484411 0.216129 5.784330 17.711617 113.352852 -26.479628 11.421670 -18.547569 1.661900 -1.190073 -7.753761 0.000000 -0.000000 0.000002 -72.830795 -11.447519 -25.769159 4.941461 5.478612 121.589256 9.456249 53.404469 -8.970678 -2.050934 0.632170 -7.011639 0.000000 -0.000000 -0.000001
0.000000 0.000000 0.000000 0.000000 -0.000000 0.000000 0.864982 -78.611801 77.706482 -12.981132 -34.703663 32.040638 0.401436 -4.960200 0.740232 3.394510 -3.178890 0.148405 20.600454 -6.269795 12.071597 9.079310 11.043043 -38.384022 -2.695761 4.676504 -2.794420 -11.556426 25.818504 -79.410797 0.000077 -0.000022 0.000006 -0.297101 -0.126557 0.183846 -0.503961 -4.154551 -10.070482 -0.085623 3.899851 -9.259995 -0.657102 -9.784614 5.872218 -61.454643 -12.701690 -16.647930 -3.470943 -38.147491 2.176232 7.112970 -5.258219 -4.859597 -5.882102 9.861279 0.702590 -10.936861 -0.360574 7.156197 0.000000 8.774815 -0.000000 -17.723232 18.911800 4.951607 -1.844031 2.498503 -2.507276 -10.163590 4.678941 4.621104 -20.975996 -0.000001 0.000001 -21.226254 2.451698 -3.593995 0.000000 -0.000006 -0.000000 -1.362681 2.240797 -0.746323 -21.334892 0.584910 3.008319 -13.821196 -0.000001 0.000001 -23.887129 -0.249075 -0.839485 -60.963127 2.143120 -0.931060 -0.294025 1.679686 0.833255 -14.218195 0.093215 1.300579 -34.212002 -0.287561 0.967166 -20.033176 0.964536 1.212838 0.000000 -0.000000 0.000000 -3.440387 0.788233 0.501655 -15.928172 -3.167306 2.999703 -6.338817 -0.000000 0.000001 -18.123419 3.648181 -4.905662 -0.000004 0.000000 -0.000002 -0.099149 19.836016 1.318648 59.415428 34.541443 1.957560 -7.352050 46.797489 -5.351324 -46.096172 10.182028 23.094978 2.243540 -5.255033 -3.180156 14.282877 -0.826594 6.952496 -0.000000 -12.690593 -0.000001 12.088324 -16.681355 3.722252 1.665665 -1.955920 -2.878297 4.727794 -4.170584 4.993919 11.020511 0.000001 -0.000000 12.109032 -3.735715 -2.866778 0.000000 -0.000000 0.000000 1.291985 -1.928548 -1.498088 14.800115 0.567467 3.865604 14.242553 -1.341738 -6.660648 19.631935 0.143921 -0.648243 46.728951 -1.311380 -6.417704 0.353029 -1.511150 -0.031940 20.222769 3.684305 2.316629 18.787249 0.000001 -0.000001 10.751608 -0.479870 1.397903 0.000000 -0.000000 0.000000 3.273804 0.305947 -0.580110 21.486790 11.830364 2.266131 8.162915 0.000000 -0.000000 18.399052 -3.798986 -4.940567 0.000003 0.000000 -0.000001 -52.877895 -26.872482 -3.095949 7.383779 17.923759 114.097115 -28.069122 10.416686 -19.873199 1.558225 -1.215238 -7.355875 0.000000 -0.000000 0.000002 -69.880074 -18.852718 -29.543116 5.006298 4.558211 122.331406 8.649495 48.022449 -11.590789 -2.074975 0.620793 -6.397995 0.000000 -0.000000 -0.000001
0.000000 0.000000 0.000000 0.000000 -0.000000 0.000000 0.718637 -78.355618 79.048564 -15.619273 -33.989445 39.351032 0.414908 -5.171879 0.632638 3.784600 -3.060613 0.400795 22.478121 -5.005347 13.362549 11.258373 12.306600 -41.135387 -2.719409 4.834966 -2.680871 -13.099607 25.948105 -83.091263 0.000077 -0.000022 0.000006 -0.309925 -0.131784 0.185412 -0.591330 -4.159871 -9.859972 -0.024689 3.895423 -9.212894 4.757952 -11.021833 5.181343 -58.642986 -12.371720 -18.216282 -4.024122 -44.102604 2.594567 7.039170 -9.258806 -6.848825 -5.882102 9.861279 0.702590 -10.936861 -0.360574 7.156197 0.000000 8.774815 -0.000000 -17.853292 18.736164 4.862208 -1.844031 2.498503 -2.507276 -10.163590 4.678941 4.621104 -20.975996 -0.000001 0.000001 -21.226254 2.451698 -3.593995 0.000000 -0.000006 -0.000000 -1.362681 2.240797 -0.746323 -21.334892 0.584910 3.008319 -13.821196 -0.000001 0.000001 -23.887129 -0.249075 -0.839485 -61.071053 1.809697 -1.078992 -0.294025 1.679686 0.833255 -14.218195 0.093215 1.300579 -34.212002 -0.287561 0.967166 -20.033176 0.964536 1.212838 0.000000 -0.000000 0.000000 -3.440387 0.788233 0.501655 -15.928172 -3.167306 2.999703 -6.338817 -0.000000 0.000001 -18.123419 3.648181 -4.905662 -0.000004 0.000000 -0.000002 -0.358290 19.626373 0.414994 56.479256 37.213589 2.230001 -7.563524 47.216053 -5.391078 -50.183784 11.689781 25.310188 2.243540 -5.255033 -3.180156 14.282877 -0.826594 6.952496 -0.000000 -12.690593 -0.000001 11.458595 -16.525232 3.888883 1.665665 -1.955920 -2.878297 4.727794 -4.170584 4.993919 11.020511 0.000001 -0.000000 12.109032 -3.735715 -2.866778 0.000000 -0.000000 0.000000 1.291985 -1.928548 -1.498088 14.800115 0.567467 3.865604 14.242553 -1.341738 -6.660648 19.631935 0.143921 -0.648243 46.012962 -1.172422 -6.509216 0.353029 -1.511150 -0.031940 20.222769 3.684305 2.316629 18.787249 0.000001 -0.000001 10.751608 -0.479870 1.397903 0.000000 -0.000000 0.000000 3.273804 0.305947 -0.580110 21.486790 11.830364 2.266131 8.162915 0.000000 -0.000000 18.399052 -3.798986 -4.940567 0.000003 0.000000 -0.000001 -51.876656 -34.410732 -4.853968 8.390657 18.124802 114.290878 -29.869818 10.100022 -23.223894 1.473486 -1.251434 -6.468887 0.000000 -0.000000 0.000002 -66.086388 -24.590723 -32.201073 5.031179 3.911502 121.402382 6.211552 45.887840 -15.107798 -2.016900 0.660081 -6.526199 0.000000 -0.000000 -0.000001
0.000000 0.000000 0.000000 0.000000 -0.000000 0.000000 0.092769 -78.170727 80.320203 -18.031013 -32.707054 46.055614 0.467615 -5.498178 0.636410 3.962412 -2.879005 0.400292 23.608475 -3.896821 14.293619 14.430300 13.795427 -42.326931 -2.715590 4.694992 -2.639295 -13.814419 25.609838 -86.037712 0.000077 -0.000022 0.000006 -0.366303 -0.143280 0.180663 -0.697748 -4.151914 -9.610974 -0.030226 3.868944 -9.233161 10.005054 -11.496093 5.244698 -55.750057 -11.481331 -20.980312 -4.043089 -48.977962 2.905752 7.313921 -12.455065 -9.040920 -5.882102 9.861279 0.702590 -10.936861 -0.360574 7.156197 0.000000 8.774815 -0.000000 -17.704370 18.549500 4.992137 -1.844031 2.498503 -2.507276 -10.163590 4.678941 4.621104 -20.975996 -0.000001 0.000001 -21.226254 2.451698 -3.593995 0.000000 -0.000006 -0.000000 -1.362681 2.240797 -0.746323 -21.334892 0.584910 3.008319 -13.821196 -0.000001 0.000001 -23.887129 -0.249075 -0.839485 -60.956429 1.789213 -1.417855 -0.294025 1.679686 0.833255 -14.218195 0.093215 1.300579 -34.212002 -0.287561 0.967166 -20.033176 0.964536 1.212838 0.000000 -0.000000 0.000000 -3.440387 0.788233 0.501655 -15.928172 -3.167306 2.999703 -6.338817 -0.000000 0.000001 -18.123419 3.648181 -4.905662 -0.000004 0.000000 -0.000002 -0.649460 18.715384 -0.011845 54.989777 39.724667 2.503420 -6.986799 47.813007 -4.759759 -54.228664 11.925387 27.922443 2.243540 -5.255033 -3.180156 14.282877 -0.826594 6.952496 -0.000000 -12.690593 -0.000001 11.444117 -16.655230 3.899428 1.665665 -1.955920 -2.878297 4.727794 -4.170584 4.993919 11.020511 0.000001 -0.000000 12.109032 -3.735715 -2.866778 0.000000 -0.000000 0.000000 1.291985 -1.928548 -1.498088 14.800115 0.567467 3.865604 14.242553 -1.341738 -6.660648 19.631935 0.143921 -0.648243 45.729809 -1.114371 -6.759606 0.353029 -1.511150 -0.031940 20.222769 3.684305 2.316629 18.787249 0.000001 -0.000001 10.751608 -0.479870 1.397903 0.000000 -0.000000 0.000000 3.273804 0.305947 -0.580110 21.486790 11.830364 2.266131 8.162915 0.000000 -0.000000 18.399052 -3.798986 -4.940567 0.000003 0.000000 -0.000001 -49.106815 -41.037315 -6.116975 9.411692 18.345852 113.662094 -31.807781 10.559043 -26.961317 1.460327 -1.245208 -5.602627 0.000000 -0.000000 0.000002 -61.193031 -29.561298 -34.430691 5.124514 3.389719 120.529961 3.216041 44.001476 -18.371178 -1.910907 0.694218 -6.847054 0.000000 -0.000000 -0.000001
0.000000 0.000000 0.000000 0.000000 -0.000000 0.000000 -1.029251 -78.137690 81.604254 -20.939543 -31.416677 52.227989 0.549391 -5.632074 0.496797 3.954818 -2.580443 0.289506 24.383837 -3.313473 14.909039 17.947233 14.956676 -42.207775 -2.280919 4.837199 -2.686807 -13.822351 25.184177 -87.213280 0.000077 -0.000022 0.000006 -0.394483 -0.164237 0.154480 -0.760248 -4.152999 -9.434501 -0.025615 3.831684 -9.315911 14.169379 -11.447060 6.082878 -52.922031 -10.364469 -25.334358 -3.768689 -51.370457 2.966773 9.498057 -13.776087 -11.622409 -5.882102 9.861279 0.702590 -10.936861 -0.360574 7.156197 0.000000 8.774815 -0.000000 -17.460291 18.533833 5.455852 -1.844031 2.498503 -2.507276 -10.163590 4.678941 4.621104 -20.975996 -0.000001 0.000001 -21.226254 2.451698 -3.593995 0.000000 -0.000006 -0.000000 -1.362681 2.240797 -0.746323 -21.334892 0.584910 3.008319 -13.821196 -0.000001 0.000001 -23.887129 -0.249075 -0.839485 -61.135017 1.976020 -1.376542 -0.294025 1.679686 0.833255 -14.218195 0.093215 1.300579 -34.212002 -0.287561 0.967166 -20.033176 0.964536 1.212838 0.000000 -0.000000 0.000000 -3.440387 0.788233 0.501655 -15.928172 -3.167306 2.999703 -6.338817 -0.000000 0.000001 -18.123419 3.648181 -4.905662 -0.000004 0.000000 -0.000002 -0.725574 17.471571 0.035335 55.339394 42.486366 4.285747 -6.205211 48.710720 -3.954861 -57.652241 11.881558 29.946653 2.243540 -5.255033 -3.180156 14.282877 -0.826594 6.952496 -0.000000 -12.690593 -0.000001 11.840476 -17.088705 3.877166 1.665665 -1.955920 -2.878297 4.727794 -4.170584 4.993919 11.020511 0.000001 -0.000000 12.109032 -3.735715 -2.866778 0.000000 -0.000000 0.000000 1.291985 -1.928548 -1.498088 14.800115 0.567467 3.865604 14.242553 -1.341738 -6.660648 19.631935 0.143921 -0.648243 45.986065 -1.157315 -7.311852 0.353029 -1.511150 -0.031940 20.222769 3.684305 2.316629 18.787249 0.000001 -0.000001 10.751608 -0.479870 1.397903 0.000000 -0.000000 0.000000 3.273804 0.305947 -0.580110 21.486790 11.830364 2.266131 8.162915 0.000000 -0.000000 18.399052 -3.798986 -4.940567 0.000003 0.000000 -0.000001 -44.932903 -45.638039 -7.752366 10.503036 18.680712 112.325165 -33.025928 11.763940 -30.213923 1.523960 -1.186862 -4.630215 0.000000 -0.000000 0.000002 -55.337658 -33.488983 -37.280506 5.310125 3.119401 119.558395 -0.311880 42.000031 -20.570641 -1.776177 0.703638 -7.654267 0.000000 -0.000000 -0.000001
0.000000 0.000000 0.000000 0.000000 -0.000000 0.000000 -2.424398 -78.586976 83.014632 -24.450209 -30.125769 57.873512 0.871404 -5.465353 0.174019 3.728939 -2.656796 0.078144 24.834934 -3.142268 15.408680 21.596884 15.371142 -40.731438 -1.481468 5.133688 -2.788457 -13.042999 24.623318 -87.005936 0.000077 -0.000022 0.000006 -0.416051 -0.205657 0.142537 -0.765594 -4.088373 -9.114542 -0.065521 3.687670 -9.222415 17.483061 -11.280581 7.808885 -50.477703 -8.623107 -30.416735 -3.707940 -52.157700 2.921990 13.664786 -13.384842 -13.539606 -5.882102 9.861279 0.702590 -10.936861 -0.360574 7.156197 0.000000 8.774815 -0.000000 -17.172342 18.445910 5.968177 -1.844031 2.498503 -2.507276 -10.163590 4.678941 4.621104 -20.975996 -0.000001 0.000001 -21.226254 2.451698 -3.593995 0.000000 -0.000006 -0.000000 -1.362681 2.240797 -0.746323 -21.334892 0.584910 3.008319 -13.821196 -0.000001 0.000001 -23.887129 -0.249075 -0.839485 -61.281605 2.284103 -1.323342 -0.294025 1.679686 0.833255 -14.218195 0.093215 1.300579 -34.212002 -0.287561 0.967166 -20.033176 0.964536 1.212838 0.000000 -0.000000 0.000000 -3.440387 0.788233 0.501655 -15.928172 -3.167306 2.999703 -6.338817 -0.000000 0.000001 -18.123419 3.648181 -4.905662 -0.000004 0.000000 -0.000002 -0.566290 16.139315 0.750280 56.991432 45.475525 7.900013 -5.475658 49.630119 -3.148849 -60.301773 11.195907 31.366320 2.243540 -5.255033 -3.180156 14.282877 -0.826594 6.952496 -0.000000 -12.690593 -0.000001 12.275898 -17.384159 3.851184 1.665665 -1.955920 -2.878297 4.727794 -4.170584 4.993919 11.020511 0.000001 -0.000000 12.109032 -3.735715 -2.866778 0.000000 -0.000000 0.000000 1.291985 -1.928548 -1.498088 14.800115 0.567467 3.865604 14.242553 -1.341738 -6.660648 19.631935 0.143921 -0.648243 46.349396 -1.132391 -7.549542 0.353029 -1.511150 -0.031940 20.222769 3.684305 2.316629 18.787249 0.000001 -0.000001 10.751608 -0.479870 1.397903 0.000000 -0.000000 0.000000 3.273804 0.305947 -0.580110 21.486790 11.830364 2.266131 8.162915 0.000000 -0.000000 18.399052 -3.798986 -4.940567 0.000003 0.000000 -0.000001 -40.246754 -48.087227 -9.380693 11.480370 19.357046 110.224365 -33.529343 13.825333 -32.625984 1.557610 -1.146850 -3.982842 0.000000 -0.000000 0.000002 -49.387150 -35.840084 -40.072586 5.478220 2.954493 117.945419 -2.155535 40.576557 -20.694761 -1.733301 0.660480 -7.536929 0.000000 -0.000000 -0.000001
0.000000 0.000000 0.000000 0.000000 -0.000000 0.000000 -3.881291 -79.554138 84.432120 -28.157583 -28.859333 62.922409 1.242634 -5.273424 -0.232073 3.555261 -2.798177 -0.217088 24.733128 -3.479144 15.535176 25.289362 14.749150 -37.782810 -0.355146 6.017618 -3.080234 -11.587020 24.040670 -85.265671 0.000077 -0.000022 0.000006 -0.390415 -0.247384 0.124806 -0.738590 -4.005793 -8.802303 -0.043576 3.522086 -9.001121 19.852451 -11.299738 10.004053 -48.348007 -5.628035 -34.594185 -4.228901 -53.123730 3.208503 19.032726 -11.738840 -13.421561 -5.882102 9.861279 0.702590 -10.936861 -0.360574 7.156197 0.000000 8.774815 -0.000000 -17.017241 18.372351 6.194954 -1.844031 2.498503 -2.507276 -10.163590 4.678941 4.621104 -20.975996 -0.000001 0.000001 -21.226254 2.451698 -3.593995 0.000000 -0.000006 -0.000000 -1.362681 2.240797 -0.746323 -21.334892 0.584910 3.008319 -13.821196 -0.000001 0.000001 -23.887129 -0.249075 -0.839485 -61.043800 2.698099 -1.289935 -0.294025 1.679686 0.833255 -14.218195 0.093215 1.300579 -34.212002 -0.287561 0.967166 -20.033176 0.964536 1.212838 0.000000 -0.000000 0.000000 -3.440387 0.788233 0.501655 -15.928172 -3.167306 2.999703 -6.338817 -0.000000 0.000001 -18.123419 3.648181 -4.905662 -0.000004 0.000000 -0.000002 -0.488878 14.778379 1.618473 60.277477 48.032597 13.444397 -5.011136 50.359058 -2.444716 -61.882442 9.729058 31.832859 2.243540 -5.255033 -3.180156 14.282877 -0.826594 6.952496 -0.000000 -12.690593 -0.000001 12.858754 -17.565336 3.645243 1.665665 -1.955920 -2.878297 4.727794 -4.170584 4.993919 11.020511 0.000001 -0.000000 12.109032 -3.735715 -2.866778 0.000000 -0.000000 0.000000 1.291985 -1.928548 -1.498088 14.800115 0.567467 3.865604 14.242553 -1.341738 -6.660648 19.631935 0.143921 -0.648243 46.965473 -1.051995 -7.569946 0.353029 -1.511150 -0.031940 20.222769 3.684305 2.316629 18.787249 0.000001 -0.000001 10.751608 -0.479870 1.397903 0.000000 -0.000000 0.000000 3.273804 0.305947 -0.580110 21.486790 11.830364 2.266131 8.162915 0.000000 -0.000000 18.399052 -3.798986 -4.940567 0.000003 0.000000 -0.000001 -36.082859 -49.077019 -10.675637 12.297744 20.320711 107.904892 -33.675701 15.581415 -34.490170 1.570779 -1.163246 -2.555461 0.000000 -0.000000 0.000002 -44.009338 -36.797169 -42.357105 5.724042 3.160005 115.584953 -2.256293 38.483112 -18.465769 -1.655101 0.564999 -7.063251 0.000000 -0.000000 -0.000001
0.000000 0.000000 0.000000 0.000000 -0.000000 0.000000 -5.080698 -80.671822 85.868604 -30.893028 -27.782368 67.411469 1.406327 -5.152401 -0.690925 3.344938 -3.014903 -0.685147 24.476131 -4.084284 15.249410 27.627604 13.290304 -34.850376 0.980904 6.954355 -3.282528 -9.929822 23.077671 -83.251381 0.000077 -0.000022 0.000006 -0.389146 -0.279053 0.124544 -0.694514 -3.942957 -8.611245 -0.084139 3.399092 -8.809179 20.965235 -11.414486 11.799665 -46.811764 -1.524096 -37.310452 -4.839093 -55.595261 3.636121 24.023121 -9.959692 -10.882162 -5.882102 9.861279 0.702590 -10.936861 -0.360574 7.156197 0.000000 8.774815 -0.000000 -17.237368 18.212141 5.908155 -1.844031 2.498503 -2.507276 -10.163590 4.678941 4.621104 -20.975996 -0.000001 0.000001 -21.226254 2.451698 -3.593995 0.000000 -0.000006 -0.000000 -1.362681 2.240797 -0.746323 -21.334892 0.584910 3.008319 -13.821196 -0.000001 0.000001 -23.887129 -0.249075 -0.839485 -60.725498 2.797485 -1.120521 -0.294025 1.679686 0.833255 -14.218195 0.093215 1.300579 -34.212002 -0.287561 0.967166 -20.033176 0.964536 1.212838 0.000000 -0.000000 0.000000 -3.440387 0.788233 0.501655 -15.928172 -3.167306 2.999703 -6.338817 -0.000000 0.000001 -18.123419 3.648181 -4.905662 -0.000004 0.000000 -0.000002 -0.799739 13.387866 2.126868 64.082344 49.612804 18.479229 -4.381752 51.590340 -1.868539 -62.142796 8.395416 31.948788 2.243540 -5.255033 -3.180156 14.282877 -0.826594 6.952496 -0.000000 -12.690593 -0.000001 13.381805 -17.745920 3.480811 1.665665 -1.955920 -2.878297 4.727794 -4.170584 4.993919 11.020511 0.000001 -0.000000 12.109032 -3.735715 -2.866778 0.000000 -0.000000 0.000000 1.291985 -1.928548 -1.498088 14.800115 0.567467 3.865604 14.242553 -1.341738 -6.660648 19.631935 0.143921 -0.648243 47.651546 -0.921818 -7.500816 0.353029 -1.511150 -0.031940 20.222769 3.684305 2.316629 18.787249 0.000001 -0.000001 10.751608 -0.479870 1.397903 0.000000 -0.000000 0.000000 3.273804 0.305947 -0.580110 21.486790 11.830364 2.266131 8.162915 0.000000 -0.000000 18.399052 -3.798986 -4.940567 0.000003 0.000000 -0.000001 -33.000500 -50.111137 -11.915244 13.005703 21.501900 105.934059 -34.278866 17.884951 -37.480675 1.505984 -1.217161 -1.589734 0.000000 -0.000000 0.000002 -40.118256 -37.234795 -43.783333 6.003177 3.858851 112.639084 -1.002183 35.248333 -15.576877 -1.711510 0.565899 -6.293605 0.000000 -0.000000 -0.000001
0.000000 0.000000 0.000000 0.000000 -0.000000 0.000000 -5.881598 -81.431375 87.322621 -32.488003 -26.810530 71.602585 1.448010 -5.039483 -1.326400 3.074494 -3.272939 -1.148181 24.303600 -4.621582 15.006334 28.483164 11.774076 -32.945812 2.284734 7.505498 -3.369902 -8.394929 21.944891 -81.143173 0.000077 -0.000022 0.000006 -0.384147 -0.307967 0.151592 -0.631462 -3.923131 -8.512135 -0.134064 3.321507 -8.691804 21.006432 -11.441341 12.946155 -46.181610 2.751499 -40.389595 -4.906970 -59.777958 3.792245 28.323473 -8.654400 -8.134149 -5.882102 9.861279 0.702590 -10.936861 -0.360574 7.156197 0.000000 8.774815 -0.000000 -17.620880 18.095415 5.655719 -1.844031 2.498503 -2.507276 -10.163590 4.678941 4.621104 -20.975996 -0.000001 0.000001 -21.226254 2.451698 -3.593995 0.000000 -0.000006 -0.000000 -1.362681 2.240797 -0.746323 -21.334892 0.584910 3.008319 -13.821196 -0.000001 0.000001 -23.887129 -0.249075 -0.839485 -60.893909 2.690663 -0.736252 -0.294025 1.679686 0.833255 -14.218195 0.093215 1.300579 -34.212002 -0.287561 0.967166 -20.033176 0.964536 1.212838 0.000000 -0.000000 0.000000 -3.440387 0.788233 0.501655 -15.928172 -3.167306 2.999703 -6.338817 -0.000000 0.000001 -18.123419 3.648181 -4.905662 -0.000004 0.000000 -0.000002 -1.177559 12.270830 2.598923 66.709259 50.490112 20.380955 -3.743371 54.090523 -1.409832 -61.855343 8.231546 31.722902 2.243540 -5.255033 -3.180156 14.282877 -0.826594 6.952496 -0.000000 -12.690593 -0.000001 13.631991 -17.982460 3.475652 1.665665 -1.955920 -2.878297 4.727794 -4.170584 4.993919 11.020511 0.000001 -0.000000 12.109032 -3.735715 -2.866778 0.000000 -0.000000 0.000000 1.291985 -1.928548 -1.498088 14.800115 0.567467 3.865604 14.242553 -1.341738 -6.660648 19.631935 0.143921 -0.648243 48.140980 -0.794512 -7.553194 0.353029 -1.511150 -0.031940 20.222769 3.684305 2.316629 18.787249 0.000001 -0.000001 10.751608 -0.479870 1.397903 0.000000 -0.000000 0.000000 3.273804 0.305947 -0.580110 21.486790 11.830364 2.266131 8.162915 0.000000 -0.000000 18.399052 -3.798986 -4.940567 0.000003 0.000000 -0.000001 -29.931217 -51.524059 -14.075536 13.756585 22.615816 104.346710 -34.788853 20.085505 -39.675797 1.402646 -1.240420 -1.222399 0.000000 -0.000000 0.000002 -37.277176 -37.885998 -44.794418 6.342883 4.739289 109.636459 0.254542 31.570631 -13.359468 -1.801973 0.671948 -5.746964 0.000000 -0.000000 -0.000001
0.000000 0.000000 0.000000 0.000000 -0.000000 0.000000 -6.351318 -82.054809 88.924962 -33.714649 -25.661657 75.928749 1.594943 -4.832928 -2.033470 2.970555 -3.458584 -1.461130 24.077978 -4.742953 14.941218 28.676023 10.301072 -31.590977 3.219007 8.112411 -3.561468 -6.933138 20.699980 -79.089035 0.000077 -0.000022 0.000006 -0.309953 -0.305700 0.171860 -0.556621 -3.907463 -8.499892 -0.060846 3.307968 -8.668171 20.595734 -11.135451 13.790551 -46.659721 6.570191 -44.789974 -4.664247 -65.822594 4.143458 32.327820 -7.712209 -5.921691 -5.882102 9.861279 0.702590 -10.936861 -0.360574 7.156197 0.000000 8.774815 -0.000000 -17.630014 18.062420 5.695817 -1.844031 2.498503 -2.507276 -10.163590 4.678941 4.621104 -20.975996 -0.000001 0.000001 -21.226254 2.451698 -3.593995 0.000000 -0.000006 -0.000000 -1.362681 2.240797 -0.746323 -21.334892 0.584910 3.008319 -13.821196 -0.000001 0.000001 -23.887129 -0.249075 -0.839485 -61.178211 2.772803 -0.477255 -0.294025 1.679686 0.833255 -14.218195 0.093215 1.300579 -34.212002 -0.287561 0.967166 -20.033176 0.964536 1.212838 0.000000 -0.000000 0.000000 -3.440387 0.788233 0.501655 -15.928172 -3.167306 2.999703 -6.338817 -0.000000 0.000001 -18.123419 3.648181 -4.905662 -0.000004 0.000000 -0.000002 -1.513262 11.204888 2.976187 68.625259 50.683357 19.983114 -3.612108 58.086456 -1.174896 -61.112839 8.875188 31.031326 2.243540 -5.255033 -3.180156 14.282877 -0.826594 6.952496 -0.000000 -12.690593 -0.000001 13.410882 -18.099113 3.597559 1.665665 -1.955920 -2.878297 4.727794 -4.170584 4.993919 11.020511 0.000001 -0.000000 12.109032 -3.735715 -2.866778 0.000000 -0.000000 0.000000 1.291985 -1.928548 -1.498088 14.800115 0.567467 3.865604 14.242553 -1.341738 -6.660648 19.631935 0.143921 -0.648243 48.378258 -0.639133 -7.433611 0.353029 -1.511150 -0.031940 20.222769 3.684305 2.316629 18.787249 0.000001 -0.000001 10.751608 -0.479870 1.397903 0.000000 -0.000000 0.000000 3.273804 0.305947 -0.580110 21.486790 11.830364 2.266131 8.162915 0.000000 -0.000000 18.399052 -3.798986 -4.940567 0.000003 0.000000 -0.000001 -26.095951 -53.065277 -17.072021 14.472145 23.738890 102.849907 -34.110340 20.312277 -40.055691 1.358111 -1.221863 -0.602150 0.000000 -0.000000 0.000002 -34.521725 -38.894444 -45.937866 6.716580 5.509570 106.705002 1.483513 28.249620 -10.612072 -1.769447 0.743365 -5.604144 0.000000 -0.000000 -0.000001
0.000000 0.000000 0.000000 0.000000 -0.000000 0.000000 -6.602091 -82.606964 90.722424 -34.791813 -24.386593 80.380791 1.824079 -4.482398 -2.675126 2.895497 -3.453046 -1.753537 23.795382 -4.611866 14.879385 28.226952 8.741161 -30.420492 3.971939 8.516851 -3.775931 -5.352364 19.036707 -76.623077 0.000077 -0.000022 0.000006 -0.229001 -0.278630 0.186999 -0.479110 -3.902846 -8.617987 0.022674 3.355089 -8.799562 19.933775 -10.480645 14.328922 -48.029697 10.023838 -50.212746 -5.190851 -73.678421 5.352336 35.784554 -6.705219 -4.011850 -5.882102 9.861279 0.702590 -10.936861 -0.360574 7.156197 0.000000 8.774815 -0.000000 -17.405710 17.968590 5.831855 -1.844031 2.498503 -2.507276 -10.163590 4.678941 4.621104 -20.975996 -0.000001 0.000001 -21.226254 2.451698 -3.593995 0.000000 -0.000006 -0.000000 -1.362681 2.240797 -0.746323 -21.334892 0.584910 3.008319 -13.821196 -0.000001 0.000001 -23.887129 -0.249075 -0.839485 -61.242863 2.903112 -0.317171 -0.294025 1.679686 0.833255 -14.218195 0.093215 1.300579 -34.212002 -0.287561 0.967166 -20.033176 0.964536 1.212838 0.000000 -0.000000 0.000000 -3.440387 0.788233 0.501655 -15.928172 -3.167306 2.999703 -6.338817 -0.000000 0.000001 -18.123419 3.648181 -4.905662 -0.000004 0.000000 -0.000002 -1.840294 10.285441 3.294139 70.053078 49.868561 17.802429 -4.256717 63.628193 -1.469387 -59.747627 9.778760 29.936409 2.243540 -5.255033 -3.180156 14.282877 -0.826594 6.952496 -0.000000 -12.690593 -0.000001 13.038465 -18.100872 3.844274 1.665665 -1.955920 -2.878297 4.727794 -4.170584 4.993919 11.020511 0.000001 -0.000000 12.109032 -3.735715 -2.866778 0.000000 -0.000000 0.000000 1.291985 -1.928548 -1.498088 14.800115 0.567467 3.865604 14.242553 -1.341738 -6.660648 19.631935 0.143921 -0.648243 48.451763 -0.485975 -7.265312 0.353029 -1.511150 -0.031940 20.222769 3.684305 2.316629 18.787249 0.000001 -0.000001 10.751608 -0.479870 1.397903 0.000000 -0.000000 0.000000 3.273804 0.305947 -0.580110 21.486790 11.830364 2.266131 8.162915 0.000000 -0.000000 18.399052 -3.798986 -4.940567 0.000003 0.000000 -0.000001 -21.681498 -54.444393 -20.598103 15.122471 24.917793 101.129501 -32.571728 19.960114 -39.472683 1.255078 -1.177155 -0.231494 0.000000 -0.000000 0.000002 -31.513977 -39.990868 -47.123642 7.028195 6.290166 103.601868 2.351374 24.510420 -7.875659 -1.734594 0.842190 -5.456921 0.000000 -0.000000 -0.000001
0.000000 0.000000 0.000000 0.000000 -0.000000 0.000000 -6.741085 -83.076702 92.583287 -35.578133 -23.012054 84.666138 2.074069 -4.052273 -3.192096 2.819498 -3.229690 -2.022094 23.440231 -4.240362 14.763463 27.217123 7.404712 -29.615339 4.433324 8.498920 -3.959270 -3.535653 16.711836 -73.437424 0.000077 -0.000022 0.000006 -0.151966 -0.225369 0.197224 -0.400537 -3.904497 -8.859489 0.098097 3.461997 -9.068863 19.008818 -9.618795 14.471467 -49.830379 12.866104 -55.963997 -8.916610 -82.838120 9.493941 38.088264 -5.576444 -2.209216 -5.882102 9.861279 0.702590 -10.936861 -0.360574 7.156197 0.000000 8.774815 -0.000000 -16.912636 17.852135 6.102536 -1.844031 2.498503 -2.507276 -10.163590 4.678941 4.621104 -20.975996 -0.000001 0.000001 -21.226254 2.451698 -3.593995 0.000000 -0.000006 -0.000000 -1.362681 2.240797 -0.746323 -21.334892 0.584910 3.008319 -13.821196 -0.000001 0.000001 -23.887129 -0.249075 -0.839485 -61.078907 3.012313 -0.122448 -0.294025 1.679686 0.833255 -14.218195 0.093215 1.300579 -34.212002 -0.287561 0.967166 -20.033176 0.964536 1.212838 0.000000 -0.000000 0.000000 -3.440387 0.788233 0.501655 -15.928172 -3.167306 2.999703 -6.338817 -0.000000 0.000001 -18.123419 3.648181 -4.905662 -0.000004 0.000000 -0.000002 -1.836205 9.768487 3.603924 70.797691 47.826435 13.420120 -5.241419 70.560509 -2.076035 -57.642185 10.963036 28.609377 2.243540 -5.255033 -3.180156 14.282877 -0.826594 6.952496 -0.000000 -12.690593 -0.000001 12.696021 -18.011236 4.070912 1.665665 -1.955920 -2.878297 4.727794 -4.170584 4.993919 11.020511 0.000001 -0.000000 12.109032 -3.735715 -2.866778 0.000000 -0.000000 0.000000 1.291985 -1.928548 -1.498088 14.800115 0.567467 3.865604 14.242553 -1.341738 -6.660648 19.631935 0.143921 -0.648243 48.438881 -0.341830 -7.070371 0.353029 -1.511150 -0.031940 20.222769 3.684305 2.316629 18.787249 0.000001 -0.000001 10.751608 -0.479870 1.397903 0.000000 -0.000000 0.000000 3.273804 0.305947 -0.580110 21.486790 11.830364 2.266131 8.162915 0.000000 -0.000000 18.399052 -3.798986 -4.940567 0.000003 0.000000 -0.000001 -16.780678 -55.652393 -24.483315 15.663186 26.064236 99.403969 -30.465096 19.262365 -38.520382 1.137797 -1.123185 -0.130422 0.000000 -0.000000 0.000002 -28.223349 -41.053562 -48.290207 7.257890 7.116921 100.498520 3.042093 20.162010 -5.592877 -1.723465 0.953029 -5.410536 0.000000 -0.000000 -0.000001
0.000000 0.000000 0.000000 0.000000 -0.000000 0.000000 -6.878725 -83.464483 94.216404 -36.120655 -21.571457 88.783134 2.277135 -3.538616 -3.528080 2.768774 -2.813796 -2.250193 23.012875 -3.531419 14.529551 25.577135 6.413656 -29.277353 4.652704 7.912965 -4.130992 -1.353057 13.617188 -69.145805 0.000077 -0.000022 0.000006 -0.095001 -0.150625 0.202986 -0.296484 -3.888777 -9.191576 0.109212 3.597520 -9.428294 17.623575 -8.442444 14.200978 -51.572750 15.003470 -61.762314 -160.462769 -86.479744 161.346985 39.053677 -4.173793 -0.492064 -5.882102 9.861279 0.702590 -10.936861 -0.360574 7.156197 0.000000 8.774815 -0.000000 -16.178171 17.695230 6.407443 -1.844031 2.498503 -2.507276 -10.163590 4.678941 4.621104 -20.975996 -0.000001 0.000001 -21.226254 2.451698 -3.593995 0.000000 -0.000006 -0.000000 -1.362681 2.240797 -0.746323 -21.334892 0.584910 3.008319 -13.821196 -0.000001 0.000001 -23.887129 -0.249075 -0.839485 -60.576969 3.006250 0.089776 -0.294025 1.679686 0.833255 -14.218195 0.093215 1.300579 -34.212002 -0.287561 0.967166 -20.033176 0.964536 1.212838 0.000000 -0.000000 0.000000 -3.440387 0.788233 0.501655 -15.928172 -3.167306 2.999703 -6.338817 -0.000000 0.000001 -18.123419 3.648181 -4.905662 -0.000004 0.000000 -0.000002 -1.248103 10.008132 3.932698 70.866890 44.445251 6.427799 -5.677938 78.852715 -2.188313 -54.367157 12.166915 27.458563 2.243540 -5.255033 -3.180156 14.282877 -0.826594 6.952496 -0.000000 -12.690593 -0.000001 12.391636 -17.834808 4.247396 1.665665 -1.955920 -2.878297 4.727794 -4.170584 4.993919 11.020511 0.000001 -0.000000 12.109032 -3.735715 -2.866778 0.000000 -0.000000 0.000000 1.291985 -1.928548 -1.498088 14.800115 0.567467 3.865604 14.242553 -1.341738 -6.660648 19.631935 0.143921 -0.648243 48.316978 -0.245422 -6.820069 0.353029 -1.511150 -0.031940 20.222769 3.684305 2.316629 18.787249 0.000001 -0.000001 10.751608 -0.479870 1.397903 0.000000 -0.000000 0.000000 3.273804 0.305947 -0.580110 21.486790 11.830364 2.266131 8.162915 0.000000 -0.000000 18.399052 -3.798986 -4.940567 0.000003 0.000000 -0.000001 -11.346139 -56.652122 -28.847635 16.198864 27.093088 97.929207 -27.880941 18.212641 -37.341290 1.029393 -1.071349 -0.100508 0.000000 -0.000000 0.000002 -24.632269 -42.003380 -49.523022 7.481472 8.074486 97.509392 3.648472 15.986647 -3.869206 -1.739493 1.096848 -5.337059 0.000000 -0.000000 -0.000001
0.000000 0.000000 0.000000 0.000000 -0.000000 0.000000 -7.085412 -83.731000 95.588704 -36.379879 -20.181908 92.582466 2.340212 -3.042479 -3.601485 2.663228 -2.253042 -2.450989 22.524971 -2.543645 14.224143 23.720482 5.805956 -29.252508 4.697156 6.922795 -4.238548 0.776460 10.296348 -64.073517 0.000077 -0.000022 0.000006 -0.072376 -0.079063 0.204787 -0.174734 -3.854432 -9.543573 0.033463 3.709065 -9.781769 15.965842 -6.948359 13.473466 -53.029850 16.563946 -67.284760 -172.778976 -75.620552 174.124832 38.981091 -2.299101 0.744901 -5.882102 9.861279 0.702590 -10.936861 -0.360574 7.156197 0.000000 8.774815 -0.000000 -15.369159 17.480480 6.654985 -1.844031 2.498503 -2.507276 -10.163590 4.678941 4.621104 -20.975996 -0.000001 0.000001 -21.226254 2.451698 -3.593995 0.000000 -0.000006 -0.000000 -1.362681 2.240797 -0.746323 -21.334892 0.584910 3.008319 -13.821196 -0.000001 0.000001 -23.887129 -0.249075 -0.839485 -59.828197 2.907144 0.286858 -0.294025 1.679686 0.833255 -14.218195 0.093215 1.300579 -34.212002 -0.287561 0.967166 -20.033176 0.964536 1.212838 0.000000 -0.000000 0.000000 -3.440387 0.788233 0.501655 -15.928172 -3.167306 2.999703 -6.338817 -0.000000 0.000001 -18.123419 3.648181 -4.905662 -0.000004 0.000000 -0.000002 0.043720 11.066490 4.329897 70.456116 40.307957 -2.482282 2.928600 87.774719 6.607503 -50.359501 12.952271 26.607971 2.243540 -5.255033 -3.180156 14.282877 -0.826594 6.952496 -0.000000 -12.690593 -0.000001 12.255592 -17.685383 4.337704 1.665665 -1.955920 -2.878297 4.727794 -4.170584 4.993919 11.020511 0.000001 -0.000000 12.109032 -3.735715 -2.866778 0.000000 -0.000000 0.000000 1.291985 -1.928548 -1.498088 14.800115 0.567467 3.865604 14.242553 -1.341738 -6.660648 19.631935 0.143921 -0.648243 48.198364 -0.179843 -6.562635 0.353029 -1.511150 -0.031940 20.222769 3.684305 2.316629 18.787249 0.000001 -0.000001 10.751608 -0.479870 1.397903 0.000000 -0.000000 0.000000 3.273804 0.305947 -0.580110 21.486790 11.830364 2.266131 8.162915 0.000000 -0.000000 18.399052 -3.798986 -4.940567 0.000003 0.000000 -0.000001 -6.025882 -57.498131 -33.186649 16.728294 27.841599 96.725967 -25.174976 17.091084 -35.978374 0.944621 -1.030464 -0.241100 0.000000 -0.000000 0.000002 -20.833687 -42.714508 -50.995087 7.560789 9.021032 95.090538 4.079092 12.316082 -2.986427 -1.738665 1.221837 -5.291368 0.000000 -0.000000 -0.000001
0.000000 0.000000 0.000000 0.000000 -0.000000 0.000000 -7.369791 -83.828913 96.780590 -36.477551 -18.970697 95.954025 2.309391 -2.615329 -3.466582 2.398436 -1.663761 -2.607160 21.922739 -1.399563 13.995541 22.124836 5.541929 -29.035831 4.495148 5.851980 -4.263885 2.423269 7.500354 -58.923988 0.000077 -0.000022 0.000006 -0.065404 -0.010707 0.204149 -0.048024 -3.804070 -9.876871 -0.079123 3.793734 -10.065442 14.334691 -5.309196 12.516957 -54.286083 17.683027 -72.172050 -174.279175 -65.136276 176.147552 38.374268 -0.142071 1.417413 -5.882102 9.861279 0.702590 -10.936861 -0.360574 7.156197 0.000000 8.774815 -0.000000 -14.695909 17.204189 6.789546 -1.844031 2.498503 -2.507276 -10.163590 4.678941 4.621104 -20.975996 -0.000001 0.000001 -21.226254 2.451698 -3.593995 0.000000 -0.000006 -0.000000 -1.362681 2.240797 -0.746323 -21.334892 0.584910 3.008319 -13.821196 -0.000001 0.000001 -23.887129 -0.249075 -0.839485 -59.051174 2.792698 0.381852 -0.294025 1.679686 0.833255 -14.218195 0.093215 1.300579 -34.212002 -0.287561 0.967166 -20.033176 0.964536 1.212838 0.000000 -0.000000 0.000000 -3.440387 0.788233 0.501655 -15.928172 -3.167306 2.999703 -6.338817 -0.000000 0.000001 -18.123419 3.648181 -4.905662 -0.000004 0.000000 -0.000002 1.649123 12.615514 4.659139 70.177353 36.198135 -11.755109 166.259460 83.675133 170.005341 -46.598686 13.020683 25.659517 2.243540 -5.255033 -3.180156 14.282877 -0.826594 6.952496 -0.000000 -12.690593 -0.000001 12.302718 -17.613146 4.358241 1.665665 -1.955920 -2.878297 4.727794 -4.170584 4.993919 11.020511 0.000001 -0.000000 12.109032 -3.735715 -2.866778 0.000000 -0.000000 0.000000 1.291985 -1.928548 -1.498088 14.800115 0.567467 3.865604 14.242553 -1.341738 -6.660648 19.631935 0.143921 -0.648243 48.101669 -0.162594 -6.327298 0.353029 -1.511150 -0.031940 20.222769 3.684305 2.316629 18.787249 0.000001 -0.000001 10.751608 -0.479870 1.397903 0.000000 -0.000000 0.000000 3.273804 0.305947 -0.580110 21.486790 11.830364 2.266131 8.162915 0.000000 -0.000000 18.399052 -3.798986 -4.940567 0.000003 0.000000 -0.000001 -0.964441 -58.089180 -37.236195 17.014147 28.186327 95.623535 -23.169827 16.167143 -34.722481 0.868475 -1.032918 -0.509894 0.000000 -0.000000 0.000002 -17.165609 -42.897953 -52.716995 7.453800 9.767531 93.345901 4.599214 9.592784 -2.696132 -1.761042 1.289251 -5.233294 0.000000 -0.000000 -0.000001
0.000000 0.000000 0.000000 0.000000 -0.000000 0.000000 -7.713407 -83.878927 97.884068 -36.485020 -17.870033 98.835464 2.302485 -2.287494 -3.133852 2.110916 -1.102759 -2.719955 21.156557 -0.356127 13.766219 20.574474 5.353315 -28.178467 4.283014 5.005499 -4.260511 3.479388 5.611687 -54.257492 0.000077 -0.000022 0.000006 -0.071741 0.055467 0.196847 0.077056 -3.739101 -10.146826 -0.216194 3.856610 -10.245997 12.904563 -3.661453 11.491532 -55.757587 18.676628 -76.593178 -174.921249 -55.796425 177.156677 37.574951 2.047137 1.372809 -5.882102 9.861279 0.702590 -10.936861 -0.360574 7.156197 0.000000 8.774815 -0.000000 -14.213677 16.956932 6.812575 -1.844031 2.498503 -2.507276 -10.163590 4.678941 4.621104 -20.975996 -0.000001 0.000001 -21.226254 2.451698 -3.593995 0.000000 -0.000006 -0.000000 -1.362681 2.240797 -0.746323 -21.334892 0.584910 3.008319 -13.821196 -0.000001 0.000001 -23.887129 -0.249075 -0.839485 -58.430199 2.716510 0.371287 -0.294025 1.679686 0.833255 -14.218195 0.093215 1.300579 -34.212002 -0.287561 0.967166 -20.033176 0.964536 1.212838 0.000000 -0.000000 0.000000 -3.440387 0.788233 0.501655 -15.928172 -3.167306 2.999703 -6.338817 -0.000000 0.000001 -18.123419 3.648181 -4.905662 -0.000004 0.000000 -0.000002 2.907024 14.230620 4.801019 70.641159 32.415565 -20.165297 168.545151 76.483971 172.454620 -43.395248 12.241658 24.182617 2.243540 -5.255033 -3.180156 14.282877 -0.826594 6.952496 -0.000000 -12.690593 -0.000001 12.431050 -17.604124 4.341207 1.665665 -1.955920 -2.878297 4.727794 -4.170584 4.993919 11.020511 0.000001 -0.000000 12.109032 -3.735715 -2.866778 0.000000 -0.000000 0.000000 1.291985 -1.928548 -1.498088 14.800115 0.567467 3.865604 14.242553 -1.341738 -6.660648 19.631935 0.143921 -0.648243 48.067684 -0.191344 -6.183444 0.353029 -1.511150 -0.031940 20.222769 3.684305 2.316629 18.787249 0.000001 -0.000001 10.751608 -0.479870 1.397903 0.000000 -0.000000 0.000000 3.273804 0.305947 -0.580110 21.486790 11.830364 2.266131 8.162915 0.000000 -0.000000 18.399052 -3.798986 -4.940567 0.000003 0.000000 -0.000001 3.775884 -58.316307 -40.775738 17.142803 28.269093 94.698090 -21.957323 15.117187 -33.424850 0.792170 -1.067596 -0.663452 0.000000 -0.000000 0.000002 -13.985173 -42.744907 -54.426891 7.269097 10.310631 92.257317 5.109824 7.449470 -3.017518 -1.804660 1.292700 -5.118598 0.000000 -0.000000 -0.000001
0.000000 0.000000 0.000000 0.000000 -0.000000 0.000000 -8.085284 -83.866165 98.949070 -36.420483 -16.935177 101.297585 2.326042 -2.043246 -2.709615 1.850057 -0.628999 -2.811457 20.259007 0.494659 13.532823 18.903217 5.150746 -26.734100 4.097845 4.310795 -4.246162 3.998717 4.508300 -49.905807 0.000077 -0.000022 0.000006 -0.085318 0.143037 0.187743 0.188748 -3.638199 -10.296999 -0.353851 3.927359 -10.316373 11.605061 -2.239007 10.466115 -57.609547 19.745241 -81.069466 -175.327759 -47.858028 177.611130 36.977108 3.939048 0.618977 -5.882102 9.861279 0.702590 -10.936861 -0.360574 7.156197 0.000000 8.774815 -0.000000 -13.869473 16.746048 6.756200 -1.844031 2.498503 -2.507276 -10.163590 4.678941 4.621104 -20.975996 -0.000001 0.000001 -21.226254 2.451698 -3.593995 0.000000 -0.000006 -0.000000 -1.362681 2.240797 -0.746323 -21.334892 0.584910 3.008319 -13.821196 -0.000001 0.000001 -23.887129 -0.249075 -0.839485 -57.939999 2.624006 0.335503 -0.294025 1.679686 0.833255 -14.218195 0.093215 1.300579 -34.212002 -0.287561 0.967166 -20.033176 0.964536 1.212838 0.000000 -0.000000 0.000000 -3.440387 0.788233 0.501655 -15.928172 -3.167306 2.999703 -6.338817 -0.000000 0.000001 -18.123419 3.648181 -4.905662 -0.000004 0.000000 -0.000002 3.626835 15.677798 4.803379 71.737427 29.075361 -27.547077 168.873184 70.879013 172.713181 -40.618462 11.172052 21.963955 2.243540 -5.255033 -3.180156 14.282877 -0.826594 6.952496 -0.000000 -12.690593 -0.000001 12.567514 -17.649860 4.303149 1.665665 -1.955920 -2.878297 4.727794 -4.170584 4.993919 11.020511 0.000001 -0.000000 12.109032 -3.735715 -2.866778 0.000000 -0.000000 0.000000 1.291985 -1.928548 -1.498088 14.800115 0.567467 3.865604 14.242553 -1.341738 -6.660648 19.631935 0.143921 -0.648243 48.125717 -0.216845 -6.048111 0.353029 -1.511150 -0.031940 20.222769 3.684305 2.316629 18.787249 0.000001 -0.000001 10.751608 -0.479870 1.397903 0.000000 -0.000000 0.000000 3.273804 0.305947 -0.580110 21.486790 11.830364 2.266131 8.162915 0.000000 -0.000000 18.399052 -3.798986 -4.940567 0.000003 0.000000 -0.000001 8.320919 -58.263638 -43.961666 17.164562 28.309029 93.938805 -21.532707 14.094411 -32.216682 0.753944 -1.108157 -0.795883 0.000000 -0.000000 0.000002 -11.242710 -42.486847 -56.177952 7.061872 10.715009 91.848640 5.656289 5.735332 -3.743572 -1.866148 1.263139 -5.017772 0.000000 -0.000000 -0.000001
0.000000 0.000000 0.000000 0.000000 -0.000000 0.000000 -8.436622 -83.805696 99.924267 -36.404541 -16.138172 103.403847 2.371865 -1.818642 -2.278453 1.688380 -0.274876 -2.866318 19.252470 1.135189 13.313856 17.133324 4.919355 -24.859272 3.969785 3.730614 -4.190133 4.026272 3.980741 -46.303547 0.000077 -0.000022 0.000006 -0.121431 0.241094 0.178176 0.258058 -3.517530 -10.320381 -0.494571 4.001278 -10.308035 10.537178 -1.042719 9.578425 -59.946056 20.733873 -85.700043 -175.759354 -41.683132 177.839462 36.782997 5.493226 -0.878485 -5.882102 9.861279 0.702590 -10.936861 -0.360574 7.156197 0.000000 8.774815 -0.000000 -13.510324 16.507555 6.727591 -1.844031 2.498503 -2.507276 -10.163590 4.678941 4.621104 -20.975996 -0.000001 0.000001 -21.226254 2.451698 -3.593995 0.000000 -0.000006 -0.000000 -1.362681 2.240797 -0.746323 -21.334892 0.584910 3.008319 -13.821196 -0.000001 0.000001 -23.887129 -0.249075 -0.839485 -57.520943 2.501085 0.284343 -0.294025 1.679686 0.833255 -14.218195 0.093215 1.300579 -34.212002 -0.287561 0.967166 -20.033176 0.964536 1.212838 0.000000 -0.000000 0.000000 -3.440387 0.788233 0.501655 -15.928172 -3.167306 2.999703 -6.338817 -0.000000 0.000001 -18.123419 3.648181 -4.905662 -0.000004 0.000000 -0.000002 3.821716 16.773655 4.695082 73.227303 26.253468 -33.477615 168.664764 66.933952 172.198105 -38.201340 10.148436 19.277447 2.243540 -5.255033 -3.180156 14.282877 -0.826594 6.952496 -0.000000 -12.690593 -0.000001 12.673754 -17.708315 4.242540 1.665665 -1.955920 -2.878297 4.727794 -4.170584 4.993919 11.020511 0.000001 -0.000000 12.109032 -3.735715 -2.866778 0.000000 -0.000000 0.000000 1.291985 -1.928548 -1.498088 14.800115 0.567467 3.865604 14.242553 -1.341738 -6.660648 19.631935 0.143921 -0.648243 48.243313 -0.185841 -5.910823 0.353029 -1.511150 -0.031940 20.222769 3.684305 2.316629 18.787249 0.000001 -0.000001 10.751608 -0.479870 1.397903 0.000000 -0.000000 0.000000 3.273804 0.305947 -0.580110 21.486790 11.830364 2.266131 8.162915 0.000000 -0.000000 18.399052 -3.798986 -4.940567 0.000003 0.000000 -0.000001 12.485640 -57.943569 -46.721054 17.211905 28.408405 93.248131 -21.510029 13.259173 -31.024578 0.764220 -1.139045 -0.876367 0.000000 -0.000000 0.000002 -8.733430 -42.201820 -58.109016 6.886368 10.843657 92.182678 6.331264 4.833099 -4.711643 -1.911340 1.239792 -4.994035 0.000000 -0.000000 -0.000001
0.000000 0.000000 0.000000 0.000000 -0.000000 0.000000 -8.719617 -83.725641 100.762394 -36.455070 -15.502677 105.096611 2.453946 -1.620272 -1.903804 1.585968 -0.027789 -2.888240 18.238493 1.539476 13.170057 15.278482 4.744457 -22.764282 3.951813 3.194892 -4.119963 3.666604 3.715320 -43.861973 0.000077 -0.000022 0.000006 -0.182141 0.312822 0.156698 0.273031 -3.421641 -10.268540 -0.630940 4.049104 -10.269108 9.811814 0.074060 8.982894 -62.793270 21.431555 -90.164696 -176.167236 -37.371292 177.860428 37.020519 6.855266 -2.992439 -5.882102 9.861279 0.702590 -10.936861 -0.360574 7.156197 0.000000 8.774815 -0.000000 -13.101918 16.248886 6.749828 -1.844031 2.498503 -2.507276 -10.163590 4.678941 4.621104 -20.975996 -0.000001 0.000001 -21.226254 2.451698 -3.593995 0.000000 -0.000006 -0.000000 -1.362681 2.240797 -0.746323 -21.334892 0.584910 3.008319 -13.821196 -0.000001 0.000001 -23.887129 -0.249075 -0.839485 -57.127872 2.430941 0.273690 -0.294025 1.679686 0.833255 -14.218195 0.093215 1.300579 -34.212002 -0.287561 0.967166 -20.033176 0.964536 1.212838 0.000000 -0.000000 0.000000 -3.440387 0.788233 0.501655 -15.928172 -3.167306 2.999703 -6.338817 -0.000000 0.000001 -18.123419 3.648181 -4.905662 -0.000004 0.000000 -0.000002 3.625738 17.408360 4.564676 74.869675 23.885874 -37.647713 168.649506 64.287590 171.630905 -36.074306 9.398167 16.522318 2.243540 -5.255033 -3.180156 14.282877 -0.826594 6.952496 -0.000000 -12.690593 -0.000001 12.787655 -17.777010 4.174169 1.665665 -1.955920 -2.878297 4.727794 -4.170584 4.993919 11.020511 0.000001 -0.000000 12.109032 -3.735715 -2.866778 0.000000 -0.000000 0.000000 1.291985 -1.928548 -1.498088 14.800115 0.567467 3.865604 14.242553 -1.341738 -6.660648 19.631935 0.143921 -0.648243 48.386494 -0.132685 -5.836733 0.353029 -1.511150 -0.031940 20.222769 3.684305 2.316629 18.787249 0.000001 -0.000001 10.751608 -0.479870 1.397903 0.000000 -0.000000 0.000000 3.273804 0.305947 -0.580110 21.486790 11.830364 2.266131 8.162915 0.000000 -0.000000 18.399052 -3.798986 -4.940567 0.000003 0.000000 -0.000001 16.019264 -57.475658 -48.856712 17.321507 28.632280 92.444901 -21.708967 12.811816 -29.947289 0.810525 -1.151266 -0.965080 0.000000 -0.000000 0.000002 -6.417768 -41.974075 -60.281700 6.746524 10.616085 93.344376 6.995629 4.415090 -5.909256 -1.905218 1.212894 -5.032566 0.000000 -0.000000 -0.000001
0.000000 0.000000 0.000000 0.000000 -0.000000 0.000000 -8.894868 -83.656113 101.398251 -36.607861 -15.112446 106.292053 2.569265 -1.407210 -1.580477 1.482909 0.138950 -2.874589 17.272318 1.741016 13.159362 13.389949 4.678659 -20.554523 3.997643 2.641995 -4.068162 3.175494 3.370750 -42.679020 0.000077 -0.000022 0.000006 -0.252250 0.362282 0.130034 0.251120 -3.352961 -10.184875 -0.749164 4.079134 -10.213443 9.493884 1.064101 8.716260 -66.030495 21.848244 -93.848221 -176.657349 -34.765556 177.864288 37.658634 8.109555 -5.367899 -5.882102 9.861279 0.702590 -10.936861 -0.360574 7.156197 0.000000 8.774815 -0.000000 -12.831080 16.074459 6.738766 -1.844031 2.498503 -2.507276 -10.163590 4.678941 4.621104 -20.975996 -0.000001 0.000001 -21.226254 2.451698 -3.593995 0.000000 -0.000006 -0.000000 -1.362681 2.240797 -0.746323 -21.334892 0.584910 3.008319 -13.821196 -0.000001 0.000001 -23.887129 -0.249075 -0.839485 -56.918194 2.422955 0.221990 -0.294025 1.679686 0.833255 -14.218195 0.093215 1.300579 -34.212002 -0.287561 0.967166 -20.033176 0.964536 1.212838 0.000000 -0.000000 0.000000 -3.440387 0.788233 0.501655 -15.928172 -3.167306 2.999703 -6.338817 -0.000000 0.000001 -18.123419 3.648181 -4.905662 -0.000004 0.000000 -0.000002 3.134880 17.639999 4.436609 76.500130 21.819502 -40.201241 169.083008 62.433434 171.328857 -34.372112 8.954367 14.170527 2.243540 -5.255033 -3.180156 14.282877 -0.826594 6.952496 -0.000000 -12.690593 -0.000001 13.002321 -17.851706 4.104033 1.665665 -1.955920 -2.878297 4.727794 -4.170584 4.993919 11.020511 0.000001 -0.000000 12.109032 -3.735715 -2.866778 0.000000 -0.000000 0.000000 1.291985 -1.928548 -1.498088 14.800115 0.567467 3.865604 14.242553 -1.341738 -6.660648 19.631935 0.143921 -0.648243 48.563854 -0.116261 -5.820444 0.353029 -1.511150 -0.031940 20.222769 3.684305 2.316629 18.787249 0.000001 -0.000001 10.751608 -0.479870 1.397903 0.000000 -0.000000 0.000000 3.273804 0.305947 -0.580110 21.486790 11.830364 2.266131 8.162915 0.000000 -0.000000 18.399052 -3.798986 -4.940567 0.000003 0.000000 -0.000001 18.751661 -56.949993 -50.265072 17.374010 28.999762 91.288506 -21.883631 12.791203 -28.763908 0.863528 -1.150651 -1.025874 0.000000 -0.000000 0.000002 -4.411118 -41.688259 -62.556240 6.622102 9.938157 95.231544 7.545114 4.690779 -7.062663 -1.852938 1.195148 -5.133361 0.000000 -0.000000 -0.000001
0.000000 0.000000 0.000000 0.000000 -0.000000 0.000000 -8.968434 -83.583329 101.856778 -36.665607 -14.926187 107.046425 2.676435 -1.198656 -1.239760 1.389582 0.247373 -2.825093 16.366377 1.758403 13.231862 11.460524 4.691273 -18.378321 4.074369 2.009905 -4.061733 2.658977 2.660687 -42.525776 0.000077 -0.000022 0.000006 -0.318031 0.384943 0.103534 0.205512 -3.313389 -10.059488 -0.835405 4.084538 -10.124950 9.563425 1.902564 8.708670 -69.510635 22.152107 -96.671570 -177.262527 -33.249340 177.920135 38.558327 9.364794 -7.904686 -5.882102 9.861279 0.702590 -10.936861 -0.360574 7.156197 0.000000 8.774815 -0.000000 -12.710869 16.043478 6.687496 -1.844031 2.498503 -2.507276 -10.163590 4.678941 4.621104 -20.975996 -0.000001 0.000001 -21.226254 2.451698 -3.593995 0.000000 -0.000006 -0.000000 -1.362681 2.240797 -0.746323 -21.334892 0.584910 3.008319 -13.821196 -0.000001 0.000001 -23.887129 -0.249075 -0.839485 -56.954437 2.458903 0.189431 -0.294025 1.679686 0.833255 -14.218195 0.093215 1.300579 -34.212002 -0.287561 0.967166 -20.033176 0.964536 1.212838 0.000000 -0.000000 0.000000 -3.440387 0.788233 0.501655 -15.928172 -3.167306 2.999703 -6.338817 -0.000000 0.000001 -18.123419 3.648181 -4.905662 -0.000004 0.000000 -0.000002 2.493712 17.548342 4.353655 78.062897 19.930725 -41.775345 169.934509 60.893875 171.417160 -32.999474 8.696734 12.286345 2.243540 -5.255033 -3.180156 14.282877 -0.826594 6.952496 -0.000000 -12.690593 -0.000001 13.343273 -17.928816 4.013975 1.665665 -1.955920 -2.878297 4.727794 -4.170584 4.993919 11.020511 0.000001 -0.000000 12.109032 -3.735715 -2.866778 0.000000 -0.000000 0.000000 1.291985 -1.928548 -1.498088 14.800115 0.567467 3.865604 14.242553 -1.341738 -6.660648 19.631935 0.143921 -0.648243 48.822964 -0.136481 -5.902178 0.353029 -1.511150 -0.031940 20.222769 3.684305 2.316629 18.787249 0.000001 -0.000001 10.751608 -0.479870 1.397903 0.000000 -0.000000 0.000000 3.273804 0.305947 -0.580110 21.486790 11.830364 2.266131 8.162915 0.000000 -0.000000 18.399052 -3.798986 -4.940567 0.000003 0.000000 -0.000001 20.776308 -56.598614 -51.003590 17.340950 29.494751 89.580795 -21.961460 13.214087 -27.360182 0.896356 -1.150808 -1.040212 0.000000 -0.000000 0.000002 -2.629563 -41.538960 -64.782791 6.468801 8.960588 97.461586 7.954525 5.269789 -7.986875 -1.753324 1.159354 -5.284156 0.000000 -0.000000 -0.000001
0.000000 0.000000 0.000000 0.000000 -0.000000 0.000000 -8.936938 -83.502887 102.178959 -36.637455 -14.918839 107.506218 2.689447 -1.014971 -0.833462 1.266391 0.352370 -2.728471 15.590528 1.655005 13.307425 9.664258 4.654259 -16.398432 4.105417 1.389360 -4.098594 2.174999 1.584509 -42.998478 0.000077 -0.000022 0.000006 -0.371908 0.389115 0.080069 0.146791 -3.289681 -9.913994 -0.884935 4.068699 -10.021423 9.790928 2.527991 8.853583 -72.707825 22.439806 -98.703957 -178.177505 -32.294765 178.153397 39.512264 10.470739 -10.259566 -5.882102 9.861279 0.702590 -10.936861 -0.360574 7.156197 0.000000 8.774815 -0.000000 -12.797453 16.123339 6.634352 -1.844031 2.498503 -2.507276 -10.163590 4.678941 4.621104 -20.975996 -0.000001 0.000001 -21.226254 2.451698 -3.593995 0.000000 -0.000006 -0.000000 -1.362681 2.240797 -0.746323 -21.334892 0.584910 3.008319 -13.821196 -0.000001 0.000001 -23.887129 -0.249075 -0.839485 -57.234570 2.501807 0.187917 -0.294025 1.679686 0.833255 -14.218195 0.093215 1.300579 -34.212002 -0.287561 0.967166 -20.033176 0.964536 1.212838 0.000000 -0.000000 0.000000 -3.440387 0.788233 0.501655 -15.928172 -3.167306 2.999703 -6.338817 -0.000000 0.000001 -18.123419 3.648181 -4.905662 -0.000004 0.000000 -0.000002 1.944881 17.226423 4.373407 79.368980 18.356411 -42.511864 171.102249 59.563412 171.872726 -31.869133 8.584113 10.862923 2.243540 -5.255033 -3.180156 14.282877 -0.826594 6.952496 -0.000000 -12.690593 -0.000001 13.713286 -17.998816 3.914556 1.665665 -1.955920 -2.878297 4.727794 -4.170584 4.993919 11.020511 0.000001 -0.000000 12.109032 -3.735715 -2.866778 0.000000 -0.000000 0.000000 1.291985 -1.928548 -1.498088 14.800115 0.567467 3.865604 14.242553 -1.341738 -6.660648 19.631935 0.143921 -0.648243 49.083851 -0.158857 -6.069857 0.353029 -1.511150 -0.031940 20.222769 3.684305 2.316629 18.787249 0.000001 -0.000001 10.751608 -0.479870 1.397903 0.000000 -0.000000 0.000000 3.273804 0.305947 -0.580110 21.486790 11.830364 2.266131 8.162915 0.000000 -0.000000 18.399052 -3.798986 -4.940567 0.000003 0.000000 -0.000001 22.312483 -56.369289 -51.397587 17.218683 30.053577 87.408173 -21.883005 13.544784 -25.603544 0.919395 -1.153863 -1.031728 0.000000 -0.000000 0.000002 -0.975827 -41.579174 -66.778038 6.324699 7.951537 99.435432 8.377787 6.353178 -8.478019 -1.645418 1.117053 -5.473761 0.000000 -0.000000 -0.000001
0.000000 0.000000 0.000000 0.000000 -0.000000 0.000000 -8.785511 -83.397828 102.438923 -36.716873 -15.072322 107.845520 2.602046 -0.849330 -0.371635 1.107503 0.482080 -2.593439 14.896403 1.530078 13.373838 8.096530 4.524461 -14.633392 4.012440 0.744947 -4.150050 1.746291 0.269285 -43.611210 0.000077 -0.000022 0.000006 -0.423700 0.411313 0.056334 0.075622 -3.242731 -9.768689 -0.918643 4.065860 -9.927317 9.938625 2.874475 9.023965 -75.360588 22.774092 -100.458252 -179.472672 -31.556150 178.669556 40.254669 11.409071 -12.297242 -5.882102 9.861279 0.702590 -10.936861 -0.360574 7.156197 0.000000 8.774815 -0.000000 -13.026121 16.274487 6.637568 -1.844031 2.498503 -2.507276 -10.163590 4.678941 4.621104 -20.975996 -0.000001 0.000001 -21.226254 2.451698 -3.593995 0.000000 -0.000006 -0.000000 -1.362681 2.240797 -0.746323 -21.334892 0.584910 3.008319 -13.821196 -0.000001 0.000001 -23.887129 -0.249075 -0.839485 -57.709717 2.477083 0.248169 -0.294025 1.679686 0.833255 -14.218195 0.093215 1.300579 -34.212002 -0.287561 0.967166 -20.033176 0.964536 1.212838 0.000000 -0.000000 0.000000 -3.440387 0.788233 0.501655 -15.928172 -3.167306 2.999703 -6.338817 -0.000000 0.000001 -18.123419 3.648181 -4.905662 -0.000004 0.000000 -0.000002 1.611885 16.844366 4.491257 80.332405 17.224024 -42.651058 172.309326 58.464363 172.553162 -30.944784 8.413057 9.683950 2.243540 -5.255033 -3.180156 14.282877 -0.826594 6.952496 -0.000000 -12.690593 -0.000001 13.981610 -18.045099 3.836798 1.665665 -1.955920 -2.878297 4.727794 -4.170584 4.993919 11.020511 0.000001 -0.000000 12.109032 -3.735715 -2.866778 0.000000 -0.000000 0.000000 1.291985 -1.928548 -1.498088 14.800115 0.567467 3.865604 14.242553 -1.341738 -6.660648 19.631935 0.143921 -0.648243 49.301395 -0.121282 -6.213561 0.353029 -1.511150 -0.031940 20.222769 3.684305 2.316629 18.787249 0.000001 -0.000001 10.751608 -0.479870 1.397903 0.000000 -0.000000 0.000000 3.273804 0.305947 -0.580110 21.486790 11.830364 2.266131 8.162915 0.000000 -0.000000 18.399052 -3.798986 -4.940567 0.000003 0.000000 -0.000001 23.538406 -56.025677 -51.762238 16.902784 30.365990 84.801720 -21.769346 13.673109 -23.734322 0.924640 -1.135595 -1.053071 0.000000 -0.000000 0.000002 0.586396 -41.700706 -68.459312 6.231533 6.976207 100.771484 9.025299 8.206565 -8.383341 -1.565494 1.110005 -5.649219 0.000000 -0.000000 -0.000001
0.000000 0.000000 0.000000 0.000000 -0.000000 0.000000 -8.558942 -83.306418 102.668698 -37.012405 -15.389516 108.211243 2.453719 -0.760474 0.151202 0.951546 0.638828 -2.450925 14.172561 1.456639 13.372127 6.796527 4.271074 -12.992888 3.740144 0.173663 -4.177239 1.432799 -1.127499 -44.127449 0.000077 -0.000022 0.000006 -0.476899 0.452658 0.029327 0.002883 -3.169773 -9.645749 -0.955241 4.076943 -9.850426 9.881309 3.078759 9.017879 -77.400002 23.274593 -102.242546 179.044022 -30.943005 179.163284 40.451958 11.984588 -13.903199 -5.882102 9.861279 0.702590 -10.936861 -0.360574 7.156197 0.000000 8.774815 -0.000000 -13.265703 16.497690 6.671838 -1.844031 2.498503 -2.507276 -10.163590 4.678941 4.621104 -20.975996 -0.000001 0.000001 -21.226254 2.451698 -3.593995 0.000000 -0.000006 -0.000000 -1.362681 2.240797 -0.746323 -21.334892 0.584910 3.008319 -13.821196 -0.000001 0.000001 -23.887129 -0.249075 -0.839485 -58.173653 2.433333 0.380081 -0.294025 1.679686 0.833255 -14.218195 0.093215 1.300579 -34.212002 -0.287561 0.967166 -20.033176 0.964536 1.212838 0.000000 -0.000000 0.000000 -3.440387 0.788233 0.501655 -15.928172 -3.167306 2.999703 -6.338817 -0.000000 0.000001 -18.123419 3.648181 -4.905662 -0.000004 0.000000 -0.000002 1.500770 16.463730 4.619794 81.112434 16.545359 -42.165688 173.695068 57.581543 173.478897 -29.849876 8.096561 9.005523 2.243540 -5.255033 -3.180156 14.282877 -0.826594 6.952496 -0.000000 -12.690593 -0.000001 14.061093 -18.021841 3.797043 1.665665 -1.955920 -2.878297 4.727794 -4.170584 4.993919 11.020511 0.000001 -0.000000 12.109032 -3.735715 -2.866778 0.000000 -0.000000 0.000000 1.291985 -1.928548 -1.498088 14.800115 0.567467 3.865604 14.242553 -1.341738 -6.660648 19.631935 0.143921 -0.648243 49.336456 -0.035536 -6.319095 0.353029 -1.511150 -0.031940 20.222769 3.684305 2.316629 18.787249 0.000001 -0.000001 10.751608 -0.479870 1.397903 0.000000 -0.000000 0.000000 3.273804 0.305947 -0.580110 21.486790 11.830364 2.266131 8.162915 0.000000 -0.000000 18.399052 -3.798986 -4.940567 0.000003 0.000000 -0.000001 24.664011 -55.531536 -52.367035 16.494734 30.068241 81.818420 -21.773443 13.538283 -22.003151 0.943855 -1.085122 -1.273031 0.000000 -0.000000 0.000002 2.277012 -41.925537 -69.961494 6.213396 6.117383 101.256905 10.045617 10.933614 -7.883817 -1.538909 1.136204 -5.721183 0.000000 -0.000000 -0.000001
0.000000 0.000000 0.000000 0.000000 -0.000000 0.000000 -8.305034 -83.310191 102.875546 -37.578777 -15.929258 108.720009 2.283392 -0.699188 0.720628 0.808919 0.764372 -2.333903 13.284818 1.507335 13.316109 5.778872 4.018615 -11.617337 3.252749 -0.405665 -4.140812 1.223953 -2.507242 -44.365540 0.000077 -0.000022 0.000006 -0.555278 0.526883 0.001187 -0.090044 -3.050080 -9.526380 -1.022869 4.107228 -9.752066 9.668774 3.281828 8.738334 -78.827003 23.788488 -104.131165 177.504776 -30.657513 179.584457 40.040230 12.286429 -15.101110 -5.882102 9.861279 0.702590 -10.936861 -0.360574 7.156197 0.000000 8.774815 -0.000000 -13.339061 16.716764 6.769592 -1.844031 2.498503 -2.507276 -10.163590 4.678941 4.621104 -20.975996 -0.000001 0.000001 -21.226254 2.451698 -3.593995 0.000000 -0.000006 -0.000000 -1.362681 2.240797 -0.746323 -21.334892 0.584910 3.008319 -13.821196 -0.000001 0.000001 -23.887129 -0.249075 -0.839485 -58.518356 2.412722 0.542096 -0.294025 1.679686 0.833255 -14.218195 0.093215 1.300579 -34.212002 -0.287561 0.967166 -20.033176 0.964536 1.212838 0.000000 -0.000000 0.000000 -3.440387 0.788233 0.501655 -15.928172 -3.167306 2.999703 -6.338817 -0.000000 0.000001 -18.123419 3.648181 -4.905662 -0.000004 0.000000 -0.000002 1.574684 16.037531 4.688496 81.905968 16.313004 -41.195446 175.277908 56.764908 174.510849 -28.502380 7.689133 9.138429 2.243540 -5.255033 -3.180156 14.282877 -0.826594 6.952496 -0.000000 -12.690593 -0.000001 14.101299 -17.935114 3.782518 1.665665 -1.955920 -2.878297 4.727794 -4.170584 4.993919 11.020511 0.000001 -0.000000 12.109032 -3.735715 -2.866778 0.000000 -0.000000 0.000000 1.291985 -1.928548 -1.498088 14.800115 0.567467 3.865604 14.242553 -1.341738 -6.660648 19.631935 0.143921 -0.648243 49.194725 0.048822 -6.410995 0.353029 -1.511150 -0.031940 20.222769 3.684305 2.316629 18.787249 0.000001 -0.000001 10.751608 -0.479870 1.397903 0.000000 -0.000000 0.000000 3.273804 0.305947 -0.580110 21.486790 11.830364 2.266131 8.162915 0.000000 -0.000000 18.399052 -3.798986 -4.940567 0.000003 0.000000 -0.000001 25.923788 -54.923046 -53.472275 16.056229 29.135153 78.521271 -21.518684 13.003707 -19.908651 1.042803 -0.986180 -2.158288 0.000000 -0.000000 0.000002 4.324922 -42.194378 -71.532753 6.307160 5.309974 100.910355 11.454946 15.079560 -7.034782 -1.561364 1.222306 -5.645050 0.000000 -0.000000 -0.000001
0.000000 0.000000 0.000000 0.000000 -0.000000 0.000000 -8.085979 -83.447860 103.092465 -38.549244 -16.655100 109.450180 2.093460 -0.519923 1.233094 0.660464 0.777259 -2.237854 12.300791 1.762065 13.331159 5.050881 3.858498 -10.725446 2.710191 -0.963677 -4.072879 0.996655 -3.652131 -44.503544 0.000077 -0.000022 0.000006 -0.640882 0.582781 -0.023733 -0.199639 -2.947035 -9.404525 -1.086945 4.115516 -9.619945 9.485354 3.584760 8.174811 -79.808594 23.974310 -106.123482 176.298981 -30.957375 179.955139 39.160641 12.754213 -15.899568 -5.882102 9.861279 0.702590 -10.936861 -0.360574 7.156197 0.000000 8.774815 -0.000000 -13.272164 16.765259 6.869969 -1.844031 2.498503 -2.507276 -10.163590 4.678941 4.621104 -20.975996 -0.000001 0.000001 -21.226254 2.451698 -3.593995 0.000000 -0.000006 -0.000000 -1.362681 2.240797 -0.746323 -21.334892 0.584910 3.008319 -13.821196 -0.000001 0.000001 -23.887129 -0.249075 -0.839485 -58.633980 2.381869 0.585401 -0.294025 1.679686 0.833255 -14.218195 0.093215 1.300579 -34.212002 -0.287561 0.967166 -20.033176 0.964536 1.212838 0.000000 -0.000000 0.000000 -3.440387 0.788233 0.501655 -15.928172 -3.167306 2.999703 -6.338817 -0.000000 0.000001 -18.123419 3.648181 -4.905662 -0.000004 0.000000 -0.000002 1.583619 15.721349 4.482901 82.948402 16.307241 -40.425026 176.577103 55.785347 175.353561 -27.229374 7.321239 9.859110 2.243540 -5.255033 -3.180156 14.282877 -0.826594 6.952496 -0.000000 -12.690593 -0.000001 14.109645 -17.782206 3.840399 1.665665 -1.955920 -2.878297 4.727794 -4.170584 4.993919 11.020511 0.000001 -0.000000 12.109032 -3.735715 -2.866778 0.000000 -0.000000 0.000000 1.291985 -1.928548 -1.498088 14.800115 0.567467 3.865604 14.242553 -1.341738 -6.660648 19.631935 0.143921 -0.648243 48.860111 0.069747 -6.426396 0.353029 -1.511150 -0.031940 20.222769 3.684305 2.316629 18.787249 0.000001 -0.000001 10.751608 -0.479870 1.397903 0.000000 -0.000000 0.000000 3.273804 0.305947 -0.580110 21.486790 11.830364 2.266131 8.162915 0.000000 -0.000000 18.399052 -3.798986 -4.940567 0.000003 0.000000 -0.000001 27.088520 -54.126320 -54.841991 15.496737 27.948696 75.533089 -20.982635 11.497911 -16.902609 1.184198 -0.914292 -4.160216 0.000000 -0.000000 0.000002 6.343637 -42.029469 -72.989403 6.416294 4.537689 99.736549 13.252410 20.536905 -6.050385 -1.568227 1.351562 -5.504940 0.000000 -0.000000 -0.000001
0.000000 0.000000 0.000000 0.000000 -0.000000 0.000000 -7.879849 -83.514319 103.377542 -39.626671 -17.495749 110.162689 1.742522 -0.334804 1.620214 0.612088 0.880222 -2.130255 11.501210 1.921067 13.459311 4.300117 3.860490 -10.171638 2.532578 -1.539487 -4.018217 0.608746 -4.662834 -45.165676 0.000077 -0.000022 0.000006 -0.719241 0.652106 -0.010101 -0.315479 -2.837770 -9.185833 -1.131311 4.140197 -9.376461 9.271926 3.804420 7.385221 -80.603989 23.786005 -108.820671 176.299820 -31.602453 179.822632 38.188885 13.725160 -17.101521 -5.882102 9.861279 0.702590 -10.936861 -0.360574 7.156197 0.000000 8.774815 -0.000000 -13.121701 16.752300 6.934475 -1.844031 2.498503 -2.507276 -10.163590 4.678941 4.621104 -20.975996 -0.000001 0.000001 -21.226254 2.451698 -3.593995 0.000000 -0.000006 -0.000000 -1.362681 2.240797 -0.746323 -21.334892 0.584910 3.008319 -13.821196 -0.000001 0.000001 -23.887129 -0.249075 -0.839485 -58.582355 2.464271 0.649440 -0.294025 1.679686 0.833255 -14.218195 0.093215 1.300579 -34.212002 -0.287561 0.967166 -20.033176 0.964536 1.212838 0.000000 -0.000000 0.000000 -3.440387 0.788233 0.501655 -15.928172 -3.167306 2.999703 -6.338817 -0.000000 0.000001 -18.123419 3.648181 -4.905662 -0.000004 0.000000 -0.000002 1.372746 15.752976 4.013199 84.130859 16.256397 -40.223209 177.392746 54.504738 176.169373 -26.238997 6.982634 11.053452 2.243540 -5.255033 -3.180156 14.282877 -0.826594 6.952496 -0.000000 -12.690593 -0.000001 13.728994 -17.659014 3.950062 1.665665 -1.955920 -2.878297 4.727794 -4.170584 4.993919 11.020511 0.000001 -0.000000 12.109032 -3.735715 -2.866778 0.000000 -0.000000 0.000000 1.291985 -1.928548 -1.498088 14.800115 0.567467 3.865604 14.242553 -1.341738 -6.660648 19.631935 0.143921 -0.648243 48.134445 0.028631 -6.482251 0.353029 -1.511150 -0.031940 20.222769 3.684305 2.316629 18.787249 0.000001 -0.000001 10.751608 -0.479870 1.397903 0.000000 -0.000000 0.000000 3.273804 0.305947 -0.580110 21.486790 11.830364 2.266131 8.162915 0.000000 -0.000000 18.399052 -3.798986 -4.940567 0.000003 0.000000 -0.000001 27.492868 -53.227222 -55.767025 14.824760 27.097197 73.603783 -21.061260 7.871441 -13.083610 1.298382 -0.956068 -6.095336 0.000000 -0.000000 0.000002 7.874826 -41.417580 -74.011711 6.465653 3.799787 98.269943 15.095251 25.211998 -4.977865 -1.388672 1.408511 -5.906088 0.000000 -0.000000 -0.000001
0.000000 0.000000 0.000000 0.000000 -0.000000 0.000000 -7.606272 -83.444034 103.684569 -40.694237 -18.478018 110.684280 1.534310 -0.177434 1.884357 0.590370 0.817435 -1.965818 10.353453 2.203542 13.814161 3.763970 4.029135 -9.985845 2.494007 -2.073827 -4.039018 0.577859 -5.179658 -45.885944 0.000077 -0.000022 0.000006 -0.802367 0.611121 0.006491 -0.441030 -2.850812 -9.017912 -1.169552 4.066958 -9.182365 9.285722 3.783453 7.023604 -81.533890 23.176193 -110.456009 175.917038 -32.087681 -179.895081 37.377041 14.288197 -17.897539 -5.882102 9.861279 0.702590 -10.936861 -0.360574 7.156197 0.000000 8.774815 -0.000000 -13.284692 16.607038 6.811715 -1.844031 2.498503 -2.507276 -10.163590 4.678941 4.621104 -20.975996 -0.000001 0.000001 -21.226254 2.451698 -3.593995 0.000000 -0.000006 -0.000000 -1.362681 2.240797 -0.746323 -21.334892 0.584910 3.008319 -13.821196 -0.000001 0.000001 -23.887129 -0.249075 -0.839485 -58.578579 2.591725 0.545620 -0.294025 1.679686 0.833255 -14.218195 0.093215 1.300579 -34.212002 -0.287561 0.967166 -20.033176 0.964536 1.212838 0.000000 -0.000000 0.000000 -3.440387 0.788233 0.501655 -15.928172 -3.167306 2.999703 -6.338817 -0.000000 0.000001 -18.123419 3.648181 -4.905662 -0.000004 0.000000 -0.000002 1.053370 16.022848 3.736552 85.247589 16.543211 -40.178799 178.176453 53.194817 177.033371 -25.392519 6.756776 12.089183 2.243540 -5.255033 -3.180156 14.282877 -0.826594 6.952496 -0.000000 -12.690593 -0.000001 13.838048 -17.593250 3.849897 1.665665 -1.955920 -2.878297 4.727794 -4.170584 4.993919 11.020511 0.000001 -0.000000 12.109032 -3.735715 -2.866778 0.000000 -0.000000 0.000000 1.291985 -1.928548 -1.498088 14.800115 0.567467 3.865604 14.242553 -1.341738 -6.660648 19.631935 0.143921 -0.648243 47.883198 -0.091488 -6.607662 0.353029 -1.511150 -0.031940 20.222769 3.684305 2.316629 18.787249 0.000001 -0.000001 10.751608 -0.479870 1.397903 0.000000 -0.000000 0.000000 3.273804 0.305947 -0.580110 21.486790 11.830364 2.266131 8.162915 0.000000 -0.000000 18.399052 -3.798986 -4.940567 0.000003 0.000000 -0.000001 26.300806 -52.646572 -55.842697 14.498639 26.625523 72.691231 -21.077408 5.643763 -10.778193 1.387752 -0.941977 -6.501322 0.000000 -0.000000 0.000002 8.595016 -40.410629 -74.292870 6.199713 3.280663 97.017097 17.170000 28.189524 -3.296671 -1.160132 1.513410 -7.116763 0.000000 -0.000000 -0.000001
0.000000 0.000000 0.000000 0.000000 -0.000000 0.000000 -7.332259 -83.452807 103.960507 -41.135021 -19.552961 110.742424 1.318006 -0.177552 2.144937 0.471207 0.748130 -1.808765 9.552749 2.210351 14.163628 3.510530 4.063078 -9.923211 2.478683 -2.430468 -4.051293 0.482860 -5.859041 -46.801323 0.000077 -0.000022 0.000006 -0.812456 0.552901 0.009175 -0.480427 -2.893522 -8.899226 -1.147283 3.991309 -9.048530 9.203356 3.630550 7.081530 -82.556984 22.224520 -111.113747 175.391846 -32.328053 -179.529510 36.959450 14.546082 -18.068453 -5.882102 9.861279 0.702590 -10.936861 -0.360574 7.156197 0.000000 8.774815 -0.000000 -13.414256 16.768581 6.840997 -1.844031 2.498503 -2.507276 -10.163590 4.678941 4.621104 -20.975996 -0.000001 0.000001 -21.226254 2.451698 -3.593995 0.000000 -0.000006 -0.000000 -1.362681 2.240797 -0.746323 -21.334892 0.584910 3.008319 -13.821196 -0.000001 0.000001 -23.887129 -0.249075 -0.839485 -59.092270 2.622760 0.423038 -0.294025 1.679686 0.833255 -14.218195 0.093215 1.300579 -34.212002 -0.287561 0.967166 -20.033176 0.964536 1.212838 0.000000 -0.000000 0.000000 -3.440387 0.788233 0.501655 -15.928172 -3.167306 2.999703 -6.338817 -0.000000 0.000001 -18.123419 3.648181 -4.905662 -0.000004 0.000000 -0.000002 1.056738 16.442490 3.730494 85.684669 16.752354 -40.496948 178.591400 52.134186 177.669693 -24.694761 6.745542 13.191337 2.243540 -5.255033 -3.180156 14.282877 -0.826594 6.952496 -0.000000 -12.690593 -0.000001 14.186632 -17.742085 3.748482 1.665665 -1.955920 -2.878297 4.727794 -4.170584 4.993919 11.020511 0.000001 -0.000000 12.109032 -3.735715 -2.866778 0.000000 -0.000000 0.000000 1.291985 -1.928548 -1.498088 14.800115 0.567467 3.865604 14.242553 -1.341738 -6.660648 19.631935 0.143921 -0.648243 48.171001 -0.293715 -6.737358 0.353029 -1.511150 -0.031940 20.222769 3.684305 2.316629 18.787249 0.000001 -0.000001 10.751608 -0.479870 1.397903 0.000000 -0.000000 0.000000 3.273804 0.305947 -0.580110 21.486790 11.830364 2.266131 8.162915 0.000000 -0.000000 18.399052 -3.798986 -4.940567 0.000003 0.000000 -0.000001 25.015972 -52.739826 -55.717224 14.334156 26.544878 71.992691 -21.206261 4.785285 -9.769354 1.322716 -0.938150 -6.554160 0.000000 -0.000000 0.000002 8.519811 -39.755383 -74.041527 6.074028 2.813874 96.104218 18.684753 29.443003 -2.586944 -1.110958 1.533632 -8.249362 0.000000 -0.000000 -0.000001
0.000000 0.000000 0.000000 0.000000 -0.000000 0.000000 -7.156084 -83.547960 104.130103 -41.205006 -20.448172 110.637016 1.116032 -0.311729 2.377222 0.377831 0.674762 -1.710231 8.982340 2.079883 14.377748 3.528393 4.064342 -9.773089 2.504267 -2.704012 -4.089079 0.354888 -6.499984 -47.746300 0.000077 -0.000022 0.000006 -0.799411 0.500954 0.015132 -0.507355 -2.936051 -8.806970 -1.093669 3.929239 -8.952557 9.067249 3.552303 7.236270 -83.565208 21.491116 -111.637459 175.038086 -32.419712 -179.252258 36.643612 14.767721 -18.448896 -5.882102 9.861279 0.702590 -10.936861 -0.360574 7.156197 0.000000 8.774815 -0.000000 -13.452545 16.981876 6.958188 -1.844031 2.498503 -2.507276 -10.163590 4.678941 4.621104 -20.975996 -0.000001 0.000001 -21.226254 2.451698 -3.593995 0.000000 -0.000006 -0.000000 -1.362681 2.240797 -0.746323 -21.334892 0.584910 3.008319 -13.821196 -0.000001 0.000001 -23.887129 -0.249075 -0.839485 -59.470951 2.679558 0.365911 -0.294025 1.679686 0.833255 -14.218195 0.093215 1.300579 -34.212002 -0.287561 0.967166 -20.033176 0.964536 1.212838 0.000000 -0.000000 0.000000 -3.440387 0.788233 0.501655 -15.928172 -3.167306 2.999703 -6.338817 -0.000000 0.000001 -18.123419 3.648181 -4.905662 -0.000004 0.000000 -0.000002 1.322472 16.776693 3.969071 85.694450 17.049110 -41.104378 178.626480 51.452568 177.903946 -23.950470 6.735186 14.051173 2.243540 -5.255033 -3.180156 14.282877 -0.826594 6.952496 -0.000000 -12.690593 -0.000001 14.491940 -17.817265 3.676155 1.665665 -1.955920 -2.878297 4.727794 -4.170584 4.993919 11.020511 0.000001 -0.000000 12.109032 -3.735715 -2.866778 0.000000 -0.000000 0.000000 1.291985 -1.928548 -1.498088 14.800115 0.567467 3.865604 14.242553 -1.341738 -6.660648 19.631935 0.143921 -0.648243 48.495293 -0.426247 -6.813817 0.353029 -1.511150 -0.031940 20.222769 3.684305 2.316629 18.787249 0.000001 -0.000001 10.751608 -0.479870 1.397903 0.000000 -0.000000 0.000000 3.273804 0.305947 -0.580110 21.486790 11.830364 2.266131 8.162915 0.000000 -0.000000 18.399052 -3.798986 -4.940567 0.000003 0.000000 -0.000001 24.039951 -53.106750 -55.657238 14.276264 26.395308 71.450012 -21.627090 3.950233 -8.848116 1.241682 -0.936246 -6.459778 0.000000 -0.000000 0.000002 8.017997 -39.455666 -73.607162 5.974711 2.681995 95.611488 19.590061 29.824360 -2.616757 -1.102682 1.505230 -8.668265 0.000000 -0.000000 -0.000001
0.000000 0.000000 0.000000 0.000000 -0.000000 0.000000 -7.014967 -83.640955 104.215024 -41.049248 -21.214809 110.423965 0.927532 -0.529193 2.600657 0.275467 0.656526 -1.632754 8.596992 1.889886 14.474397 3.697315 4.002637 -9.569845 2.552904 -2.912174 -4.121235 0.167506 -7.104121 -48.598351 0.000077 -0.000022 0.000006 -0.762176 0.462497 0.032333 -0.513382 -2.966276 -8.728242 -1.013044 3.882170 -8.872992 8.939507 3.477218 7.373334 -84.355843 20.952583 -111.770386 174.728378 -32.440994 -178.999329 36.479034 14.866660 -19.059263 -5.882102 9.861279 0.702590 -10.936861 -0.360574 7.156197 0.000000 8.774815 -0.000000 -13.581991 17.141790 7.044773 -1.844031 2.498503 -2.507276 -10.163590 4.678941 4.621104 -20.975996 -0.000001 0.000001 -21.226254 2.451698 -3.593995 0.000000 -0.000006 -0.000000 -1.362681 2.240797 -0.746323 -21.334892 0.584910 3.008319 -13.821196 -0.000001 0.000001 -23.887129 -0.249075 -0.839485 -59.697056 2.695872 0.373198 -0.294025 1.679686 0.833255 -14.218195 0.093215 1.300579 -34.212002 -0.287561 0.967166 -20.033176 0.964536 1.212838 0.000000 -0.000000 0.000000 -3.440387 0.788233 0.501655 -15.928172 -3.167306 2.999703 -6.338817 -0.000000 0.000001 -18.123419 3.648181 -4.905662 -0.000004 0.000000 -0.000002 1.708193 16.974710 4.222114 85.512825 17.456594 -41.617401 178.653625 51.173164 178.082291 -23.225435 6.858742 14.421122 2.243540 -5.255033 -3.180156 14.282877 -0.826594 6.952496 -0.000000 -12.690593 -0.000001 14.657929 -17.829355 3.650857 1.665665 -1.955920 -2.878297 4.727794 -4.170584 4.993919 11.020511 0.000001 -0.000000 12.109032 -3.735715 -2.866778 0.000000 -0.000000 0.000000 1.291985 -1.928548 -1.498088 14.800115 0.567467 3.865604 14.242553 -1.341738 -6.660648 19.631935 0.143921 -0.648243 48.685574 -0.478543 -6.805779 0.353029 -1.511150 -0.031940 20.222769 3.684305 2.316629 18.787249 0.000001 -0.000001 10.751608 -0.479870 1.397903 0.000000 -0.000000 0.000000 3.273804 0.305947 -0.580110 21.486790 11.830364 2.266131 8.162915 0.000000 -0.000000 18.399052 -3.798986 -4.940567 0.000003 0.000000 -0.000001 23.206326 -53.624470 -55.591644 14.200784 26.214317 71.027252 -22.074148 3.578753 -8.371036 1.167152 -0.945282 -6.280703 0.000000 -0.000000 0.000002 7.394024 -39.294254 -73.245987 5.899900 2.730781 95.343414 20.101585 29.912899 -2.872028 -1.100892 1.466519 -9.041602 0.000000 -0.000000 -0.000001
0.000000 0.000000 0.000000 0.000000 -0.000000 0.000000 -6.916956 -83.736996 104.262996 -40.847191 -21.852051 110.211769 0.747982 -0.723828 2.793868 0.195521 0.565759 -1.563392 8.257957 1.680016 14.603436 4.167279 3.868441 -9.380770 2.298012 -2.927272 -4.151767 0.266251 -7.508661 -49.271767 0.000077 -0.000022 0.000006 -0.732083 0.443397 0.016851 -0.523913 -2.980361 -8.745956 -0.940955 3.860026 -8.886115 8.659975 3.565803 7.563960 -84.770798 20.376406 -111.612968 174.453461 -32.444695 -179.163742 36.501865 14.420430 -19.565561 -5.882102 9.861279 0.702590 -10.936861 -0.360574 7.156197 0.000000 8.774815 -0.000000 -13.593554 17.334568 7.050724 -1.844031 2.498503 -2.507276 -10.163590 4.678941 4.621104 -20.975996 -0.000001 0.000001 -21.226254 2.451698 -3.593995 0.000000 -0.000006 -0.000000 -1.362681 2.240797 -0.746323 -21.334892 0.584910 3.008319 -13.821196 -0.000001 0.000001 -23.887129 -0.249075 -0.839485 -59.749374 2.765556 0.224385 -0.294025 1.679686 0.833255 -14.218195 0.093215 1.300579 -34.212002 -0.287561 0.967166 -20.033176 0.964536 1.212838 0.000000 -0.000000 0.000000 -3.440387 0.788233 0.501655 -15.928172 -3.167306 2.999703 -6.338817 -0.000000 0.000001 -18.123419 3.648181 -4.905662 -0.000004 0.000000 -0.000002 2.171741 17.296865 4.369890 85.259361 17.948677 -42.282883 178.438782 51.138527 178.057358 -22.168188 6.930806 14.101159 2.243540 -5.255033 -3.180156 14.282877 -0.826594 6.952496 -0.000000 -12.690593 -0.000001 14.563787 -17.670080 3.645593 1.665665 -1.955920 -2.878297 4.727794 -4.170584 4.993919 11.020511 0.000001 -0.000000 12.109032 -3.735715 -2.866778 0.000000 -0.000000 0.000000 1.291985 -1.928548 -1.498088 14.800115 0.567467 3.865604 14.242553 -1.341738 -6.660648 19.631935 0.143921 -0.648243 48.606289 -0.516623 -6.758254 0.353029 -1.511150 -0.031940 20.222769 3.684305 2.316629 18.787249 0.000001 -0.000001 10.751608 -0.479870 1.397903 0.000000 -0.000000 0.000000 3.273804 0.305947 -0.580110 21.486790 11.830364 2.266131 8.162915 0.000000 -0.000000 18.399052 -3.798986 -4.940567 0.000003 0.000000 -0.000001 22.225471 -54.193825 -55.294472 14.068004 25.929008 70.583786 -22.207041 3.933719 -8.484150 1.146565 -0.920584 -6.647736 0.000000 -0.000000 0.000002 6.540016 -39.153008 -72.963593 5.763731 2.599286 95.244049 20.414770 29.762423 -4.139293 -1.110824 1.408252 -8.675609 0.000000 -0.000000 -0.000001
0.000000 0.000000 0.000000 0.000000 -0.000000 0.000000 -6.846014 -83.707987 104.274299 -40.607128 -22.373766 110.077263 0.551755 -0.946134 2.953633 0.141614 0.557064 -1.501623 8.068567 1.574346 14.634276 4.423071 3.773741 -9.312175 2.388972 -3.037094 -4.159684 0.163374 -7.947528 -49.623470 0.000077 -0.000022 0.000006 -0.727065 0.426055 0.027138 -0.530038 -2.992586 -8.724005 -0.924792 3.838837 -8.858974 8.586293 3.492673 7.482345 -84.942261 20.266777 -111.286926 174.236938 -32.498814 -179.126404 36.705029 14.438169 -19.913439 -5.882102 9.861279 0.702590 -10.936861 -0.360574 7.156197 0.000000 8.774815 -0.000000 -13.806456 17.372742 7.006816 -1.844031 2.498503 -2.507276 -10.163590 4.678941 4.621104 -20.975996 -0.000001 0.000001 -21.226254 2.451698 -3.593995 0.000000 -0.000006 -0.000000 -1.362681 2.240797 -0.746323 -21.334892 0.584910 3.008319 -13.821196 -0.000001 0.000001 -23.887129 -0.249075 -0.839485 -59.778862 2.771705 0.220958 -0.294025 1.679686 0.833255 -14.218195 0.093215 1.300579 -34.212002 -0.287561 0.967166 -20.033176 0.964536 1.212838 0.000000 -0.000000 0.000000 -3.440387 0.788233 0.501655 -15.928172 -3.167306 2.999703 -6.338817 -0.000000 0.000001 -18.123419 3.648181 -4.905662 -0.000004 0.000000 -0.000002 2.410582 17.251392 4.435950 85.173454 18.554514 -42.424767 178.506119 51.264542 178.147598 -21.129057 7.236271 14.012294 2.243540 -5.255033 -3.180156 14.282877 -0.826594 6.952496 -0.000000 -12.690593 -0.000001 14.559483 -17.587887 3.649126 1.665665 -1.955920 -2.878297 4.727794 -4.170584 4.993919 11.020511 0.000001 -0.000000 12.109032 -3.735715 -2.866778 0.000000 -0.000000 0.000000 1.291985 -1.928548 -1.498088 14.800115 0.567467 3.865604 14.242553 -1.341738 -6.660648 19.631935 0.143921 -0.648243 48.513485 -0.479214 -6.741003 0.353029 -1.511150 -0.031940 20.222769 3.684305 2.316629 18.787249 0.000001 -0.000001 10.751608 -0.479870 1.397903 0.000000 -0.000000 0.000000 3.273804 0.305947 -0.580110 21.486790 11.830364 2.266131 8.162915 0.000000 -0.000000 18.399052 -3.798986 -4.940567 0.000003 0.000000 -0.000001 21.783720 -54.659458 -55.358952 14.051416 25.767836 70.284859 -22.457359 4.137296 -8.459478 1.120930 -0.938011 -6.486921 0.000000 -0.000000 0.000002 6.064091 -39.123695 -72.978806 5.805188 2.805087 95.333641 20.200584 29.280079 -5.083603 -1.145044 1.349352 -8.833046 0.000000 -0.000000 -0.000001
0.000000 0.000000 0.000000 0.000000 -0.000000 0.000000 -6.796095 -83.688842 104.299639 -40.479824 -22.732773 110.038475 0.358420 -1.091867 3.110760 0.121256 0.521714 -1.446613 7.915588 1.558146 14.710030 4.785372 3.776523 -9.300564 2.349771 -3.226532 -4.157137 0.238118 -8.342360 -49.931995 0.000077 -0.000022 0.000006 -0.735431 0.429758 0.035766 -0.546329 -2.978193 -8.692035 -0.925643 3.832838 -8.819932 8.602540 3.396271 7.416348 -85.004044 20.167036 -111.378716 174.148773 -32.722103 -179.087326 37.041759 14.580446 -20.316547 -5.882102 9.861279 0.702590 -10.936861 -0.360574 7.156197 0.000000 8.774815 -0.000000 -13.953281 17.290094 6.957789 -1.844031 2.498503 -2.507276 -10.163590 4.678941 4.621104 -20.975996 -0.000001 0.000001 -21.226254 2.451698 -3.593995 0.000000 -0.000006 -0.000000 -1.362681 2.240797 -0.746323 -21.334892 0.584910 3.008319 -13.821196 -0.000001 0.000001 -23.887129 -0.249075 -0.839485 -59.709774 2.721383 0.239367 -0.294025 1.679686 0.833255 -14.218195 0.093215 1.300579 -34.212002 -0.287561 0.967166 -20.033176 0.964536 1.212838 0.000000 -0.000000 0.000000 -3.440387 0.788233 0.501655 -15.928172 -3.167306 2.999703 -6.338817 -0.000000 0.000001 -18.123419 3.648181 -4.905662 -0.000004 0.000000 -0.000002 2.604031 17.155523 4.424761 85.095497 19.164549 -42.409817 178.684814 51.392483 178.200912 -20.067150 7.561946 13.836383 2.243540 -5.255033 -3.180156 14.282877 -0.826594 6.952496 -0.000000 -12.690593 -0.000001 14.493194 -17.568216 3.681051 1.665665 -1.955920 -2.878297 4.727794 -4.170584 4.993919 11.020511 0.000001 -0.000000 12.109032 -3.735715 -2.866778 0.000000 -0.000000 0.000000 1.291985 -1.928548 -1.498088 14.800115 0.567467 3.865604 14.242553 -1.341738 -6.660648 19.631935 0.143921 -0.648243 48.488785 -0.441134 -6.715977 0.353029 -1.511150 -0.031940 20.222769 3.684305 2.316629 18.787249 0.000001 -0.000001 10.751608 -0.479870 1.397903 0.000000 -0.000000 0.000000 3.273804 0.305947 -0.580110 21.486790 11.830364 2.266131 8.162915 0.000000 -0.000000 18.399052 -3.798986 -4.940567 0.000003 0.000000 -0.000001 21.511482 -55.013969 -55.450939 14.062734 25.648865 70.019119 -22.564066 4.354198 -8.374318 1.102290 -0.953873 -6.417097 0.000000 -0.000000 0.000002 5.785244 -39.068699 -73.034569 5.889603 3.028869 95.364548 20.055069 29.195753 -5.858058 -1.148963 1.331577 -8.979874 0.000000 -0.000000 -0.000001
0.000000 0.000000 0.000000 0.000000 -0.000000 0.000000 -6.749524 -83.664886 104.339015 -40.410374 -22.976051 110.025436 0.185663 -1.185350 3.256967 0.092848 0.470676 -1.383365 7.822695 1.560050 14.826599 5.168362 3.814229 -9.274918 2.286009 -3.405402 -4.154284 0.296761 -8.661419 -50.240795 0.000077 -0.000022 0.000006 -0.738748 0.443497 0.037257 -0.559054 -2.954482 -8.668065 -0.920373 3.836471 -8.796106 8.624755 3.277182 7.445315 -85.021461 20.060919 -111.712242 174.046570 -33.053837 -179.044922 37.481426 14.791333 -20.670431 -5.882102 9.861279 0.702590 -10.936861 -0.360574 7.156197 0.000000 8.774815 -0.000000 -14.013015 17.141045 6.920506 -1.844031 2.498503 -2.507276 -10.163590 4.678941 4.621104 -20.975996 -0.000001 0.000001 -21.226254 2.451698 -3.593995 0.000000 -0.000006 -0.000000 -1.362681 2.240797 -0.746323 -21.334892 0.584910 3.008319 -13.821196 -0.000001 0.000001 -23.887129 -0.249075 -0.839485 -59.583496 2.677207 0.255613 -0.294025 1.679686 0.833255 -14.218195 0.093215 1.300579 -34.212002 -0.287561 0.967166 -20.033176 0.964536 1.212838 0.000000 -0.000000 0.000000 -3.440387 0.788233 0.501655 -15.928172 -3.167306 2.999703 -6.338817 -0.000000 0.000001 -18.123419 3.648181 -4.905662 -0.000004 0.000000 -0.000002 2.680630 17.087896 4.340009 85.126808 19.681087 -42.317093 178.975723 51.449776 178.375885 -19.004002 7.798283 13.350870 2.243540 -5.255033 -3.180156 14.282877 -0.826594 6.952496 -0.000000 -12.690593 -0.000001 14.385791 -17.566368 3.713264 1.665665 -1.955920 -2.878297 4.727794 -4.170584 4.993919 11.020511 0.000001 -0.000000 12.109032 -3.735715 -2.866778 0.000000 -0.000000 0.000000 1.291985 -1.928548 -1.498088 14.800115 0.567467 3.865604 14.242553 -1.341738 -6.660648 19.631935 0.143921 -0.648243 48.487930 -0.375287 -6.692605 0.353029 -1.511150 -0.031940 20.222769 3.684305 2.316629 18.787249 0.000001 -0.000001 10.751608 -0.479870 1.397903 0.000000 -0.000000 0.000000 3.273804 0.305947 -0.580110 21.486790 11.830364 2.266131 8.162915 0.000000 -0.000000 18.399052 -3.798986 -4.940567 0.000003 0.000000 -0.000001 21.339979 -55.282089 -55.508018 14.063152 25.570898 69.766251 -22.630337 4.560239 -8.273610 1.087541 -0.968335 -6.424238 0.000000 -0.000000 0.000002 5.620452 -39.028336 -73.061768 5.989477 3.249616 95.351845 19.960510 29.440630 -6.567688 -1.156988 1.342088 -8.960938 0.000000 -0.000000 -0.000001
0.000000 0.000000 0.000000 0.000000 -0.000000 0.000000 -6.748733 -83.625411 104.375314 -40.167194 -23.180740 109.890450 0.053516 -1.305872 3.424018 -0.074766 0.494656 -1.378764 8.112141 1.524059 14.956965 5.439745 3.642661 -9.278544 2.286677 -3.517228 -4.121263 0.215274 -9.073001 -50.607986 0.000077 -0.000022 0.000006 -0.675928 0.419135 0.048522 -0.478178 -2.975818 -8.646793 -0.877045 3.809217 -8.779306 8.464384 3.040755 7.570522 -84.834274 19.924870 -111.946297 174.098007 -33.457882 -178.999344 38.175137 14.944620 -20.854630 -5.882102 9.861279 0.702590 -10.936861 -0.360574 7.156197 0.000000 8.774815 -0.000000 -13.762709 17.048435 7.039163 -1.844031 2.498503 -2.507276 -10.163590 4.678941 4.621104 -20.975996 -0.000001 0.000001 -21.226254 2.451698 -3.593995 0.000000 -0.000006 -0.000000 -1.362681 2.240797 -0.746323 -21.334892 0.584910 3.008319 -13.821196 -0.000001 0.000001 -23.887129 -0.249075 -0.839485 -59.669044 2.469671 0.312563 -0.294025 1.679686 0.833255 -14.218195 0.093215 1.300579 -34.212002 -0.287561 0.967166 -20.033176 0.964536 1.212838 0.000000 -0.000000 0.000000 -3.440387 0.788233 0.501655 -15.928172 -3.167306 2.999703 -6.338817 -0.000000 0.000001 -18.123419 3.648181 -4.905662 -0.000004 0.000000 -0.000002 2.699668 16.938656 4.261443 85.164558 20.092852 -41.990227 179.476410 51.520535 178.939285 -18.147118 7.942533 12.654067 2.243540 -5.255033 -3.180156 14.282877 -0.826594 6.952496 -0.000000 -12.690593 -0.000001 14.167675 -17.744345 3.839626 1.665665 -1.955920 -2.878297 4.727794 -4.170584 4.993919 11.020511 0.000001 -0.000000 12.109032 -3.735715 -2.866778 0.000000 -0.000000 0.000000 1.291985 -1.928548 -1.498088 14.800115 0.567467 3.865604 14.242553 -1.341738 -6.660648 19.631935 0.143921 -0.648243 48.667706 -0.401992 -6.641761 0.353029 -1.511150 -0.031940 20.222769 3.684305 2.316629 18.787249 0.000001 -0.000001 10.751608 -0.479870 1.397903 0.000000 -0.000000 0.000000 3.273804 0.305947 -0.580110 21.486790 11.830364 2.266131 8.162915 0.000000 -0.000000 18.399052 -3.798986 -4.940567 0.000003 0.000000 -0.000001 21.416426 -55.657471 -55.633369 13.957888 25.619026 69.450172 -23.050177 4.734822 -8.335498 0.995451 -1.022369 -6.293452 0.000000 -0.000000 0.000002 5.493440 -39.184494 -72.971992 6.190673 3.218254 95.233025 19.372667 28.712481 -7.634153 -1.248965 1.280777 -8.785524 0.000000 -0.000000 -0.000001
0.000000 0.000000 0.000000 0.000000 -0.000000 0.000000 -6.781454 -83.545893 104.360881 -40.156895 -23.266130 110.055992 -0.017767 -1.296664 3.409443 0.055925 0.309805 -1.302174 7.784871 1.628197 14.976119 5.722553 3.930431 -9.164172 2.256058 -3.834371 -4.154160 0.484490 -9.106025 -50.827782 0.000077 -0.000022 0.000006 -0.734549 0.439786 0.042936 -0.568472 -2.935597 -8.613240 -0.903800 3.808589 -8.726810 8.752563 3.091172 7.615261 -84.958527 19.895893 -111.834305 173.887909 -33.712593 -178.855209 38.574615 14.955343 -20.792929 -5.882102 9.861279 0.702590 -10.936861 -0.360574 7.156197 0.000000 8.774815 -0.000000 -13.890063 16.900152 6.907809 -1.844031 2.498503 -2.507276 -10.163590 4.678941 4.621104 -20.975996 -0.000001 0.000001 -21.226254 2.451698 -3.593995 0.000000 -0.000006 -0.000000 -1.362681 2.240797 -0.746323 -21.334892 0.584910 3.008319 -13.821196 -0.000001 0.000001 -23.887129 -0.249075 -0.839485 -59.286144 2.578789 0.342386 -0.294025 1.679686 0.833255 -14.218195 0.093215 1.300579 -34.212002 -0.287561 0.967166 -20.033176 0.964536 1.212838 0.000000 -0.000000 0.000000 -3.440387 0.788233 0.501655 -15.928172 -3.167306 2.999703 -6.338817 -0.000000 0.000001 -18.123419 3.648181 -4.905662 -0.000004 0.000000 -0.000002 2.590306 16.891310 4.119221 85.627625 20.489882 -41.832909 179.699524 51.401707 178.846497 -17.399548 8.110390 12.552576 2.243540 -5.255033 -3.180156 14.282877 -0.826594 6.952496 -0.000000 -12.690593 -0.000001 14.098648 -17.518229 3.745833 1.665665 -1.955920 -2.878297 4.727794 -4.170584 4.993919 11.020511 0.000001 -0.000000 12.109032 -3.735715 -2.866778 0.000000 -0.000000 0.000000 1.291985 -1.928548 -1.498088 14.800115 0.567467 3.865604 14.242553 -1.341738 -6.660648 19.631935 0.143921 -0.648243 48.457199 -0.208755 -6.667990 0.353029 -1.511150 -0.031940 20.222769 3.684305 2.316629 18.787249 0.000001 -0.000001 10.751608 -0.479870 1.397903 0.000000 -0.000000 0.000000 3.273804 0.305947 -0.580110 21.486790 11.830364 2.266131 8.162915 0.000000 -0.000000 18.399052 -3.798986 -4.940567 0.000003 0.000000 -0.000001 21.721626 -55.780201 -56.006523 14.043632 25.592089 69.323120 -22.909637 4.740668 -8.257755 1.059369 -0.962014 -6.374546 0.000000 -0.000000 0.000002 5.685740 -39.104069 -73.181099 6.141967 3.604281 95.237579 19.762276 30.191513 -7.881331 -1.143317 1.354791 -8.740308 0.000000 -0.000000 -0.000001
0.000000 0.000000 0.000000 0.000000 -0.000000 0.000000 -6.849479 -83.507346 104.370806 -39.963943 -23.405579 110.049187 -0.050985 -1.350997 3.402457 0.040405 0.246905 -1.284628 7.827326 1.682355 15.027755 5.921597 3.952070 -9.128735 2.258234 -4.084639 -4.147999 0.586406 -9.266068 -51.188587 0.000077 -0.000022 0.000006 -0.726493 0.423164 0.041258 -0.549660 -2.950563 -8.599497 -0.905634 3.789078 -8.718708 8.748055 2.976785 7.775349 -84.797096 19.752905 -111.477798 173.831680 -33.985783 -178.780319 39.157818 14.769803 -20.375587 -5.882102 9.861279 0.702590 -10.936861 -0.360574 7.156197 0.000000 8.774815 -0.000000 -13.916906 16.861319 6.847347 -1.844031 2.498503 -2.507276 -10.163590 4.678941 4.621104 -20.975996 -0.000001 0.000001 -21.226254 2.451698 -3.593995 0.000000 -0.000006 -0.000000 -1.362681 2.240797 -0.746323 -21.334892 0.584910 3.008319 -13.821196 -0.000001 0.000001 -23.887129 -0.249075 -0.839485 -59.169418 2.553035 0.315328 -0.294025 1.679686 0.833255 -14.218195 0.093215 1.300579 -34.212002 -0.287561 0.967166 -20.033176 0.964536 1.212838 0.000000 -0.000000 0.000000 -3.440387 0.788233 0.501655 -15.928172 -3.167306 2.999703 -6.338817 -0.000000 0.000001 -18.123419 3.648181 -4.905662 -0.000004 0.000000 -0.000002 2.469618 16.799133 4.019072 85.928078 20.741945 -41.705238 179.996475 51.417103 179.040344 -16.776520 8.418359 12.023976 2.243540 -5.255033 -3.180156 14.282877 -0.826594 6.952496 -0.000000 -12.690593 -0.000001 14.002389 -17.484867 3.725806 1.665665 -1.955920 -2.878297 4.727794 -4.170584 4.993919 11.020511 0.000001 -0.000000 12.109032 -3.735715 -2.866778 0.000000 -0.000000 0.000000 1.291985 -1.928548 -1.498088 14.800115 0.567467 3.865604 14.242553 -1.341738 -6.660648 19.631935 0.143921 -0.648243 48.448147 -0.184992 -6.672837 0.353029 -1.511150 -0.031940 20.222769 3.684305 2.316629 18.787249 0.000001 -0.000001 10.751608 -0.479870 1.397903 0.000000 -0.000000 0.000000 3.273804 0.305947 -0.580110 21.486790 11.830364 2.266131 8.162915 0.000000 -0.000000 18.399052 -3.798986 -4.940567 0.000003 0.000000 -0.000001 22.033772 -56.070843 -56.307850 14.094347 25.701395 69.122002 -23.213186 4.797366 -8.204338 1.053957 -0.966812 -6.434275 0.000000 -0.000000 0.000002 5.744467 -39.222748 -73.208061 6.183448 3.754751 95.160477 19.601513 30.436495 -8.363052 -1.131252 1.339139 -8.661810 0.000000 -0.000000 -0.000001
0.000000 0.000000 0.000000 0.000000 -0.000000 0.000000 -6.915536 -83.508813 104.433862 -39.808086 -23.539452 110.018471 -0.046540 -1.383634 3.373240 0.015046 0.190014 -1.275879 7.841909 1.722467 15.088025 6.114194 4.020292 -9.104438 2.260513 -4.313993 -4.157692 0.698969 -9.425565 -51.585384 0.000077 -0.000022 0.000006 -0.719009 0.414127 0.042002 -0.545245 -2.959361 -8.583247 -0.894404 3.778445 -8.704425 8.698942 2.917830 7.909362 -84.610008 19.647112 -111.140266 173.864334 -34.163799 -178.812271 39.607559 14.498045 -19.736181 -5.882102 9.861279 0.702590 -10.936861 -0.360574 7.156197 0.000000 8.774815 -0.000000 -13.892953 16.870527 6.826500 -1.844031 2.498503 -2.507276 -10.163590 4.678941 4.621104 -20.975996 -0.000001 0.000001 -21.226254 2.451698 -3.593995 0.000000 -0.000006 -0.000000 -1.362681 2.240797 -0.746323 -21.334892 0.584910 3.008319 -13.821196 -0.000001 0.000001 -23.887129 -0.249075 -0.839485 -59.057381 2.560935 0.263063 -0.294025 1.679686 0.833255 -14.218195 0.093215 1.300579 -34.212002 -0.287561 0.967166 -20.033176 0.964536 1.212838 0.000000 -0.000000 0.000000 -3.440387 0.788233 0.501655 -15.928172 -3.167306 2.999703 -6.338817 -0.000000 0.000001 -18.123419 3.648181 -4.905662 -0.000004 0.000000 -0.000002 2.383893 16.735159 3.957158 86.181526 20.973576 -41.594536 -179.725494 51.412865 179.237656 -16.294519 8.627345 11.629519 2.243540 -5.255033 -3.180156 14.282877 -0.826594 6.952496 -0.000000 -12.690593 -0.000001 13.937582 -17.436731 3.718088 1.665665 -1.955920 -2.878297 4.727794 -4.170584 4.993919 11.020511 0.000001 -0.000000 12.109032 -3.735715 -2.866778 0.000000 -0.000000 0.000000 1.291985 -1.928548 -1.498088 14.800115 0.567467 3.865604 14.242553 -1.341738 -6.660648 19.631935 0.143921 -0.648243 48.425228 -0.163948 -6.672994 0.353029 -1.511150 -0.031940 20.222769 3.684305 2.316629 18.787249 0.000001 -0.000001 10.751608 -0.479870 1.397903 0.000000 -0.000000 0.000000 3.273804 0.305947 -0.580110 21.486790 11.830364 2.266131 8.162915 0.000000 -0.000000 18.399052 -3.798986 -4.940567 0.000003 0.000000 -0.000001 22.191645 -56.344326 -56.428673 14.144503 25.828333 68.884811 -23.375324 4.826035 -8.140059 1.057498 -0.975001 -6.435205 0.000000 -0.000000 0.000002 5.726545 -39.328533 -73.145004 6.185949 3.844300 95.051308 19.353735 30.360506 -8.752244 -1.119087 1.321722 -8.568449 0.000000 -0.000000 -0.000001
0.000000 0.000000 0.000000 0.000000 -0.000000 0.000000 -6.987763 -83.546561 104.532565 -39.661217 -23.677162 109.979813 -0.019856 -1.411167 3.322737 0.011347 0.145796 -1.277077 7.817807 1.745470 15.145182 6.266470 4.062069 -9.080735 2.273205 -4.472736 -4.173297 0.805129 -9.576787 -52.070805 0.000077 -0.000022 0.000006 -0.706181 0.404384 0.041691 -0.537015 -2.970611 -8.569532 -0.876039 3.769030 -8.689870 8.615370 2.891328 8.047013 -84.403519 19.528612 -110.787262 173.976028 -34.252884 -178.937073 39.907894 14.134406 -18.931385 -5.882102 9.861279 0.702590 -10.936861 -0.360574 7.156197 0.000000 8.774815 -0.000000 -13.912769 16.926519 6.800346 -1.844031 2.498503 -2.507276 -10.163590 4.678941 4.621104 -20.975996 -0.000001 0.000001 -21.226254 2.451698 -3.593995 0.000000 -0.000006 -0.000000 -1.362681 2.240797 -0.746323 -21.334892 0.584910 3.008319 -13.821196 -0.000001 0.000001 -23.887129 -0.249075 -0.839485 -59.008034 2.595911 0.202399 -0.294025 1.679686 0.833255 -14.218195 0.093215 1.300579 -34.212002 -0.287561 0.967166 -20.033176 0.964536 1.212838 0.000000 -0.000000 0.000000 -3.440387 0.788233 0.501655 -15.928172 -3.167306 2.999703 -6.338817 -0.000000 0.000001 -18.123419 3.648181 -4.905662 -0.000004 0.000000 -0.000002 2.295252 16.700617 3.951272 86.413521 21.223972 -41.411732 -179.399307 51.423100 179.459900 -15.942131 8.834106 11.416880 2.243540 -5.255033 -3.180156 14.282877 -0.826594 6.952496 -0.000000 -12.690593 -0.000001 13.898210 -17.388937 3.709850 1.665665 -1.955920 -2.878297 4.727794 -4.170584 4.993919 11.020511 0.000001 -0.000000 12.109032 -3.735715 -2.866778 0.000000 -0.000000 0.000000 1.291985 -1.928548 -1.498088 14.800115 0.567467 3.865604 14.242553 -1.341738 -6.660648 19.631935 0.143921 -0.648243 48.362686 -0.185953 -6.684000 0.353029 -1.511150 -0.031940 20.222769 3.684305 2.316629 18.787249 0.000001 -0.000001 10.751608 -0.479870 1.397903 0.000000 -0.000000 0.000000 3.273804 0.305947 -0.580110 21.486790 11.830364 2.266131 8.162915 0.000000 -0.000000 18.399052 -3.798986 -4.940567 0.000003 0.000000 -0.000001 22.263176 -56.616451 -56.450539 14.192740 25.975760 68.607307 -23.479673 4.842595 -8.069004 1.057032 -0.982994 -6.444286 0.000000 -0.000000 0.000002 5.706110 -39.419979 -73.061714 6.189054 3.924671 94.914330 19.050699 29.884476 -9.107219 -1.112849 1.297528 -8.476643 0.000000 -0.000000 -0.000001
0.000000 0.000000 0.000000 0.000000 -0.000000 0.000000 -7.059735 -83.609788 104.669091 -39.510937 -23.817369 109.930908 0.015696 -1.428149 3.269829 0.024823 0.110669 -1.285016 7.780530 1.747673 15.193735 6.361069 4.081375 -9.068438 2.300610 -4.585838 -4.192255 0.843216 -9.728613 -52.617725 0.000077 -0.000022 0.000006 -0.685325 0.391262 0.041270 -0.522943 -2.986565 -8.560052 -0.847325 3.757320 -8.677047 8.527585 2.838717 8.167738 -84.213608 19.386368 -110.512848 174.132782 -34.262741 -179.109207 40.112236 13.731427 -18.062500 -5.882102 9.861279 0.702590 -10.936861 -0.360574 7.156197 0.000000 8.774815 -0.000000 -13.970143 17.009974 6.752262 -1.844031 2.498503 -2.507276 -10.163590 4.678941 4.621104 -20.975996 -0.000001 0.000001 -21.226254 2.451698 -3.593995 0.000000 -0.000006 -0.000000 -1.362681 2.240797 -0.746323 -21.334892 0.584910 3.008319 -13.821196 -0.000001 0.000001 -23.887129 -0.249075 -0.839485 -59.010124 2.625749 0.131470 -0.294025 1.679686 0.833255 -14.218195 0.093215 1.300579 -34.212002 -0.287561 0.967166 -20.033176 0.964536 1.212838 0.000000 -0.000000 0.000000 -3.440387 0.788233 0.501655 -15.928172 -3.167306 2.999703 -6.338817 -0.000000 0.000001 -18.123419 3.648181 -4.905662 -0.000004 0.000000 -0.000002 2.181495 16.683077 3.987497 86.639542 21.499918 -41.170837 -179.067734 51.441448 179.722748 -15.753041 9.027183 11.287818 2.243540 -5.255033 -3.180156 14.282877 -0.826594 6.952496 -0.000000 -12.690593 -0.000001 13.869162 -17.337688 3.716665 1.665665 -1.955920 -2.878297 4.727794 -4.170584 4.993919 11.020511 0.000001 -0.000000 12.109032 -3.735715 -2.866778 0.000000 -0.000000 0.000000 1.291985 -1.928548 -1.498088 14.800115 0.567467 3.865604 14.242553 -1.341738 -6.660648 19.631935 0.143921 -0.648243 48.284809 -0.234853 -6.683451 0.353029 -1.511150 -0.031940 20.222769 3.684305 2.316629 18.787249 0.000001 -0.000001 10.751608 -0.479870 1.397903 0.000000 -0.000000 0.000000 3.273804 0.305947 -0.580110 21.486790 11.830364 2.266131 8.162915 0.000000 -0.000000 18.399052 -3.798986 -4.940567 0.000003 0.000000 -0.000001 22.237036 -56.910210 -56.373451 14.227667 26.095097 68.256775 -23.554743 4.915943 -7.961451 1.042549 -0.991669 -6.445208 0.000000 -0.000000 0.000002 5.646347 -39.504784 -72.928368 6.186285 3.984918 94.731628 18.753771 29.209150 -9.436423 -1.113453 1.268919 -8.392394 0.000000 -0.000000 -0.000001
0.000000 0.000000 0.000000 0.000000 -0.000000 0.000000 -7.134776 -83.680127 104.813186 -39.352924 -23.949484 109.874001 0.062963 -1.439112 3.231974 0.051505 0.086984 -1.298058 7.741924 1.721703 15.226687 6.372480 4.113970 -9.058675 2.316343 -4.699466 -4.206442 0.832428 -9.855249 -53.181213 0.000077 -0.000022 0.000006 -0.665381 0.379438 0.041046 -0.510993 -3.001308 -8.548252 -0.818107 3.747029 -8.660674 8.444309 2.760142 8.269273 -84.054504 19.205917 -110.341949 174.287781 -34.220638 -179.262787 40.225956 13.317802 -17.265322 -5.882102 9.861279 0.702590 -10.936861 -0.360574 7.156197 0.000000 8.774815 -0.000000 -14.023788 17.088873 6.691252 -1.844031 2.498503 -2.507276 -10.163590 4.678941 4.621104 -20.975996 -0.000001 0.000001 -21.226254 2.451698 -3.593995 0.000000 -0.000006 -0.000000 -1.362681 2.240797 -0.746323 -21.334892 0.584910 3.008319 -13.821196 -0.000001 0.000001 -23.887129 -0.249075 -0.839485 -59.019855 2.640074 0.067315 -0.294025 1.679686 0.833255 -14.218195 0.093215 1.300579 -34.212002 -0.287561 0.967166 -20.033176 0.964536 1.212838 0.000000 -0.000000 0.000000 -3.440387 0.788233 0.501655 -15.928172 -3.167306 2.999703 -6.338817 -0.000000 0.000001 -18.123419 3.648181 -4.905662 -0.000004 0.000000 -0.000002 2.022018 16.660709 4.030056 86.879631 21.804789 -40.945705 -178.811890 51.463470 179.936188 -15.676454 9.176910 11.225233 2.243540 -5.255033 -3.180156 14.282877 -0.826594 6.952496 -0.000000 -12.690593 -0.000001 13.807487 -17.293423 3.747498 1.665665 -1.955920 -2.878297 4.727794 -4.170584 4.993919 11.020511 0.000001 -0.000000 12.109032 -3.735715 -2.866778 0.000000 -0.000000 0.000000 1.291985 -1.928548 -1.498088 14.800115 0.567467 3.865604 14.242553 -1.341738 -6.660648 19.631935 0.143921 -0.648243 48.188812 -0.293618 -6.665888 0.353029 -1.511150 -0.031940 20.222769 3.684305 2.316629 18.787249 0.000001 -0.000001 10.751608 -0.479870 1.397903 0.000000 -0.000000 0.000000 3.273804 0.305947 -0.580110 21.486790 11.830364 2.266131 8.162915 0.000000 -0.000000 18.399052 -3.798986 -4.940567 0.000003 0.000000 -0.000001 22.154182 -57.196354 -56.229015 14.241593 26.184019 67.869499 -23.617199 5.004638 -7.855547 1.015634 -0.999390 -6.437363 0.000000 -0.000000 0.000002 5.557246 -39.601643 -72.755051 6.161630 4.012292 94.524696 18.514711 28.502430 -9.713179 -1.116258 1.245206 -8.342369 0.000000 -0.000000 -0.000001
0.000000 0.000000 0.000000 0.000000 -0.000000 0.000000 -7.211408 -83.740751 104.949218 -39.152653 -24.088011 109.790146 0.114618 -1.458667 3.225224 0.076722 0.077102 -1.309015 7.729595 1.676123 15.232366 6.303299 4.134062 -9.056571 2.326609 -4.786204 -4.210741 0.759950 -9.949076 -53.696716 0.000077 -0.000022 0.000006 -0.650654 0.378205 0.041440 -0.501575 -3.006563 -8.536996 -0.796842 3.748426 -8.644589 8.388462 2.626803 8.354226 -83.925392 18.994551 -110.234627 174.381454 -34.139526 -179.346466 40.251202 12.956496 -16.619404 -5.882102 9.861279 0.702590 -10.936861 -0.360574 7.156197 0.000000 8.774815 -0.000000 -14.072885 17.168032 6.628836 -1.844031 2.498503 -2.507276 -10.163590 4.678941 4.621104 -20.975996 -0.000001 0.000001 -21.226254 2.451698 -3.593995 0.000000 -0.000006 -0.000000 -1.362681 2.240797 -0.746323 -21.334892 0.584910 3.008319 -13.821196 -0.000001 0.000001 -23.887129 -0.249075 -0.839485 -59.051571 2.648993 0.020015 -0.294025 1.679686 0.833255 -14.218195 0.093215 1.300579 -34.212002 -0.287561 0.967166 -20.033176 0.964536 1.212838 0.000000 -0.000000 0.000000 -3.440387 0.788233 0.501655 -15.928172 -3.167306 2.999703 -6.338817 -0.000000 0.000001 -18.123419 3.648181 -4.905662 -0.000004 0.000000 -0.000002 1.849382 16.618006 4.067784 87.066429 22.123302 -40.789482 -178.613113 51.453655 -179.896408 -15.626360 9.234756 11.156525 2.243540 -5.255033 -3.180156 14.282877 -0.826594 6.952496 -0.000000 -12.690593 -0.000001 13.733914 -17.259323 3.776816 1.665665 -1.955920 -2.878297 4.727794 -4.170584 4.993919 11.020511 0.000001 -0.000000 12.109032 -3.735715 -2.866778 0.000000 -0.000000 0.000000 1.291985 -1.928548 -1.498088 14.800115 0.567467 3.865604 14.242553 -1.341738 -6.660648 19.631935 0.143921 -0.648243 48.089867 -0.345900 -6.647553 0.353029 -1.511150 -0.031940 20.222769 3.684305 2.316629 18.787249 0.000001 -0.000001 10.751608 -0.479870 1.397903 0.000000 -0.000000 0.000000 3.273804 0.305947 -0.580110 21.486790 11.830364 2.266131 8.162915 0.000000 -0.000000 18.399052 -3.798986 -4.940567 0.000003 0.000000 -0.000001 22.086287 -57.493843 -56.084679 14.246678 26.277571 67.465767 -23.710119 5.084391 -7.735318 0.978094 -1.008973 -6.396662 0.000000 -0.000000 0.000002 5.429176 -39.737537 -72.531494 6.141634 4.049477 94.313873 18.372250 28.053066 -10.004496 -1.126617 1.225201 -8.338271 0.000000 -0.000000 -0.000001
0.000000 0.000000 0.000000 0.000000 -0.000000 0.000000 -7.275156 -83.786539 105.058648 -38.942230 -24.226116 109.700890 0.162609 -1.482989 3.235647 0.102778 0.074768 -1.320503 7.734776 1.646495 15.224354 6.172657 4.154872 -9.060936 2.337548 -4.845705 -4.206951 0.658413 -9.988153 -54.095524 0.000077 -0.000022 0.000006 -0.646586 0.388151 0.042424 -0.497996 -3.003080 -8.533482 -0.791600 3.763597 -8.634658 8.364915 2.459678 8.436029 -83.789543 18.736811 -110.065704 174.409683 -34.043930 -179.324509 40.273815 12.657773 -16.041918 -5.882102 9.861279 0.702590 -10.936861 -0.360574 7.156197 0.000000 8.774815 -0.000000 -14.125299 17.276390 6.601854 -1.844031 2.498503 -2.507276 -10.163590 4.678941 4.621104 -20.975996 -0.000001 0.000001 -21.226254 2.451698 -3.593995 0.000000 -0.000006 -0.000000 -1.362681 2.240797 -0.746323 -21.334892 0.584910 3.008319 -13.821196 -0.000001 0.000001 -23.887129 -0.249075 -0.839485 -59.173100 2.651745 0.000496 -0.294025 1.679686 0.833255 -14.218195 0.093215 1.300579 -34.212002 -0.287561 0.967166 -20.033176 0.964536 1.212838 0.000000 -0.000000 0.000000 -3.440387 0.788233 0.501655 -15.928172 -3.167306 2.999703 -6.338817 -0.000000 0.000001 -18.123419 3.648181 -4.905662 -0.000004 0.000000 -0.000002 1.697447 16.565111 4.092484 87.182411 22.431700 -40.656685 -178.443069 51.406105 -179.771286 -15.641118 9.247231 11.150651 2.243540 -5.255033 -3.180156 14.282877 -0.826594 6.952496 -0.000000 -12.690593 -0.000001 13.681707 -17.230314 3.798713 1.665665 -1.955920 -2.878297 4.727794 -4.170584 4.993919 11.020511 0.000001 -0.000000 12.109032 -3.735715 -2.866778 0.000000 -0.000000 0.000000 1.291985 -1.928548 -1.498088 14.800115 0.567467 3.865604 14.242553 -1.341738 -6.660648 19.631935 0.143921 -0.648243 48.014145 -0.375312 -6.631386 0.353029 -1.511150 -0.031940 20.222769 3.684305 2.316629 18.787249 0.000001 -0.000001 10.751608 -0.479870 1.397903 0.000000 -0.000000 0.000000 3.273804 0.305947 -0.580110 21.486790 11.830364 2.266131 8.162915 0.000000 -0.000000 18.399052 -3.798986 -4.940567 0.000003 0.000000 -0.000001 22.067663 -57.763313 -55.993195 14.255547 26.395426 67.103432 -23.841393 5.108005 -7.641328 0.946504 -1.014819 -6.336990 0.000000 -0.000000 0.000002 5.276304 -39.907482 -72.304985 6.146159 4.091304 94.128784 18.264208 27.932226 -10.333571 -1.134757 1.211836 -8.386661 0.000000 -0.000000 -0.000001
0.000000 0.000000 0.000000 0.000000 -0.000000 0.000000 -7.321337 -83.813993 105.132528 -38.744209 -24.350775 109.621010 0.187198 -1.501957 3.253979 0.139336 0.082881 -1.332916 7.753411 1.623689 15.205194 6.035967 4.173378 -9.078530 2.336616 -4.872433 -4.196826 0.538070 -9.986537 -54.383938 0.000077 -0.000022 0.000006 -0.645709 0.399965 0.046405 -0.494465 -2.996182 -8.527225 -0.792486 3.779329 -8.623878 8.365761 2.283010 8.518678 -83.653214 18.439318 -109.913811 174.401978 -33.956528 -179.224075 40.292591 12.430179 -15.574112 -5.882102 9.861279 0.702590 -10.936861 -0.360574 7.156197 0.000000 8.774815 -0.000000 -14.198816 17.368879 6.589117 -1.844031 2.498503 -2.507276 -10.163590 4.678941 4.621104 -20.975996 -0.000001 0.000001 -21.226254 2.451698 -3.593995 0.000000 -0.000006 -0.000000 -1.362681 2.240797 -0.746323 -21.334892 0.584910 3.008319 -13.821196 -0.000001 0.000001 -23.887129 -0.249075 -0.839485 -59.339405 2.630261 0.009830 -0.294025 1.679686 0.833255 -14.218195 0.093215 1.300579 -34.212002 -0.287561 0.967166 -20.033176 0.964536 1.212838 0.000000 -0.000000 0.000000 -3.440387 0.788233 0.501655 -15.928172 -3.167306 2.999703 -6.338817 -0.000000 0.000001 -18.123419 3.648181 -4.905662 -0.000004 0.000000 -0.000002 1.556522 16.491467 4.085835 87.268867 22.701185 -40.552105 -178.308685 51.331192 -179.705032 -15.690722 9.253143 11.209849 2.243540 -5.255033 -3.180156 14.282877 -0.826594 6.952496 -0.000000 -12.690593 -0.000001 13.652007 -17.204651 3.816157 1.665665 -1.955920 -2.878297 4.727794 -4.170584 4.993919 11.020511 0.000001 -0.000000 12.109032 -3.735715 -2.866778 0.000000 -0.000000 0.000000 1.291985 -1.928548 -1.498088 14.800115 0.567467 3.865604 14.242553 -1.341738 -6.660648 19.631935 0.143921 -0.648243 47.973957 -0.381398 -6.612547 0.353029 -1.511150 -0.031940 20.222769 3.684305 2.316629 18.787249 0.000001 -0.000001 10.751608 -0.479870 1.397903 0.000000 -0.000000 0.000000 3.273804 0.305947 -0.580110 21.486790 11.830364 2.266131 8.162915 0.000000 -0.000000 18.399052 -3.798986 -4.940567 0.000003 0.000000 -0.000001 22.083069 -57.983067 -55.954807 14.268315 26.501055 66.812988 -24.037476 5.096210 -7.591352 0.917653 -1.014736 -6.267055 0.000000 -0.000000 0.000002 5.150026 -40.076015 -72.126350 6.170241 4.143366 93.986984 18.084429 27.998669 -10.718502 -1.140497 1.201981 -8.407535 0.000000 -0.000000 -0.000001
0.000000 0.000000 0.000000 0.000000 -0.000000 0.000000 -7.354296 -83.827213 105.179060 -38.568195 -24.451281 109.554451 0.190507 -1.514508 3.269049 0.181870 0.086295 -1.341214 7.780606 1.606812 15.187658 5.936625 4.203335 -9.099841 2.308226 -4.893416 -4.182513 0.416649 -9.953484 -54.601418 0.000077 -0.000022 0.000006 -0.645020 0.408930 0.052190 -0.486709 -2.989258 -8.518046 -0.798481 3.789678 -8.613735 8.376550 2.130082 8.589392 -83.533524 18.119482 -109.818375 174.403290 -33.868923 -179.093292 40.304676 12.253536 -15.288224 -5.882102 9.861279 0.702590 -10.936861 -0.360574 7.156197 0.000000 8.774815 -0.000000 -14.275965 17.404491 6.576637 -1.844031 2.498503 -2.507276 -10.163590 4.678941 4.621104 -20.975996 -0.000001 0.000001 -21.226254 2.451698 -3.593995 0.000000 -0.000006 -0.000000 -1.362681 2.240797 -0.746323 -21.334892 0.584910 3.008319 -13.821196 -0.000001 0.000001 -23.887129 -0.249075 -0.839485 -59.504822 2.578272 0.039981 -0.294025 1.679686 0.833255 -14.218195 0.093215 1.300579 -34.212002 -0.287561 0.967166 -20.033176 0.964536 1.212838 0.000000 -0.000000 0.000000 -3.440387 0.788233 0.501655 -15.928172 -3.167306 2.999703 -6.338817 -0.000000 0.000001 -18.123419 3.648181 -4.905662 -0.000004 0.000000 -0.000002 1.424932 16.416843 4.041877 87.343063 22.923597 -40.548008 -178.275436 51.243320 -179.737839 -15.732635 9.252987 11.262876 2.243540 -5.255033 -3.180156 14.282877 -0.826594 6.952496 -0.000000 -12.690593 -0.000001 13.612686 -17.185770 3.835271 1.665665 -1.955920 -2.878297 4.727794 -4.170584 4.993919 11.020511 0.000001 -0.000000 12.109032 -3.735715 -2.866778 0.000000 -0.000000 0.000000 1.291985 -1.928548 -1.498088 14.800115 0.567467 3.865604 14.242553 -1.341738 -6.660648 19.631935 0.143921 -0.648243 47.958317 -0.365501 -6.591201 0.353029 -1.511150 -0.031940 20.222769 3.684305 2.316629 18.787249 0.000001 -0.000001 10.751608 -0.479870 1.397903 0.000000 -0.000000 0.000000 3.273804 0.305947 -0.580110 21.486790 11.830364 2.266131 8.162915 0.000000 -0.000000 18.399052 -3.798986 -4.940567 0.000003 0.000000 -0.000001 22.151026 -58.154552 -55.973129 14.264665 26.600292 66.593819 -24.281921 5.067011 -7.597538 0.899009 -1.007048 -6.203252 0.000000 -0.000000 0.000002 5.048121 -40.221989 -71.983299 6.196236 4.194251 93.886559 17.842503 28.208658 -11.132752 -1.142855 1.196272 -8.354616 0.000000 -0.000000 -0.000001
0.000000 0.000000 0.000000 0.000000 -0.000000 0.000000 -7.380192 -83.847467 105.202806 -38.398529 -24.549089 109.478539 0.182892 -1.526915 3.279268 0.216157 0.074061 -1.343209 7.810256 1.592874 15.181559 5.898506 4.260389 -9.112051 2.248877 -4.902401 -4.158533 0.263810 -9.885017 -54.776085 0.000077 -0.000022 0.000006 -0.641803 0.402864 0.057442 -0.473358 -2.993577 -8.500110 -0.805412 3.781821 -8.599216 8.375707 2.004714 8.659051 -83.430130 17.814396 -109.845062 174.442398 -33.791866 -178.992706 40.280842 12.144670 -15.206378 -5.882102 9.861279 0.702590 -10.936861 -0.360574 7.156197 0.000000 8.774815 -0.000000 -14.347965 17.400496 6.566337 -1.844031 2.498503 -2.507276 -10.163590 4.678941 4.621104 -20.975996 -0.000001 0.000001 -21.226254 2.451698 -3.593995 0.000000 -0.000006 -0.000000 -1.362681 2.240797 -0.746323 -21.334892 0.584910 3.008319 -13.821196 -0.000001 0.000001 -23.887129 -0.249075 -0.839485 -59.647614 2.527655 0.084048 -0.294025 1.679686 0.833255 -14.218195 0.093215 1.300579 -34.212002 -0.287561 0.967166 -20.033176 0.964536 1.212838 0.000000 -0.000000 0.000000 -3.440387 0.788233 0.501655 -15.928172 -3.167306 2.999703 -6.338817 -0.000000 0.000001 -18.123419 3.648181 -4.905662 -0.000004 0.000000 -0.000002 1.296613 16.361101 3.972300 87.428162 23.090437 -40.670422 -178.353485 51.140495 -179.852264 -15.731264 9.245453 11.239172 2.243540 -5.255033 -3.180156 14.282877 -0.826594 6.952496 -0.000000 -12.690593 -0.000001 13.566647 -17.170338 3.836215 1.665665 -1.955920 -2.878297 4.727794 -4.170584 4.993919 11.020511 0.000001 -0.000000 12.109032 -3.735715 -2.866778 0.000000 -0.000000 0.000000 1.291985 -1.928548 -1.498088 14.800115 0.567467 3.865604 14.242553 -1.341738 -6.660648 19.631935 0.143921 -0.648243 47.940350 -0.325286 -6.580150 0.353029 -1.511150 -0.031940 20.222769 3.684305 2.316629 18.787249 0.000001 -0.000001 10.751608 -0.479870 1.397903 0.000000 -0.000000 0.000000 3.273804 0.305947 -0.580110 21.486790 11.830364 2.266131 8.162915 0.000000 -0.000000 18.399052 -3.798986 -4.940567 0.000003 0.000000 -0.000001 22.239868 -58.312531 -56.032627 14.258034 26.716589 66.458244 -24.553225 5.003358 -7.665617 0.895453 -0.993217 -6.140531 0.000000 -0.000000 0.000002 4.958785 -40.336800 -71.875282 6.217897 4.247412 93.837692 17.540482 28.237692 -11.579681 -1.144420 1.198264 -8.276435 0.000000 -0.000000 -0.000001
0.000000 0.000000 0.000000 0.000000 -0.000000 0.000000 -7.386841 -83.878212 105.225412 -38.222382 -24.639332 109.393478 0.167390 -1.547482 3.283837 0.249089 0.048551 -1.346646 7.842400 1.577813 15.173170 5.912951 4.325196 -9.119849 2.190235 -4.869166 -4.128864 0.015525 -9.797542 -54.882519 0.000077 -0.000022 0.000006 -0.635974 0.394627 0.063490 -0.456099 -2.996339 -8.470875 -0.810891 3.768340 -8.577579 8.364717 1.899887 8.708508 -83.361664 17.591810 -109.953400 174.462494 -33.736786 -178.910202 40.200024 12.085078 -15.272267 -5.882102 9.861279 0.702590 -10.936861 -0.360574 7.156197 0.000000 8.774815 -0.000000 -14.409729 17.367245 6.553758 -1.844031 2.498503 -2.507276 -10.163590 4.678941 4.621104 -20.975996 -0.000001 0.000001 -21.226254 2.451698 -3.593995 0.000000 -0.000006 -0.000000 -1.362681 2.240797 -0.746323 -21.334892 0.584910 3.008319 -13.821196 -0.000001 0.000001 -23.887129 -0.249075 -0.839485 -59.768719 2.480222 0.129885 -0.294025 1.679686 0.833255 -14.218195 0.093215 1.300579 -34.212002 -0.287561 0.967166 -20.033176 0.964536 1.212838 0.000000 -0.000000 0.000000 -3.440387 0.788233 0.501655 -15.928172 -3.167306 2.999703 -6.338817 -0.000000 0.000001 -18.123419 3.648181 -4.905662 -0.000004 0.000000 -0.000002 1.169532 16.330482 3.901730 87.536583 23.199366 -40.804470 -178.415375 51.017361 -179.936890 -15.711689 9.252397 11.178172 2.243540 -5.255033 -3.180156 14.282877 -0.826594 6.952496 -0.000000 -12.690593 -0.000001 13.511104 -17.156385 3.829870 1.665665 -1.955920 -2.878297 4.727794 -4.170584 4.993919 11.020511 0.000001 -0.000000 12.109032 -3.735715 -2.866778 0.000000 -0.000000 0.000000 1.291985 -1.928548 -1.498088 14.800115 0.567467 3.865604 14.242553 -1.341738 -6.660648 19.631935 0.143921 -0.648243 47.933178 -0.274808 -6.566092 0.353029 -1.511150 -0.031940 20.222769 3.684305 2.316629 18.787249 0.000001 -0.000001 10.751608 -0.479870 1.397903 0.000000 -0.000000 0.000000 3.273804 0.305947 -0.580110 21.486790 11.830364 2.266131 8.162915 0.000000 -0.000000 18.399052 -3.798986 -4.940567 0.000003 0.000000 -0.000001 22.367138 -58.474297 -56.135708 14.257130 26.856123 66.380394 -24.836180 4.926402 -7.751744 0.900596 -0.979900 -6.107101 0.000000 -0.000000 0.000002 4.955460 -40.441563 -71.782364 6.235985 4.312881 93.815636 17.156004 27.938187 -12.052591 -1.145188 1.207367 -8.178643 0.000000 -0.000000 -0.000001
0.000000 0.000000 0.000000 0.000000 -0.000000 0.000000 -7.369328 -83.912764 105.249546 -38.028023 -24.728519 109.298454 0.159606 -1.578198 3.288087 0.273924 0.017487 -1.352637 7.867108 1.563032 15.145535 5.977731 4.396286 -9.122486 2.132587 -4.809226 -4.091840 -0.308587 -9.704722 -54.960545 0.000077 -0.000022 0.000006 -0.631527 0.398221 0.070227 -0.443015 -2.985845 -8.434480 -0.815413 3.765353 -8.550243 8.368182 1.800754 8.724303 -83.319504 17.463829 -110.028900 174.447754 -33.691139 -178.857056 40.107040 12.040164 -15.291756 -5.882102 9.861279 0.702590 -10.936861 -0.360574 7.156197 0.000000 8.774815 -0.000000 -14.450458 17.336769 6.539243 -1.844031 2.498503 -2.507276 -10.163590 4.678941 4.621104 -20.975996 -0.000001 0.000001 -21.226254 2.451698 -3.593995 0.000000 -0.000006 -0.000000 -1.362681 2.240797 -0.746323 -21.334892 0.584910 3.008319 -13.821196 -0.000001 0.000001 -23.887129 -0.249075 -0.839485 -59.830784 2.453664 0.167221 -0.294025 1.679686 0.833255 -14.218195 0.093215 1.300579 -34.212002 -0.287561 0.967166 -20.033176 0.964536 1.212838 0.000000 -0.000000 0.000000 -3.440387 0.788233 0.501655 -15.928172 -3.167306 2.999703 -6.338817 -0.000000 0.000001 -18.123419 3.648181 -4.905662 -0.000004 0.000000 -0.000002 1.062748 16.313820 3.854836 87.654114 23.277569 -40.947350 -178.426010 50.899052 -179.972046 -15.660499 9.298978 11.128616 2.243540 -5.255033 -3.180156 14.282877 -0.826594 6.952496 -0.000000 -12.690593 -0.000001 13.450815 -17.138723 3.815746 1.665665 -1.955920 -2.878297 4.727794 -4.170584 4.993919 11.020511 0.000001 -0.000000 12.109032 -3.735715 -2.866778 0.000000 -0.000000 0.000000 1.291985 -1.928548 -1.498088 14.800115 0.567467 3.865604 14.242553 -1.341738 -6.660648 19.631935 0.143921 -0.648243 47.908554 -0.223221 -6.556728 0.353029 -1.511150 -0.031940 20.222769 3.684305 2.316629 18.787249 0.000001 -0.000001 10.751608 -0.479870 1.397903 0.000000 -0.000000 0.000000 3.273804 0.305947 -0.580110 21.486790 11.830364 2.266131 8.162915 0.000000 -0.000000 18.399052 -3.798986 -4.940567 0.000003 0.000000 -0.000001 22.527859 -58.645844 -56.304798 14.268420 26.988888 66.367226 -25.107220 4.857731 -7.826167 0.910797 -0.969927 -6.070970 0.000000 -0.000000 0.000002 4.926629 -40.574421 -71.809654 6.251040 4.380101 93.824310 16.940817 27.603292 -12.285915 -1.145540 1.219797 -8.070785 0.000000 -0.000000 -0.000001
0.000000 0.000000 0.000000 0.000000 -0.000000 0.000000 -7.330862 -83.945278 105.278512 -37.822670 -24.830261 109.192284 0.165378 -1.617617 3.297446 0.297049 -0.008250 -1.359277 7.855572 1.549491 15.103531 6.067985 4.460888 -9.144910 2.069167 -4.737312 -4.050368 -0.630420 -9.609884 -55.027996 0.000077 -0.000022 0.000006 -0.639063 0.416226 0.076238 -0.442768 -2.962471 -8.398244 -0.830791 3.778078 -8.523306 8.395116 1.685600 8.730834 -83.304642 17.385704 -110.066574 174.423325 -33.630867 -178.828308 40.012520 12.040536 -15.163507 -5.882102 9.861279 0.702590 -10.936861 -0.360574 7.156197 0.000000 8.774815 -0.000000 -14.480925 17.312284 6.520702 -1.844031 2.498503 -2.507276 -10.163590 4.678941 4.621104 -20.975996 -0.000001 0.000001 -21.226254 2.451698 -3.593995 0.000000 -0.000006 -0.000000 -1.362681 2.240797 -0.746323 -21.334892 0.584910 3.008319 -13.821196 -0.000001 0.000001 -23.887129 -0.249075 -0.839485 -59.812744 2.446920 0.207077 -0.294025 1.679686 0.833255 -14.218195 0.093215 1.300579 -34.212002 -0.287561 0.967166 -20.033176 0.964536 1.212838 0.000000 -0.000000 0.000000 -3.440387 0.788233 0.501655 -15.928172 -3.167306 2.999703 -6.338817 -0.000000 0.000001 -18.123419 3.648181 -4.905662 -0.000004 0.000000 -0.000002 0.992168 16.305443 3.837517 87.743446 23.336710 -41.053417 -178.352203 50.777290 -179.958664 -15.617409 9.374246 11.120457 2.243540 -5.255033 -3.180156 14.282877 -0.826594 6.952496 -0.000000 -12.690593 -0.000001 13.426685 -17.127697 3.792228 1.665665 -1.955920 -2.878297 4.727794 -4.170584 4.993919 11.020511 0.000001 -0.000000 12.109032 -3.735715 -2.866778 0.000000 -0.000000 0.000000 1.291985 -1.928548 -1.498088 14.800115 0.567467 3.865604 14.242553 -1.341738 -6.660648 19.631935 0.143921 -0.648243 47.901718 -0.178253 -6.560648 0.353029 -1.511150 -0.031940 20.222769 3.684305 2.316629 18.787249 0.000001 -0.000001 10.751608 -0.479870 1.397903 0.000000 -0.000000 0.000000 3.273804 0.305947 -0.580110 21.486790 11.830364 2.266131 8.162915 0.000000 -0.000000 18.399052 -3.798986 -4.940567 0.000003 0.000000 -0.000001 22.721359 -58.831970 -56.535217 14.297273 27.138000 66.402016 -25.361563 4.800753 -7.860123 0.930696 -0.963043 -6.023851 0.000000 -0.000000 0.000002 4.940522 -40.723019 -71.866310 6.262808 4.435238 93.852875 16.666594 27.007401 -12.489546 -1.138204 1.227246 -7.981597 0.000000 -0.000000 -0.000001
0.000000 0.000000 0.000000 0.000000 -0.000000 0.000000 -7.303950 -83.972780 105.322334 -37.660675 -24.918619 109.104858 0.191695 -1.657708 3.301650 0.304382 -0.018216 -1.363854 7.828921 1.548627 15.063993 6.138967 4.522242 -9.198853 1.993977 -4.664713 -4.013572 -0.856202 -9.521127 -55.069221 0.000077 -0.000022 0.000006 -0.655627 0.443465 0.080094 -0.454208 -2.934014 -8.368668 -0.852157 3.803645 -8.500100 8.438205 1.573290 8.741398 -83.344963 17.311001 -110.103371 174.392441 -33.554729 -178.807465 39.911270 12.058338 -14.943016 -5.882102 9.861279 0.702590 -10.936861 -0.360574 7.156197 0.000000 8.774815 -0.000000 -14.520921 17.288240 6.484847 -1.844031 2.498503 -2.507276 -10.163590 4.678941 4.621104 -20.975996 -0.000001 0.000001 -21.226254 2.451698 -3.593995 0.000000 -0.000006 -0.000000 -1.362681 2.240797 -0.746323 -21.334892 0.584910 3.008319 -13.821196 -0.000001 0.000001 -23.887129 -0.249075 -0.839485 -59.738686 2.450335 0.227364 -0.294025 1.679686 0.833255 -14.218195 0.093215 1.300579 -34.212002 -0.287561 0.967166 -20.033176 0.964536 1.212838 0.000000 -0.000000 0.000000 -3.440387 0.788233 0.501655 -15.928172 -3.167306 2.999703 -6.338817 -0.000000 0.000001 -18.123419 3.648181 -4.905662 -0.000004 0.000000 -0.000002 0.928781 16.337233 3.843031 87.798386 23.370230 -41.160934 -178.220657 50.644379 -179.902161 -15.546333 9.435431 11.102272 2.243540 -5.255033 -3.180156 14.282877 -0.826594 6.952496 -0.000000 -12.690593 -0.000001 13.427133 -17.121838 3.762762 1.665665 -1.955920 -2.878297 4.727794 -4.170584 4.993919 11.020511 0.000001 -0.000000 12.109032 -3.735715 -2.866778 0.000000 -0.000000 0.000000 1.291985 -1.928548 -1.498088 14.800115 0.567467 3.865604 14.242553 -1.341738 -6.660648 19.631935 0.143921 -0.648243 47.890755 -0.152082 -6.571818 0.353029 -1.511150 -0.031940 20.222769 3.684305 2.316629 18.787249 0.000001 -0.000001 10.751608 -0.479870 1.397903 0.000000 -0.000000 0.000000 3.273804 0.305947 -0.580110 21.486790 11.830364 2.266131 8.162915 0.000000 -0.000000 18.399052 -3.798986 -4.940567 0.000003 0.000000 -0.000001 22.902027 -58.992790 -56.745930 14.348289 27.296209 66.439888 -25.590199 4.752600 -7.854626 0.954971 -0.964436 -5.936847 0.000000 -0.000000 0.000002 5.008189 -40.837452 -71.939880 6.259980 4.480673 93.864258 16.366823 26.229916 -12.638092 -1.126569 1.223685 -7.891488 0.000000 -0.000000 -0.000001
0.000000 0.000000 0.000000 0.000000 -0.000000 0.000000 -7.289748 -84.001337 105.377573 -37.576607 -24.985834 109.046722 0.233154 -1.688009 3.296366 0.305668 -0.018424 -1.365562 7.785967 1.564741 15.050371 6.180579 4.565447 -9.268924 1.918387 -4.560925 -3.981969 -1.010829 -9.398169 -55.081867 0.000077 -0.000022 0.000006 -0.669811 0.467556 0.079079 -0.465260 -2.912216 -8.355824 -0.869047 3.829697 -8.486943 8.489944 1.487356 8.749506 -83.425148 17.219732 -110.135162 174.351700 -33.480003 -178.788834 39.788464 12.059269 -14.689437 -5.882102 9.861279 0.702590 -10.936861 -0.360574 7.156197 0.000000 8.774815 -0.000000 -14.565764 17.264736 6.437876 -1.844031 2.498503 -2.507276 -10.163590 4.678941 4.621104 -20.975996 -0.000001 0.000001 -21.226254 2.451698 -3.593995 0.000000 -0.000006 -0.000000 -1.362681 2.240797 -0.746323 -21.334892 0.584910 3.008319 -13.821196 -0.000001 0.000001 -23.887129 -0.249075 -0.839485 -59.644588 2.473070 0.220114 -0.294025 1.679686 0.833255 -14.218195 0.093215 1.300579 -34.212002 -0.287561 0.967166 -20.033176 0.964536 1.212838 0.000000 -0.000000 0.000000 -3.440387 0.788233 0.501655 -15.928172 -3.167306 2.999703 -6.338817 -0.000000 0.000001 -18.123419 3.648181 -4.905662 -0.000004 0.000000 -0.000002 0.847215 16.406118 3.845369 87.829086 23.375572 -41.237846 -178.064682 50.504528 -179.796661 -15.478365 9.484562 11.141947 2.243540 -5.255033 -3.180156 14.282877 -0.826594 6.952496 -0.000000 -12.690593 -0.000001 13.432618 -17.127680 3.730322 1.665665 -1.955920 -2.878297 4.727794 -4.170584 4.993919 11.020511 0.000001 -0.000000 12.109032 -3.735715 -2.866778 0.000000 -0.000000 0.000000 1.291985 -1.928548 -1.498088 14.800115 0.567467 3.865604 14.242553 -1.341738 -6.660648 19.631935 0.143921 -0.648243 47.844460 -0.164310 -6.599209 0.353029 -1.511150 -0.031940 20.222769 3.684305 2.316629 18.787249 0.000001 -0.000001 10.751608 -0.479870 1.397903 0.000000 -0.000000 0.000000 3.273804 0.305947 -0.580110 21.486790 11.830364 2.266131 8.162915 0.000000 -0.000000 18.399052 -3.798986 -4.940567 0.000003 0.000000 -0.000001 22.977407 -59.099503 -56.843884 14.403856 27.428804 66.454811 -25.776985 4.740515 -7.812015 0.973564 -0.974746 -5.817121 0.000000 -0.000000 0.000002 5.080194 -40.905716 -72.004692 6.251999 4.511238 93.855835 16.128927 25.452137 -12.701409 -1.121131 1.214038 -7.851532 0.000000 -0.000000 -0.000001
0.000000 0.000000 0.000000 0.000000 -0.000000 0.000000 -7.256911 -84.042488 105.440249 -37.596718 -25.022532 109.063675 0.279983 -1.699183 3.263549 0.319201 -0.019569 -1.374967 7.733650 1.604890 15.054641 6.159344 4.594164 -9.319712 1.893417 -4.426994 -3.965334 -1.103903 -9.228828 -55.095608 0.000077 -0.000022 0.000006 -0.679086 0.476899 0.074671 -0.472052 -2.906994 -8.357114 -0.880302 3.842985 -8.481498 8.559755 1.455257 8.756564 -83.569054 17.113710 -110.234650 174.358246 -33.403763 -178.784729 39.612209 12.060124 -14.455141 -5.882102 9.861279 0.702590 -10.936861 -0.360574 7.156197 0.000000 8.774815 -0.000000 -14.586687 17.272934 6.402351 -1.844031 2.498503 -2.507276 -10.163590 4.678941 4.621104 -20.975996 -0.000001 0.000001 -21.226254 2.451698 -3.593995 0.000000 -0.000006 -0.000000 -1.362681 2.240797 -0.746323 -21.334892 0.584910 3.008319 -13.821196 -0.000001 0.000001 -23.887129 -0.249075 -0.839485 -59.557446 2.498584 0.194902 -0.294025 1.679686 0.833255 -14.218195 0.093215 1.300579 -34.212002 -0.287561 0.967166 -20.033176 0.964536 1.212838 0.000000 -0.000000 0.000000 -3.440387 0.788233 0.501655 -15.928172 -3.167306 2.999703 -6.338817 -0.000000 0.000001 -18.123419 3.648181 -4.905662 -0.000004 0.000000 -0.000002 0.754356 16.519020 3.863724 87.837471 23.364422 -41.300320 -177.931641 50.361675 -179.712097 -15.421107 9.512606 11.256744 2.243540 -5.255033 -3.180156 14.282877 -0.826594 6.952496 -0.000000 -12.690593 -0.000001 13.431945 -17.134817 3.698186 1.665665 -1.955920 -2.878297 4.727794 -4.170584 4.993919 11.020511 0.000001 -0.000000 12.109032 -3.735715 -2.866778 0.000000 -0.000000 0.000000 1.291985 -1.928548 -1.498088 14.800115 0.567467 3.865604 14.242553 -1.341738 -6.660648 19.631935 0.143921 -0.648243 47.764904 -0.211395 -6.637680 0.353029 -1.511150 -0.031940 20.222769 3.684305 2.316629 18.787249 0.000001 -0.000001 10.751608 -0.479870 1.397903 0.000000 -0.000000 0.000000 3.273804 0.305947 -0.580110 21.486790 11.830364 2.266131 8.162915 0.000000 -0.000000 18.399052 -3.798986 -4.940567 0.000003 0.000000 -0.000001 22.940590 -59.117474 -56.857349 14.460645 27.497347 66.460030 -25.904238 4.785432 -7.743748 0.985121 -0.976087 -5.680818 0.000000 -0.000000 0.000002 5.133483 -40.893478 -72.084831 6.221539 4.491542 93.830826 15.893871 24.713024 -12.737699 -1.114024 1.207740 -7.852726 0.000000 -0.000000 -0.000001
0.000000 0.000000 0.000000 0.000000 -0.000000 0.000000 -7.212631 -84.097658 105.499462 -37.735622 -25.025549 109.153435 0.335385 -1.688899 3.194679 0.330870 -0.020197 -1.387025 7.697769 1.647705 15.085361 6.079860 4.622272 -9.319500 1.902139 -4.281056 -3.957783 -1.137874 -9.013047 -55.135605 0.000077 -0.000022 0.000006 -0.686084 0.464883 0.068703 -0.478642 -2.928005 -8.373884 -0.887102 3.839530 -8.489062 8.629672 1.466089 8.770022 -83.782356 16.997898 -110.395943 174.384964 -33.330757 -178.788025 39.410812 12.059688 -14.244076 -5.882102 9.861279 0.702590 -10.936861 -0.360574 7.156197 0.000000 8.774815 -0.000000 -14.564073 17.280737 6.388023 -1.844031 2.498503 -2.507276 -10.163590 4.678941 4.621104 -20.975996 -0.000001 0.000001 -21.226254 2.451698 -3.593995 0.000000 -0.000006 -0.000000 -1.362681 2.240797 -0.746323 -21.334892 0.584910 3.008319 -13.821196 -0.000001 0.000001 -23.887129 -0.249075 -0.839485 -59.470184 2.514945 0.156483 -0.294025 1.679686 0.833255 -14.218195 0.093215 1.300579 -34.212002 -0.287561 0.967166 -20.033176 0.964536 1.212838 0.000000 -0.000000 0.000000 -3.440387 0.788233 0.501655 -15.928172 -3.167306 2.999703 -6.338817 -0.000000 0.000001 -18.123419 3.648181 -4.905662 -0.000004 0.000000 -0.000002 0.624570 16.664875 3.866040 87.846939 23.327719 -41.383801 -177.923096 50.261765 -179.701004 -15.388712 9.519433 11.419086 2.243540 -5.255033 -3.180156 14.282877 -0.826594 6.952496 -0.000000 -12.690593 -0.000001 13.425603 -17.153931 3.682687 1.665665 -1.955920 -2.878297 4.727794 -4.170584 4.993919 11.020511 0.000001 -0.000000 12.109032 -3.735715 -2.866778 0.000000 -0.000000 0.000000 1.291985 -1.928548 -1.498088 14.800115 0.567467 3.865604 14.242553 -1.341738 -6.660648 19.631935 0.143921 -0.648243 47.691036 -0.279866 -6.661671 0.353029 -1.511150 -0.031940 20.222769 3.684305 2.316629 18.787249 0.000001 -0.000001 10.751608 -0.479870 1.397903 0.000000 -0.000000 0.000000 3.273804 0.305947 -0.580110 21.486790 11.830364 2.266131 8.162915 0.000000 -0.000000 18.399052 -3.798986 -4.940567 0.000003 0.000000 -0.000001 22.753534 -59.032696 -56.746101 14.487383 27.487131 66.446434 -25.981951 4.895473 -7.687986 0.990839 -0.966589 -5.560100 0.000000 -0.000000 0.000002 5.098914 -40.793686 -72.220108 6.148849 4.394008 93.792221 15.743762 24.036814 -12.654169 -1.094671 1.203075 -7.861562 0.000000 -0.000000 -0.000001
0.000000 0.000000 0.000000 0.000000 -0.000000 0.000000 -7.160602 -84.156702 105.554616 -37.924328 -25.011038 109.258286 0.398427 -1.678271 3.110734 0.324347 -0.024855 -1.394682 7.695254 1.686332 15.142420 5.968557 4.650597 -9.289830 1.944548 -4.114576 -3.956939 -1.171922 -8.739331 -55.189941 0.000077 -0.000022 0.000006 -0.686227 0.434458 0.062387 -0.478355 -2.970986 -8.405828 -0.887135 3.821447 -8.511420 8.683063 1.504083 8.797608 -84.025520 16.880091 -110.474968 174.352951 -33.226765 -178.762939 39.237621 12.020558 -13.999529 -5.882102 9.861279 0.702590 -10.936861 -0.360574 7.156197 0.000000 8.774815 -0.000000 -14.501506 17.291599 6.391718 -1.844031 2.498503 -2.507276 -10.163590 4.678941 4.621104 -20.975996 -0.000001 0.000001 -21.226254 2.451698 -3.593995 0.000000 -0.000006 -0.000000 -1.362681 2.240797 -0.746323 -21.334892 0.584910 3.008319 -13.821196 -0.000001 0.000001 -23.887129 -0.249075 -0.839485 -59.396946 2.533932 0.112837 -0.294025 1.679686 0.833255 -14.218195 0.093215 1.300579 -34.212002 -0.287561 0.967166 -20.033176 0.964536 1.212838 0.000000 -0.000000 0.000000 -3.440387 0.788233 0.501655 -15.928172 -3.167306 2.999703 -6.338817 -0.000000 0.000001 -18.123419 3.648181 -4.905662 -0.000004 0.000000 -0.000002 0.475186 16.832369 3.884245 87.843925 23.281061 -41.507545 -178.019257 50.204720 -179.749542 -15.388756 9.536002 11.546279 2.243540 -5.255033 -3.180156 14.282877 -0.826594 6.952496 -0.000000 -12.690593 -0.000001 13.414757 -17.178995 3.675156 1.665665 -1.955920 -2.878297 4.727794 -4.170584 4.993919 11.020511 0.000001 -0.000000 12.109032 -3.735715 -2.866778 0.000000 -0.000000 0.000000 1.291985 -1.928548 -1.498088 14.800115 0.567467 3.865604 14.242553 -1.341738 -6.660648 19.631935 0.143921 -0.648243 47.627186 -0.349890 -6.676901 0.353029 -1.511150 -0.031940 20.222769 3.684305 2.316629 18.787249 0.000001 -0.000001 10.751608 -0.479870 1.397903 0.000000 -0.000000 0.000000 3.273804 0.305947 -0.580110 21.486790 11.830364 2.266131 8.162915 0.000000 -0.000000 18.399052 -3.798986 -4.940567 0.000003 0.000000 -0.000001 22.463749 -58.895279 -56.530586 14.488059 27.436930 66.412971 -26.042967 5.021374 -7.653506 0.986526 -0.953544 -5.473339 0.000000 -0.000000 0.000002 5.006768 -40.671936 -72.258507 6.054211 4.255967 93.745491 15.645745 23.582397 -12.624348 -1.071062 1.196179 -7.863731 0.000000 -0.000000 -0.000001
0.000000 0.000000 0.000000 0.000000 -0.000000 0.000000 -7.123535 -84.217988 105.598619 -38.116840 -24.992653 109.349396 0.441159 -1.672727 3.042412 0.303730 -0.030330 -1.400927 7.732694 1.712233 15.209255 5.858698 4.673714 -9.257395 2.030871 -3.940839 -3.962477 -1.261866 -8.451587 -55.212929 0.000077 -0.000022 0.000006 -0.676707 0.395180 0.058391 -0.465742 -3.025365 -8.443984 -0.880176 3.796899 -8.542789 8.711846 1.539954 8.855801 -84.279358 16.775263 -110.524651 174.272217 -33.103142 -178.716873 39.154072 11.997629 -13.754819 -5.882102 9.861279 0.702590 -10.936861 -0.360574 7.156197 0.000000 8.774815 -0.000000 -14.422428 17.309504 6.408000 -1.844031 2.498503 -2.507276 -10.163590 4.678941 4.621104 -20.975996 -0.000001 0.000001 -21.226254 2.451698 -3.593995 0.000000 -0.000006 -0.000000 -1.362681 2.240797 -0.746323 -21.334892 0.584910 3.008319 -13.821196 -0.000001 0.000001 -23.887129 -0.249075 -0.839485 -59.368320 2.548726 0.079335 -0.294025 1.679686 0.833255 -14.218195 0.093215 1.300579 -34.212002 -0.287561 0.967166 -20.033176 0.964536 1.212838 0.000000 -0.000000 0.000000 -3.440387 0.788233 0.501655 -15.928172 -3.167306 2.999703 -6.338817 -0.000000 0.000001 -18.123419 3.648181 -4.905662 -0.000004 0.000000 -0.000002 0.316622 17.007584 3.924168 87.837914 23.202999 -41.683659 -178.180603 50.176922 -179.811707 -15.438835 9.583549 11.615987 2.243540 -5.255033 -3.180156 14.282877 -0.826594 6.952496 -0.000000 -12.690593 -0.000001 13.410767 -17.205587 3.670566 1.665665 -1.955920 -2.878297 4.727794 -4.170584 4.993919 11.020511 0.000001 -0.000000 12.109032 -3.735715 -2.866778 0.000000 -0.000000 0.000000 1.291985 -1.928548 -1.498088 14.800115 0.567467 3.865604 14.242553 -1.341738 -6.660648 19.631935 0.143921 -0.648243 47.599419 -0.406291 -6.677303 0.353029 -1.511150 -0.031940 20.222769 3.684305 2.316629 18.787249 0.000001 -0.000001 10.751608 -0.479870 1.397903 0.000000 -0.000000 0.000000 3.273804 0.305947 -0.580110 21.486790 11.830364 2.266131 8.162915 0.000000 -0.000000 18.399052 -3.798986 -4.940567 0.000003 0.000000 -0.000001 22.099562 -58.737694 -56.226337 14.475546 27.365170 66.363777 -26.087572 5.122555 -7.642375 0.978851 -0.938549 -5.398102 0.000000 -0.000000 0.000002 4.894174 -40.569683 -72.258972 5.964005 4.097877 93.698227 15.512543 23.163790 -12.645628 -1.047062 1.184079 -7.876019 0.000000 -0.000000 -0.000001
0.000000 0.000000 0.000000 0.000000 -0.000000 0.000000 -7.099490 -84.267931 105.639681 -38.258709 -24.986607 109.389824 0.462860 -1.684781 3.013345 0.277723 -0.025253 -1.400321 7.788066 1.722909 15.266424 5.807286 4.656286 -9.249480 2.107573 -3.736239 -3.967486 -1.371107 -8.199614 -55.172714 0.000077 -0.000022 0.000006 -0.664516 0.365678 0.057437 -0.446012 -3.067685 -8.474319 -0.875089 3.780236 -8.570650 8.709270 1.547446 8.935386 -84.526802 16.683817 -110.518791 174.117065 -32.969189 -178.662704 39.176075 11.972888 -13.530320 -5.882102 9.861279 0.702590 -10.936861 -0.360574 7.156197 0.000000 8.774815 -0.000000 -14.379418 17.344343 6.433031 -1.844031 2.498503 -2.507276 -10.163590 4.678941 4.621104 -20.975996 -0.000001 0.000001 -21.226254 2.451698 -3.593995 0.000000 -0.000006 -0.000000 -1.362681 2.240797 -0.746323 -21.334892 0.584910 3.008319 -13.821196 -0.000001 0.000001 -23.887129 -0.249075 -0.839485 -59.422314 2.557507 0.069850 -0.294025 1.679686 0.833255 -14.218195 0.093215 1.300579 -34.212002 -0.287561 0.967166 -20.033176 0.964536 1.212838 0.000000 -0.000000 0.000000 -3.440387 0.788233 0.501655 -15.928172 -3.167306 2.999703 -6.338817 -0.000000 0.000001 -18.123419 3.648181 -4.905662 -0.000004 0.000000 -0.000002 0.154538 17.149359 3.959511 87.861481 23.085434 -41.891388 -178.335892 50.165504 -179.892807 -15.484249 9.666977 11.607066 2.243540 -5.255033 -3.180156 14.282877 -0.826594 6.952496 -0.000000 -12.690593 -0.000001 13.432172 -17.229973 3.661120 1.665665 -1.955920 -2.878297 4.727794 -4.170584 4.993919 11.020511 0.000001 -0.000000 12.109032 -3.735715 -2.866778 0.000000 -0.000000 0.000000 1.291985 -1.928548 -1.498088 14.800115 0.567467 3.865604 14.242553 -1.341738 -6.660648 19.631935 0.143921 -0.648243 47.601883 -0.439921 -6.673955 0.353029 -1.511150 -0.031940 20.222769 3.684305 2.316629 18.787249 0.000001 -0.000001 10.751608 -0.479870 1.397903 0.000000 -0.000000 0.000000 3.273804 0.305947 -0.580110 21.486790 11.830364 2.266131 8.162915 0.000000 -0.000000 18.399052 -3.798986 -4.940567 0.000003 0.000000 -0.000001 21.752214 -58.615688 -55.898323 14.448445 27.323555 66.285034 -26.125202 5.190730 -7.627879 0.964765 -0.932192 -5.333398 0.000000 -0.000000 0.000002 4.819478 -40.527119 -72.235252 5.912903 3.972320 93.644722 15.351703 22.694912 -12.759531 -1.033385 1.168944 -7.866863 0.000000 -0.000000 -0.000001
0.000000 0.000000 0.000000 0.000000 -0.000000 0.000000 -7.095109 -84.287201 105.666297 -38.330147 -24.990257 109.381081 0.467259 -1.701811 3.025150 0.255623 -0.019109 -1.393724 7.839195 1.724828 15.300152 5.835526 4.597086 -9.274249 2.153233 -3.525514 -3.966692 -1.461829 -7.988803 -55.073425 0.000077 -0.000022 0.000006 -0.654123 0.348409 0.059192 -0.422755 -3.094976 -8.497351 -0.877287 3.773879 -8.597735 8.692244 1.551774 9.020349 -84.746078 16.591154 -110.526360 173.975739 -32.851627 -178.634857 39.254612 11.946091 -13.437885 -5.882102 9.861279 0.702590 -10.936861 -0.360574 7.156197 0.000000 8.774815 -0.000000 -14.375187 17.350256 6.436370 -1.844031 2.498503 -2.507276 -10.163590 4.678941 4.621104 -20.975996 -0.000001 0.000001 -21.226254 2.451698 -3.593995 0.000000 -0.000006 -0.000000 -1.362681 2.240797 -0.746323 -21.334892 0.584910 3.008319 -13.821196 -0.000001 0.000001 -23.887129 -0.249075 -0.839485 -59.497627 2.525081 0.086683 -0.294025 1.679686 0.833255 -14.218195 0.093215 1.300579 -34.212002 -0.287561 0.967166 -20.033176 0.964536 1.212838 0.000000 -0.000000 0.000000 -3.440387 0.788233 0.501655 -15.928172 -3.167306 2.999703 -6.338817 -0.000000 0.000001 -18.123419 3.648181 -4.905662 -0.000004 0.000000 -0.000002 0.005832 17.226427 3.969488 87.935295 22.943632 -42.098759 -178.429352 50.165409 179.996811 -15.429298 9.798603 11.558959 2.243540 -5.255033 -3.180156 14.282877 -0.826594 6.952496 -0.000000 -12.690593 -0.000001 13.459550 -17.260834 3.656178 1.665665 -1.955920 -2.878297 4.727794 -4.170584 4.993919 11.020511 0.000001 -0.000000 12.109032 -3.735715 -2.866778 0.000000 -0.000000 0.000000 1.291985 -1.928548 -1.498088 14.800115 0.567467 3.865604 14.242553 -1.341738 -6.660648 19.631935 0.143921 -0.648243 47.647537 -0.449799 -6.663529 0.353029 -1.511150 -0.031940 20.222769 3.684305 2.316629 18.787249 0.000001 -0.000001 10.751608 -0.479870 1.397903 0.000000 -0.000000 0.000000 3.273804 0.305947 -0.580110 21.486790 11.830364 2.266131 8.162915 0.000000 -0.000000 18.399052 -3.798986 -4.940567 0.000003 0.000000 -0.000001 21.539412 -58.547161 -55.650177 14.411775 27.339851 66.206352 -26.222437 5.192112 -7.655272 0.955314 -0.927210 -5.288701 0.000000 -0.000000 0.000002 4.786751 -40.539742 -72.186790 5.899686 3.896764 93.600876 15.209592 22.372429 -12.937815 -1.032028 1.159104 -7.813491 0.000000 -0.000000 -0.000001
0.000000 0.000000 0.000000 0.000000 -0.000000 0.000000 -7.124531 -84.283958 105.671555 -38.341419 -24.995560 109.350372 0.464078 -1.720520 3.051867 0.231177 -0.016244 -1.384755 7.893805 1.731127 15.309113 5.931076 4.505744 -9.329779 2.181502 -3.328317 -3.966842 -1.548189 -7.786170 -54.896099 0.000077 -0.000022 0.000006 -0.646235 0.343401 0.063519 -0.400507 -3.104438 -8.506289 -0.883887 3.774639 -8.616753 8.685724 1.563931 9.096910 -84.921677 16.491804 -110.609818 173.904480 -32.784210 -178.643265 39.330139 11.951217 -13.488621 -5.882102 9.861279 0.702590 -10.936861 -0.360574 7.156197 0.000000 8.774815 -0.000000 -14.374340 17.324076 6.433189 -1.844031 2.498503 -2.507276 -10.163590 4.678941 4.621104 -20.975996 -0.000001 0.000001 -21.226254 2.451698 -3.593995 0.000000 -0.000006 -0.000000 -1.362681 2.240797 -0.746323 -21.334892 0.584910 3.008319 -13.821196 -0.000001 0.000001 -23.887129 -0.249075 -0.839485 -59.544975 2.466185 0.129760 -0.294025 1.679686 0.833255 -14.218195 0.093215 1.300579 -34.212002 -0.287561 0.967166 -20.033176 0.964536 1.212838 0.000000 -0.000000 0.000000 -3.440387 0.788233 0.501655 -15.928172 -3.167306 2.999703 -6.338817 -0.000000 0.000001 -18.123419 3.648181 -4.905662 -0.000004 0.000000 -0.000002 -0.124299 17.238974 3.944229 88.048698 22.783092 -42.387531 -178.548264 50.175968 179.826767 -15.273719 9.933621 11.459309 2.243540 -5.255033 -3.180156 14.282877 -0.826594 6.952496 -0.000000 -12.690593 -0.000001 13.473927 -17.306875 3.645455 1.665665 -1.955920 -2.878297 4.727794 -4.170584 4.993919 11.020511 0.000001 -0.000000 12.109032 -3.735715 -2.866778 0.000000 -0.000000 0.000000 1.291985 -1.928548 -1.498088 14.800115 0.567467 3.865604 14.242553 -1.341738 -6.660648 19.631935 0.143921 -0.648243 47.703060 -0.436760 -6.654237 0.353029 -1.511150 -0.031940 20.222769 3.684305 2.316629 18.787249 0.000001 -0.000001 10.751608 -0.479870 1.397903 0.000000 -0.000000 0.000000 3.273804 0.305947 -0.580110 21.486790 11.830364 2.266131 8.162915 0.000000 -0.000000 18.399052 -3.798986 -4.940567 0.000003 0.000000 -0.000001 21.482830 -58.509922 -55.495960 14.366138 27.419342 66.130821 -26.376925 5.119959 -7.723139 0.953360 -0.920301 -5.220873 0.000000 -0.000000 0.000002 4.814912 -40.599369 -72.130661 5.916270 3.876990 93.569550 15.099740 22.248749 -13.150568 -1.041756 1.161019 -7.730474 0.000000 -0.000000 -0.000001
0.000000 0.000000 0.000000 0.000000 -0.000000 0.000000 -7.189640 -84.265070 105.661653 -38.310078 -25.006170 109.306709 0.455831 -1.734711 3.078724 0.204285 -0.020863 -1.370382 7.946892 1.746916 15.301859 6.090112 4.407664 -9.402285 2.174945 -3.151736 -3.962175 -1.637755 -7.552212 -54.661888 0.000077 -0.000022 0.000006 -0.642938 0.344232 0.070634 -0.383028 -3.104210 -8.509511 -0.895101 3.777719 -8.633601 8.691672 1.565585 9.145479 -85.057312 16.420031 -110.851723 173.919754 -32.760544 -178.656662 39.364975 12.056424 -13.629885 -5.882102 9.861279 0.702590 -10.936861 -0.360574 7.156197 0.000000 8.774815 -0.000000 -14.363111 17.280041 6.434177 -1.844031 2.498503 -2.507276 -10.163590 4.678941 4.621104 -20.975996 -0.000001 0.000001 -21.226254 2.451698 -3.593995 0.000000 -0.000006 -0.000000 -1.362681 2.240797 -0.746323 -21.334892 0.584910 3.008319 -13.821196 -0.000001 0.000001 -23.887129 -0.249075 -0.839485 -59.585388 2.396033 0.175438 -0.294025 1.679686 0.833255 -14.218195 0.093215 1.300579 -34.212002 -0.287561 0.967166 -20.033176 0.964536 1.212838 0.000000 -0.000000 0.000000 -3.440387 0.788233 0.501655 -15.928172 -3.167306 2.999703 -6.338817 -0.000000 0.000001 -18.123419 3.648181 -4.905662 -0.000004 0.000000 -0.000002 -0.230795 17.208054 3.917100 88.162521 22.631340 -42.705067 -178.663605 50.200626 179.676987 -15.086816 10.056368 11.311749 2.243540 -5.255033 -3.180156 14.282877 -0.826594 6.952496 -0.000000 -12.690593 -0.000001 13.473409 -17.359755 3.622776 1.665665 -1.955920 -2.878297 4.727794 -4.170584 4.993919 11.020511 0.000001 -0.000000 12.109032 -3.735715 -2.866778 0.000000 -0.000000 0.000000 1.291985 -1.928548 -1.498088 14.800115 0.567467 3.865604 14.242553 -1.341738 -6.660648 19.631935 0.143921 -0.648243 47.752007 -0.406857 -6.650262 0.353029 -1.511150 -0.031940 20.222769 3.684305 2.316629 18.787249 0.000001 -0.000001 10.751608 -0.479870 1.397903 0.000000 -0.000000 0.000000 3.273804 0.305947 -0.580110 21.486790 11.830364 2.266131 8.162915 0.000000 -0.000000 18.399052 -3.798986 -4.940567 0.000003 0.000000 -0.000001 21.553139 -58.498051 -55.415016 14.331378 27.567240 66.059845 -26.534189 4.972053 -7.796852 0.957333 -0.907953 -5.156355 0.000000 -0.000000 0.000002 4.856641 -40.683392 -72.043442 5.947802 3.894809 93.547539 15.049239 22.350920 -13.361445 -1.049801 1.167250 -7.649446 0.000000 -0.000000 -0.000001
0.000000 0.000000 0.000000 0.000000 -0.000000 0.000000 -7.274617 -84.235684 105.649475 -38.228374 -25.038008 109.246216 0.450799 -1.751090 3.103559 0.174257 -0.028970 -1.351544 7.980796 1.760263 15.280766 6.288742 4.318040 -9.482526 2.149630 -3.017617 -3.950749 -1.699551 -7.334494 -54.415512 0.000077 -0.000022 0.000006 -0.645425 0.346295 0.078707 -0.373130 -3.101054 -8.509503 -0.910298 3.780234 -8.643938 8.733076 1.568719 9.164495 -85.172791 16.373821 -111.040764 173.938248 -32.752800 -178.657181 39.386391 12.171502 -13.792039 -5.882102 9.861279 0.702590 -10.936861 -0.360574 7.156197 0.000000 8.774815 -0.000000 -14.349379 17.230675 6.431180 -1.844031 2.498503 -2.507276 -10.163590 4.678941 4.621104 -20.975996 -0.000001 0.000001 -21.226254 2.451698 -3.593995 0.000000 -0.000006 -0.000000 -1.362681 2.240797 -0.746323 -21.334892 0.584910 3.008319 -13.821196 -0.000001 0.000001 -23.887129 -0.249075 -0.839485 -59.585922 2.351532 0.195661 -0.294025 1.679686 0.833255 -14.218195 0.093215 1.300579 -34.212002 -0.287561 0.967166 -20.033176 0.964536 1.212838 0.000000 -0.000000 0.000000 -3.440387 0.788233 0.501655 -15.928172 -3.167306 2.999703 -6.338817 -0.000000 0.000001 -18.123419 3.648181 -4.905662 -0.000004 0.000000 -0.000002 -0.297228 17.139570 3.890723 88.255875 22.481775 -42.983604 -178.733597 50.223404 179.586578 -14.928618 10.160655 11.175883 2.243540 -5.255033 -3.180156 14.282877 -0.826594 6.952496 -0.000000 -12.690593 -0.000001 13.467173 -17.410810 3.588466 1.665665 -1.955920 -2.878297 4.727794 -4.170584 4.993919 11.020511 0.000001 -0.000000 12.109032 -3.735715 -2.866778 0.000000 -0.000000 0.000000 1.291985 -1.928548 -1.498088 14.800115 0.567467 3.865604 14.242553 -1.341738 -6.660648 19.631935 0.143921 -0.648243 47.787312 -0.378776 -6.658715 0.353029 -1.511150 -0.031940 20.222769 3.684305 2.316629 18.787249 0.000001 -0.000001 10.751608 -0.479870 1.397903 0.000000 -0.000000 0.000000 3.273804 0.305947 -0.580110 21.486790 11.830364 2.266131 8.162915 0.000000 -0.000000 18.399052 -3.798986 -4.940567 0.000003 0.000000 -0.000001 21.711109 -58.519253 -55.403278 14.291682 27.759352 65.976883 -26.673769 4.814726 -7.824675 0.965287 -0.891120 -5.102158 0.000000 -0.000000 0.000002 4.895070 -40.786716 -71.944702 5.970041 3.929011 93.524071 15.050185 22.481232 -13.541959 -1.050967 1.174530 -7.601849 0.000000 -0.000000 -0.000001
0.000000 0.000000 0.000000 0.000000 -0.000000 0.000000 -7.365606 -84.215389 105.662538 -38.083405 -25.089766 109.166130 0.459334 -1.772308 3.116173 0.138203 -0.055675 -1.327485 8.001633 1.775391 15.250383 6.541110 4.236496 -9.567870 2.084191 -2.899693 -3.924788 -1.742905 -7.141090 -54.231873 0.000077 -0.000022 0.000006 -0.657090 0.355281 0.088261 -0.373174 -3.091361 -8.508389 -0.933781 3.789556 -8.648854 8.775691 1.559082 9.164144 -85.259789 16.352907 -111.128052 173.932007 -32.745575 -178.679993 39.409855 12.283142 -13.880423 -5.882102 9.861279 0.702590 -10.936861 -0.360574 7.156197 0.000000 8.774815 -0.000000 -14.337634 17.185253 6.417798 -1.844031 2.498503 -2.507276 -10.163590 4.678941 4.621104 -20.975996 -0.000001 0.000001 -21.226254 2.451698 -3.593995 0.000000 -0.000006 -0.000000 -1.362681 2.240797 -0.746323 -21.334892 0.584910 3.008319 -13.821196 -0.000001 0.000001 -23.887129 -0.249075 -0.839485 -59.553261 2.352592 0.175632 -0.294025 1.679686 0.833255 -14.218195 0.093215 1.300579 -34.212002 -0.287561 0.967166 -20.033176 0.964536 1.212838 0.000000 -0.000000 0.000000 -3.440387 0.788233 0.501655 -15.928172 -3.167306 2.999703 -6.338817 -0.000000 0.000001 -18.123419 3.648181 -4.905662 -0.000004 0.000000 -0.000002 -0.355044 17.045414 3.862634 88.357193 22.338640 -43.220364 -178.789627 50.236141 179.524261 -14.793469 10.234786 11.051981 2.243540 -5.255033 -3.180156 14.282877 -0.826594 6.952496 -0.000000 -12.690593 -0.000001 13.475069 -17.451689 3.535570 1.665665 -1.955920 -2.878297 4.727794 -4.170584 4.993919 11.020511 0.000001 -0.000000 12.109032 -3.735715 -2.866778 0.000000 -0.000000 0.000000 1.291985 -1.928548 -1.498088 14.800115 0.567467 3.865604 14.242553 -1.341738 -6.660648 19.631935 0.143921 -0.648243 47.823143 -0.360288 -6.683908 0.353029 -1.511150 -0.031940 20.222769 3.684305 2.316629 18.787249 0.000001 -0.000001 10.751608 -0.479870 1.397903 0.000000 -0.000000 0.000000 3.273804 0.305947 -0.580110 21.486790 11.830364 2.266131 8.162915 0.000000 -0.000000 18.399052 -3.798986 -4.940567 0.000003 0.000000 -0.000001 21.951963 -58.602028 -55.463039 14.266852 28.007961 65.859215 -26.776043 4.660390 -7.781620 0.978069 -0.877759 -5.072891 0.000000 -0.000000 0.000002 4.909747 -40.921894 -71.819565 5.986370 3.972396 93.467552 15.095133 22.569344 -13.654767 -1.040242 1.177143 -7.559233 0.000000 -0.000000 -0.000001
0.000000 0.000000 0.000000 0.000000 -0.000000 0.000000 -7.451382 -84.211360 105.723274 -37.884712 -25.130678 109.085304 0.492090 -1.807452 3.118632 0.095576 -0.089404 -1.311212 8.029410 1.782998 15.220066 6.809211 4.185480 -9.668382 2.005280 -2.821147 -3.893944 -1.749598 -6.978256 -54.144394 0.000077 -0.000022 0.000006 -0.670609 0.363158 0.096725 -0.374459 -3.084234 -8.506715 -0.959500 3.798723 -8.648602 8.806507 1.566806 9.153014 -85.342018 16.346485 -111.089355 173.894531 -32.738224 -178.726578 39.411118 12.351542 -13.857957 -5.882102 9.861279 0.702590 -10.936861 -0.360574 7.156197 0.000000 8.774815 -0.000000 -14.295995 17.134706 6.405951 -1.844031 2.498503 -2.507276 -10.163590 4.678941 4.621104 -20.975996 -0.000001 0.000001 -21.226254 2.451698 -3.593995 0.000000 -0.000006 -0.000000 -1.362681 2.240797 -0.746323 -21.334892 0.584910 3.008319 -13.821196 -0.000001 0.000001 -23.887129 -0.249075 -0.839485 -59.445705 2.388952 0.124629 -0.294025 1.679686 0.833255 -14.218195 0.093215 1.300579 -34.212002 -0.287561 0.967166 -20.033176 0.964536 1.212838 0.000000 -0.000000 0.000000 -3.440387 0.788233 0.501655 -15.928172 -3.167306 2.999703 -6.338817 -0.000000 0.000001 -18.123419 3.648181 -4.905662 -0.000004 0.000000 -0.000002 -0.418612 16.950674 3.820084 88.463150 22.173370 -43.438065 -178.821503 50.225716 179.459290 -14.639150 10.298752 11.002409 2.243540 -5.255033 -3.180156 14.282877 -0.826594 6.952496 -0.000000 -12.690593 -0.000001 13.495890 -17.489149 3.477358 1.665665 -1.955920 -2.878297 4.727794 -4.170584 4.993919 11.020511 0.000001 -0.000000 12.109032 -3.735715 -2.866778 0.000000 -0.000000 0.000000 1.291985 -1.928548 -1.498088 14.800115 0.567467 3.865604 14.242553 -1.341738 -6.660648 19.631935 0.143921 -0.648243 47.867100 -0.357130 -6.720101 0.353029 -1.511150 -0.031940 20.222769 3.684305 2.316629 18.787249 0.000001 -0.000001 10.751608 -0.479870 1.397903 0.000000 -0.000000 0.000000 3.273804 0.305947 -0.580110 21.486790 11.830364 2.266131 8.162915 0.000000 -0.000000 18.399052 -3.798986 -4.940567 0.000003 0.000000 -0.000001 22.294905 -58.714241 -55.592854 14.260329 28.320801 65.690086 -26.824064 4.492842 -7.659715 0.991887 -0.875054 -5.059692 0.000000 -0.000000 0.000002 4.951197 -41.084076 -71.690544 5.991672 4.035534 93.340805 15.197629 22.593739 -13.634872 -1.026546 1.174812 -7.504093 0.000000 -0.000000 -0.000001
0.000000 0.000000 0.000000 0.000000 -0.000000 0.000000 -7.536835 -84.229194 105.825873 -37.660648 -25.167126 109.009773 0.550200 -1.854890 3.115242 0.059044 -0.115516 -1.306469 8.048089 1.789529 15.199660 7.082865 4.157198 -9.781450 1.911939 -2.759561 -3.866994 -1.683729 -6.853277 -54.121616 0.000077 -0.000022 0.000006 -0.678342 0.375003 0.101711 -0.369779 -3.076572 -8.519650 -0.979490 3.815149 -8.656066 8.816674 1.608263 9.130437 -85.384132 16.367083 -110.899727 173.834229 -32.751247 -178.814026 39.408413 12.361690 -13.746129 -5.882102 9.861279 0.702590 -10.936861 -0.360574 7.156197 0.000000 8.774815 -0.000000 -14.250417 17.106449 6.389599 -1.844031 2.498503 -2.507276 -10.163590 4.678941 4.621104 -20.975996 -0.000001 0.000001 -21.226254 2.451698 -3.593995 0.000000 -0.000006 -0.000000 -1.362681 2.240797 -0.746323 -21.334892 0.584910 3.008319 -13.821196 -0.000001 0.000001 -23.887129 -0.249075 -0.839485 -59.310925 2.460280 0.046647 -0.294025 1.679686 0.833255 -14.218195 0.093215 1.300579 -34.212002 -0.287561 0.967166 -20.033176 0.964536 1.212838 0.000000 -0.000000 0.000000 -3.440387 0.788233 0.501655 -15.928172 -3.167306 2.999703 -6.338817 -0.000000 0.000001 -18.123419 3.648181 -4.905662 -0.000004 0.000000 -0.000002 -0.473072 16.875496 3.785643 88.527153 22.004246 -43.589157 -178.758560 50.207264 179.453751 -14.492962 10.397882 10.976036 2.243540 -5.255033 -3.180156 14.282877 -0.826594 6.952496 -0.000000 -12.690593 -0.000001 13.546067 -17.522930 3.411375 1.665665 -1.955920 -2.878297 4.727794 -4.170584 4.993919 11.020511 0.000001 -0.000000 12.109032 -3.735715 -2.866778 0.000000 -0.000000 0.000000 1.291985 -1.928548 -1.498088 14.800115 0.567467 3.865604 14.242553 -1.341738 -6.660648 19.631935 0.143921 -0.648243 47.922348 -0.368917 -6.769975 0.353029 -1.511150 -0.031940 20.222769 3.684305 2.316629 18.787249 0.000001 -0.000001 10.751608 -0.479870 1.397903 0.000000 -0.000000 0.000000 3.273804 0.305947 -0.580110 21.486790 11.830364 2.266131 8.162915 0.000000 -0.000000 18.399052 -3.798986 -4.940567 0.000003 0.000000 -0.000001 22.635267 -58.848370 -55.710716 14.268471 28.643480 65.458160 -26.808556 4.345746 -7.468415 1.006234 -0.884538 -5.034089 0.000000 -0.000000 0.000002 5.004332 -41.264561 -71.552414 6.004255 4.119801 93.159500 15.348791 22.568703 -13.492325 -1.022679 1.166465 -7.476264 0.000000 -0.000000 -0.000001
0.000000 0.000000 0.000000 0.000000 -0.000000 0.000000 -7.618458 -84.274576 105.939230 -37.452820 -25.200048 108.972015 0.622059 -1.885406 3.100820 0.051525 -0.125000 -1.314458 8.044794 1.801999 15.185794 7.317618 4.133938 -9.898580 1.838959 -2.708282 -3.849354 -1.600403 -6.777677 -54.111771 0.000077 -0.000022 0.000006 -0.677596 0.381657 0.105629 -0.358901 -3.076800 -8.546690 -0.988425 3.828904 -8.671900 8.826196 1.657624 9.110469 -85.391930 16.384165 -110.647430 173.788986 -32.824150 -178.928452 39.415806 12.338762 -13.592543 -5.882102 9.861279 0.702590 -10.936861 -0.360574 7.156197 0.000000 8.774815 -0.000000 -14.215408 17.099590 6.354238 -1.844031 2.498503 -2.507276 -10.163590 4.678941 4.621104 -20.975996 -0.000001 0.000001 -21.226254 2.451698 -3.593995 0.000000 -0.000006 -0.000000 -1.362681 2.240797 -0.746323 -21.334892 0.584910 3.008319 -13.821196 -0.000001 0.000001 -23.887129 -0.249075 -0.839485 -59.185871 2.536437 -0.044114 -0.294025 1.679686 0.833255 -14.218195 0.093215 1.300579 -34.212002 -0.287561 0.967166 -20.033176 0.964536 1.212838 0.000000 -0.000000 0.000000 -3.440387 0.788233 0.501655 -15.928172 -3.167306 2.999703 -6.338817 -0.000000 0.000001 -18.123419 3.648181 -4.905662 -0.000004 0.000000 -0.000002 -0.514745 16.827789 3.781446 88.551605 21.850687 -43.680607 -178.593353 50.175606 179.527328 -14.327477 10.520692 10.899545 2.243540 -5.255033 -3.180156 14.282877 -0.826594 6.952496 -0.000000 -12.690593 -0.000001 13.659266 -17.562241 3.329740 1.665665 -1.955920 -2.878297 4.727794 -4.170584 4.993919 11.020511 0.000001 -0.000000 12.109032 -3.735715 -2.866778 0.000000 -0.000000 0.000000 1.291985 -1.928548 -1.498088 14.800115 0.567467 3.865604 14.242553 -1.341738 -6.660648 19.631935 0.143921 -0.648243 48.019428 -0.397933 -6.825913 0.353029 -1.511150 -0.031940 20.222769 3.684305 2.316629 18.787249 0.000001 -0.000001 10.751608 -0.479870 1.397903 0.000000 -0.000000 0.000000 3.273804 0.305947 -0.580110 21.486790 11.830364 2.266131 8.162915 0.000000 -0.000000 18.399052 -3.798986 -4.940567 0.000003 0.000000 -0.000001 22.934772 -58.969490 -55.820984 14.273232 28.924858 65.211494 -26.748898 4.238672 -7.270274 1.016645 -0.898720 -4.996134 0.000000 -0.000000 0.000002 5.092394 -41.446335 -71.471169 6.031270 4.200895 92.973320 15.470838 22.400396 -13.319088 -1.032015 1.152578 -7.451168 0.000000 -0.000000 -0.000001
0.000000 0.000000 0.000000 0.000000 -0.000000 0.000000 -7.701700 -84.331904 106.020722 -37.279583 -25.217434 109.000778 0.703280 -1.892091 3.080366 0.075582 -0.098698 -1.330159 8.023703 1.815195 15.146357 7.477972 4.094735 -9.991673 1.787501 -2.683688 -3.839473 -1.439658 -6.741532 -54.135281 0.000077 -0.000022 0.000006 -0.673038 0.369525 0.108591 -0.349710 -3.098499 -8.584122 -0.987966 3.826546 -8.698519 8.846388 1.695220 9.108183 -85.373795 16.389963 -110.538712 173.856995 -32.967617 -179.090515 39.429668 12.411695 -13.461449 -5.882102 9.861279 0.702590 -10.936861 -0.360574 7.156197 0.000000 8.774815 -0.000000 -14.206049 17.108925 6.298106 -1.844031 2.498503 -2.507276 -10.163590 4.678941 4.621104 -20.975996 -0.000001 0.000001 -21.226254 2.451698 -3.593995 0.000000 -0.000006 -0.000000 -1.362681 2.240797 -0.746323 -21.334892 0.584910 3.008319 -13.821196 -0.000001 0.000001 -23.887129 -0.249075 -0.839485 -59.097660 2.591715 -0.155760 -0.294025 1.679686 0.833255 -14.218195 0.093215 1.300579 -34.212002 -0.287561 0.967166 -20.033176 0.964536 1.212838 0.000000 -0.000000 0.000000 -3.440387 0.788233 0.501655 -15.928172 -3.167306 2.999703 -6.338817 -0.000000 0.000001 -18.123419 3.648181 -4.905662 -0.000004 0.000000 -0.000002 -0.533815 16.796303 3.785190 88.518402 21.686077 -43.793983 -178.438202 50.149826 179.587067 -14.194115 10.618771 10.709560 2.243540 -5.255033 -3.180156 14.282877 -0.826594 6.952496 -0.000000 -12.690593 -0.000001 13.807922 -17.596327 3.238297 1.665665 -1.955920 -2.878297 4.727794 -4.170584 4.993919 11.020511 0.000001 -0.000000 12.109032 -3.735715 -2.866778 0.000000 -0.000000 0.000000 1.291985 -1.928548 -1.498088 14.800115 0.567467 3.865604 14.242553 -1.341738 -6.660648 19.631935 0.143921 -0.648243 48.151112 -0.430437 -6.868511 0.353029 -1.511150 -0.031940 20.222769 3.684305 2.316629 18.787249 0.000001 -0.000001 10.751608 -0.479870 1.397903 0.000000 -0.000000 0.000000 3.273804 0.305947 -0.580110 21.486790 11.830364 2.266131 8.162915 0.000000 -0.000000 18.399052 -3.798986 -4.940567 0.000003 0.000000 -0.000001 23.255531 -59.033314 -55.996941 14.270224 29.140518 65.033699 -26.654997 4.121185 -7.140441 1.019275 -0.916283 -4.933140 0.000000 -0.000000 0.000002 5.211887 -41.588890 -71.473106 6.049501 4.248240 92.840652 15.538358 22.228828 -13.175565 -1.050036 1.139567 -7.398695 0.000000 -0.000000 -0.000001
0.000000 0.000000 0.000000 0.000000 -0.000000 0.000000 -7.786745 -84.378145 106.039535 -37.106018 -25.232950 109.064987 0.790202 -1.874586 3.063384 0.117992 -0.054178 -1.351525 7.995056 1.820762 15.074169 7.566577 4.030857 -10.044477 1.775283 -2.701593 -3.841958 -1.276747 -6.724302 -54.176147 0.000077 -0.000022 0.000006 -0.668698 0.335396 0.111842 -0.342863 -3.140454 -8.618768 -0.985626 3.800509 -8.726764 8.905804 1.697274 9.111369 -85.367233 16.397635 -110.593170 174.034515 -33.145302 -179.296387 39.462994 12.564539 -13.289416 -5.882102 9.861279 0.702590 -10.936861 -0.360574 7.156197 0.000000 8.774815 -0.000000 -14.214876 17.127262 6.258995 -1.844031 2.498503 -2.507276 -10.163590 4.678941 4.621104 -20.975996 -0.000001 0.000001 -21.226254 2.451698 -3.593995 0.000000 -0.000006 -0.000000 -1.362681 2.240797 -0.746323 -21.334892 0.584910 3.008319 -13.821196 -0.000001 0.000001 -23.887129 -0.249075 -0.839485 -59.077988 2.628170 -0.254876 -0.294025 1.679686 0.833255 -14.218195 0.093215 1.300579 -34.212002 -0.287561 0.967166 -20.033176 0.964536 1.212838 0.000000 -0.000000 0.000000 -3.440387 0.788233 0.501655 -15.928172 -3.167306 2.999703 -6.338817 -0.000000 0.000001 -18.123419 3.648181 -4.905662 -0.000004 0.000000 -0.000002 -0.516435 16.745798 3.809483 88.444748 21.522907 -43.920940 -178.371887 50.137253 179.566620 -14.151056 10.730502 10.473113 2.243540 -5.255033 -3.180156 14.282877 -0.826594 6.952496 -0.000000 -12.690593 -0.000001 13.972533 -17.620001 3.137231 1.665665 -1.955920 -2.878297 4.727794 -4.170584 4.993919 11.020511 0.000001 -0.000000 12.109032 -3.735715 -2.866778 0.000000 -0.000000 0.000000 1.291985 -1.928548 -1.498088 14.800115 0.567467 3.865604 14.242553 -1.341738 -6.660648 19.631935 0.143921 -0.648243 48.301304 -0.442764 -6.906271 0.353029 -1.511150 -0.031940 20.222769 3.684305 2.316629 18.787249 0.000001 -0.000001 10.751608 -0.479870 1.397903 0.000000 -0.000000 0.000000 3.273804 0.305947 -0.580110 21.486790 11.830364 2.266131 8.162915 0.000000 -0.000000 18.399052 -3.798986 -4.940567 0.000003 0.000000 -0.000001 23.665922 -59.046188 -56.306751 14.272627 29.318079 64.993553 -26.533592 3.948039 -7.071132 1.021531 -0.927758 -4.845104 0.000000 -0.000000 0.000002 5.357773 -41.721413 -71.558296 6.059380 4.271679 92.808624 15.615767 22.174486 -13.078938 -1.064889 1.134314 -7.379579 0.000000 -0.000000 -0.000001
0.000000 0.000000 0.000000 0.000000 -0.000000 0.000000 -7.865525 -84.397928 106.005991 -36.909393 -25.234629 109.139877 0.898991 -1.853326 3.038810 0.154435 0.011032 -1.385544 7.992982 1.807617 14.997675 7.580600 3.955138 -10.051344 1.792266 -2.773614 -3.860438 -1.102047 -6.742321 -54.235313 0.000077 -0.000022 0.000006 -0.670086 0.307733 0.114058 -0.344731 -3.172496 -8.653038 -0.986451 3.777605 -8.760647 8.968948 1.676994 9.116478 -85.358322 16.400465 -110.666855 174.255707 -33.341782 -179.572723 39.540947 12.680859 -12.911789 -5.882102 9.861279 0.702590 -10.936861 -0.360574 7.156197 0.000000 8.774815 -0.000000 -14.316127 17.176205 6.218770 -1.844031 2.498503 -2.507276 -10.163590 4.678941 4.621104 -20.975996 -0.000001 0.000001 -21.226254 2.451698 -3.593995 0.000000 -0.000006 -0.000000 -1.362681 2.240797 -0.746323 -21.334892 0.584910 3.008319 -13.821196 -0.000001 0.000001 -23.887129 -0.249075 -0.839485 -59.177620 2.652660 -0.346112 -0.294025 1.679686 0.833255 -14.218195 0.093215 1.300579 -34.212002 -0.287561 0.967166 -20.033176 0.964536 1.212838 0.000000 -0.000000 0.000000 -3.440387 0.788233 0.501655 -15.928172 -3.167306 2.999703 -6.338817 -0.000000 0.000001 -18.123419 3.648181 -4.905662 -0.000004 0.000000 -0.000002 -0.486890 16.671003 3.863620 88.361320 21.367266 -44.080505 -178.471069 50.112770 179.428146 -14.243212 10.840926 10.288524 2.243540 -5.255033 -3.180156 14.282877 -0.826594 6.952496 -0.000000 -12.690593 -0.000001 14.172964 -17.626057 3.018928 1.665665 -1.955920 -2.878297 4.727794 -4.170584 4.993919 11.020511 0.000001 -0.000000 12.109032 -3.735715 -2.866778 0.000000 -0.000000 0.000000 1.291985 -1.928548 -1.498088 14.800115 0.567467 3.865604 14.242553 -1.341738 -6.660648 19.631935 0.143921 -0.648243 48.472916 -0.423600 -6.941154 0.353029 -1.511150 -0.031940 20.222769 3.684305 2.316629 18.787249 0.000001 -0.000001 10.751608 -0.479870 1.397903 0.000000 -0.000000 0.000000 3.273804 0.305947 -0.580110 21.486790 11.830364 2.266131 8.162915 0.000000 -0.000000 18.399052 -3.798986 -4.940567 0.000003 0.000000 -0.000001 24.210344 -59.008034 -56.758881 14.287514 29.497765 65.078346 -26.365345 3.699898 -7.011968 1.015978 -0.935189 -4.786236 0.000000 -0.000000 0.000002 5.530080 -41.864910 -71.697762 6.062372 4.253766 92.841721 15.714631 22.225668 -13.014803 -1.073338 1.143314 -7.474595 0.000000 -0.000000 -0.000001
0.000000 0.000000 0.000000 0.000000 -0.000000 0.000000 -7.939027 -84.380375 105.940672 -36.611565 -25.217398 109.172012 1.053992 -1.839808 3.015389 0.194521 0.077536 -1.436898 8.010941 1.784769 14.930431 7.629843 3.875000 -10.074595 1.777687 -2.932433 -3.881094 -0.914798 -6.873694 -54.265865 0.000077 -0.000022 0.000006 -0.672608 0.305735 0.115493 -0.344709 -3.171939 -8.678396 -0.992030 3.773850 -8.793506 9.080680 1.609085 9.073299 -85.334564 16.378302 -110.518097 174.410660 -33.532333 -179.899155 39.682808 12.606521 -12.267651 -5.882102 9.861279 0.702590 -10.936861 -0.360574 7.156197 0.000000 8.774815 -0.000000 -14.526330 17.250431 6.139618 -1.844031 2.498503 -2.507276 -10.163590 4.678941 4.621104 -20.975996 -0.000001 0.000001 -21.226254 2.451698 -3.593995 0.000000 -0.000006 -0.000000 -1.362681 2.240797 -0.746323 -21.334892 0.584910 3.008319 -13.821196 -0.000001 0.000001 -23.887129 -0.249075 -0.839485 -59.386356 2.681649 -0.469037 -0.294025 1.679686 0.833255 -14.218195 0.093215 1.300579 -34.212002 -0.287561 0.967166 -20.033176 0.964536 1.212838 0.000000 -0.000000 0.000000 -3.440387 0.788233 0.501655 -15.928172 -3.167306 2.999703 -6.338817 -0.000000 0.000001 -18.123419 3.648181 -4.905662 -0.000004 0.000000 -0.000002 -0.425248 16.547945 3.966760 88.282631 21.246449 -44.265602 -178.693771 50.008091 179.151505 -14.471534 10.953726 10.330010 2.243540 -5.255033 -3.180156 14.282877 -0.826594 6.952496 -0.000000 -12.690593 -0.000001 14.440794 -17.637157 2.874339 1.665665 -1.955920 -2.878297 4.727794 -4.170584 4.993919 11.020511 0.000001 -0.000000 12.109032 -3.735715 -2.866778 0.000000 -0.000000 0.000000 1.291985 -1.928548 -1.498088 14.800115 0.567467 3.865604 14.242553 -1.341738 -6.660648 19.631935 0.143921 -0.648243 48.735458 -0.397298 -6.984062 0.353029 -1.511150 -0.031940 20.222769 3.684305 2.316629 18.787249 0.000001 -0.000001 10.751608 -0.479870 1.397903 0.000000 -0.000000 0.000000 3.273804 0.305947 -0.580110 21.486790 11.830364 2.266131 8.162915 0.000000 -0.000000 18.399052 -3.798986 -4.940567 0.000003 0.000000 -0.000001 24.965719 -59.019596 -57.390869 14.316120 29.743940 65.244186 -26.116129 3.517164 -7.072832 1.009186 -0.938630 -4.806363 0.000000 -0.000000 0.000002 5.731598 -42.087273 -71.837311 6.076234 4.206228 92.888107 15.855159 22.423212 -12.952873 -1.070111 1.164544 -7.721676 0.000000 -0.000000 -0.000001
0.000000 0.000000 0.000000 0.000000 -0.000000 0.000000 -8.008812 -84.352974 105.848578 -36.203690 -25.160242 109.119186 1.255127 -1.816263 2.994529 0.257498 0.112540 -1.483341 7.984506 1.773942 14.864865 7.847536 3.804005 -10.196729 1.641808 -3.155844 -3.868308 -0.712144 -7.108203 -54.169193 0.000077 -0.000022 0.000006 -0.678237 0.338822 0.114805 -0.339276 -3.137519 -8.716184 -1.009694 3.807271 -8.839037 9.226994 1.497340 8.955395 -85.189362 16.430199 -109.886208 174.266922 -33.724323 179.836609 39.886620 12.183432 -11.484805 -5.882102 9.861279 0.702590 -10.936861 -0.360574 7.156197 0.000000 8.774815 -0.000000 -14.821381 17.312046 5.995087 -1.844031 2.498503 -2.507276 -10.163590 4.678941 4.621104 -20.975996 -0.000001 0.000001 -21.226254 2.451698 -3.593995 0.000000 -0.000006 -0.000000 -1.362681 2.240797 -0.746323 -21.334892 0.584910 3.008319 -13.821196 -0.000001 0.000001 -23.887129 -0.249075 -0.839485 -59.597267 2.731197 -0.657023 -0.294025 1.679686 0.833255 -14.218195 0.093215 1.300579 -34.212002 -0.287561 0.967166 -20.033176 0.964536 1.212838 0.000000 -0.000000 0.000000 -3.440387 0.788233 0.501655 -15.928172 -3.167306 2.999703 -6.338817 -0.000000 0.000001 -18.123419 3.648181 -4.905662 -0.000004 0.000000 -0.000002 -0.288819 16.411179 4.063033 88.221039 21.094629 -44.441566 -178.937027 49.843178 178.875397 -14.789784 11.056012 10.317953 2.243540 -5.255033 -3.180156 14.282877 -0.826594 6.952496 -0.000000 -12.690593 -0.000001 14.707726 -17.631163 2.726175 1.665665 -1.955920 -2.878297 4.727794 -4.170584 4.993919 11.020511 0.000001 -0.000000 12.109032 -3.735715 -2.866778 0.000000 -0.000000 0.000000 1.291985 -1.928548 -1.498088 14.800115 0.567467 3.865604 14.242553 -1.341738 -6.660648 19.631935 0.143921 -0.648243 49.059456 -0.376797 -7.012087 0.353029 -1.511150 -0.031940 20.222769 3.684305 2.316629 18.787249 0.000001 -0.000001 10.751608 -0.479870 1.397903 0.000000 -0.000000 0.000000 3.273804 0.305947 -0.580110 21.486790 11.830364 2.266131 8.162915 0.000000 -0.000000 18.399052 -3.798986 -4.940567 0.000003 0.000000 -0.000001 25.798437 -59.128143 -58.045216 14.297301 30.071817 65.461311 -25.736454 3.701508 -7.502396 1.007978 -0.929740 -4.855832 0.000000 -0.000000 0.000002 5.906531 -42.373253 -71.865967 6.102705 4.194844 92.953613 16.124949 23.008799 -12.788256 -1.069759 1.207347 -8.059732 0.000000 -0.000000 -0.000001
