HIERARCHY
ROOT Root
{
  OFFSET 0.000000 0.000000 0.000000
  CHANNELS 6 Xposition Yposition Zposition Zrotation Yrotation Xrotation
  JOINT Hips
  {
    OFFSET 0.000000 100.000000 0.000000
    CHANNELS 6 Xposition Yposition Zposition Zrotation Yrotation Xrotation
    JOINT Spine1
    {
      OFFSET -0.013727 5.003763 -0.053727
      CHANNELS 3 Zrotation Yrotation Xrotation
      JOINT Spine2
      {
        OFFSET -0.000000 7.125301 -0.029825
        CHANNELS 3 Zrotation Yrotation Xrotation
        JOINT Chest
        {
          OFFSET -0.000001 7.550063 -0.815971
          CHANNELS 3 Zrotation Yrotation Xrotation
          JOINT Neck1
          {
            OFFSET -0.181677 26.311295 -0.553348
            CHANNELS 3 Zrotation Yrotation Xrotation
            JOINT Neck2
            {
              OFFSET -0.000003 7.709397 2.302585
              CHANNELS 3 Zrotation Yrotation Xrotation
              JOINT Head
              {
                OFFSET -0.000005 6.128916 1.953709
                CHANNELS 3 Zrotation Yrotation Xrotation
                JOINT HeadEnd
                {
                  OFFSET 0.003598 16.065403 -1.835379
                  CHANNELS 3 Zrotation Yrotation Xrotation
                }
                JOINT Jaw
                {
                  OFFSET 0.002637 0.475592 3.094941
                  CHANNELS 3 Zrotation Yrotation Xrotation
                }
                JOINT LeftEye
                {
                  OFFSET 3.206381 5.380205 7.586883
                  CHANNELS 3 Zrotation Yrotation Xrotation
                }
                JOINT RightEye
                {
                  OFFSET -3.222440 5.361869 7.558234
                  CHANNELS 3 Zrotation Yrotation Xrotation
                }
              }
            }
          }
          JOINT LeftShoulder
          {
            OFFSET 1.621652 23.237164 5.113413
            CHANNELS 3 Zrotation Yrotation Xrotation
            JOINT LeftArm
            {
              OFFSET 14.919846 0.000002 -5.502326
              CHANNELS 3 Zrotation Yrotation Xrotation
              JOINT LeftForeArm
              {
                OFFSET 28.739307 0.000000 -0.002588
                CHANNELS 3 Zrotation Yrotation Xrotation
                JOINT LeftHand
                {
                  OFFSET 27.093981 -0.000001 0.002609
                  CHANNELS 3 Zrotation Yrotation Xrotation
                  JOINT LeftHandThumb1
                  {
                    OFFSET 2.276482 -1.392045 3.191413
                    CHANNELS 3 Zrotation Yrotation Xrotation
                    JOINT LeftHandThumb2
                    {
                      OFFSET 4.012836 -1.828127 1.641654
                      CHANNELS 3 Zrotation Yrotation Xrotation
                      JOINT LeftHandThumb3
                      {
                        OFFSET 2.798515 0.000000 -0.000003
                        CHANNELS 3 Zrotation Yrotation Xrotation
                        JOINT LeftHandThumbEnd
                        {
                          OFFSET 3.180793 -0.000004 0.000004
                          CHANNELS 3 Zrotation Yrotation Xrotation
                        }
                      }
                    }
                  }
                  JOINT LeftHandIndex1
                  {
                    OFFSET 3.247555 -0.531998 2.296169
                    CHANNELS 3 Zrotation Yrotation Xrotation
                    JOINT LeftHandIndex2
                    {
                      OFFSET 6.364578 0.012060 0.178600
                      CHANNELS 3 Zrotation Yrotation Xrotation
                      JOINT LeftHandIndex3
                      {
                        OFFSET 3.662364 0.000000 0.000000
                        CHANNELS 3 Zrotation Yrotation Xrotation
                        JOINT LeftHandIndex4
                        {
                          OFFSET 2.329242 0.000004 0.000004
                          CHANNELS 3 Zrotation Yrotation Xrotation
                          JOINT LeftHandIndexEnd
                          {
                            OFFSET 2.759615 -0.180537 -0.113024
                            CHANNELS 3 Zrotation Yrotation Xrotation
                          }
                        }
                      }
                    }
                  }
                  JOINT LeftHandMiddle1
                  {
                    OFFSET 3.163495 0.240981 1.000332
                    CHANNELS 3 Zrotation Yrotation Xrotation
                    JOINT LeftHandMiddle2
                    {
                      OFFSET 6.190780 -0.259278 -1.002548
                      CHANNELS 3 Zrotation Yrotation Xrotation
                      JOINT LeftHandMiddle3
                      {
                        OFFSET 4.356520 -0.000004 -0.000001
                        CHANNELS 3 Zrotation Yrotation Xrotation
                        JOINT LeftHandMiddle4
                        {
                          OFFSET 2.996877 -0.000008 0.000000
                          CHANNELS 3 Zrotation Yrotation Xrotation
                          JOINT LeftHandMiddleEnd
                          {
                            OFFSET 2.304287 -0.294569 -0.031741
                            CHANNELS 3 Zrotation Yrotation Xrotation
                          }
                        }
                      }
                    }
                  }
                  JOINT LeftHandRing1
                  {
                    OFFSET 2.882643 -0.053652 -0.322543
                    CHANNELS 3 Zrotation Yrotation Xrotation
                    JOINT LeftHandRing2
                    {
                      OFFSET 5.854541 -0.486202 -1.373841
                      CHANNELS 3 Zrotation Yrotation Xrotation
                      JOINT LeftHandRing3
                      {
                        OFFSET 4.350578 0.000000 0.000003
                        CHANNELS 3 Zrotation Yrotation Xrotation
                        JOINT LeftHandRing4
                        {
                          OFFSET 2.651321 0.000007 0.000002
                          CHANNELS 3 Zrotation Yrotation Xrotation
                          JOINT LeftHandRingEnd
                          {
                            OFFSET 1.936105 0.077687 -0.000071
                            CHANNELS 3 Zrotation Yrotation Xrotation
                          }
                        }
                      }
                    }
                  }
                  JOINT LeftHandPinky1
                  {
                    OFFSET 2.865500 -0.310005 -1.600378
                    CHANNELS 3 Zrotation Yrotation Xrotation
                    JOINT LeftHandPinky2
                    {
                      OFFSET 5.087849 -1.331141 -1.771230
                      CHANNELS 3 Zrotation Yrotation Xrotation
                      JOINT LeftHandPinky3
                      {
                        OFFSET 3.070974 0.000004 0.000000
                        CHANNELS 3 Zrotation Yrotation Xrotation
                        JOINT LeftHandPinky4
                        {
                          OFFSET 1.549672 0.000000 0.000001
                          CHANNELS 3 Zrotation Yrotation Xrotation
                          JOINT LeftHandPinkyEnd
                          {
                            OFFSET 1.944893 -0.157802 0.057219
                            CHANNELS 3 Zrotation Yrotation Xrotation
                          }
                        }
                      }
                    }
                  }
                }
              }
            }
          }
          JOINT RightShoulder
          {
            OFFSET -1.380118 23.180309 5.214158
            CHANNELS 3 Zrotation Yrotation Xrotation
            JOINT RightArm
            {
              OFFSET -15.037196 0.000012 -5.545604
              CHANNELS 3 Zrotation Yrotation Xrotation
              JOINT RightForeArm
              {
                OFFSET -28.736639 0.000002 -0.002597
                CHANNELS 3 Zrotation Yrotation Xrotation
                JOINT RightHand
                {
                  OFFSET -27.133619 -0.000000 0.002613
                  CHANNELS 3 Zrotation Yrotation Xrotation
                  JOINT RightHandThumb1
                  {
                    OFFSET -2.274032 -1.383988 3.163127
                    CHANNELS 3 Zrotation Yrotation Xrotation
                    JOINT RightHandThumb2
                    {
                      OFFSET -4.011429 -1.827466 1.640914
                      CHANNELS 3 Zrotation Yrotation Xrotation
                      JOINT RightHandThumb3
                      {
                        OFFSET -2.794935 -0.000004 -0.000003
                        CHANNELS 3 Zrotation Yrotation Xrotation
                        JOINT RightHandThumbEnd
                        {
                          OFFSET -3.183852 0.000004 0.000001
                          CHANNELS 3 Zrotation Yrotation Xrotation
                        }
                      }
                    }
                  }
                  JOINT RightHandIndex1
                  {
                    OFFSET -3.253266 -0.520057 2.282866
                    CHANNELS 3 Zrotation Yrotation Xrotation
                    JOINT RightHandIndex2
                    {
                      OFFSET -6.341917 0.012471 0.178266
                      CHANNELS 3 Zrotation Yrotation Xrotation
                      JOINT RightHandIndex3
                      {
                        OFFSET -3.654871 -0.000008 -0.000000
                        CHANNELS 3 Zrotation Yrotation Xrotation
                        JOINT RightHandIndex4
                        {
                          OFFSET -2.327586 0.000000 0.000001
                          CHANNELS 3 Zrotation Yrotation Xrotation
                          JOINT RightHandIndexEnd
                          {
                            OFFSET -2.761790 -0.180656 -0.113078
                            CHANNELS 3 Zrotation Yrotation Xrotation
                          }
                        }
                      }
                    }
                  }
                  JOINT RightHandMiddle1
                  {
                    OFFSET -3.168106 0.246593 1.001030
                    CHANNELS 3 Zrotation Yrotation Xrotation
                    JOINT RightHandMiddle2
                    {
                      OFFSET -6.180828 -0.258836 -1.000895
                      CHANNELS 3 Zrotation Yrotation Xrotation
                      JOINT RightHandMiddle3
                      {
                        OFFSET -4.348901 0.000000 -0.000000
                        CHANNELS 3 Zrotation Yrotation Xrotation
                        JOINT RightHandMiddle4
                        {
                          OFFSET -3.000240 -0.000004 -0.000002
                          CHANNELS 3 Zrotation Yrotation Xrotation
                          JOINT RightHandMiddleEnd
                          {
                            OFFSET -2.302520 -0.294370 -0.031706
                            CHANNELS 3 Zrotation Yrotation Xrotation
                          }
                        }
                      }
                    }
                  }
                  JOINT RightHandRing1
                  {
                    OFFSET -2.885690 -0.067952 -0.308858
                    CHANNELS 3 Zrotation Yrotation Xrotation
                    JOINT RightHandRing2
                    {
                      OFFSET -5.854198 -0.486130 -1.373731
                      CHANNELS 3 Zrotation Yrotation Xrotation
                      JOINT RightHandRing3
                      {
                        OFFSET -4.338810 -0.000004 -0.000000
                        CHANNELS 3 Zrotation Yrotation Xrotation
                        JOINT RightHandRing4
                        {
                          OFFSET -2.654903 -0.000004 0.000004
                          CHANNELS 3 Zrotation Yrotation Xrotation
                          JOINT RightHandRingEnd
                          {
                            OFFSET -1.933568 0.077527 -0.000052
                            CHANNELS 3 Zrotation Yrotation Xrotation
                          }
                        }
                      }
                    }
                  }
                  JOINT RightHandPinky1
                  {
                    OFFSET -2.866425 -0.342796 -1.584145
                    CHANNELS 3 Zrotation Yrotation Xrotation
                    JOINT RightHandPinky2
                    {
                      OFFSET -5.091371 -1.332055 -1.772385
                      CHANNELS 3 Zrotation Yrotation Xrotation
                      JOINT RightHandPinky3
                      {
                        OFFSET -3.062664 -0.000004 0.000001
                        CHANNELS 3 Zrotation Yrotation Xrotation
                        JOINT RightHandPinky4
                        {
                          OFFSET -1.546529 0.000004 -0.000002
                          CHANNELS 3 Zrotation Yrotation Xrotation
                          JOINT RightHandPinkyEnd
                          {
                            OFFSET -1.945119 -0.157718 0.057211
                            CHANNELS 3 Zrotation Yrotation Xrotation
                          }
                        }
                      }
                    }
                  }
                }
              }
            }
          }
        }
      }
    }
    JOINT LeftLeg
    {
      OFFSET 10.043214 -8.434526 2.595655
      CHANNELS 3 Zrotation Yrotation Xrotation
      JOINT LeftShin
      {
        OFFSET -0.000001 -43.221752 -0.802913
        CHANNELS 3 Zrotation Yrotation Xrotation
        JOINT LeftFoot
        {
          OFFSET 0.000001 -42.155094 -3.481523
          CHANNELS 3 Zrotation Yrotation Xrotation
          JOINT LeftToeBase
          {
            OFFSET 0.000000 -5.059472 13.231529
            CHANNELS 3 Zrotation Yrotation Xrotation
            JOINT LeftToeEnd
            {
              OFFSET -0.009607 -1.647619 6.513017
              CHANNELS 3 Zrotation Yrotation Xrotation
            }
          }
        }
      }
    }
    JOINT RightLeg
    {
      OFFSET -10.047278 -8.295260 2.620317
      CHANNELS 3 Zrotation Yrotation Xrotation
      JOINT RightShin
      {
        OFFSET 0.000001 -43.362206 -0.805556
        CHANNELS 3 Zrotation Yrotation Xrotation
        JOINT RightFoot
        {
          OFFSET 0.000002 -42.117393 -3.478398
          CHANNELS 3 Zrotation Yrotation Xrotation
          JOINT RightToeBase
          {
            OFFSET -0.000000 -5.079609 13.284196
            CHANNELS 3 Zrotation Yrotation Xrotation
            JOINT RightToeEnd
            {
              OFFSET 0.009532 -1.634378 6.460591
              CHANNELS 3 Zrotation Yrotation Xrotation
            }
          }
        }
      }
    }
  }
}
MOTION
Frames: 105
Frame Time: 0.03333333
0.000000 0.000000 0.000000 0.000000 -0.000000 0.000000 -3.175975 -0.797408 2.183821 -5.965005 -0.878783 -5.306903 2.069734 0.353577 0.189064 -0.459457 -0.133809 -4.802883 0.885808 -2.053278 15.506514 4.824301 0.465221 2.473794 -1.990350 -4.774925 -3.617996 3.003018 -8.077533 -15.445601 0.000077 -0.000022 0.000006 -0.005419 -0.017322 0.008206 0.653829 -3.740792 -10.455453 -0.660414 3.703304 -10.498267 -1.786562 -5.088428 15.324009 -74.664238 -4.619667 4.998212 0.859916 -25.715662 0.003765 11.704609 2.146066 -0.626263 -5.882102 9.861279 0.702590 -10.936861 -0.360574 7.156197 0.000000 8.774815 -0.000000 -16.784935 18.228024 5.644290 -1.844031 2.498503 -2.507276 -10.163590 4.678941 4.621104 -20.975996 -0.000001 0.000001 -21.226254 2.451698 -3.593995 0.000000 -0.000006 -0.000000 -1.362681 2.240797 -0.746323 -21.334892 0.584910 3.008319 -13.821196 -0.000001 0.000001 -23.887129 -0.249075 -0.839485 -60.536297 2.774323 -1.114286 -0.294025 1.679686 0.833255 -14.218195 0.093215 1.300579 -34.212002 -0.287561 0.967166 -20.033176 0.964536 1.212838 0.000000 -0.000000 0.000000 -3.440387 0.788233 0.501655 -15.928172 -3.167306 2.999703 -6.338817 -0.000000 0.000001 -18.123419 3.648181 -4.905662 -0.000004 0.000000 -0.000002 12.617477 8.282214 18.108326 65.836037 15.901914 1.762899 -0.945485 22.193411 -0.380070 -12.446416 2.274818 12.433507 2.243540 -5.255033 -3.180156 14.282877 -0.826594 6.952496 -0.000000 -12.690593 -0.000001 16.049801 -17.447659 2.633152 1.665665 -1.955920 -2.878297 4.727794 -4.170584 4.993919 11.020511 0.000001 -0.000000 12.109032 -3.735715 -2.866778 0.000000 -0.000000 0.000000 1.291985 -1.928548 -1.498088 14.800115 0.567467 3.865604 14.242553 -1.341738 -6.660648 19.631935 0.143921 -0.648243 49.461414 -0.224172 -6.254017 0.353029 -1.511150 -0.031940 20.222769 3.684305 2.316629 18.787249 0.000001 -0.000001 10.751608 -0.479870 1.397903 0.000000 -0.000000 0.000000 3.273804 0.305947 -0.580110 21.486790 11.830364 2.266131 8.162915 0.000000 -0.000000 18.399052 -3.798986 -4.940567 0.000003 0.000000 -0.000001 15.864595 2.754985 -3.424466 -0.052422 -0.693858 58.045380 5.938421 12.128543 18.513550 2.271631 -2.209126 -4.710505 0.000000 -0.000000 0.000002 8.687841 -19.302734 -3.478709 0.026653 -0.327906 14.053742 -1.398623 -12.663996 -6.890514 -1.383182 0.836314 -1.305263 0.000000 -0.000000 -0.000001
0.000000 0.000000 0.000000 0.000000 -0.000000 0.000000 -4.438108 -0.730048 4.399785 -5.492786 -1.601818 -5.463406 2.115241 0.449837 0.597363 -0.383039 0.332110 -4.635425 0.797206 -1.763323 15.148882 4.400196 0.682435 2.863737 -2.006994 -4.948723 -3.570167 3.204895 -8.072868 -15.833925 0.000077 -0.000022 0.000006 -0.020344 -0.054051 0.019235 0.630087 -3.791298 -10.473197 -0.667958 3.678486 -10.505813 -1.726433 -4.274016 15.555879 -75.733101 -3.598274 6.417116 0.234660 -26.419914 0.138138 9.410445 1.243738 0.267009 -5.882102 9.861279 0.702590 -10.936861 -0.360574 7.156197 0.000000 8.774815 -0.000000 -16.898516 18.151953 5.507516 -1.844031 2.498503 -2.507276 -10.163590 4.678941 4.621104 -20.975996 -0.000001 0.000001 -21.226254 2.451698 -3.593995 0.000000 -0.000006 -0.000000 -1.362681 2.240797 -0.746323 -21.334892 0.584910 3.008319 -13.821196 -0.000001 0.000001 -23.887129 -0.249075 -0.839485 -60.657257 2.813910 -1.181785 -0.294025 1.679686 0.833255 -14.218195 0.093215 1.300579 -34.212002 -0.287561 0.967166 -20.033176 0.964536 1.212838 0.000000 -0.000000 0.000000 -3.440387 0.788233 0.501655 -15.928172 -3.167306 2.999703 -6.338817 -0.000000 0.000001 -18.123419 3.648181 -4.905662 -0.000004 0.000000 -0.000002 11.145348 8.923323 17.936161 66.176155 17.000084 1.964325 -0.385252 22.027088 -0.240543 -13.201815 2.211755 12.042268 2.243540 -5.255033 -3.180156 14.282877 -0.826594 6.952496 -0.000000 -12.690593 -0.000001 16.276398 -17.521839 2.558299 1.665665 -1.955920 -2.878297 4.727794 -4.170584 4.993919 11.020511 0.000001 -0.000000 12.109032 -3.735715 -2.866778 0.000000 -0.000000 0.000000 1.291985 -1.928548 -1.498088 14.800115 0.567467 3.865604 14.242553 -1.341738 -6.660648 19.631935 0.143921 -0.648243 49.639748 -0.268680 -6.250504 0.353029 -1.511150 -0.031940 20.222769 3.684305 2.316629 18.787249 0.000001 -0.000001 10.751608 -0.479870 1.397903 0.000000 -0.000000 0.000000 3.273804 0.305947 -0.580110 21.486790 11.830364 2.266131 8.162915 0.000000 -0.000000 18.399052 -3.798986 -4.940567 0.000003 0.000000 -0.000001 14.025759 3.668521 -7.385466 -0.065704 -0.432940 60.587746 3.353174 8.389577 13.098145 2.158511 -2.177178 -4.478263 0.000000 -0.000000 0.000002 8.526931 -18.465765 -1.014098 0.050981 -0.372986 12.688366 -1.062603 -12.590790 -7.930282 -1.403473 0.814129 -1.050134 0.000000 -0.000000 -0.000001
0.000000 0.000000 0.000000 0.000000 -0.000000 0.000000 -5.596185 -0.514550 6.498699 -4.704970 -2.596100 -5.373461 2.051045 0.539927 0.892601 -0.345181 0.801321 -4.504517 0.589614 -1.350339 14.806912 3.894399 0.930006 3.159520 -2.021417 -4.947115 -3.540645 3.312596 -8.098547 -16.026756 0.000077 -0.000022 0.000006 -0.027604 -0.094056 0.031331 0.610551 -3.840080 -10.488432 -0.664541 3.645760 -10.516699 -2.019899 -3.400879 15.849010 -76.277390 -2.525027 7.484145 -0.218378 -27.437849 0.229746 7.346573 0.529080 0.846932 -5.882102 9.861279 0.702590 -10.936861 -0.360574 7.156197 0.000000 8.774815 -0.000000 -16.837797 18.142252 5.507912 -1.844031 2.498503 -2.507276 -10.163590 4.678941 4.621104 -20.975996 -0.000001 0.000001 -21.226254 2.451698 -3.593995 0.000000 -0.000006 -0.000000 -1.362681 2.240797 -0.746323 -21.334892 0.584910 3.008319 -13.821196 -0.000001 0.000001 -23.887129 -0.249075 -0.839485 -60.760052 2.848855 -1.291535 -0.294025 1.679686 0.833255 -14.218195 0.093215 1.300579 -34.212002 -0.287561 0.967166 -20.033176 0.964536 1.212838 0.000000 -0.000000 0.000000 -3.440387 0.788233 0.501655 -15.928172 -3.167306 2.999703 -6.338817 -0.000000 0.000001 -18.123419 3.648181 -4.905662 -0.000004 0.000000 -0.000002 9.749013 9.636621 17.689960 66.506065 18.070063 2.172260 0.025339 22.223991 -0.185559 -13.754608 2.129677 12.279642 2.243540 -5.255033 -3.180156 14.282877 -0.826594 6.952496 -0.000000 -12.690593 -0.000001 16.421753 -17.577499 2.483725 1.665665 -1.955920 -2.878297 4.727794 -4.170584 4.993919 11.020511 0.000001 -0.000000 12.109032 -3.735715 -2.866778 0.000000 -0.000000 0.000000 1.291985 -1.928548 -1.498088 14.800115 0.567467 3.865604 14.242553 -1.341738 -6.660648 19.631935 0.143921 -0.648243 49.667744 -0.323968 -6.305821 0.353029 -1.511150 -0.031940 20.222769 3.684305 2.316629 18.787249 0.000001 -0.000001 10.751608 -0.479870 1.397903 0.000000 -0.000000 0.000000 3.273804 0.305947 -0.580110 21.486790 11.830364 2.266131 8.162915 0.000000 -0.000000 18.399052 -3.798986 -4.940567 0.000003 0.000000 -0.000001 11.460107 4.546490 -11.411589 -0.016603 -0.165442 60.118881 0.668077 5.125585 8.661829 2.010398 -2.110232 -4.546346 0.000000 -0.000000 0.000002 8.104331 -17.409822 0.698174 0.080538 -0.403290 12.098911 -0.803093 -12.418898 -9.182664 -1.421945 0.803182 -0.809703 0.000000 -0.000000 -0.000001
0.000000 0.000000 0.000000 0.000000 -0.000000 0.000000 -6.617045 -0.309049 8.473417 -3.855397 -3.784323 -5.087003 1.945107 0.586820 1.076497 -0.312906 1.279052 -4.420801 0.383831 -0.918268 14.576276 3.231441 1.211797 3.186967 -1.973594 -4.766303 -3.532722 3.320041 -8.026364 -16.223162 0.000077 -0.000022 0.000006 -0.023620 -0.086849 0.028351 0.605742 -3.838053 -10.499016 -0.653476 3.655939 -10.528685 -2.690502 -2.462880 15.998371 -76.426414 -1.523523 7.922357 -0.435498 -28.288763 0.304726 6.124878 0.111183 0.909256 -5.882102 9.861279 0.702590 -10.936861 -0.360574 7.156197 0.000000 8.774815 -0.000000 -16.728508 18.102760 5.531247 -1.844031 2.498503 -2.507276 -10.163590 4.678941 4.621104 -20.975996 -0.000001 0.000001 -21.226254 2.451698 -3.593995 0.000000 -0.000006 -0.000000 -1.362681 2.240797 -0.746323 -21.334892 0.584910 3.008319 -13.821196 -0.000001 0.000001 -23.887129 -0.249075 -0.839485 -60.793102 2.836596 -1.325646 -0.294025 1.679686 0.833255 -14.218195 0.093215 1.300579 -34.212002 -0.287561 0.967166 -20.033176 0.964536 1.212838 0.000000 -0.000000 0.000000 -3.440387 0.788233 0.501655 -15.928172 -3.167306 2.999703 -6.338817 -0.000000 0.000001 -18.123419 3.648181 -4.905662 -0.000004 0.000000 -0.000002 8.724841 10.376101 17.452950 66.572990 19.074190 1.934158 0.288018 22.815374 -0.142933 -14.100969 2.296838 12.720532 2.243540 -5.255033 -3.180156 14.282877 -0.826594 6.952496 -0.000000 -12.690593 -0.000001 16.433859 -17.589024 2.447515 1.665665 -1.955920 -2.878297 4.727794 -4.170584 4.993919 11.020511 0.000001 -0.000000 12.109032 -3.735715 -2.866778 0.000000 -0.000000 0.000000 1.291985 -1.928548 -1.498088 14.800115 0.567467 3.865604 14.242553 -1.341738 -6.660648 19.631935 0.143921 -0.648243 49.586029 -0.368323 -6.331050 0.353029 -1.511150 -0.031940 20.222769 3.684305 2.316629 18.787249 0.000001 -0.000001 10.751608 -0.479870 1.397903 0.000000 -0.000000 0.000000 3.273804 0.305947 -0.580110 21.486790 11.830364 2.266131 8.162915 0.000000 -0.000000 18.399052 -3.798986 -4.940567 0.000003 0.000000 -0.000001 8.603906 4.980480 -15.302518 0.082280 0.081974 56.789066 -1.842394 3.139104 5.582664 1.913888 -2.043336 -4.709898 0.000000 -0.000000 0.000002 7.671330 -16.178631 1.828241 0.073188 -0.399686 12.002373 -0.725082 -12.239597 -10.485818 -1.432794 0.786888 -0.626709 0.000000 -0.000000 -0.000001
0.000000 0.000000 0.000000 0.000000 -0.000000 0.000000 -7.571323 -0.393651 10.453103 -3.031117 -5.142427 -4.657061 1.834489 0.591882 1.171445 -0.286078 1.741038 -4.387061 0.216142 -0.482432 14.478408 2.422284 1.549531 2.944646 -1.848567 -4.472690 -3.556596 3.278239 -7.793569 -16.539930 0.000077 -0.000022 0.000006 -0.013451 -0.045539 0.013266 0.608330 -3.797678 -10.494548 -0.637321 3.695410 -10.529034 -3.481319 -1.526119 16.075682 -76.517639 -0.736700 7.608139 -0.502163 -28.798916 0.338570 5.425004 -0.105657 0.545438 -5.882102 9.861279 0.702590 -10.936861 -0.360574 7.156197 0.000000 8.774815 -0.000000 -16.638859 18.035061 5.551968 -1.844031 2.498503 -2.507276 -10.163590 4.678941 4.621104 -20.975996 -0.000001 0.000001 -21.226254 2.451698 -3.593995 0.000000 -0.000006 -0.000000 -1.362681 2.240797 -0.746323 -21.334892 0.584910 3.008319 -13.821196 -0.000001 0.000001 -23.887129 -0.249075 -0.839485 -60.767670 2.741868 -1.231563 -0.294025 1.679686 0.833255 -14.218195 0.093215 1.300579 -34.212002 -0.287561 0.967166 -20.033176 0.964536 1.212838 0.000000 -0.000000 0.000000 -3.440387 0.788233 0.501655 -15.928172 -3.167306 2.999703 -6.338817 -0.000000 0.000001 -18.123419 3.648181 -4.905662 -0.000004 0.000000 -0.000002 7.965742 11.133626 17.271935 66.484009 20.190220 1.459649 0.390436 23.442102 -0.110521 -14.385367 2.631282 13.207495 2.243540 -5.255033 -3.180156 14.282877 -0.826594 6.952496 -0.000000 -12.690593 -0.000001 16.346533 -17.587826 2.456910 1.665665 -1.955920 -2.878297 4.727794 -4.170584 4.993919 11.020511 0.000001 -0.000000 12.109032 -3.735715 -2.866778 0.000000 -0.000000 0.000000 1.291985 -1.928548 -1.498088 14.800115 0.567467 3.865604 14.242553 -1.341738 -6.660648 19.631935 0.143921 -0.648243 49.492409 -0.403650 -6.280610 0.353029 -1.511150 -0.031940 20.222769 3.684305 2.316629 18.787249 0.000001 -0.000001 10.751608 -0.479870 1.397903 0.000000 -0.000000 0.000000 3.273804 0.305947 -0.580110 21.486790 11.830364 2.266131 8.162915 0.000000 -0.000000 18.399052 -3.798986 -4.940567 0.000003 0.000000 -0.000001 5.754675 4.717601 -18.791603 0.189929 0.234698 50.872459 -3.532240 2.917532 3.574566 1.874556 -2.036772 -4.690073 0.000000 -0.000000 0.000002 7.267794 -14.865285 2.760651 0.049815 -0.354576 11.948874 -0.726104 -12.095495 -11.751110 -1.438772 0.775201 -0.446510 0.000000 -0.000000 -0.000001
0.000000 0.000000 0.000000 0.000000 -0.000000 0.000000 -8.487264 -0.505490 12.526432 -2.280729 -6.635726 -4.094921 1.745654 0.543154 1.139547 -0.281487 2.150767 -4.416240 0.103055 -0.050000 14.462147 1.520440 1.870388 2.604990 -1.666033 -4.062789 -3.598056 3.243197 -7.418567 -16.916544 0.000077 -0.000022 0.000006 -0.001862 -0.002239 0.002860 0.614258 -3.751259 -10.481261 -0.621403 3.733705 -10.520841 -4.204958 -0.677638 16.146513 -76.674484 -0.232063 7.065881 -0.399079 -28.926798 0.304341 4.784242 -0.101152 0.293616 -5.882102 9.861279 0.702590 -10.936861 -0.360574 7.156197 0.000000 8.774815 -0.000000 -16.577456 17.971895 5.575273 -1.844031 2.498503 -2.507276 -10.163590 4.678941 4.621104 -20.975996 -0.000001 0.000001 -21.226254 2.451698 -3.593995 0.000000 -0.000006 -0.000000 -1.362681 2.240797 -0.746323 -21.334892 0.584910 3.008319 -13.821196 -0.000001 0.000001 -23.887129 -0.249075 -0.839485 -60.719486 2.647465 -1.153378 -0.294025 1.679686 0.833255 -14.218195 0.093215 1.300579 -34.212002 -0.287561 0.967166 -20.033176 0.964536 1.212838 0.000000 -0.000000 0.000000 -3.440387 0.788233 0.501655 -15.928172 -3.167306 2.999703 -6.338817 -0.000000 0.000001 -18.123419 3.648181 -4.905662 -0.000004 0.000000 -0.000002 7.340091 11.874519 17.139725 66.456963 21.384193 0.929863 0.351135 23.917324 -0.099371 -14.684855 2.998408 13.728587 2.243540 -5.255033 -3.180156 14.282877 -0.826594 6.952496 -0.000000 -12.690593 -0.000001 16.240885 -17.609957 2.488045 1.665665 -1.955920 -2.878297 4.727794 -4.170584 4.993919 11.020511 0.000001 -0.000000 12.109032 -3.735715 -2.866778 0.000000 -0.000000 0.000000 1.291985 -1.928548 -1.498088 14.800115 0.567467 3.865604 14.242553 -1.341738 -6.660648 19.631935 0.143921 -0.648243 49.409763 -0.423388 -6.233499 0.353029 -1.511150 -0.031940 20.222769 3.684305 2.316629 18.787249 0.000001 -0.000001 10.751608 -0.479870 1.397903 0.000000 -0.000000 0.000000 3.273804 0.305947 -0.580110 21.486790 11.830364 2.266131 8.162915 0.000000 -0.000000 18.399052 -3.798986 -4.940567 0.000003 0.000000 -0.000001 3.287399 3.907574 -21.458488 0.258225 0.274144 42.659626 -4.138175 3.896284 3.321310 1.842451 -2.068778 -4.494106 0.000000 -0.000000 0.000002 6.903718 -13.519124 3.714536 0.027535 -0.281803 11.657647 -0.844512 -12.004317 -12.900609 -1.442611 0.779462 -0.278003 0.000000 -0.000000 -0.000001
0.000000 0.000000 0.000000 0.000000 -0.000000 0.000000 -9.341463 -0.683568 14.725881 -1.734401 -8.168322 -3.463048 1.738502 0.470064 0.971808 -0.282059 2.426483 -4.499496 0.076612 0.398106 14.438351 0.685249 2.091426 2.397767 -1.446488 -3.615340 -3.632847 3.179229 -6.925706 -17.282314 0.000077 -0.000022 0.000006 0.009338 0.025261 0.010127 0.621392 -3.720645 -10.466310 -0.607280 3.757710 -10.501549 -4.738837 -0.010616 16.230333 -76.929230 0.124609 6.646896 -0.229387 -28.868574 0.239628 4.001739 0.116871 0.356377 -5.882102 9.861279 0.702590 -10.936861 -0.360574 7.156197 0.000000 8.774815 -0.000000 -16.507875 17.905323 5.623028 -1.844031 2.498503 -2.507276 -10.163590 4.678941 4.621104 -20.975996 -0.000001 0.000001 -21.226254 2.451698 -3.593995 0.000000 -0.000006 -0.000000 -1.362681 2.240797 -0.746323 -21.334892 0.584910 3.008319 -13.821196 -0.000001 0.000001 -23.887129 -0.249075 -0.839485 -60.687531 2.581039 -1.150327 -0.294025 1.679686 0.833255 -14.218195 0.093215 1.300579 -34.212002 -0.287561 0.967166 -20.033176 0.964536 1.212838 0.000000 -0.000000 0.000000 -3.440387 0.788233 0.501655 -15.928172 -3.167306 2.999703 -6.338817 -0.000000 0.000001 -18.123419 3.648181 -4.905662 -0.000004 0.000000 -0.000002 6.768192 12.506710 17.020929 66.681168 22.441057 0.576410 0.212720 24.244282 -0.109313 -14.945988 3.300051 13.998713 2.243540 -5.255033 -3.180156 14.282877 -0.826594 6.952496 -0.000000 -12.690593 -0.000001 16.171387 -17.657642 2.532708 1.665665 -1.955920 -2.878297 4.727794 -4.170584 4.993919 11.020511 0.000001 -0.000000 12.109032 -3.735715 -2.866778 0.000000 -0.000000 0.000000 1.291985 -1.928548 -1.498088 14.800115 0.567467 3.865604 14.242553 -1.341738 -6.660648 19.631935 0.143921 -0.648243 49.343422 -0.451792 -6.220331 0.353029 -1.511150 -0.031940 20.222769 3.684305 2.316629 18.787249 0.000001 -0.000001 10.751608 -0.479870 1.397903 0.000000 -0.000000 0.000000 3.273804 0.305947 -0.580110 21.486790 11.830364 2.266131 8.162915 0.000000 -0.000000 18.399052 -3.798986 -4.940567 0.000003 0.000000 -0.000001 1.488906 3.043115 -22.916988 0.277392 0.288447 32.457748 -4.484220 4.813706 4.576228 1.810028 -2.070890 -4.111267 0.000000 -0.000000 0.000002 6.695572 -12.078124 4.856743 -0.008062 -0.235807 11.045972 -1.068327 -11.899879 -13.944492 -1.441195 0.818006 -0.196744 0.000000 -0.000000 -0.000001
0.000000 0.000000 0.000000 0.000000 -0.000000 0.000000 -10.183863 -1.170459 17.147336 -1.465564 -9.661423 -2.849099 1.837168 0.407234 0.708762 -0.258688 2.564075 -4.641098 0.130739 0.806231 14.408161 0.035262 2.214180 2.358975 -1.242949 -3.189531 -3.660957 3.065024 -6.353741 -17.477495 0.000077 -0.000022 0.000006 0.017858 0.037340 0.031311 0.628714 -3.707355 -10.462085 -0.598643 3.768791 -10.483440 -5.133024 0.511907 16.391937 -77.176140 0.340468 6.316334 -0.083580 -28.690107 0.179106 3.107735 0.517306 0.730251 -5.882102 9.861279 0.702590 -10.936861 -0.360574 7.156197 0.000000 8.774815 -0.000000 -16.420887 17.862688 5.715257 -1.844031 2.498503 -2.507276 -10.163590 4.678941 4.621104 -20.975996 -0.000001 0.000001 -21.226254 2.451698 -3.593995 0.000000 -0.000006 -0.000000 -1.362681 2.240797 -0.746323 -21.334892 0.584910 3.008319 -13.821196 -0.000001 0.000001 -23.887129 -0.249075 -0.839485 -60.692741 2.562604 -1.158450 -0.294025 1.679686 0.833255 -14.218195 0.093215 1.300579 -34.212002 -0.287561 0.967166 -20.033176 0.964536 1.212838 0.000000 -0.000000 0.000000 -3.440387 0.788233 0.501655 -15.928172 -3.167306 2.999703 -6.338817 -0.000000 0.000001 -18.123419 3.648181 -4.905662 -0.000004 0.000000 -0.000002 6.290450 12.990049 17.009007 67.076180 23.316532 0.516657 0.025222 24.491571 -0.156727 -15.032342 3.509901 13.796371 2.243540 -5.255033 -3.180156 14.282877 -0.826594 6.952496 -0.000000 -12.690593 -0.000001 16.187475 -17.728687 2.595050 1.665665 -1.955920 -2.878297 4.727794 -4.170584 4.993919 11.020511 0.000001 -0.000000 12.109032 -3.735715 -2.866778 0.000000 -0.000000 0.000000 1.291985 -1.928548 -1.498088 14.800115 0.567467 3.865604 14.242553 -1.341738 -6.660648 19.631935 0.143921 -0.648243 49.434181 -0.499757 -6.180338 0.353029 -1.511150 -0.031940 20.222769 3.684305 2.316629 18.787249 0.000001 -0.000001 10.751608 -0.479870 1.397903 0.000000 -0.000000 0.000000 3.273804 0.305947 -0.580110 21.486790 11.830364 2.266131 8.162915 0.000000 -0.000000 18.399052 -3.798986 -4.940567 0.000003 0.000000 -0.000001 0.304483 2.482305 -23.179699 0.230065 0.322024 20.916985 -5.254195 5.480351 6.288269 1.783784 -2.062470 -3.628051 0.000000 -0.000000 0.000002 6.673519 -10.508299 6.423289 -0.059050 -0.244016 9.844511 -1.317564 -11.772698 -14.889557 -1.439322 0.872932 -0.201909 0.000000 -0.000000 -0.000001
0.000000 0.000000 0.000000 0.000000 -0.000000 0.000000 -11.066855 -1.785278 19.862232 -1.344527 -11.146372 -2.280927 1.925381 0.376051 0.335664 -0.198860 2.668790 -4.818447 0.216680 1.042251 14.415069 -0.472332 2.294009 2.362317 -1.098998 -2.794134 -3.658729 2.915019 -5.749213 -17.455853 0.000077 -0.000022 0.000006 0.021977 0.046551 0.054892 0.630074 -3.699329 -10.458993 -0.592980 3.778892 -10.471009 -5.599060 0.955098 16.535822 -77.270218 0.519442 5.583649 0.021993 -28.335058 0.139339 2.198336 0.951654 1.054725 -5.882102 9.861279 0.702590 -10.936861 -0.360574 7.156197 0.000000 8.774815 -0.000000 -16.347500 17.873850 5.811984 -1.844031 2.498503 -2.507276 -10.163590 4.678941 4.621104 -20.975996 -0.000001 0.000001 -21.226254 2.451698 -3.593995 0.000000 -0.000006 -0.000000 -1.362681 2.240797 -0.746323 -21.334892 0.584910 3.008319 -13.821196 -0.000001 0.000001 -23.887129 -0.249075 -0.839485 -60.718266 2.585414 -1.184503 -0.294025 1.679686 0.833255 -14.218195 0.093215 1.300579 -34.212002 -0.287561 0.967166 -20.033176 0.964536 1.212838 0.000000 -0.000000 0.000000 -3.440387 0.788233 0.501655 -15.928172 -3.167306 2.999703 -6.338817 -0.000000 0.000001 -18.123419 3.648181 -4.905662 -0.000004 0.000000 -0.000002 6.028267 13.374921 17.176582 67.397408 24.081623 0.795524 -0.071899 24.608681 -0.229423 -14.945523 3.647133 13.209728 2.243540 -5.255033 -3.180156 14.282877 -0.826594 6.952496 -0.000000 -12.690593 -0.000001 16.226194 -17.818363 2.671418 1.665665 -1.955920 -2.878297 4.727794 -4.170584 4.993919 11.020511 0.000001 -0.000000 12.109032 -3.735715 -2.866778 0.000000 -0.000000 0.000000 1.291985 -1.928548 -1.498088 14.800115 0.567467 3.865604 14.242553 -1.341738 -6.660648 19.631935 0.143921 -0.648243 49.640579 -0.565883 -6.136896 0.353029 -1.511150 -0.031940 20.222769 3.684305 2.316629 18.787249 0.000001 -0.000001 10.751608 -0.479870 1.397903 0.000000 -0.000000 0.000000 3.273804 0.305947 -0.580110 21.486790 11.830364 2.266131 8.162915 0.000000 -0.000000 18.399052 -3.798986 -4.940567 0.000003 0.000000 -0.000001 -0.534357 2.097965 -22.785273 0.111088 0.285509 9.591289 -6.342085 6.021681 7.913746 1.731879 -2.102236 -3.389889 0.000000 -0.000000 0.000002 6.786370 -8.838974 9.095935 -0.086971 -0.287423 7.088977 -1.676980 -11.685846 -15.321984 -1.442372 0.882394 -0.286427 0.000000 -0.000000 -0.000001
0.000000 0.000000 0.000000 0.000000 -0.000000 0.000000 -11.998083 -2.219085 22.870143 -1.141580 -12.646337 -1.773983 1.951376 0.331123 -0.121119 -0.159111 2.765505 -4.995632 0.285762 1.203496 14.432723 -1.032134 2.433750 2.322770 -1.015756 -2.444178 -3.637945 2.784581 -5.258244 -17.164667 0.000077 -0.000022 0.000006 0.016689 0.028827 0.069417 0.611692 -3.715596 -10.433474 -0.586198 3.759702 -10.440276 -6.307294 1.262929 16.577028 -77.171806 0.666496 4.110287 0.106887 -27.586697 0.093176 1.481535 1.326383 1.164447 -5.882102 9.861279 0.702590 -10.936861 -0.360574 7.156197 0.000000 8.774815 -0.000000 -16.391068 17.912550 5.775370 -1.844031 2.498503 -2.507276 -10.163590 4.678941 4.621104 -20.975996 -0.000001 0.000001 -21.226254 2.451698 -3.593995 0.000000 -0.000006 -0.000000 -1.362681 2.240797 -0.746323 -21.334892 0.584910 3.008319 -13.821196 -0.000001 0.000001 -23.887129 -0.249075 -0.839485 -60.673199 2.612206 -1.310103 -0.294025 1.679686 0.833255 -14.218195 0.093215 1.300579 -34.212002 -0.287561 0.967166 -20.033176 0.964536 1.212838 0.000000 -0.000000 0.000000 -3.440387 0.788233 0.501655 -15.928172 -3.167306 2.999703 -6.338817 -0.000000 0.000001 -18.123419 3.648181 -4.905662 -0.000004 0.000000 -0.000002 5.961764 13.649740 17.345249 67.555382 24.759644 1.726859 -0.074732 24.219913 -0.261800 -14.790838 3.622405 12.594502 2.243540 -5.255033 -3.180156 14.282877 -0.826594 6.952496 -0.000000 -12.690593 -0.000001 16.233141 -17.900829 2.670175 1.665665 -1.955920 -2.878297 4.727794 -4.170584 4.993919 11.020511 0.000001 -0.000000 12.109032 -3.735715 -2.866778 0.000000 -0.000000 0.000000 1.291985 -1.928548 -1.498088 14.800115 0.567467 3.865604 14.242553 -1.341738 -6.660648 19.631935 0.143921 -0.648243 49.705681 -0.569730 -6.240345 0.353029 -1.511150 -0.031940 20.222769 3.684305 2.316629 18.787249 0.000001 -0.000001 10.751608 -0.479870 1.397903 0.000000 -0.000000 0.000000 3.273804 0.305947 -0.580110 21.486790 11.830364 2.266131 8.162915 0.000000 -0.000000 18.399052 -3.798986 -4.940567 0.000003 0.000000 -0.000001 -1.386474 2.039821 -22.348673 0.012467 0.217451 0.714731 -7.203651 6.150089 8.362649 1.658069 -2.166510 -3.417884 0.000000 -0.000000 0.000002 6.673885 -7.312161 12.665339 -0.072497 -0.365504 2.988768 -2.053945 -11.326427 -15.082193 -1.447359 0.846121 -0.460056 0.000000 -0.000000 -0.000001
0.000000 0.000000 0.000000 0.000000 -0.000000 0.000000 -12.932104 -2.722724 25.982092 -0.856364 -14.218559 -1.469817 1.992696 0.298655 -0.484878 -0.158753 2.952419 -5.120817 0.289015 1.351980 14.447069 -1.550420 2.655062 2.160999 -0.990867 -2.242511 -3.560843 2.621563 -4.923085 -16.883522 0.000077 -0.000022 0.000006 0.018481 0.044437 0.087121 0.616467 -3.696598 -10.373592 -0.588230 3.771898 -10.373827 -7.037837 1.404118 16.564693 -77.100945 0.667930 2.215226 0.275252 -26.564814 0.039022 1.260771 1.865281 1.022562 -5.882102 9.861279 0.702590 -10.936861 -0.360574 7.156197 0.000000 8.774815 -0.000000 -16.584173 17.776346 5.569493 -1.844031 2.498503 -2.507276 -10.163590 4.678941 4.621104 -20.975996 -0.000001 0.000001 -21.226254 2.451698 -3.593995 0.000000 -0.000006 -0.000000 -1.362681 2.240797 -0.746323 -21.334892 0.584910 3.008319 -13.821196 -0.000001 0.000001 -23.887129 -0.249075 -0.839485 -60.611149 2.495400 -1.417143 -0.294025 1.679686 0.833255 -14.218195 0.093215 1.300579 -34.212002 -0.287561 0.967166 -20.033176 0.964536 1.212838 0.000000 -0.000000 0.000000 -3.440387 0.788233 0.501655 -15.928172 -3.167306 2.999703 -6.338817 -0.000000 0.000001 -18.123419 3.648181 -4.905662 -0.000004 0.000000 -0.000002 5.852532 13.793810 17.305235 67.860802 25.317453 3.301442 -0.062203 23.110584 -0.176586 -14.606822 3.434500 12.384763 2.243540 -5.255033 -3.180156 14.282877 -0.826594 6.952496 -0.000000 -12.690593 -0.000001 16.202087 -17.912788 2.625024 1.665665 -1.955920 -2.878297 4.727794 -4.170584 4.993919 11.020511 0.000001 -0.000000 12.109032 -3.735715 -2.866778 0.000000 -0.000000 0.000000 1.291985 -1.928548 -1.498088 14.800115 0.567467 3.865604 14.242553 -1.341738 -6.660648 19.631935 0.143921 -0.648243 49.705547 -0.666042 -6.410063 0.353029 -1.511150 -0.031940 20.222769 3.684305 2.316629 18.787249 0.000001 -0.000001 10.751608 -0.479870 1.397903 0.000000 -0.000000 0.000000 3.273804 0.305947 -0.580110 21.486790 11.830364 2.266131 8.162915 0.000000 -0.000000 18.399052 -3.798986 -4.940567 0.000003 0.000000 -0.000001 -2.454324 2.337165 -23.182829 -0.037203 0.103465 -1.978246 -7.640140 5.832946 7.284786 1.606162 -2.187233 -3.345415 0.000000 -0.000000 0.000002 6.223641 -6.162823 14.879729 -0.058588 -0.472154 2.023216 -1.954555 -10.499995 -15.661974 -1.454037 0.741498 -0.729247 0.000000 -0.000000 -0.000001
0.000000 0.000000 0.000000 0.000000 -0.000000 0.000000 -13.817339 -3.118461 29.166056 -0.301920 -15.964300 -1.404067 1.784996 0.411116 -0.823185 -0.171064 3.098227 -5.258056 0.187942 1.371057 14.538975 -2.108091 2.843659 1.903805 -0.968040 -1.934462 -3.563664 2.609346 -4.556048 -16.420938 0.000077 -0.000022 0.000006 0.009261 0.013028 0.079997 0.616284 -3.731353 -10.371233 -0.606443 3.745175 -10.364483 -7.719135 1.690342 16.364271 -76.964470 0.972101 0.111690 0.350023 -25.854967 0.027260 1.319107 2.414882 0.830575 -5.882102 9.861279 0.702590 -10.936861 -0.360574 7.156197 0.000000 8.774815 -0.000000 -16.666998 17.746813 5.546921 -1.844031 2.498503 -2.507276 -10.163590 4.678941 4.621104 -20.975996 -0.000001 0.000001 -21.226254 2.451698 -3.593995 0.000000 -0.000006 -0.000000 -1.362681 2.240797 -0.746323 -21.334892 0.584910 3.008319 -13.821196 -0.000001 0.000001 -23.887129 -0.249075 -0.839485 -60.622902 2.467193 -1.457065 -0.294025 1.679686 0.833255 -14.218195 0.093215 1.300579 -34.212002 -0.287561 0.967166 -20.033176 0.964536 1.212838 0.000000 -0.000000 0.000000 -3.440387 0.788233 0.501655 -15.928172 -3.167306 2.999703 -6.338817 -0.000000 0.000001 -18.123419 3.648181 -4.905662 -0.000004 0.000000 -0.000002 6.006773 14.055130 17.432968 68.048134 25.730558 5.216054 -0.069335 21.830593 -0.100524 -14.348481 3.060028 12.473663 2.243540 -5.255033 -3.180156 14.282877 -0.826594 6.952496 -0.000000 -12.690593 -0.000001 16.276566 -17.868158 2.588529 1.665665 -1.955920 -2.878297 4.727794 -4.170584 4.993919 11.020511 0.000001 -0.000000 12.109032 -3.735715 -2.866778 0.000000 -0.000000 0.000000 1.291985 -1.928548 -1.498088 14.800115 0.567467 3.865604 14.242553 -1.341738 -6.660648 19.631935 0.143921 -0.648243 49.710545 -0.635304 -6.448676 0.353029 -1.511150 -0.031940 20.222769 3.684305 2.316629 18.787249 0.000001 -0.000001 10.751608 -0.479870 1.397903 0.000000 -0.000000 0.000000 3.273804 0.305947 -0.580110 21.486790 11.830364 2.266131 8.162915 0.000000 -0.000000 18.399052 -3.798986 -4.940567 0.000003 0.000000 -0.000001 -3.552469 2.637453 -23.135019 -0.024597 0.112032 -1.754927 -7.085668 4.781260 8.063210 1.641051 -2.138627 -3.299192 0.000000 -0.000000 0.000002 5.260636 -5.343916 16.733047 -0.046216 -0.460877 2.409689 -1.384456 -9.458135 -15.926837 -1.450509 0.781079 -1.208661 0.000000 -0.000000 -0.000001
0.000000 0.000000 0.000000 0.000000 -0.000000 0.000000 -14.718401 -3.249221 32.573722 0.828893 -17.729691 -1.447195 1.086987 0.547009 -1.329173 -0.205529 3.250697 -5.493357 -0.075453 1.379449 14.681790 -2.531711 2.930551 1.559732 -0.878487 -1.380791 -3.563532 2.598543 -4.193266 -15.632039 0.000077 -0.000022 0.000006 0.005920 -0.008862 0.072862 0.613530 -3.766099 -10.396422 -0.609626 3.737412 -10.393520 -8.698847 1.972154 15.941375 -76.331253 1.631213 -1.830959 0.315991 -25.521624 0.035998 1.362556 2.868128 0.488815 -5.882102 9.861279 0.702590 -10.936861 -0.360574 7.156197 0.000000 8.774815 -0.000000 -16.655098 17.826063 5.645470 -1.844031 2.498503 -2.507276 -10.163590 4.678941 4.621104 -20.975996 -0.000001 0.000001 -21.226254 2.451698 -3.593995 0.000000 -0.000006 -0.000000 -1.362681 2.240797 -0.746323 -21.334892 0.584910 3.008319 -13.821196 -0.000001 0.000001 -23.887129 -0.249075 -0.839485 -60.622047 2.467369 -1.402470 -0.294025 1.679686 0.833255 -14.218195 0.093215 1.300579 -34.212002 -0.287561 0.967166 -20.033176 0.964536 1.212838 0.000000 -0.000000 0.000000 -3.440387 0.788233 0.501655 -15.928172 -3.167306 2.999703 -6.338817 -0.000000 0.000001 -18.123419 3.648181 -4.905662 -0.000004 0.000000 -0.000002 6.814690 14.172675 17.599552 67.829468 25.663860 7.291608 -0.088583 20.744799 -0.081068 -13.994457 2.859922 12.438720 2.243540 -5.255033 -3.180156 14.282877 -0.826594 6.952496 -0.000000 -12.690593 -0.000001 16.349878 -17.828165 2.619171 1.665665 -1.955920 -2.878297 4.727794 -4.170584 4.993919 11.020511 0.000001 -0.000000 12.109032 -3.735715 -2.866778 0.000000 -0.000000 0.000000 1.291985 -1.928548 -1.498088 14.800115 0.567467 3.865604 14.242553 -1.341738 -6.660648 19.631935 0.143921 -0.648243 49.839329 -0.605016 -6.408469 0.353029 -1.511150 -0.031940 20.222769 3.684305 2.316629 18.787249 0.000001 -0.000001 10.751608 -0.479870 1.397903 0.000000 -0.000000 0.000000 3.273804 0.305947 -0.580110 21.486790 11.830364 2.266131 8.162915 0.000000 -0.000000 18.399052 -3.798986 -4.940567 0.000003 0.000000 -0.000001 -4.813492 2.585649 -22.412230 -0.011494 0.109220 -0.163075 -4.768137 3.151302 11.231412 1.723767 -2.101389 -3.332150 0.000000 -0.000000 0.000002 3.291505 -5.098160 18.244038 -0.001024 -0.405299 3.378992 -0.470746 -7.851342 -15.179454 -1.448887 0.853116 -2.469064 0.000000 -0.000000 -0.000001
0.000000 0.000000 0.000000 0.000000 -0.000000 0.000000 -15.658253 -3.125243 36.297147 2.509963 -19.318392 -1.525553 0.063542 0.644693 -2.046331 -0.302155 3.386886 -5.854679 -0.570038 1.473055 14.846506 -2.769154 2.930053 1.226114 -0.738495 -0.860095 -3.599448 2.596089 -3.938086 -14.719406 0.000077 -0.000022 0.000006 0.012807 -0.008931 0.044961 0.607091 -3.777887 -10.418934 -0.589177 3.749967 -10.433068 -9.967486 2.056666 15.366122 -75.130501 2.538919 -3.161325 0.301004 -25.419769 0.058191 1.344311 3.164289 -0.122572 -5.882102 9.861279 0.702590 -10.936861 -0.360574 7.156197 0.000000 8.774815 -0.000000 -16.576187 17.900299 5.755146 -1.844031 2.498503 -2.507276 -10.163590 4.678941 4.621104 -20.975996 -0.000001 0.000001 -21.226254 2.451698 -3.593995 0.000000 -0.000006 -0.000000 -1.362681 2.240797 -0.746323 -21.334892 0.584910 3.008319 -13.821196 -0.000001 0.000001 -23.887129 -0.249075 -0.839485 -60.550728 2.528422 -1.331328 -0.294025 1.679686 0.833255 -14.218195 0.093215 1.300579 -34.212002 -0.287561 0.967166 -20.033176 0.964536 1.212838 0.000000 -0.000000 0.000000 -3.440387 0.788233 0.501655 -15.928172 -3.167306 2.999703 -6.338817 -0.000000 0.000001 -18.123419 3.648181 -4.905662 -0.000004 0.000000 -0.000002 8.101133 13.971225 17.617907 67.498070 24.924194 8.905553 -0.062910 20.032293 -0.094322 -13.677113 2.856389 12.410116 2.243540 -5.255033 -3.180156 14.282877 -0.826594 6.952496 -0.000000 -12.690593 -0.000001 16.304991 -17.807442 2.638257 1.665665 -1.955920 -2.878297 4.727794 -4.170584 4.993919 11.020511 0.000001 -0.000000 12.109032 -3.735715 -2.866778 0.000000 -0.000000 0.000000 1.291985 -1.928548 -1.498088 14.800115 0.567467 3.865604 14.242553 -1.341738 -6.660648 19.631935 0.143921 -0.648243 49.875515 -0.585475 -6.371643 0.353029 -1.511150 -0.031940 20.222769 3.684305 2.316629 18.787249 0.000001 -0.000001 10.751608 -0.479870 1.397903 0.000000 -0.000000 0.000000 3.273804 0.305947 -0.580110 21.486790 11.830364 2.266131 8.162915 0.000000 -0.000000 18.399052 -3.798986 -4.940567 0.000003 0.000000 -0.000001 -6.261979 1.842034 -22.166721 0.038604 0.093997 2.517014 -1.388681 2.344826 15.206592 1.770308 -2.046571 -2.819192 0.000000 -0.000000 0.000002 0.453191 -5.197502 19.373722 -0.017322 -0.296000 4.856251 0.811200 -5.961242 -12.983277 -1.450430 0.906850 -4.938293 0.000000 -0.000000 -0.000001
0.000000 0.000000 0.000000 0.000000 -0.000000 0.000000 -16.614064 -2.881049 40.225534 4.337837 -20.354837 -1.810349 -0.792781 0.709291 -2.744308 -0.464277 3.398279 -6.263746 -1.499550 1.621850 14.925165 -2.644799 2.923466 1.196928 -0.618169 -0.500425 -3.675731 2.544962 -3.913170 -13.995123 0.000077 -0.000022 0.000006 0.036832 0.062546 0.041801 0.622028 -3.710681 -10.409540 -0.557036 3.823513 -10.439684 -10.670042 1.894785 15.007581 -73.967896 3.320071 -3.752868 0.226461 -25.756226 0.094546 1.230728 3.612702 -0.440591 -5.882102 9.861279 0.702590 -10.936861 -0.360574 7.156197 0.000000 8.774815 -0.000000 -16.621357 18.010498 5.631577 -1.844031 2.498503 -2.507276 -10.163590 4.678941 4.621104 -20.975996 -0.000001 0.000001 -21.226254 2.451698 -3.593995 0.000000 -0.000006 -0.000000 -1.362681 2.240797 -0.746323 -21.334892 0.584910 3.008319 -13.821196 -0.000001 0.000001 -23.887129 -0.249075 -0.839485 -60.360001 2.420135 -1.417402 -0.294025 1.679686 0.833255 -14.218195 0.093215 1.300579 -34.212002 -0.287561 0.967166 -20.033176 0.964536 1.212838 0.000000 -0.000000 0.000000 -3.440387 0.788233 0.501655 -15.928172 -3.167306 2.999703 -6.338817 -0.000000 0.000001 -18.123419 3.648181 -4.905662 -0.000004 0.000000 -0.000002 9.015435 13.512183 17.532139 68.064941 23.696867 10.387649 -0.202551 19.523708 -0.143413 -13.625277 2.662527 12.472050 2.243540 -5.255033 -3.180156 14.282877 -0.826594 6.952496 -0.000000 -12.690593 -0.000001 16.238157 -17.642036 2.632435 1.665665 -1.955920 -2.878297 4.727794 -4.170584 4.993919 11.020511 0.000001 -0.000000 12.109032 -3.735715 -2.866778 0.000000 -0.000000 0.000000 1.291985 -1.928548 -1.498088 14.800115 0.567467 3.865604 14.242553 -1.341738 -6.660648 19.631935 0.143921 -0.648243 50.014530 -0.555631 -6.297927 0.353029 -1.511150 -0.031940 20.222769 3.684305 2.316629 18.787249 0.000001 -0.000001 10.751608 -0.479870 1.397903 0.000000 -0.000000 0.000000 3.273804 0.305947 -0.580110 21.486790 11.830364 2.266131 8.162915 0.000000 -0.000000 18.399052 -3.798986 -4.940567 0.000003 0.000000 -0.000001 -7.703681 0.623497 -22.250607 0.073524 0.054243 6.607141 0.968545 2.860722 15.378972 1.726801 -2.022342 -1.518735 0.000000 -0.000000 0.000002 -2.581843 -5.373458 20.387350 -0.034794 -0.208212 6.811938 2.108338 -4.262182 -9.215121 -1.473805 0.875074 -9.359574 0.000000 -0.000000 -0.000001
0.000000 0.000000 0.000000 0.000000 -0.000000 0.000000 -17.595433 -2.407767 44.120990 5.804551 -21.037279 -2.168000 -1.388911 0.746861 -3.258572 -0.635102 3.436898 -6.570335 -2.387054 1.826126 14.666964 -2.331806 2.802356 1.777928 -0.644508 -0.544851 -3.711660 2.574506 -3.765488 -13.693282 0.000077 -0.000022 0.000006 0.030048 0.039570 0.043504 0.622836 -3.728827 -10.391915 -0.571145 3.792709 -10.430554 -10.171010 1.461647 15.070358 -73.634018 3.614889 -3.882488 0.056325 -26.725700 0.217026 1.129773 3.957173 -0.132999 -5.882102 9.861279 0.702590 -10.936861 -0.360574 7.156197 0.000000 8.774815 -0.000000 -16.566992 17.914753 5.575106 -1.844031 2.498503 -2.507276 -10.163590 4.678941 4.621104 -20.975996 -0.000001 0.000001 -21.226254 2.451698 -3.593995 0.000000 -0.000006 -0.000000 -1.362681 2.240797 -0.746323 -21.334892 0.584910 3.008319 -13.821196 -0.000001 0.000001 -23.887129 -0.249075 -0.839485 -60.296207 2.362082 -1.422590 -0.294025 1.679686 0.833255 -14.218195 0.093215 1.300579 -34.212002 -0.287561 0.967166 -20.033176 0.964536 1.212838 0.000000 -0.000000 0.000000 -3.440387 0.788233 0.501655 -15.928172 -3.167306 2.999703 -6.338817 -0.000000 0.000001 -18.123419 3.648181 -4.905662 -0.000004 0.000000 -0.000002 8.963914 12.876746 17.470148 69.799759 22.290670 11.525263 -0.459597 18.752495 -0.164588 -13.857587 2.362676 11.637882 2.243540 -5.255033 -3.180156 14.282877 -0.826594 6.952496 -0.000000 -12.690593 -0.000001 16.395010 -17.665068 2.522306 1.665665 -1.955920 -2.878297 4.727794 -4.170584 4.993919 11.020511 0.000001 -0.000000 12.109032 -3.735715 -2.866778 0.000000 -0.000000 0.000000 1.291985 -1.928548 -1.498088 14.800115 0.567467 3.865604 14.242553 -1.341738 -6.660648 19.631935 0.143921 -0.648243 50.077217 -0.504039 -6.291373 0.353029 -1.511150 -0.031940 20.222769 3.684305 2.316629 18.787249 0.000001 -0.000001 10.751608 -0.479870 1.397903 0.000000 -0.000000 0.000000 3.273804 0.305947 -0.580110 21.486790 11.830364 2.266131 8.162915 0.000000 -0.000000 18.399052 -3.798986 -4.940567 0.000003 0.000000 -0.000001 -9.097930 0.108194 -22.149574 0.069541 0.009115 11.433085 2.001949 3.768643 10.584778 1.725635 -1.894199 -0.713651 0.000000 -0.000000 0.000002 -5.265056 -5.719324 20.306507 -0.075436 -0.026030 10.783465 3.277332 -2.934747 -4.079511 -1.491556 0.816563 -15.195489 0.000000 -0.000000 -0.000001
0.000000 0.000000 0.000000 0.000000 -0.000000 0.000000 -18.467638 -1.846397 47.759602 6.695296 -21.606293 -2.693116 -1.812070 0.762201 -3.535236 -0.760192 3.438719 -6.706919 -2.801334 1.906511 14.304987 -2.141046 2.793697 2.623087 -0.739965 -0.750669 -3.699206 2.662461 -3.489255 -13.205535 0.000077 -0.000022 0.000006 0.029675 0.013416 0.062644 0.633476 -3.747712 -10.372537 -0.581775 3.757927 -10.416095 -9.201591 0.937345 15.031076 -73.683731 3.949006 -3.230506 0.105174 -28.689251 0.271349 0.850295 4.170105 0.314445 -5.882102 9.861279 0.702590 -10.936861 -0.360574 7.156197 0.000000 8.774815 -0.000000 -16.546938 17.894978 5.514294 -1.844031 2.498503 -2.507276 -10.163590 4.678941 4.621104 -20.975996 -0.000001 0.000001 -21.226254 2.451698 -3.593995 0.000000 -0.000006 -0.000000 -1.362681 2.240797 -0.746323 -21.334892 0.584910 3.008319 -13.821196 -0.000001 0.000001 -23.887129 -0.249075 -0.839485 -60.170403 2.386844 -1.472754 -0.294025 1.679686 0.833255 -14.218195 0.093215 1.300579 -34.212002 -0.287561 0.967166 -20.033176 0.964536 1.212838 0.000000 -0.000000 0.000000 -3.440387 0.788233 0.501655 -15.928172 -3.167306 2.999703 -6.338817 -0.000000 0.000001 -18.123419 3.648181 -4.905662 -0.000004 0.000000 -0.000002 8.216582 12.299670 17.463890 71.725990 20.945597 12.191532 -0.459613 17.954048 -0.149293 -13.456837 1.608371 11.302873 2.243540 -5.255033 -3.180156 14.282877 -0.826594 6.952496 -0.000000 -12.690593 -0.000001 16.478348 -17.776028 2.502465 1.665665 -1.955920 -2.878297 4.727794 -4.170584 4.993919 11.020511 0.000001 -0.000000 12.109032 -3.735715 -2.866778 0.000000 -0.000000 0.000000 1.291985 -1.928548 -1.498088 14.800115 0.567467 3.865604 14.242553 -1.341738 -6.660648 19.631935 0.143921 -0.648243 50.183258 -0.473241 -6.332914 0.353029 -1.511150 -0.031940 20.222769 3.684305 2.316629 18.787249 0.000001 -0.000001 10.751608 -0.479870 1.397903 0.000000 -0.000000 0.000000 3.273804 0.305947 -0.580110 21.486790 11.830364 2.266131 8.162915 0.000000 -0.000000 18.399052 -3.798986 -4.940567 0.000003 0.000000 -0.000001 -10.126409 0.383925 -19.953415 0.007388 -0.039555 13.249907 2.417675 4.375354 6.693398 1.709864 -1.830546 -0.207384 0.000000 -0.000000 0.000002 -7.667592 -6.448519 18.774490 -0.055768 0.230166 17.448618 4.960508 -1.627148 1.989288 -1.527960 0.767395 -19.844715 0.000000 -0.000000 -0.000001
0.000000 0.000000 0.000000 0.000000 -0.000000 0.000000 -19.304396 -1.333030 51.256920 7.366599 -22.114862 -3.478733 -2.285452 0.715979 -3.509980 -0.874328 3.283920 -6.648921 -2.978942 1.902473 14.008055 -1.938385 2.820646 3.184902 -0.819872 -0.895967 -3.644506 2.657043 -3.083030 -12.708144 0.000077 -0.000022 0.000006 0.028127 -0.009960 0.082074 0.636955 -3.758866 -10.335649 -0.587860 3.719761 -10.380027 -8.404914 0.408645 14.948727 -73.317574 4.095935 -2.546159 0.046595 -31.184124 0.316234 0.791749 4.175442 0.538371 -5.882102 9.861279 0.702590 -10.936861 -0.360574 7.156197 0.000000 8.774815 -0.000000 -16.638920 17.890377 5.461369 -1.844031 2.498503 -2.507276 -10.163590 4.678941 4.621104 -20.975996 -0.000001 0.000001 -21.226254 2.451698 -3.593995 0.000000 -0.000006 -0.000000 -1.362681 2.240797 -0.746323 -21.334892 0.584910 3.008319 -13.821196 -0.000001 0.000001 -23.887129 -0.249075 -0.839485 -60.256565 2.486445 -1.538945 -0.294025 1.679686 0.833255 -14.218195 0.093215 1.300579 -34.212002 -0.287561 0.967166 -20.033176 0.964536 1.212838 0.000000 -0.000000 0.000000 -3.440387 0.788233 0.501655 -15.928172 -3.167306 2.999703 -6.338817 -0.000000 0.000001 -18.123419 3.648181 -4.905662 -0.000004 0.000000 -0.000002 7.869051 11.779305 17.494761 72.640640 19.737024 13.333066 -0.461485 17.503765 -0.123241 -12.549538 0.855936 11.420575 2.243540 -5.255033 -3.180156 14.282877 -0.826594 6.952496 -0.000000 -12.690593 -0.000001 16.610218 -17.758636 2.487471 1.665665 -1.955920 -2.878297 4.727794 -4.170584 4.993919 11.020511 0.000001 -0.000000 12.109032 -3.735715 -2.866778 0.000000 -0.000000 0.000000 1.291985 -1.928548 -1.498088 14.800115 0.567467 3.865604 14.242553 -1.341738 -6.660648 19.631935 0.143921 -0.648243 50.274979 -0.437192 -6.272269 0.353029 -1.511150 -0.031940 20.222769 3.684305 2.316629 18.787249 0.000001 -0.000001 10.751608 -0.479870 1.397903 0.000000 -0.000000 0.000000 3.273804 0.305947 -0.580110 21.486790 11.830364 2.266131 8.162915 0.000000 -0.000000 18.399052 -3.798986 -4.940567 0.000003 0.000000 -0.000001 -10.979057 0.996555 -16.665571 -0.056102 -0.074226 13.375310 2.366627 4.693272 3.686177 1.673284 -1.810096 -0.107418 0.000000 -0.000000 0.000002 -10.066965 -7.413167 15.339775 0.033186 0.424341 27.511162 6.890781 -0.799375 8.657172 -1.496753 0.696206 -19.894962 0.000000 -0.000000 -0.000001
0.000000 0.000000 0.000000 0.000000 -0.000000 0.000000 -20.155178 -0.994231 54.682897 8.015629 -22.620619 -4.569047 -2.778762 0.593738 -3.106555 -0.992699 3.108777 -6.440677 -3.143537 1.834444 13.871330 -1.839973 2.862370 3.380710 -0.817294 -0.912249 -3.612008 2.518349 -2.660284 -12.631176 0.000077 -0.000022 0.000006 0.029941 -0.002519 0.096129 0.644501 -3.743478 -10.326322 -0.591805 3.718820 -10.378146 -7.813908 -0.161318 14.876753 -72.326729 3.902611 -1.758397 -0.170273 -34.042896 0.353412 1.097588 4.012599 0.227303 -5.882102 9.861279 0.702590 -10.936861 -0.360574 7.156197 0.000000 8.774815 -0.000000 -16.635195 17.840801 5.456353 -1.844031 2.498503 -2.507276 -10.163590 4.678941 4.621104 -20.975996 -0.000001 0.000001 -21.226254 2.451698 -3.593995 0.000000 -0.000006 -0.000000 -1.362681 2.240797 -0.746323 -21.334892 0.584910 3.008319 -13.821196 -0.000001 0.000001 -23.887129 -0.249075 -0.839485 -60.255062 2.482574 -1.560353 -0.294025 1.679686 0.833255 -14.218195 0.093215 1.300579 -34.212002 -0.287561 0.967166 -20.033176 0.964536 1.212838 0.000000 -0.000000 0.000000 -3.440387 0.788233 0.501655 -15.928172 -3.167306 2.999703 -6.338817 -0.000000 0.000001 -18.123419 3.648181 -4.905662 -0.000004 0.000000 -0.000002 7.869972 11.266702 17.354916 72.774368 18.704578 14.725065 -0.439323 17.502922 -0.098903 -11.779848 0.465155 11.367447 2.243540 -5.255033 -3.180156 14.282877 -0.826594 6.952496 -0.000000 -12.690593 -0.000001 16.655357 -17.593447 2.484094 1.665665 -1.955920 -2.878297 4.727794 -4.170584 4.993919 11.020511 0.000001 -0.000000 12.109032 -3.735715 -2.866778 0.000000 -0.000000 0.000000 1.291985 -1.928548 -1.498088 14.800115 0.567467 3.865604 14.242553 -1.341738 -6.660648 19.631935 0.143921 -0.648243 50.271935 -0.470585 -6.146137 0.353029 -1.511150 -0.031940 20.222769 3.684305 2.316629 18.787249 0.000001 -0.000001 10.751608 -0.479870 1.397903 0.000000 -0.000000 0.000000 3.273804 0.305947 -0.580110 21.486790 11.830364 2.266131 8.162915 0.000000 -0.000000 18.399052 -3.798986 -4.940567 0.000003 0.000000 -0.000001 -11.798085 1.870559 -12.909691 -0.064041 -0.018687 12.789327 2.137281 4.504459 1.195143 1.646253 -1.827731 -0.381032 0.000000 -0.000000 0.000002 -12.114759 -7.814719 10.537747 0.147064 0.417488 39.272873 8.576712 -1.413290 14.221375 -1.324799 0.722695 -11.414957 0.000000 -0.000000 -0.000001
0.000000 0.000000 0.000000 0.000000 -0.000000 0.000000 -21.109168 -0.791717 58.081314 8.387424 -22.939848 -5.526156 -3.144394 0.489640 -2.583843 -1.090412 2.881030 -6.189846 -3.208468 1.599697 13.865582 -1.875071 2.959895 3.394294 -0.750277 -0.793230 -3.630331 2.288310 -2.209900 -13.272924 0.000077 -0.000022 0.000006 0.031530 0.013798 0.111854 0.659540 -3.722406 -10.338595 -0.604007 3.732676 -10.390778 -7.092819 -0.743170 14.745187 -71.065369 3.282963 -0.750925 -0.329858 -36.974773 0.347622 1.851052 3.697739 -0.436623 -5.882102 9.861279 0.702590 -10.936861 -0.360574 7.156197 0.000000 8.774815 -0.000000 -16.520988 17.934275 5.556468 -1.844031 2.498503 -2.507276 -10.163590 4.678941 4.621104 -20.975996 -0.000001 0.000001 -21.226254 2.451698 -3.593995 0.000000 -0.000006 -0.000000 -1.362681 2.240797 -0.746323 -21.334892 0.584910 3.008319 -13.821196 -0.000001 0.000001 -23.887129 -0.249075 -0.839485 -60.240322 2.428313 -1.462390 -0.294025 1.679686 0.833255 -14.218195 0.093215 1.300579 -34.212002 -0.287561 0.967166 -20.033176 0.964536 1.212838 0.000000 -0.000000 0.000000 -3.440387 0.788233 0.501655 -15.928172 -3.167306 2.999703 -6.338817 -0.000000 0.000001 -18.123419 3.648181 -4.905662 -0.000004 0.000000 -0.000002 7.747020 10.828836 17.144339 72.875771 17.919765 15.722433 -0.436750 17.683088 -0.085451 -11.926576 0.684171 10.770475 2.243540 -5.255033 -3.180156 14.282877 -0.826594 6.952496 -0.000000 -12.690593 -0.000001 16.649895 -17.490788 2.498683 1.665665 -1.955920 -2.878297 4.727794 -4.170584 4.993919 11.020511 0.000001 -0.000000 12.109032 -3.735715 -2.866778 0.000000 -0.000000 0.000000 1.291985 -1.928548 -1.498088 14.800115 0.567467 3.865604 14.242553 -1.341738 -6.660648 19.631935 0.143921 -0.648243 50.275127 -0.537426 -5.996770 0.353029 -1.511150 -0.031940 20.222769 3.684305 2.316629 18.787249 0.000001 -0.000001 10.751608 -0.479870 1.397903 0.000000 -0.000000 0.000000 3.273804 0.305947 -0.580110 21.486790 11.830364 2.266131 8.162915 0.000000 -0.000000 18.399052 -3.798986 -4.940567 0.000003 0.000000 -0.000001 -12.294015 2.670147 -9.282855 -0.033724 0.079012 11.975916 1.942412 4.132449 -0.933460 1.632392 -1.861535 -0.574211 0.000000 -0.000000 0.000002 -13.191064 -7.862421 5.261959 0.190110 0.294559 49.657833 8.313710 -3.184955 14.734030 -1.278034 0.820824 -5.225410 0.000000 -0.000000 -0.000001
0.000000 0.000000 0.000000 0.000000 -0.000000 0.000000 -22.068831 -0.636283 61.263866 8.061588 -22.873627 -6.084706 -3.138974 0.369262 -2.105346 -1.133094 2.524205 -5.913144 -3.040734 1.205976 13.876073 -1.957761 3.147671 3.500387 -0.730032 -0.609901 -3.655137 2.041032 -1.756773 -14.216423 0.000077 -0.000022 0.000006 0.033710 0.018328 0.115962 0.674888 -3.721598 -10.364264 -0.615081 3.744092 -10.411405 -6.022289 -1.380271 14.677010 -69.930016 1.982535 0.418599 -0.271920 -39.144676 0.287731 2.917548 3.358026 -1.003228 -5.882102 9.861279 0.702590 -10.936861 -0.360574 7.156197 0.000000 8.774815 -0.000000 -16.321426 18.128469 5.709332 -1.844031 2.498503 -2.507276 -10.163590 4.678941 4.621104 -20.975996 -0.000001 0.000001 -21.226254 2.451698 -3.593995 0.000000 -0.000006 -0.000000 -1.362681 2.240797 -0.746323 -21.334892 0.584910 3.008319 -13.821196 -0.000001 0.000001 -23.887129 -0.249075 -0.839485 -60.236462 2.417415 -1.273223 -0.294025 1.679686 0.833255 -14.218195 0.093215 1.300579 -34.212002 -0.287561 0.967166 -20.033176 0.964536 1.212838 0.000000 -0.000000 0.000000 -3.440387 0.788233 0.501655 -15.928172 -3.167306 2.999703 -6.338817 -0.000000 0.000001 -18.123419 3.648181 -4.905662 -0.000004 0.000000 -0.000002 7.204403 10.556389 17.021021 73.344261 17.278904 15.962267 -0.433499 17.965261 -0.096644 -12.720336 1.114444 9.611624 2.243540 -5.255033 -3.180156 14.282877 -0.826594 6.952496 -0.000000 -12.690593 -0.000001 16.618742 -17.546387 2.547729 1.665665 -1.955920 -2.878297 4.727794 -4.170584 4.993919 11.020511 0.000001 -0.000000 12.109032 -3.735715 -2.866778 0.000000 -0.000000 0.000000 1.291985 -1.928548 -1.498088 14.800115 0.567467 3.865604 14.242553 -1.341738 -6.660648 19.631935 0.143921 -0.648243 50.297474 -0.556397 -5.874300 0.353029 -1.511150 -0.031940 20.222769 3.684305 2.316629 18.787249 0.000001 -0.000001 10.751608 -0.479870 1.397903 0.000000 -0.000000 0.000000 3.273804 0.305947 -0.580110 21.486790 11.830364 2.266131 8.162915 0.000000 -0.000000 18.399052 -3.798986 -4.940567 0.000003 0.000000 -0.000001 -12.098272 2.918574 -5.950100 -0.002821 0.110593 11.259636 1.849261 3.912244 -2.880749 1.623465 -1.907903 -0.631054 0.000000 -0.000000 0.000002 -13.006791 -8.181184 0.062119 0.179935 0.137551 57.054497 6.118712 -5.772851 10.669641 -1.352322 0.855730 -4.072441 0.000000 -0.000000 -0.000001
0.000000 0.000000 0.000000 0.000000 -0.000000 0.000000 -23.050791 -0.509528 64.294646 7.268317 -22.516140 -6.311498 -2.910779 0.229431 -1.681016 -1.102219 2.089687 -5.665153 -2.725425 0.717552 13.838167 -2.034894 3.276768 3.659316 -0.691530 -0.355739 -3.662563 1.816397 -1.315980 -14.809066 0.000077 -0.000022 0.000006 0.035269 0.013929 0.106817 0.681427 -3.735174 -10.389830 -0.617819 3.750877 -10.432165 -4.758201 -2.181617 14.652093 -68.904442 -0.003238 1.614208 -0.043927 -40.018909 0.149223 3.952992 3.259431 -1.066253 -5.882102 9.861279 0.702590 -10.936861 -0.360574 7.156197 0.000000 8.774815 -0.000000 -16.122688 18.263102 5.871775 -1.844031 2.498503 -2.507276 -10.163590 4.678941 4.621104 -20.975996 -0.000001 0.000001 -21.226254 2.451698 -3.593995 0.000000 -0.000006 -0.000000 -1.362681 2.240797 -0.746323 -21.334892 0.584910 3.008319 -13.821196 -0.000001 0.000001 -23.887129 -0.249075 -0.839485 -60.218670 2.419421 -1.055824 -0.294025 1.679686 0.833255 -14.218195 0.093215 1.300579 -34.212002 -0.287561 0.967166 -20.033176 0.964536 1.212838 0.000000 -0.000000 0.000000 -3.440387 0.788233 0.501655 -15.928172 -3.167306 2.999703 -6.338817 -0.000000 0.000001 -18.123419 3.648181 -4.905662 -0.000004 0.000000 -0.000002 6.522047 10.364261 17.000637 73.947449 16.692343 15.644069 -0.479548 18.226717 -0.116813 -13.336649 1.363713 8.460804 2.243540 -5.255033 -3.180156 14.282877 -0.826594 6.952496 -0.000000 -12.690593 -0.000001 16.609529 -17.641615 2.582282 1.665665 -1.955920 -2.878297 4.727794 -4.170584 4.993919 11.020511 0.000001 -0.000000 12.109032 -3.735715 -2.866778 0.000000 -0.000000 0.000000 1.291985 -1.928548 -1.498088 14.800115 0.567467 3.865604 14.242553 -1.341738 -6.660648 19.631935 0.143921 -0.648243 50.246235 -0.516619 -5.840925 0.353029 -1.511150 -0.031940 20.222769 3.684305 2.316629 18.787249 0.000001 -0.000001 10.751608 -0.479870 1.397903 0.000000 -0.000000 0.000000 3.273804 0.305947 -0.580110 21.486790 11.830364 2.266131 8.162915 0.000000 -0.000000 18.399052 -3.798986 -4.940567 0.000003 0.000000 -0.000001 -11.414618 2.771293 -2.722325 -0.000773 0.083829 10.373921 1.774110 3.830871 -4.645314 1.620812 -1.930381 -0.573007 0.000000 -0.000000 0.000002 -11.941221 -8.662122 -5.036398 0.141903 0.026303 61.218769 3.715284 -8.660826 6.549384 -1.385499 0.830797 -3.924869 0.000000 -0.000000 -0.000001
0.000000 0.000000 0.000000 0.000000 -0.000000 0.000000 -24.078424 -0.449805 67.197855 6.346851 -21.868839 -6.264747 -2.675972 0.078526 -1.333302 -1.039451 1.619978 -5.483524 -2.387654 0.165943 13.771405 -1.977855 3.271205 3.683212 -0.630860 -0.055979 -3.645957 1.590553 -0.997089 -15.003955 0.000077 -0.000022 0.000006 0.035168 0.010273 0.099379 0.683939 -3.746347 -10.396377 -0.619192 3.755532 -10.435070 -3.571673 -3.139824 14.597954 -67.722099 -2.558266 2.704101 0.147144 -39.683174 -0.002610 4.865320 3.424480 -0.637352 -5.882102 9.861279 0.702590 -10.936861 -0.360574 7.156197 0.000000 8.774815 -0.000000 -16.011311 18.323938 5.997822 -1.844031 2.498503 -2.507276 -10.163590 4.678941 4.621104 -20.975996 -0.000001 0.000001 -21.226254 2.451698 -3.593995 0.000000 -0.000006 -0.000000 -1.362681 2.240797 -0.746323 -21.334892 0.584910 3.008319 -13.821196 -0.000001 0.000001 -23.887129 -0.249075 -0.839485 -60.192142 2.441952 -0.934672 -0.294025 1.679686 0.833255 -14.218195 0.093215 1.300579 -34.212002 -0.287561 0.967166 -20.033176 0.964536 1.212838 0.000000 -0.000000 0.000000 -3.440387 0.788233 0.501655 -15.928172 -3.167306 2.999703 -6.338817 -0.000000 0.000001 -18.123419 3.648181 -4.905662 -0.000004 0.000000 -0.000002 6.145139 10.148941 17.038824 74.303055 16.171825 15.019671 -0.566638 18.232014 -0.123798 -13.709584 1.519283 7.865707 2.243540 -5.255033 -3.180156 14.282877 -0.826594 6.952496 -0.000000 -12.690593 -0.000001 16.648087 -17.717733 2.561159 1.665665 -1.955920 -2.878297 4.727794 -4.170584 4.993919 11.020511 0.000001 -0.000000 12.109032 -3.735715 -2.866778 0.000000 -0.000000 0.000000 1.291985 -1.928548 -1.498088 14.800115 0.567467 3.865604 14.242553 -1.341738 -6.660648 19.631935 0.143921 -0.648243 50.121555 -0.478586 -5.910685 0.353029 -1.511150 -0.031940 20.222769 3.684305 2.316629 18.787249 0.000001 -0.000001 10.751608 -0.479870 1.397903 0.000000 -0.000000 0.000000 3.273804 0.305947 -0.580110 21.486790 11.830364 2.266131 8.162915 0.000000 -0.000000 18.399052 -3.798986 -4.940567 0.000003 0.000000 -0.000001 -10.592532 2.399647 0.258220 -0.005176 0.050089 9.275312 1.718656 3.669270 -6.168884 1.622595 -1.931313 -0.435141 0.000000 -0.000000 0.000002 -10.497502 -9.024608 -10.032520 0.109664 -0.011870 62.240070 2.015115 -11.041124 3.419199 -1.376598 0.767659 -3.996927 0.000000 -0.000000 -0.000001
0.000000 0.000000 0.000000 0.000000 -0.000000 0.000000 -25.149782 -0.439834 69.991752 5.373681 -20.934097 -5.870521 -2.452814 -0.067394 -1.127066 -0.972354 1.147111 -5.386115 -2.053591 -0.425265 13.713376 -1.771700 3.179098 3.470598 -0.587146 0.225895 -3.627331 1.348739 -0.803401 -14.998826 0.000077 -0.000022 0.000006 0.032290 0.000203 0.093566 0.689840 -3.754114 -10.384627 -0.629441 3.743449 -10.418719 -2.603155 -4.145052 14.448384 -66.343048 -5.495064 3.591489 0.132250 -38.518063 -0.029966 5.689752 3.706298 0.227461 -5.882102 9.861279 0.702590 -10.936861 -0.360574 7.156197 0.000000 8.774815 -0.000000 -15.974928 18.337091 6.083654 -1.844031 2.498503 -2.507276 -10.163590 4.678941 4.621104 -20.975996 -0.000001 0.000001 -21.226254 2.451698 -3.593995 0.000000 -0.000006 -0.000000 -1.362681 2.240797 -0.746323 -21.334892 0.584910 3.008319 -13.821196 -0.000001 0.000001 -23.887129 -0.249075 -0.839485 -60.175396 2.465549 -0.907455 -0.294025 1.679686 0.833255 -14.218195 0.093215 1.300579 -34.212002 -0.287561 0.967166 -20.033176 0.964536 1.212838 0.000000 -0.000000 0.000000 -3.440387 0.788233 0.501655 -15.928172 -3.167306 2.999703 -6.338817 -0.000000 0.000001 -18.123419 3.648181 -4.905662 -0.000004 0.000000 -0.000002 6.228111 9.856903 17.136806 74.295387 15.745360 14.189745 -0.700955 17.923468 -0.139212 -14.068020 1.615067 7.627352 2.243540 -5.255033 -3.180156 14.282877 -0.826594 6.952496 -0.000000 -12.690593 -0.000001 16.719116 -17.793497 2.508734 1.665665 -1.955920 -2.878297 4.727794 -4.170584 4.993919 11.020511 0.000001 -0.000000 12.109032 -3.735715 -2.866778 0.000000 -0.000000 0.000000 1.291985 -1.928548 -1.498088 14.800115 0.567467 3.865604 14.242553 -1.341738 -6.660648 19.631935 0.143921 -0.648243 49.989384 -0.476026 -6.012384 0.353029 -1.511150 -0.031940 20.222769 3.684305 2.316629 18.787249 0.000001 -0.000001 10.751608 -0.479870 1.397903 0.000000 -0.000000 0.000000 3.273804 0.305947 -0.580110 21.486790 11.830364 2.266131 8.162915 0.000000 -0.000000 18.399052 -3.798986 -4.940567 0.000003 0.000000 -0.000001 -9.675486 1.754228 3.029063 -0.001320 0.070993 7.802046 1.620872 3.317331 -7.459485 1.630652 -1.922218 -0.291741 0.000000 -0.000000 0.000002 -8.930979 -8.835807 -14.715752 0.098043 0.009767 60.136421 1.380923 -12.319626 1.189638 -1.371992 0.716568 -4.116845 0.000000 -0.000000 -0.000001
0.000000 0.000000 0.000000 0.000000 -0.000000 0.000000 -26.285097 -0.452369 72.798394 4.292974 -19.644039 -5.072721 -2.210774 -0.205613 -1.099780 -0.896335 0.656400 -5.378428 -1.679367 -1.044935 13.659701 -1.446419 2.991948 3.024268 -0.593103 0.441153 -3.621451 1.147129 -0.710347 -14.948779 0.000077 -0.000022 0.000006 0.028444 -0.011027 0.085551 0.694584 -3.759507 -10.372044 -0.640641 3.726810 -10.396519 -1.720673 -5.211399 14.157316 -64.965630 -8.727467 4.379139 -0.039008 -36.868572 0.074011 6.581736 4.053884 1.429499 -5.882102 9.861279 0.702590 -10.936861 -0.360574 7.156197 0.000000 8.774815 -0.000000 -15.942345 18.335188 6.172762 -1.844031 2.498503 -2.507276 -10.163590 4.678941 4.621104 -20.975996 -0.000001 0.000001 -21.226254 2.451698 -3.593995 0.000000 -0.000006 -0.000000 -1.362681 2.240797 -0.746323 -21.334892 0.584910 3.008319 -13.821196 -0.000001 0.000001 -23.887129 -0.249075 -0.839485 -60.146408 2.477156 -0.929858 -0.294025 1.679686 0.833255 -14.218195 0.093215 1.300579 -34.212002 -0.287561 0.967166 -20.033176 0.964536 1.212838 0.000000 -0.000000 0.000000 -3.440387 0.788233 0.501655 -15.928172 -3.167306 2.999703 -6.338817 -0.000000 0.000001 -18.123419 3.648181 -4.905662 -0.000004 0.000000 -0.000002 6.660535 9.532867 17.306620 74.052933 15.398178 13.135359 -0.859063 17.247969 -0.169897 -14.436486 1.569281 7.449630 2.243540 -5.255033 -3.180156 14.282877 -0.826594 6.952496 -0.000000 -12.690593 -0.000001 16.771570 -17.833012 2.461395 1.665665 -1.955920 -2.878297 4.727794 -4.170584 4.993919 11.020511 0.000001 -0.000000 12.109032 -3.735715 -2.866778 0.000000 -0.000000 0.000000 1.291985 -1.928548 -1.498088 14.800115 0.567467 3.865604 14.242553 -1.341738 -6.660648 19.631935 0.143921 -0.648243 49.889549 -0.521417 -6.096497 0.353029 -1.511150 -0.031940 20.222769 3.684305 2.316629 18.787249 0.000001 -0.000001 10.751608 -0.479870 1.397903 0.000000 -0.000000 0.000000 3.273804 0.305947 -0.580110 21.486790 11.830364 2.266131 8.162915 0.000000 -0.000000 18.399052 -3.798986 -4.940567 0.000003 0.000000 -0.000001 -8.582480 0.734685 5.650242 0.012115 0.169640 5.831115 1.442752 2.767099 -8.458630 1.641133 -1.914451 -0.163565 0.000000 -0.000000 0.000002 -7.440158 -7.972677 -18.868864 0.111943 0.069217 54.894676 1.625905 -12.731641 -0.181672 -1.392317 0.725942 -4.442149 0.000000 -0.000000 -0.000001
0.000000 0.000000 0.000000 0.000000 -0.000000 0.000000 -27.540721 -0.485824 75.658011 3.030276 -17.890270 -3.859951 -1.892661 -0.324828 -1.288820 -0.803016 0.089209 -5.439711 -1.234131 -1.675822 13.570599 -0.993536 2.733793 2.369615 -0.645364 0.461704 -3.605624 1.039147 -0.727303 -14.903019 0.000077 -0.000022 0.000006 0.026317 -0.005902 0.081465 0.687982 -3.760866 -10.377372 -0.637097 3.738400 -10.391201 -0.738666 -6.346052 13.775180 -63.971012 -12.069879 5.000594 -0.201490 -35.333397 0.215723 7.569543 4.425813 2.691691 -5.882102 9.861279 0.702590 -10.936861 -0.360574 7.156197 0.000000 8.774815 -0.000000 -15.919272 18.345469 6.238466 -1.844031 2.498503 -2.507276 -10.163590 4.678941 4.621104 -20.975996 -0.000001 0.000001 -21.226254 2.451698 -3.593995 0.000000 -0.000006 -0.000000 -1.362681 2.240797 -0.746323 -21.334892 0.584910 3.008319 -13.821196 -0.000001 0.000001 -23.887129 -0.249075 -0.839485 -60.052368 2.472269 -0.946817 -0.294025 1.679686 0.833255 -14.218195 0.093215 1.300579 -34.212002 -0.287561 0.967166 -20.033176 0.964536 1.212838 0.000000 -0.000000 0.000000 -3.440387 0.788233 0.501655 -15.928172 -3.167306 2.999703 -6.338817 -0.000000 0.000001 -18.123419 3.648181 -4.905662 -0.000004 0.000000 -0.000002 7.276586 9.290006 17.539106 73.722328 15.052589 11.675504 -0.906093 16.256027 -0.180845 -14.702196 1.313892 7.135559 2.243540 -5.255033 -3.180156 14.282877 -0.826594 6.952496 -0.000000 -12.690593 -0.000001 16.719322 -17.785667 2.449945 1.665665 -1.955920 -2.878297 4.727794 -4.170584 4.993919 11.020511 0.000001 -0.000000 12.109032 -3.735715 -2.866778 0.000000 -0.000000 0.000000 1.291985 -1.928548 -1.498088 14.800115 0.567467 3.865604 14.242553 -1.341738 -6.660648 19.631935 0.143921 -0.648243 49.810547 -0.558367 -6.125198 0.353029 -1.511150 -0.031940 20.222769 3.684305 2.316629 18.787249 0.000001 -0.000001 10.751608 -0.479870 1.397903 0.000000 -0.000000 0.000000 3.273804 0.305947 -0.580110 21.486790 11.830364 2.266131 8.162915 0.000000 -0.000000 18.399052 -3.798986 -4.940567 0.000003 0.000000 -0.000001 -7.247674 -0.663627 7.953618 0.004394 0.303692 3.790814 1.353047 1.981068 -9.256639 1.649756 -1.919344 -0.021561 0.000000 -0.000000 0.000002 -6.246640 -6.761468 -21.993984 0.155527 0.163264 46.660599 2.142834 -13.208823 -0.392748 -1.420682 0.805504 -4.900882 0.000000 -0.000000 -0.000001
0.000000 0.000000 0.000000 0.000000 -0.000000 0.000000 -28.882129 -0.577399 78.620516 1.639618 -15.706001 -2.477687 -1.465841 -0.403489 -1.638524 -0.683996 -0.520332 -5.565547 -0.734081 -2.290773 13.481116 -0.451345 2.508245 1.636030 -0.684020 0.157032 -3.579076 1.031722 -0.909074 -14.858899 0.000077 -0.000022 0.000006 0.016819 -0.015160 0.088251 0.663396 -3.788280 -10.404769 -0.630123 3.747350 -10.414808 0.465269 -7.470897 13.461695 -63.684669 -15.345665 5.487700 -0.132912 -34.781013 0.251358 8.520514 4.667371 3.892547 -5.882102 9.861279 0.702590 -10.936861 -0.360574 7.156197 0.000000 8.774815 -0.000000 -15.967043 18.413549 6.249859 -1.844031 2.498503 -2.507276 -10.163590 4.678941 4.621104 -20.975996 -0.000001 0.000001 -21.226254 2.451698 -3.593995 0.000000 -0.000006 -0.000000 -1.362681 2.240797 -0.746323 -21.334892 0.584910 3.008319 -13.821196 -0.000001 0.000001 -23.887129 -0.249075 -0.839485 -60.037048 2.526905 -1.007285 -0.294025 1.679686 0.833255 -14.218195 0.093215 1.300579 -34.212002 -0.287561 0.967166 -20.033176 0.964536 1.212838 0.000000 -0.000000 0.000000 -3.440387 0.788233 0.501655 -15.928172 -3.167306 2.999703 -6.338817 -0.000000 0.000001 -18.123419 3.648181 -4.905662 -0.000004 0.000000 -0.000002 7.781950 9.228599 17.806259 73.474350 14.611667 9.988193 -0.871484 15.016692 -0.157811 -14.426278 0.878475 6.872538 2.243540 -5.255033 -3.180156 14.282877 -0.826594 6.952496 -0.000000 -12.690593 -0.000001 16.601789 -17.698105 2.449473 1.665665 -1.955920 -2.878297 4.727794 -4.170584 4.993919 11.020511 0.000001 -0.000000 12.109032 -3.735715 -2.866778 0.000000 -0.000000 0.000000 1.291985 -1.928548 -1.498088 14.800115 0.567467 3.865604 14.242553 -1.341738 -6.660648 19.631935 0.143921 -0.648243 49.759720 -0.543481 -6.184616 0.353029 -1.511150 -0.031940 20.222769 3.684305 2.316629 18.787249 0.000001 -0.000001 10.751608 -0.479870 1.397903 0.000000 -0.000000 0.000000 3.273804 0.305947 -0.580110 21.486790 11.830364 2.266131 8.162915 0.000000 -0.000000 18.399052 -3.798986 -4.940567 0.000003 0.000000 -0.000001 -5.562808 -2.386874 9.799390 -0.017498 0.434613 2.237046 1.416200 1.159596 -10.177169 1.659814 -1.946211 0.101524 0.000000 -0.000000 0.000002 -5.518207 -6.022341 -23.636244 0.215150 0.256398 35.921394 2.105528 -13.686341 0.439968 -1.439511 0.885631 -4.676697 0.000000 -0.000000 -0.000001
0.000000 0.000000 0.000000 0.000000 -0.000000 0.000000 -30.311579 -0.799575 81.795060 0.358094 -13.327242 -1.283063 -1.061816 -0.425890 -2.047666 -0.559971 -1.048235 -5.761840 -0.187237 -2.749033 13.402274 0.147577 2.357086 1.004085 -0.710953 -0.310994 -3.561823 1.113008 -1.399635 -14.741608 0.000077 -0.000022 0.000006 -0.000229 -0.047892 0.087320 0.637251 -3.833591 -10.451859 -0.636933 3.728129 -10.461664 1.724545 -8.357561 13.151984 -64.050659 -18.208433 6.124303 0.201154 -35.999165 0.142529 9.188518 4.713530 5.261924 -5.882102 9.861279 0.702590 -10.936861 -0.360574 7.156197 0.000000 8.774815 -0.000000 -16.064915 18.545835 6.252427 -1.844031 2.498503 -2.507276 -10.163590 4.678941 4.621104 -20.975996 -0.000001 0.000001 -21.226254 2.451698 -3.593995 0.000000 -0.000006 -0.000000 -1.362681 2.240797 -0.746323 -21.334892 0.584910 3.008319 -13.821196 -0.000001 0.000001 -23.887129 -0.249075 -0.839485 -60.194157 2.658241 -1.119697 -0.294025 1.679686 0.833255 -14.218195 0.093215 1.300579 -34.212002 -0.287561 0.967166 -20.033176 0.964536 1.212838 0.000000 -0.000000 0.000000 -3.440387 0.788233 0.501655 -15.928172 -3.167306 2.999703 -6.338817 -0.000000 0.000001 -18.123419 3.648181 -4.905662 -0.000004 0.000000 -0.000002 8.031727 9.384981 18.086346 73.308380 14.047886 8.251885 -0.761641 13.573084 -0.117623 -13.471921 0.471270 7.076459 2.243540 -5.255033 -3.180156 14.282877 -0.826594 6.952496 -0.000000 -12.690593 -0.000001 16.471210 -17.593222 2.468567 1.665665 -1.955920 -2.878297 4.727794 -4.170584 4.993919 11.020511 0.000001 -0.000000 12.109032 -3.735715 -2.866778 0.000000 -0.000000 0.000000 1.291985 -1.928548 -1.498088 14.800115 0.567467 3.865604 14.242553 -1.341738 -6.660648 19.631935 0.143921 -0.648243 49.728195 -0.467732 -6.297711 0.353029 -1.511150 -0.031940 20.222769 3.684305 2.316629 18.787249 0.000001 -0.000001 10.751608 -0.479870 1.397903 0.000000 -0.000000 0.000000 3.273804 0.305947 -0.580110 21.486790 11.830364 2.266131 8.162915 0.000000 -0.000000 18.399052 -3.798986 -4.940567 0.000003 0.000000 -0.000001 -3.911890 -4.106667 11.417058 -0.019182 0.508802 1.619417 1.754513 0.534350 -11.358036 1.669748 -1.973487 -0.001954 0.000000 -0.000000 0.000002 -5.217035 -6.347583 -23.848324 0.205761 0.225771 24.422094 2.843493 -12.503510 1.367759 -1.449980 0.929369 -4.246769 0.000000 -0.000000 -0.000001
0.000000 0.000000 0.000000 0.000000 -0.000000 0.000000 -31.824256 -1.271590 85.316192 -0.638298 -11.194612 -0.414629 -0.759635 -0.389884 -2.506161 -0.480643 -1.375931 -6.058265 0.352592 -2.867064 13.320145 0.798665 2.200868 0.580415 -0.781264 -0.621599 -3.602633 1.209389 -2.236335 -14.462125 0.000077 -0.000022 0.000006 -0.000798 -0.041412 0.054109 0.637794 -3.832590 -10.527202 -0.638002 3.741777 -10.538720 2.777140 -8.753058 12.769488 -64.910416 -20.190735 6.955251 0.760498 -39.351967 -0.150087 9.577994 4.549387 6.693943 -5.882102 9.861279 0.702590 -10.936861 -0.360574 7.156197 0.000000 8.774815 -0.000000 -16.231474 18.695747 6.273566 -1.844031 2.498503 -2.507276 -10.163590 4.678941 4.621104 -20.975996 -0.000001 0.000001 -21.226254 2.451698 -3.593995 0.000000 -0.000006 -0.000000 -1.362681 2.240797 -0.746323 -21.334892 0.584910 3.008319 -13.821196 -0.000001 0.000001 -23.887129 -0.249075 -0.839485 -60.472836 2.741342 -1.249999 -0.294025 1.679686 0.833255 -14.218195 0.093215 1.300579 -34.212002 -0.287561 0.967166 -20.033176 0.964536 1.212838 0.000000 -0.000000 0.000000 -3.440387 0.788233 0.501655 -15.928172 -3.167306 2.999703 -6.338817 -0.000000 0.000001 -18.123419 3.648181 -4.905662 -0.000004 0.000000 -0.000002 8.006131 9.839532 18.222744 73.291672 13.307289 6.621843 -0.567555 12.068192 -0.087502 -12.195542 0.157444 7.674178 2.243540 -5.255033 -3.180156 14.282877 -0.826594 6.952496 -0.000000 -12.690593 -0.000001 16.362110 -17.472826 2.512280 1.665665 -1.955920 -2.878297 4.727794 -4.170584 4.993919 11.020511 0.000001 -0.000000 12.109032 -3.735715 -2.866778 0.000000 -0.000000 0.000000 1.291985 -1.928548 -1.498088 14.800115 0.567467 3.865604 14.242553 -1.341738 -6.660648 19.631935 0.143921 -0.648243 49.643093 -0.371827 -6.368394 0.353029 -1.511150 -0.031940 20.222769 3.684305 2.316629 18.787249 0.000001 -0.000001 10.751608 -0.479870 1.397903 0.000000 -0.000000 0.000000 3.273804 0.305947 -0.580110 21.486790 11.830364 2.266131 8.162915 0.000000 -0.000000 18.399052 -3.798986 -4.940567 0.000003 0.000000 -0.000001 -2.464570 -5.628907 13.068992 -0.017153 0.481414 1.752613 2.179873 0.113835 -12.957041 1.681142 -1.947472 -0.395879 0.000000 -0.000000 0.000002 -5.035784 -7.594293 -23.356651 0.093898 0.027372 15.170166 7.017567 -9.728212 1.180800 -1.411007 1.004498 -4.167585 0.000000 -0.000000 -0.000001
0.000000 0.000000 0.000000 0.000000 -0.000000 0.000000 -33.451679 -1.991462 89.002613 -1.685993 -9.667892 0.172047 -0.258883 -0.285557 -2.990398 -0.395170 -1.493565 -6.356657 0.863973 -2.643232 13.265149 1.279583 2.018848 0.225947 -0.826029 -0.586109 -3.670476 1.316354 -3.235102 -14.132151 0.000077 -0.000022 0.000006 0.007092 -0.004437 0.028708 0.638066 -3.798701 -10.539757 -0.621830 3.783276 -10.544660 3.415436 -8.464553 12.414867 -66.127747 -21.119537 7.522153 1.259028 -44.375164 -0.648342 9.873696 3.899683 7.566025 -5.882102 9.861279 0.702590 -10.936861 -0.360574 7.156197 0.000000 8.774815 -0.000000 -16.430574 18.652292 6.300805 -1.844031 2.498503 -2.507276 -10.163590 4.678941 4.621104 -20.975996 -0.000001 0.000001 -21.226254 2.451698 -3.593995 0.000000 -0.000006 -0.000000 -1.362681 2.240797 -0.746323 -21.334892 0.584910 3.008319 -13.821196 -0.000001 0.000001 -23.887129 -0.249075 -0.839485 -60.998978 2.697399 -1.185208 -0.294025 1.679686 0.833255 -14.218195 0.093215 1.300579 -34.212002 -0.287561 0.967166 -20.033176 0.964536 1.212838 0.000000 -0.000000 0.000000 -3.440387 0.788233 0.501655 -15.928172 -3.167306 2.999703 -6.338817 -0.000000 0.000001 -18.123419 3.648181 -4.905662 -0.000004 0.000000 -0.000002 7.753150 10.716557 18.238550 73.356094 12.734222 5.458778 -0.502110 10.841554 -0.084270 -10.930269 -0.308187 8.177439 2.243540 -5.255033 -3.180156 14.282877 -0.826594 6.952496 -0.000000 -12.690593 -0.000001 16.297939 -17.256525 2.496066 1.665665 -1.955920 -2.878297 4.727794 -4.170584 4.993919 11.020511 0.000001 -0.000000 12.109032 -3.735715 -2.866778 0.000000 -0.000000 0.000000 1.291985 -1.928548 -1.498088 14.800115 0.567467 3.865604 14.242553 -1.341738 -6.660648 19.631935 0.143921 -0.648243 49.353291 -0.253776 -6.397874 0.353029 -1.511150 -0.031940 20.222769 3.684305 2.316629 18.787249 0.000001 -0.000001 10.751608 -0.479870 1.397903 0.000000 -0.000000 0.000000 3.273804 0.305947 -0.580110 21.486790 11.830364 2.266131 8.162915 0.000000 -0.000000 18.399052 -3.798986 -4.940567 0.000003 0.000000 -0.000001 -0.961807 -6.955849 14.863810 -0.030825 0.385806 2.467614 2.362599 0.073412 -14.919343 1.706625 -1.932480 -0.999058 0.000000 -0.000000 0.000002 -4.095399 -9.609886 -23.220125 -0.024164 -0.113341 12.009476 12.977110 -7.119054 1.166909 -1.344345 1.031110 -4.335413 0.000000 -0.000000 -0.000001
0.000000 0.000000 0.000000 0.000000 -0.000000 0.000000 -35.078274 -2.813834 92.743800 -3.232630 -8.834371 0.631072 0.734239 -0.245876 -3.511021 -0.235911 -1.288514 -6.478758 1.383872 -2.447109 13.217279 1.492562 2.016704 -0.389557 -0.905136 -0.713303 -3.557970 1.438906 -3.875722 -13.721674 0.000077 -0.000022 0.000006 -0.014131 -0.053088 0.023840 0.617624 -3.848088 -10.501125 -0.643608 3.733681 -10.497700 3.424585 -7.437429 12.122912 -67.241875 -20.917885 7.869514 1.677962 -49.657791 -1.017185 9.977613 2.662902 7.474738 -5.882102 9.861279 0.702590 -10.936861 -0.360574 7.156197 0.000000 8.774815 -0.000000 -16.447458 18.460938 6.341658 -1.844031 2.498503 -2.507276 -10.163590 4.678941 4.621104 -20.975996 -0.000001 0.000001 -21.226254 2.451698 -3.593995 0.000000 -0.000006 -0.000000 -1.362681 2.240797 -0.746323 -21.334892 0.584910 3.008319 -13.821196 -0.000001 0.000001 -23.887129 -0.249075 -0.839485 -61.603565 2.630468 -1.167853 -0.294025 1.679686 0.833255 -14.218195 0.093215 1.300579 -34.212002 -0.287561 0.967166 -20.033176 0.964536 1.212838 0.000000 -0.000000 0.000000 -3.440387 0.788233 0.501655 -15.928172 -3.167306 2.999703 -6.338817 -0.000000 0.000001 -18.123419 3.648181 -4.905662 -0.000004 0.000000 -0.000002 7.588644 11.962445 18.223049 72.939781 12.712900 5.095106 -0.610434 10.597229 -0.124426 -10.299219 -0.848264 8.490879 2.243540 -5.255033 -3.180156 14.282877 -0.826594 6.952496 -0.000000 -12.690593 -0.000001 16.402552 -17.153131 2.410176 1.665665 -1.955920 -2.878297 4.727794 -4.170584 4.993919 11.020511 0.000001 -0.000000 12.109032 -3.735715 -2.866778 0.000000 -0.000000 0.000000 1.291985 -1.928548 -1.498088 14.800115 0.567467 3.865604 14.242553 -1.341738 -6.660648 19.631935 0.143921 -0.648243 49.179871 -0.238735 -6.405128 0.353029 -1.511150 -0.031940 20.222769 3.684305 2.316629 18.787249 0.000001 -0.000001 10.751608 -0.479870 1.397903 0.000000 -0.000000 0.000000 3.273804 0.305947 -0.580110 21.486790 11.830364 2.266131 8.162915 0.000000 -0.000000 18.399052 -3.798986 -4.940567 0.000003 0.000000 -0.000001 1.038118 -7.695291 16.176260 0.017320 0.313198 4.749376 2.252479 0.495761 -17.256140 1.753957 -1.920764 -1.662382 0.000000 -0.000000 0.000002 -2.166883 -11.545441 -24.036766 0.121005 -0.040694 16.649832 14.436203 -4.607895 4.221907 -1.385006 0.902901 -4.053720 0.000000 -0.000000 -0.000001
0.000000 0.000000 0.000000 0.000000 -0.000000 0.000000 -36.689402 -3.467261 96.574574 -5.483112 -8.425944 0.754260 1.851972 -0.074366 -3.874844 0.092836 -1.000867 -6.629447 2.476181 -2.443959 13.324597 1.682541 2.008983 -0.712616 -0.991972 -0.980346 -3.523033 1.252295 -4.128052 -12.647383 0.000077 -0.000022 0.000006 -0.031804 -0.091266 -0.019278 0.607397 -3.877490 -10.504354 -0.665073 3.689027 -10.509646 2.686090 -6.100092 12.081596 -68.448265 -19.619812 7.807962 2.209789 -53.955521 -1.594227 9.583320 0.886257 7.280091 -5.882102 9.861279 0.702590 -10.936861 -0.360574 7.156197 0.000000 8.774815 -0.000000 -16.345476 18.540092 6.483086 -1.844031 2.498503 -2.507276 -10.163590 4.678941 4.621104 -20.975996 -0.000001 0.000001 -21.226254 2.451698 -3.593995 0.000000 -0.000006 -0.000000 -1.362681 2.240797 -0.746323 -21.334892 0.584910 3.008319 -13.821196 -0.000001 0.000001 -23.887129 -0.249075 -0.839485 -61.743771 2.494535 -0.953820 -0.294025 1.679686 0.833255 -14.218195 0.093215 1.300579 -34.212002 -0.287561 0.967166 -20.033176 0.964536 1.212838 0.000000 -0.000000 0.000000 -3.440387 0.788233 0.501655 -15.928172 -3.167306 2.999703 -6.338817 -0.000000 0.000001 -18.123419 3.648181 -4.905662 -0.000004 0.000000 -0.000002 8.036581 13.139041 18.372118 71.426590 13.094265 4.195110 -0.778949 12.006741 -0.248585 -11.416758 -0.890962 9.076570 2.243540 -5.255033 -3.180156 14.282877 -0.826594 6.952496 -0.000000 -12.690593 -0.000001 16.293337 -17.162804 2.474743 1.665665 -1.955920 -2.878297 4.727794 -4.170584 4.993919 11.020511 0.000001 -0.000000 12.109032 -3.735715 -2.866778 0.000000 -0.000000 0.000000 1.291985 -1.928548 -1.498088 14.800115 0.567467 3.865604 14.242553 -1.341738 -6.660648 19.631935 0.143921 -0.648243 49.175983 -0.175568 -6.217304 0.353029 -1.511150 -0.031940 20.222769 3.684305 2.316629 18.787249 0.000001 -0.000001 10.751608 -0.479870 1.397903 0.000000 -0.000000 0.000000 3.273804 0.305947 -0.580110 21.486790 11.830364 2.266131 8.162915 0.000000 -0.000000 18.399052 -3.798986 -4.940567 0.000003 0.000000 -0.000001 3.852026 -7.228894 16.205904 0.173198 0.117589 10.796783 2.313530 0.645565 -18.165909 1.859380 -2.095620 -3.967071 0.000000 -0.000000 0.000002 0.292960 -11.994183 -24.840559 0.170474 -0.009862 23.898767 11.234666 -1.373456 2.045475 -1.467228 0.703955 -2.484586 0.000000 -0.000000 -0.000001
0.000000 0.000000 0.000000 0.000000 -0.000000 0.000000 -38.225973 -3.833274 100.511073 -7.825898 -6.933977 0.008226 2.607846 -0.066298 -3.888368 0.412614 -1.230491 -6.700229 3.986604 -2.728645 13.346493 2.644950 1.694103 0.215412 -1.172126 -1.613136 -3.641967 0.556145 -4.684229 -11.324170 0.000077 -0.000022 0.000006 -0.060268 -0.170437 -0.063221 0.613364 -3.935826 -10.529064 -0.725989 3.589077 -10.526658 3.226541 -5.409672 12.908051 -71.383293 -17.635059 6.766788 2.249020 -56.568066 -1.628688 9.587635 -0.870162 7.757993 -5.882102 9.861279 0.702590 -10.936861 -0.360574 7.156197 0.000000 8.774815 -0.000000 -16.368797 18.280859 6.455901 -1.844031 2.498503 -2.507276 -10.163590 4.678941 4.621104 -20.975996 -0.000001 0.000001 -21.226254 2.451698 -3.593995 0.000000 -0.000006 -0.000000 -1.362681 2.240797 -0.746323 -21.334892 0.584910 3.008319 -13.821196 -0.000001 0.000001 -23.887129 -0.249075 -0.839485 -61.596264 2.406014 -0.692290 -0.294025 1.679686 0.833255 -14.218195 0.093215 1.300579 -34.212002 -0.287561 0.967166 -20.033176 0.964536 1.212838 0.000000 -0.000000 0.000000 -3.440387 0.788233 0.501655 -15.928172 -3.167306 2.999703 -6.338817 -0.000000 0.000001 -18.123419 3.648181 -4.905662 -0.000004 0.000000 -0.000002 8.483195 13.981662 18.876060 69.966873 13.562540 1.213284 -1.412523 16.479275 -0.517290 -13.832363 -1.090192 9.752078 2.243540 -5.255033 -3.180156 14.282877 -0.826594 6.952496 -0.000000 -12.690593 -0.000001 16.448353 -17.299110 2.385922 1.665665 -1.955920 -2.878297 4.727794 -4.170584 4.993919 11.020511 0.000001 -0.000000 12.109032 -3.735715 -2.866778 0.000000 -0.000000 0.000000 1.291985 -1.928548 -1.498088 14.800115 0.567467 3.865604 14.242553 -1.341738 -6.660648 19.631935 0.143921 -0.648243 49.046177 -0.173204 -6.129013 0.353029 -1.511150 -0.031940 20.222769 3.684305 2.316629 18.787249 0.000001 -0.000001 10.751608 -0.479870 1.397903 0.000000 -0.000000 0.000000 3.273804 0.305947 -0.580110 21.486790 11.830364 2.266131 8.162915 0.000000 -0.000000 18.399052 -3.798986 -4.940567 0.000003 0.000000 -0.000001 6.884880 -6.978385 13.995207 0.192246 0.013243 22.072151 2.566103 1.934095 -15.575177 2.007524 -2.225675 -9.212825 0.000000 -0.000000 0.000002 2.371874 -12.107055 -22.356075 0.198198 0.152948 27.467455 9.783521 -0.561355 -3.048845 -1.463296 0.612098 -1.472123 0.000000 -0.000000 -0.000001
0.000000 0.000000 0.000000 0.000000 -0.000000 0.000000 -39.688337 -3.888747 104.484543 -10.633172 -4.008986 -1.403653 3.438568 -0.372415 -3.707309 0.699896 -1.481409 -6.705180 5.762089 -3.074190 13.010136 4.979334 0.819450 2.355013 -1.551826 -3.308467 -3.595527 -0.695996 -5.797866 -9.341375 0.000077 -0.000022 0.000006 -0.074634 -0.255535 -0.059857 0.651994 -4.011932 -10.600387 -0.790781 3.490924 -10.594943 5.482075 -6.167105 14.349862 -75.266083 -14.903909 5.641667 1.420133 -58.572037 -0.978288 9.635448 -2.409178 7.215553 -5.882102 9.861279 0.702590 -10.936861 -0.360574 7.156197 0.000000 8.774815 -0.000000 -16.470346 17.934868 6.259541 -1.844031 2.498503 -2.507276 -10.163590 4.678941 4.621104 -20.975996 -0.000001 0.000001 -21.226254 2.451698 -3.593995 0.000000 -0.000006 -0.000000 -1.362681 2.240797 -0.746323 -21.334892 0.584910 3.008319 -13.821196 -0.000001 0.000001 -23.887129 -0.249075 -0.839485 -60.998226 2.411728 -0.649616 -0.294025 1.679686 0.833255 -14.218195 0.093215 1.300579 -34.212002 -0.287561 0.967166 -20.033176 0.964536 1.212838 0.000000 -0.000000 0.000000 -3.440387 0.788233 0.501655 -15.928172 -3.167306 2.999703 -6.338817 -0.000000 0.000001 -18.123419 3.648181 -4.905662 -0.000004 0.000000 -0.000002 9.077832 14.004033 19.053764 68.733276 12.843305 -4.704168 -1.782805 24.970339 -0.870540 -16.208345 -0.541108 11.130871 2.243540 -5.255033 -3.180156 14.282877 -0.826594 6.952496 -0.000000 -12.690593 -0.000001 16.306841 -17.476542 2.476518 1.665665 -1.955920 -2.878297 4.727794 -4.170584 4.993919 11.020511 0.000001 -0.000000 12.109032 -3.735715 -2.866778 0.000000 -0.000000 0.000000 1.291985 -1.928548 -1.498088 14.800115 0.567467 3.865604 14.242553 -1.341738 -6.660648 19.631935 0.143921 -0.648243 49.127712 -0.435346 -6.033406 0.353029 -1.511150 -0.031940 20.222769 3.684305 2.316629 18.787249 0.000001 -0.000001 10.751608 -0.479870 1.397903 0.000000 -0.000000 0.000000 3.273804 0.305947 -0.580110 21.486790 11.830364 2.266131 8.162915 0.000000 -0.000000 18.399052 -3.798986 -4.940567 0.000003 0.000000 -0.000001 11.025785 -6.953100 8.838385 0.099848 -0.095890 37.917236 2.440505 3.621397 -8.381194 2.244730 -2.171346 -15.387916 0.000000 -0.000000 0.000002 4.765913 -12.528226 -17.314621 0.213440 0.109832 27.420105 8.707130 -1.964936 -6.838869 -1.451072 0.586068 -0.758920 0.000000 -0.000000 -0.000001
0.000000 0.000000 0.000000 0.000000 -0.000000 0.000000 -41.030911 -3.810905 108.471180 -13.869935 -0.030457 -3.553445 4.283873 -0.607636 -3.668442 0.886666 -1.749477 -6.689513 7.824993 -3.526279 12.812163 8.430981 -0.826437 4.765136 -2.306260 -5.867415 -3.518760 -2.532367 -7.423153 -5.350064 0.000077 -0.000022 0.000006 -0.055871 -0.339681 -0.074335 0.722106 -4.067357 -10.663047 -0.821473 3.373561 -10.625952 7.422137 -7.446302 15.603062 -76.623383 -10.960030 6.274072 0.173922 -62.192234 -0.199955 8.204326 -3.604383 5.117503 -5.882102 9.861279 0.702590 -10.936861 -0.360574 7.156197 0.000000 8.774815 -0.000000 -16.485638 17.809452 6.103094 -1.844031 2.498503 -2.507276 -10.163590 4.678941 4.621104 -20.975996 -0.000001 0.000001 -21.226254 2.451698 -3.593995 0.000000 -0.000006 -0.000000 -1.362681 2.240797 -0.746323 -21.334892 0.584910 3.008319 -13.821196 -0.000001 0.000001 -23.887129 -0.249075 -0.839485 -60.723251 2.553449 -0.872172 -0.294025 1.679686 0.833255 -14.218195 0.093215 1.300579 -34.212002 -0.287561 0.967166 -20.033176 0.964536 1.212838 0.000000 -0.000000 0.000000 -3.440387 0.788233 0.501655 -15.928172 -3.167306 2.999703 -6.338817 -0.000000 0.000001 -18.123419 3.648181 -4.905662 -0.000004 0.000000 -0.000002 11.651151 13.202010 18.956614 65.336082 10.846169 -10.880309 -1.716157 36.089172 -1.125718 -16.847488 0.071714 13.410684 2.243540 -5.255033 -3.180156 14.282877 -0.826594 6.952496 -0.000000 -12.690593 -0.000001 15.961790 -17.870131 2.704241 1.665665 -1.955920 -2.878297 4.727794 -4.170584 4.993919 11.020511 0.000001 -0.000000 12.109032 -3.735715 -2.866778 0.000000 -0.000000 0.000000 1.291985 -1.928548 -1.498088 14.800115 0.567467 3.865604 14.242553 -1.341738 -6.660648 19.631935 0.143921 -0.648243 49.084660 -0.664655 -6.186772 0.353029 -1.511150 -0.031940 20.222769 3.684305 2.316629 18.787249 0.000001 -0.000001 10.751608 -0.479870 1.397903 0.000000 -0.000000 0.000000 3.273804 0.305947 -0.580110 21.486790 11.830364 2.266131 8.162915 0.000000 -0.000000 18.399052 -3.798986 -4.940567 0.000003 0.000000 -0.000001 15.946593 -7.236855 2.288772 -0.034938 -0.195581 54.013412 1.599870 6.652710 2.514172 2.334382 -2.028596 -13.265244 0.000000 -0.000000 0.000002 7.697330 -13.503644 -10.416479 0.127584 -0.065497 24.388918 7.114790 -4.848600 -9.239338 -1.454304 0.604178 -0.314199 0.000000 -0.000000 -0.000001
0.000000 0.000000 0.000000 0.000000 -0.000000 0.000000 -42.057503 -4.006492 112.564817 -17.090752 3.808422 -6.486845 4.960425 -0.686899 -3.807207 0.934724 -1.937741 -6.666751 10.026518 -4.044099 12.889689 12.161424 -3.470771 7.498812 -3.012240 -8.270069 -3.452493 -4.991762 -9.112864 -0.292264 0.000077 -0.000022 0.000006 -0.007861 -0.338249 -0.131947 0.803496 -4.038977 -10.737883 -0.805333 3.345676 -10.637862 9.171971 -8.198279 16.559437 -75.325638 -6.579745 9.515604 -0.128638 -65.889153 -0.077067 5.461600 -4.087376 3.549845 -5.882102 9.861279 0.702590 -10.936861 -0.360574 7.156197 0.000000 8.774815 -0.000000 -16.091576 17.900322 6.138872 -1.844031 2.498503 -2.507276 -10.163590 4.678941 4.621104 -20.975996 -0.000001 0.000001 -21.226254 2.451698 -3.593995 0.000000 -0.000006 -0.000000 -1.362681 2.240797 -0.746323 -21.334892 0.584910 3.008319 -13.821196 -0.000001 0.000001 -23.887129 -0.249075 -0.839485 -60.701710 2.788705 -1.073995 -0.294025 1.679686 0.833255 -14.218195 0.093215 1.300579 -34.212002 -0.287561 0.967166 -20.033176 0.964536 1.212838 0.000000 -0.000000 0.000000 -3.440387 0.788233 0.501655 -15.928172 -3.167306 2.999703 -6.338817 -0.000000 0.000001 -18.123419 3.648181 -4.905662 -0.000004 0.000000 -0.000002 15.377652 11.946966 18.778240 60.144947 9.023749 -15.539594 -1.508878 45.970398 -1.220562 -15.312007 0.581452 14.775296 2.243540 -5.255033 -3.180156 14.282877 -0.826594 6.952496 -0.000000 -12.690593 -0.000001 15.920135 -18.189770 2.729720 1.665665 -1.955920 -2.878297 4.727794 -4.170584 4.993919 11.020511 0.000001 -0.000000 12.109032 -3.735715 -2.866778 0.000000 -0.000000 0.000000 1.291985 -1.928548 -1.498088 14.800115 0.567467 3.865604 14.242553 -1.341738 -6.660648 19.631935 0.143921 -0.648243 49.187546 -0.807188 -6.379414 0.353029 -1.511150 -0.031940 20.222769 3.684305 2.316629 18.787249 0.000001 -0.000001 10.751608 -0.479870 1.397903 0.000000 -0.000000 0.000000 3.273804 0.305947 -0.580110 21.486790 11.830364 2.266131 8.162915 0.000000 -0.000000 18.399052 -3.798986 -4.940567 0.000003 0.000000 -0.000001 20.432858 -7.986166 -3.052480 -0.119759 -0.256479 66.760284 1.173538 9.840531 9.839215 2.246106 -2.087806 -5.956293 0.000000 -0.000000 0.000002 10.508722 -14.998650 -2.661669 -0.065155 -0.269593 20.204161 5.829455 -7.494001 -10.824286 -1.445255 0.664243 -0.393846 0.000000 -0.000000 -0.000001
0.000000 0.000000 0.000000 0.000000 -0.000000 0.000000 -42.621235 -4.431495 117.101658 -18.468086 6.381841 -9.458271 4.990689 -0.742319 -4.051541 0.815352 -1.831666 -6.691428 11.332079 -4.150180 12.955233 14.987548 -6.594371 11.107739 -3.476736 -9.974060 -3.286436 -7.221502 -10.448251 3.917217 0.000077 -0.000022 0.000006 0.039021 -0.322786 -0.144704 0.868293 -4.007628 -10.739486 -0.775964 3.345399 -10.574731 11.436336 -8.122017 17.203522 -73.033813 -2.067317 13.705058 -0.149318 -67.577309 -0.084780 2.130828 -3.921800 3.979056 -5.882102 9.861279 0.702590 -10.936861 -0.360574 7.156197 0.000000 8.774815 -0.000000 -15.545609 18.321653 6.267312 -1.844031 2.498503 -2.507276 -10.163590 4.678941 4.621104 -20.975996 -0.000001 0.000001 -21.226254 2.451698 -3.593995 0.000000 -0.000006 -0.000000 -1.362681 2.240797 -0.746323 -21.334892 0.584910 3.008319 -13.821196 -0.000001 0.000001 -23.887129 -0.249075 -0.839485 -60.599476 3.058297 -1.300189 -0.294025 1.679686 0.833255 -14.218195 0.093215 1.300579 -34.212002 -0.287561 0.967166 -20.033176 0.964536 1.212838 0.000000 -0.000000 0.000000 -3.440387 0.788233 0.501655 -15.928172 -3.167306 2.999703 -6.338817 -0.000000 0.000001 -18.123419 3.648181 -4.905662 -0.000004 0.000000 -0.000002 17.742079 10.853008 18.450598 56.331738 8.419145 -18.924574 -1.000756 52.819611 -0.881071 -12.610126 1.370785 15.513843 2.243540 -5.255033 -3.180156 14.282877 -0.826594 6.952496 -0.000000 -12.690593 -0.000001 16.052950 -18.082245 2.640142 1.665665 -1.955920 -2.878297 4.727794 -4.170584 4.993919 11.020511 0.000001 -0.000000 12.109032 -3.735715 -2.866778 0.000000 -0.000000 0.000000 1.291985 -1.928548 -1.498088 14.800115 0.567467 3.865604 14.242553 -1.341738 -6.660648 19.631935 0.143921 -0.648243 49.295185 -0.917516 -6.423480 0.353029 -1.511150 -0.031940 20.222769 3.684305 2.316629 18.787249 0.000001 -0.000001 10.751608 -0.479870 1.397903 0.000000 -0.000000 0.000000 3.273804 0.305947 -0.580110 21.486790 11.830364 2.266131 8.162915 0.000000 -0.000000 18.399052 -3.798986 -4.940567 0.000003 0.000000 -0.000001 22.447733 -8.945551 -6.028306 -0.174688 -0.193888 74.880211 -1.579055 7.166348 10.987766 2.198869 -2.066886 -4.074802 0.000000 -0.000000 0.000002 10.773929 -17.043034 5.175577 -0.122438 -0.380313 16.583733 5.760390 -7.997915 -12.624150 -1.423970 0.658884 -0.389225 0.000000 -0.000000 -0.000001
0.000000 0.000000 0.000000 0.000000 -0.000000 0.000000 -42.662195 -4.782859 121.916361 -17.673149 7.733877 -11.716448 4.505053 -0.708432 -4.354784 0.650677 -1.383193 -6.805117 11.511666 -3.785034 12.819478 16.261654 -9.318787 15.096209 -3.927993 -11.153001 -3.054504 -8.781732 -11.416912 7.592386 0.000077 -0.000022 0.000006 0.072842 -0.305747 -0.148872 0.901331 -3.986320 -10.706740 -0.741327 3.357970 -10.501982 13.092700 -7.240689 17.703011 -69.937523 2.777802 16.967800 -0.843060 -67.859299 0.487498 -1.687756 -3.568452 5.488901 -5.882102 9.861279 0.702590 -10.936861 -0.360574 7.156197 0.000000 8.774815 -0.000000 -15.247335 18.695536 6.402110 -1.844031 2.498503 -2.507276 -10.163590 4.678941 4.621104 -20.975996 -0.000001 0.000001 -21.226254 2.451698 -3.593995 0.000000 -0.000006 -0.000000 -1.362681 2.240797 -0.746323 -21.334892 0.584910 3.008319 -13.821196 -0.000001 0.000001 -23.887129 -0.249075 -0.839485 -60.527832 3.263659 -1.487141 -0.294025 1.679686 0.833255 -14.218195 0.093215 1.300579 -34.212002 -0.287561 0.967166 -20.033176 0.964536 1.212838 0.000000 -0.000000 0.000000 -3.440387 0.788233 0.501655 -15.928172 -3.167306 2.999703 -6.338817 -0.000000 0.000001 -18.123419 3.648181 -4.905662 -0.000004 0.000000 -0.000002 18.431692 10.190350 18.161108 54.660328 8.829961 -21.217737 -0.938562 57.255424 -0.695247 -9.635114 2.019028 15.929682 2.243540 -5.255033 -3.180156 14.282877 -0.826594 6.952496 -0.000000 -12.690593 -0.000001 16.079323 -17.757311 2.651267 1.665665 -1.955920 -2.878297 4.727794 -4.170584 4.993919 11.020511 0.000001 -0.000000 12.109032 -3.735715 -2.866778 0.000000 -0.000000 0.000000 1.291985 -1.928548 -1.498088 14.800115 0.567467 3.865604 14.242553 -1.341738 -6.660648 19.631935 0.143921 -0.648243 49.278961 -0.973969 -6.370643 0.353029 -1.511150 -0.031940 20.222769 3.684305 2.316629 18.787249 0.000001 -0.000001 10.751608 -0.479870 1.397903 0.000000 -0.000000 0.000000 3.273804 0.305947 -0.580110 21.486790 11.830364 2.266131 8.162915 0.000000 -0.000000 18.399052 -3.798986 -4.940567 0.000003 0.000000 -0.000001 21.976448 -8.720222 -7.243563 -0.172349 -0.141899 78.618561 -4.606845 2.159734 8.500665 2.090388 -1.978094 -3.822252 0.000000 -0.000000 0.000002 8.280468 -18.453009 13.439377 -0.086407 -0.383787 12.027334 6.589777 -7.265326 -13.840172 -1.405024 0.631119 -0.350680 0.000000 -0.000000 -0.000001
0.000000 0.000000 0.000000 0.000000 -0.000000 0.000000 -42.176829 -4.925346 126.389202 -15.183507 8.131197 -12.692060 3.852799 -0.578991 -4.881777 0.447591 -0.723520 -7.037679 10.906668 -3.046965 12.492266 15.968860 -10.605896 18.783266 -4.554101 -12.024682 -2.785974 -9.742359 -12.196920 11.440199 0.000077 -0.000022 0.000006 0.073259 -0.215384 -0.135332 0.875471 -3.905431 -10.655862 -0.714545 3.459531 -10.444650 12.489801 -5.215223 18.246225 -65.349915 8.150006 18.203995 -1.398624 -69.070183 0.935566 -4.750443 -3.798997 5.385342 -5.882102 9.861279 0.702590 -10.936861 -0.360574 7.156197 0.000000 8.774815 -0.000000 -15.310462 18.658300 6.297632 -1.844031 2.498503 -2.507276 -10.163590 4.678941 4.621104 -20.975996 -0.000001 0.000001 -21.226254 2.451698 -3.593995 0.000000 -0.000006 -0.000000 -1.362681 2.240797 -0.746323 -21.334892 0.584910 3.008319 -13.821196 -0.000001 0.000001 -23.887129 -0.249075 -0.839485 -60.496742 3.298711 -1.572613 -0.294025 1.679686 0.833255 -14.218195 0.093215 1.300579 -34.212002 -0.287561 0.967166 -20.033176 0.964536 1.212838 0.000000 -0.000000 0.000000 -3.440387 0.788233 0.501655 -15.928172 -3.167306 2.999703 -6.338817 -0.000000 0.000001 -18.123419 3.648181 -4.905662 -0.000004 0.000000 -0.000002 17.976669 10.114319 17.913734 54.006458 9.310988 -22.994568 0.144967 60.579147 0.169616 -6.891127 2.311313 16.945299 2.243540 -5.255033 -3.180156 14.282877 -0.826594 6.952496 -0.000000 -12.690593 -0.000001 15.975461 -17.436058 2.557815 1.665665 -1.955920 -2.878297 4.727794 -4.170584 4.993919 11.020511 0.000001 -0.000000 12.109032 -3.735715 -2.866778 0.000000 -0.000000 0.000000 1.291985 -1.928548 -1.498088 14.800115 0.567467 3.865604 14.242553 -1.341738 -6.660648 19.631935 0.143921 -0.648243 48.765453 -0.995239 -6.423655 0.353029 -1.511150 -0.031940 20.222769 3.684305 2.316629 18.787249 0.000001 -0.000001 10.751608 -0.479870 1.397903 0.000000 -0.000000 0.000000 3.273804 0.305947 -0.580110 21.486790 11.830364 2.266131 8.162915 0.000000 -0.000000 18.399052 -3.798986 -4.940567 0.000003 0.000000 -0.000001 20.035276 -6.111865 -7.572026 -0.173746 -0.015337 77.692200 -6.159810 -1.446147 5.599907 1.943230 -1.903853 -3.948664 0.000000 -0.000000 0.000002 4.048664 -18.546200 21.535641 -0.030379 -0.347650 4.925952 7.688465 -6.488349 -13.245174 -1.412262 0.593789 -0.732459 0.000000 -0.000000 -0.000001
0.000000 0.000000 0.000000 0.000000 -0.000000 0.000000 -41.253482 -4.609999 130.463681 -11.924233 7.510948 -12.381786 3.333717 -0.310266 -5.580589 0.293671 0.127036 -7.394348 9.874408 -2.178089 11.868883 14.179324 -10.185489 21.729584 -5.203990 -12.431376 -2.647284 -10.142068 -12.786249 15.022899 0.000077 -0.000022 0.000006 0.062617 -0.144080 -0.148384 0.833309 -3.840154 -10.642930 -0.694580 3.538242 -10.435152 10.570205 -2.433063 18.606094 -59.670712 13.920105 17.462912 -1.840186 -73.063454 1.567669 -6.150300 -5.665506 1.577502 -5.882102 9.861279 0.702590 -10.936861 -0.360574 7.156197 0.000000 8.774815 -0.000000 -15.197458 18.528654 6.435199 -1.844031 2.498503 -2.507276 -10.163590 4.678941 4.621104 -20.975996 -0.000001 0.000001 -21.226254 2.451698 -3.593995 0.000000 -0.000006 -0.000000 -1.362681 2.240797 -0.746323 -21.334892 0.584910 3.008319 -13.821196 -0.000001 0.000001 -23.887129 -0.249075 -0.839485 -60.481983 3.203482 -1.614364 -0.294025 1.679686 0.833255 -14.218195 0.093215 1.300579 -34.212002 -0.287561 0.967166 -20.033176 0.964536 1.212838 0.000000 -0.000000 0.000000 -3.440387 0.788233 0.501655 -15.928172 -3.167306 2.999703 -6.338817 -0.000000 0.000001 -18.123419 3.648181 -4.905662 -0.000004 0.000000 -0.000002 15.301910 10.836524 17.515961 54.386185 9.209166 -22.915442 2.200693 64.197998 2.224154 -3.913699 0.884218 19.246391 2.243540 -5.255033 -3.180156 14.282877 -0.826594 6.952496 -0.000000 -12.690593 -0.000001 15.924753 -17.316666 2.372473 1.665665 -1.955920 -2.878297 4.727794 -4.170584 4.993919 11.020511 0.000001 -0.000000 12.109032 -3.735715 -2.866778 0.000000 -0.000000 0.000000 1.291985 -1.928548 -1.498088 14.800115 0.567467 3.865604 14.242553 -1.341738 -6.660648 19.631935 0.143921 -0.648243 48.301075 -1.044209 -6.531769 0.353029 -1.511150 -0.031940 20.222769 3.684305 2.316629 18.787249 0.000001 -0.000001 10.751608 -0.479870 1.397903 0.000000 -0.000000 0.000000 3.273804 0.305947 -0.580110 21.486790 11.830364 2.266131 8.162915 0.000000 -0.000000 18.399052 -3.798986 -4.940567 0.000003 0.000000 -0.000001 18.015713 -0.734329 -7.114858 -0.198519 -0.069641 72.956291 -6.674543 -4.108187 3.287982 1.757282 -1.774243 -4.632942 0.000000 -0.000000 0.000002 -0.590839 -17.406343 24.765406 -0.015697 -0.296572 4.743893 9.615899 -5.409811 -12.931581 -1.409284 0.605349 -1.527693 0.000000 -0.000000 -0.000001
0.000000 0.000000 0.000000 0.000000 -0.000000 0.000000 -40.049807 -4.198954 134.496685 -7.790932 6.062217 -11.106796 2.672030 -0.007069 -6.345557 0.181860 1.009264 -7.804136 8.033013 -1.153035 10.949198 11.714718 -8.454937 23.640457 -5.848813 -12.467975 -2.503923 -10.510334 -12.781427 18.372662 0.000077 -0.000022 0.000006 0.050056 -0.095419 -0.152700 0.828752 -3.781864 -10.577091 -0.717056 3.577097 -10.384635 8.130793 0.618809 18.904406 -52.273808 19.306700 15.864754 -0.642806 -79.677986 0.683222 -6.407603 -9.219945 -5.455542 -5.882102 9.861279 0.702590 -10.936861 -0.360574 7.156197 0.000000 8.774815 -0.000000 -14.844396 18.271322 6.602924 -1.844031 2.498503 -2.507276 -10.163590 4.678941 4.621104 -20.975996 -0.000001 0.000001 -21.226254 2.451698 -3.593995 0.000000 -0.000006 -0.000000 -1.362681 2.240797 -0.746323 -21.334892 0.584910 3.008319 -13.821196 -0.000001 0.000001 -23.887129 -0.249075 -0.839485 -60.157070 2.881808 -1.626104 -0.294025 1.679686 0.833255 -14.218195 0.093215 1.300579 -34.212002 -0.287561 0.967166 -20.033176 0.964536 1.212838 0.000000 -0.000000 0.000000 -3.440387 0.788233 0.501655 -15.928172 -3.167306 2.999703 -6.338817 -0.000000 0.000001 -18.123419 3.648181 -4.905662 -0.000004 0.000000 -0.000002 9.990000 12.068449 16.471289 55.156818 8.671599 -19.657940 4.695277 68.648842 4.969905 0.012494 -1.502359 21.668009 2.243540 -5.255033 -3.180156 14.282877 -0.826594 6.952496 -0.000000 -12.690593 -0.000001 15.939357 -17.275852 2.139038 1.665665 -1.955920 -2.878297 4.727794 -4.170584 4.993919 11.020511 0.000001 -0.000000 12.109032 -3.735715 -2.866778 0.000000 -0.000000 0.000000 1.291985 -1.928548 -1.498088 14.800115 0.567467 3.865604 14.242553 -1.341738 -6.660648 19.631935 0.143921 -0.648243 47.931927 -1.056433 -6.645880 0.353029 -1.511150 -0.031940 20.222769 3.684305 2.316629 18.787249 0.000001 -0.000001 10.751608 -0.479870 1.397903 0.000000 -0.000000 0.000000 3.273804 0.305947 -0.580110 21.486790 11.830364 2.266131 8.162915 0.000000 -0.000000 18.399052 -3.798986 -4.940567 0.000003 0.000000 -0.000001 15.663625 6.722196 -5.247248 -0.251921 -0.208685 65.381142 -6.459610 -6.287608 2.152302 1.639060 -1.579076 -6.986767 0.000000 -0.000000 0.000002 -5.860843 -15.123764 25.824356 0.009658 -0.213620 6.837969 11.938212 -4.355941 -12.766358 -1.404077 0.586255 -3.014176 0.000000 -0.000000 -0.000001
0.000000 0.000000 0.000000 0.000000 -0.000000 0.000000 -38.781142 -4.154521 138.548657 -3.299798 4.352038 -9.332868 1.885987 0.286277 -7.054355 0.097036 1.745490 -8.243452 5.224710 -0.400202 9.936422 8.945490 -5.765195 24.028900 -6.247510 -12.208504 -2.364322 -10.824791 -12.158753 21.386415 0.000077 -0.000022 0.000006 0.044013 -0.064107 -0.155439 0.870585 -3.726596 -10.453017 -0.773479 3.581741 -10.301648 5.504432 3.254541 18.920961 -42.680424 23.557051 13.761806 12.012472 -86.890144 -11.937262 -4.657217 -13.415935 -13.785148 -5.882102 9.861279 0.702590 -10.936861 -0.360574 7.156197 0.000000 8.774815 -0.000000 -14.352789 17.809366 6.726341 -1.844031 2.498503 -2.507276 -10.163590 4.678941 4.621104 -20.975996 -0.000001 0.000001 -21.226254 2.451698 -3.593995 0.000000 -0.000006 -0.000000 -1.362681 2.240797 -0.746323 -21.334892 0.584910 3.008319 -13.821196 -0.000001 0.000001 -23.887129 -0.249075 -0.839485 -59.695900 2.508155 -1.463241 -0.294025 1.679686 0.833255 -14.218195 0.093215 1.300579 -34.212002 -0.287561 0.967166 -20.033176 0.964536 1.212838 0.000000 -0.000000 0.000000 -3.440387 0.788233 0.501655 -15.928172 -3.167306 2.999703 -6.338817 -0.000000 0.000001 -18.123419 3.648181 -4.905662 -0.000004 0.000000 -0.000002 2.903533 13.129479 14.510518 54.632130 8.252778 -13.640436 8.175490 74.225426 8.754700 4.409107 -2.734931 21.269558 2.243540 -5.255033 -3.180156 14.282877 -0.826594 6.952496 -0.000000 -12.690593 -0.000001 15.913822 -17.151047 2.137493 1.665665 -1.955920 -2.878297 4.727794 -4.170584 4.993919 11.020511 0.000001 -0.000000 12.109032 -3.735715 -2.866778 0.000000 -0.000000 0.000000 1.291985 -1.928548 -1.498088 14.800115 0.567467 3.865604 14.242553 -1.341738 -6.660648 19.631935 0.143921 -0.648243 47.985474 -0.998450 -6.522976 0.353029 -1.511150 -0.031940 20.222769 3.684305 2.316629 18.787249 0.000001 -0.000001 10.751608 -0.479870 1.397903 0.000000 -0.000000 0.000000 3.273804 0.305947 -0.580110 21.486790 11.830364 2.266131 8.162915 0.000000 -0.000000 18.399052 -3.798986 -4.940567 0.000003 0.000000 -0.000001 13.212498 13.896838 -1.847761 -0.287300 -0.382995 57.032349 -5.943488 -7.951741 1.443779 1.667017 -1.399292 -11.440228 0.000000 -0.000000 0.000002 -10.666832 -11.367781 24.459808 -0.020081 0.052257 11.734846 13.855539 -4.842748 -12.944050 -1.411654 0.607407 -5.563927 0.000000 -0.000000 -0.000001
0.000000 0.000000 0.000000 0.000000 -0.000000 0.000000 -37.701739 -4.529248 142.610653 0.485565 3.379407 -7.703953 1.089273 0.597909 -7.323271 -0.040428 2.223462 -8.513363 1.784816 -0.398273 9.004381 6.362514 -3.015353 22.814240 -6.066184 -11.334665 -2.234260 -10.577644 -11.390217 23.084795 0.000077 -0.000022 0.000006 0.010274 -0.009084 -0.141964 0.904413 -3.635085 -10.244465 -0.878243 3.594536 -10.163095 3.477569 4.470778 18.425528 -31.661131 25.195766 11.849977 132.377533 -87.850052 -132.178711 -0.021611 -16.909292 -21.900511 -5.882102 9.861279 0.702590 -10.936861 -0.360574 7.156197 0.000000 8.774815 -0.000000 -14.117232 17.369518 6.699925 -1.844031 2.498503 -2.507276 -10.163590 4.678941 4.621104 -20.975996 -0.000001 0.000001 -21.226254 2.451698 -3.593995 0.000000 -0.000006 -0.000000 -1.362681 2.240797 -0.746323 -21.334892 0.584910 3.008319 -13.821196 -0.000001 0.000001 -23.887129 -0.249075 -0.839485 -59.450344 2.348272 -1.224854 -0.294025 1.679686 0.833255 -14.218195 0.093215 1.300579 -34.212002 -0.287561 0.967166 -20.033176 0.964536 1.212838 0.000000 -0.000000 0.000000 -3.440387 0.788233 0.501655 -15.928172 -3.167306 2.999703 -6.338817 -0.000000 0.000001 -18.123419 3.648181 -4.905662 -0.000004 0.000000 -0.000002 -4.315056 13.040198 12.298731 51.805607 8.466275 -7.888549 15.482338 80.431786 15.946116 6.877791 -1.283885 16.915287 2.243540 -5.255033 -3.180156 14.282877 -0.826594 6.952496 -0.000000 -12.690593 -0.000001 15.762311 -17.070871 2.325685 1.665665 -1.955920 -2.878297 4.727794 -4.170584 4.993919 11.020511 0.000001 -0.000000 12.109032 -3.735715 -2.866778 0.000000 -0.000000 0.000000 1.291985 -1.928548 -1.498088 14.800115 0.567467 3.865604 14.242553 -1.341738 -6.660648 19.631935 0.143921 -0.648243 48.228836 -0.904873 -6.307621 0.353029 -1.511150 -0.031940 20.222769 3.684305 2.316629 18.787249 0.000001 -0.000001 10.751608 -0.479870 1.397903 0.000000 -0.000000 0.000000 3.273804 0.305947 -0.580110 21.486790 11.830364 2.266131 8.162915 0.000000 -0.000000 18.399052 -3.798986 -4.940567 0.000003 0.000000 -0.000001 10.936965 17.760422 2.305099 -0.300635 -0.743559 50.742680 -5.658319 -8.805964 -0.476857 1.734454 -1.358382 -14.275971 0.000000 -0.000000 0.000002 -12.783789 -6.185786 19.611095 -0.103887 0.363145 22.237629 13.026150 -9.442670 -12.335549 -1.491240 0.721657 -10.765163 0.000000 -0.000000 -0.000001
0.000000 0.000000 0.000000 0.000000 -0.000000 0.000000 -36.958283 -5.189396 146.226081 3.418841 3.655813 -6.771497 0.085122 0.713975 -6.943952 -0.423244 2.087870 -8.263522 -1.728610 -0.858000 8.433146 4.495215 -0.754599 20.681652 -5.625618 -10.564285 -2.236070 -9.148001 -10.328612 23.715263 0.000077 -0.000022 0.000006 0.010241 0.021059 -0.149239 0.920781 -3.570790 -10.095447 -0.898262 3.584760 -10.093480 2.557673 3.452871 17.741133 -20.814857 24.268381 9.692204 127.338333 -87.460709 -127.051338 5.551892 -17.803040 -26.435213 -5.882102 9.861279 0.702590 -10.936861 -0.360574 7.156197 0.000000 8.774815 -0.000000 -13.968170 17.449282 6.804008 -1.844031 2.498503 -2.507276 -10.163590 4.678941 4.621104 -20.975996 -0.000001 0.000001 -21.226254 2.451698 -3.593995 0.000000 -0.000006 -0.000000 -1.362681 2.240797 -0.746323 -21.334892 0.584910 3.008319 -13.821196 -0.000001 0.000001 -23.887129 -0.249075 -0.839485 -59.654716 2.273517 -1.124292 -0.294025 1.679686 0.833255 -14.218195 0.093215 1.300579 -34.212002 -0.287561 0.967166 -20.033176 0.964536 1.212838 0.000000 -0.000000 0.000000 -3.440387 0.788233 0.501655 -15.928172 -3.167306 2.999703 -6.338817 -0.000000 0.000001 -18.123419 3.648181 -4.905662 -0.000004 0.000000 -0.000002 -9.876571 11.888863 11.002950 46.658112 8.222855 -4.721897 52.666092 87.007423 53.713245 6.181663 1.249354 9.951427 2.243540 -5.255033 -3.180156 14.282877 -0.826594 6.952496 -0.000000 -12.690593 -0.000001 15.721366 -17.162457 2.583958 1.665665 -1.955920 -2.878297 4.727794 -4.170584 4.993919 11.020511 0.000001 -0.000000 12.109032 -3.735715 -2.866778 0.000000 -0.000000 0.000000 1.291985 -1.928548 -1.498088 14.800115 0.567467 3.865604 14.242553 -1.341738 -6.660648 19.631935 0.143921 -0.648243 48.869473 -0.809005 -6.324544 0.353029 -1.511150 -0.031940 20.222769 3.684305 2.316629 18.787249 0.000001 -0.000001 10.751608 -0.479870 1.397903 0.000000 -0.000000 0.000000 3.273804 0.305947 -0.580110 21.486790 11.830364 2.266131 8.162915 0.000000 -0.000000 18.399052 -3.798986 -4.940567 0.000003 0.000000 -0.000001 8.491810 18.184698 6.913599 -0.239056 -1.195774 45.075298 -5.874759 -9.146580 -3.295518 1.841846 -1.442892 -17.945917 0.000000 -0.000000 0.000002 -13.035622 -1.282220 10.970809 -0.045132 0.350327 40.239159 6.777479 -17.871685 -5.860943 -1.635796 0.760896 -14.968909 0.000000 -0.000000 -0.000001
0.000000 0.000000 0.000000 0.000000 -0.000000 0.000000 -36.737541 -6.754460 149.295694 5.390352 5.598952 -6.717165 -1.260455 0.567824 -5.510098 -0.976389 1.175297 -7.400675 -4.893206 -1.643364 8.243652 3.444965 0.934684 18.220177 -5.060293 -9.529632 -2.363954 -6.885653 -9.411275 22.656164 0.000077 -0.000022 0.000006 0.008434 0.045550 -0.205604 0.935650 -3.535187 -10.051480 -0.918784 3.597284 -10.108217 3.195084 0.347892 16.605740 -11.024466 21.594191 7.496140 41.437847 -87.698196 -41.525192 9.634599 -15.931151 -26.911810 -5.882102 9.861279 0.702590 -10.936861 -0.360574 7.156197 0.000000 8.774815 -0.000000 -14.260512 17.812328 6.820453 -1.844031 2.498503 -2.507276 -10.163590 4.678941 4.621104 -20.975996 -0.000001 0.000001 -21.226254 2.451698 -3.593995 0.000000 -0.000006 -0.000000 -1.362681 2.240797 -0.746323 -21.334892 0.584910 3.008319 -13.821196 -0.000001 0.000001 -23.887129 -0.249075 -0.839485 -59.469391 2.059245 -0.949541 -0.294025 1.679686 0.833255 -14.218195 0.093215 1.300579 -34.212002 -0.287561 0.967166 -20.033176 0.964536 1.212838 0.000000 -0.000000 0.000000 -3.440387 0.788233 0.501655 -15.928172 -3.167306 2.999703 -6.338817 -0.000000 0.000001 -18.123419 3.648181 -4.905662 -0.000004 0.000000 -0.000002 -12.525031 9.326682 11.304949 39.297230 6.304401 -5.831677 165.741745 82.190933 166.543228 4.012034 3.064810 3.177032 2.243540 -5.255033 -3.180156 14.282877 -0.826594 6.952496 -0.000000 -12.690593 -0.000001 15.562762 -17.162493 2.783620 1.665665 -1.955920 -2.878297 4.727794 -4.170584 4.993919 11.020511 0.000001 -0.000000 12.109032 -3.735715 -2.866778 0.000000 -0.000000 0.000000 1.291985 -1.928548 -1.498088 14.800115 0.567467 3.865604 14.242553 -1.341738 -6.660648 19.631935 0.143921 -0.648243 49.200363 -0.540638 -6.365610 0.353029 -1.511150 -0.031940 20.222769 3.684305 2.316629 18.787249 0.000001 -0.000001 10.751608 -0.479870 1.397903 0.000000 -0.000000 0.000000 3.273804 0.305947 -0.580110 21.486790 11.830364 2.266131 8.162915 0.000000 -0.000000 18.399052 -3.798986 -4.940567 0.000003 0.000000 -0.000001 5.767559 14.912724 10.720858 -0.137755 -1.298088 41.144966 -6.022083 -9.073679 -9.078494 2.005652 -1.709540 -19.587038 0.000000 -0.000000 0.000002 -12.808887 0.706976 -0.101662 0.066076 0.253152 62.156410 -3.636096 -25.312910 5.658293 -1.699064 0.790343 -7.314867 0.000000 -0.000000 -0.000001
0.000000 0.000000 0.000000 0.000000 -0.000000 0.000000 -36.815929 -8.518098 151.999590 6.353217 8.609724 -6.587752 -2.736928 0.207741 -3.879753 -1.566830 -0.059082 -6.535315 -7.283154 -2.479161 8.792569 3.099404 1.812922 15.977843 -4.603241 -8.421292 -2.566145 -4.466285 -8.892553 20.064919 0.000077 -0.000022 0.000006 -0.000451 0.067122 -0.232630 0.946062 -3.524231 -10.186064 -0.950064 3.634916 -10.254725 4.156004 -3.047083 15.476094 -2.213594 17.205139 4.294711 4.820410 -83.595314 -5.192242 12.491659 -13.062859 -25.430729 -5.882102 9.861279 0.702590 -10.936861 -0.360574 7.156197 0.000000 8.774815 -0.000000 -14.703259 18.182575 6.794347 -1.844031 2.498503 -2.507276 -10.163590 4.678941 4.621104 -20.975996 -0.000001 0.000001 -21.226254 2.451698 -3.593995 0.000000 -0.000006 -0.000000 -1.362681 2.240797 -0.746323 -21.334892 0.584910 3.008319 -13.821196 -0.000001 0.000001 -23.887129 -0.249075 -0.839485 -59.398460 2.021272 -0.745926 -0.294025 1.679686 0.833255 -14.218195 0.093215 1.300579 -34.212002 -0.287561 0.967166 -20.033176 0.964536 1.212838 0.000000 -0.000000 0.000000 -3.440387 0.788233 0.501655 -15.928172 -3.167306 2.999703 -6.338817 -0.000000 0.000001 -18.123419 3.648181 -4.905662 -0.000004 0.000000 -0.000002 -10.657636 5.601326 12.611616 30.545961 1.439736 -9.672359 179.201172 72.720261 178.296051 1.227013 3.117630 -1.115291 2.243540 -5.255033 -3.180156 14.282877 -0.826594 6.952496 -0.000000 -12.690593 -0.000001 15.503479 -17.258923 2.961076 1.665665 -1.955920 -2.878297 4.727794 -4.170584 4.993919 11.020511 0.000001 -0.000000 12.109032 -3.735715 -2.866778 0.000000 -0.000000 0.000000 1.291985 -1.928548 -1.498088 14.800115 0.567467 3.865604 14.242553 -1.341738 -6.660648 19.631935 0.143921 -0.648243 49.247585 -0.381301 -6.412454 0.353029 -1.511150 -0.031940 20.222769 3.684305 2.316629 18.787249 0.000001 -0.000001 10.751608 -0.479870 1.397903 0.000000 -0.000000 0.000000 3.273804 0.305947 -0.580110 21.486790 11.830364 2.266131 8.162915 0.000000 -0.000000 18.399052 -3.798986 -4.940567 0.000003 0.000000 -0.000001 3.647549 9.881067 13.274335 -0.065566 -1.160836 38.826588 -6.174593 -8.109248 -13.976741 2.052269 -1.993785 -18.486753 0.000000 -0.000000 0.000002 -12.818610 0.056500 -11.678041 0.186071 0.066496 81.689812 -4.489261 -24.073511 3.479482 -1.711656 0.887919 -3.862530 0.000000 -0.000000 -0.000001
0.000000 0.000000 0.000000 0.000000 -0.000000 0.000000 -37.127390 -9.478882 154.951907 6.076462 12.724233 -5.625316 -3.863528 -0.421305 -2.414948 -1.975740 -1.238851 -5.790276 -8.747206 -3.500810 9.682220 3.340883 2.013645 13.750024 -4.450798 -7.956382 -2.741927 -2.595128 -8.697940 17.283976 0.000077 -0.000022 0.000006 0.014198 0.027353 -0.262642 0.949563 -3.582047 -10.384039 -0.926672 3.621529 -10.448689 5.467129 -6.223853 14.491381 3.492406 11.132620 -0.939632 -2.339253 -79.813606 1.636334 15.884782 -10.738049 -22.596020 -5.882102 9.861279 0.702590 -10.936861 -0.360574 7.156197 0.000000 8.774815 -0.000000 -15.205600 18.445189 6.596043 -1.844031 2.498503 -2.507276 -10.163590 4.678941 4.621104 -20.975996 -0.000001 0.000001 -21.226254 2.451698 -3.593995 0.000000 -0.000006 -0.000000 -1.362681 2.240797 -0.746323 -21.334892 0.584910 3.008319 -13.821196 -0.000001 0.000001 -23.887129 -0.249075 -0.839485 -59.643898 2.084110 -0.716360 -0.294025 1.679686 0.833255 -14.218195 0.093215 1.300579 -34.212002 -0.287561 0.967166 -20.033176 0.964536 1.212838 0.000000 -0.000000 0.000000 -3.440387 0.788233 0.501655 -15.928172 -3.167306 2.999703 -6.338817 -0.000000 0.000001 -18.123419 3.648181 -4.905662 -0.000004 0.000000 -0.000002 -7.261939 1.621600 13.878504 25.220432 -7.575497 -13.683389 -175.118591 63.942436 -177.460754 -1.108674 2.016871 -2.538689 2.243540 -5.255033 -3.180156 14.282877 -0.826594 6.952496 -0.000000 -12.690593 -0.000001 15.491267 -17.258650 2.971138 1.665665 -1.955920 -2.878297 4.727794 -4.170584 4.993919 11.020511 0.000001 -0.000000 12.109032 -3.735715 -2.866778 0.000000 -0.000000 0.000000 1.291985 -1.928548 -1.498088 14.800115 0.567467 3.865604 14.242553 -1.341738 -6.660648 19.631935 0.143921 -0.648243 48.787956 -0.320194 -6.373601 0.353029 -1.511150 -0.031940 20.222769 3.684305 2.316629 18.787249 0.000001 -0.000001 10.751608 -0.479870 1.397903 0.000000 -0.000000 0.000000 3.273804 0.305947 -0.580110 21.486790 11.830364 2.266131 8.162915 0.000000 -0.000000 18.399052 -3.798986 -4.940567 0.000003 0.000000 -0.000001 3.229784 4.561355 14.723970 -0.035254 -1.190129 36.212002 -6.147681 -6.740352 -16.900534 2.022173 -2.167357 -16.288778 0.000000 -0.000000 0.000002 -11.750287 -3.695730 -24.442863 0.309209 -0.110783 94.140198 -3.235911 -21.234222 -3.271049 -1.659004 0.908104 -4.510377 0.000000 -0.000000 -0.000001
0.000000 0.000000 0.000000 0.000000 -0.000000 0.000000 -37.808959 -9.306449 158.670192 5.115335 17.518511 -3.896364 -4.475200 -1.155764 -1.329832 -2.169496 -2.381685 -5.227394 -9.593969 -4.812945 10.433880 3.909292 1.920733 12.272779 -4.377570 -7.924321 -2.869524 -1.156906 -9.064011 15.581462 0.000077 -0.000022 0.000006 0.029962 -0.014564 -0.275824 0.920504 -3.643034 -10.521138 -0.867050 3.605697 -10.567314 6.500573 -9.189767 13.480989 6.296237 3.897655 -6.557005 -5.315399 -78.111496 4.359076 20.065243 -9.548635 -18.928385 -5.882102 9.861279 0.702590 -10.936861 -0.360574 7.156197 0.000000 8.774815 -0.000000 -15.907888 18.397932 6.045903 -1.844031 2.498503 -2.507276 -10.163590 4.678941 4.621104 -20.975996 -0.000001 0.000001 -21.226254 2.451698 -3.593995 0.000000 -0.000006 -0.000000 -1.362681 2.240797 -0.746323 -21.334892 0.584910 3.008319 -13.821196 -0.000001 0.000001 -23.887129 -0.249075 -0.839485 -59.580688 2.021182 -0.747012 -0.294025 1.679686 0.833255 -14.218195 0.093215 1.300579 -34.212002 -0.287561 0.967166 -20.033176 0.964536 1.212838 0.000000 -0.000000 0.000000 -3.440387 0.788233 0.501655 -15.928172 -3.167306 2.999703 -6.338817 -0.000000 0.000001 -18.123419 3.648181 -4.905662 -0.000004 0.000000 -0.000002 -4.548242 -1.801528 14.833793 25.855076 -19.174437 -17.159513 -174.193527 56.440109 -176.308472 -2.106151 1.339128 -2.479197 2.243540 -5.255033 -3.180156 14.282877 -0.826594 6.952496 -0.000000 -12.690593 -0.000001 15.717832 -17.077223 2.924863 1.665665 -1.955920 -2.878297 4.727794 -4.170584 4.993919 11.020511 0.000001 -0.000000 12.109032 -3.735715 -2.866778 0.000000 -0.000000 0.000000 1.291985 -1.928548 -1.498088 14.800115 0.567467 3.865604 14.242553 -1.341738 -6.660648 19.631935 0.143921 -0.648243 48.477112 -0.334904 -6.277431 0.353029 -1.511150 -0.031940 20.222769 3.684305 2.316629 18.787249 0.000001 -0.000001 10.751608 -0.479870 1.397903 0.000000 -0.000000 0.000000 3.273804 0.305947 -0.580110 21.486790 11.830364 2.266131 8.162915 0.000000 -0.000000 18.399052 -3.798986 -4.940567 0.000003 0.000000 -0.000001 5.099547 0.116605 16.144629 0.020350 -1.395635 31.598476 -6.608484 -6.914622 -15.237309 2.007621 -2.118039 -16.907488 0.000000 -0.000000 0.000002 -9.090389 -8.709251 -37.128551 0.348696 -0.226362 97.111702 -1.916770 -19.583344 -8.499813 -1.588299 0.914800 -5.229965 0.000000 -0.000000 -0.000001
0.000000 0.000000 0.000000 0.000000 -0.000000 0.000000 -38.427105 -8.241592 163.300825 4.226733 22.074274 -1.802430 -4.582579 -1.878345 -0.908627 -2.339854 -3.424278 -4.964863 -10.105859 -6.060001 10.952026 4.699544 1.531261 12.127150 -4.440454 -8.038867 -2.947220 -0.015525 -9.858236 15.086185 0.000077 -0.000022 0.000006 0.034628 -0.010543 -0.255018 0.890043 -3.663218 -10.628712 -0.825090 3.639852 -10.653377 6.826525 -11.509706 12.535074 6.604397 -4.084240 -10.391507 -4.797352 -78.805321 4.115639 23.205662 -10.051000 -14.626474 -5.882102 9.861279 0.702590 -10.936861 -0.360574 7.156197 0.000000 8.774815 -0.000000 -16.475906 18.282934 5.610549 -1.844031 2.498503 -2.507276 -10.163590 4.678941 4.621104 -20.975996 -0.000001 0.000001 -21.226254 2.451698 -3.593995 0.000000 -0.000006 -0.000000 -1.362681 2.240797 -0.746323 -21.334892 0.584910 3.008319 -13.821196 -0.000001 0.000001 -23.887129 -0.249075 -0.839485 -59.575588 2.003038 -1.083439 -0.294025 1.679686 0.833255 -14.218195 0.093215 1.300579 -34.212002 -0.287561 0.967166 -20.033176 0.964536 1.212838 0.000000 -0.000000 0.000000 -3.440387 0.788233 0.501655 -15.928172 -3.167306 2.999703 -6.338817 -0.000000 0.000001 -18.123419 3.648181 -4.905662 -0.000004 0.000000 -0.000002 -2.868807 -4.988657 15.267365 30.850323 -29.664444 -21.022650 -176.415558 51.050507 -177.207474 -1.779848 1.069472 -1.106936 2.243540 -5.255033 -3.180156 14.282877 -0.826594 6.952496 -0.000000 -12.690593 -0.000001 15.994946 -17.095844 2.874475 1.665665 -1.955920 -2.878297 4.727794 -4.170584 4.993919 11.020511 0.000001 -0.000000 12.109032 -3.735715 -2.866778 0.000000 -0.000000 0.000000 1.291985 -1.928548 -1.498088 14.800115 0.567467 3.865604 14.242553 -1.341738 -6.660648 19.631935 0.143921 -0.648243 48.834442 -0.347559 -6.206340 0.353029 -1.511150 -0.031940 20.222769 3.684305 2.316629 18.787249 0.000001 -0.000001 10.751608 -0.479870 1.397903 0.000000 -0.000000 0.000000 3.273804 0.305947 -0.580110 21.486790 11.830364 2.266131 8.162915 0.000000 -0.000000 18.399052 -3.798986 -4.940567 0.000003 0.000000 -0.000001 8.214258 -3.017931 17.776239 0.123973 -1.631116 25.217512 -8.210204 -8.865188 -7.331142 2.082314 -1.860274 -22.283577 0.000000 -0.000000 0.000002 -5.944411 -13.694070 -47.213165 0.360147 -0.190530 91.561432 0.836872 -17.783543 -12.984214 -1.532188 1.077626 -5.266188 0.000000 -0.000000 -0.000001
0.000000 0.000000 0.000000 0.000000 -0.000000 0.000000 -38.435337 -6.628699 168.571531 3.563493 25.187071 -0.189075 -4.210134 -2.277344 -0.899694 -2.323820 -4.255273 -4.949037 -10.165894 -6.900956 11.416423 5.167463 1.067703 12.718898 -4.522415 -8.260666 -2.987092 0.791270 -10.974952 15.177225 0.000077 -0.000022 0.000006 0.015540 0.071456 -0.212583 0.835779 -3.605348 -10.754536 -0.807700 3.748291 -10.754415 6.702729 -13.018967 11.852802 3.725604 -11.819033 -11.377861 -0.872132 -81.512604 0.972685 23.304180 -12.044435 -10.886788 -5.882102 9.861279 0.702590 -10.936861 -0.360574 7.156197 0.000000 8.774815 -0.000000 -16.713440 18.045916 5.418683 -1.844031 2.498503 -2.507276 -10.163590 4.678941 4.621104 -20.975996 -0.000001 0.000001 -21.226254 2.451698 -3.593995 0.000000 -0.000006 -0.000000 -1.362681 2.240797 -0.746323 -21.334892 0.584910 3.008319 -13.821196 -0.000001 0.000001 -23.887129 -0.249075 -0.839485 -59.958073 2.229461 -1.438895 -0.294025 1.679686 0.833255 -14.218195 0.093215 1.300579 -34.212002 -0.287561 0.967166 -20.033176 0.964536 1.212838 0.000000 -0.000000 0.000000 -3.440387 0.788233 0.501655 -15.928172 -3.167306 2.999703 -6.338817 -0.000000 0.000001 -18.123419 3.648181 -4.905662 -0.000004 0.000000 -0.000002 -2.946061 -6.936509 16.135967 39.104099 -37.113033 -27.557219 -178.758636 48.500835 -178.374664 -0.797627 0.493854 0.676326 2.243540 -5.255033 -3.180156 14.282877 -0.826594 6.952496 -0.000000 -12.690593 -0.000001 16.284733 -17.156013 2.826007 1.665665 -1.955920 -2.878297 4.727794 -4.170584 4.993919 11.020511 0.000001 -0.000000 12.109032 -3.735715 -2.866778 0.000000 -0.000000 0.000000 1.291985 -1.928548 -1.498088 14.800115 0.567467 3.865604 14.242553 -1.341738 -6.660648 19.631935 0.143921 -0.648243 49.596741 -0.476776 -6.197860 0.353029 -1.511150 -0.031940 20.222769 3.684305 2.316629 18.787249 0.000001 -0.000001 10.751608 -0.479870 1.397903 0.000000 -0.000000 0.000000 3.273804 0.305947 -0.580110 21.486790 11.830364 2.266131 8.162915 0.000000 -0.000000 18.399052 -3.798986 -4.940567 0.000003 0.000000 -0.000001 11.645625 -3.965918 19.996956 -0.049156 -1.752503 18.309629 -10.564893 -9.718330 5.474817 2.137011 -1.571598 -28.564774 0.000000 -0.000000 0.000002 -3.168512 -17.810944 -52.474667 0.424698 -0.130089 79.569519 3.863447 -15.099979 -13.411716 -1.459843 1.131290 -5.537220 0.000000 -0.000000 -0.000001
0.000000 0.000000 0.000000 0.000000 -0.000000 0.000000 -37.857872 -5.324424 174.629972 3.722206 26.742697 0.817469 -4.022296 -2.351870 -0.769226 -2.267473 -4.834752 -4.964773 -9.726713 -7.399342 11.712233 5.350800 0.546414 13.245704 -4.502472 -9.234761 -2.880935 1.247993 -12.165808 13.847588 0.000077 -0.000022 0.000006 -0.001342 0.086564 -0.173374 0.795676 -3.603286 -10.840857 -0.798555 3.774551 -10.809620 7.465108 -13.824140 11.345778 -2.445274 -18.323145 -9.923707 11.260695 -85.402443 -10.841825 21.711096 -13.474779 -8.393686 -5.882102 9.861279 0.702590 -10.936861 -0.360574 7.156197 0.000000 8.774815 -0.000000 -16.636860 17.886913 5.552571 -1.844031 2.498503 -2.507276 -10.163590 4.678941 4.621104 -20.975996 -0.000001 0.000001 -21.226254 2.451698 -3.593995 0.000000 -0.000006 -0.000000 -1.362681 2.240797 -0.746323 -21.334892 0.584910 3.008319 -13.821196 -0.000001 0.000001 -23.887129 -0.249075 -0.839485 -60.370487 2.517948 -1.378269 -0.294025 1.679686 0.833255 -14.218195 0.093215 1.300579 -34.212002 -0.287561 0.967166 -20.033176 0.964536 1.212838 0.000000 -0.000000 0.000000 -3.440387 0.788233 0.501655 -15.928172 -3.167306 2.999703 -6.338817 -0.000000 0.000001 -18.123419 3.648181 -4.905662 -0.000004 0.000000 -0.000002 -5.788280 -6.694448 17.079086 48.526024 -41.237274 -36.558247 -179.752792 48.862003 -179.277237 -0.899083 -0.782882 0.727673 2.243540 -5.255033 -3.180156 14.282877 -0.826594 6.952496 -0.000000 -12.690593 -0.000001 16.484953 -17.271492 2.830032 1.665665 -1.955920 -2.878297 4.727794 -4.170584 4.993919 11.020511 0.000001 -0.000000 12.109032 -3.735715 -2.866778 0.000000 -0.000000 0.000000 1.291985 -1.928548 -1.498088 14.800115 0.567467 3.865604 14.242553 -1.341738 -6.660648 19.631935 0.143921 -0.648243 50.121746 -0.677647 -6.267733 0.353029 -1.511150 -0.031940 20.222769 3.684305 2.316629 18.787249 0.000001 -0.000001 10.751608 -0.479870 1.397903 0.000000 -0.000000 0.000000 3.273804 0.305947 -0.580110 21.486790 11.830364 2.266131 8.162915 0.000000 -0.000000 18.399052 -3.798986 -4.940567 0.000003 0.000000 -0.000001 13.498440 -3.821412 21.915981 -0.280674 -1.786402 14.375368 -11.989405 -8.096281 16.951988 2.058815 -1.404347 -28.479589 0.000000 -0.000000 0.000002 -1.450916 -21.316498 -52.588833 0.397676 -0.192718 64.125687 6.154914 -12.420412 -10.760630 -1.421595 1.100541 -6.003468 0.000000 -0.000000 -0.000001
0.000000 0.000000 0.000000 0.000000 -0.000000 0.000000 -37.208279 -5.024284 181.216627 4.626689 27.511106 1.158464 -4.465370 -2.218729 -0.212643 -2.297109 -5.208989 -4.821287 -8.857035 -7.704338 12.044010 6.081110 -0.408124 12.870102 -4.386990 -10.450574 -2.790772 1.417326 -13.672324 10.247675 0.000077 -0.000022 0.000006 -0.011028 0.066884 -0.141642 0.773813 -3.608384 -10.831966 -0.794592 3.737161 -10.791968 9.944936 -14.526924 11.274769 -10.610655 -23.084154 -7.244623 104.063545 -87.568680 -103.352913 20.713068 -12.691327 -7.062887 -5.882102 9.861279 0.702590 -10.936861 -0.360574 7.156197 0.000000 8.774815 -0.000000 -16.434368 17.763968 5.785329 -1.844031 2.498503 -2.507276 -10.163590 4.678941 4.621104 -20.975996 -0.000001 0.000001 -21.226254 2.451698 -3.593995 0.000000 -0.000006 -0.000000 -1.362681 2.240797 -0.746323 -21.334892 0.584910 3.008319 -13.821196 -0.000001 0.000001 -23.887129 -0.249075 -0.839485 -60.306870 2.601950 -1.037787 -0.294025 1.679686 0.833255 -14.218195 0.093215 1.300579 -34.212002 -0.287561 0.967166 -20.033176 0.964536 1.212838 0.000000 -0.000000 0.000000 -3.440387 0.788233 0.501655 -15.928172 -3.167306 2.999703 -6.338817 -0.000000 0.000001 -18.123419 3.648181 -4.905662 -0.000004 0.000000 -0.000002 -10.370720 -4.535566 17.281399 55.442902 -42.834530 -44.479660 -179.521942 51.184341 -179.928955 -3.306276 -3.824101 -0.849159 2.243540 -5.255033 -3.180156 14.282877 -0.826594 6.952496 -0.000000 -12.690593 -0.000001 16.520166 -17.602825 2.909185 1.665665 -1.955920 -2.878297 4.727794 -4.170584 4.993919 11.020511 0.000001 -0.000000 12.109032 -3.735715 -2.866778 0.000000 -0.000000 0.000000 1.291985 -1.928548 -1.498088 14.800115 0.567467 3.865604 14.242553 -1.341738 -6.660648 19.631935 0.143921 -0.648243 49.822533 -0.766284 -6.393697 0.353029 -1.511150 -0.031940 20.222769 3.684305 2.316629 18.787249 0.000001 -0.000001 10.751608 -0.479870 1.397903 0.000000 -0.000000 0.000000 3.273804 0.305947 -0.580110 21.486790 11.830364 2.266131 8.162915 0.000000 -0.000000 18.399052 -3.798986 -4.940567 0.000003 0.000000 -0.000001 13.736377 -3.442183 22.411108 -0.368034 -1.753366 16.481697 -12.006104 -5.361653 22.027756 1.951455 -1.481412 -21.038456 0.000000 -0.000000 0.000002 -0.904139 -23.672323 -48.326843 0.286376 -0.285754 47.066952 7.910853 -10.375577 -8.189192 -1.376751 1.100168 -5.835955 0.000000 -0.000000 -0.000001
0.000000 0.000000 0.000000 0.000000 -0.000000 0.000000 -36.732716 -6.043563 187.836241 5.398867 28.047707 0.798901 -4.983627 -2.112838 0.881541 -2.271941 -5.344689 -4.452252 -7.727223 -7.696086 12.469891 7.669478 -1.703334 11.279858 -4.304194 -11.352285 -2.923914 1.460943 -15.099670 5.248221 0.000077 -0.000022 0.000006 -0.022303 0.102270 -0.078522 0.770593 -3.574119 -10.815235 -0.813617 3.767041 -10.769795 13.821147 -15.235683 10.736791 -18.925657 -26.271023 -3.959372 156.610229 -83.036491 -156.455566 19.837168 -12.081150 -6.225123 -5.882102 9.861279 0.702590 -10.936861 -0.360574 7.156197 0.000000 8.774815 -0.000000 -16.544600 17.670740 5.787416 -1.844031 2.498503 -2.507276 -10.163590 4.678941 4.621104 -20.975996 -0.000001 0.000001 -21.226254 2.451698 -3.593995 0.000000 -0.000006 -0.000000 -1.362681 2.240797 -0.746323 -21.334892 0.584910 3.008319 -13.821196 -0.000001 0.000001 -23.887129 -0.249075 -0.839485 -60.070805 2.644567 -1.016847 -0.294025 1.679686 0.833255 -14.218195 0.093215 1.300579 -34.212002 -0.287561 0.967166 -20.033176 0.964536 1.212838 0.000000 -0.000000 0.000000 -3.440387 0.788233 0.501655 -15.928172 -3.167306 2.999703 -6.338817 -0.000000 0.000001 -18.123419 3.648181 -4.905662 -0.000004 0.000000 -0.000002 -14.115432 -1.948182 16.317686 56.453846 -42.768169 -47.998333 -178.830688 54.286034 179.537704 -6.849481 -7.740098 -2.486626 2.243540 -5.255033 -3.180156 14.282877 -0.826594 6.952496 -0.000000 -12.690593 -0.000001 15.921354 -17.862690 3.098891 1.665665 -1.955920 -2.878297 4.727794 -4.170584 4.993919 11.020511 0.000001 -0.000000 12.109032 -3.735715 -2.866778 0.000000 -0.000000 0.000000 1.291985 -1.928548 -1.498088 14.800115 0.567467 3.865604 14.242553 -1.341738 -6.660648 19.631935 0.143921 -0.648243 49.322395 -0.823655 -6.453979 0.353029 -1.511150 -0.031940 20.222769 3.684305 2.316629 18.787249 0.000001 -0.000001 10.751608 -0.479870 1.397903 0.000000 -0.000000 0.000000 3.273804 0.305947 -0.580110 21.486790 11.830364 2.266131 8.162915 0.000000 -0.000000 18.399052 -3.798986 -4.940567 0.000003 0.000000 -0.000001 13.658296 -3.050461 19.784021 -0.298242 -1.739815 26.301891 -12.982780 -4.552155 22.780481 1.879000 -1.646680 -12.524610 0.000000 -0.000000 0.000002 -1.009862 -24.871086 -42.078819 0.144669 -0.388638 32.943279 8.754835 -10.560225 -5.163684 -1.252571 1.269149 -5.363049 0.000000 -0.000000 -0.000001
0.000000 0.000000 0.000000 0.000000 -0.000000 0.000000 -36.194371 -7.709144 193.318104 3.233450 27.207457 -0.801253 -3.150032 -1.771572 2.277999 -1.843621 -4.656464 -4.004588 -6.185093 -7.839351 12.868227 9.592775 -2.395502 9.040817 -4.630461 -12.449433 -3.019389 1.931920 -16.024775 -1.053778 0.000077 -0.000022 0.000006 0.017227 0.053399 -0.080314 0.811930 -3.593258 -10.685719 -0.773731 3.682460 -10.675227 16.180922 -14.672633 10.137485 -24.947411 -28.184795 1.250074 165.165115 -77.751907 -164.819153 17.358099 -12.672637 -5.809265 -5.882102 9.861279 0.702590 -10.936861 -0.360574 7.156197 0.000000 8.774815 -0.000000 -16.277670 17.984129 5.966796 -1.844031 2.498503 -2.507276 -10.163590 4.678941 4.621104 -20.975996 -0.000001 0.000001 -21.226254 2.451698 -3.593995 0.000000 -0.000006 -0.000000 -1.362681 2.240797 -0.746323 -21.334892 0.584910 3.008319 -13.821196 -0.000001 0.000001 -23.887129 -0.249075 -0.839485 -59.632011 2.533389 -1.278637 -0.294025 1.679686 0.833255 -14.218195 0.093215 1.300579 -34.212002 -0.287561 0.967166 -20.033176 0.964536 1.212838 0.000000 -0.000000 0.000000 -3.440387 0.788233 0.501655 -15.928172 -3.167306 2.999703 -6.338817 -0.000000 0.000001 -18.123419 3.648181 -4.905662 -0.000004 0.000000 -0.000002 -15.323096 1.840119 13.771758 51.773613 -41.921227 -49.347118 -179.270233 57.501076 178.369766 -10.874930 -9.607969 -4.813148 2.243540 -5.255033 -3.180156 14.282877 -0.826594 6.952496 -0.000000 -12.690593 -0.000001 15.936333 -18.203852 3.060841 1.665665 -1.955920 -2.878297 4.727794 -4.170584 4.993919 11.020511 0.000001 -0.000000 12.109032 -3.735715 -2.866778 0.000000 -0.000000 0.000000 1.291985 -1.928548 -1.498088 14.800115 0.567467 3.865604 14.242553 -1.341738 -6.660648 19.631935 0.143921 -0.648243 49.474758 -1.096628 -6.109484 0.353029 -1.511150 -0.031940 20.222769 3.684305 2.316629 18.787249 0.000001 -0.000001 10.751608 -0.479870 1.397903 0.000000 -0.000000 0.000000 3.273804 0.305947 -0.580110 21.486790 11.830364 2.266131 8.162915 0.000000 -0.000000 18.399052 -3.798986 -4.940567 0.000003 0.000000 -0.000001 15.747833 -1.158324 13.548118 -0.088990 -1.596862 42.005962 -12.495857 -5.475456 20.646341 1.951204 -1.807486 -7.354922 0.000000 -0.000000 0.000002 1.939870 -24.847029 -39.752819 0.018598 -0.995787 31.561478 -3.134140 -8.953279 7.643080 -1.440585 1.120771 -2.797155 0.000000 -0.000000 -0.000001
0.000000 0.000000 0.000000 0.000000 -0.000000 0.000000 -35.553195 -8.886008 197.630097 -0.073414 24.474287 -4.192258 -1.621607 -1.254194 4.759727 -1.049299 -4.008957 -3.345778 -3.122301 -7.637620 13.990179 10.294536 -2.390935 7.327931 -4.054283 -12.400863 -3.116250 2.049957 -15.628771 -7.560753 0.000077 -0.000022 0.000006 0.019872 -0.024872 -0.071212 0.829049 -3.695442 -10.705812 -0.787304 3.626282 -10.705893 17.445364 -12.428315 10.917729 -31.216578 -28.429871 5.031959 174.592499 -75.874115 -174.020950 14.006742 -13.232757 -3.741388 -5.882102 9.861279 0.702590 -10.936861 -0.360574 7.156197 0.000000 8.774815 -0.000000 -15.887817 17.789412 6.038805 -1.844031 2.498503 -2.507276 -10.163590 4.678941 4.621104 -20.975996 -0.000001 0.000001 -21.226254 2.451698 -3.593995 0.000000 -0.000006 -0.000000 -1.362681 2.240797 -0.746323 -21.334892 0.584910 3.008319 -13.821196 -0.000001 0.000001 -23.887129 -0.249075 -0.839485 -59.388870 2.154144 -1.227090 -0.294025 1.679686 0.833255 -14.218195 0.093215 1.300579 -34.212002 -0.287561 0.967166 -20.033176 0.964536 1.212838 0.000000 -0.000000 0.000000 -3.440387 0.788233 0.501655 -15.928172 -3.167306 2.999703 -6.338817 -0.000000 0.000001 -18.123419 3.648181 -4.905662 -0.000004 0.000000 -0.000002 -15.846438 5.912137 12.549415 45.167015 -36.168423 -50.666916 179.122559 61.374283 177.495529 -14.240212 -9.891446 -2.446250 2.243540 -5.255033 -3.180156 14.282877 -0.826594 6.952496 -0.000000 -12.690593 -0.000001 15.980025 -18.352440 2.997311 1.665665 -1.955920 -2.878297 4.727794 -4.170584 4.993919 11.020511 0.000001 -0.000000 12.109032 -3.735715 -2.866778 0.000000 -0.000000 0.000000 1.291985 -1.928548 -1.498088 14.800115 0.567467 3.865604 14.242553 -1.341738 -6.660648 19.631935 0.143921 -0.648243 49.332706 -0.887900 -5.855072 0.353029 -1.511150 -0.031940 20.222769 3.684305 2.316629 18.787249 0.000001 -0.000001 10.751608 -0.479870 1.397903 0.000000 -0.000000 0.000000 3.273804 0.305947 -0.580110 21.486790 11.830364 2.266131 8.162915 0.000000 -0.000000 18.399052 -3.798986 -4.940567 0.000003 0.000000 -0.000001 17.576622 0.024339 7.747203 -0.094337 -1.423592 56.936340 -11.333353 -7.210286 17.914349 1.961024 -1.864449 -4.848007 0.000000 -0.000000 0.000002 4.890469 -23.211756 -38.918308 -0.288518 -0.645378 39.507450 -5.504300 -9.142418 1.135778 -1.426633 1.112354 -1.296235 0.000000 -0.000000 -0.000001
0.000000 0.000000 0.000000 0.000000 -0.000000 0.000000 -34.962501 -9.259757 202.229543 -1.567333 22.351944 -6.289267 -0.972363 -0.769961 6.158157 -0.770753 -3.594077 -2.878671 -1.300033 -6.839133 15.210890 11.814381 -3.334194 7.770540 -3.555145 -11.509090 -3.177041 2.108943 -14.767805 -10.779797 0.000077 -0.000022 0.000006 0.016648 -0.066471 -0.039956 0.749434 -3.747116 -10.676320 -0.714900 3.596550 -10.640399 16.693157 -11.148098 12.960846 -35.689793 -26.818686 8.969838 -178.489029 -79.073311 179.022430 11.358185 -12.359691 -1.341505 -5.882102 9.861279 0.702590 -10.936861 -0.360574 7.156197 0.000000 8.774815 -0.000000 -15.681194 17.906427 6.053575 -1.844031 2.498503 -2.507276 -10.163590 4.678941 4.621104 -20.975996 -0.000001 0.000001 -21.226254 2.451698 -3.593995 0.000000 -0.000006 -0.000000 -1.362681 2.240797 -0.746323 -21.334892 0.584910 3.008319 -13.821196 -0.000001 0.000001 -23.887129 -0.249075 -0.839485 -59.980488 2.071169 -1.044124 -0.294025 1.679686 0.833255 -14.218195 0.093215 1.300579 -34.212002 -0.287561 0.967166 -20.033176 0.964536 1.212838 0.000000 -0.000000 0.000000 -3.440387 0.788233 0.501655 -15.928172 -3.167306 2.999703 -6.338817 -0.000000 0.000001 -18.123419 3.648181 -4.905662 -0.000004 0.000000 -0.000002 -14.492377 8.751924 12.904470 38.419697 -28.106995 -49.485477 -179.980133 66.290207 179.826584 -16.714968 -7.847434 3.005188 2.243540 -5.255033 -3.180156 14.282877 -0.826594 6.952496 -0.000000 -12.690593 -0.000001 16.125048 -18.401043 2.844007 1.665665 -1.955920 -2.878297 4.727794 -4.170584 4.993919 11.020511 0.000001 -0.000000 12.109032 -3.735715 -2.866778 0.000000 -0.000000 0.000000 1.291985 -1.928548 -1.498088 14.800115 0.567467 3.865604 14.242553 -1.341738 -6.660648 19.631935 0.143921 -0.648243 49.607109 -0.691745 -6.051903 0.353029 -1.511150 -0.031940 20.222769 3.684305 2.316629 18.787249 0.000001 -0.000001 10.751608 -0.479870 1.397903 0.000000 -0.000000 0.000000 3.273804 0.305947 -0.580110 21.486790 11.830364 2.266131 8.162915 0.000000 -0.000000 18.399052 -3.798986 -4.940567 0.000003 0.000000 -0.000001 16.774773 -0.122199 1.001739 -0.120770 -1.121847 69.378990 -8.314890 -5.339448 11.842080 2.037933 -1.977662 -3.570094 0.000000 -0.000000 0.000002 5.912158 -22.140457 -36.320404 -0.330414 -0.746608 44.200920 -5.825205 -9.163543 -4.372622 -1.395778 1.055221 -0.313714 0.000000 -0.000000 -0.000001
0.000000 0.000000 0.000000 0.000000 -0.000000 0.000000 -34.575727 -9.157272 206.519910 -2.190588 21.172766 -7.323156 -0.569427 -0.309261 6.753919 -0.690788 -3.315946 -2.621356 -0.309287 -5.981470 16.133284 13.364704 -4.299591 9.244542 -3.345468 -11.031399 -3.231596 2.176157 -14.026120 -12.447196 0.000077 -0.000022 0.000006 0.026730 -0.159651 -0.032059 0.702460 -3.838688 -10.663674 -0.648674 3.503675 -10.598879 14.151090 -10.257312 14.847930 -38.615215 -24.105764 12.368662 -159.928314 -85.963181 160.339615 8.635997 -10.340946 1.751504 -5.882102 9.861279 0.702590 -10.936861 -0.360574 7.156197 0.000000 8.774815 -0.000000 -15.673239 18.365307 6.193106 -1.844031 2.498503 -2.507276 -10.163590 4.678941 4.621104 -20.975996 -0.000001 0.000001 -21.226254 2.451698 -3.593995 0.000000 -0.000006 -0.000000 -1.362681 2.240797 -0.746323 -21.334892 0.584910 3.008319 -13.821196 -0.000001 0.000001 -23.887129 -0.249075 -0.839485 -60.727322 2.189866 -0.894082 -0.294025 1.679686 0.833255 -14.218195 0.093215 1.300579 -34.212002 -0.287561 0.967166 -20.033176 0.964536 1.212838 0.000000 -0.000000 0.000000 -3.440387 0.788233 0.501655 -15.928172 -3.167306 2.999703 -6.338817 -0.000000 0.000001 -18.123419 3.648181 -4.905662 -0.000004 0.000000 -0.000002 -12.183881 10.329275 13.598115 32.479809 -19.870199 -46.936085 -176.757660 71.633064 -175.672745 -17.917084 -5.412118 9.585270 2.243540 -5.255033 -3.180156 14.282877 -0.826594 6.952496 -0.000000 -12.690593 -0.000001 16.444967 -18.375387 2.607165 1.665665 -1.955920 -2.878297 4.727794 -4.170584 4.993919 11.020511 0.000001 -0.000000 12.109032 -3.735715 -2.866778 0.000000 -0.000000 0.000000 1.291985 -1.928548 -1.498088 14.800115 0.567467 3.865604 14.242553 -1.341738 -6.660648 19.631935 0.143921 -0.648243 49.939159 -0.655124 -6.354993 0.353029 -1.511150 -0.031940 20.222769 3.684305 2.316629 18.787249 0.000001 -0.000001 10.751608 -0.479870 1.397903 0.000000 -0.000000 0.000000 3.273804 0.305947 -0.580110 21.486790 11.830364 2.266131 8.162915 0.000000 -0.000000 18.399052 -3.798986 -4.940567 0.000003 0.000000 -0.000001 15.161290 -1.058419 -6.433570 -0.154461 -0.710748 77.952026 -5.519532 -2.569822 5.037210 2.025399 -2.041107 -3.544446 0.000000 -0.000000 0.000002 6.112616 -20.481812 -33.421043 -0.330868 -0.701046 46.650082 -5.348500 -10.640350 -8.561105 -1.388524 1.061680 0.511002 0.000000 -0.000000 -0.000001
0.000000 0.000000 0.000000 0.000000 -0.000000 0.000000 -34.137366 -8.366424 210.451320 -2.329454 20.492241 -7.632891 -0.279271 0.026328 6.895607 -0.703425 -2.917066 -2.522503 0.259726 -5.224338 16.792627 14.332369 -5.065628 10.699576 -3.278003 -10.756597 -3.283237 2.144684 -13.519332 -13.439727 0.000077 -0.000022 0.000006 0.037433 -0.220631 -0.024246 0.689404 -3.901105 -10.652598 -0.615228 3.444356 -10.575836 10.964839 -9.437243 16.416431 -41.012012 -21.229643 14.897032 -19.238546 -84.312042 19.371197 5.981194 -7.981870 5.460118 -5.882102 9.861279 0.702590 -10.936861 -0.360574 7.156197 0.000000 8.774815 -0.000000 -15.781581 18.945778 6.339620 -1.844031 2.498503 -2.507276 -10.163590 4.678941 4.621104 -20.975996 -0.000001 0.000001 -21.226254 2.451698 -3.593995 0.000000 -0.000006 -0.000000 -1.362681 2.240797 -0.746323 -21.334892 0.584910 3.008319 -13.821196 -0.000001 0.000001 -23.887129 -0.249075 -0.839485 -61.107533 2.310070 -0.767098 -0.294025 1.679686 0.833255 -14.218195 0.093215 1.300579 -34.212002 -0.287561 0.967166 -20.033176 0.964536 1.212838 0.000000 -0.000000 0.000000 -3.440387 0.788233 0.501655 -15.928172 -3.167306 2.999703 -6.338817 -0.000000 0.000001 -18.123419 3.648181 -4.905662 -0.000004 0.000000 -0.000002 -9.956584 11.237727 14.281799 29.326637 -12.619419 -44.907574 -174.985413 76.456528 -173.301788 -18.760481 -3.155763 16.158281 2.243540 -5.255033 -3.180156 14.282877 -0.826594 6.952496 -0.000000 -12.690593 -0.000001 16.692686 -18.243118 2.260556 1.665665 -1.955920 -2.878297 4.727794 -4.170584 4.993919 11.020511 0.000001 -0.000000 12.109032 -3.735715 -2.866778 0.000000 -0.000000 0.000000 1.291985 -1.928548 -1.498088 14.800115 0.567467 3.865604 14.242553 -1.341738 -6.660648 19.631935 0.143921 -0.648243 49.748276 -0.623024 -6.640212 0.353029 -1.511150 -0.031940 20.222769 3.684305 2.316629 18.787249 0.000001 -0.000001 10.751608 -0.479870 1.397903 0.000000 -0.000000 0.000000 3.273804 0.305947 -0.580110 21.486790 11.830364 2.266131 8.162915 0.000000 -0.000000 18.399052 -3.798986 -4.940567 0.000003 0.000000 -0.000001 13.130573 -2.491236 -13.677598 -0.186650 -0.429646 81.736336 -4.213715 -1.436105 -0.175541 1.958211 -2.057678 -4.061908 0.000000 -0.000000 0.000002 5.919630 -18.064011 -29.953661 -0.312243 -0.578728 46.421089 -4.449994 -13.178599 -11.137551 -1.391282 1.073519 0.976213 0.000000 -0.000000 -0.000001
0.000000 0.000000 0.000000 0.000000 -0.000000 0.000000 -33.667437 -6.875625 214.041880 -2.051744 19.838997 -7.310478 -0.132086 0.191712 6.770086 -0.756712 -2.324198 -2.559869 0.523234 -4.522212 17.077366 14.608925 -5.377645 11.812262 -3.337915 -10.650818 -3.338919 1.978164 -13.215655 -14.093269 0.000077 -0.000022 0.000006 0.040210 -0.233400 -0.020509 0.687141 -3.920065 -10.649982 -0.608596 3.438030 -10.567313 8.519035 -8.626700 17.424374 -44.708664 -18.030518 16.593931 -7.879015 -74.845978 7.683575 3.850268 -5.492154 9.314226 -5.882102 9.861279 0.702590 -10.936861 -0.360574 7.156197 0.000000 8.774815 -0.000000 -15.799898 18.989130 6.268206 -1.844031 2.498503 -2.507276 -10.163590 4.678941 4.621104 -20.975996 -0.000001 0.000001 -21.226254 2.451698 -3.593995 0.000000 -0.000006 -0.000000 -1.362681 2.240797 -0.746323 -21.334892 0.584910 3.008319 -13.821196 -0.000001 0.000001 -23.887129 -0.249075 -0.839485 -60.905270 2.349062 -0.545114 -0.294025 1.679686 0.833255 -14.218195 0.093215 1.300579 -34.212002 -0.287561 0.967166 -20.033176 0.964536 1.212838 0.000000 -0.000000 0.000000 -3.440387 0.788233 0.501655 -15.928172 -3.167306 2.999703 -6.338817 -0.000000 0.000001 -18.123419 3.648181 -4.905662 -0.000004 0.000000 -0.000002 -8.301952 11.719236 14.820049 29.995489 -6.307289 -42.790081 -176.854477 79.619255 -175.127411 -19.404499 -1.326066 21.972336 2.243540 -5.255033 -3.180156 14.282877 -0.826594 6.952496 -0.000000 -12.690593 -0.000001 16.765076 -18.050823 1.943613 1.665665 -1.955920 -2.878297 4.727794 -4.170584 4.993919 11.020511 0.000001 -0.000000 12.109032 -3.735715 -2.866778 0.000000 -0.000000 0.000000 1.291985 -1.928548 -1.498088 14.800115 0.567467 3.865604 14.242553 -1.341738 -6.660648 19.631935 0.143921 -0.648243 49.366203 -0.564470 -6.820407 0.353029 -1.511150 -0.031940 20.222769 3.684305 2.316629 18.787249 0.000001 -0.000001 10.751608 -0.479870 1.397903 0.000000 -0.000000 0.000000 3.273804 0.305947 -0.580110 21.486790 11.830364 2.266131 8.162915 0.000000 -0.000000 18.399052 -3.798986 -4.940567 0.000003 0.000000 -0.000001 10.719586 -3.919010 -19.960949 -0.182264 -0.295771 80.490341 -4.212264 -1.481653 -2.909857 1.865851 -2.023896 -4.509857 0.000000 -0.000000 0.000002 5.561583 -14.924035 -25.950645 -0.247194 -0.436597 43.485687 -3.837967 -16.001112 -11.970135 -1.400598 1.064053 1.134505 0.000000 -0.000000 -0.000001
0.000000 0.000000 0.000000 0.000000 -0.000000 0.000000 -33.107395 -4.886283 217.541153 -1.329280 18.827238 -6.400610 -0.132584 0.237887 6.471121 -0.808410 -1.558245 -2.693377 0.504697 -3.788604 16.960032 14.029647 -5.073041 12.425233 -3.493382 -10.667432 -3.378045 1.703496 -13.007961 -14.666646 0.000077 -0.000022 0.000006 0.029432 -0.207992 -0.025176 0.689565 -3.898257 -10.647349 -0.633867 3.466751 -10.566970 7.245361 -7.721629 18.122318 -50.336163 -14.074160 16.375532 -5.244875 -66.291122 4.535127 2.759476 -3.022752 12.191262 -5.882102 9.861279 0.702590 -10.936861 -0.360574 7.156197 0.000000 8.774815 -0.000000 -15.783581 18.504972 5.967365 -1.844031 2.498503 -2.507276 -10.163590 4.678941 4.621104 -20.975996 -0.000001 0.000001 -21.226254 2.451698 -3.593995 0.000000 -0.000006 -0.000000 -1.362681 2.240797 -0.746323 -21.334892 0.584910 3.008319 -13.821196 -0.000001 0.000001 -23.887129 -0.249075 -0.839485 -60.524494 2.332564 -0.379808 -0.294025 1.679686 0.833255 -14.218195 0.093215 1.300579 -34.212002 -0.287561 0.967166 -20.033176 0.964536 1.212838 0.000000 -0.000000 0.000000 -3.440387 0.788233 0.501655 -15.928172 -3.167306 2.999703 -6.338817 -0.000000 0.000001 -18.123419 3.648181 -4.905662 -0.000004 0.000000 -0.000002 -7.090256 11.565397 15.428430 34.153923 -0.870878 -38.806435 -179.730972 80.267784 -178.322250 -19.686373 0.526859 26.222799 2.243540 -5.255033 -3.180156 14.282877 -0.826594 6.952496 -0.000000 -12.690593 -0.000001 16.610609 -17.909412 1.925263 1.665665 -1.955920 -2.878297 4.727794 -4.170584 4.993919 11.020511 0.000001 -0.000000 12.109032 -3.735715 -2.866778 0.000000 -0.000000 0.000000 1.291985 -1.928548 -1.498088 14.800115 0.567467 3.865604 14.242553 -1.341738 -6.660648 19.631935 0.143921 -0.648243 49.141109 -0.467559 -6.779061 0.353029 -1.511150 -0.031940 20.222769 3.684305 2.316629 18.787249 0.000001 -0.000001 10.751608 -0.479870 1.397903 0.000000 -0.000000 0.000000 3.273804 0.305947 -0.580110 21.486790 11.830364 2.266131 8.162915 0.000000 -0.000000 18.399052 -3.798986 -4.940567 0.000003 0.000000 -0.000001 8.048811 -4.815678 -24.515415 -0.090734 -0.223291 74.374214 -4.946075 -1.906561 -3.827708 1.779201 -1.927428 -4.755769 0.000000 -0.000000 0.000002 4.975351 -11.261682 -21.464058 -0.165711 -0.263247 38.309631 -3.844640 -18.446278 -11.380769 -1.417121 1.046566 0.994458 0.000000 -0.000000 -0.000001
0.000000 0.000000 0.000000 0.000000 -0.000000 0.000000 -32.397760 -2.728881 221.205732 -0.259331 17.289877 -5.060821 -0.217002 0.239238 6.019114 -0.838969 -0.691795 -2.877658 0.256683 -3.022381 16.569654 12.527162 -4.205324 12.561351 -3.663602 -10.693237 -3.407051 1.428136 -12.779185 -15.216258 0.000077 -0.000022 0.000006 0.010241 -0.164264 -0.039188 0.690129 -3.857542 -10.648542 -0.674217 3.512715 -10.584088 6.763319 -6.460266 18.784328 -57.110886 -9.110549 13.907712 -3.416238 -60.031982 2.511631 2.957262 -0.505948 13.039528 -5.882102 9.861279 0.702590 -10.936861 -0.360574 7.156197 0.000000 8.774815 -0.000000 -15.926120 18.040878 5.701156 -1.844031 2.498503 -2.507276 -10.163590 4.678941 4.621104 -20.975996 -0.000001 0.000001 -21.226254 2.451698 -3.593995 0.000000 -0.000006 -0.000000 -1.362681 2.240797 -0.746323 -21.334892 0.584910 3.008319 -13.821196 -0.000001 0.000001 -23.887129 -0.249075 -0.839485 -60.508095 2.358024 -0.403437 -0.294025 1.679686 0.833255 -14.218195 0.093215 1.300579 -34.212002 -0.287561 0.967166 -20.033176 0.964536 1.212838 0.000000 -0.000000 0.000000 -3.440387 0.788233 0.501655 -15.928172 -3.167306 2.999703 -6.338817 -0.000000 0.000001 -18.123419 3.648181 -4.905662 -0.000004 0.000000 -0.000002 -6.129818 10.854037 16.345196 40.307590 3.275391 -31.906704 178.933197 79.300529 179.914230 -18.942133 2.782555 28.874657 2.243540 -5.255033 -3.180156 14.282877 -0.826594 6.952496 -0.000000 -12.690593 -0.000001 16.275311 -17.897543 2.232286 1.665665 -1.955920 -2.878297 4.727794 -4.170584 4.993919 11.020511 0.000001 -0.000000 12.109032 -3.735715 -2.866778 0.000000 -0.000000 0.000000 1.291985 -1.928548 -1.498088 14.800115 0.567467 3.865604 14.242553 -1.341738 -6.660648 19.631935 0.143921 -0.648243 49.294567 -0.395464 -6.600312 0.353029 -1.511150 -0.031940 20.222769 3.684305 2.316629 18.787249 0.000001 -0.000001 10.751608 -0.479870 1.397903 0.000000 -0.000000 0.000000 3.273804 0.305947 -0.580110 21.486790 11.830364 2.266131 8.162915 0.000000 -0.000000 18.399052 -3.798986 -4.940567 0.000003 0.000000 -0.000001 5.421362 -5.208290 -27.048166 0.052131 -0.172957 64.223648 -6.466309 -2.584994 -4.118536 1.738430 -1.829466 -4.736916 0.000000 -0.000000 0.000002 4.124241 -7.497767 -16.505482 -0.104264 -0.076979 31.482983 -4.521727 -20.099560 -9.836283 -1.440459 1.051910 0.514432 0.000000 -0.000000 -0.000001
0.000000 0.000000 0.000000 0.000000 -0.000000 0.000000 -31.520087 -0.755698 224.975247 0.729458 15.206470 -3.523744 -0.178380 0.243519 5.379226 -0.861127 0.139404 -3.132847 -0.011850 -2.118233 16.060900 10.358211 -3.084182 12.380201 -3.806203 -10.454381 -3.335495 1.291831 -12.614178 -15.645605 0.000077 -0.000022 0.000006 -0.015838 -0.041260 -0.033938 0.682958 -3.741096 -10.622519 -0.720345 3.641643 -10.590614 6.473794 -4.647575 19.479643 -63.406506 -3.470877 10.816691 -1.507234 -56.430531 1.120084 3.860538 1.772842 12.435896 -5.882102 9.861279 0.702590 -10.936861 -0.360574 7.156197 0.000000 8.774815 -0.000000 -16.323183 17.809713 5.462205 -1.844031 2.498503 -2.507276 -10.163590 4.678941 4.621104 -20.975996 -0.000001 0.000001 -21.226254 2.451698 -3.593995 0.000000 -0.000006 -0.000000 -1.362681 2.240797 -0.746323 -21.334892 0.584910 3.008319 -13.821196 -0.000001 0.000001 -23.887129 -0.249075 -0.839485 -60.695881 2.351895 -0.772185 -0.294025 1.679686 0.833255 -14.218195 0.093215 1.300579 -34.212002 -0.287561 0.967166 -20.033176 0.964536 1.212838 0.000000 -0.000000 0.000000 -3.440387 0.788233 0.501655 -15.928172 -3.167306 2.999703 -6.338817 -0.000000 0.000001 -18.123419 3.648181 -4.905662 -0.000004 0.000000 -0.000002 -5.637715 9.929614 17.220295 47.011345 5.820363 -23.066236 175.437866 79.020164 176.199020 -16.687389 4.557186 30.228727 2.243540 -5.255033 -3.180156 14.282877 -0.826594 6.952496 -0.000000 -12.690593 -0.000001 16.221321 -17.837839 2.344234 1.665665 -1.955920 -2.878297 4.727794 -4.170584 4.993919 11.020511 0.000001 -0.000000 12.109032 -3.735715 -2.866778 0.000000 -0.000000 0.000000 1.291985 -1.928548 -1.498088 14.800115 0.567467 3.865604 14.242553 -1.341738 -6.660648 19.631935 0.143921 -0.648243 49.763332 -0.344213 -6.444229 0.353029 -1.511150 -0.031940 20.222769 3.684305 2.316629 18.787249 0.000001 -0.000001 10.751608 -0.479870 1.397903 0.000000 -0.000000 0.000000 3.273804 0.305947 -0.580110 21.486790 11.830364 2.266131 8.162915 0.000000 -0.000000 18.399052 -3.798986 -4.940567 0.000003 0.000000 -0.000001 3.457023 -5.264854 -27.736921 0.108648 -0.180824 51.000622 -8.375625 -3.035399 -2.785459 1.733665 -1.771074 -4.433282 0.000000 -0.000000 0.000002 3.342314 -4.023201 -11.266378 -0.105570 0.035056 23.320763 -5.857617 -20.645250 -7.424315 -1.475863 1.017190 -0.247420 0.000000 -0.000000 -0.000001
0.000000 0.000000 0.000000 0.000000 -0.000000 0.000000 -30.477719 0.800980 228.754089 1.301175 12.345065 -2.212024 0.013684 0.200759 4.607659 -0.842950 0.918100 -3.416287 -0.161690 -1.063871 15.518779 7.852512 -1.733290 12.377725 -3.745622 -10.132658 -3.374065 1.349607 -12.467779 -15.720514 0.000077 -0.000022 0.000006 -0.027564 0.025051 -0.020385 0.677259 -3.681911 -10.601007 -0.739369 3.716761 -10.592872 6.201581 -2.237810 20.112902 -68.597435 2.765514 7.855943 -0.236579 -54.661861 0.592216 4.300315 3.546317 12.001328 -5.882102 9.861279 0.702590 -10.936861 -0.360574 7.156197 0.000000 8.774815 -0.000000 -16.718748 17.748421 5.377421 -1.844031 2.498503 -2.507276 -10.163590 4.678941 4.621104 -20.975996 -0.000001 0.000001 -21.226254 2.451698 -3.593995 0.000000 -0.000006 -0.000000 -1.362681 2.240797 -0.746323 -21.334892 0.584910 3.008319 -13.821196 -0.000001 0.000001 -23.887129 -0.249075 -0.839485 -60.876133 2.251029 -1.020666 -0.294025 1.679686 0.833255 -14.218195 0.093215 1.300579 -34.212002 -0.287561 0.967166 -20.033176 0.964536 1.212838 0.000000 -0.000000 0.000000 -3.440387 0.788233 0.501655 -15.928172 -3.167306 2.999703 -6.338817 -0.000000 0.000001 -18.123419 3.648181 -4.905662 -0.000004 0.000000 -0.000002 -5.869041 9.430355 18.037151 53.908043 7.628800 -13.834884 169.299011 81.086548 170.025391 -13.417824 4.529734 32.104439 2.243540 -5.255033 -3.180156 14.282877 -0.826594 6.952496 -0.000000 -12.690593 -0.000001 16.643988 -17.888273 2.239263 1.665665 -1.955920 -2.878297 4.727794 -4.170584 4.993919 11.020511 0.000001 -0.000000 12.109032 -3.735715 -2.866778 0.000000 -0.000000 0.000000 1.291985 -1.928548 -1.498088 14.800115 0.567467 3.865604 14.242553 -1.341738 -6.660648 19.631935 0.143921 -0.648243 50.253239 -0.390289 -6.391826 0.353029 -1.511150 -0.031940 20.222769 3.684305 2.316629 18.787249 0.000001 -0.000001 10.751608 -0.479870 1.397903 0.000000 -0.000000 0.000000 3.273804 0.305947 -0.580110 21.486790 11.830364 2.266131 8.162915 0.000000 -0.000000 18.399052 -3.798986 -4.940567 0.000003 0.000000 -0.000001 2.719116 -4.911330 -26.665627 0.066556 -0.238421 36.071110 -10.798930 -3.110306 1.103800 1.737329 -1.720230 -4.336902 0.000000 -0.000000 0.000002 2.744442 -1.267052 -6.601680 -0.126973 0.060017 16.249447 -6.713398 -19.864017 -4.307851 -1.489742 1.043749 -1.066208 0.000000 -0.000000 -0.000001
0.000000 0.000000 0.000000 0.000000 -0.000000 0.000000 -29.282026 1.859315 232.764799 1.345881 8.670201 -1.328341 0.395590 0.200076 3.697768 -0.789609 1.589092 -3.730167 -0.213703 0.117917 14.958743 5.402690 -0.474436 12.652727 -3.468837 -9.754610 -3.552783 1.506472 -12.217443 -15.349170 0.000077 -0.000022 0.000006 -0.030069 0.030014 -0.011984 0.670254 -3.690117 -10.608198 -0.738075 3.735745 -10.609356 6.060192 0.414951 20.966368 -72.594986 9.229507 5.418057 0.298161 -53.964066 0.338656 4.221061 5.164740 11.851737 -5.882102 9.861279 0.702590 -10.936861 -0.360574 7.156197 0.000000 8.774815 -0.000000 -16.892992 17.769930 5.523571 -1.844031 2.498503 -2.507276 -10.163590 4.678941 4.621104 -20.975996 -0.000001 0.000001 -21.226254 2.451698 -3.593995 0.000000 -0.000006 -0.000000 -1.362681 2.240797 -0.746323 -21.334892 0.584910 3.008319 -13.821196 -0.000001 0.000001 -23.887129 -0.249075 -0.839485 -61.016300 2.175596 -1.038059 -0.294025 1.679686 0.833255 -14.218195 0.093215 1.300579 -34.212002 -0.287561 0.967166 -20.033176 0.964536 1.212838 0.000000 -0.000000 0.000000 -3.440387 0.788233 0.501655 -15.928172 -3.167306 2.999703 -6.338817 -0.000000 0.000001 -18.123419 3.648181 -4.905662 -0.000004 0.000000 -0.000002 -6.860559 9.234107 18.861780 61.231937 9.407720 -4.901092 159.446472 85.634041 160.114639 -9.831467 2.406542 34.879623 2.243540 -5.255033 -3.180156 14.282877 -0.826594 6.952496 -0.000000 -12.690593 -0.000001 17.088190 -18.047245 2.099465 1.665665 -1.955920 -2.878297 4.727794 -4.170584 4.993919 11.020511 0.000001 -0.000000 12.109032 -3.735715 -2.866778 0.000000 -0.000000 0.000000 1.291985 -1.928548 -1.498088 14.800115 0.567467 3.865604 14.242553 -1.341738 -6.660648 19.631935 0.143921 -0.648243 50.466339 -0.445799 -6.351897 0.353029 -1.511150 -0.031940 20.222769 3.684305 2.316629 18.787249 0.000001 -0.000001 10.751608 -0.479870 1.397903 0.000000 -0.000000 0.000000 3.273804 0.305947 -0.580110 21.486790 11.830364 2.266131 8.162915 0.000000 -0.000000 18.399052 -3.798986 -4.940567 0.000003 0.000000 -0.000001 3.365765 -4.081688 -24.045952 -0.010574 -0.384003 20.840633 -13.618875 -2.668633 6.907563 1.749784 -1.713756 -4.547844 0.000000 -0.000000 0.000002 2.426811 0.890395 -2.203490 -0.133668 -0.019684 10.428924 -6.703133 -17.676233 -1.571756 -1.482128 1.093119 -2.379431 0.000000 -0.000000 -0.000001
0.000000 0.000000 0.000000 0.000000 -0.000000 0.000000 -28.033174 2.366013 236.886141 0.995829 4.454348 -0.774114 0.920380 0.265176 2.688873 -0.698851 2.196542 -4.144227 -0.158158 1.199799 14.389182 3.419454 0.537852 13.055379 -3.237591 -9.290071 -3.629604 1.556111 -11.663341 -14.564149 0.000077 -0.000022 0.000006 -0.026539 0.038972 0.005522 0.668307 -3.691863 -10.596667 -0.728928 3.753318 -10.602298 5.839596 3.231636 22.229864 -75.218658 15.263584 3.859298 0.294096 -53.542461 0.273398 3.770514 7.010963 11.576709 -5.882102 9.861279 0.702590 -10.936861 -0.360574 7.156197 0.000000 8.774815 -0.000000 -16.857016 17.816517 5.735152 -1.844031 2.498503 -2.507276 -10.163590 4.678941 4.621104 -20.975996 -0.000001 0.000001 -21.226254 2.451698 -3.593995 0.000000 -0.000006 -0.000000 -1.362681 2.240797 -0.746323 -21.334892 0.584910 3.008319 -13.821196 -0.000001 0.000001 -23.887129 -0.249075 -0.839485 -60.866459 2.195124 -1.010333 -0.294025 1.679686 0.833255 -14.218195 0.093215 1.300579 -34.212002 -0.287561 0.967166 -20.033176 0.964536 1.212838 0.000000 -0.000000 0.000000 -3.440387 0.788233 0.501655 -15.928172 -3.167306 2.999703 -6.338817 -0.000000 0.000001 -18.123419 3.648181 -4.905662 -0.000004 0.000000 -0.000002 -7.920314 9.155167 19.571203 68.438156 10.672635 2.341060 32.757084 87.907715 33.382671 -7.597034 -0.359517 37.612328 2.243540 -5.255033 -3.180156 14.282877 -0.826594 6.952496 -0.000000 -12.690593 -0.000001 17.163029 -18.095018 2.062749 1.665665 -1.955920 -2.878297 4.727794 -4.170584 4.993919 11.020511 0.000001 -0.000000 12.109032 -3.735715 -2.866778 0.000000 -0.000000 0.000000 1.291985 -1.928548 -1.498088 14.800115 0.567467 3.865604 14.242553 -1.341738 -6.660648 19.631935 0.143921 -0.648243 50.192982 -0.532871 -6.316862 0.353029 -1.511150 -0.031940 20.222769 3.684305 2.316629 18.787249 0.000001 -0.000001 10.751608 -0.479870 1.397903 0.000000 -0.000000 0.000000 3.273804 0.305947 -0.580110 21.486790 11.830364 2.266131 8.162915 0.000000 -0.000000 18.399052 -3.798986 -4.940567 0.000003 0.000000 -0.000001 4.901077 -2.851226 -20.619984 -0.056708 -0.620912 7.695379 -15.922666 -1.860570 13.024020 1.730874 -1.772515 -4.059343 0.000000 -0.000000 0.000002 2.183316 2.661888 1.310506 -0.107554 -0.217522 6.072043 -5.755456 -14.637393 0.123508 -1.477750 1.039982 -3.404630 0.000000 -0.000000 -0.000001
0.000000 0.000000 0.000000 0.000000 -0.000000 0.000000 -26.779972 2.275216 240.900759 0.382982 0.081731 -0.571698 1.487874 0.399001 1.714536 -0.585425 2.698299 -4.621119 0.144942 1.929830 14.031845 1.857151 1.484155 13.222515 -3.034004 -8.757451 -3.612000 1.486355 -10.964883 -13.472600 0.000077 -0.000022 0.000006 -0.019760 0.065697 0.016870 0.670626 -3.667088 -10.569590 -0.717020 3.777932 -10.581387 5.213577 5.890046 23.602690 -76.552498 20.311563 2.981012 -0.209499 -52.933277 0.847773 3.363924 9.086059 11.264172 -5.882102 9.861279 0.702590 -10.936861 -0.360574 7.156197 0.000000 8.774815 -0.000000 -16.797583 17.831825 5.805864 -1.844031 2.498503 -2.507276 -10.163590 4.678941 4.621104 -20.975996 -0.000001 0.000001 -21.226254 2.451698 -3.593995 0.000000 -0.000006 -0.000000 -1.362681 2.240797 -0.746323 -21.334892 0.584910 3.008319 -13.821196 -0.000001 0.000001 -23.887129 -0.249075 -0.839485 -60.416023 2.279414 -1.110045 -0.294025 1.679686 0.833255 -14.218195 0.093215 1.300579 -34.212002 -0.287561 0.967166 -20.033176 0.964536 1.212838 0.000000 -0.000000 0.000000 -3.440387 0.788233 0.501655 -15.928172 -3.167306 2.999703 -6.338817 -0.000000 0.000001 -18.123419 3.648181 -4.905662 -0.000004 0.000000 -0.000002 -8.103424 9.107100 20.053732 74.279648 10.834875 7.050817 4.627719 82.870491 5.334933 -7.020135 -2.632509 39.676403 2.243540 -5.255033 -3.180156 14.282877 -0.826594 6.952496 -0.000000 -12.690593 -0.000001 16.960804 -18.125263 2.187393 1.665665 -1.955920 -2.878297 4.727794 -4.170584 4.993919 11.020511 0.000001 -0.000000 12.109032 -3.735715 -2.866778 0.000000 -0.000000 0.000000 1.291985 -1.928548 -1.498088 14.800115 0.567467 3.865604 14.242553 -1.341738 -6.660648 19.631935 0.143921 -0.648243 49.790325 -0.678506 -6.383192 0.353029 -1.511150 -0.031940 20.222769 3.684305 2.316629 18.787249 0.000001 -0.000001 10.751608 -0.479870 1.397903 0.000000 -0.000000 0.000000 3.273804 0.305947 -0.580110 21.486790 11.830364 2.266131 8.162915 0.000000 -0.000000 18.399052 -3.798986 -4.940567 0.000003 0.000000 -0.000001 6.781033 -1.815249 -17.254326 0.030454 -0.724875 -0.655214 -17.626633 -1.514214 17.320601 1.682624 -1.870552 -3.045577 0.000000 -0.000000 0.000002 1.968047 4.214275 3.188303 -0.060381 -0.380376 5.485733 -4.072908 -11.793276 -0.674442 -1.490426 0.975208 -3.468043 0.000000 -0.000000 -0.000001
0.000000 0.000000 0.000000 0.000000 -0.000000 0.000000 -25.512640 1.654305 244.610003 -0.349774 -3.738417 -0.855314 1.979342 0.527476 1.091787 -0.465976 3.070652 -4.936345 0.708607 1.992512 13.959774 0.495973 2.348820 12.752305 -2.777175 -8.161284 -3.663881 1.607678 -10.405905 -12.462897 0.000077 -0.000022 0.000006 -0.011635 0.070014 0.012559 0.670715 -3.660792 -10.567296 -0.700577 3.778246 -10.572608 4.270816 7.801260 24.411203 -77.236412 24.015478 3.041987 -0.606978 -51.663193 1.247647 3.422540 10.755023 10.976536 -5.882102 9.861279 0.702590 -10.936861 -0.360574 7.156197 0.000000 8.774815 -0.000000 -16.696726 17.817625 5.967126 -1.844031 2.498503 -2.507276 -10.163590 4.678941 4.621104 -20.975996 -0.000001 0.000001 -21.226254 2.451698 -3.593995 0.000000 -0.000006 -0.000000 -1.362681 2.240797 -0.746323 -21.334892 0.584910 3.008319 -13.821196 -0.000001 0.000001 -23.887129 -0.249075 -0.839485 -59.961235 2.367331 -1.062457 -0.294025 1.679686 0.833255 -14.218195 0.093215 1.300579 -34.212002 -0.287561 0.967166 -20.033176 0.964536 1.212838 0.000000 -0.000000 0.000000 -3.440387 0.788233 0.501655 -15.928172 -3.167306 2.999703 -6.338817 -0.000000 0.000001 -18.123419 3.648181 -4.905662 -0.000004 0.000000 -0.000002 -7.061718 8.936777 20.620544 77.888237 10.115408 9.050382 -1.007097 78.762924 -0.046389 -7.475068 -3.817796 40.965126 2.243540 -5.255033 -3.180156 14.282877 -0.826594 6.952496 -0.000000 -12.690593 -0.000001 16.810097 -18.165747 2.328751 1.665665 -1.955920 -2.878297 4.727794 -4.170584 4.993919 11.020511 0.000001 -0.000000 12.109032 -3.735715 -2.866778 0.000000 -0.000000 0.000000 1.291985 -1.928548 -1.498088 14.800115 0.567467 3.865604 14.242553 -1.341738 -6.660648 19.631935 0.143921 -0.648243 49.730629 -0.733568 -6.402222 0.353029 -1.511150 -0.031940 20.222769 3.684305 2.316629 18.787249 0.000001 -0.000001 10.751608 -0.479870 1.397903 0.000000 -0.000000 0.000000 3.273804 0.305947 -0.580110 21.486790 11.830364 2.266131 8.162915 0.000000 -0.000000 18.399052 -3.798986 -4.940567 0.000003 0.000000 -0.000001 8.252438 -0.955548 -14.975221 0.132905 -0.649675 -2.079544 -19.091333 -2.226157 19.305815 1.637010 -1.899657 -2.656899 0.000000 -0.000000 0.000002 1.743646 5.301564 5.316260 -0.027507 -0.360982 6.762337 -2.243070 -9.509542 -3.350660 -1.495029 1.009077 -3.442225 0.000000 -0.000000 -0.000001
0.000000 0.000000 0.000000 0.000000 -0.000000 0.000000 -24.265964 0.697099 247.996569 -0.492201 -6.482363 -1.599872 1.785660 0.520865 0.991654 -0.388059 3.139520 -5.058939 1.364087 1.666621 14.146736 -0.447517 2.851380 11.388402 -2.518478 -7.533586 -3.584347 1.822663 -10.048182 -11.897346 0.000077 -0.000022 0.000006 0.005407 0.031763 0.024437 0.688558 -3.695728 -10.558193 -0.684272 3.737130 -10.549476 3.382021 8.594288 24.677729 -77.644905 25.921118 4.977692 -0.383157 -49.629444 1.213053 3.045002 11.711617 10.057363 -5.882102 9.861279 0.702590 -10.936861 -0.360574 7.156197 0.000000 8.774815 -0.000000 -16.557564 17.813747 6.171460 -1.844031 2.498503 -2.507276 -10.163590 4.678941 4.621104 -20.975996 -0.000001 0.000001 -21.226254 2.451698 -3.593995 0.000000 -0.000006 -0.000000 -1.362681 2.240797 -0.746323 -21.334892 0.584910 3.008319 -13.821196 -0.000001 0.000001 -23.887129 -0.249075 -0.839485 -59.663151 2.360688 -0.922865 -0.294025 1.679686 0.833255 -14.218195 0.093215 1.300579 -34.212002 -0.287561 0.967166 -20.033176 0.964536 1.212838 0.000000 -0.000000 0.000000 -3.440387 0.788233 0.501655 -15.928172 -3.167306 2.999703 -6.338817 -0.000000 0.000001 -18.123419 3.648181 -4.905662 -0.000004 0.000000 -0.000002 -4.867512 8.446680 21.188416 79.232109 8.756664 8.517054 -2.659738 75.435921 -1.499916 -8.691651 -4.124592 41.655769 2.243540 -5.255033 -3.180156 14.282877 -0.826594 6.952496 -0.000000 -12.690593 -0.000001 16.544769 -18.031174 2.489133 1.665665 -1.955920 -2.878297 4.727794 -4.170584 4.993919 11.020511 0.000001 -0.000000 12.109032 -3.735715 -2.866778 0.000000 -0.000000 0.000000 1.291985 -1.928548 -1.498088 14.800115 0.567467 3.865604 14.242553 -1.341738 -6.660648 19.631935 0.143921 -0.648243 49.823273 -0.784803 -6.296260 0.353029 -1.511150 -0.031940 20.222769 3.684305 2.316629 18.787249 0.000001 -0.000001 10.751608 -0.479870 1.397903 0.000000 -0.000000 0.000000 3.273804 0.305947 -0.580110 21.486790 11.830364 2.266131 8.162915 0.000000 -0.000000 18.399052 -3.798986 -4.940567 0.000003 0.000000 -0.000001 8.128818 0.046503 -13.064611 0.063411 -0.462928 0.370067 -17.965490 -3.966462 17.881927 1.675996 -1.874258 -2.648201 0.000000 -0.000000 0.000002 0.543174 5.168591 6.408463 -0.048535 -0.233497 11.730061 0.274852 -7.439511 -7.191965 -1.511024 1.056579 -3.961993 0.000000 -0.000000 -0.000001
0.000000 0.000000 0.000000 0.000000 -0.000000 0.000000 -23.018648 -0.433804 251.019426 0.522710 -8.325724 -2.883492 0.805370 0.508371 1.306587 -0.359892 2.920228 -4.812604 1.445616 1.152641 14.670044 -0.834436 2.905863 9.165548 -2.489112 -6.780278 -3.602394 2.313083 -10.089079 -12.239864 0.000077 -0.000022 0.000006 0.014496 0.012076 0.038576 0.695184 -3.724122 -10.625484 -0.675877 3.728317 -10.618311 3.090434 8.329513 24.600544 -78.005547 25.478199 9.074877 -0.092878 -46.796726 0.976664 1.916521 12.512087 9.289320 -5.882102 9.861279 0.702590 -10.936861 -0.360574 7.156197 0.000000 8.774815 -0.000000 -16.547344 17.560234 6.125376 -1.844031 2.498503 -2.507276 -10.163590 4.678941 4.621104 -20.975996 -0.000001 0.000001 -21.226254 2.451698 -3.593995 0.000000 -0.000006 -0.000000 -1.362681 2.240797 -0.746323 -21.334892 0.584910 3.008319 -13.821196 -0.000001 0.000001 -23.887129 -0.249075 -0.839485 -59.868584 2.279683 -0.966732 -0.294025 1.679686 0.833255 -14.218195 0.093215 1.300579 -34.212002 -0.287561 0.967166 -20.033176 0.964536 1.212838 0.000000 -0.000000 0.000000 -3.440387 0.788233 0.501655 -15.928172 -3.167306 2.999703 -6.338817 -0.000000 0.000001 -18.123419 3.648181 -4.905662 -0.000004 0.000000 -0.000002 -2.269447 8.088270 21.274162 79.560410 7.056929 5.848526 -2.450973 72.033653 -1.298831 -10.704021 -3.958509 41.944592 2.243540 -5.255033 -3.180156 14.282877 -0.826594 6.952496 -0.000000 -12.690593 -0.000001 16.346512 -17.982639 2.551541 1.665665 -1.955920 -2.878297 4.727794 -4.170584 4.993919 11.020511 0.000001 -0.000000 12.109032 -3.735715 -2.866778 0.000000 -0.000000 0.000000 1.291985 -1.928548 -1.498088 14.800115 0.567467 3.865604 14.242553 -1.341738 -6.660648 19.631935 0.143921 -0.648243 49.999786 -0.839134 -6.184103 0.353029 -1.511150 -0.031940 20.222769 3.684305 2.316629 18.787249 0.000001 -0.000001 10.751608 -0.479870 1.397903 0.000000 -0.000000 0.000000 3.273804 0.305947 -0.580110 21.486790 11.830364 2.266131 8.162915 0.000000 -0.000000 18.399052 -3.798986 -4.940567 0.000003 0.000000 -0.000001 6.126670 0.930641 -13.439466 -0.156321 -0.418247 8.362001 -13.986064 -5.541229 8.915050 1.698405 -1.850341 -0.694451 0.000000 -0.000000 0.000002 -2.390080 4.285692 5.172891 -0.008395 -0.131514 20.860430 3.460081 -4.590106 -10.378251 -1.528359 1.012843 -5.118996 0.000000 -0.000000 -0.000001
0.000000 0.000000 0.000000 0.000000 -0.000000 0.000000 -21.844970 -1.335201 253.639026 2.215221 -9.157565 -4.527130 -0.355138 0.439942 2.020760 -0.503374 2.580184 -4.553356 1.014170 0.684841 15.534463 -0.757832 2.986547 7.261703 -2.392460 -6.824892 -3.584682 2.772992 -9.753038 -13.737373 0.000077 -0.000022 0.000006 0.015669 -0.029606 0.033568 0.711011 -3.774511 -10.670498 -0.689712 3.699060 -10.670675 2.813067 7.297857 24.220999 -77.269646 22.461208 15.160869 0.299072 -43.732716 1.088660 -0.918801 13.291117 10.015547 -5.882102 9.861279 0.702590 -10.936861 -0.360574 7.156197 0.000000 8.774815 -0.000000 -16.518986 17.374313 6.021954 -1.844031 2.498503 -2.507276 -10.163590 4.678941 4.621104 -20.975996 -0.000001 0.000001 -21.226254 2.451698 -3.593995 0.000000 -0.000006 -0.000000 -1.362681 2.240797 -0.746323 -21.334892 0.584910 3.008319 -13.821196 -0.000001 0.000001 -23.887129 -0.249075 -0.839485 -60.269066 2.179667 -0.892114 -0.294025 1.679686 0.833255 -14.218195 0.093215 1.300579 -34.212002 -0.287561 0.967166 -20.033176 0.964536 1.212838 0.000000 -0.000000 0.000000 -3.440387 0.788233 0.501655 -15.928172 -3.167306 2.999703 -6.338817 -0.000000 0.000001 -18.123419 3.648181 -4.905662 -0.000004 0.000000 -0.000002 0.453757 7.455473 21.737850 79.313599 6.491232 2.262830 -2.454310 67.632706 -1.234228 -13.318811 -3.322948 41.224335 2.243540 -5.255033 -3.180156 14.282877 -0.826594 6.952496 -0.000000 -12.690593 -0.000001 16.226931 -17.900517 2.694868 1.665665 -1.955920 -2.878297 4.727794 -4.170584 4.993919 11.020511 0.000001 -0.000000 12.109032 -3.735715 -2.866778 0.000000 -0.000000 0.000000 1.291985 -1.928548 -1.498088 14.800115 0.567467 3.865604 14.242553 -1.341738 -6.660648 19.631935 0.143921 -0.648243 50.317783 -0.693944 -6.060607 0.353029 -1.511150 -0.031940 20.222769 3.684305 2.316629 18.787249 0.000001 -0.000001 10.751608 -0.479870 1.397903 0.000000 -0.000000 0.000000 3.273804 0.305947 -0.580110 21.486790 11.830364 2.266131 8.162915 0.000000 -0.000000 18.399052 -3.798986 -4.940567 0.000003 0.000000 -0.000001 3.351511 1.386678 -15.028129 -0.198312 -0.461927 18.125154 -10.671884 -5.886999 1.732599 1.664345 -1.910584 0.341157 0.000000 -0.000000 0.000002 -6.008448 3.314945 2.485035 0.040669 0.114184 31.788155 5.752123 -1.770157 -9.872395 -1.515934 0.913887 -7.890477 0.000000 -0.000000 -0.000001
0.000000 0.000000 0.000000 0.000000 -0.000000 0.000000 -20.955297 -1.765621 255.908643 3.328739 -9.753073 -6.121366 -0.914536 0.290057 2.652801 -0.597217 2.201595 -4.216270 0.338556 0.203364 16.222151 -0.718613 3.035498 6.054404 -2.379315 -6.660464 -3.546727 3.154756 -9.306182 -14.621884 0.000077 -0.000022 0.000006 0.009563 -0.074909 0.018448 0.724965 -3.812521 -10.701566 -0.715890 3.648821 -10.698019 2.107767 6.206151 23.617638 -75.794411 18.088627 20.648869 0.530815 -40.874836 1.217197 -4.283163 14.493156 13.824586 -5.882102 9.861279 0.702590 -10.936861 -0.360574 7.156197 0.000000 8.774815 -0.000000 -15.882382 17.508486 6.499766 -1.844031 2.498503 -2.507276 -10.163590 4.678941 4.621104 -20.975996 -0.000001 0.000001 -21.226254 2.451698 -3.593995 0.000000 -0.000006 -0.000000 -1.362681 2.240797 -0.746323 -21.334892 0.584910 3.008319 -13.821196 -0.000001 0.000001 -23.887129 -0.249075 -0.839485 -61.008720 2.288850 -0.756256 -0.294025 1.679686 0.833255 -14.218195 0.093215 1.300579 -34.212002 -0.287561 0.967166 -20.033176 0.964536 1.212838 0.000000 -0.000000 0.000000 -3.440387 0.788233 0.501655 -15.928172 -3.167306 2.999703 -6.338817 -0.000000 0.000001 -18.123419 3.648181 -4.905662 -0.000004 0.000000 -0.000002 2.409167 7.378477 22.039253 79.390205 6.532440 -1.212473 -2.823947 62.369724 -1.438670 -15.771476 -2.688023 39.187305 2.243540 -5.255033 -3.180156 14.282877 -0.826594 6.952496 -0.000000 -12.690593 -0.000001 16.435513 -17.826786 2.669894 1.665665 -1.955920 -2.878297 4.727794 -4.170584 4.993919 11.020511 0.000001 -0.000000 12.109032 -3.735715 -2.866778 0.000000 -0.000000 0.000000 1.291985 -1.928548 -1.498088 14.800115 0.567467 3.865604 14.242553 -1.341738 -6.660648 19.631935 0.143921 -0.648243 50.529461 -0.443775 -6.076253 0.353029 -1.511150 -0.031940 20.222769 3.684305 2.316629 18.787249 0.000001 -0.000001 10.751608 -0.479870 1.397903 0.000000 -0.000000 0.000000 3.273804 0.305947 -0.580110 21.486790 11.830364 2.266131 8.162915 0.000000 -0.000000 18.399052 -3.798986 -4.940567 0.000003 0.000000 -0.000001 1.434501 2.450843 -13.756622 -0.204347 -0.402569 21.760721 -8.892356 -6.533295 -1.748207 1.650768 -1.967571 0.884716 0.000000 -0.000000 0.000002 -8.573004 2.828424 -0.030075 0.106641 0.378618 41.083744 7.493783 0.256955 -6.770732 -1.465302 0.831601 -8.427285 0.000000 -0.000000 -0.000001
0.000000 0.000000 0.000000 0.000000 -0.000000 0.000000 -20.329826 -1.741680 257.906518 3.479372 -10.424944 -7.153249 -0.955466 0.089165 2.990902 -0.603166 1.784393 -4.015336 -0.028080 -0.270161 16.522472 -1.000892 3.269278 5.662343 -2.278248 -6.314485 -3.530244 3.387104 -8.757680 -14.554575 0.000077 -0.000022 0.000006 0.005639 -0.080047 0.018758 0.722662 -3.807608 -10.688500 -0.720417 3.636494 -10.681809 0.872413 5.211879 22.976274 -74.031410 13.855741 23.127228 0.571847 -39.066227 1.147792 -6.317585 15.439609 17.560436 -5.882102 9.861279 0.702590 -10.936861 -0.360574 7.156197 0.000000 8.774815 -0.000000 -15.619294 17.888988 6.949122 -1.844031 2.498503 -2.507276 -10.163590 4.678941 4.621104 -20.975996 -0.000001 0.000001 -21.226254 2.451698 -3.593995 0.000000 -0.000006 -0.000000 -1.362681 2.240797 -0.746323 -21.334892 0.584910 3.008319 -13.821196 -0.000001 0.000001 -23.887129 -0.249075 -0.839485 -61.522514 2.441813 -0.719199 -0.294025 1.679686 0.833255 -14.218195 0.093215 1.300579 -34.212002 -0.287561 0.967166 -20.033176 0.964536 1.212838 0.000000 -0.000000 0.000000 -3.440387 0.788233 0.501655 -15.928172 -3.167306 2.999703 -6.338817 -0.000000 0.000001 -18.123419 3.648181 -4.905662 -0.000004 0.000000 -0.000002 3.298208 7.503773 22.017872 79.895966 7.034812 -4.163459 -2.783185 56.547729 -1.339737 -17.852783 -2.227283 36.030682 2.243540 -5.255033 -3.180156 14.282877 -0.826594 6.952496 -0.000000 -12.690593 -0.000001 16.557161 -17.656719 2.582941 1.665665 -1.955920 -2.878297 4.727794 -4.170584 4.993919 11.020511 0.000001 -0.000000 12.109032 -3.735715 -2.866778 0.000000 -0.000000 0.000000 1.291985 -1.928548 -1.498088 14.800115 0.567467 3.865604 14.242553 -1.341738 -6.660648 19.631935 0.143921 -0.648243 50.471844 -0.156240 -6.049652 0.353029 -1.511150 -0.031940 20.222769 3.684305 2.316629 18.787249 0.000001 -0.000001 10.751608 -0.479870 1.397903 0.000000 -0.000000 0.000000 3.273804 0.305947 -0.580110 21.486790 11.830364 2.266131 8.162915 0.000000 -0.000000 18.399052 -3.798986 -4.940567 0.000003 0.000000 -0.000001 0.845066 3.717318 -11.721284 -0.215851 -0.375879 22.655157 -7.935967 -7.270305 -3.610039 1.653420 -1.990428 1.035239 0.000000 -0.000000 0.000002 -9.353063 2.869267 -1.918832 0.155302 0.562882 46.916595 8.355268 0.751002 -4.136272 -1.395747 0.804660 -6.413688 0.000000 -0.000000 -0.000001
0.000000 0.000000 0.000000 0.000000 -0.000000 0.000000 -19.937259 -1.346714 259.652991 3.164872 -11.039827 -7.590328 -0.899840 -0.111230 3.088274 -0.552632 1.341924 -3.964648 -0.187386 -0.771918 16.440802 -1.430728 3.509753 5.787131 -2.119922 -5.828944 -3.540617 3.551635 -8.128589 -14.065478 0.000077 -0.000022 0.000006 0.001776 -0.073035 0.022796 0.717624 -3.789001 -10.658155 -0.721577 3.634675 -10.653983 -0.148499 4.060081 22.370214 -72.273926 10.476889 22.489243 0.504909 -39.302273 1.030928 -6.458553 15.784637 19.141157 -5.882102 9.861279 0.702590 -10.936861 -0.360574 7.156197 0.000000 8.774815 -0.000000 -15.842178 17.816406 6.858624 -1.844031 2.498503 -2.507276 -10.163590 4.678941 4.621104 -20.975996 -0.000001 0.000001 -21.226254 2.451698 -3.593995 0.000000 -0.000006 -0.000000 -1.362681 2.240797 -0.746323 -21.334892 0.584910 3.008319 -13.821196 -0.000001 0.000001 -23.887129 -0.249075 -0.839485 -61.596531 2.527740 -0.661676 -0.294025 1.679686 0.833255 -14.218195 0.093215 1.300579 -34.212002 -0.287561 0.967166 -20.033176 0.964536 1.212838 0.000000 -0.000000 0.000000 -3.440387 0.788233 0.501655 -15.928172 -3.167306 2.999703 -6.338817 -0.000000 0.000001 -18.123419 3.648181 -4.905662 -0.000004 0.000000 -0.000002 3.423229 7.581306 21.656534 80.592323 7.557484 -6.496344 -2.442250 50.916317 -1.082585 -19.666574 -2.053959 31.876766 2.243540 -5.255033 -3.180156 14.282877 -0.826594 6.952496 -0.000000 -12.690593 -0.000001 16.546560 -17.557344 2.527200 1.665665 -1.955920 -2.878297 4.727794 -4.170584 4.993919 11.020511 0.000001 -0.000000 12.109032 -3.735715 -2.866778 0.000000 -0.000000 0.000000 1.291985 -1.928548 -1.498088 14.800115 0.567467 3.865604 14.242553 -1.341738 -6.660648 19.631935 0.143921 -0.648243 50.212093 0.011545 -5.979520 0.353029 -1.511150 -0.031940 20.222769 3.684305 2.316629 18.787249 0.000001 -0.000001 10.751608 -0.479870 1.397903 0.000000 -0.000000 0.000000 3.273804 0.305947 -0.580110 21.486790 11.830364 2.266131 8.162915 0.000000 -0.000000 18.399052 -3.798986 -4.940567 0.000003 0.000000 -0.000001 0.893439 4.420712 -9.328907 -0.200656 -0.389531 21.401363 -7.448339 -7.310861 -4.269686 1.662225 -1.983200 0.963350 0.000000 -0.000000 0.000002 -9.243955 2.701591 -3.400167 0.180941 0.624969 49.423359 8.085581 0.053086 -3.344487 -1.345356 0.788421 -4.556381 0.000000 -0.000000 -0.000001
0.000000 0.000000 0.000000 0.000000 -0.000000 0.000000 -19.762407 -0.728980 261.177961 2.617693 -11.424065 -7.540606 -0.877638 -0.284372 3.048112 -0.511577 0.905568 -4.027649 -0.168650 -1.278449 16.112890 -1.787867 3.651454 6.172037 -1.915075 -5.174891 -3.564165 3.584567 -7.498741 -13.608208 0.000077 -0.000022 0.000006 -0.001932 -0.040271 0.028612 0.716082 -3.751036 -10.632361 -0.726173 3.662534 -10.643127 -0.365526 2.617669 21.878597 -70.847534 8.189307 19.085316 0.262519 -42.485416 1.011631 -4.445030 14.612872 17.056208 -5.882102 9.861279 0.702590 -10.936861 -0.360574 7.156197 0.000000 8.774815 -0.000000 -16.474962 17.568508 6.353407 -1.844031 2.498503 -2.507276 -10.163590 4.678941 4.621104 -20.975996 -0.000001 0.000001 -21.226254 2.451698 -3.593995 0.000000 -0.000006 -0.000000 -1.362681 2.240797 -0.746323 -21.334892 0.584910 3.008319 -13.821196 -0.000001 0.000001 -23.887129 -0.249075 -0.839485 -61.642990 2.511602 -0.595521 -0.294025 1.679686 0.833255 -14.218195 0.093215 1.300579 -34.212002 -0.287561 0.967166 -20.033176 0.964536 1.212838 0.000000 -0.000000 0.000000 -3.440387 0.788233 0.501655 -15.928172 -3.167306 2.999703 -6.338817 -0.000000 0.000001 -18.123419 3.648181 -4.905662 -0.000004 0.000000 -0.000002 3.006859 7.570420 21.153109 81.201309 7.913784 -7.783977 -2.087327 46.128487 -0.863111 -20.831816 -2.254678 27.137573 2.243540 -5.255033 -3.180156 14.282877 -0.826594 6.952496 -0.000000 -12.690593 -0.000001 16.529390 -17.653236 2.483364 1.665665 -1.955920 -2.878297 4.727794 -4.170584 4.993919 11.020511 0.000001 -0.000000 12.109032 -3.735715 -2.866778 0.000000 -0.000000 0.000000 1.291985 -1.928548 -1.498088 14.800115 0.567467 3.865604 14.242553 -1.341738 -6.660648 19.631935 0.143921 -0.648243 50.082180 0.025584 -5.956839 0.353029 -1.511150 -0.031940 20.222769 3.684305 2.316629 18.787249 0.000001 -0.000001 10.751608 -0.479870 1.397903 0.000000 -0.000000 0.000000 3.273804 0.305947 -0.580110 21.486790 11.830364 2.266131 8.162915 0.000000 -0.000000 18.399052 -3.798986 -4.940567 0.000003 0.000000 -0.000001 1.220456 4.395548 -6.796907 -0.167587 -0.406956 18.567764 -7.207450 -6.665896 -4.008178 1.663486 -1.962498 0.842280 0.000000 -0.000000 0.000002 -8.782930 2.155430 -4.480431 0.182069 0.585598 48.634697 7.293085 -1.330086 -3.940166 -1.337465 0.775441 -3.638676 0.000000 -0.000000 -0.000001
0.000000 0.000000 0.000000 0.000000 -0.000000 0.000000 -19.778643 -0.086829 262.516162 1.950950 -11.503551 -7.118980 -0.899646 -0.440908 2.927410 -0.499924 0.523633 -4.161997 0.008686 -1.746836 15.705582 -1.978402 3.708669 6.573223 -1.706561 -4.456150 -3.607030 3.551265 -6.898591 -13.276063 0.000077 -0.000022 0.000006 -0.005436 -0.004090 0.029763 0.712341 -3.718226 -10.629226 -0.728621 3.701796 -10.659059 0.217022 0.917154 21.429245 -69.854485 6.534420 14.317617 -0.356558 -48.039856 1.268206 -0.668401 12.330624 12.724016 -5.882102 9.861279 0.702590 -10.936861 -0.360574 7.156197 0.000000 8.774815 -0.000000 -16.925774 17.801167 6.021735 -1.844031 2.498503 -2.507276 -10.163590 4.678941 4.621104 -20.975996 -0.000001 0.000001 -21.226254 2.451698 -3.593995 0.000000 -0.000006 -0.000000 -1.362681 2.240797 -0.746323 -21.334892 0.584910 3.008319 -13.821196 -0.000001 0.000001 -23.887129 -0.249075 -0.839485 -61.800892 2.503044 -0.630803 -0.294025 1.679686 0.833255 -14.218195 0.093215 1.300579 -34.212002 -0.287561 0.967166 -20.033176 0.964536 1.212838 0.000000 -0.000000 0.000000 -3.440387 0.788233 0.501655 -15.928172 -3.167306 2.999703 -6.338817 -0.000000 0.000001 -18.123419 3.648181 -4.905662 -0.000004 0.000000 -0.000002 2.417792 7.480530 20.703110 81.452141 8.107570 -8.267887 -1.721099 42.379612 -0.669231 -21.407009 -2.559543 22.626400 2.243540 -5.255033 -3.180156 14.282877 -0.826594 6.952496 -0.000000 -12.690593 -0.000001 16.515383 -17.864225 2.477957 1.665665 -1.955920 -2.878297 4.727794 -4.170584 4.993919 11.020511 0.000001 -0.000000 12.109032 -3.735715 -2.866778 0.000000 -0.000000 0.000000 1.291985 -1.928548 -1.498088 14.800115 0.567467 3.865604 14.242553 -1.341738 -6.660648 19.631935 0.143921 -0.648243 50.098598 -0.079090 -5.969104 0.353029 -1.511150 -0.031940 20.222769 3.684305 2.316629 18.787249 0.000001 -0.000001 10.751608 -0.479870 1.397903 0.000000 -0.000000 0.000000 3.273804 0.305947 -0.580110 21.486790 11.830364 2.266131 8.162915 0.000000 -0.000000 18.399052 -3.798986 -4.940567 0.000003 0.000000 -0.000001 1.703447 3.899635 -4.478814 -0.128422 -0.384031 15.086304 -7.044384 -5.737188 -3.262131 1.657802 -1.941001 0.725916 0.000000 -0.000000 0.000002 -8.218490 1.238775 -5.234070 0.160461 0.501315 45.080967 6.528730 -3.126634 -5.330947 -1.358549 0.773524 -3.123016 0.000000 -0.000000 -0.000001
0.000000 0.000000 0.000000 0.000000 -0.000000 0.000000 -19.961806 0.454140 263.704748 1.305932 -11.350580 -6.530999 -0.963838 -0.539141 2.760693 -0.494918 0.210442 -4.309341 0.236863 -2.153812 15.369963 -2.009062 3.643654 6.844112 -1.545798 -3.810824 -3.661288 3.516377 -6.397443 -12.992075 0.000077 -0.000022 0.000006 -0.008317 0.019103 0.023420 0.711062 -3.698483 -10.643469 -0.732631 3.728633 -10.687004 1.254286 -0.865839 20.908278 -68.960251 4.796080 9.754509 -1.132920 -54.454685 1.852801 2.642458 10.348911 8.599328 -5.882102 9.861279 0.702590 -10.936861 -0.360574 7.156197 0.000000 8.774815 -0.000000 -16.385386 18.149216 6.192276 -1.844031 2.498503 -2.507276 -10.163590 4.678941 4.621104 -20.975996 -0.000001 0.000001 -21.226254 2.451698 -3.593995 0.000000 -0.000006 -0.000000 -1.362681 2.240797 -0.746323 -21.334892 0.584910 3.008319 -13.821196 -0.000001 0.000001 -23.887129 -0.249075 -0.839485 -61.538914 2.483873 -0.707383 -0.294025 1.679686 0.833255 -14.218195 0.093215 1.300579 -34.212002 -0.287561 0.967166 -20.033176 0.964536 1.212838 0.000000 -0.000000 0.000000 -3.440387 0.788233 0.501655 -15.928172 -3.167306 2.999703 -6.338817 -0.000000 0.000001 -18.123419 3.648181 -4.905662 -0.000004 0.000000 -0.000002 1.971774 7.340999 20.522032 81.319237 8.277113 -8.573738 -1.479789 39.733353 -0.578861 -21.813034 -2.656827 19.143341 2.243540 -5.255033 -3.180156 14.282877 -0.826594 6.952496 -0.000000 -12.690593 -0.000001 16.498028 -18.017752 2.507024 1.665665 -1.955920 -2.878297 4.727794 -4.170584 4.993919 11.020511 0.000001 -0.000000 12.109032 -3.735715 -2.866778 0.000000 -0.000000 0.000000 1.291985 -1.928548 -1.498088 14.800115 0.567467 3.865604 14.242553 -1.341738 -6.660648 19.631935 0.143921 -0.648243 50.069565 -0.198691 -5.996047 0.353029 -1.511150 -0.031940 20.222769 3.684305 2.316629 18.787249 0.000001 -0.000001 10.751608 -0.479870 1.397903 0.000000 -0.000000 0.000000 3.273804 0.305947 -0.580110 21.486790 11.830364 2.266131 8.162915 0.000000 -0.000000 18.399052 -3.798986 -4.940567 0.000003 0.000000 -0.000001 2.256933 3.318594 -2.463651 -0.098578 -0.336302 11.574244 -6.914034 -4.962934 -2.333545 1.653250 -1.930845 0.621716 0.000000 -0.000000 0.000002 -7.736556 0.051876 -5.576302 0.140148 0.450924 39.212032 6.143950 -4.427807 -6.565310 -1.385119 0.779599 -2.970679 0.000000 -0.000000 -0.000001
0.000000 0.000000 0.000000 0.000000 -0.000000 0.000000 -20.264353 0.850404 264.792774 0.849220 -11.073858 -5.931436 -1.116783 -0.550381 2.558360 -0.495104 -0.057743 -4.459637 0.403808 -2.456037 15.184340 -1.881990 3.505014 7.011087 -1.457697 -3.292778 -3.695199 3.477507 -5.995735 -12.745166 0.000077 -0.000022 0.000006 -0.011143 0.017609 0.015669 0.713493 -3.701864 -10.662522 -0.740462 3.729846 -10.707733 2.503589 -2.536478 20.234993 -67.740814 2.745354 5.994078 -1.681858 -60.726181 2.457573 4.981500 8.926284 5.484637 -5.882102 9.861279 0.702590 -10.936861 -0.360574 7.156197 0.000000 8.774815 -0.000000 -15.748443 18.350719 6.382662 -1.844031 2.498503 -2.507276 -10.163590 4.678941 4.621104 -20.975996 -0.000001 0.000001 -21.226254 2.451698 -3.593995 0.000000 -0.000006 -0.000000 -1.362681 2.240797 -0.746323 -21.334892 0.584910 3.008319 -13.821196 -0.000001 0.000001 -23.887129 -0.249075 -0.839485 -60.954140 2.478826 -0.818055 -0.294025 1.679686 0.833255 -14.218195 0.093215 1.300579 -34.212002 -0.287561 0.967166 -20.033176 0.964536 1.212838 0.000000 -0.000000 0.000000 -3.440387 0.788233 0.501655 -15.928172 -3.167306 2.999703 -6.338817 -0.000000 0.000001 -18.123419 3.648181 -4.905662 -0.000004 0.000000 -0.000002 1.755101 7.213519 20.497643 80.927109 8.382435 -8.956021 -1.410876 37.951138 -0.614923 -22.446978 -2.534737 16.759977 2.243540 -5.255033 -3.180156 14.282877 -0.826594 6.952496 -0.000000 -12.690593 -0.000001 16.476856 -18.066725 2.537313 1.665665 -1.955920 -2.878297 4.727794 -4.170584 4.993919 11.020511 0.000001 -0.000000 12.109032 -3.735715 -2.866778 0.000000 -0.000000 0.000000 1.291985 -1.928548 -1.498088 14.800115 0.567467 3.865604 14.242553 -1.341738 -6.660648 19.631935 0.143921 -0.648243 49.919651 -0.308913 -6.071674 0.353029 -1.511150 -0.031940 20.222769 3.684305 2.316629 18.787249 0.000001 -0.000001 10.751608 -0.479870 1.397903 0.000000 -0.000000 0.000000 3.273804 0.305947 -0.580110 21.486790 11.830364 2.266131 8.162915 0.000000 -0.000000 18.399052 -3.798986 -4.940567 0.000003 0.000000 -0.000001 2.753388 3.002928 -0.519213 -0.091139 -0.272064 7.966510 -6.865666 -4.701802 -1.312540 1.653917 -1.923290 0.569254 0.000000 -0.000000 0.000002 -7.509864 -1.462078 -5.372325 0.118044 0.450763 31.562147 6.539228 -4.599226 -7.143265 -1.414332 0.820780 -3.007794 0.000000 -0.000000 -0.000001
0.000000 0.000000 0.000000 0.000000 -0.000000 0.000000 -20.624668 1.056466 265.779239 0.682870 -10.732754 -5.458649 -1.368747 -0.488203 2.323516 -0.511552 -0.257872 -4.601575 0.445099 -2.599419 15.177922 -1.618557 3.412580 7.165194 -1.451441 -2.937017 -3.680266 3.443308 -5.712981 -12.593852 0.000077 -0.000022 0.000006 -0.013075 0.003288 0.014620 0.718408 -3.720364 -10.674841 -0.749148 3.721222 -10.717278 3.833341 -3.943978 19.537851 -66.268028 0.443182 2.897629 -1.877634 -66.258308 2.791487 7.126997 7.870408 3.307933 -5.882102 9.861279 0.702590 -10.936861 -0.360574 7.156197 0.000000 8.774815 -0.000000 -15.418075 18.577473 6.505054 -1.844031 2.498503 -2.507276 -10.163590 4.678941 4.621104 -20.975996 -0.000001 0.000001 -21.226254 2.451698 -3.593995 0.000000 -0.000006 -0.000000 -1.362681 2.240797 -0.746323 -21.334892 0.584910 3.008319 -13.821196 -0.000001 0.000001 -23.887129 -0.249075 -0.839485 -60.450180 2.585255 -0.984819 -0.294025 1.679686 0.833255 -14.218195 0.093215 1.300579 -34.212002 -0.287561 0.967166 -20.033176 0.964536 1.212838 0.000000 -0.000000 0.000000 -3.440387 0.788233 0.501655 -15.928172 -3.167306 2.999703 -6.338817 -0.000000 0.000001 -18.123419 3.648181 -4.905662 -0.000004 0.000000 -0.000002 1.714222 7.131269 20.506971 80.470261 8.366876 -9.448194 -1.366855 36.852482 -0.708740 -23.236942 -2.101513 15.034410 2.243540 -5.255033 -3.180156 14.282877 -0.826594 6.952496 -0.000000 -12.690593 -0.000001 16.442890 -18.059546 2.546879 1.665665 -1.955920 -2.878297 4.727794 -4.170584 4.993919 11.020511 0.000001 -0.000000 12.109032 -3.735715 -2.866778 0.000000 -0.000000 0.000000 1.291985 -1.928548 -1.498088 14.800115 0.567467 3.865604 14.242553 -1.341738 -6.660648 19.631935 0.143921 -0.648243 49.694160 -0.368529 -6.189826 0.353029 -1.511150 -0.031940 20.222769 3.684305 2.316629 18.787249 0.000001 -0.000001 10.751608 -0.479870 1.397903 0.000000 -0.000000 0.000000 3.273804 0.305947 -0.580110 21.486790 11.830364 2.266131 8.162915 0.000000 -0.000000 18.399052 -3.798986 -4.940567 0.000003 0.000000 -0.000001 3.032423 2.952475 1.208794 -0.105200 -0.200708 4.849946 -6.908292 -4.993724 -0.481988 1.657003 -1.935671 0.582808 0.000000 -0.000000 0.000002 -7.575045 -3.380126 -4.549338 0.092513 0.447664 23.177652 7.747523 -3.381629 -6.417423 -1.433774 0.889544 -3.098977 0.000000 -0.000000 -0.000001
0.000000 0.000000 0.000000 0.000000 -0.000000 0.000000 -21.050835 1.049279 266.635716 0.868674 -10.341631 -5.184812 -1.738263 -0.381008 2.013479 -0.550255 -0.374373 -4.688675 0.373488 -2.554069 15.295691 -1.353315 3.415403 7.429882 -1.465292 -2.755816 -3.662470 3.420882 -5.441815 -12.464589 0.000077 -0.000022 0.000006 -0.014029 0.008728 0.010888 0.727675 -3.723000 -10.700328 -0.760583 3.736746 -10.738886 5.195780 -5.101315 18.905817 -64.736237 -2.028044 0.170145 -1.838578 -71.193649 2.796138 9.582080 7.147762 2.006761 -5.882102 9.861279 0.702590 -10.936861 -0.360574 7.156197 0.000000 8.774815 -0.000000 -15.320408 18.721689 6.589150 -1.844031 2.498503 -2.507276 -10.163590 4.678941 4.621104 -20.975996 -0.000001 0.000001 -21.226254 2.451698 -3.593995 0.000000 -0.000006 -0.000000 -1.362681 2.240797 -0.746323 -21.334892 0.584910 3.008319 -13.821196 -0.000001 0.000001 -23.887129 -0.249075 -0.839485 -60.211983 2.773645 -1.098937 -0.294025 1.679686 0.833255 -14.218195 0.093215 1.300579 -34.212002 -0.287561 0.967166 -20.033176 0.964536 1.212838 0.000000 -0.000000 0.000000 -3.440387 0.788233 0.501655 -15.928172 -3.167306 2.999703 -6.338817 -0.000000 0.000001 -18.123419 3.648181 -4.905662 -0.000004 0.000000 -0.000002 1.661614 7.064688 20.469980 80.177055 8.176735 -9.853059 -1.295866 36.312389 -0.811482 -24.045351 -1.356583 13.681712 2.243540 -5.255033 -3.180156 14.282877 -0.826594 6.952496 -0.000000 -12.690593 -0.000001 16.385492 -17.979166 2.552417 1.665665 -1.955920 -2.878297 4.727794 -4.170584 4.993919 11.020511 0.000001 -0.000000 12.109032 -3.735715 -2.866778 0.000000 -0.000000 0.000000 1.291985 -1.928548 -1.498088 14.800115 0.567467 3.865604 14.242553 -1.341738 -6.660648 19.631935 0.143921 -0.648243 49.454590 -0.363629 -6.253140 0.353029 -1.511150 -0.031940 20.222769 3.684305 2.316629 18.787249 0.000001 -0.000001 10.751608 -0.479870 1.397903 0.000000 -0.000000 0.000000 3.273804 0.305947 -0.580110 21.486790 11.830364 2.266131 8.162915 0.000000 -0.000000 18.399052 -3.798986 -4.940567 0.000003 0.000000 -0.000001 3.027528 2.879928 1.941131 -0.122661 -0.143074 3.795969 -6.979275 -5.554112 -0.493069 1.655332 -1.984397 0.588922 0.000000 -0.000000 0.000002 -7.931172 -5.748761 -3.188154 0.067582 0.383441 15.044928 9.719694 -1.108248 -4.001555 -1.428178 0.929565 -3.111033 0.000000 -0.000000 -0.000001
0.000000 0.000000 0.000000 0.000000 -0.000000 0.000000 -21.553009 0.898064 267.347664 1.207204 -10.043059 -5.081809 -2.038187 -0.248243 1.668156 -0.581124 -0.375445 -4.814011 0.206341 -2.344018 15.575849 -1.279230 3.379716 7.729895 -1.453839 -2.551515 -3.602836 3.450948 -5.091013 -11.957457 0.000077 -0.000022 0.000006 -0.009426 0.011971 0.011764 0.729847 -3.726027 -10.699407 -0.753321 3.748760 -10.727538 6.335549 -5.912288 18.073339 -63.068996 -4.298351 -1.982504 -1.502110 -75.668678 2.388285 11.525480 6.808246 2.212262 -5.882102 9.861279 0.702590 -10.936861 -0.360574 7.156197 0.000000 8.774815 -0.000000 -15.288457 18.825056 6.767018 -1.844031 2.498503 -2.507276 -10.163590 4.678941 4.621104 -20.975996 -0.000001 0.000001 -21.226254 2.451698 -3.593995 0.000000 -0.000006 -0.000000 -1.362681 2.240797 -0.746323 -21.334892 0.584910 3.008319 -13.821196 -0.000001 0.000001 -23.887129 -0.249075 -0.839485 -60.353138 2.886517 -1.042220 -0.294025 1.679686 0.833255 -14.218195 0.093215 1.300579 -34.212002 -0.287561 0.967166 -20.033176 0.964536 1.212838 0.000000 -0.000000 0.000000 -3.440387 0.788233 0.501655 -15.928172 -3.167306 2.999703 -6.338817 -0.000000 0.000001 -18.123419 3.648181 -4.905662 -0.000004 0.000000 -0.000002 1.786047 6.841658 20.505320 79.618301 8.023109 -9.541059 -1.139008 36.457027 -0.750271 -24.480793 -0.821284 12.172745 2.243540 -5.255033 -3.180156 14.282877 -0.826594 6.952496 -0.000000 -12.690593 -0.000001 16.242598 -17.947483 2.597737 1.665665 -1.955920 -2.878297 4.727794 -4.170584 4.993919 11.020511 0.000001 -0.000000 12.109032 -3.735715 -2.866778 0.000000 -0.000000 0.000000 1.291985 -1.928548 -1.498088 14.800115 0.567467 3.865604 14.242553 -1.341738 -6.660648 19.631935 0.143921 -0.648243 49.315517 -0.381510 -6.287323 0.353029 -1.511150 -0.031940 20.222769 3.684305 2.316629 18.787249 0.000001 -0.000001 10.751608 -0.479870 1.397903 0.000000 -0.000000 0.000000 3.273804 0.305947 -0.580110 21.486790 11.830364 2.266131 8.162915 0.000000 -0.000000 18.399052 -3.798986 -4.940567 0.000003 0.000000 -0.000001 2.954640 2.796569 1.797512 -0.082019 -0.081440 4.687095 -7.065691 -6.312308 -1.394105 1.661542 -2.054928 0.512547 0.000000 -0.000000 0.000002 -8.230006 -8.266603 -2.170433 0.121126 0.157060 10.587315 10.319497 0.977381 -1.555977 -1.424872 0.881595 -2.178479 0.000000 -0.000000 -0.000001
0.000000 0.000000 0.000000 0.000000 -0.000000 0.000000 -22.118230 0.686013 268.099426 1.334459 -9.897661 -5.158460 -1.873315 -0.097946 1.458531 -0.662636 -0.250801 -4.900763 -0.134053 -2.268428 15.845230 -1.317957 3.371917 8.115627 -1.479323 -2.300699 -3.633712 3.393558 -4.631961 -11.345302 0.000077 -0.000022 0.000006 -0.011683 -0.067109 -0.009632 0.694772 -3.799993 -10.697691 -0.723062 3.668844 -10.719031 7.059322 -6.330855 17.351828 -61.658726 -5.973537 -4.025040 -1.068069 -79.871094 2.003541 12.729910 6.490300 3.113893 -5.882102 9.861279 0.702590 -10.936861 -0.360574 7.156197 0.000000 8.774815 -0.000000 -15.324252 18.804686 6.829625 -1.844031 2.498503 -2.507276 -10.163590 4.678941 4.621104 -20.975996 -0.000001 0.000001 -21.226254 2.451698 -3.593995 0.000000 -0.000006 -0.000000 -1.362681 2.240797 -0.746323 -21.334892 0.584910 3.008319 -13.821196 -0.000001 0.000001 -23.887129 -0.249075 -0.839485 -60.344471 2.879006 -1.105577 -0.294025 1.679686 0.833255 -14.218195 0.093215 1.300579 -34.212002 -0.287561 0.967166 -20.033176 0.964536 1.212838 0.000000 -0.000000 0.000000 -3.440387 0.788233 0.501655 -15.928172 -3.167306 2.999703 -6.338817 -0.000000 0.000001 -18.123419 3.648181 -4.905662 -0.000004 0.000000 -0.000002 2.201426 6.762284 20.479500 78.731308 7.999952 -8.486682 -0.888836 36.828865 -0.714446 -24.468628 -0.105090 11.619440 2.243540 -5.255033 -3.180156 14.282877 -0.826594 6.952496 -0.000000 -12.690593 -0.000001 16.306414 -17.937891 2.482888 1.665665 -1.955920 -2.878297 4.727794 -4.170584 4.993919 11.020511 0.000001 -0.000000 12.109032 -3.735715 -2.866778 0.000000 -0.000000 0.000000 1.291985 -1.928548 -1.498088 14.800115 0.567467 3.865604 14.242553 -1.341738 -6.660648 19.631935 0.143921 -0.648243 49.245296 -0.383286 -6.242445 0.353029 -1.511150 -0.031940 20.222769 3.684305 2.316629 18.787249 0.000001 -0.000001 10.751608 -0.479870 1.397903 0.000000 -0.000000 0.000000 3.273804 0.305947 -0.580110 21.486790 11.830364 2.266131 8.162915 0.000000 -0.000000 18.399052 -3.798986 -4.940567 0.000003 0.000000 -0.000001 3.133608 2.592865 1.207923 -0.058193 -0.123781 7.027411 -6.920340 -6.551965 -3.029832 1.660650 -2.091897 0.590315 0.000000 -0.000000 0.000002 -8.245870 -8.937907 -1.734300 0.077388 0.122204 11.112863 9.531534 1.488638 -3.271694 -1.427731 0.929271 -1.394601 0.000000 -0.000000 -0.000001
0.000000 0.000000 0.000000 0.000000 -0.000000 0.000000 -22.673962 0.623086 268.809187 0.907688 -10.187036 -5.150678 -1.412629 -0.050400 1.268732 -0.620596 -0.128937 -5.011608 -0.109554 -2.167934 16.200026 -1.601640 3.473302 8.340030 -1.482392 -1.833111 -3.575626 3.214455 -4.118200 -10.850360 0.000077 -0.000022 0.000006 -0.008142 -0.062137 -0.008796 0.681479 -3.794379 -10.664395 -0.702664 3.674714 -10.688020 7.253160 -6.424328 16.905779 -61.091843 -7.148420 -5.924045 -1.856505 -83.390251 2.642629 13.770861 5.762559 4.128304 -5.882102 9.861279 0.702590 -10.936861 -0.360574 7.156197 0.000000 8.774815 -0.000000 -15.473900 18.707233 6.691845 -1.844031 2.498503 -2.507276 -10.163590 4.678941 4.621104 -20.975996 -0.000001 0.000001 -21.226254 2.451698 -3.593995 0.000000 -0.000006 -0.000000 -1.362681 2.240797 -0.746323 -21.334892 0.584910 3.008319 -13.821196 -0.000001 0.000001 -23.887129 -0.249075 -0.839485 -60.286686 2.776097 -1.223177 -0.294025 1.679686 0.833255 -14.218195 0.093215 1.300579 -34.212002 -0.287561 0.967166 -20.033176 0.964536 1.212838 0.000000 -0.000000 0.000000 -3.440387 0.788233 0.501655 -15.928172 -3.167306 2.999703 -6.338817 -0.000000 0.000001 -18.123419 3.648181 -4.905662 -0.000004 0.000000 -0.000002 2.731151 6.807743 20.507296 77.393158 8.515157 -7.161727 -0.521844 37.275745 -0.522245 -24.247396 0.357754 11.718341 2.243540 -5.255033 -3.180156 14.282877 -0.826594 6.952496 -0.000000 -12.690593 -0.000001 16.279743 -17.900229 2.446662 1.665665 -1.955920 -2.878297 4.727794 -4.170584 4.993919 11.020511 0.000001 -0.000000 12.109032 -3.735715 -2.866778 0.000000 -0.000000 0.000000 1.291985 -1.928548 -1.498088 14.800115 0.567467 3.865604 14.242553 -1.341738 -6.660648 19.631935 0.143921 -0.648243 49.221016 -0.516073 -6.234816 0.353029 -1.511150 -0.031940 20.222769 3.684305 2.316629 18.787249 0.000001 -0.000001 10.751608 -0.479870 1.397903 0.000000 -0.000000 0.000000 3.273804 0.305947 -0.580110 21.486790 11.830364 2.266131 8.162915 0.000000 -0.000000 18.399052 -3.798986 -4.940567 0.000003 0.000000 -0.000001 3.914699 2.563471 1.419965 -0.037615 -0.152841 7.959054 -6.960217 -6.308158 -4.071664 1.663942 -2.106194 0.518361 0.000000 -0.000000 0.000002 -7.548601 -8.817047 -1.235419 0.037398 0.084657 11.237790 8.989730 1.551198 -3.896818 -1.415227 0.985528 -1.147858 0.000000 -0.000000 -0.000001
0.000000 0.000000 0.000000 0.000000 -0.000000 0.000000 -23.239523 0.639726 269.395359 0.420484 -10.705066 -4.917158 -1.022820 -0.052463 1.051451 -0.559732 -0.127256 -5.114287 0.068396 -2.084280 16.315466 -1.863430 3.599204 8.538206 -1.431467 -1.415205 -3.557289 2.953248 -3.542076 -10.449536 0.000077 -0.000022 0.000006 -0.002880 -0.059706 -0.011420 0.679562 -3.787983 -10.628510 -0.689972 3.673495 -10.655234 7.428465 -6.434101 16.580936 -61.565804 -7.597017 -6.930889 -3.516887 -85.734695 4.100127 14.392766 4.928047 4.674700 -5.882102 9.861279 0.702590 -10.936861 -0.360574 7.156197 0.000000 8.774815 -0.000000 -15.588976 18.576777 6.582807 -1.844031 2.498503 -2.507276 -10.163590 4.678941 4.621104 -20.975996 -0.000001 0.000001 -21.226254 2.451698 -3.593995 0.000000 -0.000006 -0.000000 -1.362681 2.240797 -0.746323 -21.334892 0.584910 3.008319 -13.821196 -0.000001 0.000001 -23.887129 -0.249075 -0.839485 -60.267010 2.759094 -1.237241 -0.294025 1.679686 0.833255 -14.218195 0.093215 1.300579 -34.212002 -0.287561 0.967166 -20.033176 0.964536 1.212838 0.000000 -0.000000 0.000000 -3.440387 0.788233 0.501655 -15.928172 -3.167306 2.999703 -6.338817 -0.000000 0.000001 -18.123419 3.648181 -4.905662 -0.000004 0.000000 -0.000002 3.126495 7.004761 20.552080 76.378342 9.311879 -6.036969 -0.334057 37.799503 -0.395671 -23.752050 0.587901 12.380589 2.243540 -5.255033 -3.180156 14.282877 -0.826594 6.952496 -0.000000 -12.690593 -0.000001 16.278070 -17.839884 2.424407 1.665665 -1.955920 -2.878297 4.727794 -4.170584 4.993919 11.020511 0.000001 -0.000000 12.109032 -3.735715 -2.866778 0.000000 -0.000000 0.000000 1.291985 -1.928548 -1.498088 14.800115 0.567467 3.865604 14.242553 -1.341738 -6.660648 19.631935 0.143921 -0.648243 49.155445 -0.607116 -6.289197 0.353029 -1.511150 -0.031940 20.222769 3.684305 2.316629 18.787249 0.000001 -0.000001 10.751608 -0.479870 1.397903 0.000000 -0.000000 0.000000 3.273804 0.305947 -0.580110 21.486790 11.830364 2.266131 8.162915 0.000000 -0.000000 18.399052 -3.798986 -4.940567 0.000003 0.000000 -0.000001 4.785716 2.539228 1.782837 -0.027792 -0.144302 7.783101 -7.213752 -5.709207 -4.463984 1.662045 -2.078469 0.550029 0.000000 -0.000000 0.000002 -6.679539 -8.356755 -0.727435 0.050220 0.082089 10.556545 8.518538 1.442698 -4.007335 -1.413102 1.007048 -0.944033 0.000000 -0.000000 -0.000001
0.000000 0.000000 0.000000 0.000000 -0.000000 0.000000 -23.827917 0.658540 269.834300 0.073120 -11.293428 -4.592390 -0.753083 -0.085372 0.835886 -0.515953 -0.158044 -5.199781 0.210066 -2.019289 16.246279 -2.040221 3.681452 8.593750 -1.326113 -1.057301 -3.568644 2.675837 -2.925224 -10.123107 0.000077 -0.000022 0.000006 0.001978 -0.054138 -0.012159 0.683104 -3.780732 -10.611271 -0.683506 3.677026 -10.633109 7.495543 -6.423050 16.451479 -62.322308 -7.563482 -6.710289 -2.789115 -86.832634 3.311815 14.679263 4.300964 4.547639 -5.882102 9.861279 0.702590 -10.936861 -0.360574 7.156197 0.000000 8.774815 -0.000000 -15.673882 18.486444 6.509606 -1.844031 2.498503 -2.507276 -10.163590 4.678941 4.621104 -20.975996 -0.000001 0.000001 -21.226254 2.451698 -3.593995 0.000000 -0.000006 -0.000000 -1.362681 2.240797 -0.746323 -21.334892 0.584910 3.008319 -13.821196 -0.000001 0.000001 -23.887129 -0.249075 -0.839485 -60.300682 2.786517 -1.242021 -0.294025 1.679686 0.833255 -14.218195 0.093215 1.300579 -34.212002 -0.287561 0.967166 -20.033176 0.964536 1.212838 0.000000 -0.000000 0.000000 -3.440387 0.788233 0.501655 -15.928172 -3.167306 2.999703 -6.338817 -0.000000 0.000001 -18.123419 3.648181 -4.905662 -0.000004 0.000000 -0.000002 3.438390 7.203323 20.541649 75.727623 10.097631 -5.027429 -0.394091 38.444653 -0.380422 -23.135916 0.809990 13.049298 2.243540 -5.255033 -3.180156 14.282877 -0.826594 6.952496 -0.000000 -12.690593 -0.000001 16.292919 -17.795502 2.422432 1.665665 -1.955920 -2.878297 4.727794 -4.170584 4.993919 11.020511 0.000001 -0.000000 12.109032 -3.735715 -2.866778 0.000000 -0.000000 0.000000 1.291985 -1.928548 -1.498088 14.800115 0.567467 3.865604 14.242553 -1.341738 -6.660648 19.631935 0.143921 -0.648243 49.144466 -0.679897 -6.351973 0.353029 -1.511150 -0.031940 20.222769 3.684305 2.316629 18.787249 0.000001 -0.000001 10.751608 -0.479870 1.397903 0.000000 -0.000000 0.000000 3.273804 0.305947 -0.580110 21.486790 11.830364 2.266131 8.162915 0.000000 -0.000000 18.399052 -3.798986 -4.940567 0.000003 0.000000 -0.000001 5.490981 2.588590 2.323186 -0.036435 -0.116932 7.190326 -7.454603 -5.123022 -4.704989 1.660011 -2.046616 0.603847 0.000000 -0.000000 0.000002 -5.896529 -7.804517 -0.600885 0.072087 0.079171 10.188805 8.070005 1.324939 -4.167393 -1.417208 1.002440 -0.731662 0.000000 -0.000000 -0.000001
0.000000 0.000000 0.000000 0.000000 -0.000000 0.000000 -24.438445 0.647248 270.140429 -0.181088 -11.883255 -4.284757 -0.514184 -0.107425 0.620820 -0.482867 -0.183463 -5.278889 0.305771 -2.015514 16.162836 -2.191111 3.737119 8.455852 -1.203975 -0.749686 -3.594684 2.417629 -2.345263 -9.885501 0.000077 -0.000022 0.000006 0.005659 -0.050078 -0.007441 0.695480 -3.776388 -10.618675 -0.688530 3.680299 -10.630939 7.267182 -6.354370 16.494240 -62.860405 -7.241899 -5.408502 1.626196 -86.665161 -1.074585 14.667006 3.893116 4.033651 -5.882102 9.861279 0.702590 -10.936861 -0.360574 7.156197 0.000000 8.774815 -0.000000 -15.699951 18.464144 6.475888 -1.844031 2.498503 -2.507276 -10.163590 4.678941 4.621104 -20.975996 -0.000001 0.000001 -21.226254 2.451698 -3.593995 0.000000 -0.000006 -0.000000 -1.362681 2.240797 -0.746323 -21.334892 0.584910 3.008319 -13.821196 -0.000001 0.000001 -23.887129 -0.249075 -0.839485 -60.375477 2.798067 -1.268798 -0.294025 1.679686 0.833255 -14.218195 0.093215 1.300579 -34.212002 -0.287561 0.967166 -20.033176 0.964536 1.212838 0.000000 -0.000000 0.000000 -3.440387 0.788233 0.501655 -15.928172 -3.167306 2.999703 -6.338817 -0.000000 0.000001 -18.123419 3.648181 -4.905662 -0.000004 0.000000 -0.000002 3.835495 7.333601 20.489237 75.028061 10.885241 -3.861027 -0.647163 39.131149 -0.477978 -22.488110 1.014272 13.587765 2.243540 -5.255033 -3.180156 14.282877 -0.826594 6.952496 -0.000000 -12.690593 -0.000001 16.289341 -17.762730 2.462212 1.665665 -1.955920 -2.878297 4.727794 -4.170584 4.993919 11.020511 0.000001 -0.000000 12.109032 -3.735715 -2.866778 0.000000 -0.000000 0.000000 1.291985 -1.928548 -1.498088 14.800115 0.567467 3.865604 14.242553 -1.341738 -6.660648 19.631935 0.143921 -0.648243 49.232658 -0.709464 -6.338471 0.353029 -1.511150 -0.031940 20.222769 3.684305 2.316629 18.787249 0.000001 -0.000001 10.751608 -0.479870 1.397903 0.000000 -0.000000 0.000000 3.273804 0.305947 -0.580110 21.486790 11.830364 2.266131 8.162915 0.000000 -0.000000 18.399052 -3.798986 -4.940567 0.000003 0.000000 -0.000001 6.157707 2.833052 2.655162 -0.042284 -0.089193 6.766948 -7.772662 -4.760777 -4.867956 1.659331 -2.020457 0.630466 0.000000 -0.000000 0.000002 -5.181908 -7.268783 -0.821093 0.070178 0.073669 10.391474 7.645443 1.255745 -4.514487 -1.424325 0.993670 -0.516873 0.000000 -0.000000 -0.000001
0.000000 0.000000 0.000000 0.000000 -0.000000 0.000000 -25.042927 0.602341 270.407042 -0.396612 -12.402413 -4.050252 -0.260834 -0.112695 0.397510 -0.467623 -0.195979 -5.356437 0.387445 -2.087474 16.144249 -2.337852 3.761709 8.205959 -1.076676 -0.504095 -3.617745 2.152237 -1.839213 -9.741379 0.000077 -0.000022 0.000006 0.006961 -0.053568 0.001057 0.710670 -3.778367 -10.634454 -0.701368 3.675663 -10.639647 6.795967 -6.288968 16.678289 -63.167244 -6.828701 -3.410885 4.754109 -85.200615 -4.175292 14.388994 3.585443 3.518719 -5.882102 9.861279 0.702590 -10.936861 -0.360574 7.156197 0.000000 8.774815 -0.000000 -15.662510 18.518894 6.481271 -1.844031 2.498503 -2.507276 -10.163590 4.678941 4.621104 -20.975996 -0.000001 0.000001 -21.226254 2.451698 -3.593995 0.000000 -0.000006 -0.000000 -1.362681 2.240797 -0.746323 -21.334892 0.584910 3.008319 -13.821196 -0.000001 0.000001 -23.887129 -0.249075 -0.839485 -60.412457 2.792707 -1.293568 -0.294025 1.679686 0.833255 -14.218195 0.093215 1.300579 -34.212002 -0.287561 0.967166 -20.033176 0.964536 1.212838 0.000000 -0.000000 0.000000 -3.440387 0.788233 0.501655 -15.928172 -3.167306 2.999703 -6.338817 -0.000000 0.000001 -18.123419 3.648181 -4.905662 -0.000004 0.000000 -0.000002 4.342486 7.356708 20.398405 74.158218 11.742859 -2.584381 -0.964342 39.551975 -0.624825 -21.874893 1.178112 14.064622 2.243540 -5.255033 -3.180156 14.282877 -0.826594 6.952496 -0.000000 -12.690593 -0.000001 16.246172 -17.723162 2.507834 1.665665 -1.955920 -2.878297 4.727794 -4.170584 4.993919 11.020511 0.000001 -0.000000 12.109032 -3.735715 -2.866778 0.000000 -0.000000 0.000000 1.291985 -1.928548 -1.498088 14.800115 0.567467 3.865604 14.242553 -1.341738 -6.660648 19.631935 0.143921 -0.648243 49.322002 -0.718969 -6.260012 0.353029 -1.511150 -0.031940 20.222769 3.684305 2.316629 18.787249 0.000001 -0.000001 10.751608 -0.479870 1.397903 0.000000 -0.000000 0.000000 3.273804 0.305947 -0.580110 21.486790 11.830364 2.266131 8.162915 0.000000 -0.000000 18.399052 -3.798986 -4.940567 0.000003 0.000000 -0.000001 6.814953 3.292468 2.817407 -0.033216 -0.074620 6.685335 -8.109560 -4.671379 -5.094825 1.658218 -2.009154 0.620998 0.000000 -0.000000 0.000002 -4.516080 -6.746223 -1.141837 0.049551 0.072955 10.944830 7.229709 1.153400 -5.025912 -1.428989 0.987681 -0.309197 0.000000 -0.000000 -0.000001
0.000000 0.000000 0.000000 0.000000 -0.000000 0.000000 -25.628300 0.553841 270.687044 -0.600458 -12.843269 -3.863841 0.002120 -0.124335 0.151850 -0.459742 -0.215188 -5.440587 0.478333 -2.212812 16.174706 -2.455003 3.762658 7.945171 -0.966568 -0.254977 -3.636973 1.854608 -1.367786 -9.606261 0.000077 -0.000022 0.000006 0.006875 -0.054765 0.007942 0.721084 -3.777277 -10.644034 -0.712120 3.673126 -10.646713 6.172019 -6.220602 16.955517 -63.493103 -6.398030 -1.075634 4.903916 -82.530602 -4.329900 13.853747 3.182250 2.936600 -5.882102 9.861279 0.702590 -10.936861 -0.360574 7.156197 0.000000 8.774815 -0.000000 -15.610201 18.625654 6.513731 -1.844031 2.498503 -2.507276 -10.163590 4.678941 4.621104 -20.975996 -0.000001 0.000001 -21.226254 2.451698 -3.593995 0.000000 -0.000006 -0.000000 -1.362681 2.240797 -0.746323 -21.334892 0.584910 3.008319 -13.821196 -0.000001 0.000001 -23.887129 -0.249075 -0.839485 -60.395260 2.761138 -1.284420 -0.294025 1.679686 0.833255 -14.218195 0.093215 1.300579 -34.212002 -0.287561 0.967166 -20.033176 0.964536 1.212838 0.000000 -0.000000 0.000000 -3.440387 0.788233 0.501655 -15.928172 -3.167306 2.999703 -6.338817 -0.000000 0.000001 -18.123419 3.648181 -4.905662 -0.000004 0.000000 -0.000002 4.920405 7.303607 20.310381 73.195381 12.749225 -1.412901 -1.216418 39.583328 -0.744305 -21.270329 1.306867 14.514198 2.243540 -5.255033 -3.180156 14.282877 -0.826594 6.952496 -0.000000 -12.690593 -0.000001 16.170597 -17.694906 2.550287 1.665665 -1.955920 -2.878297 4.727794 -4.170584 4.993919 11.020511 0.000001 -0.000000 12.109032 -3.735715 -2.866778 0.000000 -0.000000 0.000000 1.291985 -1.928548 -1.498088 14.800115 0.567467 3.865604 14.242553 -1.341738 -6.660648 19.631935 0.143921 -0.648243 49.363632 -0.724519 -6.176857 0.353029 -1.511150 -0.031940 20.222769 3.684305 2.316629 18.787249 0.000001 -0.000001 10.751608 -0.479870 1.397903 0.000000 -0.000000 0.000000 3.273804 0.305947 -0.580110 21.486790 11.830364 2.266131 8.162915 0.000000 -0.000000 18.399052 -3.798986 -4.940567 0.000003 0.000000 -0.000001 7.443620 3.881832 3.168552 -0.028170 -0.071713 6.507536 -8.441443 -4.731342 -5.315154 1.653915 -2.015016 0.610367 0.000000 -0.000000 0.000002 -3.889397 -6.252220 -1.338467 0.029999 0.080628 11.407048 6.818574 1.029834 -5.519804 -1.428488 0.977821 -0.112224 0.000000 -0.000000 -0.000001
0.000000 0.000000 0.000000 0.000000 -0.000000 0.000000 -26.192571 0.510484 271.034813 -0.760156 -13.208581 -3.693784 0.240740 -0.144698 -0.127367 -0.452842 -0.245234 -5.534947 0.568245 -2.367437 16.207533 -2.564565 3.746942 7.743406 -0.857357 0.014429 -3.655697 1.547347 -0.947098 -9.422665 0.000077 -0.000022 0.000006 0.007071 -0.045466 0.010138 0.726352 -3.765946 -10.645258 -0.717023 3.681294 -10.647150 5.476566 -6.142899 17.323702 -63.960590 -5.967719 1.418548 4.020902 -78.823997 -3.412844 12.979223 2.633636 2.237743 -5.882102 9.861279 0.702590 -10.936861 -0.360574 7.156197 0.000000 8.774815 -0.000000 -15.549219 18.738516 6.548839 -1.844031 2.498503 -2.507276 -10.163590 4.678941 4.621104 -20.975996 -0.000001 0.000001 -21.226254 2.451698 -3.593995 0.000000 -0.000006 -0.000000 -1.362681 2.240797 -0.746323 -21.334892 0.584910 3.008319 -13.821196 -0.000001 0.000001 -23.887129 -0.249075 -0.839485 -60.292439 2.715058 -1.240176 -0.294025 1.679686 0.833255 -14.218195 0.093215 1.300579 -34.212002 -0.287561 0.967166 -20.033176 0.964536 1.212838 0.000000 -0.000000 0.000000 -3.440387 0.788233 0.501655 -15.928172 -3.167306 2.999703 -6.338817 -0.000000 0.000001 -18.123419 3.648181 -4.905662 -0.000004 0.000000 -0.000002 5.478397 7.179814 20.228214 72.309769 13.801013 -0.425971 -1.364926 39.361454 -0.837384 -20.747620 1.488359 14.850986 2.243540 -5.255033 -3.180156 14.282877 -0.826594 6.952496 -0.000000 -12.690593 -0.000001 16.084610 -17.682261 2.589360 1.665665 -1.955920 -2.878297 4.727794 -4.170584 4.993919 11.020511 0.000001 -0.000000 12.109032 -3.735715 -2.866778 0.000000 -0.000000 0.000000 1.291985 -1.928548 -1.498088 14.800115 0.567467 3.865604 14.242553 -1.341738 -6.660648 19.631935 0.143921 -0.648243 49.376183 -0.718657 -6.109239 0.353029 -1.511150 -0.031940 20.222769 3.684305 2.316629 18.787249 0.000001 -0.000001 10.751608 -0.479870 1.397903 0.000000 -0.000000 0.000000 3.273804 0.305947 -0.580110 21.486790 11.830364 2.266131 8.162915 0.000000 -0.000000 18.399052 -3.798986 -4.940567 0.000003 0.000000 -0.000001 8.000212 4.485569 3.674914 -0.032378 -0.077212 6.010314 -8.774239 -4.814924 -5.390331 1.649759 -2.023933 0.599275 0.000000 -0.000000 0.000002 -3.366161 -5.830904 -1.411320 0.026942 0.087529 11.747322 6.418718 0.951040 -5.991679 -1.424185 0.971852 0.031199 0.000000 -0.000000 -0.000001
0.000000 0.000000 0.000000 0.000000 -0.000000 0.000000 -26.702934 0.465562 271.437126 -0.869498 -13.489986 -3.505763 0.465589 -0.176952 -0.431484 -0.438600 -0.278257 -5.642727 0.638957 -2.534582 16.199947 -2.684650 3.733355 7.587894 -0.752549 0.240721 -3.669147 1.273995 -0.622738 -9.191751 0.000077 -0.000022 0.000006 0.007810 -0.032294 0.010315 0.727109 -3.751804 -10.633402 -0.716112 3.693755 -10.636026 4.742263 -6.055155 17.689100 -64.570061 -5.520497 4.042001 3.233579 -74.317848 -2.515667 11.743440 2.001497 1.632627 -5.882102 9.861279 0.702590 -10.936861 -0.360574 7.156197 0.000000 8.774815 -0.000000 -15.470469 18.821146 6.596666 -1.844031 2.498503 -2.507276 -10.163590 4.678941 4.621104 -20.975996 -0.000001 0.000001 -21.226254 2.451698 -3.593995 0.000000 -0.000006 -0.000000 -1.362681 2.240797 -0.746323 -21.334892 0.584910 3.008319 -13.821196 -0.000001 0.000001 -23.887129 -0.249075 -0.839485 -60.137794 2.688251 -1.185983 -0.294025 1.679686 0.833255 -14.218195 0.093215 1.300579 -34.212002 -0.287561 0.967166 -20.033176 0.964536 1.212838 0.000000 -0.000000 0.000000 -3.440387 0.788233 0.501655 -15.928172 -3.167306 2.999703 -6.338817 -0.000000 0.000001 -18.123419 3.648181 -4.905662 -0.000004 0.000000 -0.000002 5.960945 7.000361 20.135073 71.570793 14.728424 0.441145 -1.471161 39.126751 -0.931226 -20.297215 1.764836 14.965122 2.243540 -5.255033 -3.180156 14.282877 -0.826594 6.952496 -0.000000 -12.690593 -0.000001 16.041010 -17.716745 2.609971 1.665665 -1.955920 -2.878297 4.727794 -4.170584 4.993919 11.020511 0.000001 -0.000000 12.109032 -3.735715 -2.866778 0.000000 -0.000000 0.000000 1.291985 -1.928548 -1.498088 14.800115 0.567467 3.865604 14.242553 -1.341738 -6.660648 19.631935 0.143921 -0.648243 49.435371 -0.718153 -6.073176 0.353029 -1.511150 -0.031940 20.222769 3.684305 2.316629 18.787249 0.000001 -0.000001 10.751608 -0.479870 1.397903 0.000000 -0.000000 0.000000 3.273804 0.305947 -0.580110 21.486790 11.830364 2.266131 8.162915 0.000000 -0.000000 18.399052 -3.798986 -4.940567 0.000003 0.000000 -0.000001 8.524007 5.069219 4.218516 -0.035916 -0.086201 5.395337 -9.142578 -4.967056 -5.360223 1.643757 -2.024109 0.594712 0.000000 -0.000000 0.000002 -2.963342 -5.503630 -1.444710 0.030772 0.089905 12.062156 6.083222 0.891796 -6.488061 -1.419094 0.962520 0.131641 0.000000 -0.000000 -0.000001
0.000000 0.000000 0.000000 0.000000 -0.000000 0.000000 -27.144644 0.418160 271.886101 -0.936912 -13.664247 -3.317924 0.691781 -0.219001 -0.716632 -0.413655 -0.305748 -5.752927 0.683392 -2.695512 16.136423 -2.783223 3.729057 7.461887 -0.672279 0.372477 -3.671546 1.029986 -0.417114 -8.976141 0.000077 -0.000022 0.000006 0.008780 -0.017815 0.010585 0.725837 -3.736937 -10.617437 -0.712521 3.707604 -10.622809 3.926100 -5.934777 18.001234 -65.374977 -5.030479 6.509510 2.631085 -69.395119 -1.799929 10.449200 1.355751 1.222902 -5.882102 9.861279 0.702590 -10.936861 -0.360574 7.156197 0.000000 8.774815 -0.000000 -15.396368 18.851160 6.630463 -1.844031 2.498503 -2.507276 -10.163590 4.678941 4.621104 -20.975996 -0.000001 0.000001 -21.226254 2.451698 -3.593995 0.000000 -0.000006 -0.000000 -1.362681 2.240797 -0.746323 -21.334892 0.584910 3.008319 -13.821196 -0.000001 0.000001 -23.887129 -0.249075 -0.839485 -60.000240 2.663428 -1.145512 -0.294025 1.679686 0.833255 -14.218195 0.093215 1.300579 -34.212002 -0.287561 0.967166 -20.033176 0.964536 1.212838 0.000000 -0.000000 0.000000 -3.440387 0.788233 0.501655 -15.928172 -3.167306 2.999703 -6.338817 -0.000000 0.000001 -18.123419 3.648181 -4.905662 -0.000004 0.000000 -0.000002 6.396537 6.801663 20.053282 70.913261 15.389458 1.177554 -1.542095 39.104454 -1.001178 -19.849201 2.120559 14.866769 2.243540 -5.255033 -3.180156 14.282877 -0.826594 6.952496 -0.000000 -12.690593 -0.000001 16.033491 -17.773724 2.616508 1.665665 -1.955920 -2.878297 4.727794 -4.170584 4.993919 11.020511 0.000001 -0.000000 12.109032 -3.735715 -2.866778 0.000000 -0.000000 0.000000 1.291985 -1.928548 -1.498088 14.800115 0.567467 3.865604 14.242553 -1.341738 -6.660648 19.631935 0.143921 -0.648243 49.552799 -0.734664 -6.055175 0.353029 -1.511150 -0.031940 20.222769 3.684305 2.316629 18.787249 0.000001 -0.000001 10.751608 -0.479870 1.397903 0.000000 -0.000000 0.000000 3.273804 0.305947 -0.580110 21.486790 11.830364 2.266131 8.162915 0.000000 -0.000000 18.399052 -3.798986 -4.940567 0.000003 0.000000 -0.000001 8.896908 5.619343 4.738110 -0.037807 -0.087727 4.778376 -9.443605 -5.138425 -5.357347 1.636621 -2.016423 0.597264 0.000000 -0.000000 0.000002 -2.674301 -5.261425 -1.425496 0.035882 0.092045 12.343614 5.821781 0.807770 -7.000379 -1.415037 0.948819 0.197605 0.000000 -0.000000 -0.000001
0.000000 0.000000 0.000000 0.000000 -0.000000 0.000000 -27.495546 0.376267 272.334718 -0.958072 -13.699974 -3.129468 0.915598 -0.275101 -0.974072 -0.381497 -0.337123 -5.845096 0.700031 -2.818146 16.015749 -2.863793 3.735919 7.325194 -0.623977 0.411389 -3.668729 0.801187 -0.326172 -8.787782 0.000077 -0.000022 0.000006 0.009581 -0.006754 0.009968 0.724967 -3.726417 -10.606794 -0.709586 3.718438 -10.614918 3.048202 -5.747353 18.226765 -66.459137 -4.478722 8.555848 2.098826 -64.165344 -1.241049 9.372509 0.748973 0.977258 -5.882102 9.861279 0.702590 -10.936861 -0.360574 7.156197 0.000000 8.774815 -0.000000 -15.345530 18.816475 6.616514 -1.844031 2.498503 -2.507276 -10.163590 4.678941 4.621104 -20.975996 -0.000001 0.000001 -21.226254 2.451698 -3.593995 0.000000 -0.000006 -0.000000 -1.362681 2.240797 -0.746323 -21.334892 0.584910 3.008319 -13.821196 -0.000001 0.000001 -23.887129 -0.249075 -0.839485 -59.917419 2.634699 -1.130831 -0.294025 1.679686 0.833255 -14.218195 0.093215 1.300579 -34.212002 -0.287561 0.967166 -20.033176 0.964536 1.212838 0.000000 -0.000000 0.000000 -3.440387 0.788233 0.501655 -15.928172 -3.167306 2.999703 -6.338817 -0.000000 0.000001 -18.123419 3.648181 -4.905662 -0.000004 0.000000 -0.000002 6.796829 6.610373 19.979191 70.314896 15.757833 1.740113 -1.554249 39.294655 -1.028286 -19.394180 2.581719 14.689033 2.243540 -5.255033 -3.180156 14.282877 -0.826594 6.952496 -0.000000 -12.690593 -0.000001 16.051004 -17.826508 2.599948 1.665665 -1.955920 -2.878297 4.727794 -4.170584 4.993919 11.020511 0.000001 -0.000000 12.109032 -3.735715 -2.866778 0.000000 -0.000000 0.000000 1.291985 -1.928548 -1.498088 14.800115 0.567467 3.865604 14.242553 -1.341738 -6.660648 19.631935 0.143921 -0.648243 49.686359 -0.758076 -6.054412 0.353029 -1.511150 -0.031940 20.222769 3.684305 2.316629 18.787249 0.000001 -0.000001 10.751608 -0.479870 1.397903 0.000000 -0.000000 0.000000 3.273804 0.305947 -0.580110 21.486790 11.830364 2.266131 8.162915 0.000000 -0.000000 18.399052 -3.798986 -4.940567 0.000003 0.000000 -0.000001 9.153432 6.115380 5.186479 -0.043592 -0.082251 4.182373 -9.698645 -5.338063 -5.319454 1.632788 -1.998970 0.597047 0.000000 -0.000000 0.000002 -2.497346 -5.079970 -1.374109 0.039327 0.088085 12.558987 5.644393 0.660782 -7.482625 -1.412949 0.935096 0.260756 0.000000 -0.000000 -0.000001
0.000000 0.000000 0.000000 0.000000 -0.000000 0.000000 -27.752054 0.342233 272.751870 -0.929620 -13.626463 -2.937041 1.123182 -0.327342 -1.208041 -0.345440 -0.357085 -5.921885 0.686049 -2.883453 15.869730 -2.901630 3.736972 7.135633 -0.619563 0.366084 -3.663263 0.616556 -0.344930 -8.646899 0.000077 -0.000022 0.000006 0.009479 -0.000747 0.006896 0.725392 -3.720598 -10.601555 -0.709775 3.723819 -10.610804 2.172791 -5.509206 18.351238 -67.743271 -3.848330 9.911925 1.570479 -58.863918 -0.798903 8.662338 0.200290 0.936707 -5.882102 9.861279 0.702590 -10.936861 -0.360574 7.156197 0.000000 8.774815 -0.000000 -15.344473 18.706942 6.552855 -1.844031 2.498503 -2.507276 -10.163590 4.678941 4.621104 -20.975996 -0.000001 0.000001 -21.226254 2.451698 -3.593995 0.000000 -0.000006 -0.000000 -1.362681 2.240797 -0.746323 -21.334892 0.584910 3.008319 -13.821196 -0.000001 0.000001 -23.887129 -0.249075 -0.839485 -59.911983 2.602441 -1.119663 -0.294025 1.679686 0.833255 -14.218195 0.093215 1.300579 -34.212002 -0.287561 0.967166 -20.033176 0.964536 1.212838 0.000000 -0.000000 0.000000 -3.440387 0.788233 0.501655 -15.928172 -3.167306 2.999703 -6.338817 -0.000000 0.000001 -18.123419 3.648181 -4.905662 -0.000004 0.000000 -0.000002 7.118791 6.455491 19.903233 69.816032 15.869372 2.118046 -1.524384 39.533386 -1.002852 -18.987865 3.018927 14.509779 2.243540 -5.255033 -3.180156 14.282877 -0.826594 6.952496 -0.000000 -12.690593 -0.000001 16.071747 -17.853762 2.580695 1.665665 -1.955920 -2.878297 4.727794 -4.170584 4.993919 11.020511 0.000001 -0.000000 12.109032 -3.735715 -2.866778 0.000000 -0.000000 0.000000 1.291985 -1.928548 -1.498088 14.800115 0.567467 3.865604 14.242553 -1.341738 -6.660648 19.631935 0.143921 -0.648243 49.785259 -0.775332 -6.044937 0.353029 -1.511150 -0.031940 20.222769 3.684305 2.316629 18.787249 0.000001 -0.000001 10.751608 -0.479870 1.397903 0.000000 -0.000000 0.000000 3.273804 0.305947 -0.580110 21.486790 11.830364 2.266131 8.162915 0.000000 -0.000000 18.399052 -3.798986 -4.940567 0.000003 0.000000 -0.000001 9.296175 6.590275 5.551201 -0.047185 -0.074634 3.608098 -9.895362 -5.590382 -5.235135 1.630836 -1.967695 0.565071 0.000000 -0.000000 0.000002 -2.373904 -4.946434 -1.321965 0.040432 0.071893 12.729026 5.461189 0.477278 -7.947347 -1.412530 0.925584 0.310458 0.000000 -0.000000 -0.000001
0.000000 0.000000 0.000000 0.000000 -0.000000 0.000000 -27.930915 0.322198 273.159130 -0.859337 -13.467865 -2.731598 1.310155 -0.365901 -1.430139 -0.310042 -0.352000 -5.988299 0.633148 -2.887030 15.710477 -2.856956 3.696497 6.903463 -0.650749 0.259595 -3.649068 0.446413 -0.476717 -8.549035 0.000077 -0.000022 0.000006 0.009911 0.008171 0.003289 0.728099 -3.711786 -10.600856 -0.711265 3.731515 -10.611151 1.390990 -5.234041 18.415783 -69.187454 -3.169902 10.395698 0.973327 -53.614838 -0.395909 8.268101 -0.274840 0.825790 -5.882102 9.861279 0.702590 -10.936861 -0.360574 7.156197 0.000000 8.774815 -0.000000 -15.386748 18.554489 6.438786 -1.844031 2.498503 -2.507276 -10.163590 4.678941 4.621104 -20.975996 -0.000001 0.000001 -21.226254 2.451698 -3.593995 0.000000 -0.000006 -0.000000 -1.362681 2.240797 -0.746323 -21.334892 0.584910 3.008319 -13.821196 -0.000001 0.000001 -23.887129 -0.249075 -0.839485 -59.927307 2.582915 -1.132338 -0.294025 1.679686 0.833255 -14.218195 0.093215 1.300579 -34.212002 -0.287561 0.967166 -20.033176 0.964536 1.212838 0.000000 -0.000000 0.000000 -3.440387 0.788233 0.501655 -15.928172 -3.167306 2.999703 -6.338817 -0.000000 0.000001 -18.123419 3.648181 -4.905662 -0.000004 0.000000 -0.000002 7.332149 6.337480 19.800234 69.452995 15.794285 2.341907 -1.452814 39.626049 -0.920324 -18.606731 3.343839 14.347136 2.243540 -5.255033 -3.180156 14.282877 -0.826594 6.952496 -0.000000 -12.690593 -0.000001 16.083803 -17.864626 2.568755 1.665665 -1.955920 -2.878297 4.727794 -4.170584 4.993919 11.020511 0.000001 -0.000000 12.109032 -3.735715 -2.866778 0.000000 -0.000000 0.000000 1.291985 -1.928548 -1.498088 14.800115 0.567467 3.865604 14.242553 -1.341738 -6.660648 19.631935 0.143921 -0.648243 49.835850 -0.777600 -6.036170 0.353029 -1.511150 -0.031940 20.222769 3.684305 2.316629 18.787249 0.000001 -0.000001 10.751608 -0.479870 1.397903 0.000000 -0.000000 0.000000 3.273804 0.305947 -0.580110 21.486790 11.830364 2.266131 8.162915 0.000000 -0.000000 18.399052 -3.798986 -4.940567 0.000003 0.000000 -0.000001 9.330418 7.026915 5.854053 -0.050009 -0.068140 2.996606 -10.039860 -5.862855 -5.075740 1.630037 -1.934838 0.522487 0.000000 -0.000000 0.000002 -2.403196 -4.824148 -1.314501 0.043033 0.049507 12.806344 5.407962 0.251347 -8.294460 -1.414339 0.916650 0.349558 0.000000 -0.000000 -0.000001
0.000000 0.000000 0.000000 0.000000 -0.000000 0.000000 -28.028464 0.312966 273.516949 -0.768547 -13.210575 -2.530523 1.465769 -0.389841 -1.617488 -0.278520 -0.333480 -6.042562 0.552542 -2.829280 15.523978 -2.743456 3.623307 6.687382 -0.694187 0.068016 -3.633706 0.287546 -0.692706 -8.493408 0.000077 -0.000022 0.000006 0.011473 0.015776 0.000849 0.732808 -3.704953 -10.598157 -0.712522 3.737811 -10.611546 0.793980 -4.959452 18.452106 -70.726585 -2.457664 10.100206 0.409541 -48.568928 -0.092922 8.004465 -0.614018 0.527381 -5.882102 9.861279 0.702590 -10.936861 -0.360574 7.156197 0.000000 8.774815 -0.000000 -15.469344 18.403711 6.312490 -1.844031 2.498503 -2.507276 -10.163590 4.678941 4.621104 -20.975996 -0.000001 0.000001 -21.226254 2.451698 -3.593995 0.000000 -0.000006 -0.000000 -1.362681 2.240797 -0.746323 -21.334892 0.584910 3.008319 -13.821196 -0.000001 0.000001 -23.887129 -0.249075 -0.839485 -59.966999 2.571599 -1.163257 -0.294025 1.679686 0.833255 -14.218195 0.093215 1.300579 -34.212002 -0.287561 0.967166 -20.033176 0.964536 1.212838 0.000000 -0.000000 0.000000 -3.440387 0.788233 0.501655 -15.928172 -3.167306 2.999703 -6.338817 -0.000000 0.000001 -18.123419 3.648181 -4.905662 -0.000004 0.000000 -0.000002 7.431459 6.241571 19.654848 69.281616 15.590508 2.449222 -1.386576 39.480442 -0.814908 -18.191629 3.447207 14.246252 2.243540 -5.255033 -3.180156 14.282877 -0.826594 6.952496 -0.000000 -12.690593 -0.000001 16.108675 -17.856028 2.555739 1.665665 -1.955920 -2.878297 4.727794 -4.170584 4.993919 11.020511 0.000001 -0.000000 12.109032 -3.735715 -2.866778 0.000000 -0.000000 0.000000 1.291985 -1.928548 -1.498088 14.800115 0.567467 3.865604 14.242553 -1.341738 -6.660648 19.631935 0.143921 -0.648243 49.830593 -0.778787 -6.035489 0.353029 -1.511150 -0.031940 20.222769 3.684305 2.316629 18.787249 0.000001 -0.000001 10.751608 -0.479870 1.397903 0.000000 -0.000000 0.000000 3.273804 0.305947 -0.580110 21.486790 11.830364 2.266131 8.162915 0.000000 -0.000000 18.399052 -3.798986 -4.940567 0.000003 0.000000 -0.000001 9.292960 7.394328 6.052191 -0.054870 -0.068196 2.473676 -10.136295 -6.163754 -4.897397 1.632018 -1.905638 0.468839 0.000000 -0.000000 0.000002 -2.487163 -4.721150 -1.193029 0.049466 0.029867 12.799587 5.434962 -0.014972 -8.618587 -1.417802 0.907883 0.387801 0.000000 -0.000000 -0.000001
0.000000 0.000000 0.000000 0.000000 -0.000000 0.000000 -28.090600 0.302598 273.825246 -0.688094 -12.860547 -2.366859 1.584511 -0.392335 -1.757119 -0.254966 -0.301253 -6.082585 0.464327 -2.729428 15.336723 -2.567074 3.514633 6.498461 -0.759111 -0.200608 -3.615286 0.176623 -0.991895 -8.439701 0.000077 -0.000022 0.000006 0.013026 0.018690 0.001899 0.737692 -3.702925 -10.597141 -0.713989 3.739460 -10.614398 0.354772 -4.715568 18.469843 -72.148010 -1.642910 9.317569 0.002637 -44.068821 0.083600 7.618064 -0.804703 -0.003723 -5.882102 9.861279 0.702590 -10.936861 -0.360574 7.156197 0.000000 8.774815 -0.000000 -15.613464 18.280670 6.186797 -1.844031 2.498503 -2.507276 -10.163590 4.678941 4.621104 -20.975996 -0.000001 0.000001 -21.226254 2.451698 -3.593995 0.000000 -0.000006 -0.000000 -1.362681 2.240797 -0.746323 -21.334892 0.584910 3.008319 -13.821196 -0.000001 0.000001 -23.887129 -0.249075 -0.839485 -60.032932 2.547980 -1.198992 -0.294025 1.679686 0.833255 -14.218195 0.093215 1.300579 -34.212002 -0.287561 0.967166 -20.033176 0.964536 1.212838 0.000000 -0.000000 0.000000 -3.440387 0.788233 0.501655 -15.928172 -3.167306 2.999703 -6.338817 -0.000000 0.000001 -18.123419 3.648181 -4.905662 -0.000004 0.000000 -0.000002 7.495749 6.156429 19.506754 69.233063 15.289237 2.440702 -1.338916 39.165894 -0.726278 -17.765736 3.330930 14.106533 2.243540 -5.255033 -3.180156 14.282877 -0.826594 6.952496 -0.000000 -12.690593 -0.000001 16.129547 -17.835896 2.559030 1.665665 -1.955920 -2.878297 4.727794 -4.170584 4.993919 11.020511 0.000001 -0.000000 12.109032 -3.735715 -2.866778 0.000000 -0.000000 0.000000 1.291985 -1.928548 -1.498088 14.800115 0.567467 3.865604 14.242553 -1.341738 -6.660648 19.631935 0.143921 -0.648243 49.813141 -0.779570 -6.032907 0.353029 -1.511150 -0.031940 20.222769 3.684305 2.316629 18.787249 0.000001 -0.000001 10.751608 -0.479870 1.397903 0.000000 -0.000000 0.000000 3.273804 0.305947 -0.580110 21.486790 11.830364 2.266131 8.162915 0.000000 -0.000000 18.399052 -3.798986 -4.940567 0.000003 0.000000 -0.000001 9.248989 7.644971 6.098640 -0.063112 -0.073800 2.228806 -10.211248 -6.492203 -4.808982 1.635561 -1.884827 0.445097 0.000000 -0.000000 0.000002 -2.562361 -4.679649 -1.208127 0.054345 0.022110 12.805165 5.479701 -0.330184 -8.849839 -1.421868 0.896522 0.438265 0.000000 -0.000000 -0.000001
0.000000 0.000000 0.000000 0.000000 -0.000000 0.000000 -28.150879 0.289918 274.041226 -0.638239 -12.427432 -2.243147 1.657519 -0.371571 -1.853503 -0.240418 -0.256652 -6.105402 0.399273 -2.580367 15.188544 -2.345020 3.380907 6.316634 -0.844940 -0.520873 -3.601221 0.122276 -1.405206 -8.428937 0.000077 -0.000022 0.000006 0.013445 0.017059 0.009904 0.739958 -3.706966 -10.603722 -0.715245 3.738629 -10.621930 0.007646 -4.505331 18.461311 -73.208221 -0.690702 8.344233 -0.292892 -40.566277 0.208379 7.050277 -0.935515 -0.749816 -5.882102 9.861279 0.702590 -10.936861 -0.360574 7.156197 0.000000 8.774815 -0.000000 -15.783944 18.216997 6.083856 -1.844031 2.498503 -2.507276 -10.163590 4.678941 4.621104 -20.975996 -0.000001 0.000001 -21.226254 2.451698 -3.593995 0.000000 -0.000006 -0.000000 -1.362681 2.240797 -0.746323 -21.334892 0.584910 3.008319 -13.821196 -0.000001 0.000001 -23.887129 -0.249075 -0.839485 -60.089806 2.520529 -1.235747 -0.294025 1.679686 0.833255 -14.218195 0.093215 1.300579 -34.212002 -0.287561 0.967166 -20.033176 0.964536 1.212838 0.000000 -0.000000 0.000000 -3.440387 0.788233 0.501655 -15.928172 -3.167306 2.999703 -6.338817 -0.000000 0.000001 -18.123419 3.648181 -4.905662 -0.000004 0.000000 -0.000002 7.612665 6.036271 19.353474 69.190018 14.899148 2.385710 -1.289461 38.764343 -0.665204 -17.376720 3.122022 13.724121 2.243540 -5.255033 -3.180156 14.282877 -0.826594 6.952496 -0.000000 -12.690593 -0.000001 16.126415 -17.828810 2.588861 1.665665 -1.955920 -2.878297 4.727794 -4.170584 4.993919 11.020511 0.000001 -0.000000 12.109032 -3.735715 -2.866778 0.000000 -0.000000 0.000000 1.291985 -1.928548 -1.498088 14.800115 0.567467 3.865604 14.242553 -1.341738 -6.660648 19.631935 0.143921 -0.648243 49.819450 -0.774312 -6.026012 0.353029 -1.511150 -0.031940 20.222769 3.684305 2.316629 18.787249 0.000001 -0.000001 10.751608 -0.479870 1.397903 0.000000 -0.000000 0.000000 3.273804 0.305947 -0.580110 21.486790 11.830364 2.266131 8.162915 0.000000 -0.000000 18.399052 -3.798986 -4.940567 0.000003 0.000000 -0.000001 9.234540 7.742770 6.019438 -0.071915 -0.086737 2.221603 -10.281719 -6.844848 -4.808549 1.638526 -1.869348 0.466183 0.000000 -0.000000 0.000002 -2.621383 -4.698429 -1.104575 0.050177 0.013463 12.821350 5.542232 -0.688688 -9.081644 -1.425771 0.900151 0.516320 0.000000 -0.000000 -0.000001
0.000000 0.000000 0.000000 0.000000 -0.000000 0.000000 -28.202410 0.278199 274.230843 -0.603314 -11.961726 -2.144486 1.685899 -0.335677 -1.925026 -0.231621 -0.181917 -6.110590 0.349807 -2.394209 15.078488 -2.077625 3.231192 6.151486 -0.955141 -0.908804 -3.594043 0.141605 -1.901268 -8.462833 0.000077 -0.000022 0.000006 0.012845 0.012161 0.019569 0.737940 -3.713251 -10.610695 -0.714387 3.734370 -10.627982 -0.345963 -4.312212 18.453865 -73.819229 0.292299 7.345358 -0.532024 -38.034798 0.329586 6.348189 -1.052972 -1.588999 -5.882102 9.861279 0.702590 -10.936861 -0.360574 7.156197 0.000000 8.774815 -0.000000 -15.953083 18.189621 6.008978 -1.844031 2.498503 -2.507276 -10.163590 4.678941 4.621104 -20.975996 -0.000001 0.000001 -21.226254 2.451698 -3.593995 0.000000 -0.000006 -0.000000 -1.362681 2.240797 -0.746323 -21.334892 0.584910 3.008319 -13.821196 -0.000001 0.000001 -23.887129 -0.249075 -0.839485 -60.137611 2.496068 -1.271011 -0.294025 1.679686 0.833255 -14.218195 0.093215 1.300579 -34.212002 -0.287561 0.967166 -20.033176 0.964536 1.212838 0.000000 -0.000000 0.000000 -3.440387 0.788233 0.501655 -15.928172 -3.167306 2.999703 -6.338817 -0.000000 0.000001 -18.123419 3.648181 -4.905662 -0.000004 0.000000 -0.000002 7.825528 5.920133 19.194973 69.111328 14.439096 2.280692 -1.237501 38.290909 -0.615911 -16.986197 2.877279 13.149249 2.243540 -5.255033 -3.180156 14.282877 -0.826594 6.952496 -0.000000 -12.690593 -0.000001 16.108318 -17.821690 2.627194 1.665665 -1.955920 -2.878297 4.727794 -4.170584 4.993919 11.020511 0.000001 -0.000000 12.109032 -3.735715 -2.866778 0.000000 -0.000000 0.000000 1.291985 -1.928548 -1.498088 14.800115 0.567467 3.865604 14.242553 -1.341738 -6.660648 19.631935 0.143921 -0.648243 49.834206 -0.764217 -6.006508 0.353029 -1.511150 -0.031940 20.222769 3.684305 2.316629 18.787249 0.000001 -0.000001 10.751608 -0.479870 1.397903 0.000000 -0.000000 0.000000 3.273804 0.305947 -0.580110 21.486790 11.830364 2.266131 8.162915 0.000000 -0.000000 18.399052 -3.798986 -4.940567 0.000003 0.000000 -0.000001 9.217730 7.747175 5.877523 -0.072839 -0.095245 2.316291 -10.324964 -7.183846 -4.848571 1.640243 -1.862604 0.494606 0.000000 -0.000000 0.000002 -2.576343 -4.744258 -1.019982 0.038819 0.007584 12.819962 5.512636 -1.078671 -9.297285 -1.429079 0.911698 0.588134 0.000000 -0.000000 -0.000001
0.000000 0.000000 0.000000 0.000000 -0.000000 0.000000 -28.224155 0.268945 274.379656 -0.555090 -11.525715 -2.052655 1.673500 -0.290592 -1.989764 -0.228850 -0.062690 -6.112760 0.294144 -2.200067 15.022512 -1.765303 3.087655 5.982634 -1.082209 -1.306901 -3.587606 0.198700 -2.437705 -8.522486 0.000077 -0.000022 0.000006 0.012345 0.000471 0.027318 0.735084 -3.724044 -10.616984 -0.712537 3.721757 -10.632998 -0.751460 -4.063820 18.393145 -74.058258 1.237272 6.471572 -0.674156 -36.175861 0.386409 5.558624 -1.096408 -2.344620 -5.882102 9.861279 0.702590 -10.936861 -0.360574 7.156197 0.000000 8.774815 -0.000000 -16.100168 18.183430 5.955844 -1.844031 2.498503 -2.507276 -10.163590 4.678941 4.621104 -20.975996 -0.000001 0.000001 -21.226254 2.451698 -3.593995 0.000000 -0.000006 -0.000000 -1.362681 2.240797 -0.746323 -21.334892 0.584910 3.008319 -13.821196 -0.000001 0.000001 -23.887129 -0.249075 -0.839485 -60.214703 2.501292 -1.311385 -0.294025 1.679686 0.833255 -14.218195 0.093215 1.300579 -34.212002 -0.287561 0.967166 -20.033176 0.964536 1.212838 0.000000 -0.000000 0.000000 -3.440387 0.788233 0.501655 -15.928172 -3.167306 2.999703 -6.338817 -0.000000 0.000001 -18.123419 3.648181 -4.905662 -0.000004 0.000000 -0.000002 8.153255 5.861995 19.079700 68.960190 14.014164 2.113714 -1.172552 37.692299 -0.575301 -16.560555 2.652705 12.593789 2.243540 -5.255033 -3.180156 14.282877 -0.826594 6.952496 -0.000000 -12.690593 -0.000001 16.099899 -17.810171 2.649247 1.665665 -1.955920 -2.878297 4.727794 -4.170584 4.993919 11.020511 0.000001 -0.000000 12.109032 -3.735715 -2.866778 0.000000 -0.000000 0.000000 1.291985 -1.928548 -1.498088 14.800115 0.567467 3.865604 14.242553 -1.341738 -6.660648 19.631935 0.143921 -0.648243 49.843407 -0.742429 -5.979260 0.353029 -1.511150 -0.031940 20.222769 3.684305 2.316629 18.787249 0.000001 -0.000001 10.751608 -0.479870 1.397903 0.000000 -0.000000 0.000000 3.273804 0.305947 -0.580110 21.486790 11.830364 2.266131 8.162915 0.000000 -0.000000 18.399052 -3.798986 -4.940567 0.000003 0.000000 -0.000001 9.160318 7.755494 5.700732 -0.067533 -0.101355 2.445350 -10.357845 -7.522858 -4.892526 1.642037 -1.860266 0.518510 0.000000 -0.000000 0.000002 -2.616155 -4.778300 -0.983334 0.026375 0.002143 12.829055 5.568583 -1.423808 -9.462302 -1.431015 0.917504 0.623258 0.000000 -0.000000 -0.000001
0.000000 0.000000 0.000000 0.000000 -0.000000 0.000000 -28.184268 0.256707 274.505734 -0.484512 -11.167254 -1.965385 1.625115 -0.228189 -2.043485 -0.231927 0.086233 -6.116471 0.225227 -2.014149 15.000151 -1.442989 2.944303 5.806171 -1.202862 -1.666692 -3.582161 0.279701 -2.950388 -8.631795 0.000077 -0.000022 0.000006 0.011294 -0.015181 0.032266 0.734020 -3.737373 -10.616444 -0.713504 3.703930 -10.628305 -1.156004 -3.779029 18.304825 -74.140137 2.089047 5.562040 -0.748304 -34.757755 0.417079 4.771601 -1.044284 -2.907992 -5.882102 9.861279 0.702590 -10.936861 -0.360574 7.156197 0.000000 8.774815 -0.000000 -16.209240 18.177637 5.923332 -1.844031 2.498503 -2.507276 -10.163590 4.678941 4.621104 -20.975996 -0.000001 0.000001 -21.226254 2.451698 -3.593995 0.000000 -0.000006 -0.000000 -1.362681 2.240797 -0.746323 -21.334892 0.584910 3.008319 -13.821196 -0.000001 0.000001 -23.887129 -0.249075 -0.839485 -60.311008 2.519690 -1.338301 -0.294025 1.679686 0.833255 -14.218195 0.093215 1.300579 -34.212002 -0.287561 0.967166 -20.033176 0.964536 1.212838 0.000000 -0.000000 0.000000 -3.440387 0.788233 0.501655 -15.928172 -3.167306 2.999703 -6.338817 -0.000000 0.000001 -18.123419 3.648181 -4.905662 -0.000004 0.000000 -0.000002 8.530313 5.874367 19.010462 68.807640 13.673139 1.929546 -1.146786 36.927010 -0.563667 -16.048822 2.393976 12.091368 2.243540 -5.255033 -3.180156 14.282877 -0.826594 6.952496 -0.000000 -12.690593 -0.000001 16.112402 -17.790854 2.660954 1.665665 -1.955920 -2.878297 4.727794 -4.170584 4.993919 11.020511 0.000001 -0.000000 12.109032 -3.735715 -2.866778 0.000000 -0.000000 0.000000 1.291985 -1.928548 -1.498088 14.800115 0.567467 3.865604 14.242553 -1.341738 -6.660648 19.631935 0.143921 -0.648243 49.840363 -0.713585 -5.943677 0.353029 -1.511150 -0.031940 20.222769 3.684305 2.316629 18.787249 0.000001 -0.000001 10.751608 -0.479870 1.397903 0.000000 -0.000000 0.000000 3.273804 0.305947 -0.580110 21.486790 11.830364 2.266131 8.162915 0.000000 -0.000000 18.399052 -3.798986 -4.940567 0.000003 0.000000 -0.000001 9.049859 7.757550 5.488532 -0.063842 -0.109880 2.639293 -10.362689 -7.839511 -4.981539 1.642252 -1.858957 0.529431 0.000000 -0.000000 0.000002 -2.718474 -4.823005 -1.009166 0.021145 -0.001403 12.914284 5.669171 -1.665908 -9.631144 -1.431081 0.919482 0.616495 0.000000 -0.000000 -0.000001
0.000000 0.000000 0.000000 0.000000 -0.000000 0.000000 -28.101132 0.235535 274.615409 -0.404939 -10.880308 -1.885216 1.553598 -0.162499 -2.078788 -0.236199 0.231195 -6.115039 0.152740 -1.824205 14.991934 -1.153690 2.810486 5.631109 -1.303177 -1.957144 -3.583378 0.346609 -3.399456 -8.766071 0.000077 -0.000022 0.000006 0.010263 -0.019823 0.032466 0.734110 -3.739541 -10.606555 -0.715534 3.696958 -10.612843 -1.502936 -3.518393 18.230156 -74.200119 2.816258 4.580270 -0.756339 -33.763729 0.436668 4.170542 -0.965378 -3.338322 -5.882102 9.861279 0.702590 -10.936861 -0.360574 7.156197 0.000000 8.774815 -0.000000 -16.265707 18.161358 5.916366 -1.844031 2.498503 -2.507276 -10.163590 4.678941 4.621104 -20.975996 -0.000001 0.000001 -21.226254 2.451698 -3.593995 0.000000 -0.000006 -0.000000 -1.362681 2.240797 -0.746323 -21.334892 0.584910 3.008319 -13.821196 -0.000001 0.000001 -23.887129 -0.249075 -0.839485 -60.382282 2.520863 -1.351438 -0.294025 1.679686 0.833255 -14.218195 0.093215 1.300579 -34.212002 -0.287561 0.967166 -20.033176 0.964536 1.212838 0.000000 -0.000000 0.000000 -3.440387 0.788233 0.501655 -15.928172 -3.167306 2.999703 -6.338817 -0.000000 0.000001 -18.123419 3.648181 -4.905662 -0.000004 0.000000 -0.000002 8.871170 5.915310 18.947004 68.747169 13.413905 1.708241 -1.135764 36.035458 -0.556417 -15.543138 2.131666 11.592550 2.243540 -5.255033 -3.180156 14.282877 -0.826594 6.952496 -0.000000 -12.690593 -0.000001 16.129908 -17.768448 2.665143 1.665665 -1.955920 -2.878297 4.727794 -4.170584 4.993919 11.020511 0.000001 -0.000000 12.109032 -3.735715 -2.866778 0.000000 -0.000000 0.000000 1.291985 -1.928548 -1.498088 14.800115 0.567467 3.865604 14.242553 -1.341738 -6.660648 19.631935 0.143921 -0.648243 49.807926 -0.689432 -5.935625 0.353029 -1.511150 -0.031940 20.222769 3.684305 2.316629 18.787249 0.000001 -0.000001 10.751608 -0.479870 1.397903 0.000000 -0.000000 0.000000 3.273804 0.305947 -0.580110 21.486790 11.830364 2.266131 8.162915 0.000000 -0.000000 18.399052 -3.798986 -4.940567 0.000003 0.000000 -0.000001 8.907479 7.720196 5.203590 -0.064527 -0.115572 2.999460 -10.351396 -8.125342 -5.175624 1.642032 -1.863450 0.529298 0.000000 -0.000000 0.000002 -2.866940 -4.891469 -1.101996 0.018293 0.002757 13.103045 5.812818 -1.792705 -9.820788 -1.428907 0.923462 0.574869 0.000000 -0.000000 -0.000001
0.000000 0.000000 0.000000 0.000000 -0.000000 0.000000 -27.995751 0.214661 274.715673 -0.329804 -10.665744 -1.813563 1.481734 -0.107716 -2.099310 -0.241215 0.355743 -6.112803 0.077641 -1.653102 15.003595 -0.912189 2.724125 5.447148 -1.392691 -2.207600 -3.591322 0.393242 -3.746344 -8.876900 0.000077 -0.000022 0.000006 0.009753 -0.018793 0.026057 0.734197 -3.736723 -10.594389 -0.716456 3.696052 -10.596551 -1.799155 -3.292408 18.185602 -74.246918 3.396989 3.615089 -0.705063 -33.171829 0.444802 3.802577 -0.916865 -3.636945 -5.882102 9.861279 0.702590 -10.936861 -0.360574 7.156197 0.000000 8.774815 -0.000000 -16.292908 18.120548 5.908915 -1.844031 2.498503 -2.507276 -10.163590 4.678941 4.621104 -20.975996 -0.000001 0.000001 -21.226254 2.451698 -3.593995 0.000000 -0.000006 -0.000000 -1.362681 2.240797 -0.746323 -21.334892 0.584910 3.008319 -13.821196 -0.000001 0.000001 -23.887129 -0.249075 -0.839485 -60.409218 2.488995 -1.339803 -0.294025 1.679686 0.833255 -14.218195 0.093215 1.300579 -34.212002 -0.287561 0.967166 -20.033176 0.964536 1.212838 0.000000 -0.000000 0.000000 -3.440387 0.788233 0.501655 -15.928172 -3.167306 2.999703 -6.338817 -0.000000 0.000001 -18.123419 3.648181 -4.905662 -0.000004 0.000000 -0.000002 9.150185 5.968243 18.904648 68.765366 13.251561 1.435057 -1.097840 35.159405 -0.529769 -15.199181 1.959142 11.223588 2.243540 -5.255033 -3.180156 14.282877 -0.826594 6.952496 -0.000000 -12.690593 -0.000001 16.162832 -17.751728 2.660462 1.665665 -1.955920 -2.878297 4.727794 -4.170584 4.993919 11.020511 0.000001 -0.000000 12.109032 -3.735715 -2.866778 0.000000 -0.000000 0.000000 1.291985 -1.928548 -1.498088 14.800115 0.567467 3.865604 14.242553 -1.341738 -6.660648 19.631935 0.143921 -0.648243 49.797436 -0.674532 -5.961613 0.353029 -1.511150 -0.031940 20.222769 3.684305 2.316629 18.787249 0.000001 -0.000001 10.751608 -0.479870 1.397903 0.000000 -0.000000 0.000000 3.273804 0.305947 -0.580110 21.486790 11.830364 2.266131 8.162915 0.000000 -0.000000 18.399052 -3.798986 -4.940567 0.000003 0.000000 -0.000001 8.749794 7.678097 4.906169 -0.063592 -0.119527 3.418146 -10.327269 -8.349620 -5.404650 1.641906 -1.873160 0.514178 0.000000 -0.000000 0.000002 -3.039269 -5.005637 -1.199235 0.019024 0.011530 13.286315 5.979245 -1.809421 -9.980194 -1.424835 0.927500 0.505776 0.000000 -0.000000 -0.000001
0.000000 0.000000 0.000000 0.000000 -0.000000 0.000000 -27.871628 0.195451 274.789463 -0.262314 -10.489828 -1.742741 1.409983 -0.077512 -2.113321 -0.246868 0.442954 -6.119689 -0.000509 -1.488329 15.035485 -0.697314 2.662994 5.264077 -1.472117 -2.414039 -3.601876 0.431861 -4.014183 -8.962118 0.000077 -0.000022 0.000006 0.009515 -0.016613 0.016903 0.733978 -3.733246 -10.582226 -0.716527 3.696589 -10.581787 -2.054980 -3.108884 18.150620 -74.266365 3.840172 2.763512 -0.606504 -32.843876 0.441060 3.611143 -0.891947 -3.797113 -5.882102 9.861279 0.702590 -10.936861 -0.360574 7.156197 0.000000 8.774815 -0.000000 -16.299667 18.073092 5.919037 -1.844031 2.498503 -2.507276 -10.163590 4.678941 4.621104 -20.975996 -0.000001 0.000001 -21.226254 2.451698 -3.593995 0.000000 -0.000006 -0.000000 -1.362681 2.240797 -0.746323 -21.334892 0.584910 3.008319 -13.821196 -0.000001 0.000001 -23.887129 -0.249075 -0.839485 -60.422825 2.450361 -1.307394 -0.294025 1.679686 0.833255 -14.218195 0.093215 1.300579 -34.212002 -0.287561 0.967166 -20.033176 0.964536 1.212838 0.000000 -0.000000 0.000000 -3.440387 0.788233 0.501655 -15.928172 -3.167306 2.999703 -6.338817 -0.000000 0.000001 -18.123419 3.648181 -4.905662 -0.000004 0.000000 -0.000002 9.380494 6.025662 18.894760 68.839432 13.159895 1.077436 -1.012477 34.394058 -0.475291 -15.006376 1.887764 11.060452 2.243540 -5.255033 -3.180156 14.282877 -0.826594 6.952496 -0.000000 -12.690593 -0.000001 16.193050 -17.737669 2.652410 1.665665 -1.955920 -2.878297 4.727794 -4.170584 4.993919 11.020511 0.000001 -0.000000 12.109032 -3.735715 -2.866778 0.000000 -0.000000 0.000000 1.291985 -1.928548 -1.498088 14.800115 0.567467 3.865604 14.242553 -1.341738 -6.660648 19.631935 0.143921 -0.648243 49.785770 -0.667709 -6.003893 0.353029 -1.511150 -0.031940 20.222769 3.684305 2.316629 18.787249 0.000001 -0.000001 10.751608 -0.479870 1.397903 0.000000 -0.000000 0.000000 3.273804 0.305947 -0.580110 21.486790 11.830364 2.266131 8.162915 0.000000 -0.000000 18.399052 -3.798986 -4.940567 0.000003 0.000000 -0.000001 8.590096 7.640364 4.555144 -0.061433 -0.117093 3.936065 -10.303388 -8.505854 -5.662306 1.641369 -1.883989 0.497481 0.000000 -0.000000 0.000002 -3.220737 -5.159071 -1.316936 0.023649 0.021876 13.466753 6.141133 -1.768153 -10.106452 -1.421565 0.931379 0.441881 0.000000 -0.000000 -0.000001
0.000000 0.000000 0.000000 0.000000 -0.000000 0.000000 -27.734802 0.185296 274.832931 -0.203055 -10.360579 -1.684670 1.337988 -0.072823 -2.129644 -0.252659 0.501816 -6.129127 -0.080823 -1.338789 15.084000 -0.520462 2.630936 5.099443 -1.526274 -2.594092 -3.609118 0.447297 -4.180421 -9.016941 0.000077 -0.000022 0.000006 0.009060 -0.019892 0.006646 0.733842 -3.736334 -10.579388 -0.717199 3.692376 -10.577810 -2.284129 -2.927597 18.108173 -74.239616 4.172853 2.096349 -0.478564 -32.727192 0.429941 3.529880 -0.871413 -3.949045 -5.882102 9.861279 0.702590 -10.936861 -0.360574 7.156197 0.000000 8.774815 -0.000000 -16.275520 18.045088 5.942885 -1.844031 2.498503 -2.507276 -10.163590 4.678941 4.621104 -20.975996 -0.000001 0.000001 -21.226254 2.451698 -3.593995 0.000000 -0.000006 -0.000000 -1.362681 2.240797 -0.746323 -21.334892 0.584910 3.008319 -13.821196 -0.000001 0.000001 -23.887129 -0.249075 -0.839485 -60.417728 2.431228 -1.289495 -0.294025 1.679686 0.833255 -14.218195 0.093215 1.300579 -34.212002 -0.287561 0.967166 -20.033176 0.964536 1.212838 0.000000 -0.000000 0.000000 -3.440387 0.788233 0.501655 -15.928172 -3.167306 2.999703 -6.338817 -0.000000 0.000001 -18.123419 3.648181 -4.905662 -0.000004 0.000000 -0.000002 9.570091 6.086139 18.914848 68.930573 13.103219 0.785550 -0.929678 33.768810 -0.410064 -14.914032 1.897601 11.142229 2.243540 -5.255033 -3.180156 14.282877 -0.826594 6.952496 -0.000000 -12.690593 -0.000001 16.242041 -17.726030 2.614427 1.665665 -1.955920 -2.878297 4.727794 -4.170584 4.993919 11.020511 0.000001 -0.000000 12.109032 -3.735715 -2.866778 0.000000 -0.000000 0.000000 1.291985 -1.928548 -1.498088 14.800115 0.567467 3.865604 14.242553 -1.341738 -6.660648 19.631935 0.143921 -0.648243 49.768734 -0.659533 -6.063194 0.353029 -1.511150 -0.031940 20.222769 3.684305 2.316629 18.787249 0.000001 -0.000001 10.751608 -0.479870 1.397903 0.000000 -0.000000 0.000000 3.273804 0.305947 -0.580110 21.486790 11.830364 2.266131 8.162915 0.000000 -0.000000 18.399052 -3.798986 -4.940567 0.000003 0.000000 -0.000001 8.424639 7.619236 4.239723 -0.051645 -0.112420 4.395635 -10.306703 -8.599185 -5.865793 1.644552 -1.894774 0.469312 0.000000 -0.000000 0.000002 -3.395396 -5.292962 -1.417792 0.028201 0.028960 13.582514 6.287480 -1.696934 -10.168282 -1.419362 0.933207 0.393014 0.000000 -0.000000 -0.000001
0.000000 0.000000 0.000000 0.000000 -0.000000 0.000000 -27.596279 0.181489 274.854935 -0.154291 -10.270999 -1.640370 1.263459 -0.076545 -2.157352 -0.258101 0.540617 -6.131409 -0.165379 -1.246670 15.123736 -0.383437 2.604621 4.981797 -1.562581 -2.718253 -3.613151 0.458370 -4.264866 -9.044469 0.000077 -0.000022 0.000006 0.006964 -0.030374 -0.001361 0.729595 -3.748041 -10.580035 -0.717119 3.681710 -10.577421 -2.473021 -2.747527 18.090837 -74.170822 4.379207 1.604778 -0.374732 -32.786106 0.449067 3.482975 -0.793171 -4.028852 -5.882102 9.861279 0.702590 -10.936861 -0.360574 7.156197 0.000000 8.774815 -0.000000 -16.234293 18.060936 5.974260 -1.844031 2.498503 -2.507276 -10.163590 4.678941 4.621104 -20.975996 -0.000001 0.000001 -21.226254 2.451698 -3.593995 0.000000 -0.000006 -0.000000 -1.362681 2.240797 -0.746323 -21.334892 0.584910 3.008319 -13.821196 -0.000001 0.000001 -23.887129 -0.249075 -0.839485 -60.384209 2.443945 -1.278125 -0.294025 1.679686 0.833255 -14.218195 0.093215 1.300579 -34.212002 -0.287561 0.967166 -20.033176 0.964536 1.212838 0.000000 -0.000000 0.000000 -3.440387 0.788233 0.501655 -15.928172 -3.167306 2.999703 -6.338817 -0.000000 0.000001 -18.123419 3.648181 -4.905662 -0.000004 0.000000 -0.000002 9.686159 6.154531 18.890135 69.078346 13.009158 0.766980 -0.916934 33.271046 -0.350887 -14.883183 1.870642 11.301097 2.243540 -5.255033 -3.180156 14.282877 -0.826594 6.952496 -0.000000 -12.690593 -0.000001 16.291109 -17.695162 2.551319 1.665665 -1.955920 -2.878297 4.727794 -4.170584 4.993919 11.020511 0.000001 -0.000000 12.109032 -3.735715 -2.866778 0.000000 -0.000000 0.000000 1.291985 -1.928548 -1.498088 14.800115 0.567467 3.865604 14.242553 -1.341738 -6.660648 19.631935 0.143921 -0.648243 49.735828 -0.645915 -6.112425 0.353029 -1.511150 -0.031940 20.222769 3.684305 2.316629 18.787249 0.000001 -0.000001 10.751608 -0.479870 1.397903 0.000000 -0.000000 0.000000 3.273804 0.305947 -0.580110 21.486790 11.830364 2.266131 8.162915 0.000000 -0.000000 18.399052 -3.798986 -4.940567 0.000003 0.000000 -0.000001 8.263594 7.598899 3.973029 -0.037722 -0.110011 4.782297 -10.314924 -8.663795 -6.025150 1.650251 -1.887169 0.429163 0.000000 -0.000000 0.000002 -3.558744 -5.425126 -1.497865 0.035867 0.031955 13.646853 6.395895 -1.629799 -10.182622 -1.418868 0.933889 0.356802 0.000000 -0.000000 -0.000001
0.000000 0.000000 0.000000 0.000000 -0.000000 0.000000 -27.452970 0.182710 274.876427 -0.127115 -10.194004 -1.588121 1.176486 -0.085267 -2.195456 -0.264042 0.562179 -6.126429 -0.233353 -1.217830 15.156477 -0.289490 2.546611 4.886685 -1.563335 -2.685592 -3.615762 0.415947 -4.301473 -9.047681 0.000077 -0.000022 0.000006 0.003409 -0.044538 -0.003446 0.713593 -3.768709 -10.584698 -0.708083 3.671609 -10.579425 -2.610763 -2.564187 18.095743 -74.076263 4.470470 1.112018 -0.378531 -32.995361 0.507320 3.464562 -0.697254 -4.081769 -5.882102 9.861279 0.702590 -10.936861 -0.360574 7.156197 0.000000 8.774815 -0.000000 -16.163815 18.148291 6.020511 -1.844031 2.498503 -2.507276 -10.163590 4.678941 4.621104 -20.975996 -0.000001 0.000001 -21.226254 2.451698 -3.593995 0.000000 -0.000006 -0.000000 -1.362681 2.240797 -0.746323 -21.334892 0.584910 3.008319 -13.821196 -0.000001 0.000001 -23.887129 -0.249075 -0.839485 -60.280163 2.442015 -1.257606 -0.294025 1.679686 0.833255 -14.218195 0.093215 1.300579 -34.212002 -0.287561 0.967166 -20.033176 0.964536 1.212838 0.000000 -0.000000 0.000000 -3.440387 0.788233 0.501655 -15.928172 -3.167306 2.999703 -6.338817 -0.000000 0.000001 -18.123419 3.648181 -4.905662 -0.000004 0.000000 -0.000002 9.758503 6.220007 18.780375 69.297226 12.860641 0.940358 -0.982235 32.805477 -0.319716 -14.905771 1.866427 11.092185 2.243540 -5.255033 -3.180156 14.282877 -0.826594 6.952496 -0.000000 -12.690593 -0.000001 16.282801 -17.682209 2.531419 1.665665 -1.955920 -2.878297 4.727794 -4.170584 4.993919 11.020511 0.000001 -0.000000 12.109032 -3.735715 -2.866778 0.000000 -0.000000 0.000000 1.291985 -1.928548 -1.498088 14.800115 0.567467 3.865604 14.242553 -1.341738 -6.660648 19.631935 0.143921 -0.648243 49.709778 -0.666538 -6.102243 0.353029 -1.511150 -0.031940 20.222769 3.684305 2.316629 18.787249 0.000001 -0.000001 10.751608 -0.479870 1.397903 0.000000 -0.000000 0.000000 3.273804 0.305947 -0.580110 21.486790 11.830364 2.266131 8.162915 0.000000 -0.000000 18.399052 -3.798986 -4.940567 0.000003 0.000000 -0.000001 8.118062 7.526693 3.711071 -0.030554 -0.111293 5.152844 -10.277360 -8.596771 -6.192118 1.653944 -1.867252 0.439375 0.000000 -0.000000 0.000002 -3.703118 -5.553608 -1.550292 0.048596 0.025085 13.638765 6.453837 -1.597973 -10.155828 -1.418480 0.926173 0.307164 0.000000 -0.000000 -0.000001
