HIERARCHY
ROOT Root
{
  OFFSET 0.000000 0.000000 0.000000
  CHANNELS 6 Xposition Yposition Zposition Zrotation Yrotation Xrotation
  JOINT Hips
  {
    OFFSET 0.000000 100.000000 0.000000
    CHANNELS 6 Xposition Yposition Zposition Zrotation Yrotation Xrotation
    JOINT Spine1
    {
      OFFSET -0.013727 5.003763 -0.053727
      CHANNELS 3 Zrotation Yrotation Xrotation
      JOINT Spine2
      {
        OFFSET -0.000000 7.125301 -0.029825
        CHANNELS 3 Zrotation Yrotation Xrotation
        JOINT Chest
        {
          OFFSET -0.000001 7.550063 -0.815971
          CHANNELS 3 Zrotation Yrotation Xrotation
          JOINT Neck1
          {
            OFFSET -0.181677 26.311295 -0.553348
            CHANNELS 3 Zrotation Yrotation Xrotation
            JOINT Neck2
            {
              OFFSET -0.000003 7.709397 2.302585
              CHANNELS 3 Zrotation Yrotation Xrotation
              JOINT Head
              {
                OFFSET -0.000005 6.128916 1.953709
                CHANNELS 3 Zrotation Yrotation Xrotation
                JOINT HeadEnd
                {
                  OFFSET 0.003598 16.065403 -1.835379
                  CHANNELS 3 Zrotation Yrotation Xrotation
                }
                JOINT Jaw
                {
                  OFFSET 0.002637 0.475592 3.094941
                  CHANNELS 3 Zrotation Yrotation Xrotation
                }
                JOINT LeftEye
                {
                  OFFSET 3.206381 5.380205 7.586883
                  CHANNELS 3 Zrotation Yrotation Xrotation
                }
                JOINT RightEye
                {
                  OFFSET -3.222440 5.361869 7.558234
                  CHANNELS 3 Zrotation Yrotation Xrotation
                }
              }
            }
          }
          JOINT LeftShoulder
          {
            OFFSET 1.621652 23.237164 5.113413
            CHANNELS 3 Zrotation Yrotation Xrotation
            JOINT LeftArm
            {
              OFFSET 14.919846 0.000002 -5.502326
              CHANNELS 3 Zrotation Yrotation Xrotation
              JOINT LeftForeArm
              {
                OFFSET 28.739307 0.000000 -0.002588
                CHANNELS 3 Zrotation Yrotation Xrotation
                JOINT LeftHand
                {
                  OFFSET 27.093981 -0.000001 0.002609
                  CHANNELS 3 Zrotation Yrotation Xrotation
                  JOINT LeftHandThumb1
                  {
                    OFFSET 2.276482 -1.392045 3.191413
                    CHANNELS 3 Zrotation Yrotation Xrotation
                    JOINT LeftHandThumb2
                    {
                      OFFSET 4.012836 -1.828127 1.641654
                      CHANNELS 3 Zrotation Yrotation Xrotation
                      JOINT LeftHandThumb3
                      {
                        OFFSET 2.798515 0.000000 -0.000003
                        CHANNELS 3 Zrotation Yrotation Xrotation
                        JOINT LeftHandThumbEnd
                        {
                          OFFSET 3.180793 -0.000004 0.000004
                          CHANNELS 3 Zrotation Yrotation Xrotation
                        }
                      }
                    }
                  }
                  JOINT LeftHandIndex1
                  {
                    OFFSET 3.247555 -0.531998 2.296169
                    CHANNELS 3 Zrotation Yrotation Xrotation
                    JOINT LeftHandIndex2
                    {
                      OFFSET 6.364578 0.012060 0.178600
                      CHANNELS 3 Zrotation Yrotation Xrotation
                      JOINT LeftHandIndex3
                      {
                        OFFSET 3.662364 0.000000 0.000000
                        CHANNELS 3 Zrotation Yrotation Xrotation
                        JOINT LeftHandIndex4
                        {
                          OFFSET 2.329242 0.000004 0.000004
                          CHANNELS 3 Zrotation Yrotation Xrotation
                          JOINT LeftHandIndexEnd
                          {
                            OFFSET 2.759615 -0.180537 -0.113024
                            CHANNELS 3 Zrotation Yrotation Xrotation
                          }
                        }
                      }
                    }
                  }
                  JOINT LeftHandMiddle1
                  {
                    OFFSET 3.163495 0.240981 1.000332
                    CHANNELS 3 Zrotation Yrotation Xrotation
                    JOINT LeftHandMiddle2
                    {
                      OFFSET 6.190780 -0.259278 -1.002548
                      CHANNELS 3 Zrotation Yrotation Xrotation
                      JOINT LeftHandMiddle3
                      {
                        OFFSET 4.356520 -0.000004 -0.000001
                        CHANNELS 3 Zrotation Yrotation Xrotation
                        JOINT LeftHandMiddle4
                        {
                          OFFSET 2.996877 -0.000008 0.000000
                          CHANNELS 3 Zrotation Yrotation Xrotation
                          JOINT LeftHandMiddleEnd
                          {
                            OFFSET 2.304287 -0.294569 -0.031741
                            CHANNELS 3 Zrotation Yrotation Xrotation
                          }
                        }
                      }
                    }
                  }
                  JOINT LeftHandRing1
                  {
                    OFFSET 2.882643 -0.053652 -0.322543
                    CHANNELS 3 Zrotation Yrotation Xrotation
                    JOINT LeftHandRing2
                    {
                      OFFSET 5.854541 -0.486202 -1.373841
                      CHANNELS 3 Zrotation Yrotation Xrotation
                      JOINT LeftHandRing3
                      {
                        OFFSET 4.350578 0.000000 0.000003
                        CHANNELS 3 Zrotation Yrotation Xrotation
                        JOINT LeftHandRing4
                        {
                          OFFSET 2.651321 0.000007 0.000002
                          CHANNELS 3 Zrotation Yrotation Xrotation
                          JOINT LeftHandRingEnd
                          {
                            OFFSET 1.936105 0.077687 -0.000071
                            CHANNELS 3 Zrotation Yrotation Xrotation
                          }
                        }
                      }
                    }
                  }
                  JOINT LeftHandPinky1
                  {
                    OFFSET 2.865500 -0.310005 -1.600378
                    CHANNELS 3 Zrotation Yrotation Xrotation
                    JOINT LeftHandPinky2
                    {
                      OFFSET 5.087849 -1.331141 -1.771230
                      CHANNELS 3 Zrotation Yrotation Xrotation
                      JOINT LeftHandPinky3
                      {
                        OFFSET 3.070974 0.000004 0.000000
                        CHANNELS 3 Zrotation Yrotation Xrotation
                        JOINT LeftHandPinky4
                        {
                          OFFSET 1.549672 0.000000 0.000001
                          CHANNELS 3 Zrotation Yrotation Xrotation
                          JOINT LeftHandPinkyEnd
                          {
                            OFFSET 1.944893 -0.157802 0.057219
                            CHANNELS 3 Zrotation Yrotation Xrotation
                          }
                        }
                      }
                    }
                  }
                }
              }
            }
          }
          JOINT RightShoulder
          {
            OFFSET -1.380118 23.180309 5.214158
            CHANNELS 3 Zrotation Yrotation Xrotation
            JOINT RightArm
            {
              OFFSET -15.037196 0.000012 -5.545604
              CHANNELS 3 Zrotation Yrotation Xrotation
              JOINT RightForeArm
              {
                OFFSET -28.736639 0.000002 -0.002597
                CHANNELS 3 Zrotation Yrotation Xrotation
                JOINT RightHand
                {
                  OFFSET -27.133619 -0.000000 0.002613
                  CHANNELS 3 Zrotation Yrotation Xrotation
                  JOINT RightHandThumb1
                  {
                    OFFSET -2.274032 -1.383988 3.163127
                    CHANNELS 3 Zrotation Yrotation Xrotation
                    JOINT RightHandThumb2
                    {
                      OFFSET -4.011429 -1.827466 1.640914
                      CHANNELS 3 Zrotation Yrotation Xrotation
                      JOINT RightHandThumb3
                      {
                        OFFSET -2.794935 -0.000004 -0.000003
                        CHANNELS 3 Zrotation Yrotation Xrotation
                        JOINT RightHandThumbEnd
                        {
                          OFFSET -3.183852 0.000004 0.000001
                          CHANNELS 3 Zrotation Yrotation Xrotation
                        }
                      }
                    }
                  }
                  JOINT RightHandIndex1
                  {
                    OFFSET -3.253266 -0.520057 2.282866
                    CHANNELS 3 Zrotation Yrotation Xrotation
                    JOINT RightHandIndex2
                    {
                      OFFSET -6.341917 0.012471 0.178266
                      CHANNELS 3 Zrotation Yrotation Xrotation
                      JOINT RightHandIndex3
                      {
                        OFFSET -3.654871 -0.000008 -0.000000
                        CHANNELS 3 Zrotation Yrotation Xrotation
                        JOINT RightHandIndex4
                        {
                          OFFSET -2.327586 0.000000 0.000001
                          CHANNELS 3 Zrotation Yrotation Xrotation
                          JOINT RightHandIndexEnd
                          {
                            OFFSET -2.761790 -0.180656 -0.113078
                            CHANNELS 3 Zrotation Yrotation Xrotation
                          }
                        }
                      }
                    }
                  }
                  JOINT RightHandMiddle1
                  {
                    OFFSET -3.168106 0.246593 1.001030
                    CHANNELS 3 Zrotation Yrotation Xrotation
                    JOINT RightHandMiddle2
                    {
                      OFFSET -6.180828 -0.258836 -1.000895
                      CHANNELS 3 Zrotation Yrotation Xrotation
                      JOINT RightHandMiddle3
                      {
                        OFFSET -4.348901 0.000000 -0.000000
                        CHANNELS 3 Zrotation Yrotation Xrotation
                        JOINT RightHandMiddle4
                        {
                          OFFSET -3.000240 -0.000004 -0.000002
                          CHANNELS 3 Zrotation Yrotation Xrotation
                          JOINT RightHandMiddleEnd
                          {
                            OFFSET -2.302520 -0.294370 -0.031706
                            CHANNELS 3 Zrotation Yrotation Xrotation
                          }
                        }
                      }
                    }
                  }
                  JOINT RightHandRing1
                  {
                    OFFSET -2.885690 -0.067952 -0.308858
                    CHANNELS 3 Zrotation Yrotation Xrotation
                    JOINT RightHandRing2
                    {
                      OFFSET -5.854198 -0.486130 -1.373731
                      CHANNELS 3 Zrotation Yrotation Xrotation
                      JOINT RightHandRing3
                      {
                        OFFSET -4.338810 -0.000004 -0.000000
                        CHANNELS 3 Zrotation Yrotation Xrotation
                        JOINT RightHandRing4
                        {
                          OFFSET -2.654903 -0.000004 0.000004
                          CHANNELS 3 Zrotation Yrotation Xrotation
                          JOINT RightHandRingEnd
                          {
                            OFFSET -1.933568 0.077527 -0.000052
                            CHANNELS 3 Zrotation Yrotation Xrotation
                          }
                        }
                      }
                    }
                  }
                  JOINT RightHandPinky1
                  {
                    OFFSET -2.866425 -0.342796 -1.584145
                    CHANNELS 3 Zrotation Yrotation Xrotation
                    JOINT RightHandPinky2
                    {
                      OFFSET -5.091371 -1.332055 -1.772385
                      CHANNELS 3 Zrotation Yrotation Xrotation
                      JOINT RightHandPinky3
                      {
                        OFFSET -3.062664 -0.000004 0.000001
                        CHANNELS 3 Zrotation Yrotation Xrotation
                        JOINT RightHandPinky4
                        {
                          OFFSET -1.546529 0.000004 -0.000002
                          CHANNELS 3 Zrotation Yrotation Xrotation
                          JOINT RightHandPinkyEnd
                          {
                            OFFSET -1.945119 -0.157718 0.057211
                            CHANNELS 3 Zrotation Yrotation Xrotation
                          }
                        }
                      }
                    }
                  }
                }
              }
            }
          }
        }
      }
    }
    JOINT LeftLeg
    {
      OFFSET 10.043214 -8.434526 2.595655
      CHANNELS 3 Zrotation Yrotation Xrotation
      JOINT LeftShin
      {
        OFFSET -0.000001 -43.221752 -0.802913
        CHANNELS 3 Zrotation Yrotation Xrotation
        JOINT LeftFoot
        {
          OFFSET 0.000001 -42.155094 -3.481523
          CHANNELS 3 Zrotation Yrotation Xrotation
          JOINT LeftToeBase
          {
            OFFSET 0.000000 -5.059472 13.231529
            CHANNELS 3 Zrotation Yrotation Xrotation
            JOINT LeftToeEnd
            {
              OFFSET -0.009607 -1.647619 6.513017
              CHANNELS 3 Zrotation Yrotation Xrotation
            }
          }
        }
      }
    }
    JOINT RightLeg
    {
      OFFSET -10.047278 -8.295260 2.620317
      CHANNELS 3 Zrotation Yrotation Xrotation
      JOINT RightShin
      {
        OFFSET 0.000001 -43.362206 -0.805556
        CHANNELS 3 Zrotation Yrotation Xrotation
        JOINT RightFoot
        {
          OFFSET 0.000002 -42.117393 -3.478398
          CHANNELS 3 Zrotation Yrotation Xrotation
          JOINT RightToeBase
          {
            OFFSET -0.000000 -5.079609 13.284196
            CHANNELS 3 Zrotation Yrotation Xrotation
            JOINT RightToeEnd
            {
              OFFSET 0.009532 -1.634378 6.460591
              CHANNELS 3 Zrotation Yrotation Xrotation
            }
          }
        }
      }
    }
  }
}
MOTION
Frames: 120
Frame Time: 0.03333333
0.000000 0.000000 0.000000 0.000000 -0.000000 0.000000 -0.598661 -42.531052 5.636555 0.071802 0.740496 -35.166740 1.041628 -0.533960 7.345685 -0.203357 -0.363280 0.371043 0.181522 -2.099864 23.621840 -3.364684 3.268293 2.977033 -0.627712 0.636146 -3.398607 0.181006 -0.395400 -4.942624 0.000077 -0.000022 0.000006 -0.003543 -0.069664 -0.099441 0.747185 -3.728196 -10.617713 -0.764377 3.592579 -10.624600 -22.063583 -2.967013 16.247066 -52.582680 -8.376276 9.816618 4.596520 -80.338058 -4.801137 12.418146 -4.015421 40.295345 -5.882102 9.861279 0.702590 -10.936861 -0.360574 7.156197 0.000000 8.774815 -0.000000 -17.062016 18.605906 5.726481 -1.844031 2.498503 -2.507276 -10.163590 4.678941 4.621104 -20.975996 -0.000001 0.000001 -21.226254 2.451698 -3.593995 0.000000 -0.000006 -0.000000 -1.362681 2.240797 -0.746323 -21.334892 0.584910 3.008319 -13.821196 -0.000001 0.000001 -23.887129 -0.249075 -0.839485 -59.686981 2.691570 -1.677750 -0.294025 1.679686 0.833255 -14.218195 0.093215 1.300579 -34.212002 -0.287561 0.967166 -20.033176 0.964536 1.212838 0.000000 -0.000000 0.000000 -3.440387 0.788233 0.501655 -15.928172 -3.167306 2.999703 -6.338817 -0.000000 0.000001 -18.123419 3.648181 -4.905662 -0.000004 0.000000 -0.000002 24.889460 7.537525 19.714123 44.509075 20.596571 16.069754 0.970360 73.622025 1.553743 -18.289101 3.087504 37.779903 2.243540 -5.255033 -3.180156 14.282877 -0.826594 6.952496 -0.000000 -12.690593 -0.000001 16.381113 -17.448025 1.967227 1.665665 -1.955920 -2.878297 4.727794 -4.170584 4.993919 11.020511 0.000001 -0.000000 12.109032 -3.735715 -2.866778 0.000000 -0.000000 0.000000 1.291985 -1.928548 -1.498088 14.800115 0.567467 3.865604 14.242553 -1.341738 -6.660648 19.631935 0.143921 -0.648243 49.244217 -1.102228 -6.814188 0.353029 -1.511150 -0.031940 20.222769 3.684305 2.316629 18.787249 0.000001 -0.000001 10.751608 -0.479870 1.397903 0.000000 -0.000000 0.000000 3.273804 0.305947 -0.580110 21.486790 11.830364 2.266131 8.162915 0.000000 -0.000000 18.399052 -3.798986 -4.940567 0.000003 0.000000 -0.000001 8.843323 11.408435 -50.180256 -0.236974 -0.125667 91.074448 0.686453 -1.106838 -4.851453 1.651586 -1.868747 -3.604376 0.000000 -0.000000 0.000002 -6.816175 -8.258165 -50.841160 0.212721 0.000191 88.703537 1.572638 -7.573583 -2.244811 -1.381243 0.867630 -3.502210 0.000000 -0.000000 -0.000001
0.000000 0.000000 0.000000 0.000000 -0.000000 0.000000 -0.674540 -42.489426 5.546340 0.048276 0.821830 -35.243767 0.978752 -0.543594 7.448958 -0.189748 -0.324101 0.452994 0.108874 -2.047199 23.842402 -3.305639 3.297857 3.026886 -0.638007 0.644788 -3.390120 0.308192 -0.498734 -4.899822 0.000077 -0.000022 0.000006 -0.003766 -0.054015 -0.096271 0.741781 -3.712511 -10.579602 -0.759265 3.607397 -10.587210 -22.092012 -2.880348 16.434769 -52.366291 -8.651108 9.789243 4.864811 -80.771263 -5.094560 12.503007 -4.257197 40.064941 -5.882102 9.861279 0.702590 -10.936861 -0.360574 7.156197 0.000000 8.774815 -0.000000 -17.011341 18.584570 5.722364 -1.844031 2.498503 -2.507276 -10.163590 4.678941 4.621104 -20.975996 -0.000001 0.000001 -21.226254 2.451698 -3.593995 0.000000 -0.000006 -0.000000 -1.362681 2.240797 -0.746323 -21.334892 0.584910 3.008319 -13.821196 -0.000001 0.000001 -23.887129 -0.249075 -0.839485 -59.814816 2.571400 -1.630999 -0.294025 1.679686 0.833255 -14.218195 0.093215 1.300579 -34.212002 -0.287561 0.967166 -20.033176 0.964536 1.212838 0.000000 -0.000000 0.000000 -3.440387 0.788233 0.501655 -15.928172 -3.167306 2.999703 -6.338817 -0.000000 0.000001 -18.123419 3.648181 -4.905662 -0.000004 0.000000 -0.000002 24.917856 7.623383 19.731834 44.510639 20.424692 15.860109 0.861105 74.143158 1.335049 -18.477646 3.395657 38.242607 2.243540 -5.255033 -3.180156 14.282877 -0.826594 6.952496 -0.000000 -12.690593 -0.000001 16.367872 -17.541990 2.023715 1.665665 -1.955920 -2.878297 4.727794 -4.170584 4.993919 11.020511 0.000001 -0.000000 12.109032 -3.735715 -2.866778 0.000000 -0.000000 0.000000 1.291985 -1.928548 -1.498088 14.800115 0.567467 3.865604 14.242553 -1.341738 -6.660648 19.631935 0.143921 -0.648243 49.268536 -1.064258 -6.785380 0.353029 -1.511150 -0.031940 20.222769 3.684305 2.316629 18.787249 0.000001 -0.000001 10.751608 -0.479870 1.397903 0.000000 -0.000000 0.000000 3.273804 0.305947 -0.580110 21.486790 11.830364 2.266131 8.162915 0.000000 -0.000000 18.399052 -3.798986 -4.940567 0.000003 0.000000 -0.000001 8.897574 11.388414 -50.063614 -0.241504 -0.092828 90.882172 0.481622 -1.315415 -4.697532 1.653604 -1.871138 -3.797347 0.000000 -0.000000 0.000002 -6.767866 -8.122334 -50.704380 0.180340 0.031606 88.565811 1.739370 -7.716020 -2.185332 -1.388716 0.866496 -3.593754 0.000000 -0.000000 -0.000001
0.000000 0.000000 0.000000 0.000000 -0.000000 0.000000 -0.661602 -42.475785 5.616987 0.051821 0.874210 -35.311687 0.912575 -0.546974 7.609118 -0.190568 -0.280163 0.541832 0.027994 -1.981366 24.102531 -3.230412 3.320508 3.092280 -0.636778 0.612278 -3.408723 0.421258 -0.618239 -4.999710 0.000077 -0.000022 0.000006 -0.001809 -0.041090 -0.095267 0.733620 -3.701779 -10.574730 -0.747094 3.621670 -10.577991 -22.072435 -2.844117 16.617912 -52.241333 -8.741064 9.679628 4.936273 -81.411240 -5.182121 12.669416 -4.546917 39.941788 -5.882102 9.861279 0.702590 -10.936861 -0.360574 7.156197 0.000000 8.774815 -0.000000 -16.949186 18.601088 5.728020 -1.844031 2.498503 -2.507276 -10.163590 4.678941 4.621104 -20.975996 -0.000001 0.000001 -21.226254 2.451698 -3.593995 0.000000 -0.000006 -0.000000 -1.362681 2.240797 -0.746323 -21.334892 0.584910 3.008319 -13.821196 -0.000001 0.000001 -23.887129 -0.249075 -0.839485 -59.918537 2.517589 -1.629719 -0.294025 1.679686 0.833255 -14.218195 0.093215 1.300579 -34.212002 -0.287561 0.967166 -20.033176 0.964536 1.212838 0.000000 -0.000000 0.000000 -3.440387 0.788233 0.501655 -15.928172 -3.167306 2.999703 -6.338817 -0.000000 0.000001 -18.123419 3.648181 -4.905662 -0.000004 0.000000 -0.000002 24.912897 7.702601 19.779657 44.489159 20.245176 15.660803 0.667469 74.842911 1.099392 -18.869019 3.725262 38.800766 2.243540 -5.255033 -3.180156 14.282877 -0.826594 6.952496 -0.000000 -12.690593 -0.000001 16.346708 -17.614998 2.084238 1.665665 -1.955920 -2.878297 4.727794 -4.170584 4.993919 11.020511 0.000001 -0.000000 12.109032 -3.735715 -2.866778 0.000000 -0.000000 0.000000 1.291985 -1.928548 -1.498088 14.800115 0.567467 3.865604 14.242553 -1.341738 -6.660648 19.631935 0.143921 -0.648243 49.332733 -1.096463 -6.809034 0.353029 -1.511150 -0.031940 20.222769 3.684305 2.316629 18.787249 0.000001 -0.000001 10.751608 -0.479870 1.397903 0.000000 -0.000000 0.000000 3.273804 0.305947 -0.580110 21.486790 11.830364 2.266131 8.162915 0.000000 -0.000000 18.399052 -3.798986 -4.940567 0.000003 0.000000 -0.000001 8.903912 11.378595 -49.950665 -0.238277 -0.067518 90.933052 0.362540 -1.490854 -4.793535 1.658311 -1.872645 -3.949824 0.000000 -0.000000 0.000002 -6.831259 -8.015726 -50.586121 0.143442 0.053428 88.641037 1.943983 -7.747415 -2.314410 -1.390306 0.864114 -3.673054 0.000000 -0.000000 -0.000001
0.000000 0.000000 0.000000 0.000000 -0.000000 0.000000 -0.639351 -42.447217 5.677143 0.048223 0.916120 -35.329414 0.849432 -0.545550 7.793336 -0.189518 -0.236214 0.619212 -0.066313 -1.920066 24.384071 -3.138456 3.308200 3.148065 -0.646021 0.575725 -3.427068 0.537123 -0.745238 -5.257106 0.000077 -0.000022 0.000006 0.000619 -0.031940 -0.093387 0.722669 -3.694904 -10.574660 -0.731206 3.632176 -10.572905 -22.017498 -2.807891 16.772581 -52.183773 -8.709286 9.491235 4.377456 -82.181137 -4.622890 12.820542 -4.945206 40.051514 -5.882102 9.861279 0.702590 -10.936861 -0.360574 7.156197 0.000000 8.774815 -0.000000 -16.861359 18.606207 5.738236 -1.844031 2.498503 -2.507276 -10.163590 4.678941 4.621104 -20.975996 -0.000001 0.000001 -21.226254 2.451698 -3.593995 0.000000 -0.000006 -0.000000 -1.362681 2.240797 -0.746323 -21.334892 0.584910 3.008319 -13.821196 -0.000001 0.000001 -23.887129 -0.249075 -0.839485 -59.966774 2.477861 -1.637340 -0.294025 1.679686 0.833255 -14.218195 0.093215 1.300579 -34.212002 -0.287561 0.967166 -20.033176 0.964536 1.212838 0.000000 -0.000000 0.000000 -3.440387 0.788233 0.501655 -15.928172 -3.167306 2.999703 -6.338817 -0.000000 0.000001 -18.123419 3.648181 -4.905662 -0.000004 0.000000 -0.000002 24.895409 7.765418 19.900866 44.433887 20.032198 15.447062 0.431027 75.723618 0.869216 -19.329651 4.040799 39.546753 2.243540 -5.255033 -3.180156 14.282877 -0.826594 6.952496 -0.000000 -12.690593 -0.000001 16.305449 -17.663006 2.138693 1.665665 -1.955920 -2.878297 4.727794 -4.170584 4.993919 11.020511 0.000001 -0.000000 12.109032 -3.735715 -2.866778 0.000000 -0.000000 0.000000 1.291985 -1.928548 -1.498088 14.800115 0.567467 3.865604 14.242553 -1.341738 -6.660648 19.631935 0.143921 -0.648243 49.410572 -1.140254 -6.833905 0.353029 -1.511150 -0.031940 20.222769 3.684305 2.316629 18.787249 0.000001 -0.000001 10.751608 -0.479870 1.397903 0.000000 -0.000000 0.000000 3.273804 0.305947 -0.580110 21.486790 11.830364 2.266131 8.162915 0.000000 -0.000000 18.399052 -3.798986 -4.940567 0.000003 0.000000 -0.000001 8.892787 11.364939 -49.884346 -0.234231 -0.055185 90.958870 0.248485 -1.640711 -4.870876 1.660171 -1.872523 -4.031559 0.000000 -0.000000 0.000002 -6.880060 -7.933244 -50.507687 0.103652 0.071262 88.678444 2.078243 -7.762358 -2.408351 -1.390547 0.861080 -3.713568 0.000000 -0.000000 -0.000001
0.000000 0.000000 0.000000 0.000000 -0.000000 0.000000 -0.620494 -42.411686 5.676440 0.034304 0.959555 -35.304386 0.792426 -0.526461 8.000198 -0.190764 -0.210542 0.704456 -0.175483 -1.860202 24.695923 -3.005131 3.249821 3.154891 -0.653002 0.534639 -3.428553 0.651515 -0.862342 -5.730018 0.000077 -0.000022 0.000006 0.000784 -0.031641 -0.086971 0.710245 -3.694279 -10.561351 -0.718329 3.631433 -10.557979 -21.917492 -2.763044 16.922441 -52.157761 -8.614140 9.260991 3.050773 -83.112053 -3.309772 12.929847 -5.415119 40.270000 -5.882102 9.861279 0.702590 -10.936861 -0.360574 7.156197 0.000000 8.774815 -0.000000 -16.781012 18.606382 5.747643 -1.844031 2.498503 -2.507276 -10.163590 4.678941 4.621104 -20.975996 -0.000001 0.000001 -21.226254 2.451698 -3.593995 0.000000 -0.000006 -0.000000 -1.362681 2.240797 -0.746323 -21.334892 0.584910 3.008319 -13.821196 -0.000001 0.000001 -23.887129 -0.249075 -0.839485 -59.969868 2.452453 -1.640194 -0.294025 1.679686 0.833255 -14.218195 0.093215 1.300579 -34.212002 -0.287561 0.967166 -20.033176 0.964536 1.212838 0.000000 -0.000000 0.000000 -3.440387 0.788233 0.501655 -15.928172 -3.167306 2.999703 -6.338817 -0.000000 0.000001 -18.123419 3.648181 -4.905662 -0.000004 0.000000 -0.000002 24.857904 7.807731 20.030525 44.365475 19.738914 15.233789 0.413579 76.816963 0.862704 -19.810226 4.375183 40.316467 2.243540 -5.255033 -3.180156 14.282877 -0.826594 6.952496 -0.000000 -12.690593 -0.000001 16.254660 -17.679506 2.178753 1.665665 -1.955920 -2.878297 4.727794 -4.170584 4.993919 11.020511 0.000001 -0.000000 12.109032 -3.735715 -2.866778 0.000000 -0.000000 0.000000 1.291985 -1.928548 -1.498088 14.800115 0.567467 3.865604 14.242553 -1.341738 -6.660648 19.631935 0.143921 -0.648243 49.451378 -1.158742 -6.843969 0.353029 -1.511150 -0.031940 20.222769 3.684305 2.316629 18.787249 0.000001 -0.000001 10.751608 -0.479870 1.397903 0.000000 -0.000000 0.000000 3.273804 0.305947 -0.580110 21.486790 11.830364 2.266131 8.162915 0.000000 -0.000000 18.399052 -3.798986 -4.940567 0.000003 0.000000 -0.000001 8.858782 11.355513 -49.881550 -0.232242 -0.052228 90.909554 0.148369 -1.758711 -4.857066 1.659999 -1.873318 -4.029519 0.000000 -0.000000 0.000002 -6.903769 -7.877498 -50.488174 0.064269 0.084048 88.642242 2.195773 -7.794353 -2.385707 -1.390509 0.863889 -3.689562 0.000000 -0.000000 -0.000001
0.000000 0.000000 0.000000 0.000000 -0.000000 0.000000 -0.602276 -42.391442 5.683870 0.032363 0.996267 -35.225636 0.727175 -0.492630 8.223680 -0.196762 -0.191939 0.795798 -0.284575 -1.804205 25.027220 -2.864174 3.167978 3.090715 -0.655050 0.477431 -3.426201 0.774393 -0.951845 -6.349979 0.000077 -0.000022 0.000006 -0.000754 -0.034623 -0.078861 0.698684 -3.696241 -10.544327 -0.709641 3.627054 -10.544117 -21.795580 -2.719298 17.074648 -52.109303 -8.450379 9.109933 1.890984 -84.195961 -2.154965 12.943345 -5.840105 40.493332 -5.882102 9.861279 0.702590 -10.936861 -0.360574 7.156197 0.000000 8.774815 -0.000000 -16.692831 18.604328 5.776980 -1.844031 2.498503 -2.507276 -10.163590 4.678941 4.621104 -20.975996 -0.000001 0.000001 -21.226254 2.451698 -3.593995 0.000000 -0.000006 -0.000000 -1.362681 2.240797 -0.746323 -21.334892 0.584910 3.008319 -13.821196 -0.000001 0.000001 -23.887129 -0.249075 -0.839485 -59.981525 2.442302 -1.622735 -0.294025 1.679686 0.833255 -14.218195 0.093215 1.300579 -34.212002 -0.287561 0.967166 -20.033176 0.964536 1.212838 0.000000 -0.000000 0.000000 -3.440387 0.788233 0.501655 -15.928172 -3.167306 2.999703 -6.338817 -0.000000 0.000001 -18.123419 3.648181 -4.905662 -0.000004 0.000000 -0.000002 24.808323 7.837840 20.128651 44.279480 19.323114 15.029068 0.673762 78.124962 1.123246 -20.256783 4.693519 41.045780 2.243540 -5.255033 -3.180156 14.282877 -0.826594 6.952496 -0.000000 -12.690593 -0.000001 16.228746 -17.709122 2.195615 1.665665 -1.955920 -2.878297 4.727794 -4.170584 4.993919 11.020511 0.000001 -0.000000 12.109032 -3.735715 -2.866778 0.000000 -0.000000 0.000000 1.291985 -1.928548 -1.498088 14.800115 0.567467 3.865604 14.242553 -1.341738 -6.660648 19.631935 0.143921 -0.648243 49.465015 -1.152815 -6.867422 0.353029 -1.511150 -0.031940 20.222769 3.684305 2.316629 18.787249 0.000001 -0.000001 10.751608 -0.479870 1.397903 0.000000 -0.000000 0.000000 3.273804 0.305947 -0.580110 21.486790 11.830364 2.266131 8.162915 0.000000 -0.000000 18.399052 -3.798986 -4.940567 0.000003 0.000000 -0.000001 8.804863 11.372876 -49.957058 -0.234074 -0.050541 90.890182 0.084797 -1.853804 -4.847775 1.659529 -1.874022 -3.970485 0.000000 -0.000000 0.000002 -6.928788 -7.865166 -50.594418 0.035535 0.091682 88.680611 2.304439 -7.822842 -2.239176 -1.390103 0.867357 -3.628184 0.000000 -0.000000 -0.000001
0.000000 0.000000 0.000000 0.000000 -0.000000 0.000000 -0.585017 -42.372647 5.684067 0.052184 1.029752 -35.079891 0.657683 -0.447999 8.468492 -0.214063 -0.173707 0.901905 -0.399868 -1.740753 25.366533 -2.726671 3.077682 2.984445 -0.659353 0.395881 -3.432222 0.910529 -1.031619 -7.112425 0.000077 -0.000022 0.000006 -0.002614 -0.034685 -0.073139 0.688803 -3.697324 -10.536716 -0.703217 3.627894 -10.539574 -21.643774 -2.682898 17.258280 -52.044254 -8.210307 8.993988 0.543806 -85.428551 -0.777044 12.919596 -6.283082 40.678795 -5.882102 9.861279 0.702590 -10.936861 -0.360574 7.156197 0.000000 8.774815 -0.000000 -16.614014 18.600025 5.814819 -1.844031 2.498503 -2.507276 -10.163590 4.678941 4.621104 -20.975996 -0.000001 0.000001 -21.226254 2.451698 -3.593995 0.000000 -0.000006 -0.000000 -1.362681 2.240797 -0.746323 -21.334892 0.584910 3.008319 -13.821196 -0.000001 0.000001 -23.887129 -0.249075 -0.839485 -60.000275 2.440709 -1.615038 -0.294025 1.679686 0.833255 -14.218195 0.093215 1.300579 -34.212002 -0.287561 0.967166 -20.033176 0.964536 1.212838 0.000000 -0.000000 0.000000 -3.440387 0.788233 0.501655 -15.928172 -3.167306 2.999703 -6.338817 -0.000000 0.000001 -18.123419 3.648181 -4.905662 -0.000004 0.000000 -0.000002 24.724920 7.833203 20.237392 44.196648 18.811346 14.882217 1.103682 79.642784 1.545186 -20.703522 5.029331 41.835629 2.243540 -5.255033 -3.180156 14.282877 -0.826594 6.952496 -0.000000 -12.690593 -0.000001 16.192339 -17.752409 2.220486 1.665665 -1.955920 -2.878297 4.727794 -4.170584 4.993919 11.020511 0.000001 -0.000000 12.109032 -3.735715 -2.866778 0.000000 -0.000000 0.000000 1.291985 -1.928548 -1.498088 14.800115 0.567467 3.865604 14.242553 -1.341738 -6.660648 19.631935 0.143921 -0.648243 49.495747 -1.157964 -6.884822 0.353029 -1.511150 -0.031940 20.222769 3.684305 2.316629 18.787249 0.000001 -0.000001 10.751608 -0.479870 1.397903 0.000000 -0.000000 0.000000 3.273804 0.305947 -0.580110 21.486790 11.830364 2.266131 8.162915 0.000000 -0.000000 18.399052 -3.798986 -4.940567 0.000003 0.000000 -0.000001 8.715963 11.439796 -50.109512 -0.237303 -0.043837 90.861916 -0.004018 -1.910634 -4.816151 1.660633 -1.868201 -3.886095 0.000000 -0.000000 0.000002 -6.961921 -7.878599 -50.817909 0.023561 0.095692 88.746796 2.380896 -7.820530 -1.975670 -1.388990 0.864860 -3.576647 0.000000 -0.000000 -0.000001
0.000000 0.000000 0.000000 0.000000 -0.000000 0.000000 -0.561757 -42.340390 5.667797 0.101267 1.066039 -34.866024 0.576134 -0.390551 8.745041 -0.241503 -0.144436 1.022256 -0.525891 -1.690432 25.737318 -2.584498 2.987828 2.824382 -0.673684 0.272468 -3.432439 1.058488 -1.118179 -8.081441 0.000077 -0.000022 0.000006 -0.004788 -0.032094 -0.068176 0.678785 -3.697682 -10.537715 -0.697408 3.633583 -10.542630 -21.472080 -2.641248 17.492104 -51.923805 -7.891103 8.870074 -2.031366 -86.819061 1.839014 12.909162 -6.777606 40.901642 -5.882102 9.861279 0.702590 -10.936861 -0.360574 7.156197 0.000000 8.774815 -0.000000 -16.545330 18.603842 5.849208 -1.844031 2.498503 -2.507276 -10.163590 4.678941 4.621104 -20.975996 -0.000001 0.000001 -21.226254 2.451698 -3.593995 0.000000 -0.000006 -0.000000 -1.362681 2.240797 -0.746323 -21.334892 0.584910 3.008319 -13.821196 -0.000001 0.000001 -23.887129 -0.249075 -0.839485 -59.994034 2.459426 -1.622335 -0.294025 1.679686 0.833255 -14.218195 0.093215 1.300579 -34.212002 -0.287561 0.967166 -20.033176 0.964536 1.212838 0.000000 -0.000000 0.000000 -3.440387 0.788233 0.501655 -15.928172 -3.167306 2.999703 -6.338817 -0.000000 0.000001 -18.123419 3.648181 -4.905662 -0.000004 0.000000 -0.000002 24.617762 7.805503 20.391008 44.088047 18.204582 14.797544 1.763734 81.366302 2.197034 -21.173225 5.405841 42.652153 2.243540 -5.255033 -3.180156 14.282877 -0.826594 6.952496 -0.000000 -12.690593 -0.000001 16.127544 -17.792034 2.250872 1.665665 -1.955920 -2.878297 4.727794 -4.170584 4.993919 11.020511 0.000001 -0.000000 12.109032 -3.735715 -2.866778 0.000000 -0.000000 0.000000 1.291985 -1.928548 -1.498088 14.800115 0.567467 3.865604 14.242553 -1.341738 -6.660648 19.631935 0.143921 -0.648243 49.519569 -1.172022 -6.892178 0.353029 -1.511150 -0.031940 20.222769 3.684305 2.316629 18.787249 0.000001 -0.000001 10.751608 -0.479870 1.397903 0.000000 -0.000000 0.000000 3.273804 0.305947 -0.580110 21.486790 11.830364 2.266131 8.162915 0.000000 -0.000000 18.399052 -3.798986 -4.940567 0.000003 0.000000 -0.000001 8.569296 11.557233 -50.323147 -0.238348 -0.034339 90.793510 -0.094416 -1.936186 -4.751326 1.662177 -1.860684 -3.775570 0.000000 -0.000000 0.000002 -7.017946 -7.909736 -51.143520 0.027452 0.098735 88.811813 2.413702 -7.810806 -1.574402 -1.387339 0.860826 -3.531841 0.000000 -0.000000 -0.000001
0.000000 0.000000 0.000000 0.000000 -0.000000 0.000000 -0.527025 -42.308552 5.658020 0.160115 1.102857 -34.585648 0.485306 -0.318249 9.066027 -0.268196 -0.098957 1.159875 -0.651959 -1.672976 26.142223 -2.428567 2.907510 2.570402 -0.690479 0.105646 -3.431897 1.188323 -1.220607 -9.247488 0.000077 -0.000022 0.000006 -0.007150 -0.032578 -0.063522 0.668233 -3.701193 -10.542100 -0.691467 3.636530 -10.550827 -21.284950 -2.590649 17.753191 -51.728046 -7.494494 8.764783 -9.214366 -88.358849 9.017317 12.909623 -7.296714 41.281876 -5.882102 9.861279 0.702590 -10.936861 -0.360574 7.156197 0.000000 8.774815 -0.000000 -16.496677 18.620352 5.878597 -1.844031 2.498503 -2.507276 -10.163590 4.678941 4.621104 -20.975996 -0.000001 0.000001 -21.226254 2.451698 -3.593995 0.000000 -0.000006 -0.000000 -1.362681 2.240797 -0.746323 -21.334892 0.584910 3.008319 -13.821196 -0.000001 0.000001 -23.887129 -0.249075 -0.839485 -59.972019 2.475869 -1.634011 -0.294025 1.679686 0.833255 -14.218195 0.093215 1.300579 -34.212002 -0.287561 0.967166 -20.033176 0.964536 1.212838 0.000000 -0.000000 0.000000 -3.440387 0.788233 0.501655 -15.928172 -3.167306 2.999703 -6.338817 -0.000000 0.000001 -18.123419 3.648181 -4.905662 -0.000004 0.000000 -0.000002 24.519791 7.759470 20.573305 43.890236 17.506325 14.818624 2.638387 83.257881 3.066250 -21.618488 5.740344 43.496834 2.243540 -5.255033 -3.180156 14.282877 -0.826594 6.952496 -0.000000 -12.690593 -0.000001 16.051651 -17.816128 2.287829 1.665665 -1.955920 -2.878297 4.727794 -4.170584 4.993919 11.020511 0.000001 -0.000000 12.109032 -3.735715 -2.866778 0.000000 -0.000000 0.000000 1.291985 -1.928548 -1.498088 14.800115 0.567467 3.865604 14.242553 -1.341738 -6.660648 19.631935 0.143921 -0.648243 49.506115 -1.174361 -6.881101 0.353029 -1.511150 -0.031940 20.222769 3.684305 2.316629 18.787249 0.000001 -0.000001 10.751608 -0.479870 1.397903 0.000000 -0.000000 0.000000 3.273804 0.305947 -0.580110 21.486790 11.830364 2.266131 8.162915 0.000000 -0.000000 18.399052 -3.798986 -4.940567 0.000003 0.000000 -0.000001 8.389076 11.695448 -50.614296 -0.236040 -0.020084 90.734222 -0.137639 -1.935680 -4.687588 1.664798 -1.848961 -3.656226 0.000000 -0.000000 0.000002 -7.085453 -7.961022 -51.565449 0.037160 0.100133 88.901993 2.399661 -7.793567 -1.102456 -1.386010 0.857071 -3.472437 0.000000 -0.000000 -0.000001
0.000000 0.000000 0.000000 0.000000 -0.000000 0.000000 -0.481295 -42.289677 5.688078 0.216608 1.134821 -34.210499 0.388885 -0.240906 9.411681 -0.299569 -0.055686 1.310143 -0.754612 -1.681919 26.568741 -2.273193 2.824078 2.207707 -0.702069 -0.071697 -3.436982 1.294678 -1.359703 -10.583548 0.000077 -0.000022 0.000006 -0.009519 -0.039175 -0.062919 0.658064 -3.710413 -10.551948 -0.685943 3.633229 -10.564287 -21.058121 -2.536018 18.044832 -51.515762 -7.072948 8.685907 -95.688171 -89.613869 95.440895 12.883129 -7.803139 41.823910 -5.882102 9.861279 0.702590 -10.936861 -0.360574 7.156197 0.000000 8.774815 -0.000000 -16.476389 18.617287 5.894523 -1.844031 2.498503 -2.507276 -10.163590 4.678941 4.621104 -20.975996 -0.000001 0.000001 -21.226254 2.451698 -3.593995 0.000000 -0.000006 -0.000000 -1.362681 2.240797 -0.746323 -21.334892 0.584910 3.008319 -13.821196 -0.000001 0.000001 -23.887129 -0.249075 -0.839485 -59.970722 2.467431 -1.634330 -0.294025 1.679686 0.833255 -14.218195 0.093215 1.300579 -34.212002 -0.287561 0.967166 -20.033176 0.964536 1.212838 0.000000 -0.000000 0.000000 -3.440387 0.788233 0.501655 -15.928172 -3.167306 2.999703 -6.338817 -0.000000 0.000001 -18.123419 3.648181 -4.905662 -0.000004 0.000000 -0.000002 24.407589 7.712197 20.767422 43.614574 16.759348 14.969110 4.026722 85.237038 4.464617 -22.041973 5.937623 44.449966 2.243540 -5.255033 -3.180156 14.282877 -0.826594 6.952496 -0.000000 -12.690593 -0.000001 15.997551 -17.835543 2.327467 1.665665 -1.955920 -2.878297 4.727794 -4.170584 4.993919 11.020511 0.000001 -0.000000 12.109032 -3.735715 -2.866778 0.000000 -0.000000 0.000000 1.291985 -1.928548 -1.498088 14.800115 0.567467 3.865604 14.242553 -1.341738 -6.660648 19.631935 0.143921 -0.648243 49.486717 -1.165411 -6.855705 0.353029 -1.511150 -0.031940 20.222769 3.684305 2.316629 18.787249 0.000001 -0.000001 10.751608 -0.479870 1.397903 0.000000 -0.000000 0.000000 3.273804 0.305947 -0.580110 21.486790 11.830364 2.266131 8.162915 0.000000 -0.000000 18.399052 -3.798986 -4.940567 0.000003 0.000000 -0.000001 8.191127 11.860048 -51.090725 -0.234301 -0.002213 90.814621 -0.126043 -1.940757 -4.466066 1.667953 -1.837805 -3.554942 0.000000 -0.000000 0.000002 -7.149317 -8.046776 -52.094627 0.053233 0.099459 89.041420 2.347747 -7.752939 -0.701153 -1.385250 0.855851 -3.397240 0.000000 -0.000000 -0.000001
0.000000 0.000000 0.000000 0.000000 -0.000000 0.000000 -0.410079 -42.284028 5.742374 0.272946 1.144883 -33.683464 0.296288 -0.163051 9.773548 -0.342726 -0.032198 1.476521 -0.826226 -1.697215 27.016481 -2.110476 2.719942 1.696489 -0.716843 -0.259286 -3.446134 1.380730 -1.509619 -12.107656 0.000077 -0.000022 0.000006 -0.011690 -0.045682 -0.063129 0.647493 -3.721236 -10.562646 -0.679678 3.631569 -10.576962 -20.770140 -2.495312 18.387007 -51.342609 -6.644692 8.557019 -164.247391 -88.105034 163.921631 12.798070 -8.276151 42.330452 -5.882102 9.861279 0.702590 -10.936861 -0.360574 7.156197 0.000000 8.774815 -0.000000 -16.491621 18.593668 5.902854 -1.844031 2.498503 -2.507276 -10.163590 4.678941 4.621104 -20.975996 -0.000001 0.000001 -21.226254 2.451698 -3.593995 0.000000 -0.000006 -0.000000 -1.362681 2.240797 -0.746323 -21.334892 0.584910 3.008319 -13.821196 -0.000001 0.000001 -23.887129 -0.249075 -0.839485 -60.000481 2.445749 -1.632981 -0.294025 1.679686 0.833255 -14.218195 0.093215 1.300579 -34.212002 -0.287561 0.967166 -20.033176 0.964536 1.212838 0.000000 -0.000000 0.000000 -3.440387 0.788233 0.501655 -15.928172 -3.167306 2.999703 -6.338817 -0.000000 0.000001 -18.123419 3.648181 -4.905662 -0.000004 0.000000 -0.000002 24.272055 7.675469 20.984507 43.248566 15.980488 15.236410 7.177296 87.348709 7.660216 -22.467508 5.967135 45.636738 2.243540 -5.255033 -3.180156 14.282877 -0.826594 6.952496 -0.000000 -12.690593 -0.000001 15.976130 -17.873371 2.379211 1.665665 -1.955920 -2.878297 4.727794 -4.170584 4.993919 11.020511 0.000001 -0.000000 12.109032 -3.735715 -2.866778 0.000000 -0.000000 0.000000 1.291985 -1.928548 -1.498088 14.800115 0.567467 3.865604 14.242553 -1.341738 -6.660648 19.631935 0.143921 -0.648243 49.496616 -1.165787 -6.829492 0.353029 -1.511150 -0.031940 20.222769 3.684305 2.316629 18.787249 0.000001 -0.000001 10.751608 -0.479870 1.397903 0.000000 -0.000000 0.000000 3.273804 0.305947 -0.580110 21.486790 11.830364 2.266131 8.162915 0.000000 -0.000000 18.399052 -3.798986 -4.940567 0.000003 0.000000 -0.000001 7.952369 12.036569 -51.761787 -0.229777 0.013609 90.961174 -0.060640 -1.880282 -4.268714 1.671575 -1.836110 -3.488935 0.000000 -0.000000 0.000002 -7.198981 -8.160123 -52.789291 0.075631 0.098575 89.196091 2.287596 -7.675073 -0.384204 -1.385634 0.853079 -3.339488 0.000000 -0.000000 -0.000001
0.000000 0.000000 0.000000 0.000000 -0.000000 0.000000 -0.313568 -42.267777 5.784654 0.325753 1.119658 -32.958073 0.207380 -0.089723 10.167467 -0.383377 -0.019255 1.658578 -0.858370 -1.719596 27.461248 -1.946478 2.602144 1.016437 -0.726597 -0.473770 -3.464380 1.445071 -1.620095 -13.852133 0.000077 -0.000022 0.000006 -0.014236 -0.052438 -0.060714 0.634769 -3.733069 -10.562542 -0.672058 3.630375 -10.577922 -20.407928 -2.494409 18.736795 -51.250095 -6.162080 8.406933 -170.144516 -86.171677 169.736755 12.727234 -8.710856 42.720360 -5.882102 9.861279 0.702590 -10.936861 -0.360574 7.156197 0.000000 8.774815 -0.000000 -16.488529 18.569143 5.933459 -1.844031 2.498503 -2.507276 -10.163590 4.678941 4.621104 -20.975996 -0.000001 0.000001 -21.226254 2.451698 -3.593995 0.000000 -0.000006 -0.000000 -1.362681 2.240797 -0.746323 -21.334892 0.584910 3.008319 -13.821196 -0.000001 0.000001 -23.887129 -0.249075 -0.839485 -60.051414 2.438308 -1.646607 -0.294025 1.679686 0.833255 -14.218195 0.093215 1.300579 -34.212002 -0.287561 0.967166 -20.033176 0.964536 1.212838 0.000000 -0.000000 0.000000 -3.440387 0.788233 0.501655 -15.928172 -3.167306 2.999703 -6.338817 -0.000000 0.000001 -18.123419 3.648181 -4.905662 -0.000004 0.000000 -0.000002 24.129305 7.674067 21.198298 42.817310 15.150693 15.592615 41.927395 89.584099 42.494743 -22.899317 5.916050 47.013023 2.243540 -5.255033 -3.180156 14.282877 -0.826594 6.952496 -0.000000 -12.690593 -0.000001 15.994433 -17.909021 2.417899 1.665665 -1.955920 -2.878297 4.727794 -4.170584 4.993919 11.020511 0.000001 -0.000000 12.109032 -3.735715 -2.866778 0.000000 -0.000000 0.000000 1.291985 -1.928548 -1.498088 14.800115 0.567467 3.865604 14.242553 -1.341738 -6.660648 19.631935 0.143921 -0.648243 49.546833 -1.172414 -6.796018 0.353029 -1.511150 -0.031940 20.222769 3.684305 2.316629 18.787249 0.000001 -0.000001 10.751608 -0.479870 1.397903 0.000000 -0.000000 0.000000 3.273804 0.305947 -0.580110 21.486790 11.830364 2.266131 8.162915 0.000000 -0.000000 18.399052 -3.798986 -4.940567 0.000003 0.000000 -0.000001 7.664158 12.206840 -52.662746 -0.223030 0.025232 91.109833 0.016717 -1.770689 -4.033262 1.672293 -1.842314 -3.454837 0.000000 -0.000000 0.000002 -7.207788 -8.285641 -53.705364 0.097668 0.100335 89.316811 2.224645 -7.569282 -0.012582 -1.385690 0.849961 -3.327581 0.000000 -0.000000 -0.000001
0.000000 0.000000 0.000000 0.000000 -0.000000 0.000000 -0.197754 -42.237656 5.809362 0.371063 1.043329 -32.003338 0.124008 -0.013861 10.629889 -0.410689 -0.009114 1.860026 -0.847855 -1.757131 27.899857 -1.783662 2.483574 0.138789 -0.734376 -0.736033 -3.492880 1.495813 -1.674928 -15.895133 0.000077 -0.000022 0.000006 -0.019570 -0.070497 -0.059244 0.619111 -3.756269 -10.560256 -0.667024 3.617743 -10.575635 -19.948658 -2.542348 19.069313 -51.280159 -5.590887 8.240648 -172.205917 -83.994301 171.696411 12.692503 -9.164201 43.063301 -5.882102 9.861279 0.702590 -10.936861 -0.360574 7.156197 0.000000 8.774815 -0.000000 -16.456064 18.558472 5.995367 -1.844031 2.498503 -2.507276 -10.163590 4.678941 4.621104 -20.975996 -0.000001 0.000001 -21.226254 2.451698 -3.593995 0.000000 -0.000006 -0.000000 -1.362681 2.240797 -0.746323 -21.334892 0.584910 3.008319 -13.821196 -0.000001 0.000001 -23.887129 -0.249075 -0.839485 -60.131523 2.449022 -1.661698 -0.294025 1.679686 0.833255 -14.218195 0.093215 1.300579 -34.212002 -0.287561 0.967166 -20.033176 0.964536 1.212838 0.000000 -0.000000 0.000000 -3.440387 0.788233 0.501655 -15.928172 -3.167306 2.999703 -6.338817 -0.000000 0.000001 -18.123419 3.648181 -4.905662 -0.000004 0.000000 -0.000002 23.964699 7.714696 21.400694 42.368755 14.279987 15.993976 176.105896 87.694633 176.735291 -23.401758 5.875974 48.552937 2.243540 -5.255033 -3.180156 14.282877 -0.826594 6.952496 -0.000000 -12.690593 -0.000001 15.998352 -17.931070 2.444092 1.665665 -1.955920 -2.878297 4.727794 -4.170584 4.993919 11.020511 0.000001 -0.000000 12.109032 -3.735715 -2.866778 0.000000 -0.000000 0.000000 1.291985 -1.928548 -1.498088 14.800115 0.567467 3.865604 14.242553 -1.341738 -6.660648 19.631935 0.143921 -0.648243 49.612885 -1.182687 -6.747922 0.353029 -1.511150 -0.031940 20.222769 3.684305 2.316629 18.787249 0.000001 -0.000001 10.751608 -0.479870 1.397903 0.000000 -0.000000 0.000000 3.273804 0.305947 -0.580110 21.486790 11.830364 2.266131 8.162915 0.000000 -0.000000 18.399052 -3.798986 -4.940567 0.000003 0.000000 -0.000001 7.336566 12.385738 -53.820721 -0.217275 0.031493 91.244377 0.144499 -1.621386 -3.763237 1.670017 -1.852533 -3.409438 0.000000 -0.000000 0.000002 -7.144855 -8.428308 -54.880157 0.125785 0.104966 89.390785 2.163466 -7.452350 0.432715 -1.384779 0.850120 -3.339431 0.000000 -0.000000 -0.000001
0.000000 0.000000 0.000000 0.000000 -0.000000 0.000000 -0.069664 -42.202595 5.848312 0.415078 0.912623 -30.787668 0.040918 0.065450 11.182145 -0.429668 0.007315 2.079664 -0.804272 -1.805498 28.344257 -1.623735 2.378834 -0.974384 -0.744177 -1.000437 -3.516262 1.528915 -1.738983 -18.247042 0.000077 -0.000022 0.000006 -0.027237 -0.093624 -0.058418 0.598358 -3.786143 -10.553760 -0.661521 3.601151 -10.569505 -19.400787 -2.664629 19.332773 -51.423058 -4.877354 8.063026 -173.170364 -81.513000 172.535248 12.769464 -9.748156 43.382149 -5.882102 9.861279 0.702590 -10.936861 -0.360574 7.156197 0.000000 8.774815 -0.000000 -16.419638 18.571423 6.059587 -1.844031 2.498503 -2.507276 -10.163590 4.678941 4.621104 -20.975996 -0.000001 0.000001 -21.226254 2.451698 -3.593995 0.000000 -0.000006 -0.000000 -1.362681 2.240797 -0.746323 -21.334892 0.584910 3.008319 -13.821196 -0.000001 0.000001 -23.887129 -0.249075 -0.839485 -60.242561 2.472919 -1.666942 -0.294025 1.679686 0.833255 -14.218195 0.093215 1.300579 -34.212002 -0.287561 0.967166 -20.033176 0.964536 1.212838 0.000000 -0.000000 0.000000 -3.440387 0.788233 0.501655 -15.928172 -3.167306 2.999703 -6.338817 -0.000000 0.000001 -18.123419 3.648181 -4.905662 -0.000004 0.000000 -0.000002 23.763527 7.810275 21.574694 41.970123 13.355470 16.360882 -179.982269 84.765541 -179.356491 -24.060017 5.938590 50.176460 2.243540 -5.255033 -3.180156 14.282877 -0.826594 6.952496 -0.000000 -12.690593 -0.000001 15.976359 -17.955166 2.455694 1.665665 -1.955920 -2.878297 4.727794 -4.170584 4.993919 11.020511 0.000001 -0.000000 12.109032 -3.735715 -2.866778 0.000000 -0.000000 0.000000 1.291985 -1.928548 -1.498088 14.800115 0.567467 3.865604 14.242553 -1.341738 -6.660648 19.631935 0.143921 -0.648243 49.692078 -1.206491 -6.712317 0.353029 -1.511150 -0.031940 20.222769 3.684305 2.316629 18.787249 0.000001 -0.000001 10.751608 -0.479870 1.397903 0.000000 -0.000000 0.000000 3.273804 0.305947 -0.580110 21.486790 11.830364 2.266131 8.162915 0.000000 -0.000000 18.399052 -3.798986 -4.940567 0.000003 0.000000 -0.000001 6.967584 12.609282 -55.268414 -0.215003 0.031188 91.403290 0.362115 -1.462009 -3.511777 1.666416 -1.866831 -3.322574 0.000000 -0.000000 0.000002 -7.006513 -8.589897 -56.358673 0.167506 0.109117 89.469597 2.091353 -7.327055 0.913485 -1.382038 0.853853 -3.321018 0.000000 -0.000000 -0.000001
0.000000 0.000000 0.000000 0.000000 -0.000000 0.000000 0.064083 -42.156640 5.890206 0.455427 0.743393 -29.252707 -0.049718 0.137229 11.829104 -0.442902 0.032808 2.323914 -0.749347 -1.858131 28.749643 -1.449871 2.306071 -2.331566 -0.760913 -1.258228 -3.532540 1.543844 -1.777436 -20.826252 0.000077 -0.000022 0.000006 -0.033113 -0.106596 -0.055332 0.574142 -3.807353 -10.533590 -0.649052 3.595850 -10.550245 -18.793253 -2.881048 19.516479 -51.611156 -4.006243 7.996150 -174.070236 -78.783226 173.266464 13.039392 -10.673994 43.624836 -5.882102 9.861279 0.702590 -10.936861 -0.360574 7.156197 0.000000 8.774815 -0.000000 -16.359865 18.584229 6.118013 -1.844031 2.498503 -2.507276 -10.163590 4.678941 4.621104 -20.975996 -0.000001 0.000001 -21.226254 2.451698 -3.593995 0.000000 -0.000006 -0.000000 -1.362681 2.240797 -0.746323 -21.334892 0.584910 3.008319 -13.821196 -0.000001 0.000001 -23.887129 -0.249075 -0.839485 -60.351971 2.514977 -1.659327 -0.294025 1.679686 0.833255 -14.218195 0.093215 1.300579 -34.212002 -0.287561 0.967166 -20.033176 0.964536 1.212838 0.000000 -0.000000 0.000000 -3.440387 0.788233 0.501655 -15.928172 -3.167306 2.999703 -6.338817 -0.000000 0.000001 -18.123419 3.648181 -4.905662 -0.000004 0.000000 -0.000002 23.468769 7.980811 21.698870 41.704227 12.355775 16.666626 -179.337936 81.622925 -178.776184 -24.924557 6.161401 51.822571 2.243540 -5.255033 -3.180156 14.282877 -0.826594 6.952496 -0.000000 -12.690593 -0.000001 15.940055 -17.983786 2.466676 1.665665 -1.955920 -2.878297 4.727794 -4.170584 4.993919 11.020511 0.000001 -0.000000 12.109032 -3.735715 -2.866778 0.000000 -0.000000 0.000000 1.291985 -1.928548 -1.498088 14.800115 0.567467 3.865604 14.242553 -1.341738 -6.660648 19.631935 0.143921 -0.648243 49.774437 -1.227640 -6.684138 0.353029 -1.511150 -0.031940 20.222769 3.684305 2.316629 18.787249 0.000001 -0.000001 10.751608 -0.479870 1.397903 0.000000 -0.000000 0.000000 3.273804 0.305947 -0.580110 21.486790 11.830364 2.266131 8.162915 0.000000 -0.000000 18.399052 -3.798986 -4.940567 0.000003 0.000000 -0.000001 6.534467 12.876876 -57.049137 -0.225596 0.028485 91.535454 0.707252 -1.299957 -3.322585 1.663208 -1.875374 -3.182058 0.000000 -0.000000 0.000002 -6.774405 -8.817797 -58.167721 0.206320 0.111892 89.498573 1.981699 -7.180460 1.341884 -1.380454 0.855754 -3.270900 0.000000 -0.000000 -0.000001
0.000000 0.000000 0.000000 0.000000 -0.000000 0.000000 0.193212 -42.091469 5.928043 0.481534 0.559964 -27.364229 -0.146727 0.191363 12.557290 -0.463239 0.036742 2.604209 -0.702718 -1.897688 29.056858 -1.254381 2.276251 -3.848886 -0.784080 -1.458341 -3.544925 1.549560 -1.773897 -23.600382 0.000077 -0.000022 0.000006 -0.035940 -0.106634 -0.047933 0.548978 -3.817311 -10.500484 -0.629515 3.604848 -10.516693 -18.134468 -3.220171 19.660730 -51.792381 -3.002652 8.129361 -175.050720 -75.990654 174.060959 13.517838 -12.060782 43.859203 -5.882102 9.861279 0.702590 -10.936861 -0.360574 7.156197 0.000000 8.774815 -0.000000 -16.277195 18.571507 6.151457 -1.844031 2.498503 -2.507276 -10.163590 4.678941 4.621104 -20.975996 -0.000001 0.000001 -21.226254 2.451698 -3.593995 0.000000 -0.000006 -0.000000 -1.362681 2.240797 -0.746323 -21.334892 0.584910 3.008319 -13.821196 -0.000001 0.000001 -23.887129 -0.249075 -0.839485 -60.414082 2.559694 -1.639716 -0.294025 1.679686 0.833255 -14.218195 0.093215 1.300579 -34.212002 -0.287561 0.967166 -20.033176 0.964536 1.212838 0.000000 -0.000000 0.000000 -3.440387 0.788233 0.501655 -15.928172 -3.167306 2.999703 -6.338817 -0.000000 0.000001 -18.123419 3.648181 -4.905662 -0.000004 0.000000 -0.000002 23.009567 8.216917 21.766733 41.627075 11.320575 17.060268 -179.246567 78.525169 -178.809998 -25.959429 6.676517 53.524349 2.243540 -5.255033 -3.180156 14.282877 -0.826594 6.952496 -0.000000 -12.690593 -0.000001 15.910634 -18.011520 2.471467 1.665665 -1.955920 -2.878297 4.727794 -4.170584 4.993919 11.020511 0.000001 -0.000000 12.109032 -3.735715 -2.866778 0.000000 -0.000000 0.000000 1.291985 -1.928548 -1.498088 14.800115 0.567467 3.865604 14.242553 -1.341738 -6.660648 19.631935 0.143921 -0.648243 49.867466 -1.238196 -6.649028 0.353029 -1.511150 -0.031940 20.222769 3.684305 2.316629 18.787249 0.000001 -0.000001 10.751608 -0.479870 1.397903 0.000000 -0.000000 0.000000 3.273804 0.305947 -0.580110 21.486790 11.830364 2.266131 8.162915 0.000000 -0.000000 18.399052 -3.798986 -4.940567 0.000003 0.000000 -0.000001 6.021472 13.176273 -59.216122 -0.243032 0.021664 91.631767 1.102461 -1.133525 -3.113325 1.662414 -1.881276 -3.020544 0.000000 -0.000000 0.000002 -6.426966 -9.146113 -60.324688 0.235865 0.111383 89.452301 1.794870 -7.013223 1.707538 -1.382124 0.847427 -3.190196 0.000000 -0.000000 -0.000001
0.000000 0.000000 0.000000 0.000000 -0.000000 0.000000 0.308273 -42.015389 5.980960 0.480991 0.397766 -25.098692 -0.260544 0.215532 13.337777 -0.494641 0.013437 2.911893 -0.678192 -1.917419 29.255316 -0.993254 2.273241 -5.475275 -0.810378 -1.569817 -3.557470 1.577237 -1.723723 -26.530960 0.000077 -0.000022 0.000006 -0.035495 -0.100169 -0.031175 0.524831 -3.821660 -10.452575 -0.604482 3.621027 -10.466175 -17.412903 -3.705272 19.743145 -51.855988 -1.818512 8.590196 -176.216248 -73.238388 175.077972 14.223975 -13.880004 43.992302 -5.882102 9.861279 0.702590 -10.936861 -0.360574 7.156197 0.000000 8.774815 -0.000000 -16.151470 18.511972 6.162839 -1.844031 2.498503 -2.507276 -10.163590 4.678941 4.621104 -20.975996 -0.000001 0.000001 -21.226254 2.451698 -3.593995 0.000000 -0.000006 -0.000000 -1.362681 2.240797 -0.746323 -21.334892 0.584910 3.008319 -13.821196 -0.000001 0.000001 -23.887129 -0.249075 -0.839485 -60.382290 2.608235 -1.651589 -0.294025 1.679686 0.833255 -14.218195 0.093215 1.300579 -34.212002 -0.287561 0.967166 -20.033176 0.964536 1.212838 0.000000 -0.000000 0.000000 -3.440387 0.788233 0.501655 -15.928172 -3.167306 2.999703 -6.338817 -0.000000 0.000001 -18.123419 3.648181 -4.905662 -0.000004 0.000000 -0.000002 22.371605 8.471959 21.745550 41.649685 10.260984 17.663658 -179.305817 75.597061 -179.039291 -27.030996 7.517779 55.080185 2.243540 -5.255033 -3.180156 14.282877 -0.826594 6.952496 -0.000000 -12.690593 -0.000001 15.918661 -18.024385 2.462342 1.665665 -1.955920 -2.878297 4.727794 -4.170584 4.993919 11.020511 0.000001 -0.000000 12.109032 -3.735715 -2.866778 0.000000 -0.000000 0.000000 1.291985 -1.928548 -1.498088 14.800115 0.567467 3.865604 14.242553 -1.341738 -6.660648 19.631935 0.143921 -0.648243 49.995811 -1.232841 -6.581941 0.353029 -1.511150 -0.031940 20.222769 3.684305 2.316629 18.787249 0.000001 -0.000001 10.751608 -0.479870 1.397903 0.000000 -0.000000 0.000000 3.273804 0.305947 -0.580110 21.486790 11.830364 2.266131 8.162915 0.000000 -0.000000 18.399052 -3.798986 -4.940567 0.000003 0.000000 -0.000001 5.406320 13.512968 -61.797489 -0.265130 0.010956 91.696602 1.513271 -0.930603 -2.934031 1.662635 -1.879720 -2.873309 0.000000 -0.000000 0.000002 -5.955911 -9.578256 -62.813393 0.240231 0.110090 89.317993 1.523176 -6.828135 1.848971 -1.387613 0.834326 -3.111476 0.000000 -0.000000 -0.000001
0.000000 0.000000 0.000000 0.000000 -0.000000 0.000000 0.404064 -41.921540 6.036529 0.428574 0.291317 -22.434887 -0.387002 0.207567 14.149907 -0.540576 -0.045106 3.230111 -0.675776 -1.912983 29.336288 -0.640149 2.276022 -7.185838 -0.828849 -1.560459 -3.571835 1.631685 -1.618924 -29.562145 0.000077 -0.000022 0.000006 -0.034492 -0.095231 -0.007519 0.500716 -3.829298 -10.401381 -0.578421 3.636981 -10.411260 -16.595470 -4.344113 19.767290 -51.752857 -0.433118 9.420230 -177.454498 -70.602951 176.301788 15.212167 -15.995561 43.923672 -5.882102 9.861279 0.702590 -10.936861 -0.360574 7.156197 0.000000 8.774815 -0.000000 -16.026758 18.433159 6.165213 -1.844031 2.498503 -2.507276 -10.163590 4.678941 4.621104 -20.975996 -0.000001 0.000001 -21.226254 2.451698 -3.593995 0.000000 -0.000006 -0.000000 -1.362681 2.240797 -0.746323 -21.334892 0.584910 3.008319 -13.821196 -0.000001 0.000001 -23.887129 -0.249075 -0.839485 -60.319389 2.669245 -1.691425 -0.294025 1.679686 0.833255 -14.218195 0.093215 1.300579 -34.212002 -0.287561 0.967166 -20.033176 0.964536 1.212838 0.000000 -0.000000 0.000000 -3.440387 0.788233 0.501655 -15.928172 -3.167306 2.999703 -6.338817 -0.000000 0.000001 -18.123419 3.648181 -4.905662 -0.000004 0.000000 -0.000002 21.551006 8.725582 21.605038 41.655434 9.155445 18.521469 -179.363098 72.931404 -179.319550 -28.120398 8.703751 56.297256 2.243540 -5.255033 -3.180156 14.282877 -0.826594 6.952496 -0.000000 -12.690593 -0.000001 15.975036 -18.018646 2.436928 1.665665 -1.955920 -2.878297 4.727794 -4.170584 4.993919 11.020511 0.000001 -0.000000 12.109032 -3.735715 -2.866778 0.000000 -0.000000 0.000000 1.291985 -1.928548 -1.498088 14.800115 0.567467 3.865604 14.242553 -1.341738 -6.660648 19.631935 0.143921 -0.648243 50.152023 -1.218138 -6.486264 0.353029 -1.511150 -0.031940 20.222769 3.684305 2.316629 18.787249 0.000001 -0.000001 10.751608 -0.479870 1.397903 0.000000 -0.000000 0.000000 3.273804 0.305947 -0.580110 21.486790 11.830364 2.266131 8.162915 0.000000 -0.000000 18.399052 -3.798986 -4.940567 0.000003 0.000000 -0.000001 4.662305 13.880875 -64.821388 -0.299140 -0.000131 91.690674 1.928997 -0.668891 -2.757042 1.662835 -1.878062 -2.755830 0.000000 -0.000000 0.000002 -5.340149 -10.118393 -65.665138 0.224873 0.104415 89.088669 1.247880 -6.621647 1.872298 -1.395621 0.818703 -3.051989 0.000000 -0.000000 -0.000001
0.000000 0.000000 0.000000 0.000000 -0.000000 0.000000 0.452251 -41.782704 6.129164 0.303851 0.233240 -19.438251 -0.517776 0.171232 14.950954 -0.596223 -0.131862 3.533577 -0.686791 -1.891200 29.307669 -0.245667 2.285775 -8.899224 -0.815028 -1.434495 -3.593675 1.700086 -1.421689 -32.562248 0.000077 -0.000022 0.000006 -0.034567 -0.095754 0.013870 0.476021 -3.847159 -10.376455 -0.554016 3.652040 -10.379484 -15.757011 -5.071060 19.735777 -51.465862 1.083322 10.471746 -178.430054 -68.280632 177.579956 16.522921 -18.148211 43.616882 -5.882102 9.861279 0.702590 -10.936861 -0.360574 7.156197 0.000000 8.774815 -0.000000 -15.938299 18.380884 6.169717 -1.844031 2.498503 -2.507276 -10.163590 4.678941 4.621104 -20.975996 -0.000001 0.000001 -21.226254 2.451698 -3.593995 0.000000 -0.000006 -0.000000 -1.362681 2.240797 -0.746323 -21.334892 0.584910 3.008319 -13.821196 -0.000001 0.000001 -23.887129 -0.249075 -0.839485 -60.313713 2.711306 -1.717822 -0.294025 1.679686 0.833255 -14.218195 0.093215 1.300579 -34.212002 -0.287561 0.967166 -20.033176 0.964536 1.212838 0.000000 -0.000000 0.000000 -3.440387 0.788233 0.501655 -15.928172 -3.167306 2.999703 -6.338817 -0.000000 0.000001 -18.123419 3.648181 -4.905662 -0.000004 0.000000 -0.000002 20.621279 9.010189 21.391472 41.547222 7.991260 19.523237 -179.373871 70.671631 -179.585815 -29.380434 10.404979 56.972645 2.243540 -5.255033 -3.180156 14.282877 -0.826594 6.952496 -0.000000 -12.690593 -0.000001 16.027903 -18.007647 2.410288 1.665665 -1.955920 -2.878297 4.727794 -4.170584 4.993919 11.020511 0.000001 -0.000000 12.109032 -3.735715 -2.866778 0.000000 -0.000000 0.000000 1.291985 -1.928548 -1.498088 14.800115 0.567467 3.865604 14.242553 -1.341738 -6.660648 19.631935 0.143921 -0.648243 50.308105 -1.218489 -6.399295 0.353029 -1.511150 -0.031940 20.222769 3.684305 2.316629 18.787249 0.000001 -0.000001 10.751608 -0.479870 1.397903 0.000000 -0.000000 0.000000 3.273804 0.305947 -0.580110 21.486790 11.830364 2.266131 8.162915 0.000000 -0.000000 18.399052 -3.798986 -4.940567 0.000003 0.000000 -0.000001 3.838201 14.325362 -68.179413 -0.337383 -0.000483 91.610893 2.341851 -0.400501 -2.572702 1.663799 -1.882784 -2.713591 0.000000 -0.000000 0.000002 -4.557610 -10.664824 -68.808556 0.193039 0.092655 88.806679 1.063902 -6.374659 1.896367 -1.403789 0.800733 -3.035591 0.000000 -0.000000 -0.000001
0.000000 0.000000 0.000000 0.000000 -0.000000 0.000000 0.420922 -41.589619 6.322451 0.085535 0.235771 -16.155386 -0.639365 0.107601 15.688334 -0.652050 -0.229222 3.813914 -0.696049 -1.856103 29.229153 0.186799 2.252973 -10.634611 -0.770828 -1.176859 -3.625856 1.748322 -1.141362 -35.363914 0.000077 -0.000022 0.000006 -0.033722 -0.094813 0.035295 0.454858 -3.868526 -10.380079 -0.531415 3.674101 -10.372143 -14.945965 -5.826018 19.627783 -51.096771 2.727850 11.490589 -178.839920 -66.321114 178.622971 18.130171 -20.165039 43.148033 -5.882102 9.861279 0.702590 -10.936861 -0.360574 7.156197 0.000000 8.774815 -0.000000 -15.917538 18.403557 6.201365 -1.844031 2.498503 -2.507276 -10.163590 4.678941 4.621104 -20.975996 -0.000001 0.000001 -21.226254 2.451698 -3.593995 0.000000 -0.000006 -0.000000 -1.362681 2.240797 -0.746323 -21.334892 0.584910 3.008319 -13.821196 -0.000001 0.000001 -23.887129 -0.249075 -0.839485 -60.420139 2.735658 -1.706952 -0.294025 1.679686 0.833255 -14.218195 0.093215 1.300579 -34.212002 -0.287561 0.967166 -20.033176 0.964536 1.212838 0.000000 -0.000000 0.000000 -3.440387 0.788233 0.501655 -15.928172 -3.167306 2.999703 -6.338817 -0.000000 0.000001 -18.123419 3.648181 -4.905662 -0.000004 0.000000 -0.000002 19.646139 9.332999 21.125677 41.316734 6.754068 20.433569 -179.559631 68.848099 -179.951462 -30.926434 12.643018 57.090515 2.243540 -5.255033 -3.180156 14.282877 -0.826594 6.952496 -0.000000 -12.690593 -0.000001 16.038210 -18.020088 2.408946 1.665665 -1.955920 -2.878297 4.727794 -4.170584 4.993919 11.020511 0.000001 -0.000000 12.109032 -3.735715 -2.866778 0.000000 -0.000000 0.000000 1.291985 -1.928548 -1.498088 14.800115 0.567467 3.865604 14.242553 -1.341738 -6.660648 19.631935 0.143921 -0.648243 50.436825 -1.230292 -6.349167 0.353029 -1.511150 -0.031940 20.222769 3.684305 2.316629 18.787249 0.000001 -0.000001 10.751608 -0.479870 1.397903 0.000000 -0.000000 0.000000 3.273804 0.305947 -0.580110 21.486790 11.830364 2.266131 8.162915 0.000000 -0.000000 18.399052 -3.798986 -4.940567 0.000003 0.000000 -0.000001 2.973186 14.864099 -71.785866 -0.369250 0.008493 91.491196 2.797154 -0.214181 -2.476812 1.662173 -1.897600 -2.703170 0.000000 -0.000000 0.000002 -3.594650 -11.142937 -72.186928 0.154672 0.081214 88.560425 0.881009 -6.107070 1.925240 -1.412573 0.782088 -3.075545 0.000000 -0.000000 -0.000001
0.000000 0.000000 0.000000 0.000000 -0.000000 0.000000 0.304069 -41.341206 6.681461 -0.222796 0.313215 -12.542786 -0.723365 0.028588 16.326094 -0.703023 -0.312423 4.065347 -0.696004 -1.821321 29.074060 0.642529 2.204719 -12.428160 -0.689049 -0.842295 -3.653486 1.731960 -0.810600 -38.022564 0.000077 -0.000022 0.000006 -0.031470 -0.090182 0.059936 0.438936 -3.890145 -10.398667 -0.511273 3.704706 -10.378946 -14.122707 -6.556664 19.401026 -50.852512 4.584778 12.412420 -178.565170 -64.704048 179.207916 20.103065 -22.013121 42.567848 -5.882102 9.861279 0.702590 -10.936861 -0.360574 7.156197 0.000000 8.774815 -0.000000 -15.961861 18.521685 6.261393 -1.844031 2.498503 -2.507276 -10.163590 4.678941 4.621104 -20.975996 -0.000001 0.000001 -21.226254 2.451698 -3.593995 0.000000 -0.000006 -0.000000 -1.362681 2.240797 -0.746323 -21.334892 0.584910 3.008319 -13.821196 -0.000001 0.000001 -23.887129 -0.249075 -0.839485 -60.567051 2.764494 -1.684398 -0.294025 1.679686 0.833255 -14.218195 0.093215 1.300579 -34.212002 -0.287561 0.967166 -20.033176 0.964536 1.212838 0.000000 -0.000000 0.000000 -3.440387 0.788233 0.501655 -15.928172 -3.167306 2.999703 -6.338817 -0.000000 0.000001 -18.123419 3.648181 -4.905662 -0.000004 0.000000 -0.000002 18.680374 9.662982 20.810160 40.966503 5.364835 21.190336 179.925858 67.364029 179.521286 -32.681419 15.317632 56.622894 2.243540 -5.255033 -3.180156 14.282877 -0.826594 6.952496 -0.000000 -12.690593 -0.000001 15.996179 -18.006388 2.417220 1.665665 -1.955920 -2.878297 4.727794 -4.170584 4.993919 11.020511 0.000001 -0.000000 12.109032 -3.735715 -2.866778 0.000000 -0.000000 0.000000 1.291985 -1.928548 -1.498088 14.800115 0.567467 3.865604 14.242553 -1.341738 -6.660648 19.631935 0.143921 -0.648243 50.482189 -1.230827 -6.304008 0.353029 -1.511150 -0.031940 20.222769 3.684305 2.316629 18.787249 0.000001 -0.000001 10.751608 -0.479870 1.397903 0.000000 -0.000000 0.000000 3.273804 0.305947 -0.580110 21.486790 11.830364 2.266131 8.162915 0.000000 -0.000000 18.399052 -3.798986 -4.940567 0.000003 0.000000 -0.000001 2.059354 15.467811 -75.657990 -0.388595 0.025956 91.373955 3.203507 -0.214986 -2.583164 1.659606 -1.912148 -2.690165 0.000000 -0.000000 0.000002 -2.444153 -11.570751 -75.786484 0.103437 0.056258 88.373421 0.736659 -5.791152 1.703533 -1.423660 0.776526 -3.079139 0.000000 -0.000000 -0.000001
0.000000 0.000000 0.000000 0.000000 -0.000000 0.000000 0.118317 -41.036561 7.238646 -0.576729 0.448667 -8.618477 -0.765578 -0.062948 16.830784 -0.748244 -0.346687 4.288141 -0.669854 -1.824561 28.767883 1.030324 2.166168 -14.310966 -0.566002 -0.467681 -3.669217 1.640491 -0.455941 -40.605129 0.000077 -0.000022 0.000006 -0.029624 -0.091192 0.084865 0.428486 -3.920870 -10.426604 -0.497410 3.733611 -10.394991 -13.340660 -7.135719 19.030231 -50.785885 6.719258 13.323319 -177.601196 -63.324318 179.249924 22.430918 -23.721106 41.964981 -5.882102 9.861279 0.702590 -10.936861 -0.360574 7.156197 0.000000 8.774815 -0.000000 -16.043530 18.696215 6.322886 -1.844031 2.498503 -2.507276 -10.163590 4.678941 4.621104 -20.975996 -0.000001 0.000001 -21.226254 2.451698 -3.593995 0.000000 -0.000006 -0.000000 -1.362681 2.240797 -0.746323 -21.334892 0.584910 3.008319 -13.821196 -0.000001 0.000001 -23.887129 -0.249075 -0.839485 -60.691601 2.783217 -1.658728 -0.294025 1.679686 0.833255 -14.218195 0.093215 1.300579 -34.212002 -0.287561 0.967166 -20.033176 0.964536 1.212838 0.000000 -0.000000 0.000000 -3.440387 0.788233 0.501655 -15.928172 -3.167306 2.999703 -6.338817 -0.000000 0.000001 -18.123419 3.648181 -4.905662 -0.000004 0.000000 -0.000002 17.810400 9.996484 20.519354 40.465191 3.718323 21.882299 179.062622 66.015121 178.846207 -34.545143 18.332718 55.752258 2.243540 -5.255033 -3.180156 14.282877 -0.826594 6.952496 -0.000000 -12.690593 -0.000001 15.844628 -17.924271 2.466350 1.665665 -1.955920 -2.878297 4.727794 -4.170584 4.993919 11.020511 0.000001 -0.000000 12.109032 -3.735715 -2.866778 0.000000 -0.000000 0.000000 1.291985 -1.928548 -1.498088 14.800115 0.567467 3.865604 14.242553 -1.341738 -6.660648 19.631935 0.143921 -0.648243 50.400162 -1.193786 -6.229120 0.353029 -1.511150 -0.031940 20.222769 3.684305 2.316629 18.787249 0.000001 -0.000001 10.751608 -0.479870 1.397903 0.000000 -0.000000 0.000000 3.273804 0.305947 -0.580110 21.486790 11.830364 2.266131 8.162915 0.000000 -0.000000 18.399052 -3.798986 -4.940567 0.000003 0.000000 -0.000001 1.035842 16.144026 -79.759407 -0.405655 0.048092 91.282730 3.420633 -0.493739 -2.928316 1.655766 -1.926984 -2.643821 0.000000 -0.000000 0.000002 -1.124110 -11.961288 -79.563957 0.040411 0.013426 88.247444 0.618739 -5.366241 1.110546 -1.436772 0.796711 -3.042402 0.000000 -0.000000 -0.000001
0.000000 0.000000 0.000000 0.000000 -0.000000 0.000000 -0.107362 -40.633347 7.997161 -0.918945 0.604180 -4.267438 -0.770686 -0.154019 17.181526 -0.794189 -0.325407 4.489914 -0.602873 -1.853166 28.242119 1.269371 2.170155 -16.314535 -0.465954 -0.130598 -3.680519 1.545169 -0.184064 -43.244812 0.000077 -0.000022 0.000006 -0.032020 -0.103107 0.107930 0.416563 -3.964304 -10.460048 -0.490569 3.753326 -10.410648 -12.514086 -7.488683 18.498587 -50.986172 9.232928 14.380132 -175.839859 -62.014793 178.625580 25.144770 -25.513548 41.425240 -5.882102 9.861279 0.702590 -10.936861 -0.360574 7.156197 0.000000 8.774815 -0.000000 -16.147581 18.843052 6.323019 -1.844031 2.498503 -2.507276 -10.163590 4.678941 4.621104 -20.975996 -0.000001 0.000001 -21.226254 2.451698 -3.593995 0.000000 -0.000006 -0.000000 -1.362681 2.240797 -0.746323 -21.334892 0.584910 3.008319 -13.821196 -0.000001 0.000001 -23.887129 -0.249075 -0.839485 -60.799129 2.776937 -1.642227 -0.294025 1.679686 0.833255 -14.218195 0.093215 1.300579 -34.212002 -0.287561 0.967166 -20.033176 0.964536 1.212838 0.000000 -0.000000 0.000000 -3.440387 0.788233 0.501655 -15.928172 -3.167306 2.999703 -6.338817 -0.000000 0.000001 -18.123419 3.648181 -4.905662 -0.000004 0.000000 -0.000002 16.978107 10.315427 20.258432 39.876659 1.653812 22.809616 178.066193 64.548256 178.217575 -36.478416 21.736141 54.779274 2.243540 -5.255033 -3.180156 14.282877 -0.826594 6.952496 -0.000000 -12.690593 -0.000001 15.585928 -17.781061 2.582038 1.665665 -1.955920 -2.878297 4.727794 -4.170584 4.993919 11.020511 0.000001 -0.000000 12.109032 -3.735715 -2.866778 0.000000 -0.000000 0.000000 1.291985 -1.928548 -1.498088 14.800115 0.567467 3.865604 14.242553 -1.341738 -6.660648 19.631935 0.143921 -0.648243 50.230995 -1.143943 -6.120271 0.353029 -1.511150 -0.031940 20.222769 3.684305 2.316629 18.787249 0.000001 -0.000001 10.751608 -0.479870 1.397903 0.000000 -0.000000 0.000000 3.273804 0.305947 -0.580110 21.486790 11.830364 2.266131 8.162915 0.000000 -0.000000 18.399052 -3.798986 -4.940567 0.000003 0.000000 -0.000001 -0.209539 16.842539 -84.202827 -0.419779 0.062511 91.190895 3.428217 -0.971618 -3.303874 1.650582 -1.937412 -2.555788 0.000000 -0.000000 0.000002 0.344432 -12.261484 -83.621552 -0.032365 -0.037456 88.117889 0.587417 -4.806921 0.285286 -1.449278 0.834161 -2.951036 0.000000 -0.000000 -0.000001
0.000000 0.000000 0.000000 0.000000 -0.000000 0.000000 -0.346739 -40.043519 8.957032 -1.201715 0.752412 0.423325 -0.746549 -0.224412 17.336058 -0.836598 -0.247973 4.694084 -0.499781 -1.914871 27.510500 1.318623 2.189134 -18.375866 -0.408327 0.114877 -3.698979 1.472345 -0.020289 -45.805855 0.000077 -0.000022 0.000006 -0.037235 -0.118258 0.124707 0.405639 -4.007927 -10.494339 -0.490449 3.766118 -10.420558 -11.597864 -7.570790 17.763035 -51.467464 12.046695 15.722325 -173.603165 -60.690144 177.513107 28.009882 -27.613550 41.257778 -5.882102 9.861279 0.702590 -10.936861 -0.360574 7.156197 0.000000 8.774815 -0.000000 -16.267269 18.926037 6.220051 -1.844031 2.498503 -2.507276 -10.163590 4.678941 4.621104 -20.975996 -0.000001 0.000001 -21.226254 2.451698 -3.593995 0.000000 -0.000006 -0.000000 -1.362681 2.240797 -0.746323 -21.334892 0.584910 3.008319 -13.821196 -0.000001 0.000001 -23.887129 -0.249075 -0.839485 -60.876965 2.745469 -1.648476 -0.294025 1.679686 0.833255 -14.218195 0.093215 1.300579 -34.212002 -0.287561 0.967166 -20.033176 0.964536 1.212838 0.000000 -0.000000 0.000000 -3.440387 0.788233 0.501655 -15.928172 -3.167306 2.999703 -6.338817 -0.000000 0.000001 -18.123419 3.648181 -4.905662 -0.000004 0.000000 -0.000002 16.167147 10.605714 19.963633 39.310894 -0.825465 23.955221 177.150192 62.834557 177.901062 -38.351917 25.149765 54.020123 2.243540 -5.255033 -3.180156 14.282877 -0.826594 6.952496 -0.000000 -12.690593 -0.000001 15.299615 -17.597519 2.709054 1.665665 -1.955920 -2.878297 4.727794 -4.170584 4.993919 11.020511 0.000001 -0.000000 12.109032 -3.735715 -2.866778 0.000000 -0.000000 0.000000 1.291985 -1.928548 -1.498088 14.800115 0.567467 3.865604 14.242553 -1.341738 -6.660648 19.631935 0.143921 -0.648243 49.972145 -1.098323 -6.037502 0.353029 -1.511150 -0.031940 20.222769 3.684305 2.316629 18.787249 0.000001 -0.000001 10.751608 -0.479870 1.397903 0.000000 -0.000000 0.000000 3.273804 0.305947 -0.580110 21.486790 11.830364 2.266131 8.162915 0.000000 -0.000000 18.399052 -3.798986 -4.940567 0.000003 0.000000 -0.000001 -1.677411 17.455507 -88.779930 -0.425063 0.060395 91.001610 3.347221 -1.498930 -3.567840 1.644525 -1.942358 -2.444311 0.000000 -0.000000 0.000002 1.834797 -12.387361 -87.786156 -0.110176 -0.091265 87.898949 0.631290 -4.198474 -0.533992 -1.454900 0.876354 -2.861453 0.000000 -0.000000 -0.000001
0.000000 0.000000 0.000000 0.000000 -0.000000 0.000000 -0.587783 -39.243702 10.138254 -1.442965 0.938089 5.133842 -0.688560 -0.270308 17.375387 -0.860830 -0.181450 4.891433 -0.377768 -1.975924 26.625134 1.309954 2.169840 -20.292553 -0.388024 0.321978 -3.734648 1.372038 0.068954 -48.054234 0.000077 -0.000022 0.000006 -0.041232 -0.130297 0.134516 0.392610 -4.042375 -10.527226 -0.485858 3.775315 -10.428204 -10.662729 -7.456947 16.942171 -52.145458 14.853784 17.303917 -171.448486 -59.493092 176.180984 30.717213 -30.116142 41.733257 -5.882102 9.861279 0.702590 -10.936861 -0.360574 7.156197 0.000000 8.774815 -0.000000 -16.402559 18.958492 6.028119 -1.844031 2.498503 -2.507276 -10.163590 4.678941 4.621104 -20.975996 -0.000001 0.000001 -21.226254 2.451698 -3.593995 0.000000 -0.000006 -0.000000 -1.362681 2.240797 -0.746323 -21.334892 0.584910 3.008319 -13.821196 -0.000001 0.000001 -23.887129 -0.249075 -0.839485 -60.956139 2.673718 -1.675262 -0.294025 1.679686 0.833255 -14.218195 0.093215 1.300579 -34.212002 -0.287561 0.967166 -20.033176 0.964536 1.212838 0.000000 -0.000000 0.000000 -3.440387 0.788233 0.501655 -15.928172 -3.167306 2.999703 -6.338817 -0.000000 0.000001 -18.123419 3.648181 -4.905662 -0.000004 0.000000 -0.000002 15.380956 10.836368 19.574116 38.958073 -3.541657 25.032665 176.260147 60.997215 177.806259 -40.125546 28.164408 53.586636 2.243540 -5.255033 -3.180156 14.282877 -0.826594 6.952496 -0.000000 -12.690593 -0.000001 15.090838 -17.449591 2.797897 1.665665 -1.955920 -2.878297 4.727794 -4.170584 4.993919 11.020511 0.000001 -0.000000 12.109032 -3.735715 -2.866778 0.000000 -0.000000 0.000000 1.291985 -1.928548 -1.498088 14.800115 0.567467 3.865604 14.242553 -1.341738 -6.660648 19.631935 0.143921 -0.648243 49.731255 -1.054525 -6.003844 0.353029 -1.511150 -0.031940 20.222769 3.684305 2.316629 18.787249 0.000001 -0.000001 10.751608 -0.479870 1.397903 0.000000 -0.000000 0.000000 3.273804 0.305947 -0.580110 21.486790 11.830364 2.266131 8.162915 0.000000 -0.000000 18.399052 -3.798986 -4.940567 0.000003 0.000000 -0.000001 -3.211637 17.909861 -92.993523 -0.412223 0.042058 90.629158 3.207650 -2.044530 -4.035319 1.636915 -1.933024 -2.313964 0.000000 -0.000000 0.000002 3.261501 -12.404233 -91.667778 -0.169589 -0.139870 87.617470 0.833272 -3.602210 -1.345479 -1.451830 0.922124 -2.769345 0.000000 -0.000000 -0.000001
0.000000 0.000000 0.000000 0.000000 -0.000000 0.000000 -0.833869 -38.203625 11.518393 -1.638346 1.176603 9.580739 -0.631264 -0.295177 17.355995 -0.859877 -0.147141 5.070674 -0.255754 -2.010521 25.677153 1.397895 2.125640 -21.912510 -0.379119 0.516540 -3.774370 1.219876 0.160813 -49.899803 0.000077 -0.000022 0.000006 -0.043488 -0.141805 0.140903 0.372836 -4.067168 -10.543990 -0.470807 3.775585 -10.423661 -9.785870 -7.288291 16.104300 -52.946335 17.149597 19.024679 -170.061783 -58.641708 175.271103 33.057739 -32.899803 42.740746 -5.882102 9.861279 0.702590 -10.936861 -0.360574 7.156197 0.000000 8.774815 -0.000000 -16.516953 18.989025 5.794718 -1.844031 2.498503 -2.507276 -10.163590 4.678941 4.621104 -20.975996 -0.000001 0.000001 -21.226254 2.451698 -3.593995 0.000000 -0.000006 -0.000000 -1.362681 2.240797 -0.746323 -21.334892 0.584910 3.008319 -13.821196 -0.000001 0.000001 -23.887129 -0.249075 -0.839485 -60.983788 2.568858 -1.710737 -0.294025 1.679686 0.833255 -14.218195 0.093215 1.300579 -34.212002 -0.287561 0.967166 -20.033176 0.964536 1.212838 0.000000 -0.000000 0.000000 -3.440387 0.788233 0.501655 -15.928172 -3.167306 2.999703 -6.338817 -0.000000 0.000001 -18.123419 3.648181 -4.905662 -0.000004 0.000000 -0.000002 14.727094 11.043781 19.091154 38.907566 -6.108786 25.615372 175.280777 59.225792 177.726349 -41.883411 30.656013 53.487480 2.243540 -5.255033 -3.180156 14.282877 -0.826594 6.952496 -0.000000 -12.690593 -0.000001 14.941254 -17.342430 2.849686 1.665665 -1.955920 -2.878297 4.727794 -4.170584 4.993919 11.020511 0.000001 -0.000000 12.109032 -3.735715 -2.866778 0.000000 -0.000000 0.000000 1.291985 -1.928548 -1.498088 14.800115 0.567467 3.865604 14.242553 -1.341738 -6.660648 19.631935 0.143921 -0.648243 49.571480 -1.015153 -6.003521 0.353029 -1.511150 -0.031940 20.222769 3.684305 2.316629 18.787249 0.000001 -0.000001 10.751608 -0.479870 1.397903 0.000000 -0.000000 0.000000 3.273804 0.305947 -0.580110 21.486790 11.830364 2.266131 8.162915 0.000000 -0.000000 18.399052 -3.798986 -4.940567 0.000003 0.000000 -0.000001 -4.639484 18.202965 -96.458733 -0.395160 0.020490 90.020042 3.082981 -2.579082 -4.713710 1.628988 -1.921366 -2.187282 0.000000 -0.000000 0.000002 4.573230 -12.384065 -94.893890 -0.209750 -0.183384 87.205376 1.173555 -3.056212 -2.239132 -1.443634 0.970681 -2.664684 0.000000 -0.000000 -0.000001
0.000000 0.000000 0.000000 0.000000 -0.000000 0.000000 -1.083884 -36.916699 13.040705 -1.833755 1.491691 13.676026 -0.565750 -0.311515 17.303619 -0.842127 -0.142308 5.219656 -0.122337 -2.016247 24.706095 1.679078 2.111171 -23.268616 -0.404789 0.694968 -3.804244 1.040112 0.298617 -51.434048 0.000077 -0.000022 0.000006 -0.044692 -0.155276 0.151785 0.348989 -4.087324 -10.535210 -0.449224 3.767577 -10.397895 -8.985282 -7.161060 15.326410 -53.748985 18.668756 20.818556 -169.626617 -58.247875 174.931213 35.146736 -35.742290 43.793217 -5.882102 9.861279 0.702590 -10.936861 -0.360574 7.156197 0.000000 8.774815 -0.000000 -16.563368 19.041832 5.605652 -1.844031 2.498503 -2.507276 -10.163590 4.678941 4.621104 -20.975996 -0.000001 0.000001 -21.226254 2.451698 -3.593995 0.000000 -0.000006 -0.000000 -1.362681 2.240797 -0.746323 -21.334892 0.584910 3.008319 -13.821196 -0.000001 0.000001 -23.887129 -0.249075 -0.839485 -60.996979 2.447766 -1.759001 -0.294025 1.679686 0.833255 -14.218195 0.093215 1.300579 -34.212002 -0.287561 0.967166 -20.033176 0.964536 1.212838 0.000000 -0.000000 0.000000 -3.440387 0.788233 0.501655 -15.928172 -3.167306 2.999703 -6.338817 -0.000000 0.000001 -18.123419 3.648181 -4.905662 -0.000004 0.000000 -0.000002 14.250580 11.239439 18.536554 39.095013 -8.217889 25.729614 174.402939 57.802422 177.639481 -43.564976 32.670048 53.401665 2.243540 -5.255033 -3.180156 14.282877 -0.826594 6.952496 -0.000000 -12.690593 -0.000001 14.830721 -17.247051 2.876061 1.665665 -1.955920 -2.878297 4.727794 -4.170584 4.993919 11.020511 0.000001 -0.000000 12.109032 -3.735715 -2.866778 0.000000 -0.000000 0.000000 1.291985 -1.928548 -1.498088 14.800115 0.567467 3.865604 14.242553 -1.341738 -6.660648 19.631935 0.143921 -0.648243 49.482414 -0.973014 -5.989319 0.353029 -1.511150 -0.031940 20.222769 3.684305 2.316629 18.787249 0.000001 -0.000001 10.751608 -0.479870 1.397903 0.000000 -0.000000 0.000000 3.273804 0.305947 -0.580110 21.486790 11.830364 2.266131 8.162915 0.000000 -0.000000 18.399052 -3.798986 -4.940567 0.000003 0.000000 -0.000001 -5.836577 18.353840 -99.099403 -0.379505 -0.005553 89.117805 2.874290 -3.134369 -5.457734 1.622987 -1.914394 -2.078318 0.000000 -0.000000 0.000002 5.806445 -12.349565 -97.347153 -0.239364 -0.216070 86.559593 1.567572 -2.570531 -3.188066 -1.436422 1.003593 -2.532176 0.000000 -0.000000 -0.000001
0.000000 0.000000 0.000000 0.000000 -0.000000 0.000000 -1.322922 -35.371506 14.638993 -2.029389 1.867433 17.335100 -0.512605 -0.328959 17.218039 -0.813619 -0.148704 5.314253 0.028140 -2.016917 23.792990 2.133344 2.138253 -24.431597 -0.458086 0.859119 -3.824602 0.898295 0.500850 -52.739014 0.000077 -0.000022 0.000006 -0.044686 -0.164911 0.166627 0.329726 -4.099402 -10.508414 -0.429611 3.759622 -10.358595 -8.298232 -7.114714 14.675063 -54.435486 19.378271 22.422997 -169.901886 -58.258434 175.073593 36.972607 -38.190189 44.488190 -5.882102 9.861279 0.702590 -10.936861 -0.360574 7.156197 0.000000 8.774815 -0.000000 -16.548418 19.084682 5.488238 -1.844031 2.498503 -2.507276 -10.163590 4.678941 4.621104 -20.975996 -0.000001 0.000001 -21.226254 2.451698 -3.593995 0.000000 -0.000006 -0.000000 -1.362681 2.240797 -0.746323 -21.334892 0.584910 3.008319 -13.821196 -0.000001 0.000001 -23.887129 -0.249075 -0.839485 -61.031723 2.314611 -1.760935 -0.294025 1.679686 0.833255 -14.218195 0.093215 1.300579 -34.212002 -0.287561 0.967166 -20.033176 0.964536 1.212838 0.000000 -0.000000 0.000000 -3.440387 0.788233 0.501655 -15.928172 -3.167306 2.999703 -6.338817 -0.000000 0.000001 -18.123419 3.648181 -4.905662 -0.000004 0.000000 -0.000002 13.953917 11.478014 17.985937 39.536888 -9.645651 25.370239 173.666229 56.879387 177.515030 -45.211369 34.141670 53.099895 2.243540 -5.255033 -3.180156 14.282877 -0.826594 6.952496 -0.000000 -12.690593 -0.000001 14.811288 -17.192326 2.891778 1.665665 -1.955920 -2.878297 4.727794 -4.170584 4.993919 11.020511 0.000001 -0.000000 12.109032 -3.735715 -2.866778 0.000000 -0.000000 0.000000 1.291985 -1.928548 -1.498088 14.800115 0.567467 3.865604 14.242553 -1.341738 -6.660648 19.631935 0.143921 -0.648243 49.487862 -0.952764 -5.983654 0.353029 -1.511150 -0.031940 20.222769 3.684305 2.316629 18.787249 0.000001 -0.000001 10.751608 -0.479870 1.397903 0.000000 -0.000000 0.000000 3.273804 0.305947 -0.580110 21.486790 11.830364 2.266131 8.162915 0.000000 -0.000000 18.399052 -3.798986 -4.940567 0.000003 0.000000 -0.000001 -6.763951 18.413765 -100.884018 -0.370711 -0.032999 87.900444 2.523701 -3.703468 -5.994917 1.620547 -1.909625 -1.996870 0.000000 -0.000000 0.000002 6.925138 -12.303163 -98.906410 -0.260171 -0.239541 85.538139 1.900212 -2.179319 -4.183156 -1.431776 1.020159 -2.387120 0.000000 -0.000000 -0.000001
0.000000 0.000000 0.000000 0.000000 -0.000000 0.000000 -1.543927 -33.617562 16.274151 -2.221570 2.294447 20.528067 -0.476964 -0.336351 17.074303 -0.781390 -0.178112 5.341159 0.200906 -2.012709 22.963362 2.697404 2.216530 -25.435017 -0.495409 1.019995 -3.834892 0.739896 0.766396 -53.854565 0.000077 -0.000022 0.000006 -0.048907 -0.183314 0.181221 0.310478 -4.119743 -10.478565 -0.418408 3.742527 -10.321346 -7.701481 -7.132496 14.157673 -54.972198 19.386312 23.629242 -170.544601 -58.619511 175.463989 38.587578 -39.871841 44.417900 -5.882102 9.861279 0.702590 -10.936861 -0.360574 7.156197 0.000000 8.774815 -0.000000 -16.512075 19.119617 5.435061 -1.844031 2.498503 -2.507276 -10.163590 4.678941 4.621104 -20.975996 -0.000001 0.000001 -21.226254 2.451698 -3.593995 0.000000 -0.000006 -0.000000 -1.362681 2.240797 -0.746323 -21.334892 0.584910 3.008319 -13.821196 -0.000001 0.000001 -23.887129 -0.249075 -0.839485 -61.116795 2.215289 -1.715553 -0.294025 1.679686 0.833255 -14.218195 0.093215 1.300579 -34.212002 -0.287561 0.967166 -20.033176 0.964536 1.212838 0.000000 -0.000000 0.000000 -3.440387 0.788233 0.501655 -15.928172 -3.167306 2.999703 -6.338817 -0.000000 0.000001 -18.123419 3.648181 -4.905662 -0.000004 0.000000 -0.000002 13.834496 11.745637 17.448244 40.118896 -10.329912 24.712158 173.079529 56.528561 177.317657 -46.618397 35.070877 52.513760 2.243540 -5.255033 -3.180156 14.282877 -0.826594 6.952496 -0.000000 -12.690593 -0.000001 14.836892 -17.181690 2.904257 1.665665 -1.955920 -2.878297 4.727794 -4.170584 4.993919 11.020511 0.000001 -0.000000 12.109032 -3.735715 -2.866778 0.000000 -0.000000 0.000000 1.291985 -1.928548 -1.498088 14.800115 0.567467 3.865604 14.242553 -1.341738 -6.660648 19.631935 0.143921 -0.648243 49.495335 -0.966007 -6.009094 0.353029 -1.511150 -0.031940 20.222769 3.684305 2.316629 18.787249 0.000001 -0.000001 10.751608 -0.479870 1.397903 0.000000 -0.000000 0.000000 3.273804 0.305947 -0.580110 21.486790 11.830364 2.266131 8.162915 0.000000 -0.000000 18.399052 -3.798986 -4.940567 0.000003 0.000000 -0.000001 -7.430367 18.430815 -101.788902 -0.362850 -0.062948 86.297127 2.122227 -4.320230 -6.531070 1.619844 -1.898058 -1.964036 0.000000 -0.000000 0.000002 7.924496 -12.273620 -99.606697 -0.269396 -0.258551 84.125511 2.157352 -1.874045 -5.216144 -1.428560 1.042317 -2.234132 0.000000 -0.000000 -0.000001
0.000000 0.000000 0.000000 0.000000 -0.000000 0.000000 -1.744986 -31.730950 17.927624 -2.403004 2.746408 23.233591 -0.446938 -0.339356 16.871506 -0.753091 -0.228904 5.288654 0.402231 -2.004992 22.194740 3.294120 2.344544 -26.271673 -0.502565 1.174968 -3.829910 0.562350 1.041554 -54.809772 0.000077 -0.000022 0.000006 -0.058003 -0.207616 0.194271 0.284583 -4.149591 -10.456694 -0.410266 3.723310 -10.291661 -7.124703 -7.167779 13.730656 -55.383076 18.819965 24.507528 -171.375610 -59.347458 175.955612 40.148197 -40.730209 43.544357 -5.882102 9.861279 0.702590 -10.936861 -0.360574 7.156197 0.000000 8.774815 -0.000000 -16.448288 19.152142 5.457627 -1.844031 2.498503 -2.507276 -10.163590 4.678941 4.621104 -20.975996 -0.000001 0.000001 -21.226254 2.451698 -3.593995 0.000000 -0.000006 -0.000000 -1.362681 2.240797 -0.746323 -21.334892 0.584910 3.008319 -13.821196 -0.000001 0.000001 -23.887129 -0.249075 -0.839485 -61.271381 2.155535 -1.607009 -0.294025 1.679686 0.833255 -14.218195 0.093215 1.300579 -34.212002 -0.287561 0.967166 -20.033176 0.964536 1.212838 0.000000 -0.000000 0.000000 -3.440387 0.788233 0.501655 -15.928172 -3.167306 2.999703 -6.338817 -0.000000 0.000001 -18.123419 3.648181 -4.905662 -0.000004 0.000000 -0.000002 13.806265 12.004883 16.966347 40.789993 -10.328480 23.980316 172.674042 56.752468 177.053070 -47.577259 35.455315 51.857738 2.243540 -5.255033 -3.180156 14.282877 -0.826594 6.952496 -0.000000 -12.690593 -0.000001 14.890158 -17.222992 2.946667 1.665665 -1.955920 -2.878297 4.727794 -4.170584 4.993919 11.020511 0.000001 -0.000000 12.109032 -3.735715 -2.866778 0.000000 -0.000000 0.000000 1.291985 -1.928548 -1.498088 14.800115 0.567467 3.865604 14.242553 -1.341738 -6.660648 19.631935 0.143921 -0.648243 49.541359 -0.999428 -6.048037 0.353029 -1.511150 -0.031940 20.222769 3.684305 2.316629 18.787249 0.000001 -0.000001 10.751608 -0.479870 1.397903 0.000000 -0.000000 0.000000 3.273804 0.305947 -0.580110 21.486790 11.830364 2.266131 8.162915 0.000000 -0.000000 18.399052 -3.798986 -4.940567 0.000003 0.000000 -0.000001 -7.880836 18.466902 -101.909027 -0.365347 -0.094661 84.385231 1.660672 -4.979532 -7.072477 1.621187 -1.901933 -1.946589 0.000000 -0.000000 0.000002 8.788644 -12.270638 -99.533470 -0.264424 -0.273828 82.386627 2.338600 -1.592760 -6.273217 -1.427369 1.056407 -2.044285 0.000000 -0.000000 -0.000001
0.000000 0.000000 0.000000 0.000000 -0.000000 0.000000 -1.915613 -29.760262 19.582225 -2.569666 3.158748 25.433969 -0.417279 -0.345724 16.601599 -0.716883 -0.293129 5.160297 0.602864 -1.987934 21.483566 3.818680 2.465339 -26.926983 -0.460038 1.297341 -3.815401 0.394064 1.317778 -55.610165 0.000077 -0.000022 0.000006 -0.065539 -0.220754 0.203453 0.262156 -4.171346 -10.442382 -0.402450 3.718817 -10.271178 -6.607390 -7.207498 13.358569 -55.622055 17.853073 25.116447 -172.274048 -60.433487 176.417847 41.640450 -40.913071 42.195007 -5.882102 9.861279 0.702590 -10.936861 -0.360574 7.156197 0.000000 8.774815 -0.000000 -16.362125 19.193201 5.534105 -1.844031 2.498503 -2.507276 -10.163590 4.678941 4.621104 -20.975996 -0.000001 0.000001 -21.226254 2.451698 -3.593995 0.000000 -0.000006 -0.000000 -1.362681 2.240797 -0.746323 -21.334892 0.584910 3.008319 -13.821196 -0.000001 0.000001 -23.887129 -0.249075 -0.839485 -61.472919 2.137774 -1.488859 -0.294025 1.679686 0.833255 -14.218195 0.093215 1.300579 -34.212002 -0.287561 0.967166 -20.033176 0.964536 1.212838 0.000000 -0.000000 0.000000 -3.440387 0.788233 0.501655 -15.928172 -3.167306 2.999703 -6.338817 -0.000000 0.000001 -18.123419 3.648181 -4.905662 -0.000004 0.000000 -0.000002 13.795433 12.247504 16.590696 41.576134 -9.737458 23.453028 172.604111 57.607407 176.893311 -47.953499 35.390358 51.287247 2.243540 -5.255033 -3.180156 14.282877 -0.826594 6.952496 -0.000000 -12.690593 -0.000001 14.953374 -17.325661 3.020708 1.665665 -1.955920 -2.878297 4.727794 -4.170584 4.993919 11.020511 0.000001 -0.000000 12.109032 -3.735715 -2.866778 0.000000 -0.000000 0.000000 1.291985 -1.928548 -1.498088 14.800115 0.567467 3.865604 14.242553 -1.341738 -6.660648 19.631935 0.143921 -0.648243 49.634361 -1.028873 -6.091014 0.353029 -1.511150 -0.031940 20.222769 3.684305 2.316629 18.787249 0.000001 -0.000001 10.751608 -0.479870 1.397903 0.000000 -0.000000 0.000000 3.273804 0.305947 -0.580110 21.486790 11.830364 2.266131 8.162915 0.000000 -0.000000 18.399052 -3.798986 -4.940567 0.000003 0.000000 -0.000001 -8.160162 18.582668 -101.311768 -0.374341 -0.133055 82.226753 1.145024 -5.662883 -7.607449 1.623514 -1.921792 -1.929968 0.000000 -0.000000 0.000002 9.508575 -12.284019 -98.755592 -0.240964 -0.278580 80.361488 2.460614 -1.333833 -7.284258 -1.426734 1.058471 -1.852348 0.000000 -0.000000 -0.000001
0.000000 0.000000 0.000000 0.000000 -0.000000 0.000000 -2.038920 -27.741082 21.240704 -2.736717 3.449451 27.097513 -0.382438 -0.350510 16.264078 -0.672319 -0.362571 4.946882 0.784326 -1.959188 20.848783 4.241724 2.563767 -27.360273 -0.392329 1.388761 -3.794167 0.237107 1.603902 -56.220676 0.000077 -0.000022 0.000006 -0.072664 -0.228491 0.210859 0.243996 -4.186770 -10.423905 -0.398038 3.718800 -10.255571 -6.171841 -7.226800 13.041423 -55.649426 16.529356 25.495991 -173.060562 -61.897079 176.665161 43.028278 -40.471970 40.529564 -5.882102 9.861279 0.702590 -10.936861 -0.360574 7.156197 0.000000 8.774815 -0.000000 -16.285172 19.232849 5.627281 -1.844031 2.498503 -2.507276 -10.163590 4.678941 4.621104 -20.975996 -0.000001 0.000001 -21.226254 2.451698 -3.593995 0.000000 -0.000006 -0.000000 -1.362681 2.240797 -0.746323 -21.334892 0.584910 3.008319 -13.821196 -0.000001 0.000001 -23.887129 -0.249075 -0.839485 -61.671608 2.161242 -1.417089 -0.294025 1.679686 0.833255 -14.218195 0.093215 1.300579 -34.212002 -0.287561 0.967166 -20.033176 0.964536 1.212838 0.000000 -0.000000 0.000000 -3.440387 0.788233 0.501655 -15.928172 -3.167306 2.999703 -6.338817 -0.000000 0.000001 -18.123419 3.648181 -4.905662 -0.000004 0.000000 -0.000002 13.789645 12.428839 16.296022 42.419601 -8.604749 23.331322 172.823059 59.073494 176.845627 -47.670845 34.975578 50.698193 2.243540 -5.255033 -3.180156 14.282877 -0.826594 6.952496 -0.000000 -12.690593 -0.000001 15.046533 -17.455074 3.094332 1.665665 -1.955920 -2.878297 4.727794 -4.170584 4.993919 11.020511 0.000001 -0.000000 12.109032 -3.735715 -2.866778 0.000000 -0.000000 0.000000 1.291985 -1.928548 -1.498088 14.800115 0.567467 3.865604 14.242553 -1.341738 -6.660648 19.631935 0.143921 -0.648243 49.762234 -1.057593 -6.122112 0.353029 -1.511150 -0.031940 20.222769 3.684305 2.316629 18.787249 0.000001 -0.000001 10.751608 -0.479870 1.397903 0.000000 -0.000000 0.000000 3.273804 0.305947 -0.580110 21.486790 11.830364 2.266131 8.162915 0.000000 -0.000000 18.399052 -3.798986 -4.940567 0.000003 0.000000 -0.000001 -8.262687 18.842924 -100.012672 -0.382186 -0.170773 79.892204 0.591480 -6.368602 -8.175648 1.624416 -1.945287 -1.902814 0.000000 -0.000000 0.000002 10.020976 -12.262902 -97.284645 -0.196893 -0.270798 78.089439 2.570317 -1.135356 -8.208221 -1.424491 1.055212 -1.681352 0.000000 -0.000000 -0.000001
0.000000 0.000000 0.000000 0.000000 -0.000000 0.000000 -2.096689 -25.716782 22.869453 -2.875598 3.581065 28.233463 -0.345798 -0.359909 15.851221 -0.623273 -0.435688 4.655967 0.917174 -1.940483 20.277370 4.545067 2.642091 -27.565126 -0.304071 1.463882 -3.769400 0.057497 1.894701 -56.571022 0.000077 -0.000022 0.000006 -0.080940 -0.242315 0.216608 0.228880 -4.205311 -10.398095 -0.398959 3.709700 -10.240957 -5.856025 -7.237957 12.793846 -55.511009 14.917952 25.696457 -173.747864 -63.749672 176.685562 44.170910 -39.610405 38.770565 -5.882102 9.861279 0.702590 -10.936861 -0.360574 7.156197 0.000000 8.774815 -0.000000 -16.248533 19.275785 5.704007 -1.844031 2.498503 -2.507276 -10.163590 4.678941 4.621104 -20.975996 -0.000001 0.000001 -21.226254 2.451698 -3.593995 0.000000 -0.000006 -0.000000 -1.362681 2.240797 -0.746323 -21.334892 0.584910 3.008319 -13.821196 -0.000001 0.000001 -23.887129 -0.249075 -0.839485 -61.812645 2.204248 -1.372617 -0.294025 1.679686 0.833255 -14.218195 0.093215 1.300579 -34.212002 -0.287561 0.967166 -20.033176 0.964536 1.212838 0.000000 -0.000000 0.000000 -3.440387 0.788233 0.501655 -15.928172 -3.167306 2.999703 -6.338817 -0.000000 0.000001 -18.123419 3.648181 -4.905662 -0.000004 0.000000 -0.000002 13.794639 12.558105 16.124496 43.328281 -6.971822 23.499825 173.035706 61.041416 176.682312 -46.725605 34.213825 50.092125 2.243540 -5.255033 -3.180156 14.282877 -0.826594 6.952496 -0.000000 -12.690593 -0.000001 15.169789 -17.576160 3.137287 1.665665 -1.955920 -2.878297 4.727794 -4.170584 4.993919 11.020511 0.000001 -0.000000 12.109032 -3.735715 -2.866778 0.000000 -0.000000 0.000000 1.291985 -1.928548 -1.498088 14.800115 0.567467 3.865604 14.242553 -1.341738 -6.660648 19.631935 0.143921 -0.648243 49.901722 -1.093017 -6.134672 0.353029 -1.511150 -0.031940 20.222769 3.684305 2.316629 18.787249 0.000001 -0.000001 10.751608 -0.479870 1.397903 0.000000 -0.000000 0.000000 3.273804 0.305947 -0.580110 21.486790 11.830364 2.266131 8.162915 0.000000 -0.000000 18.399052 -3.798986 -4.940567 0.000003 0.000000 -0.000001 -8.192321 19.198874 -98.083473 -0.388825 -0.203322 77.452034 0.030065 -6.981316 -8.698051 1.626907 -1.961689 -1.836511 0.000000 -0.000000 0.000002 10.278225 -12.224408 -95.218124 -0.137198 -0.250682 75.620300 2.696573 -0.944109 -8.963879 -1.420260 1.050103 -1.531700 0.000000 -0.000000 -0.000001
0.000000 0.000000 0.000000 0.000000 -0.000000 0.000000 -2.075491 -23.712388 24.455076 -2.964462 3.529666 28.823160 -0.320762 -0.362736 15.387159 -0.564184 -0.504096 4.302936 0.991583 -1.943134 19.751137 4.703993 2.676495 -27.531113 -0.214887 1.556402 -3.740817 -0.107026 2.143257 -56.559502 0.000077 -0.000022 0.000006 -0.088558 -0.255865 0.220164 0.212258 -4.220199 -10.370751 -0.397141 3.697376 -10.229113 -5.670179 -7.232601 12.611381 -55.278625 13.026122 25.706089 -174.225143 -66.048019 176.498550 45.064587 -38.244053 36.876175 -5.882102 9.861279 0.702590 -10.936861 -0.360574 7.156197 0.000000 8.774815 -0.000000 -16.229593 19.331696 5.786341 -1.844031 2.498503 -2.507276 -10.163590 4.678941 4.621104 -20.975996 -0.000001 0.000001 -21.226254 2.451698 -3.593995 0.000000 -0.000006 -0.000000 -1.362681 2.240797 -0.746323 -21.334892 0.584910 3.008319 -13.821196 -0.000001 0.000001 -23.887129 -0.249075 -0.839485 -61.859062 2.264668 -1.318209 -0.294025 1.679686 0.833255 -14.218195 0.093215 1.300579 -34.212002 -0.287561 0.967166 -20.033176 0.964536 1.212838 0.000000 -0.000000 0.000000 -3.440387 0.788233 0.501655 -15.928172 -3.167306 2.999703 -6.338817 -0.000000 0.000001 -18.123419 3.648181 -4.905662 -0.000004 0.000000 -0.000002 13.771237 12.667192 16.037224 44.370743 -4.960805 23.876238 173.175751 63.468586 176.360519 -45.163357 33.138809 49.351910 2.243540 -5.255033 -3.180156 14.282877 -0.826594 6.952496 -0.000000 -12.690593 -0.000001 15.302174 -17.690495 3.152127 1.665665 -1.955920 -2.878297 4.727794 -4.170584 4.993919 11.020511 0.000001 -0.000000 12.109032 -3.735715 -2.866778 0.000000 -0.000000 0.000000 1.291985 -1.928548 -1.498088 14.800115 0.567467 3.865604 14.242553 -1.341738 -6.660648 19.631935 0.143921 -0.648243 50.045773 -1.128414 -6.147510 0.353029 -1.511150 -0.031940 20.222769 3.684305 2.316629 18.787249 0.000001 -0.000001 10.751608 -0.479870 1.397903 0.000000 -0.000000 0.000000 3.273804 0.305947 -0.580110 21.486790 11.830364 2.266131 8.162915 0.000000 -0.000000 18.399052 -3.798986 -4.940567 0.000003 0.000000 -0.000001 -7.938390 19.609594 -95.505348 -0.390906 -0.225498 74.929367 -0.507010 -7.469458 -9.218970 1.630810 -1.964485 -1.710655 0.000000 -0.000000 0.000002 10.232704 -12.189736 -92.563431 -0.071313 -0.222751 72.966301 2.841581 -0.738992 -9.590708 -1.416557 1.052958 -1.353763 0.000000 -0.000000 -0.000001
0.000000 0.000000 0.000000 0.000000 -0.000000 0.000000 -1.981156 -21.702591 26.005073 -2.973723 3.319744 28.902311 -0.307219 -0.341857 14.869414 -0.493108 -0.571391 3.903846 1.003998 -1.976657 19.242811 4.710846 2.681668 -27.307074 -0.129992 1.642513 -3.706272 -0.237940 2.319968 -56.088528 0.000077 -0.000022 0.000006 -0.093866 -0.264344 0.223861 0.197473 -4.224086 -10.343719 -0.392716 3.684700 -10.219126 -5.676465 -7.258848 12.478234 -55.023651 10.919960 25.501245 -174.378479 -68.894081 176.074890 45.652489 -36.423286 34.626713 -5.882102 9.861279 0.702590 -10.936861 -0.360574 7.156197 0.000000 8.774815 -0.000000 -16.214895 19.385166 5.873823 -1.844031 2.498503 -2.507276 -10.163590 4.678941 4.621104 -20.975996 -0.000001 0.000001 -21.226254 2.451698 -3.593995 0.000000 -0.000006 -0.000000 -1.362681 2.240797 -0.746323 -21.334892 0.584910 3.008319 -13.821196 -0.000001 0.000001 -23.887129 -0.249075 -0.839485 -61.840179 2.341083 -1.242609 -0.294025 1.679686 0.833255 -14.218195 0.093215 1.300579 -34.212002 -0.287561 0.967166 -20.033176 0.964536 1.212838 0.000000 -0.000000 0.000000 -3.440387 0.788233 0.501655 -15.928172 -3.167306 2.999703 -6.338817 -0.000000 0.000001 -18.123419 3.648181 -4.905662 -0.000004 0.000000 -0.000002 13.752034 12.786734 16.013474 45.553364 -2.745096 24.227495 173.228531 66.328667 175.890518 -43.035797 31.681614 48.636913 2.243540 -5.255033 -3.180156 14.282877 -0.826594 6.952496 -0.000000 -12.690593 -0.000001 15.430241 -17.805420 3.147201 1.665665 -1.955920 -2.878297 4.727794 -4.170584 4.993919 11.020511 0.000001 -0.000000 12.109032 -3.735715 -2.866778 0.000000 -0.000000 0.000000 1.291985 -1.928548 -1.498088 14.800115 0.567467 3.865604 14.242553 -1.341738 -6.660648 19.631935 0.143921 -0.648243 50.186455 -1.165901 -6.174097 0.353029 -1.511150 -0.031940 20.222769 3.684305 2.316629 18.787249 0.000001 -0.000001 10.751608 -0.479870 1.397903 0.000000 -0.000000 0.000000 3.273804 0.305947 -0.580110 21.486790 11.830364 2.266131 8.162915 0.000000 -0.000000 18.399052 -3.798986 -4.940567 0.000003 0.000000 -0.000001 -7.507637 20.006943 -92.273636 -0.379200 -0.234807 72.282021 -0.996293 -7.758798 -9.661470 1.635191 -1.964821 -1.555376 0.000000 -0.000000 0.000002 9.870153 -12.180269 -89.342949 -0.013710 -0.188645 70.110352 3.022071 -0.523239 -10.043158 -1.415415 1.060609 -1.129341 0.000000 -0.000000 -0.000001
0.000000 0.000000 0.000000 0.000000 -0.000000 0.000000 -1.834190 -19.717377 27.504920 -2.902519 2.994309 28.509621 -0.293315 -0.303657 14.317518 -0.428704 -0.611300 3.485391 0.965017 -2.030893 18.762041 4.590270 2.645870 -26.969145 -0.052819 1.732784 -3.680822 -0.289477 2.432691 -55.071365 0.000077 -0.000022 0.000006 -0.093499 -0.260120 0.225509 0.193590 -4.209083 -10.330387 -0.387876 3.679732 -10.221899 -5.921818 -7.328794 12.446479 -54.819435 8.629527 25.086613 -174.034775 -72.295662 175.259476 45.816555 -34.132492 32.124554 -5.882102 9.861279 0.702590 -10.936861 -0.360574 7.156197 0.000000 8.774815 -0.000000 -16.227974 19.428053 5.960221 -1.844031 2.498503 -2.507276 -10.163590 4.678941 4.621104 -20.975996 -0.000001 0.000001 -21.226254 2.451698 -3.593995 0.000000 -0.000006 -0.000000 -1.362681 2.240797 -0.746323 -21.334892 0.584910 3.008319 -13.821196 -0.000001 0.000001 -23.887129 -0.249075 -0.839485 -61.842289 2.395712 -1.136691 -0.294025 1.679686 0.833255 -14.218195 0.093215 1.300579 -34.212002 -0.287561 0.967166 -20.033176 0.964536 1.212838 0.000000 -0.000000 0.000000 -3.440387 0.788233 0.501655 -15.928172 -3.167306 2.999703 -6.338817 -0.000000 0.000001 -18.123419 3.648181 -4.905662 -0.000004 0.000000 -0.000002 13.792901 12.963133 16.071613 46.852314 -0.584481 24.208529 173.133530 69.539627 175.222992 -40.545452 29.727114 48.207279 2.243540 -5.255033 -3.180156 14.282877 -0.826594 6.952496 -0.000000 -12.690593 -0.000001 15.561646 -17.942421 3.119179 1.665665 -1.955920 -2.878297 4.727794 -4.170584 4.993919 11.020511 0.000001 -0.000000 12.109032 -3.735715 -2.866778 0.000000 -0.000000 0.000000 1.291985 -1.928548 -1.498088 14.800115 0.567467 3.865604 14.242553 -1.341738 -6.660648 19.631935 0.143921 -0.648243 50.294590 -1.184600 -6.196408 0.353029 -1.511150 -0.031940 20.222769 3.684305 2.316629 18.787249 0.000001 -0.000001 10.751608 -0.479870 1.397903 0.000000 -0.000000 0.000000 3.273804 0.305947 -0.580110 21.486790 11.830364 2.266131 8.162915 0.000000 -0.000000 18.399052 -3.798986 -4.940567 0.000003 0.000000 -0.000001 -6.929561 20.359156 -88.457840 -0.355154 -0.233271 69.491982 -1.481382 -7.876948 -10.036489 1.636492 -1.974911 -1.395635 0.000000 -0.000000 0.000002 9.215125 -12.180868 -85.653114 0.032981 -0.151004 67.122650 3.202230 -0.358263 -10.289552 -1.417181 1.072894 -0.912384 0.000000 -0.000000 -0.000001
0.000000 0.000000 0.000000 0.000000 -0.000000 0.000000 -1.651055 -17.755013 28.935039 -2.740380 2.646703 27.750896 -0.265051 -0.250129 13.724785 -0.382076 -0.638290 3.060810 0.893483 -2.088605 18.314087 4.372100 2.625742 -26.608591 0.020366 1.771885 -3.655105 -0.280822 2.463750 -53.576748 0.000077 -0.000022 0.000006 -0.089332 -0.248482 0.225629 0.200463 -4.184067 -10.330692 -0.386018 3.681267 -10.241247 -6.384790 -7.460236 12.526829 -54.754860 6.158252 24.564524 -172.975342 -76.254005 173.930954 45.598331 -31.356607 29.458340 -5.882102 9.861279 0.702590 -10.936861 -0.360574 7.156197 0.000000 8.774815 -0.000000 -16.244616 19.473999 6.039974 -1.844031 2.498503 -2.507276 -10.163590 4.678941 4.621104 -20.975996 -0.000001 0.000001 -21.226254 2.451698 -3.593995 0.000000 -0.000006 -0.000000 -1.362681 2.240797 -0.746323 -21.334892 0.584910 3.008319 -13.821196 -0.000001 0.000001 -23.887129 -0.249075 -0.839485 -61.810631 2.439398 -1.052420 -0.294025 1.679686 0.833255 -14.218195 0.093215 1.300579 -34.212002 -0.287561 0.967166 -20.033176 0.964536 1.212838 0.000000 -0.000000 0.000000 -3.440387 0.788233 0.501655 -15.928172 -3.167306 2.999703 -6.338817 -0.000000 0.000001 -18.123419 3.648181 -4.905662 -0.000004 0.000000 -0.000002 13.964085 13.187731 16.214613 48.212463 1.393162 23.564692 172.772034 73.034760 174.259949 -37.608673 27.359545 48.151680 2.243540 -5.255033 -3.180156 14.282877 -0.826594 6.952496 -0.000000 -12.690593 -0.000001 15.680993 -18.060045 3.064798 1.665665 -1.955920 -2.878297 4.727794 -4.170584 4.993919 11.020511 0.000001 -0.000000 12.109032 -3.735715 -2.866778 0.000000 -0.000000 0.000000 1.291985 -1.928548 -1.498088 14.800115 0.567467 3.865604 14.242553 -1.341738 -6.660648 19.631935 0.143921 -0.648243 50.337070 -1.156976 -6.214784 0.353029 -1.511150 -0.031940 20.222769 3.684305 2.316629 18.787249 0.000001 -0.000001 10.751608 -0.479870 1.397903 0.000000 -0.000000 0.000000 3.273804 0.305947 -0.580110 21.486790 11.830364 2.266131 8.162915 0.000000 -0.000000 18.399052 -3.798986 -4.940567 0.000003 0.000000 -0.000001 -6.266112 20.593229 -84.191383 -0.304518 -0.216873 66.497063 -1.979598 -7.941601 -10.230471 1.633829 -1.990172 -1.231218 0.000000 -0.000000 0.000002 8.323311 -12.201283 -81.609283 0.071089 -0.110951 63.990002 3.429247 -0.317904 -10.309299 -1.420485 1.087566 -0.707674 0.000000 -0.000000 -0.000001
0.000000 0.000000 0.000000 0.000000 -0.000000 0.000000 -1.443617 -15.812325 30.298565 -2.490093 2.302599 26.727726 -0.233698 -0.189951 13.070399 -0.354694 -0.653631 2.622600 0.783786 -2.133953 17.895544 4.125798 2.627450 -26.229521 0.068747 1.756754 -3.627467 -0.219249 2.393097 -51.710857 0.000077 -0.000022 0.000006 -0.082615 -0.229799 0.221213 0.216667 -4.152638 -10.347152 -0.388322 3.691021 -10.277072 -7.001752 -7.645916 12.709561 -54.878281 3.566579 24.130016 -170.789520 -80.667648 171.628143 44.925297 -28.224783 26.693802 -5.882102 9.861279 0.702590 -10.936861 -0.360574 7.156197 0.000000 8.774815 -0.000000 -16.233862 19.497210 6.108999 -1.844031 2.498503 -2.507276 -10.163590 4.678941 4.621104 -20.975996 -0.000001 0.000001 -21.226254 2.451698 -3.593995 0.000000 -0.000006 -0.000000 -1.362681 2.240797 -0.746323 -21.334892 0.584910 3.008319 -13.821196 -0.000001 0.000001 -23.887129 -0.249075 -0.839485 -61.765087 2.491735 -0.990389 -0.294025 1.679686 0.833255 -14.218195 0.093215 1.300579 -34.212002 -0.287561 0.967166 -20.033176 0.964536 1.212838 0.000000 -0.000000 0.000000 -3.440387 0.788233 0.501655 -15.928172 -3.167306 2.999703 -6.338817 -0.000000 0.000001 -18.123419 3.648181 -4.905662 -0.000004 0.000000 -0.000002 14.236970 13.422370 16.357040 49.657459 3.191172 22.329350 171.866302 76.741539 172.780243 -34.398930 24.728794 48.572937 2.243540 -5.255033 -3.180156 14.282877 -0.826594 6.952496 -0.000000 -12.690593 -0.000001 15.831525 -18.184212 2.998408 1.665665 -1.955920 -2.878297 4.727794 -4.170584 4.993919 11.020511 0.000001 -0.000000 12.109032 -3.735715 -2.866778 0.000000 -0.000000 0.000000 1.291985 -1.928548 -1.498088 14.800115 0.567467 3.865604 14.242553 -1.341738 -6.660648 19.631935 0.143921 -0.648243 50.380196 -1.120225 -6.260592 0.353029 -1.511150 -0.031940 20.222769 3.684305 2.316629 18.787249 0.000001 -0.000001 10.751608 -0.479870 1.397903 0.000000 -0.000000 0.000000 3.273804 0.305947 -0.580110 21.486790 11.830364 2.266131 8.162915 0.000000 -0.000000 18.399052 -3.798986 -4.940567 0.000003 0.000000 -0.000001 -5.585159 20.705137 -79.573624 -0.238081 -0.188181 63.226173 -2.489104 -7.982046 -10.235618 1.628565 -2.021288 -1.073382 0.000000 -0.000000 0.000002 7.260661 -12.225841 -77.267227 0.110745 -0.065444 60.625641 3.654421 -0.468103 -10.182235 -1.421822 1.095918 -0.511895 0.000000 -0.000000 -0.000001
0.000000 0.000000 0.000000 0.000000 -0.000000 0.000000 -1.230596 -13.889191 31.634020 -2.196011 1.985932 25.537209 -0.191848 -0.133293 12.349996 -0.349984 -0.647666 2.186975 0.643030 -2.175922 17.507662 3.888337 2.679134 -25.808361 0.052507 1.671976 -3.599544 -0.110810 2.211707 -49.693771 0.000077 -0.000022 0.000006 -0.071704 -0.199595 0.213212 0.240920 -4.112267 -10.370149 -0.390217 3.714342 -10.319189 -7.703433 -7.891944 12.951771 -55.134548 1.087085 23.984743 -166.038834 -85.145706 166.724121 43.735928 -25.084734 24.263323 -5.882102 9.861279 0.702590 -10.936861 -0.360574 7.156197 0.000000 8.774815 -0.000000 -16.225414 19.515778 6.165270 -1.844031 2.498503 -2.507276 -10.163590 4.678941 4.621104 -20.975996 -0.000001 0.000001 -21.226254 2.451698 -3.593995 0.000000 -0.000006 -0.000000 -1.362681 2.240797 -0.746323 -21.334892 0.584910 3.008319 -13.821196 -0.000001 0.000001 -23.887129 -0.249075 -0.839485 -61.710133 2.546130 -0.932631 -0.294025 1.679686 0.833255 -14.218195 0.093215 1.300579 -34.212002 -0.287561 0.967166 -20.033176 0.964536 1.212838 0.000000 -0.000000 0.000000 -3.440387 0.788233 0.501655 -15.928172 -3.167306 2.999703 -6.338817 -0.000000 0.000001 -18.123419 3.648181 -4.905662 -0.000004 0.000000 -0.000002 14.576761 13.612484 16.478807 51.071396 4.879921 20.667776 169.349091 80.448608 169.711487 -31.228765 22.155939 49.329639 2.243540 -5.255033 -3.180156 14.282877 -0.826594 6.952496 -0.000000 -12.690593 -0.000001 15.984612 -18.259888 2.898207 1.665665 -1.955920 -2.878297 4.727794 -4.170584 4.993919 11.020511 0.000001 -0.000000 12.109032 -3.735715 -2.866778 0.000000 -0.000000 0.000000 1.291985 -1.928548 -1.498088 14.800115 0.567467 3.865604 14.242553 -1.341738 -6.660648 19.631935 0.143921 -0.648243 50.360786 -1.081905 -6.336091 0.353029 -1.511150 -0.031940 20.222769 3.684305 2.316629 18.787249 0.000001 -0.000001 10.751608 -0.479870 1.397903 0.000000 -0.000000 0.000000 3.273804 0.305947 -0.580110 21.486790 11.830364 2.266131 8.162915 0.000000 -0.000000 18.399052 -3.798986 -4.940567 0.000003 0.000000 -0.000001 -4.885381 20.713013 -74.703033 -0.173857 -0.158753 59.665577 -3.021105 -7.978375 -10.046972 1.625119 -2.069103 -0.949181 0.000000 -0.000000 0.000002 6.113258 -12.217428 -72.698204 0.142074 -0.022449 57.026428 3.887432 -0.781771 -9.890538 -1.420485 1.097430 -0.332443 0.000000 -0.000000 -0.000001
0.000000 0.000000 0.000000 0.000000 -0.000000 0.000000 -1.022701 -11.996270 32.975611 -1.888699 1.706637 24.231991 -0.153955 -0.084292 11.586722 -0.352626 -0.614347 1.753403 0.485187 -2.228100 17.133333 3.666489 2.777677 -25.244099 -0.026336 1.504840 -3.560418 0.016970 1.960408 -47.708572 0.000077 -0.000022 0.000006 -0.062080 -0.172684 0.204216 0.267677 -4.078773 -10.395085 -0.397168 3.736351 -10.363551 -8.423917 -8.129602 13.220993 -55.389034 -1.088557 24.117170 -126.644455 -88.970734 127.058868 42.020245 -22.163122 22.437897 -5.882102 9.861279 0.702590 -10.936861 -0.360574 7.156197 0.000000 8.774815 -0.000000 -16.200172 19.533661 6.199886 -1.844031 2.498503 -2.507276 -10.163590 4.678941 4.621104 -20.975996 -0.000001 0.000001 -21.226254 2.451698 -3.593995 0.000000 -0.000006 -0.000000 -1.362681 2.240797 -0.746323 -21.334892 0.584910 3.008319 -13.821196 -0.000001 0.000001 -23.887129 -0.249075 -0.839485 -61.613361 2.608993 -0.893608 -0.294025 1.679686 0.833255 -14.218195 0.093215 1.300579 -34.212002 -0.287561 0.967166 -20.033176 0.964536 1.212838 0.000000 -0.000000 0.000000 -3.440387 0.788233 0.501655 -15.928172 -3.167306 2.999703 -6.338817 -0.000000 0.000001 -18.123419 3.648181 -4.905662 -0.000004 0.000000 -0.000002 14.884376 13.673500 16.538877 52.340599 6.479444 19.045158 162.837357 83.853561 162.716797 -28.414894 19.771967 49.819984 2.243540 -5.255033 -3.180156 14.282877 -0.826594 6.952496 -0.000000 -12.690593 -0.000001 16.084740 -18.267500 2.776463 1.665665 -1.955920 -2.878297 4.727794 -4.170584 4.993919 11.020511 0.000001 -0.000000 12.109032 -3.735715 -2.866778 0.000000 -0.000000 0.000000 1.291985 -1.928548 -1.498088 14.800115 0.567467 3.865604 14.242553 -1.341738 -6.660648 19.631935 0.143921 -0.648243 50.246243 -1.049571 -6.414599 0.353029 -1.511150 -0.031940 20.222769 3.684305 2.316629 18.787249 0.000001 -0.000001 10.751608 -0.479870 1.397903 0.000000 -0.000000 0.000000 3.273804 0.305947 -0.580110 21.486790 11.830364 2.266131 8.162915 0.000000 -0.000000 18.399052 -3.798986 -4.940567 0.000003 0.000000 -0.000001 -4.146388 20.616278 -69.619743 -0.127151 -0.136788 55.811565 -3.536118 -7.894547 -9.704000 1.625752 -2.104444 -0.850280 0.000000 -0.000000 0.000002 4.963758 -12.188982 -67.969063 0.168631 0.024137 53.242859 4.158143 -1.184855 -9.384060 -1.417502 1.097583 -0.173807 0.000000 -0.000000 -0.000001
0.000000 0.000000 0.000000 0.000000 -0.000000 0.000000 -0.841065 -10.135453 34.368711 -1.590137 1.456905 22.798166 -0.115908 -0.037337 10.799452 -0.360998 -0.582699 1.295083 0.315815 -2.250405 16.733377 3.467538 2.872268 -24.415928 -0.141412 1.340585 -3.502865 0.119550 1.680707 -45.727043 0.000077 -0.000022 0.000006 -0.055758 -0.155002 0.198368 0.291963 -4.055333 -10.409901 -0.408224 3.748260 -10.399382 -9.105132 -8.300245 13.526434 -55.594051 -3.047816 24.385813 -10.893530 -86.922218 10.970949 39.835770 -19.225588 21.130421 -5.882102 9.861279 0.702590 -10.936861 -0.360574 7.156197 0.000000 8.774815 -0.000000 -16.171165 19.540218 6.216264 -1.844031 2.498503 -2.507276 -10.163590 4.678941 4.621104 -20.975996 -0.000001 0.000001 -21.226254 2.451698 -3.593995 0.000000 -0.000006 -0.000000 -1.362681 2.240797 -0.746323 -21.334892 0.584910 3.008319 -13.821196 -0.000001 0.000001 -23.887129 -0.249075 -0.839485 -61.479839 2.681643 -0.887496 -0.294025 1.679686 0.833255 -14.218195 0.093215 1.300579 -34.212002 -0.287561 0.967166 -20.033176 0.964536 1.212838 0.000000 -0.000000 0.000000 -3.440387 0.788233 0.501655 -15.928172 -3.167306 2.999703 -6.338817 -0.000000 0.000001 -18.123419 3.648181 -4.905662 -0.000004 0.000000 -0.000002 15.091949 13.567403 16.553015 53.498970 8.085860 17.766745 143.009689 86.848869 142.534241 -25.609404 17.255829 49.729279 2.243540 -5.255033 -3.180156 14.282877 -0.826594 6.952496 -0.000000 -12.690593 -0.000001 16.159266 -18.227131 2.642216 1.665665 -1.955920 -2.878297 4.727794 -4.170584 4.993919 11.020511 0.000001 -0.000000 12.109032 -3.735715 -2.866778 0.000000 -0.000000 0.000000 1.291985 -1.928548 -1.498088 14.800115 0.567467 3.865604 14.242553 -1.341738 -6.660648 19.631935 0.143921 -0.648243 50.069160 -1.022442 -6.477011 0.353029 -1.511150 -0.031940 20.222769 3.684305 2.316629 18.787249 0.000001 -0.000001 10.751608 -0.479870 1.397903 0.000000 -0.000000 0.000000 3.273804 0.305947 -0.580110 21.486790 11.830364 2.266131 8.162915 0.000000 -0.000000 18.399052 -3.798986 -4.940567 0.000003 0.000000 -0.000001 -3.310896 20.419447 -64.256165 -0.099527 -0.121084 51.639942 -4.045465 -7.681530 -9.238589 1.630728 -2.112517 -0.753912 0.000000 -0.000000 0.000002 3.832486 -12.114029 -63.011978 0.188673 0.077390 49.250183 4.475879 -1.627891 -8.714917 -1.416400 1.097142 -0.023721 0.000000 -0.000000 -0.000001
0.000000 0.000000 0.000000 0.000000 -0.000000 0.000000 -0.690223 -8.343041 35.815956 -1.306358 1.210914 21.241875 -0.069154 -0.000878 9.993878 -0.376695 -0.547545 0.800670 0.136577 -2.210345 16.277418 3.287503 2.907063 -23.269323 -0.249970 1.229132 -3.439469 0.193373 1.407291 -43.626621 0.000077 -0.000022 0.000006 -0.047130 -0.132137 0.197384 0.315065 -4.024693 -10.410220 -0.413379 3.762837 -10.417177 -9.735828 -8.383569 13.877898 -55.763672 -4.952848 24.714531 -3.066315 -83.593872 2.884800 37.185871 -16.087969 20.052464 -5.882102 9.861279 0.702590 -10.936861 -0.360574 7.156197 0.000000 8.774815 -0.000000 -16.128593 19.537210 6.255988 -1.844031 2.498503 -2.507276 -10.163590 4.678941 4.621104 -20.975996 -0.000001 0.000001 -21.226254 2.451698 -3.593995 0.000000 -0.000006 -0.000000 -1.362681 2.240797 -0.746323 -21.334892 0.584910 3.008319 -13.821196 -0.000001 0.000001 -23.887129 -0.249075 -0.839485 -61.345459 2.753442 -0.878241 -0.294025 1.679686 0.833255 -14.218195 0.093215 1.300579 -34.212002 -0.287561 0.967166 -20.033176 0.964536 1.212838 0.000000 -0.000000 0.000000 -3.440387 0.788233 0.501655 -15.928172 -3.167306 2.999703 -6.338817 -0.000000 0.000001 -18.123419 3.648181 -4.905662 -0.000004 0.000000 -0.000002 15.159756 13.360868 16.582575 54.633427 9.785171 16.750177 67.950661 87.826515 67.268806 -22.593227 14.251395 49.327282 2.243540 -5.255033 -3.180156 14.282877 -0.826594 6.952496 -0.000000 -12.690593 -0.000001 16.262226 -18.182697 2.518461 1.665665 -1.955920 -2.878297 4.727794 -4.170584 4.993919 11.020511 0.000001 -0.000000 12.109032 -3.735715 -2.866778 0.000000 -0.000000 0.000000 1.291985 -1.928548 -1.498088 14.800115 0.567467 3.865604 14.242553 -1.341738 -6.660648 19.631935 0.143921 -0.648243 49.895245 -1.015682 -6.522138 0.353029 -1.511150 -0.031940 20.222769 3.684305 2.316629 18.787249 0.000001 -0.000001 10.751608 -0.479870 1.397903 0.000000 -0.000000 0.000000 3.273804 0.305947 -0.580110 21.486790 11.830364 2.266131 8.162915 0.000000 -0.000000 18.399052 -3.798986 -4.940567 0.000003 0.000000 -0.000001 -2.391854 20.131817 -58.629662 -0.092270 -0.112990 47.167957 -4.559596 -7.329865 -8.683561 1.638855 -2.109698 -0.670607 0.000000 -0.000000 0.000002 2.762385 -12.024177 -57.818794 0.189913 0.130658 45.001637 4.758377 -2.012331 -7.978839 -1.418144 1.082302 0.123131 0.000000 -0.000000 -0.000001
0.000000 0.000000 0.000000 0.000000 -0.000000 0.000000 -0.560285 -6.656723 37.291264 -1.061928 0.917865 19.589478 -0.010704 0.031245 9.149217 -0.391458 -0.506545 0.268936 -0.057651 -2.098487 15.782590 3.120054 2.900538 -21.806692 -0.328640 1.161040 -3.389152 0.272061 1.173565 -41.302601 0.000077 -0.000022 0.000006 -0.036755 -0.106502 0.195208 0.338455 -3.989811 -10.413353 -0.415413 3.778804 -10.429362 -10.368180 -8.343797 14.222862 -55.934536 -6.849764 24.951117 -0.401456 -80.186783 0.005653 34.193806 -13.017209 18.910267 -5.882102 9.861279 0.702590 -10.936861 -0.360574 7.156197 0.000000 8.774815 -0.000000 -16.009912 19.542023 6.363909 -1.844031 2.498503 -2.507276 -10.163590 4.678941 4.621104 -20.975996 -0.000001 0.000001 -21.226254 2.451698 -3.593995 0.000000 -0.000006 -0.000000 -1.362681 2.240797 -0.746323 -21.334892 0.584910 3.008319 -13.821196 -0.000001 0.000001 -23.887129 -0.249075 -0.839485 -61.137756 2.811295 -0.844256 -0.294025 1.679686 0.833255 -14.218195 0.093215 1.300579 -34.212002 -0.287561 0.967166 -20.033176 0.964536 1.212838 0.000000 -0.000000 0.000000 -3.440387 0.788233 0.501655 -15.928172 -3.167306 2.999703 -6.338817 -0.000000 0.000001 -18.123419 3.648181 -4.905662 -0.000004 0.000000 -0.000002 15.141706 13.148396 16.657881 55.655403 11.635088 15.955254 27.051079 85.280128 26.288933 -19.443661 10.751268 48.779163 2.243540 -5.255033 -3.180156 14.282877 -0.826594 6.952496 -0.000000 -12.690593 -0.000001 16.348427 -18.121841 2.407614 1.665665 -1.955920 -2.878297 4.727794 -4.170584 4.993919 11.020511 0.000001 -0.000000 12.109032 -3.735715 -2.866778 0.000000 -0.000000 0.000000 1.291985 -1.928548 -1.498088 14.800115 0.567467 3.865604 14.242553 -1.341738 -6.660648 19.631935 0.143921 -0.648243 49.700325 -1.012191 -6.551939 0.353029 -1.511150 -0.031940 20.222769 3.684305 2.316629 18.787249 0.000001 -0.000001 10.751608 -0.479870 1.397903 0.000000 -0.000000 0.000000 3.273804 0.305947 -0.580110 21.486790 11.830364 2.266131 8.162915 0.000000 -0.000000 18.399052 -3.798986 -4.940567 0.000003 0.000000 -0.000001 -1.432705 19.811695 -52.837200 -0.102353 -0.124515 42.471054 -4.952142 -6.789575 -8.026807 1.646774 -2.104316 -0.600663 0.000000 -0.000000 0.000002 1.761411 -11.877703 -52.448444 0.178260 0.178398 40.502396 4.952681 -2.324109 -7.141290 -1.422315 1.069489 0.234044 0.000000 -0.000000 -0.000001
0.000000 0.000000 0.000000 0.000000 -0.000000 0.000000 -0.445265 -5.113541 38.782450 -0.876497 0.565810 17.903189 0.064885 0.068707 8.225080 -0.404527 -0.449053 -0.323192 -0.244324 -1.948677 15.291257 3.007201 2.878977 -20.071096 -0.405686 1.150523 -3.360425 0.377103 0.979142 -38.774647 0.000077 -0.000022 0.000006 -0.027204 -0.086638 0.189353 0.365939 -3.957121 -10.422327 -0.423461 3.785367 -10.439708 -10.986736 -8.186342 14.526993 -56.152843 -8.774711 24.998272 0.625712 -76.331551 -1.200273 30.925228 -10.160320 17.384884 -5.882102 9.861279 0.702590 -10.936861 -0.360574 7.156197 0.000000 8.774815 -0.000000 -15.850598 19.525896 6.485526 -1.844031 2.498503 -2.507276 -10.163590 4.678941 4.621104 -20.975996 -0.000001 0.000001 -21.226254 2.451698 -3.593995 0.000000 -0.000006 -0.000000 -1.362681 2.240797 -0.746323 -21.334892 0.584910 3.008319 -13.821196 -0.000001 0.000001 -23.887129 -0.249075 -0.839485 -60.862007 2.869803 -0.824749 -0.294025 1.679686 0.833255 -14.218195 0.093215 1.300579 -34.212002 -0.287561 0.967166 -20.033176 0.964536 1.212838 0.000000 -0.000000 0.000000 -3.440387 0.788233 0.501655 -15.928172 -3.167306 2.999703 -6.338817 -0.000000 0.000001 -18.123419 3.648181 -4.905662 -0.000004 0.000000 -0.000002 15.144458 12.969998 16.813879 56.303879 13.584630 15.553511 15.822517 82.072960 15.093618 -16.254824 7.095631 47.813011 2.243540 -5.255033 -3.180156 14.282877 -0.826594 6.952496 -0.000000 -12.690593 -0.000001 16.415192 -18.073463 2.335798 1.665665 -1.955920 -2.878297 4.727794 -4.170584 4.993919 11.020511 0.000001 -0.000000 12.109032 -3.735715 -2.866778 0.000000 -0.000000 0.000000 1.291985 -1.928548 -1.498088 14.800115 0.567467 3.865604 14.242553 -1.341738 -6.660648 19.631935 0.143921 -0.648243 49.508121 -1.021008 -6.603573 0.353029 -1.511150 -0.031940 20.222769 3.684305 2.316629 18.787249 0.000001 -0.000001 10.751608 -0.479870 1.397903 0.000000 -0.000000 0.000000 3.273804 0.305947 -0.580110 21.486790 11.830364 2.266131 8.162915 0.000000 -0.000000 18.399052 -3.798986 -4.940567 0.000003 0.000000 -0.000001 -0.435810 19.437569 -47.000984 -0.114967 -0.148780 37.641960 -5.233422 -6.048393 -7.262249 1.653131 -2.096161 -0.525004 0.000000 -0.000000 0.000002 0.849143 -11.651591 -47.002037 0.156224 0.218817 35.792011 5.103185 -2.587382 -6.190405 -1.426905 1.063697 0.311434 0.000000 -0.000000 -0.000001
0.000000 0.000000 0.000000 0.000000 -0.000000 0.000000 -0.345730 -3.762459 40.290437 -0.782605 0.211175 16.287577 0.178351 0.112351 7.213942 -0.419594 -0.382995 -0.969555 -0.365570 -1.811170 14.776597 2.935590 2.826553 -18.162319 -0.445417 1.181278 -3.353681 0.471927 0.856596 -36.142509 0.000077 -0.000022 0.000006 -0.017995 -0.067937 0.179474 0.396843 -3.923574 -10.431804 -0.435721 3.788606 -10.443861 -11.602856 -7.953902 14.781075 -56.376865 -10.624467 24.960508 0.883781 -71.898407 -1.527414 27.482672 -7.536702 15.331830 -5.882102 9.861279 0.702590 -10.936861 -0.360574 7.156197 0.000000 8.774815 -0.000000 -15.695903 19.496014 6.577860 -1.844031 2.498503 -2.507276 -10.163590 4.678941 4.621104 -20.975996 -0.000001 0.000001 -21.226254 2.451698 -3.593995 0.000000 -0.000006 -0.000000 -1.362681 2.240797 -0.746323 -21.334892 0.584910 3.008319 -13.821196 -0.000001 0.000001 -23.887129 -0.249075 -0.839485 -60.589706 2.917735 -0.841659 -0.294025 1.679686 0.833255 -14.218195 0.093215 1.300579 -34.212002 -0.287561 0.967166 -20.033176 0.964536 1.212838 0.000000 -0.000000 0.000000 -3.440387 0.788233 0.501655 -15.928172 -3.167306 2.999703 -6.338817 -0.000000 0.000001 -18.123419 3.648181 -4.905662 -0.000004 0.000000 -0.000002 15.215444 12.807517 17.025061 56.496937 15.492580 15.584376 10.840096 78.779594 10.182700 -13.180282 3.887800 46.385845 2.243540 -5.255033 -3.180156 14.282877 -0.826594 6.952496 -0.000000 -12.690593 -0.000001 16.461185 -18.057119 2.316778 1.665665 -1.955920 -2.878297 4.727794 -4.170584 4.993919 11.020511 0.000001 -0.000000 12.109032 -3.735715 -2.866778 0.000000 -0.000000 0.000000 1.291985 -1.928548 -1.498088 14.800115 0.567467 3.865604 14.242553 -1.341738 -6.660648 19.631935 0.143921 -0.648243 49.346561 -1.034021 -6.674732 0.353029 -1.511150 -0.031940 20.222769 3.684305 2.316629 18.787249 0.000001 -0.000001 10.751608 -0.479870 1.397903 0.000000 -0.000000 0.000000 3.273804 0.305947 -0.580110 21.486790 11.830364 2.266131 8.162915 0.000000 -0.000000 18.399052 -3.798986 -4.940567 0.000003 0.000000 -0.000001 0.586172 19.009827 -41.369614 -0.119806 -0.173500 32.913307 -5.445671 -5.219925 -6.405169 1.659942 -2.082470 -0.435070 0.000000 -0.000000 0.000002 0.079768 -11.364270 -41.661900 0.125052 0.240034 31.023525 5.240463 -2.798635 -5.166348 -1.432413 1.057619 0.391887 0.000000 -0.000000 -0.000001
0.000000 0.000000 0.000000 0.000000 -0.000000 0.000000 -0.267682 -2.641785 41.806224 -0.793889 -0.107705 14.801443 0.330938 0.150631 6.128603 -0.432770 -0.303709 -1.642533 -0.401692 -1.717918 14.240098 2.856974 2.732555 -16.206558 -0.445295 1.254974 -3.358676 0.577574 0.791229 -33.496426 0.000077 -0.000022 0.000006 -0.009198 -0.046715 0.170032 0.428709 -3.886684 -10.437330 -0.449769 3.793561 -10.441281 -12.255835 -7.675494 14.990108 -56.491871 -12.283749 24.943918 0.800184 -67.027977 -1.381875 23.944530 -5.228508 12.828282 -5.882102 9.861279 0.702590 -10.936861 -0.360574 7.156197 0.000000 8.774815 -0.000000 -15.606113 19.447351 6.613107 -1.844031 2.498503 -2.507276 -10.163590 4.678941 4.621104 -20.975996 -0.000001 0.000001 -21.226254 2.451698 -3.593995 0.000000 -0.000006 -0.000000 -1.362681 2.240797 -0.746323 -21.334892 0.584910 3.008319 -13.821196 -0.000001 0.000001 -23.887129 -0.249075 -0.839485 -60.389069 2.946045 -0.866736 -0.294025 1.679686 0.833255 -14.218195 0.093215 1.300579 -34.212002 -0.287561 0.967166 -20.033176 0.964536 1.212838 0.000000 -0.000000 0.000000 -3.440387 0.788233 0.501655 -15.928172 -3.167306 2.999703 -6.338817 -0.000000 0.000001 -18.123419 3.648181 -4.905662 -0.000004 0.000000 -0.000002 15.418973 12.640738 17.217823 56.243900 17.188931 15.901255 8.430298 75.533592 7.838162 -10.488935 1.662896 44.190651 2.243540 -5.255033 -3.180156 14.282877 -0.826594 6.952496 -0.000000 -12.690593 -0.000001 16.476469 -18.106350 2.342891 1.665665 -1.955920 -2.878297 4.727794 -4.170584 4.993919 11.020511 0.000001 -0.000000 12.109032 -3.735715 -2.866778 0.000000 -0.000000 0.000000 1.291985 -1.928548 -1.498088 14.800115 0.567467 3.865604 14.242553 -1.341738 -6.660648 19.631935 0.143921 -0.648243 49.244759 -1.053330 -6.743917 0.353029 -1.511150 -0.031940 20.222769 3.684305 2.316629 18.787249 0.000001 -0.000001 10.751608 -0.479870 1.397903 0.000000 -0.000000 0.000000 3.273804 0.305947 -0.580110 21.486790 11.830364 2.266131 8.162915 0.000000 -0.000000 18.399052 -3.798986 -4.940567 0.000003 0.000000 -0.000001 1.613372 18.563829 -36.127174 -0.112753 -0.197726 28.500025 -5.653185 -4.418958 -5.560421 1.667003 -2.070813 -0.330967 0.000000 -0.000000 0.000002 -0.524077 -11.010655 -36.566689 0.086874 0.246395 26.360722 5.349768 -3.004019 -4.158551 -1.438605 1.053669 0.479072 0.000000 -0.000000 -0.000001
0.000000 0.000000 0.000000 0.000000 -0.000000 0.000000 -0.204407 -1.733094 43.283347 -0.909324 -0.438972 13.488353 0.506133 0.185334 4.985841 -0.437651 -0.205003 -2.308511 -0.372535 -1.668082 13.710603 2.755882 2.623602 -14.321672 -0.429518 1.355407 -3.383878 0.712509 0.783798 -30.927206 0.000077 -0.000022 0.000006 -0.002966 -0.028092 0.156903 0.460767 -3.853473 -10.446793 -0.469113 3.797614 -10.443111 -12.992908 -7.378695 15.119674 -56.440086 -13.597601 24.890360 0.654181 -62.022045 -1.081130 20.490784 -3.310120 10.076792 -5.882102 9.861279 0.702590 -10.936861 -0.360574 7.156197 0.000000 8.774815 -0.000000 -15.569604 19.375887 6.618589 -1.844031 2.498503 -2.507276 -10.163590 4.678941 4.621104 -20.975996 -0.000001 0.000001 -21.226254 2.451698 -3.593995 0.000000 -0.000006 -0.000000 -1.362681 2.240797 -0.746323 -21.334892 0.584910 3.008319 -13.821196 -0.000001 0.000001 -23.887129 -0.249075 -0.839485 -60.261509 2.954029 -0.888693 -0.294025 1.679686 0.833255 -14.218195 0.093215 1.300579 -34.212002 -0.287561 0.967166 -20.033176 0.964536 1.212838 0.000000 -0.000000 0.000000 -3.440387 0.788233 0.501655 -15.928172 -3.167306 2.999703 -6.338817 -0.000000 0.000001 -18.123419 3.648181 -4.905662 -0.000004 0.000000 -0.000002 15.841627 12.479275 17.403610 55.545429 18.629957 16.353760 7.100637 72.448875 6.595531 -8.153077 0.431468 41.072239 2.243540 -5.255033 -3.180156 14.282877 -0.826594 6.952496 -0.000000 -12.690593 -0.000001 16.465134 -18.180622 2.354450 1.665665 -1.955920 -2.878297 4.727794 -4.170584 4.993919 11.020511 0.000001 -0.000000 12.109032 -3.735715 -2.866778 0.000000 -0.000000 0.000000 1.291985 -1.928548 -1.498088 14.800115 0.567467 3.865604 14.242553 -1.341738 -6.660648 19.631935 0.143921 -0.648243 49.170578 -1.071937 -6.818788 0.353029 -1.511150 -0.031940 20.222769 3.684305 2.316629 18.787249 0.000001 -0.000001 10.751608 -0.479870 1.397903 0.000000 -0.000000 0.000000 3.273804 0.305947 -0.580110 21.486790 11.830364 2.266131 8.162915 0.000000 -0.000000 18.399052 -3.798986 -4.940567 0.000003 0.000000 -0.000001 2.612330 18.185955 -31.366688 -0.101761 -0.215054 24.472754 -5.868751 -3.706692 -4.739518 1.669422 -2.056754 -0.272277 0.000000 -0.000000 0.000002 -0.936457 -10.640218 -31.852045 0.048175 0.233605 21.914177 5.444886 -3.115724 -3.061594 -1.442117 1.054827 0.518631 0.000000 -0.000000 -0.000001
0.000000 0.000000 0.000000 0.000000 -0.000000 0.000000 -0.146368 -1.026673 44.669429 -1.074952 -0.796024 12.337238 0.674792 0.224716 3.846316 -0.426008 -0.109047 -2.949984 -0.298783 -1.633359 13.219534 2.622282 2.504630 -12.578641 -0.400933 1.445677 -3.415857 0.884559 0.839996 -28.462717 0.000077 -0.000022 0.000006 -0.000012 -0.013283 0.139909 0.492002 -3.825511 -10.466642 -0.494254 3.799979 -10.456255 -13.800321 -7.084543 15.211542 -56.240070 -14.514030 24.595181 0.458566 -57.233185 -0.734732 17.370359 -1.800579 7.316220 -5.882102 9.861279 0.702590 -10.936861 -0.360574 7.156197 0.000000 8.774815 -0.000000 -15.566582 19.291658 6.619272 -1.844031 2.498503 -2.507276 -10.163590 4.678941 4.621104 -20.975996 -0.000001 0.000001 -21.226254 2.451698 -3.593995 0.000000 -0.000006 -0.000000 -1.362681 2.240797 -0.746323 -21.334892 0.584910 3.008319 -13.821196 -0.000001 0.000001 -23.887129 -0.249075 -0.839485 -60.208126 2.958022 -0.915438 -0.294025 1.679686 0.833255 -14.218195 0.093215 1.300579 -34.212002 -0.287561 0.967166 -20.033176 0.964536 1.212838 0.000000 -0.000000 0.000000 -3.440387 0.788233 0.501655 -15.928172 -3.167306 2.999703 -6.338817 -0.000000 0.000001 -18.123419 3.648181 -4.905662 -0.000004 0.000000 -0.000002 16.427725 12.319667 17.567314 54.537605 19.843395 16.946568 6.065415 69.496338 5.675328 -6.137687 -0.022427 37.346241 2.243540 -5.255033 -3.180156 14.282877 -0.826594 6.952496 -0.000000 -12.690593 -0.000001 16.446337 -18.250563 2.336591 1.665665 -1.955920 -2.878297 4.727794 -4.170584 4.993919 11.020511 0.000001 -0.000000 12.109032 -3.735715 -2.866778 0.000000 -0.000000 0.000000 1.291985 -1.928548 -1.498088 14.800115 0.567467 3.865604 14.242553 -1.341738 -6.660648 19.631935 0.143921 -0.648243 49.119652 -1.102660 -6.885829 0.353029 -1.511150 -0.031940 20.222769 3.684305 2.316629 18.787249 0.000001 -0.000001 10.751608 -0.479870 1.397903 0.000000 -0.000000 0.000000 3.273804 0.305947 -0.580110 21.486790 11.830364 2.266131 8.162915 0.000000 -0.000000 18.399052 -3.798986 -4.940567 0.000003 0.000000 -0.000001 3.528064 17.884672 -27.114370 -0.087759 -0.227808 20.877417 -6.120819 -3.105139 -3.995971 1.666847 -2.045015 -0.258278 0.000000 -0.000000 0.000002 -1.207670 -10.328819 -27.515625 0.014006 0.211223 17.647932 5.546020 -3.090445 -1.935184 -1.442906 1.054620 0.522170 0.000000 -0.000000 -0.000001
0.000000 0.000000 0.000000 0.000000 -0.000000 0.000000 -0.094709 -0.501442 45.929484 -1.262339 -1.187181 11.325554 0.825949 0.265821 2.752952 -0.407519 -0.012532 -3.534406 -0.189127 -1.610407 12.809069 2.476796 2.410533 -11.076716 -0.354521 1.566908 -3.443152 1.061946 0.928472 -26.128088 0.000077 -0.000022 0.000006 0.000832 -0.001868 0.122295 0.520712 -3.802143 -10.487299 -0.521043 3.800644 -10.470920 -14.712851 -6.768601 15.232080 -55.836338 -14.917749 24.065287 0.290455 -53.082058 -0.473425 14.787976 -0.691850 4.649817 -5.882102 9.861279 0.702590 -10.936861 -0.360574 7.156197 0.000000 8.774815 -0.000000 -15.555204 19.190861 6.608678 -1.844031 2.498503 -2.507276 -10.163590 4.678941 4.621104 -20.975996 -0.000001 0.000001 -21.226254 2.451698 -3.593995 0.000000 -0.000006 -0.000000 -1.362681 2.240797 -0.746323 -21.334892 0.584910 3.008319 -13.821196 -0.000001 0.000001 -23.887129 -0.249075 -0.839485 -60.175270 2.957367 -0.949717 -0.294025 1.679686 0.833255 -14.218195 0.093215 1.300579 -34.212002 -0.287561 0.967166 -20.033176 0.964536 1.212838 0.000000 -0.000000 0.000000 -3.440387 0.788233 0.501655 -15.928172 -3.167306 2.999703 -6.338817 -0.000000 0.000001 -18.123419 3.648181 -4.905662 -0.000004 0.000000 -0.000002 17.240076 12.181035 17.757158 53.241524 20.770214 17.583792 5.045034 66.684212 4.788313 -4.427735 0.067765 33.288536 2.243540 -5.255033 -3.180156 14.282877 -0.826594 6.952496 -0.000000 -12.690593 -0.000001 16.417734 -18.292906 2.301094 1.665665 -1.955920 -2.878297 4.727794 -4.170584 4.993919 11.020511 0.000001 -0.000000 12.109032 -3.735715 -2.866778 0.000000 -0.000000 0.000000 1.291985 -1.928548 -1.498088 14.800115 0.567467 3.865604 14.242553 -1.341738 -6.660648 19.631935 0.143921 -0.648243 49.085606 -1.127929 -6.934002 0.353029 -1.511150 -0.031940 20.222769 3.684305 2.316629 18.787249 0.000001 -0.000001 10.751608 -0.479870 1.397903 0.000000 -0.000000 0.000000 3.273804 0.305947 -0.580110 21.486790 11.830364 2.266131 8.162915 0.000000 -0.000000 18.399052 -3.798986 -4.940567 0.000003 0.000000 -0.000001 4.354698 17.652525 -23.366352 -0.072637 -0.227948 17.751770 -6.406786 -2.552976 -3.375932 1.661195 -2.041359 -0.247208 0.000000 -0.000000 0.000002 -1.382362 -10.093544 -23.686909 -0.012159 0.181920 13.850864 5.626155 -2.958143 -0.791702 -1.441221 1.044549 0.497080 0.000000 -0.000000 -0.000001
0.000000 0.000000 0.000000 0.000000 -0.000000 0.000000 -0.065592 -0.136399 47.081238 -1.427337 -1.566461 10.429833 0.948077 0.289432 1.732466 -0.385139 0.075255 -4.048013 -0.066003 -1.588905 12.477514 2.335110 2.343410 -9.801805 -0.283923 1.724424 -3.461927 1.225618 1.015906 -23.909401 0.000077 -0.000022 0.000006 0.001794 0.011938 0.105837 0.544712 -3.778467 -10.506907 -0.542867 3.805756 -10.484946 -15.741493 -6.434832 15.195245 -55.218147 -14.832929 23.346411 0.132500 -49.691784 -0.287669 12.679565 0.052762 2.079952 -5.882102 9.861279 0.702590 -10.936861 -0.360574 7.156197 0.000000 8.774815 -0.000000 -15.524306 19.067516 6.577386 -1.844031 2.498503 -2.507276 -10.163590 4.678941 4.621104 -20.975996 -0.000001 0.000001 -21.226254 2.451698 -3.593995 0.000000 -0.000006 -0.000000 -1.362681 2.240797 -0.746323 -21.334892 0.584910 3.008319 -13.821196 -0.000001 0.000001 -23.887129 -0.249075 -0.839485 -60.132549 2.953631 -0.990343 -0.294025 1.679686 0.833255 -14.218195 0.093215 1.300579 -34.212002 -0.287561 0.967166 -20.033176 0.964536 1.212838 0.000000 -0.000000 0.000000 -3.440387 0.788233 0.501655 -15.928172 -3.167306 2.999703 -6.338817 -0.000000 0.000001 -18.123419 3.648181 -4.905662 -0.000004 0.000000 -0.000002 18.294437 12.043572 17.982628 51.756943 21.339201 18.066750 4.115578 63.970615 3.949515 -3.063640 0.439642 29.195303 2.243540 -5.255033 -3.180156 14.282877 -0.826594 6.952496 -0.000000 -12.690593 -0.000001 16.396656 -18.316669 2.271286 1.665665 -1.955920 -2.878297 4.727794 -4.170584 4.993919 11.020511 0.000001 -0.000000 12.109032 -3.735715 -2.866778 0.000000 -0.000000 0.000000 1.291985 -1.928548 -1.498088 14.800115 0.567467 3.865604 14.242553 -1.341738 -6.660648 19.631935 0.143921 -0.648243 49.085442 -1.144581 -6.964265 0.353029 -1.511150 -0.031940 20.222769 3.684305 2.316629 18.787249 0.000001 -0.000001 10.751608 -0.479870 1.397903 0.000000 -0.000000 0.000000 3.273804 0.305947 -0.580110 21.486790 11.830364 2.266131 8.162915 0.000000 -0.000000 18.399052 -3.798986 -4.940567 0.000003 0.000000 -0.000001 5.069389 17.494734 -20.036806 -0.064726 -0.227761 15.008948 -6.763166 -2.070334 -2.934095 1.654711 -2.049665 -0.191493 0.000000 -0.000000 0.000002 -1.527334 -9.933602 -20.333656 -0.029400 0.145431 10.582138 5.709807 -2.740170 0.192823 -1.437849 1.025719 0.485574 0.000000 -0.000000 -0.000001
0.000000 0.000000 0.000000 0.000000 -0.000000 0.000000 -0.074458 0.110591 48.117845 -1.538253 -1.839996 9.614923 1.033048 0.290526 0.811723 -0.366381 0.142176 -4.479023 0.043662 -1.592987 12.221605 2.262932 2.283918 -8.704554 -0.213807 1.902639 -3.479880 1.349047 1.071024 -21.816874 0.000077 -0.000022 0.000006 0.004204 0.027941 0.094120 0.565165 -3.754825 -10.515374 -0.558173 3.815033 -10.493215 -16.831015 -6.092770 15.185881 -54.443642 -14.409444 22.603558 0.016387 -46.956116 -0.159683 10.892348 0.525241 -0.257203 -5.882102 9.861279 0.702590 -10.936861 -0.360574 7.156197 0.000000 8.774815 -0.000000 -15.506641 18.937872 6.541334 -1.844031 2.498503 -2.507276 -10.163590 4.678941 4.621104 -20.975996 -0.000001 0.000001 -21.226254 2.451698 -3.593995 0.000000 -0.000006 -0.000000 -1.362681 2.240797 -0.746323 -21.334892 0.584910 3.008319 -13.821196 -0.000001 0.000001 -23.887129 -0.249075 -0.839485 -60.132465 2.942029 -1.019368 -0.294025 1.679686 0.833255 -14.218195 0.093215 1.300579 -34.212002 -0.287561 0.967166 -20.033176 0.964536 1.212838 0.000000 -0.000000 0.000000 -3.440387 0.788233 0.501655 -15.928172 -3.167306 2.999703 -6.338817 -0.000000 0.000001 -18.123419 3.648181 -4.905662 -0.000004 0.000000 -0.000002 19.533901 11.838717 18.204659 50.234722 21.532053 18.340248 3.297343 61.264065 3.170752 -1.996997 0.885706 25.312038 2.243540 -5.255033 -3.180156 14.282877 -0.826594 6.952496 -0.000000 -12.690593 -0.000001 16.379047 -18.332090 2.247241 1.665665 -1.955920 -2.878297 4.727794 -4.170584 4.993919 11.020511 0.000001 -0.000000 12.109032 -3.735715 -2.866778 0.000000 -0.000000 0.000000 1.291985 -1.928548 -1.498088 14.800115 0.567467 3.865604 14.242553 -1.341738 -6.660648 19.631935 0.143921 -0.648243 49.082222 -1.145575 -6.982513 0.353029 -1.511150 -0.031940 20.222769 3.684305 2.316629 18.787249 0.000001 -0.000001 10.751608 -0.479870 1.397903 0.000000 -0.000000 0.000000 3.273804 0.305947 -0.580110 21.486790 11.830364 2.266131 8.162915 0.000000 -0.000000 18.399052 -3.798986 -4.940567 0.000003 0.000000 -0.000001 5.666407 17.353241 -17.059525 -0.058692 -0.228695 12.560330 -7.142954 -1.675668 -2.572044 1.648110 -2.053595 -0.114092 0.000000 -0.000000 0.000002 -1.662962 -9.828701 -17.416084 -0.035837 0.100514 7.837673 5.791874 -2.511118 0.981237 -1.434044 1.002687 0.488975 0.000000 -0.000000 -0.000001
0.000000 0.000000 0.000000 0.000000 -0.000000 0.000000 -0.123642 0.268964 49.062548 -1.599019 -1.989940 8.814510 1.088456 0.271947 -0.013511 -0.346509 0.179893 -4.839874 0.125361 -1.616650 12.049416 2.255231 2.207525 -7.724821 -0.155243 2.104358 -3.499083 1.458472 1.072776 -19.796120 0.000077 -0.000022 0.000006 0.008532 0.045234 0.085026 0.585766 -3.729756 -10.516071 -0.569734 3.825607 -10.497746 -17.958479 -5.740736 15.226782 -53.578606 -13.760650 21.940397 -0.022610 -44.678394 -0.088724 9.262062 0.823681 -2.385028 -5.882102 9.861279 0.702590 -10.936861 -0.360574 7.156197 0.000000 8.774815 -0.000000 -15.507340 18.790562 6.514111 -1.844031 2.498503 -2.507276 -10.163590 4.678941 4.621104 -20.975996 -0.000001 0.000001 -21.226254 2.451698 -3.593995 0.000000 -0.000006 -0.000000 -1.362681 2.240797 -0.746323 -21.334892 0.584910 3.008319 -13.821196 -0.000001 0.000001 -23.887129 -0.249075 -0.839485 -60.168777 2.909539 -1.013294 -0.294025 1.679686 0.833255 -14.218195 0.093215 1.300579 -34.212002 -0.287561 0.967166 -20.033176 0.964536 1.212838 0.000000 -0.000000 0.000000 -3.440387 0.788233 0.501655 -15.928172 -3.167306 2.999703 -6.338817 -0.000000 0.000001 -18.123419 3.648181 -4.905662 -0.000004 0.000000 -0.000002 20.926371 11.535180 18.403179 48.739849 21.367123 18.411713 2.477670 58.467033 2.388632 -1.220607 1.292354 21.587769 2.243540 -5.255033 -3.180156 14.282877 -0.826594 6.952496 -0.000000 -12.690593 -0.000001 16.354399 -18.346752 2.235954 1.665665 -1.955920 -2.878297 4.727794 -4.170584 4.993919 11.020511 0.000001 -0.000000 12.109032 -3.735715 -2.866778 0.000000 -0.000000 0.000000 1.291985 -1.928548 -1.498088 14.800115 0.567467 3.865604 14.242553 -1.341738 -6.660648 19.631935 0.143921 -0.648243 49.104668 -1.122235 -6.986865 0.353029 -1.511150 -0.031940 20.222769 3.684305 2.316629 18.787249 0.000001 -0.000001 10.751608 -0.479870 1.397903 0.000000 -0.000000 0.000000 3.273804 0.305947 -0.580110 21.486790 11.830364 2.266131 8.162915 0.000000 -0.000000 18.399052 -3.798986 -4.940567 0.000003 0.000000 -0.000001 6.191683 17.195644 -14.311454 -0.053059 -0.234309 10.336954 -7.504789 -1.369179 -2.252623 1.643370 -2.047045 -0.051503 0.000000 -0.000000 0.000002 -1.807994 -9.727918 -14.827294 -0.041422 0.056923 5.612774 5.827969 -2.346840 1.525803 -1.430337 0.987431 0.493883 0.000000 -0.000000 -0.000001
0.000000 0.000000 0.000000 0.000000 -0.000000 0.000000 -0.188563 0.346829 49.951578 -1.611059 -2.012727 8.016810 1.111840 0.244601 -0.731294 -0.325679 0.191003 -5.133170 0.181220 -1.667585 11.922678 2.302060 2.133018 -6.822792 -0.112808 2.267903 -3.520947 1.535778 1.079148 -17.875376 0.000077 -0.000022 0.000006 0.009249 0.052100 0.076512 0.601536 -3.714881 -10.514689 -0.583781 3.825438 -10.500052 -19.068579 -5.387980 15.288364 -52.739357 -12.942921 21.254648 -0.049503 -42.673748 -0.025011 7.718565 0.969695 -4.419248 -5.882102 9.861279 0.702590 -10.936861 -0.360574 7.156197 0.000000 8.774815 -0.000000 -15.547756 18.631659 6.462867 -1.844031 2.498503 -2.507276 -10.163590 4.678941 4.621104 -20.975996 -0.000001 0.000001 -21.226254 2.451698 -3.593995 0.000000 -0.000006 -0.000000 -1.362681 2.240797 -0.746323 -21.334892 0.584910 3.008319 -13.821196 -0.000001 0.000001 -23.887129 -0.249075 -0.839485 -60.233650 2.879955 -1.006722 -0.294025 1.679686 0.833255 -14.218195 0.093215 1.300579 -34.212002 -0.287561 0.967166 -20.033176 0.964536 1.212838 0.000000 -0.000000 0.000000 -3.440387 0.788233 0.501655 -15.928172 -3.167306 2.999703 -6.338817 -0.000000 0.000001 -18.123419 3.648181 -4.905662 -0.000004 0.000000 -0.000002 22.390846 11.153538 18.603645 47.298737 20.865797 18.183079 1.787608 55.565231 1.724734 -0.649188 1.613949 17.918995 2.243540 -5.255033 -3.180156 14.282877 -0.826594 6.952496 -0.000000 -12.690593 -0.000001 16.311493 -18.351597 2.240263 1.665665 -1.955920 -2.878297 4.727794 -4.170584 4.993919 11.020511 0.000001 -0.000000 12.109032 -3.735715 -2.866778 0.000000 -0.000000 0.000000 1.291985 -1.928548 -1.498088 14.800115 0.567467 3.865604 14.242553 -1.341738 -6.660648 19.631935 0.143921 -0.648243 49.185806 -1.081410 -6.977267 0.353029 -1.511150 -0.031940 20.222769 3.684305 2.316629 18.787249 0.000001 -0.000001 10.751608 -0.479870 1.397903 0.000000 -0.000000 0.000000 3.273804 0.305947 -0.580110 21.486790 11.830364 2.266131 8.162915 0.000000 -0.000000 18.399052 -3.798986 -4.940567 0.000003 0.000000 -0.000001 6.666293 17.013739 -11.731725 -0.050612 -0.237196 8.283836 -7.852909 -1.147437 -2.000561 1.639055 -2.032827 0.063954 0.000000 -0.000000 0.000002 -2.024016 -9.664528 -12.501155 -0.041265 0.018148 3.912675 5.881829 -2.238709 1.740213 -1.426685 0.979595 0.514954 0.000000 -0.000000 -0.000001
0.000000 0.000000 0.000000 0.000000 -0.000000 0.000000 -0.244956 0.360158 50.807272 -1.567200 -1.904508 7.223999 1.095386 0.211749 -1.333578 -0.302121 0.159894 -5.365028 0.223621 -1.731376 11.819911 2.357964 2.065411 -5.990477 -0.076183 2.371104 -3.540867 1.547855 1.074456 -16.052610 0.000077 -0.000022 0.000006 0.008193 0.055287 0.068635 0.611076 -3.704959 -10.515429 -0.595172 3.822640 -10.504411 -20.158445 -5.049807 15.350495 -51.957947 -12.034216 20.462645 -0.074167 -40.795448 0.023364 6.317738 1.010106 -6.435630 -5.882102 9.861279 0.702590 -10.936861 -0.360574 7.156197 0.000000 8.774815 -0.000000 -15.598219 18.476574 6.389168 -1.844031 2.498503 -2.507276 -10.163590 4.678941 4.621104 -20.975996 -0.000001 0.000001 -21.226254 2.451698 -3.593995 0.000000 -0.000006 -0.000000 -1.362681 2.240797 -0.746323 -21.334892 0.584910 3.008319 -13.821196 -0.000001 0.000001 -23.887129 -0.249075 -0.839485 -60.283897 2.884145 -1.018187 -0.294025 1.679686 0.833255 -14.218195 0.093215 1.300579 -34.212002 -0.287561 0.967166 -20.033176 0.964536 1.212838 0.000000 -0.000000 0.000000 -3.440387 0.788233 0.501655 -15.928172 -3.167306 2.999703 -6.338817 -0.000000 0.000001 -18.123419 3.648181 -4.905662 -0.000004 0.000000 -0.000002 23.930183 10.728001 18.784925 45.864552 20.040169 17.619236 1.299736 52.545444 1.230062 -0.245261 1.870893 14.208783 2.243540 -5.255033 -3.180156 14.282877 -0.826594 6.952496 -0.000000 -12.690593 -0.000001 16.219172 -18.329906 2.268503 1.665665 -1.955920 -2.878297 4.727794 -4.170584 4.993919 11.020511 0.000001 -0.000000 12.109032 -3.735715 -2.866778 0.000000 -0.000000 0.000000 1.291985 -1.928548 -1.498088 14.800115 0.567467 3.865604 14.242553 -1.341738 -6.660648 19.631935 0.143921 -0.648243 49.277817 -1.027981 -6.960941 0.353029 -1.511150 -0.031940 20.222769 3.684305 2.316629 18.787249 0.000001 -0.000001 10.751608 -0.479870 1.397903 0.000000 -0.000000 0.000000 3.273804 0.305947 -0.580110 21.486790 11.830364 2.266131 8.162915 0.000000 -0.000000 18.399052 -3.798986 -4.940567 0.000003 0.000000 -0.000001 7.079704 16.776428 -9.283937 -0.052648 -0.229147 6.337953 -8.186769 -1.005397 -1.787669 1.636203 -2.012669 0.194985 0.000000 -0.000000 0.000002 -2.332012 -9.624866 -10.446674 -0.034704 -0.014590 2.756591 6.012065 -2.208555 1.608807 -1.423350 0.974150 0.573430 0.000000 -0.000000 -0.000001
0.000000 0.000000 0.000000 0.000000 -0.000000 0.000000 -0.285227 0.317563 51.596340 -1.470481 -1.693048 6.439209 1.053096 0.189651 -1.834157 -0.289635 0.100350 -5.543668 0.253030 -1.798428 11.734432 2.425727 2.010788 -5.274470 -0.066178 2.384228 -3.553449 1.522711 1.056152 -14.410707 0.000077 -0.000022 0.000006 0.006182 0.053373 0.064003 0.615561 -3.702582 -10.517303 -0.603376 3.816936 -10.509014 -21.192989 -4.720203 15.421935 -51.284500 -11.099894 19.510326 -0.077441 -39.031166 0.060217 5.157207 0.958322 -8.330215 -5.882102 9.861279 0.702590 -10.936861 -0.360574 7.156197 0.000000 8.774815 -0.000000 -15.625202 18.326965 6.327162 -1.844031 2.498503 -2.507276 -10.163590 4.678941 4.621104 -20.975996 -0.000001 0.000001 -21.226254 2.451698 -3.593995 0.000000 -0.000006 -0.000000 -1.362681 2.240797 -0.746323 -21.334892 0.584910 3.008319 -13.821196 -0.000001 0.000001 -23.887129 -0.249075 -0.839485 -60.290382 2.896870 -1.032374 -0.294025 1.679686 0.833255 -14.218195 0.093215 1.300579 -34.212002 -0.287561 0.967166 -20.033176 0.964536 1.212838 0.000000 -0.000000 0.000000 -3.440387 0.788233 0.501655 -15.928172 -3.167306 2.999703 -6.338817 -0.000000 0.000001 -18.123419 3.648181 -4.905662 -0.000004 0.000000 -0.000002 25.482416 10.281381 18.921738 44.490646 18.982798 16.923359 0.870809 49.310268 0.797906 0.023077 2.055365 10.786500 2.243540 -5.255033 -3.180156 14.282877 -0.826594 6.952496 -0.000000 -12.690593 -0.000001 16.078342 -18.270020 2.339046 1.665665 -1.955920 -2.878297 4.727794 -4.170584 4.993919 11.020511 0.000001 -0.000000 12.109032 -3.735715 -2.866778 0.000000 -0.000000 0.000000 1.291985 -1.928548 -1.498088 14.800115 0.567467 3.865604 14.242553 -1.341738 -6.660648 19.631935 0.143921 -0.648243 49.380932 -0.964994 -6.903005 0.353029 -1.511150 -0.031940 20.222769 3.684305 2.316629 18.787249 0.000001 -0.000001 10.751608 -0.479870 1.397903 0.000000 -0.000000 0.000000 3.273804 0.305947 -0.580110 21.486790 11.830364 2.266131 8.162915 0.000000 -0.000000 18.399052 -3.798986 -4.940567 0.000003 0.000000 -0.000001 7.400744 16.521877 -7.038375 -0.050029 -0.215349 4.611427 -8.471028 -0.938776 -1.652473 1.634216 -1.998671 0.276165 0.000000 -0.000000 0.000002 -2.708978 -9.579733 -8.663225 -0.029250 -0.035520 2.101605 6.187127 -2.268662 1.134737 -1.421832 0.973196 0.636985 0.000000 -0.000000 -0.000001
0.000000 0.000000 0.000000 0.000000 -0.000000 0.000000 -0.307305 0.254679 52.312334 -1.372437 -1.405545 5.691247 1.018664 0.175847 -2.235337 -0.286529 0.034373 -5.675149 0.299681 -1.860079 11.675740 2.485354 1.989379 -4.723022 -0.099531 2.292493 -3.562904 1.448054 1.019019 -13.031697 0.000077 -0.000022 0.000006 0.003770 0.046121 0.059457 0.619072 -3.707226 -10.515639 -0.611461 3.807128 -10.508922 -22.102030 -4.410423 15.481815 -50.797955 -10.192915 18.337898 -0.083540 -37.474712 0.081438 4.230390 0.861919 -10.056739 -5.882102 9.861279 0.702590 -10.936861 -0.360574 7.156197 0.000000 8.774815 -0.000000 -15.635468 18.189131 6.273666 -1.844031 2.498503 -2.507276 -10.163590 4.678941 4.621104 -20.975996 -0.000001 0.000001 -21.226254 2.451698 -3.593995 0.000000 -0.000006 -0.000000 -1.362681 2.240797 -0.746323 -21.334892 0.584910 3.008319 -13.821196 -0.000001 0.000001 -23.887129 -0.249075 -0.839485 -60.269714 2.881646 -1.073050 -0.294025 1.679686 0.833255 -14.218195 0.093215 1.300579 -34.212002 -0.287561 0.967166 -20.033176 0.964536 1.212838 0.000000 -0.000000 0.000000 -3.440387 0.788233 0.501655 -15.928172 -3.167306 2.999703 -6.338817 -0.000000 0.000001 -18.123419 3.648181 -4.905662 -0.000004 0.000000 -0.000002 26.946980 9.850616 19.020452 43.187428 17.843796 16.155508 0.534803 45.824528 0.447401 0.270289 2.101617 7.888119 2.243540 -5.255033 -3.180156 14.282877 -0.826594 6.952496 -0.000000 -12.690593 -0.000001 15.952759 -18.184515 2.417670 1.665665 -1.955920 -2.878297 4.727794 -4.170584 4.993919 11.020511 0.000001 -0.000000 12.109032 -3.735715 -2.866778 0.000000 -0.000000 0.000000 1.291985 -1.928548 -1.498088 14.800115 0.567467 3.865604 14.242553 -1.341738 -6.660648 19.631935 0.143921 -0.648243 49.495178 -0.896586 -6.826753 0.353029 -1.511150 -0.031940 20.222769 3.684305 2.316629 18.787249 0.000001 -0.000001 10.751608 -0.479870 1.397903 0.000000 -0.000000 0.000000 3.273804 0.305947 -0.580110 21.486790 11.830364 2.266131 8.162915 0.000000 -0.000000 18.399052 -3.798986 -4.940567 0.000003 0.000000 -0.000001 7.660337 16.284374 -5.122978 -0.041474 -0.195368 3.309634 -8.652242 -0.939110 -1.600134 1.631862 -1.985670 0.324892 0.000000 -0.000000 0.000002 -3.071504 -9.534891 -7.123480 -0.024640 -0.041552 1.789739 6.358664 -2.386520 0.536317 -1.420531 0.975431 0.692023 0.000000 -0.000000 -0.000001
0.000000 0.000000 0.000000 0.000000 -0.000000 0.000000 -0.316970 0.184249 52.952459 -1.297513 -1.059666 5.018557 0.999281 0.152638 -2.553163 -0.290457 -0.028852 -5.759690 0.380807 -1.916911 11.621964 2.516426 1.982684 -4.300654 -0.151495 2.133866 -3.571180 1.297844 0.962689 -11.939311 0.000077 -0.000022 0.000006 0.001438 0.030485 0.055077 0.625426 -3.720259 -10.508987 -0.622331 3.788796 -10.505813 -22.791225 -4.128673 15.510667 -50.540428 -9.332467 17.087669 -0.071551 -36.183758 0.070838 3.395867 0.809749 -11.567780 -5.882102 9.861279 0.702590 -10.936861 -0.360574 7.156197 0.000000 8.774815 -0.000000 -15.650979 18.070009 6.214412 -1.844031 2.498503 -2.507276 -10.163590 4.678941 4.621104 -20.975996 -0.000001 0.000001 -21.226254 2.451698 -3.593995 0.000000 -0.000006 -0.000000 -1.362681 2.240797 -0.746323 -21.334892 0.584910 3.008319 -13.821196 -0.000001 0.000001 -23.887129 -0.249075 -0.839485 -60.241238 2.842304 -1.139384 -0.294025 1.679686 0.833255 -14.218195 0.093215 1.300579 -34.212002 -0.287561 0.967166 -20.033176 0.964536 1.212838 0.000000 -0.000000 0.000000 -3.440387 0.788233 0.501655 -15.928172 -3.167306 2.999703 -6.338817 -0.000000 0.000001 -18.123419 3.648181 -4.905662 -0.000004 0.000000 -0.000002 28.275455 9.490652 19.087765 41.995956 16.692593 15.251280 0.355642 41.988834 0.225946 0.532864 1.918326 5.412102 2.243540 -5.255033 -3.180156 14.282877 -0.826594 6.952496 -0.000000 -12.690593 -0.000001 15.875187 -18.068130 2.466020 1.665665 -1.955920 -2.878297 4.727794 -4.170584 4.993919 11.020511 0.000001 -0.000000 12.109032 -3.735715 -2.866778 0.000000 -0.000000 0.000000 1.291985 -1.928548 -1.498088 14.800115 0.567467 3.865604 14.242553 -1.341738 -6.660648 19.631935 0.143921 -0.648243 49.602142 -0.819290 -6.752786 0.353029 -1.511150 -0.031940 20.222769 3.684305 2.316629 18.787249 0.000001 -0.000001 10.751608 -0.479870 1.397903 0.000000 -0.000000 0.000000 3.273804 0.305947 -0.580110 21.486790 11.830364 2.266131 8.162915 0.000000 -0.000000 18.399052 -3.798986 -4.940567 0.000003 0.000000 -0.000001 7.883291 16.080202 -3.622023 -0.029974 -0.189410 2.511762 -8.773757 -1.009033 -1.671508 1.630331 -1.969723 0.347755 0.000000 -0.000000 0.000002 -3.377254 -9.513809 -5.818985 -0.017417 -0.043573 1.687971 6.511208 -2.504531 -0.079305 -1.420226 0.979187 0.747593 0.000000 -0.000000 -0.000001
0.000000 0.000000 0.000000 0.000000 -0.000000 0.000000 -0.320627 0.117744 53.490817 -1.239444 -0.683082 4.446421 0.991116 0.111177 -2.802744 -0.305302 -0.089438 -5.807668 0.492790 -1.961676 11.545977 2.485979 2.010205 -3.990537 -0.201438 1.908525 -3.578837 1.128642 0.902301 -11.131927 0.000077 -0.000022 0.000006 -0.002527 0.002654 0.055372 0.630168 -3.745329 -10.496639 -0.634829 3.758100 -10.498355 -23.227238 -3.882446 15.510899 -50.447735 -8.513251 16.017776 -0.073175 -35.213341 0.064948 2.597061 0.807250 -12.711600 -5.882102 9.861279 0.702590 -10.936861 -0.360574 7.156197 0.000000 8.774815 -0.000000 -15.681968 17.989014 6.161753 -1.844031 2.498503 -2.507276 -10.163590 4.678941 4.621104 -20.975996 -0.000001 0.000001 -21.226254 2.451698 -3.593995 0.000000 -0.000006 -0.000000 -1.362681 2.240797 -0.746323 -21.334892 0.584910 3.008319 -13.821196 -0.000001 0.000001 -23.887129 -0.249075 -0.839485 -60.203522 2.799837 -1.219633 -0.294025 1.679686 0.833255 -14.218195 0.093215 1.300579 -34.212002 -0.287561 0.967166 -20.033176 0.964536 1.212838 0.000000 -0.000000 0.000000 -3.440387 0.788233 0.501655 -15.928172 -3.167306 2.999703 -6.338817 -0.000000 0.000001 -18.123419 3.648181 -4.905662 -0.000004 0.000000 -0.000002 29.379362 9.240937 19.108559 41.045185 15.566510 14.239176 0.293190 37.854843 0.115114 0.868809 1.444970 3.480322 2.243540 -5.255033 -3.180156 14.282877 -0.826594 6.952496 -0.000000 -12.690593 -0.000001 15.866201 -17.924776 2.472058 1.665665 -1.955920 -2.878297 4.727794 -4.170584 4.993919 11.020511 0.000001 -0.000000 12.109032 -3.735715 -2.866778 0.000000 -0.000000 0.000000 1.291985 -1.928548 -1.498088 14.800115 0.567467 3.865604 14.242553 -1.341738 -6.660648 19.631935 0.143921 -0.648243 49.691879 -0.746492 -6.692027 0.353029 -1.511150 -0.031940 20.222769 3.684305 2.316629 18.787249 0.000001 -0.000001 10.751608 -0.479870 1.397903 0.000000 -0.000000 0.000000 3.273804 0.305947 -0.580110 21.486790 11.830364 2.266131 8.162915 0.000000 -0.000000 18.399052 -3.798986 -4.940567 0.000003 0.000000 -0.000001 8.072583 15.897879 -2.510767 -0.022359 -0.191241 2.111677 -8.866199 -1.156025 -1.816235 1.629652 -1.954682 0.348896 0.000000 -0.000000 0.000002 -3.631445 -9.509157 -4.761132 -0.008963 -0.050039 1.738846 6.641866 -2.633511 -0.654915 -1.420992 0.976972 0.806060 0.000000 -0.000000 -0.000001
0.000000 0.000000 0.000000 0.000000 -0.000000 0.000000 -0.333812 0.062790 53.913979 -1.186138 -0.285662 3.955808 0.992650 0.060854 -2.978186 -0.324174 -0.137776 -5.831036 0.607146 -1.990007 11.452743 2.386368 2.047727 -3.795223 -0.254409 1.664353 -3.584013 0.981995 0.808802 -10.557565 0.000077 -0.000022 0.000006 -0.007402 -0.023360 0.059942 0.634697 -3.769024 -10.483574 -0.649018 3.729636 -10.488231 -23.426662 -3.703880 15.505527 -50.434261 -7.756078 15.301482 -0.088042 -34.549484 0.072412 1.787616 0.825821 -13.349322 -5.882102 9.861279 0.702590 -10.936861 -0.360574 7.156197 0.000000 8.774815 -0.000000 -15.725554 17.938467 6.128119 -1.844031 2.498503 -2.507276 -10.163590 4.678941 4.621104 -20.975996 -0.000001 0.000001 -21.226254 2.451698 -3.593995 0.000000 -0.000006 -0.000000 -1.362681 2.240797 -0.746323 -21.334892 0.584910 3.008319 -13.821196 -0.000001 0.000001 -23.887129 -0.249075 -0.839485 -60.175339 2.757933 -1.265485 -0.294025 1.679686 0.833255 -14.218195 0.093215 1.300579 -34.212002 -0.287561 0.967166 -20.033176 0.964536 1.212838 0.000000 -0.000000 0.000000 -3.440387 0.788233 0.501655 -15.928172 -3.167306 2.999703 -6.338817 -0.000000 0.000001 -18.123419 3.648181 -4.905662 -0.000004 0.000000 -0.000002 30.182053 9.077523 19.100628 40.426670 14.495408 13.108459 0.287316 33.648464 0.062391 1.180841 0.678121 2.101004 2.243540 -5.255033 -3.180156 14.282877 -0.826594 6.952496 -0.000000 -12.690593 -0.000001 15.911909 -17.775181 2.461680 1.665665 -1.955920 -2.878297 4.727794 -4.170584 4.993919 11.020511 0.000001 -0.000000 12.109032 -3.735715 -2.866778 0.000000 -0.000000 0.000000 1.291985 -1.928548 -1.498088 14.800115 0.567467 3.865604 14.242553 -1.341738 -6.660648 19.631935 0.143921 -0.648243 49.774597 -0.695997 -6.628431 0.353029 -1.511150 -0.031940 20.222769 3.684305 2.316629 18.787249 0.000001 -0.000001 10.751608 -0.479870 1.397903 0.000000 -0.000000 0.000000 3.273804 0.305947 -0.580110 21.486790 11.830364 2.266131 8.162915 0.000000 -0.000000 18.399052 -3.798986 -4.940567 0.000003 0.000000 -0.000001 8.247754 15.743122 -1.698979 -0.021502 -0.209901 1.945896 -8.974596 -1.345536 -1.930862 1.628969 -1.943692 0.374434 0.000000 -0.000000 0.000002 -3.840180 -9.521277 -3.884176 -0.005507 -0.060791 1.832148 6.710996 -2.775237 -1.137906 -1.421599 0.968604 0.882790 0.000000 -0.000000 -0.000001
0.000000 0.000000 0.000000 0.000000 -0.000000 0.000000 -0.355272 0.018327 54.251963 -1.134282 0.134271 3.538227 1.006713 0.007743 -3.089061 -0.336348 -0.173052 -5.842109 0.693572 -2.013248 11.356109 2.244148 2.094741 -3.683811 -0.310731 1.435230 -3.591605 0.863894 0.679096 -10.150552 0.000077 -0.000022 0.000006 -0.011787 -0.044473 0.061952 0.640641 -3.786502 -10.472322 -0.663685 3.704975 -10.480844 -23.455503 -3.592845 15.490888 -50.421257 -7.070029 14.973573 -0.086705 -34.118076 0.077674 0.944232 0.833588 -13.560832 -5.882102 9.861279 0.702590 -10.936861 -0.360574 7.156197 0.000000 8.774815 -0.000000 -15.794811 17.898441 6.104067 -1.844031 2.498503 -2.507276 -10.163590 4.678941 4.621104 -20.975996 -0.000001 0.000001 -21.226254 2.451698 -3.593995 0.000000 -0.000006 -0.000000 -1.362681 2.240797 -0.746323 -21.334892 0.584910 3.008319 -13.821196 -0.000001 0.000001 -23.887129 -0.249075 -0.839485 -60.182053 2.712033 -1.261179 -0.294025 1.679686 0.833255 -14.218195 0.093215 1.300579 -34.212002 -0.287561 0.967166 -20.033176 0.964536 1.212838 0.000000 -0.000000 0.000000 -3.440387 0.788233 0.501655 -15.928172 -3.167306 2.999703 -6.338817 -0.000000 0.000001 -18.123419 3.648181 -4.905662 -0.000004 0.000000 -0.000002 30.725918 8.968012 19.064526 40.067352 13.407229 11.958767 0.305984 29.834129 0.048747 1.443847 -0.232952 1.021365 2.243540 -5.255033 -3.180156 14.282877 -0.826594 6.952496 -0.000000 -12.690593 -0.000001 15.987204 -17.631437 2.443986 1.665665 -1.955920 -2.878297 4.727794 -4.170584 4.993919 11.020511 0.000001 -0.000000 12.109032 -3.735715 -2.866778 0.000000 -0.000000 0.000000 1.291985 -1.928548 -1.498088 14.800115 0.567467 3.865604 14.242553 -1.341738 -6.660648 19.631935 0.143921 -0.648243 49.806736 -0.666526 -6.568789 0.353029 -1.511150 -0.031940 20.222769 3.684305 2.316629 18.787249 0.000001 -0.000001 10.751608 -0.479870 1.397903 0.000000 -0.000000 0.000000 3.273804 0.305947 -0.580110 21.486790 11.830364 2.266131 8.162915 0.000000 -0.000000 18.399052 -3.798986 -4.940567 0.000003 0.000000 -0.000001 8.372430 15.601525 -1.065908 -0.021592 -0.239490 1.883122 -9.076900 -1.561853 -2.054214 1.629152 -1.936358 0.428209 0.000000 -0.000000 0.000002 -3.996602 -9.574907 -3.173542 -0.010797 -0.072935 1.953331 6.742892 -2.911676 -1.558820 -1.421636 0.957877 0.983515 0.000000 -0.000000 -0.000001
0.000000 0.000000 0.000000 0.000000 -0.000000 0.000000 -0.374885 -0.013984 54.528236 -1.087647 0.543920 3.198858 1.036134 -0.037774 -3.161925 -0.338232 -0.200050 -5.850536 0.736509 -2.041472 11.270386 2.085708 2.153027 -3.620830 -0.355802 1.256391 -3.600580 0.768237 0.540142 -9.871497 0.000077 -0.000022 0.000006 -0.013421 -0.055538 0.057918 0.650239 -3.795099 -10.470051 -0.676589 3.691261 -10.483131 -23.447931 -3.520525 15.472769 -50.334820 -6.476928 14.920622 -0.047627 -33.802483 0.059960 0.172240 0.822858 -13.501781 -5.882102 9.861279 0.702590 -10.936861 -0.360574 7.156197 0.000000 8.774815 -0.000000 -15.858234 17.874578 6.084602 -1.844031 2.498503 -2.507276 -10.163590 4.678941 4.621104 -20.975996 -0.000001 0.000001 -21.226254 2.451698 -3.593995 0.000000 -0.000006 -0.000000 -1.362681 2.240797 -0.746323 -21.334892 0.584910 3.008319 -13.821196 -0.000001 0.000001 -23.887129 -0.249075 -0.839485 -60.206371 2.680552 -1.237903 -0.294025 1.679686 0.833255 -14.218195 0.093215 1.300579 -34.212002 -0.287561 0.967166 -20.033176 0.964536 1.212838 0.000000 -0.000000 0.000000 -3.440387 0.788233 0.501655 -15.928172 -3.167306 2.999703 -6.338817 -0.000000 0.000001 -18.123419 3.648181 -4.905662 -0.000004 0.000000 -0.000002 31.064014 8.882775 19.002687 39.886471 12.234129 10.905356 0.365042 26.959225 0.052296 1.671880 -1.017933 0.010199 2.243540 -5.255033 -3.180156 14.282877 -0.826594 6.952496 -0.000000 -12.690593 -0.000001 16.061256 -17.518665 2.408453 1.665665 -1.955920 -2.878297 4.727794 -4.170584 4.993919 11.020511 0.000001 -0.000000 12.109032 -3.735715 -2.866778 0.000000 -0.000000 0.000000 1.291985 -1.928548 -1.498088 14.800115 0.567467 3.865604 14.242553 -1.341738 -6.660648 19.631935 0.143921 -0.648243 49.787071 -0.632335 -6.541038 0.353029 -1.511150 -0.031940 20.222769 3.684305 2.316629 18.787249 0.000001 -0.000001 10.751608 -0.479870 1.397903 0.000000 -0.000000 0.000000 3.273804 0.305947 -0.580110 21.486790 11.830364 2.266131 8.162915 0.000000 -0.000000 18.399052 -3.798986 -4.940567 0.000003 0.000000 -0.000001 8.467616 15.477871 -0.589749 -0.023669 -0.267734 1.853882 -9.182307 -1.787654 -2.127584 1.630327 -1.926082 0.484606 0.000000 -0.000000 0.000002 -4.126052 -9.632467 -2.560946 -0.019099 -0.085216 2.034039 6.776727 -3.071860 -1.889963 -1.422272 0.946346 1.074105 0.000000 -0.000000 -0.000001
0.000000 0.000000 0.000000 0.000000 -0.000000 0.000000 -0.399167 -0.038875 54.750135 -1.034340 0.891990 2.915411 1.073830 -0.062255 -3.221807 -0.336871 -0.231292 -5.862195 0.741563 -2.061833 11.192616 1.923975 2.214664 -3.563704 -0.382166 1.139247 -3.605778 0.679774 0.422483 -9.673600 0.000077 -0.000022 0.000006 -0.013384 -0.058510 0.051735 0.660292 -3.797934 -10.478723 -0.686696 3.687462 -10.494437 -23.494518 -3.476613 15.458349 -50.204140 -5.950445 14.831740 -0.021690 -33.466782 0.046348 -0.422503 0.831150 -13.294980 -5.882102 9.861279 0.702590 -10.936861 -0.360574 7.156197 0.000000 8.774815 -0.000000 -15.911284 17.869514 6.056204 -1.844031 2.498503 -2.507276 -10.163590 4.678941 4.621104 -20.975996 -0.000001 0.000001 -21.226254 2.451698 -3.593995 0.000000 -0.000006 -0.000000 -1.362681 2.240797 -0.746323 -21.334892 0.584910 3.008319 -13.821196 -0.000001 0.000001 -23.887129 -0.249075 -0.839485 -60.212639 2.666548 -1.232851 -0.294025 1.679686 0.833255 -14.218195 0.093215 1.300579 -34.212002 -0.287561 0.967166 -20.033176 0.964536 1.212838 0.000000 -0.000000 0.000000 -3.440387 0.788233 0.501655 -15.928172 -3.167306 2.999703 -6.338817 -0.000000 0.000001 -18.123419 3.648181 -4.905662 -0.000004 0.000000 -0.000002 31.243393 8.770641 18.927036 39.832439 11.008943 10.044356 0.434957 25.049950 0.045315 1.965267 -1.579774 -0.948843 2.243540 -5.255033 -3.180156 14.282877 -0.826594 6.952496 -0.000000 -12.690593 -0.000001 16.129782 -17.459824 2.357248 1.665665 -1.955920 -2.878297 4.727794 -4.170584 4.993919 11.020511 0.000001 -0.000000 12.109032 -3.735715 -2.866778 0.000000 -0.000000 0.000000 1.291985 -1.928548 -1.498088 14.800115 0.567467 3.865604 14.242553 -1.341738 -6.660648 19.631935 0.143921 -0.648243 49.759075 -0.592345 -6.549294 0.353029 -1.511150 -0.031940 20.222769 3.684305 2.316629 18.787249 0.000001 -0.000001 10.751608 -0.479870 1.397903 0.000000 -0.000000 0.000000 3.273804 0.305947 -0.580110 21.486790 11.830364 2.266131 8.162915 0.000000 -0.000000 18.399052 -3.798986 -4.940567 0.000003 0.000000 -0.000001 8.539103 15.424246 -0.205184 -0.029903 -0.291590 1.844054 -9.292582 -2.030341 -2.151549 1.630952 -1.917323 0.533686 0.000000 -0.000000 0.000002 -4.245162 -9.675614 -2.039968 -0.023234 -0.098048 2.097560 6.815067 -3.218007 -2.161932 -1.422321 0.934092 1.136203 0.000000 -0.000000 -0.000001
0.000000 0.000000 0.000000 0.000000 -0.000000 0.000000 -0.430587 -0.067690 54.942487 -0.969738 1.154464 2.676345 1.106635 -0.068066 -3.289291 -0.334746 -0.267940 -5.876549 0.722768 -2.064296 11.122948 1.776757 2.248573 -3.480557 -0.385464 1.086221 -3.614863 0.614310 0.330913 -9.465295 0.000077 -0.000022 0.000006 -0.014964 -0.061280 0.047560 0.666277 -3.800904 -10.492697 -0.695973 3.684227 -10.508558 -23.624220 -3.454412 15.468120 -50.050743 -5.482239 14.567469 -0.037473 -33.085831 0.044546 -0.779482 0.836279 -12.973095 -5.882102 9.861279 0.702590 -10.936861 -0.360574 7.156197 0.000000 8.774815 -0.000000 -15.962174 17.876522 6.033703 -1.844031 2.498503 -2.507276 -10.163590 4.678941 4.621104 -20.975996 -0.000001 0.000001 -21.226254 2.451698 -3.593995 0.000000 -0.000006 -0.000000 -1.362681 2.240797 -0.746323 -21.334892 0.584910 3.008319 -13.821196 -0.000001 0.000001 -23.887129 -0.249075 -0.839485 -60.230003 2.664103 -1.258340 -0.294025 1.679686 0.833255 -14.218195 0.093215 1.300579 -34.212002 -0.287561 0.967166 -20.033176 0.964536 1.212838 0.000000 -0.000000 0.000000 -3.440387 0.788233 0.501655 -15.928172 -3.167306 2.999703 -6.338817 -0.000000 0.000001 -18.123419 3.648181 -4.905662 -0.000004 0.000000 -0.000002 31.345142 8.601171 18.844631 39.862213 9.878570 9.468962 0.449537 23.907038 0.019778 2.315800 -1.894355 -1.759533 2.243540 -5.255033 -3.180156 14.282877 -0.826594 6.952496 -0.000000 -12.690593 -0.000001 16.175901 -17.442596 2.326400 1.665665 -1.955920 -2.878297 4.727794 -4.170584 4.993919 11.020511 0.000001 -0.000000 12.109032 -3.735715 -2.866778 0.000000 -0.000000 0.000000 1.291985 -1.928548 -1.498088 14.800115 0.567467 3.865604 14.242553 -1.341738 -6.660648 19.631935 0.143921 -0.648243 49.738758 -0.569554 -6.572269 0.353029 -1.511150 -0.031940 20.222769 3.684305 2.316629 18.787249 0.000001 -0.000001 10.751608 -0.479870 1.397903 0.000000 -0.000000 0.000000 3.273804 0.305947 -0.580110 21.486790 11.830364 2.266131 8.162915 0.000000 -0.000000 18.399052 -3.798986 -4.940567 0.000003 0.000000 -0.000001 8.592622 15.422890 0.138448 -0.036793 -0.304973 1.826135 -9.409890 -2.263701 -2.170200 1.631280 -1.918119 0.555539 0.000000 -0.000000 0.000002 -4.350358 -9.704961 -1.672461 -0.021993 -0.111469 2.247162 6.853593 -3.315357 -2.462265 -1.421469 0.920452 1.169345 0.000000 -0.000000 -0.000001
0.000000 0.000000 0.000000 0.000000 -0.000000 0.000000 -0.464956 -0.103590 55.112823 -0.914372 1.342038 2.465681 1.137621 -0.074696 -3.367765 -0.328368 -0.300730 -5.890693 0.687842 -2.055202 11.079569 1.676354 2.262794 -3.368140 -0.376282 1.078941 -3.627128 0.575383 0.258021 -9.199430 0.000077 -0.000022 0.000006 -0.015205 -0.056309 0.044665 0.671501 -3.795732 -10.508728 -0.701757 3.689014 -10.523941 -23.834915 -3.426038 15.508356 -49.877026 -5.071161 14.183315 -0.043078 -32.719444 0.031377 -0.968318 0.806018 -12.666969 -5.882102 9.861279 0.702590 -10.936861 -0.360574 7.156197 0.000000 8.774815 -0.000000 -16.007898 17.884666 6.031164 -1.844031 2.498503 -2.507276 -10.163590 4.678941 4.621104 -20.975996 -0.000001 0.000001 -21.226254 2.451698 -3.593995 0.000000 -0.000006 -0.000000 -1.362681 2.240797 -0.746323 -21.334892 0.584910 3.008319 -13.821196 -0.000001 0.000001 -23.887129 -0.249075 -0.839485 -60.287102 2.661756 -1.266707 -0.294025 1.679686 0.833255 -14.218195 0.093215 1.300579 -34.212002 -0.287561 0.967166 -20.033176 0.964536 1.212838 0.000000 -0.000000 0.000000 -3.440387 0.788233 0.501655 -15.928172 -3.167306 2.999703 -6.338817 -0.000000 0.000001 -18.123419 3.648181 -4.905662 -0.000004 0.000000 -0.000002 31.487892 8.397706 18.763168 39.900791 8.913675 8.988438 0.434277 23.351507 0.001396 2.518410 -1.990851 -2.488333 2.243540 -5.255033 -3.180156 14.282877 -0.826594 6.952496 -0.000000 -12.690593 -0.000001 16.211094 -17.465216 2.322327 1.665665 -1.955920 -2.878297 4.727794 -4.170584 4.993919 11.020511 0.000001 -0.000000 12.109032 -3.735715 -2.866778 0.000000 -0.000000 0.000000 1.291985 -1.928548 -1.498088 14.800115 0.567467 3.865604 14.242553 -1.341738 -6.660648 19.631935 0.143921 -0.648243 49.736908 -0.553216 -6.582380 0.353029 -1.511150 -0.031940 20.222769 3.684305 2.316629 18.787249 0.000001 -0.000001 10.751608 -0.479870 1.397903 0.000000 -0.000000 0.000000 3.273804 0.305947 -0.580110 21.486790 11.830364 2.266131 8.162915 0.000000 -0.000000 18.399052 -3.798986 -4.940567 0.000003 0.000000 -0.000001 8.653195 15.444320 0.460191 -0.040603 -0.308519 1.795444 -9.529770 -2.470576 -2.212155 1.632417 -1.927889 0.527920 0.000000 -0.000000 0.000002 -4.448130 -9.728067 -1.386472 -0.018674 -0.117624 2.471646 6.906250 -3.353407 -2.793053 -1.420000 0.907721 1.165076 0.000000 -0.000000 -0.000001
0.000000 0.000000 0.000000 0.000000 -0.000000 0.000000 -0.497210 -0.142392 55.260151 -0.878057 1.469446 2.281650 1.163759 -0.085690 -3.456399 -0.322257 -0.322370 -5.913147 0.649792 -2.062695 11.069684 1.636322 2.273408 -3.254782 -0.359685 1.100765 -3.634672 0.562022 0.227553 -8.884077 0.000077 -0.000022 0.000006 -0.014425 -0.047089 0.044535 0.674031 -3.786525 -10.517943 -0.702738 3.698472 -10.534506 -24.091757 -3.360006 15.552373 -49.699493 -4.719651 13.765407 -0.015311 -32.404636 0.003958 -1.073506 0.754526 -12.392812 -5.882102 9.861279 0.702590 -10.936861 -0.360574 7.156197 0.000000 8.774815 -0.000000 -16.042568 17.900635 6.051871 -1.844031 2.498503 -2.507276 -10.163590 4.678941 4.621104 -20.975996 -0.000001 0.000001 -21.226254 2.451698 -3.593995 0.000000 -0.000006 -0.000000 -1.362681 2.240797 -0.746323 -21.334892 0.584910 3.008319 -13.821196 -0.000001 0.000001 -23.887129 -0.249075 -0.839485 -60.372692 2.672080 -1.262993 -0.294025 1.679686 0.833255 -14.218195 0.093215 1.300579 -34.212002 -0.287561 0.967166 -20.033176 0.964536 1.212838 0.000000 -0.000000 0.000000 -3.440387 0.788233 0.501655 -15.928172 -3.167306 2.999703 -6.338817 -0.000000 0.000001 -18.123419 3.648181 -4.905662 -0.000004 0.000000 -0.000002 31.701336 8.194577 18.703705 39.912533 8.133327 8.530783 0.410064 23.250750 -0.002695 2.526156 -1.920062 -3.236423 2.243540 -5.255033 -3.180156 14.282877 -0.826594 6.952496 -0.000000 -12.690593 -0.000001 16.235785 -17.504297 2.330190 1.665665 -1.955920 -2.878297 4.727794 -4.170584 4.993919 11.020511 0.000001 -0.000000 12.109032 -3.735715 -2.866778 0.000000 -0.000000 0.000000 1.291985 -1.928548 -1.498088 14.800115 0.567467 3.865604 14.242553 -1.341738 -6.660648 19.631935 0.143921 -0.648243 49.739742 -0.534279 -6.577343 0.353029 -1.511150 -0.031940 20.222769 3.684305 2.316629 18.787249 0.000001 -0.000001 10.751608 -0.479870 1.397903 0.000000 -0.000000 0.000000 3.273804 0.305947 -0.580110 21.486790 11.830364 2.266131 8.162915 0.000000 -0.000000 18.399052 -3.798986 -4.940567 0.000003 0.000000 -0.000001 8.722452 15.479860 0.748365 -0.040444 -0.310560 1.760890 -9.662493 -2.651511 -2.264664 1.632730 -1.942189 0.491653 0.000000 -0.000000 0.000002 -4.519769 -9.746487 -1.159695 -0.014847 -0.113943 2.697069 6.969358 -3.353602 -3.093669 -1.419167 0.901059 1.162020 0.000000 -0.000000 -0.000001
0.000000 0.000000 0.000000 0.000000 -0.000000 0.000000 -0.526648 -0.179187 55.374160 -0.859796 1.535523 2.128019 1.187716 -0.096756 -3.544015 -0.321437 -0.336491 -5.939549 0.613512 -2.072269 11.066866 1.659335 2.261365 -3.122533 -0.334773 1.136862 -3.632793 0.557865 0.251862 -8.553001 0.000077 -0.000022 0.000006 -0.013270 -0.038110 0.046581 0.675071 -3.776943 -10.520087 -0.701429 3.707375 -10.540194 -24.335413 -3.276715 15.583022 -49.591312 -4.407401 13.288906 0.033451 -32.165703 -0.021227 -1.133587 0.701341 -12.133317 -5.882102 9.861279 0.702590 -10.936861 -0.360574 7.156197 0.000000 8.774815 -0.000000 -16.069071 17.906832 6.061181 -1.844031 2.498503 -2.507276 -10.163590 4.678941 4.621104 -20.975996 -0.000001 0.000001 -21.226254 2.451698 -3.593995 0.000000 -0.000006 -0.000000 -1.362681 2.240797 -0.746323 -21.334892 0.584910 3.008319 -13.821196 -0.000001 0.000001 -23.887129 -0.249075 -0.839485 -60.448219 2.677325 -1.273541 -0.294025 1.679686 0.833255 -14.218195 0.093215 1.300579 -34.212002 -0.287561 0.967166 -20.033176 0.964536 1.212838 0.000000 -0.000000 0.000000 -3.440387 0.788233 0.501655 -15.928172 -3.167306 2.999703 -6.338817 -0.000000 0.000001 -18.123419 3.648181 -4.905662 -0.000004 0.000000 -0.000002 31.947260 8.001372 18.648928 39.932213 7.555771 8.107119 0.392960 23.450556 0.003983 2.359915 -1.707092 -4.044331 2.243540 -5.255033 -3.180156 14.282877 -0.826594 6.952496 -0.000000 -12.690593 -0.000001 16.223867 -17.519819 2.342951 1.665665 -1.955920 -2.878297 4.727794 -4.170584 4.993919 11.020511 0.000001 -0.000000 12.109032 -3.735715 -2.866778 0.000000 -0.000000 0.000000 1.291985 -1.928548 -1.498088 14.800115 0.567467 3.865604 14.242553 -1.341738 -6.660648 19.631935 0.143921 -0.648243 49.716557 -0.518965 -6.561854 0.353029 -1.511150 -0.031940 20.222769 3.684305 2.316629 18.787249 0.000001 -0.000001 10.751608 -0.479870 1.397903 0.000000 -0.000000 0.000000 3.273804 0.305947 -0.580110 21.486790 11.830364 2.266131 8.162915 0.000000 -0.000000 18.399052 -3.798986 -4.940567 0.000003 0.000000 -0.000001 8.795720 15.496592 0.989816 -0.037704 -0.311088 1.738290 -9.810451 -2.767786 -2.331339 1.632922 -1.952526 0.473860 0.000000 -0.000000 0.000002 -4.569169 -9.763267 -1.007843 -0.005262 -0.106671 2.932032 7.036121 -3.309175 -3.356607 -1.419461 0.900182 1.172811 0.000000 -0.000000 -0.000001
0.000000 0.000000 0.000000 0.000000 -0.000000 0.000000 -0.556938 -0.207229 55.440835 -0.852126 1.550727 2.003683 1.204743 -0.111613 -3.619818 -0.323623 -0.342630 -5.963869 0.585609 -2.077641 11.056657 1.717344 2.237906 -2.970143 -0.308647 1.178513 -3.630299 0.584920 0.302066 -8.181904 0.000077 -0.000022 0.000006 -0.011799 -0.028466 0.044932 0.676659 -3.766732 -10.528771 -0.700022 3.716976 -10.551728 -24.557074 -3.187551 15.617368 -49.550243 -4.152047 12.753216 0.095532 -32.037289 -0.048397 -1.157422 0.665414 -11.872628 -5.882102 9.861279 0.702590 -10.936861 -0.360574 7.156197 0.000000 8.774815 -0.000000 -16.076618 17.907938 6.061499 -1.844031 2.498503 -2.507276 -10.163590 4.678941 4.621104 -20.975996 -0.000001 0.000001 -21.226254 2.451698 -3.593995 0.000000 -0.000006 -0.000000 -1.362681 2.240797 -0.746323 -21.334892 0.584910 3.008319 -13.821196 -0.000001 0.000001 -23.887129 -0.249075 -0.839485 -60.479504 2.680226 -1.281711 -0.294025 1.679686 0.833255 -14.218195 0.093215 1.300579 -34.212002 -0.287561 0.967166 -20.033176 0.964536 1.212838 0.000000 -0.000000 0.000000 -3.440387 0.788233 0.501655 -15.928172 -3.167306 2.999703 -6.338817 -0.000000 0.000001 -18.123419 3.648181 -4.905662 -0.000004 0.000000 -0.000002 32.203449 7.853869 18.598488 39.976730 7.166609 7.775025 0.354111 23.841208 0.003502 2.107510 -1.425825 -4.756841 2.243540 -5.255033 -3.180156 14.282877 -0.826594 6.952496 -0.000000 -12.690593 -0.000001 16.195873 -17.508013 2.353741 1.665665 -1.955920 -2.878297 4.727794 -4.170584 4.993919 11.020511 0.000001 -0.000000 12.109032 -3.735715 -2.866778 0.000000 -0.000000 0.000000 1.291985 -1.928548 -1.498088 14.800115 0.567467 3.865604 14.242553 -1.341738 -6.660648 19.631935 0.143921 -0.648243 49.693069 -0.514933 -6.531089 0.353029 -1.511150 -0.031940 20.222769 3.684305 2.316629 18.787249 0.000001 -0.000001 10.751608 -0.479870 1.397903 0.000000 -0.000000 0.000000 3.273804 0.305947 -0.580110 21.486790 11.830364 2.266131 8.162915 0.000000 -0.000000 18.399052 -3.798986 -4.940567 0.000003 0.000000 -0.000001 8.860367 15.507237 1.179882 -0.034154 -0.313601 1.738218 -9.911735 -2.790848 -2.399513 1.633426 -1.955046 0.448184 0.000000 -0.000000 0.000002 -4.599044 -9.766710 -0.926250 0.004108 -0.101153 3.160157 7.099916 -3.229672 -3.562600 -1.419023 0.901707 1.184817 0.000000 -0.000000 -0.000001
0.000000 0.000000 0.000000 0.000000 -0.000000 0.000000 -0.585482 -0.230394 55.479429 -0.846296 1.518942 1.899930 1.212538 -0.122227 -3.678565 -0.328721 -0.339789 -5.982187 0.562167 -2.088676 11.039054 1.802740 2.204995 -2.800135 -0.287091 1.234279 -3.627125 0.641762 0.345053 -7.809574 0.000077 -0.000022 0.000006 -0.012452 -0.026198 0.042587 0.677517 -3.763612 -10.537108 -0.702101 3.718584 -10.560001 -24.708088 -3.113749 15.633519 -49.600143 -3.946737 12.237129 0.177773 -32.012398 -0.079184 -1.152785 0.615969 -11.634414 -5.882102 9.861279 0.702590 -10.936861 -0.360574 7.156197 0.000000 8.774815 -0.000000 -16.067669 17.908310 6.049475 -1.844031 2.498503 -2.507276 -10.163590 4.678941 4.621104 -20.975996 -0.000001 0.000001 -21.226254 2.451698 -3.593995 0.000000 -0.000006 -0.000000 -1.362681 2.240797 -0.746323 -21.334892 0.584910 3.008319 -13.821196 -0.000001 0.000001 -23.887129 -0.249075 -0.839485 -60.474518 2.668582 -1.297731 -0.294025 1.679686 0.833255 -14.218195 0.093215 1.300579 -34.212002 -0.287561 0.967166 -20.033176 0.964536 1.212838 0.000000 -0.000000 0.000000 -3.440387 0.788233 0.501655 -15.928172 -3.167306 2.999703 -6.338817 -0.000000 0.000001 -18.123419 3.648181 -4.905662 -0.000004 0.000000 -0.000002 32.424553 7.756266 18.558525 40.070869 6.989898 7.624535 0.276164 24.292591 -0.013839 1.878656 -1.150156 -5.274347 2.243540 -5.255033 -3.180156 14.282877 -0.826594 6.952496 -0.000000 -12.690593 -0.000001 16.172031 -17.489126 2.365504 1.665665 -1.955920 -2.878297 4.727794 -4.170584 4.993919 11.020511 0.000001 -0.000000 12.109032 -3.735715 -2.866778 0.000000 -0.000000 0.000000 1.291985 -1.928548 -1.498088 14.800115 0.567467 3.865604 14.242553 -1.341738 -6.660648 19.631935 0.143921 -0.648243 49.686043 -0.523753 -6.501288 0.353029 -1.511150 -0.031940 20.222769 3.684305 2.316629 18.787249 0.000001 -0.000001 10.751608 -0.479870 1.397903 0.000000 -0.000000 0.000000 3.273804 0.305947 -0.580110 21.486790 11.830364 2.266131 8.162915 0.000000 -0.000000 18.399052 -3.798986 -4.940567 0.000003 0.000000 -0.000001 8.908864 15.530601 1.338514 -0.033805 -0.321679 1.734226 -9.956427 -2.742714 -2.468014 1.633549 -1.952531 0.438070 0.000000 -0.000000 0.000002 -4.618946 -9.750302 -0.909528 0.008773 -0.099829 3.413052 7.150874 -3.148834 -3.747186 -1.417094 0.903231 1.191682 0.000000 -0.000000 -0.000001
0.000000 0.000000 0.000000 0.000000 -0.000000 0.000000 -0.609627 -0.256812 55.496451 -0.834142 1.448047 1.821556 1.208672 -0.124795 -3.722557 -0.337492 -0.331998 -5.997139 0.541552 -2.097067 11.016255 1.892171 2.174848 -2.624004 -0.267866 1.283892 -3.627919 0.685418 0.380260 -7.448762 0.000077 -0.000022 0.000006 -0.012866 -0.024708 0.040327 0.679091 -3.760443 -10.543696 -0.704386 3.717901 -10.566689 -24.798244 -3.066351 15.592272 -49.700218 -3.755141 11.795501 0.248039 -32.097431 -0.121527 -1.166449 0.530555 -11.388725 -5.882102 9.861279 0.702590 -10.936861 -0.360574 7.156197 0.000000 8.774815 -0.000000 -16.035887 17.905041 6.048179 -1.844031 2.498503 -2.507276 -10.163590 4.678941 4.621104 -20.975996 -0.000001 0.000001 -21.226254 2.451698 -3.593995 0.000000 -0.000006 -0.000000 -1.362681 2.240797 -0.746323 -21.334892 0.584910 3.008319 -13.821196 -0.000001 0.000001 -23.887129 -0.249075 -0.839485 -60.452141 2.666391 -1.304437 -0.294025 1.679686 0.833255 -14.218195 0.093215 1.300579 -34.212002 -0.287561 0.967166 -20.033176 0.964536 1.212838 0.000000 -0.000000 0.000000 -3.440387 0.788233 0.501655 -15.928172 -3.167306 2.999703 -6.338817 -0.000000 0.000001 -18.123419 3.648181 -4.905662 -0.000004 0.000000 -0.000002 32.623436 7.700523 18.518875 40.198509 6.970461 7.618382 0.187030 24.798452 -0.039583 1.634434 -0.885276 -5.699897 2.243540 -5.255033 -3.180156 14.282877 -0.826594 6.952496 -0.000000 -12.690593 -0.000001 16.148300 -17.461409 2.387090 1.665665 -1.955920 -2.878297 4.727794 -4.170584 4.993919 11.020511 0.000001 -0.000000 12.109032 -3.735715 -2.866778 0.000000 -0.000000 0.000000 1.291985 -1.928548 -1.498088 14.800115 0.567467 3.865604 14.242553 -1.341738 -6.660648 19.631935 0.143921 -0.648243 49.691624 -0.536007 -6.469650 0.353029 -1.511150 -0.031940 20.222769 3.684305 2.316629 18.787249 0.000001 -0.000001 10.751608 -0.479870 1.397903 0.000000 -0.000000 0.000000 3.273804 0.305947 -0.580110 21.486790 11.830364 2.266131 8.162915 0.000000 -0.000000 18.399052 -3.798986 -4.940567 0.000003 0.000000 -0.000001 8.928747 15.526773 1.467569 -0.038151 -0.333509 1.706661 -9.967241 -2.615783 -2.560331 1.633845 -1.951978 0.434003 0.000000 -0.000000 0.000002 -4.637125 -9.716029 -1.023360 0.010356 -0.100286 3.822549 7.214423 -3.056819 -3.991200 -1.415212 0.905582 1.186437 0.000000 -0.000000 -0.000001
0.000000 0.000000 0.000000 0.000000 -0.000000 0.000000 -0.644215 -0.279221 55.493188 -0.814422 1.353645 1.758644 1.197688 -0.131683 -3.754202 -0.347187 -0.330459 -6.004075 0.518914 -2.080724 10.994217 1.974398 2.144379 -2.450284 -0.254246 1.320411 -3.627516 0.722929 0.410287 -7.092691 0.000077 -0.000022 0.000006 -0.012790 -0.024725 0.039647 0.680716 -3.759627 -10.550036 -0.705768 3.716491 -10.573131 -24.850863 -3.033998 15.522159 -49.807178 -3.588312 11.411079 0.297176 -32.323631 -0.167553 -1.226451 0.403536 -11.228049 -5.882102 9.861279 0.702590 -10.936861 -0.360574 7.156197 0.000000 8.774815 -0.000000 -15.995704 17.898851 6.054375 -1.844031 2.498503 -2.507276 -10.163590 4.678941 4.621104 -20.975996 -0.000001 0.000001 -21.226254 2.451698 -3.593995 0.000000 -0.000006 -0.000000 -1.362681 2.240797 -0.746323 -21.334892 0.584910 3.008319 -13.821196 -0.000001 0.000001 -23.887129 -0.249075 -0.839485 -60.435612 2.660907 -1.308928 -0.294025 1.679686 0.833255 -14.218195 0.093215 1.300579 -34.212002 -0.287561 0.967166 -20.033176 0.964536 1.212838 0.000000 -0.000000 0.000000 -3.440387 0.788233 0.501655 -15.928172 -3.167306 2.999703 -6.338817 -0.000000 0.000001 -18.123419 3.648181 -4.905662 -0.000004 0.000000 -0.000002 32.784492 7.669902 18.488224 40.381489 7.093342 7.725019 0.093760 25.365265 -0.065928 1.368556 -0.616855 -6.081870 2.243540 -5.255033 -3.180156 14.282877 -0.826594 6.952496 -0.000000 -12.690593 -0.000001 16.132206 -17.442257 2.414770 1.665665 -1.955920 -2.878297 4.727794 -4.170584 4.993919 11.020511 0.000001 -0.000000 12.109032 -3.735715 -2.866778 0.000000 -0.000000 0.000000 1.291985 -1.928548 -1.498088 14.800115 0.567467 3.865604 14.242553 -1.341738 -6.660648 19.631935 0.143921 -0.648243 49.700237 -0.556197 -6.445345 0.353029 -1.511150 -0.031940 20.222769 3.684305 2.316629 18.787249 0.000001 -0.000001 10.751608 -0.479870 1.397903 0.000000 -0.000000 0.000000 3.273804 0.305947 -0.580110 21.486790 11.830364 2.266131 8.162915 0.000000 -0.000000 18.399052 -3.798986 -4.940567 0.000003 0.000000 -0.000001 8.925786 15.506837 1.559189 -0.041895 -0.343554 1.701723 -9.963351 -2.447478 -2.649236 1.635664 -1.952802 0.417491 0.000000 -0.000000 0.000002 -4.650527 -9.641432 -1.196648 0.009813 -0.097863 4.277191 7.253045 -2.975801 -4.232596 -1.415392 0.908912 1.162157 0.000000 -0.000000 -0.000001
0.000000 0.000000 0.000000 0.000000 -0.000000 0.000000 -0.673888 -0.290619 55.473356 -0.792447 1.247792 1.709786 1.186442 -0.128949 -3.780509 -0.358127 -0.328395 -6.009438 0.493950 -2.057539 10.979994 2.046060 2.130696 -2.280470 -0.242768 1.349712 -3.626876 0.754844 0.407236 -6.749582 0.000077 -0.000022 0.000006 -0.012879 -0.026243 0.040095 0.681153 -3.761141 -10.556373 -0.706367 3.714466 -10.579144 -24.873995 -3.009117 15.458648 -49.885441 -3.481827 11.171488 0.344049 -32.647243 -0.204755 -1.329291 0.272835 -11.177395 -5.882102 9.861279 0.702590 -10.936861 -0.360574 7.156197 0.000000 8.774815 -0.000000 -15.970117 17.898905 6.057969 -1.844031 2.498503 -2.507276 -10.163590 4.678941 4.621104 -20.975996 -0.000001 0.000001 -21.226254 2.451698 -3.593995 0.000000 -0.000006 -0.000000 -1.362681 2.240797 -0.746323 -21.334892 0.584910 3.008319 -13.821196 -0.000001 0.000001 -23.887129 -0.249075 -0.839485 -60.440571 2.659516 -1.319083 -0.294025 1.679686 0.833255 -14.218195 0.093215 1.300579 -34.212002 -0.287561 0.967166 -20.033176 0.964536 1.212838 0.000000 -0.000000 0.000000 -3.440387 0.788233 0.501655 -15.928172 -3.167306 2.999703 -6.338817 -0.000000 0.000001 -18.123419 3.648181 -4.905662 -0.000004 0.000000 -0.000002 32.881367 7.645261 18.475977 40.618156 7.319820 7.884191 0.014589 25.991758 -0.090817 1.141005 -0.343831 -6.429710 2.243540 -5.255033 -3.180156 14.282877 -0.826594 6.952496 -0.000000 -12.690593 -0.000001 16.116840 -17.433075 2.444915 1.665665 -1.955920 -2.878297 4.727794 -4.170584 4.993919 11.020511 0.000001 -0.000000 12.109032 -3.735715 -2.866778 0.000000 -0.000000 0.000000 1.291985 -1.928548 -1.498088 14.800115 0.567467 3.865604 14.242553 -1.341738 -6.660648 19.631935 0.143921 -0.648243 49.707947 -0.579659 -6.427782 0.353029 -1.511150 -0.031940 20.222769 3.684305 2.316629 18.787249 0.000001 -0.000001 10.751608 -0.479870 1.397903 0.000000 -0.000000 0.000000 3.273804 0.305947 -0.580110 21.486790 11.830364 2.266131 8.162915 0.000000 -0.000000 18.399052 -3.798986 -4.940567 0.000003 0.000000 -0.000001 8.938375 15.494307 1.620935 -0.043029 -0.347013 1.718357 -9.985674 -2.305236 -2.671550 1.637852 -1.952523 0.407460 0.000000 -0.000000 0.000002 -4.661077 -9.558064 -1.328624 0.005912 -0.095720 4.596538 7.259915 -2.920454 -4.383289 -1.416416 0.916419 1.132904 0.000000 -0.000000 -0.000001
0.000000 0.000000 0.000000 0.000000 -0.000000 0.000000 -0.690017 -0.299935 55.448985 -0.770788 1.161229 1.669844 1.179357 -0.123261 -3.801616 -0.369163 -0.328545 -6.012386 0.468691 -2.030712 10.966302 2.102323 2.123771 -2.111879 -0.229986 1.368759 -3.625502 0.767579 0.384566 -6.458936 0.000077 -0.000022 0.000006 -0.012566 -0.027106 0.042533 0.680793 -3.760793 -10.555453 -0.705393 3.712146 -10.577901 -24.863165 -3.005091 15.420045 -49.960445 -3.443833 11.063068 0.396326 -32.957443 -0.231765 -1.449914 0.149601 -11.218474 -5.882102 9.861279 0.702590 -10.936861 -0.360574 7.156197 0.000000 8.774815 -0.000000 -15.974072 17.906862 6.060052 -1.844031 2.498503 -2.507276 -10.163590 4.678941 4.621104 -20.975996 -0.000001 0.000001 -21.226254 2.451698 -3.593995 0.000000 -0.000006 -0.000000 -1.362681 2.240797 -0.746323 -21.334892 0.584910 3.008319 -13.821196 -0.000001 0.000001 -23.887129 -0.249075 -0.839485 -60.475876 2.668620 -1.322769 -0.294025 1.679686 0.833255 -14.218195 0.093215 1.300579 -34.212002 -0.287561 0.967166 -20.033176 0.964536 1.212838 0.000000 -0.000000 0.000000 -3.440387 0.788233 0.501655 -15.928172 -3.167306 2.999703 -6.338817 -0.000000 0.000001 -18.123419 3.648181 -4.905662 -0.000004 0.000000 -0.000002 32.927330 7.626270 18.458391 40.882401 7.583792 8.062875 -0.038326 26.635391 -0.108898 0.933740 -0.061013 -6.739424 2.243540 -5.255033 -3.180156 14.282877 -0.826594 6.952496 -0.000000 -12.690593 -0.000001 16.085142 -17.426954 2.474845 1.665665 -1.955920 -2.878297 4.727794 -4.170584 4.993919 11.020511 0.000001 -0.000000 12.109032 -3.735715 -2.866778 0.000000 -0.000000 0.000000 1.291985 -1.928548 -1.498088 14.800115 0.567467 3.865604 14.242553 -1.341738 -6.660648 19.631935 0.143921 -0.648243 49.684875 -0.596634 -6.416530 0.353029 -1.511150 -0.031940 20.222769 3.684305 2.316629 18.787249 0.000001 -0.000001 10.751608 -0.479870 1.397903 0.000000 -0.000000 0.000000 3.273804 0.305947 -0.580110 21.486790 11.830364 2.266131 8.162915 0.000000 -0.000000 18.399052 -3.798986 -4.940567 0.000003 0.000000 -0.000001 8.922127 15.493957 1.657483 -0.044124 -0.341369 1.738063 -9.978934 -2.230384 -2.704920 1.640690 -1.951199 0.389453 0.000000 -0.000000 0.000002 -4.675683 -9.491608 -1.446830 0.001380 -0.095313 4.869632 7.265654 -2.887860 -4.506154 -1.417523 0.923663 1.103778 0.000000 -0.000000 -0.000001
0.000000 0.000000 0.000000 0.000000 -0.000000 0.000000 -0.693950 -0.307534 55.416879 -0.750095 1.100911 1.626981 1.174835 -0.119669 -3.811326 -0.377360 -0.322922 -6.015187 0.442407 -2.014591 10.965053 2.129432 2.114348 -1.954926 -0.221669 1.363129 -3.625572 0.786872 0.363924 -6.226295 0.000077 -0.000022 0.000006 -0.011018 -0.022784 0.042946 0.682460 -3.754450 -10.556514 -0.704007 3.714678 -10.577542 -24.835533 -3.023487 15.393695 -50.014458 -3.470809 11.027184 0.421593 -33.214619 -0.240170 -1.587410 0.032962 -11.312243 -5.882102 9.861279 0.702590 -10.936861 -0.360574 7.156197 0.000000 8.774815 -0.000000 -15.984810 17.918577 6.063942 -1.844031 2.498503 -2.507276 -10.163590 4.678941 4.621104 -20.975996 -0.000001 0.000001 -21.226254 2.451698 -3.593995 0.000000 -0.000006 -0.000000 -1.362681 2.240797 -0.746323 -21.334892 0.584910 3.008319 -13.821196 -0.000001 0.000001 -23.887129 -0.249075 -0.839485 -60.494091 2.682643 -1.322095 -0.294025 1.679686 0.833255 -14.218195 0.093215 1.300579 -34.212002 -0.287561 0.967166 -20.033176 0.964536 1.212838 0.000000 -0.000000 0.000000 -3.440387 0.788233 0.501655 -15.928172 -3.167306 2.999703 -6.338817 -0.000000 0.000001 -18.123419 3.648181 -4.905662 -0.000004 0.000000 -0.000002 32.925774 7.617404 18.430639 41.170906 7.865977 8.307375 -0.088030 27.305771 -0.122831 0.736665 0.215016 -6.949556 2.243540 -5.255033 -3.180156 14.282877 -0.826594 6.952496 -0.000000 -12.690593 -0.000001 16.038815 -17.423491 2.497310 1.665665 -1.955920 -2.878297 4.727794 -4.170584 4.993919 11.020511 0.000001 -0.000000 12.109032 -3.735715 -2.866778 0.000000 -0.000000 0.000000 1.291985 -1.928548 -1.498088 14.800115 0.567467 3.865604 14.242553 -1.341738 -6.660648 19.631935 0.143921 -0.648243 49.639069 -0.600607 -6.406494 0.353029 -1.511150 -0.031940 20.222769 3.684305 2.316629 18.787249 0.000001 -0.000001 10.751608 -0.479870 1.397903 0.000000 -0.000000 0.000000 3.273804 0.305947 -0.580110 21.486790 11.830364 2.266131 8.162915 0.000000 -0.000000 18.399052 -3.798986 -4.940567 0.000003 0.000000 -0.000001 8.897700 15.489552 1.682906 -0.041003 -0.332241 1.755807 -9.987655 -2.165777 -2.730489 1.642326 -1.959598 0.352848 0.000000 -0.000000 0.000002 -4.695294 -9.458582 -1.535176 -0.002631 -0.089905 5.092817 7.250594 -2.861922 -4.600144 -1.418869 0.928085 1.061373 0.000000 -0.000000 -0.000001
0.000000 0.000000 0.000000 0.000000 -0.000000 0.000000 -0.685862 -0.314888 55.381855 -0.732511 1.062019 1.591663 1.166573 -0.120190 -3.825108 -0.383211 -0.309567 -6.020376 0.420278 -2.015376 10.979006 2.142016 2.102047 -1.828078 -0.214382 1.366171 -3.621653 0.805923 0.347486 -6.037335 0.000077 -0.000022 0.000006 -0.009732 -0.017962 0.041422 0.683799 -3.747324 -10.561759 -0.702919 3.717887 -10.583413 -24.823458 -3.045124 15.360659 -50.021027 -3.537706 11.030804 0.416575 -33.397034 -0.242723 -1.723839 -0.045904 -11.455766 -5.882102 9.861279 0.702590 -10.936861 -0.360574 7.156197 0.000000 8.774815 -0.000000 -15.983175 17.921709 6.073518 -1.844031 2.498503 -2.507276 -10.163590 4.678941 4.621104 -20.975996 -0.000001 0.000001 -21.226254 2.451698 -3.593995 0.000000 -0.000006 -0.000000 -1.362681 2.240797 -0.746323 -21.334892 0.584910 3.008319 -13.821196 -0.000001 0.000001 -23.887129 -0.249075 -0.839485 -60.503109 2.691384 -1.312321 -0.294025 1.679686 0.833255 -14.218195 0.093215 1.300579 -34.212002 -0.287561 0.967166 -20.033176 0.964536 1.212838 0.000000 -0.000000 0.000000 -3.440387 0.788233 0.501655 -15.928172 -3.167306 2.999703 -6.338817 -0.000000 0.000001 -18.123419 3.648181 -4.905662 -0.000004 0.000000 -0.000002 32.920959 7.618855 18.414862 41.410801 8.145644 8.591180 -0.116166 27.947342 -0.133023 0.574873 0.462941 -7.071681 2.243540 -5.255033 -3.180156 14.282877 -0.826594 6.952496 -0.000000 -12.690593 -0.000001 15.996319 -17.422316 2.513527 1.665665 -1.955920 -2.878297 4.727794 -4.170584 4.993919 11.020511 0.000001 -0.000000 12.109032 -3.735715 -2.866778 0.000000 -0.000000 0.000000 1.291985 -1.928548 -1.498088 14.800115 0.567467 3.865604 14.242553 -1.341738 -6.660648 19.631935 0.143921 -0.648243 49.598942 -0.601781 -6.397029 0.353029 -1.511150 -0.031940 20.222769 3.684305 2.316629 18.787249 0.000001 -0.000001 10.751608 -0.479870 1.397903 0.000000 -0.000000 0.000000 3.273804 0.305947 -0.580110 21.486790 11.830364 2.266131 8.162915 0.000000 -0.000000 18.399052 -3.798986 -4.940567 0.000003 0.000000 -0.000001 8.866924 15.476444 1.695784 -0.037071 -0.327367 1.765611 -10.016876 -2.099388 -2.758930 1.642927 -1.972548 0.307121 0.000000 -0.000000 0.000002 -4.718159 -9.427848 -1.612660 -0.005696 -0.083580 5.282982 7.241272 -2.857099 -4.678801 -1.420165 0.931005 1.012422 0.000000 -0.000000 -0.000001
0.000000 0.000000 0.000000 0.000000 -0.000000 0.000000 -0.666617 -0.325051 55.350318 -0.714172 1.030073 1.564065 1.152376 -0.113764 -3.842074 -0.387912 -0.293509 -6.032624 0.401362 -2.025111 10.997574 2.142955 2.079695 -1.725899 -0.198964 1.399748 -3.611918 0.811584 0.347408 -5.896881 0.000077 -0.000022 0.000006 -0.008521 -0.010540 0.039924 0.685240 -3.737903 -10.564270 -0.702120 3.723666 -10.587646 -24.812489 -3.063726 15.322276 -50.005043 -3.642129 11.053178 0.383577 -33.471157 -0.231441 -1.840692 -0.071783 -11.560851 -5.882102 9.861279 0.702590 -10.936861 -0.360574 7.156197 0.000000 8.774815 -0.000000 -15.969590 17.917421 6.070655 -1.844031 2.498503 -2.507276 -10.163590 4.678941 4.621104 -20.975996 -0.000001 0.000001 -21.226254 2.451698 -3.593995 0.000000 -0.000006 -0.000000 -1.362681 2.240797 -0.746323 -21.334892 0.584910 3.008319 -13.821196 -0.000001 0.000001 -23.887129 -0.249075 -0.839485 -60.493694 2.701519 -1.320262 -0.294025 1.679686 0.833255 -14.218195 0.093215 1.300579 -34.212002 -0.287561 0.967166 -20.033176 0.964536 1.212838 0.000000 -0.000000 0.000000 -3.440387 0.788233 0.501655 -15.928172 -3.167306 2.999703 -6.338817 -0.000000 0.000001 -18.123419 3.648181 -4.905662 -0.000004 0.000000 -0.000002 32.909355 7.618364 18.396168 41.585117 8.399726 8.904061 -0.116998 28.447647 -0.142395 0.507940 0.660827 -7.092751 2.243540 -5.255033 -3.180156 14.282877 -0.826594 6.952496 -0.000000 -12.690593 -0.000001 15.969039 -17.429068 2.515925 1.665665 -1.955920 -2.878297 4.727794 -4.170584 4.993919 11.020511 0.000001 -0.000000 12.109032 -3.735715 -2.866778 0.000000 -0.000000 0.000000 1.291985 -1.928548 -1.498088 14.800115 0.567467 3.865604 14.242553 -1.341738 -6.660648 19.631935 0.143921 -0.648243 49.575859 -0.602636 -6.391449 0.353029 -1.511150 -0.031940 20.222769 3.684305 2.316629 18.787249 0.000001 -0.000001 10.751608 -0.479870 1.397903 0.000000 -0.000000 0.000000 3.273804 0.305947 -0.580110 21.486790 11.830364 2.266131 8.162915 0.000000 -0.000000 18.399052 -3.798986 -4.940567 0.000003 0.000000 -0.000001 8.824535 15.458877 1.701806 -0.034898 -0.327033 1.772272 -10.037251 -2.020941 -2.809741 1.641288 -1.984529 0.288218 0.000000 -0.000000 0.000002 -4.752771 -9.411214 -1.715164 -0.005211 -0.081972 5.510636 7.244694 -2.820783 -4.771266 -1.420628 0.933152 0.978048 0.000000 -0.000000 -0.000001
0.000000 0.000000 0.000000 0.000000 -0.000000 0.000000 -0.643095 -0.338570 55.314542 -0.691263 0.983588 1.541994 1.134146 -0.103972 -3.855614 -0.393368 -0.278808 -6.043755 0.385343 -2.032393 11.011872 2.130471 2.059783 -1.631770 -0.186661 1.429101 -3.609935 0.817460 0.369157 -5.785659 0.000077 -0.000022 0.000006 -0.007617 -0.005741 0.038923 0.687026 -3.732148 -10.564664 -0.702212 3.727874 -10.588820 -24.803789 -3.080407 15.315554 -49.986435 -3.787237 11.038017 0.345317 -33.453995 -0.203625 -1.926686 -0.069262 -11.631660 -5.882102 9.861279 0.702590 -10.936861 -0.360574 7.156197 0.000000 8.774815 -0.000000 -15.957761 17.910973 6.067083 -1.844031 2.498503 -2.507276 -10.163590 4.678941 4.621104 -20.975996 -0.000001 0.000001 -21.226254 2.451698 -3.593995 0.000000 -0.000006 -0.000000 -1.362681 2.240797 -0.746323 -21.334892 0.584910 3.008319 -13.821196 -0.000001 0.000001 -23.887129 -0.249075 -0.839485 -60.493565 2.710203 -1.336260 -0.294025 1.679686 0.833255 -14.218195 0.093215 1.300579 -34.212002 -0.287561 0.967166 -20.033176 0.964536 1.212838 0.000000 -0.000000 0.000000 -3.440387 0.788233 0.501655 -15.928172 -3.167306 2.999703 -6.338817 -0.000000 0.000001 -18.123419 3.648181 -4.905662 -0.000004 0.000000 -0.000002 32.874321 7.630939 18.359718 41.717045 8.622045 9.210415 -0.095291 28.799957 -0.144108 0.532300 0.786492 -6.991634 2.243540 -5.255033 -3.180156 14.282877 -0.826594 6.952496 -0.000000 -12.690593 -0.000001 15.948726 -17.430696 2.514242 1.665665 -1.955920 -2.878297 4.727794 -4.170584 4.993919 11.020511 0.000001 -0.000000 12.109032 -3.735715 -2.866778 0.000000 -0.000000 0.000000 1.291985 -1.928548 -1.498088 14.800115 0.567467 3.865604 14.242553 -1.341738 -6.660648 19.631935 0.143921 -0.648243 49.546982 -0.606627 -6.388611 0.353029 -1.511150 -0.031940 20.222769 3.684305 2.316629 18.787249 0.000001 -0.000001 10.751608 -0.479870 1.397903 0.000000 -0.000000 0.000000 3.273804 0.305947 -0.580110 21.486790 11.830364 2.266131 8.162915 0.000000 -0.000000 18.399052 -3.798986 -4.940567 0.000003 0.000000 -0.000001 8.778681 15.456515 1.722348 -0.033049 -0.322388 1.757352 -10.041913 -1.947323 -2.866335 1.640314 -1.991377 0.300100 0.000000 -0.000000 0.000002 -4.796416 -9.392127 -1.882652 -0.001682 -0.082407 5.840935 7.253817 -2.756951 -4.898215 -1.420115 0.936150 0.962819 0.000000 -0.000000 -0.000001
0.000000 0.000000 0.000000 0.000000 -0.000000 0.000000 -0.624965 -0.350724 55.278485 -0.670378 0.916389 1.524912 1.117615 -0.101046 -3.870825 -0.395355 -0.254079 -6.051385 0.366936 -2.033898 11.015554 2.118127 2.052143 -1.535978 -0.187473 1.447800 -3.613919 0.824408 0.379539 -5.684568 0.000077 -0.000022 0.000006 -0.007292 -0.005618 0.037756 0.689743 -3.730627 -10.564072 -0.704351 3.726811 -10.587297 -24.791998 -3.084419 15.306423 -49.941025 -3.936163 11.028928 0.293099 -33.378269 -0.169725 -1.998678 -0.061253 -11.629590 -5.882102 9.861279 0.702590 -10.936861 -0.360574 7.156197 0.000000 8.774815 -0.000000 -15.945552 17.902742 6.075459 -1.844031 2.498503 -2.507276 -10.163590 4.678941 4.621104 -20.975996 -0.000001 0.000001 -21.226254 2.451698 -3.593995 0.000000 -0.000006 -0.000000 -1.362681 2.240797 -0.746323 -21.334892 0.584910 3.008319 -13.821196 -0.000001 0.000001 -23.887129 -0.249075 -0.839485 -60.490150 2.705601 -1.324428 -0.294025 1.679686 0.833255 -14.218195 0.093215 1.300579 -34.212002 -0.287561 0.967166 -20.033176 0.964536 1.212838 0.000000 -0.000000 0.000000 -3.440387 0.788233 0.501655 -15.928172 -3.167306 2.999703 -6.338817 -0.000000 0.000001 -18.123419 3.648181 -4.905662 -0.000004 0.000000 -0.000002 32.836006 7.659567 18.319454 41.789879 8.798689 9.541082 -0.079579 28.994741 -0.148434 0.627576 0.851493 -6.861419 2.243540 -5.255033 -3.180156 14.282877 -0.826594 6.952496 -0.000000 -12.690593 -0.000001 15.935713 -17.431555 2.521804 1.665665 -1.955920 -2.878297 4.727794 -4.170584 4.993919 11.020511 0.000001 -0.000000 12.109032 -3.735715 -2.866778 0.000000 -0.000000 0.000000 1.291985 -1.928548 -1.498088 14.800115 0.567467 3.865604 14.242553 -1.341738 -6.660648 19.631935 0.143921 -0.648243 49.526936 -0.615290 -6.383570 0.353029 -1.511150 -0.031940 20.222769 3.684305 2.316629 18.787249 0.000001 -0.000001 10.751608 -0.479870 1.397903 0.000000 -0.000000 0.000000 3.273804 0.305947 -0.580110 21.486790 11.830364 2.266131 8.162915 0.000000 -0.000000 18.399052 -3.798986 -4.940567 0.000003 0.000000 -0.000001 8.737537 15.480780 1.745434 -0.029932 -0.318375 1.742983 -10.030234 -1.895757 -2.917302 1.638997 -1.992866 0.318166 0.000000 -0.000000 0.000002 -4.833804 -9.392568 -2.066443 0.000020 -0.079167 6.176481 7.238869 -2.664398 -5.011686 -1.418939 0.933202 0.959182 0.000000 -0.000000 -0.000001
0.000000 0.000000 0.000000 0.000000 -0.000000 0.000000 -0.607768 -0.364342 55.235375 -0.646564 0.853628 1.502469 1.104735 -0.101907 -3.879083 -0.396595 -0.226399 -6.056536 0.341747 -2.025791 11.007544 2.096808 2.057250 -1.436009 -0.199769 1.441428 -3.615651 0.833268 0.389516 -5.614150 0.000077 -0.000022 0.000006 -0.007478 -0.006244 0.037130 0.692615 -3.730744 -10.564954 -0.707663 3.725642 -10.586065 -24.766653 -3.087712 15.285168 -49.883320 -4.071326 11.051099 0.250132 -33.260693 -0.148940 -2.071398 -0.064724 -11.582902 -5.882102 9.861279 0.702590 -10.936861 -0.360574 7.156197 0.000000 8.774815 -0.000000 -15.928698 17.902796 6.099397 -1.844031 2.498503 -2.507276 -10.163590 4.678941 4.621104 -20.975996 -0.000001 0.000001 -21.226254 2.451698 -3.593995 0.000000 -0.000006 -0.000000 -1.362681 2.240797 -0.746323 -21.334892 0.584910 3.008319 -13.821196 -0.000001 0.000001 -23.887129 -0.249075 -0.839485 -60.499474 2.709662 -1.284549 -0.294025 1.679686 0.833255 -14.218195 0.093215 1.300579 -34.212002 -0.287561 0.967166 -20.033176 0.964536 1.212838 0.000000 -0.000000 0.000000 -3.440387 0.788233 0.501655 -15.928172 -3.167306 2.999703 -6.338817 -0.000000 0.000001 -18.123419 3.648181 -4.905662 -0.000004 0.000000 -0.000002 32.791458 7.698859 18.299408 41.816227 8.929466 9.859520 -0.058976 29.073565 -0.149062 0.731237 0.862616 -6.751064 2.243540 -5.255033 -3.180156 14.282877 -0.826594 6.952496 -0.000000 -12.690593 -0.000001 15.927753 -17.434896 2.536371 1.665665 -1.955920 -2.878297 4.727794 -4.170584 4.993919 11.020511 0.000001 -0.000000 12.109032 -3.735715 -2.866778 0.000000 -0.000000 0.000000 1.291985 -1.928548 -1.498088 14.800115 0.567467 3.865604 14.242553 -1.341738 -6.660648 19.631935 0.143921 -0.648243 49.506233 -0.620728 -6.376981 0.353029 -1.511150 -0.031940 20.222769 3.684305 2.316629 18.787249 0.000001 -0.000001 10.751608 -0.479870 1.397903 0.000000 -0.000000 0.000000 3.273804 0.305947 -0.580110 21.486790 11.830364 2.266131 8.162915 0.000000 -0.000000 18.399052 -3.798986 -4.940567 0.000003 0.000000 -0.000001 8.697289 15.487635 1.737704 -0.028905 -0.311545 1.798190 -10.000808 -1.869430 -2.994082 1.637434 -1.992928 0.321672 0.000000 -0.000000 0.000002 -4.872842 -9.418620 -2.276387 0.000016 -0.071763 6.563362 7.199269 -2.558494 -5.136075 -1.417171 0.925272 0.963315 0.000000 -0.000000 -0.000001
0.000000 0.000000 0.000000 0.000000 -0.000000 0.000000 -0.581122 -0.376740 55.198683 -0.625391 0.804323 1.460726 1.098275 -0.102253 -3.879611 -0.394406 -0.209689 -6.056553 0.310708 -2.012944 10.989265 2.065106 2.067649 -1.312904 -0.216869 1.442061 -3.619960 0.854024 0.409673 -5.576851 0.000077 -0.000022 0.000006 -0.007621 -0.005036 0.035178 0.694599 -3.730108 -10.566938 -0.709915 3.727283 -10.585339 -24.751900 -3.100364 15.290912 -49.819187 -4.198716 11.056966 0.255333 -33.129478 -0.152004 -2.138385 -0.070668 -11.605574 -5.882102 9.861279 0.702590 -10.936861 -0.360574 7.156197 0.000000 8.774815 -0.000000 -15.913079 17.913460 6.124804 -1.844031 2.498503 -2.507276 -10.163590 4.678941 4.621104 -20.975996 -0.000001 0.000001 -21.226254 2.451698 -3.593995 0.000000 -0.000006 -0.000000 -1.362681 2.240797 -0.746323 -21.334892 0.584910 3.008319 -13.821196 -0.000001 0.000001 -23.887129 -0.249075 -0.839485 -60.515457 2.704718 -1.238319 -0.294025 1.679686 0.833255 -14.218195 0.093215 1.300579 -34.212002 -0.287561 0.967166 -20.033176 0.964536 1.212838 0.000000 -0.000000 0.000000 -3.440387 0.788233 0.501655 -15.928172 -3.167306 2.999703 -6.338817 -0.000000 0.000001 -18.123419 3.648181 -4.905662 -0.000004 0.000000 -0.000002 32.738697 7.727808 18.298050 41.805969 9.022442 10.192618 -0.042629 29.084793 -0.144766 0.835932 0.805556 -6.673752 2.243540 -5.255033 -3.180156 14.282877 -0.826594 6.952496 -0.000000 -12.690593 -0.000001 15.918142 -17.437166 2.550281 1.665665 -1.955920 -2.878297 4.727794 -4.170584 4.993919 11.020511 0.000001 -0.000000 12.109032 -3.735715 -2.866778 0.000000 -0.000000 0.000000 1.291985 -1.928548 -1.498088 14.800115 0.567467 3.865604 14.242553 -1.341738 -6.660648 19.631935 0.143921 -0.648243 49.490883 -0.626130 -6.367381 0.353029 -1.511150 -0.031940 20.222769 3.684305 2.316629 18.787249 0.000001 -0.000001 10.751608 -0.479870 1.397903 0.000000 -0.000000 0.000000 3.273804 0.305947 -0.580110 21.486790 11.830364 2.266131 8.162915 0.000000 -0.000000 18.399052 -3.798986 -4.940567 0.000003 0.000000 -0.000001 8.666928 15.484673 1.725192 -0.031747 -0.308666 1.912653 -9.972418 -1.876759 -3.085599 1.638383 -1.998757 0.318620 0.000000 -0.000000 0.000002 -4.916163 -9.432296 -2.417622 -0.002168 -0.064703 6.866673 7.163164 -2.479206 -5.229844 -1.415141 0.914531 0.964870 0.000000 -0.000000 -0.000001
0.000000 0.000000 0.000000 0.000000 -0.000000 0.000000 -0.544275 -0.383332 55.183376 -0.611835 0.754771 1.400833 1.095712 -0.106082 -3.881046 -0.388216 -0.198271 -6.054204 0.279274 -1.989127 10.967858 2.034050 2.078014 -1.172723 -0.222131 1.465823 -3.624364 0.886057 0.448801 -5.539060 0.000077 -0.000022 0.000006 -0.007804 -0.005400 0.032936 0.693184 -3.732207 -10.570230 -0.708783 3.728629 -10.585013 -24.761560 -3.107597 15.293250 -49.737335 -4.284494 11.007276 0.278930 -33.025196 -0.166533 -2.187755 -0.062360 -11.699260 -5.882102 9.861279 0.702590 -10.936861 -0.360574 7.156197 0.000000 8.774815 -0.000000 -15.889489 17.919682 6.155137 -1.844031 2.498503 -2.507276 -10.163590 4.678941 4.621104 -20.975996 -0.000001 0.000001 -21.226254 2.451698 -3.593995 0.000000 -0.000006 -0.000000 -1.362681 2.240797 -0.746323 -21.334892 0.584910 3.008319 -13.821196 -0.000001 0.000001 -23.887129 -0.249075 -0.839485 -60.515594 2.692370 -1.194141 -0.294025 1.679686 0.833255 -14.218195 0.093215 1.300579 -34.212002 -0.287561 0.967166 -20.033176 0.964536 1.212838 0.000000 -0.000000 0.000000 -3.440387 0.788233 0.501655 -15.928172 -3.167306 2.999703 -6.338817 -0.000000 0.000001 -18.123419 3.648181 -4.905662 -0.000004 0.000000 -0.000002 32.684677 7.738560 18.295835 41.763775 9.060167 10.523849 -0.031269 29.045967 -0.136927 0.949416 0.735214 -6.584333 2.243540 -5.255033 -3.180156 14.282877 -0.826594 6.952496 -0.000000 -12.690593 -0.000001 15.919054 -17.440512 2.563312 1.665665 -1.955920 -2.878297 4.727794 -4.170584 4.993919 11.020511 0.000001 -0.000000 12.109032 -3.735715 -2.866778 0.000000 -0.000000 0.000000 1.291985 -1.928548 -1.498088 14.800115 0.567467 3.865604 14.242553 -1.341738 -6.660648 19.631935 0.143921 -0.648243 49.490349 -0.633859 -6.366227 0.353029 -1.511150 -0.031940 20.222769 3.684305 2.316629 18.787249 0.000001 -0.000001 10.751608 -0.479870 1.397903 0.000000 -0.000000 0.000000 3.273804 0.305947 -0.580110 21.486790 11.830364 2.266131 8.162915 0.000000 -0.000000 18.399052 -3.798986 -4.940567 0.000003 0.000000 -0.000001 8.647255 15.481194 1.771101 -0.034504 -0.310589 1.971928 -9.950696 -1.880498 -3.142704 1.641026 -1.998248 0.292787 0.000000 -0.000000 0.000002 -4.962571 -9.416012 -2.417158 -0.005946 -0.056276 6.958123 7.130482 -2.446540 -5.249140 -1.414176 0.910508 0.947749 0.000000 -0.000000 -0.000001
0.000000 0.000000 0.000000 0.000000 -0.000000 0.000000 -0.492053 -0.387955 55.199864 -0.601191 0.720552 1.337914 1.094521 -0.112041 -3.887436 -0.385825 -0.192355 -6.054965 0.247908 -1.973520 10.945197 2.015170 2.091002 -1.030326 -0.217330 1.498927 -3.624166 0.892292 0.508233 -5.513377 0.000077 -0.000022 0.000006 -0.006959 -0.008193 0.031154 0.691206 -3.737157 -10.574100 -0.705035 3.727693 -10.586891 -24.783287 -3.103671 15.280817 -49.659668 -4.331277 10.917210 0.300807 -32.922306 -0.190505 -2.214713 -0.074240 -11.786542 -5.882102 9.861279 0.702590 -10.936861 -0.360574 7.156197 0.000000 8.774815 -0.000000 -15.847062 17.915974 6.181446 -1.844031 2.498503 -2.507276 -10.163590 4.678941 4.621104 -20.975996 -0.000001 0.000001 -21.226254 2.451698 -3.593995 0.000000 -0.000006 -0.000000 -1.362681 2.240797 -0.746323 -21.334892 0.584910 3.008319 -13.821196 -0.000001 0.000001 -23.887129 -0.249075 -0.839485 -60.477631 2.675655 -1.158739 -0.294025 1.679686 0.833255 -14.218195 0.093215 1.300579 -34.212002 -0.287561 0.967166 -20.033176 0.964536 1.212838 0.000000 -0.000000 0.000000 -3.440387 0.788233 0.501655 -15.928172 -3.167306 2.999703 -6.338817 -0.000000 0.000001 -18.123419 3.648181 -4.905662 -0.000004 0.000000 -0.000002 32.651958 7.725938 18.292074 41.689323 9.056945 10.798226 -0.003177 28.978067 -0.124427 1.033638 0.677588 -6.479186 2.243540 -5.255033 -3.180156 14.282877 -0.826594 6.952496 -0.000000 -12.690593 -0.000001 15.936841 -17.452993 2.570193 1.665665 -1.955920 -2.878297 4.727794 -4.170584 4.993919 11.020511 0.000001 -0.000000 12.109032 -3.735715 -2.866778 0.000000 -0.000000 0.000000 1.291985 -1.928548 -1.498088 14.800115 0.567467 3.865604 14.242553 -1.341738 -6.660648 19.631935 0.143921 -0.648243 49.537899 -0.642491 -6.367809 0.353029 -1.511150 -0.031940 20.222769 3.684305 2.316629 18.787249 0.000001 -0.000001 10.751608 -0.479870 1.397903 0.000000 -0.000000 0.000000 3.273804 0.305947 -0.580110 21.486790 11.830364 2.266131 8.162915 0.000000 -0.000000 18.399052 -3.798986 -4.940567 0.000003 0.000000 -0.000001 8.628735 15.467830 1.841213 -0.038592 -0.314929 2.006204 -9.929036 -1.866927 -3.192573 1.644505 -1.994550 0.270903 0.000000 -0.000000 0.000002 -5.018395 -9.369242 -2.319457 -0.009781 -0.053181 6.910316 7.113896 -2.456215 -5.235027 -1.414113 0.911603 0.928159 0.000000 -0.000000 -0.000001
0.000000 0.000000 0.000000 0.000000 -0.000000 0.000000 -0.441395 -0.388436 55.220636 -0.598003 0.690115 1.271501 1.093374 -0.116287 -3.902075 -0.386019 -0.199265 -6.064164 0.224434 -1.958884 10.935889 2.004834 2.103497 -0.898436 -0.206919 1.550540 -3.625625 0.895672 0.550030 -5.490259 0.000077 -0.000022 0.000006 -0.005705 -0.008244 0.028900 0.690650 -3.737895 -10.577400 -0.701841 3.728137 -10.586892 -24.800327 -3.099173 15.273034 -49.610268 -4.374473 10.785587 0.314382 -32.806278 -0.213169 -2.264380 -0.118773 -11.800257 -5.882102 9.861279 0.702590 -10.936861 -0.360574 7.156197 0.000000 8.774815 -0.000000 -15.838016 17.906147 6.183572 -1.844031 2.498503 -2.507276 -10.163590 4.678941 4.621104 -20.975996 -0.000001 0.000001 -21.226254 2.451698 -3.593995 0.000000 -0.000006 -0.000000 -1.362681 2.240797 -0.746323 -21.334892 0.584910 3.008319 -13.821196 -0.000001 0.000001 -23.887129 -0.249075 -0.839485 -60.456558 2.643354 -1.124102 -0.294025 1.679686 0.833255 -14.218195 0.093215 1.300579 -34.212002 -0.287561 0.967166 -20.033176 0.964536 1.212838 0.000000 -0.000000 0.000000 -3.440387 0.788233 0.501655 -15.928172 -3.167306 2.999703 -6.338817 -0.000000 0.000001 -18.123419 3.648181 -4.905662 -0.000004 0.000000 -0.000002 32.621181 7.690775 18.277781 41.616608 9.016907 11.079172 -0.002025 28.922604 -0.128481 1.097232 0.621954 -6.381168 2.243540 -5.255033 -3.180156 14.282877 -0.826594 6.952496 -0.000000 -12.690593 -0.000001 15.958438 -17.476566 2.572778 1.665665 -1.955920 -2.878297 4.727794 -4.170584 4.993919 11.020511 0.000001 -0.000000 12.109032 -3.735715 -2.866778 0.000000 -0.000000 0.000000 1.291985 -1.928548 -1.498088 14.800115 0.567467 3.865604 14.242553 -1.341738 -6.660648 19.631935 0.143921 -0.648243 49.609196 -0.646832 -6.370628 0.353029 -1.511150 -0.031940 20.222769 3.684305 2.316629 18.787249 0.000001 -0.000001 10.751608 -0.479870 1.397903 0.000000 -0.000000 0.000000 3.273804 0.305947 -0.580110 21.486790 11.830364 2.266131 8.162915 0.000000 -0.000000 18.399052 -3.798986 -4.940567 0.000003 0.000000 -0.000001 8.616625 15.443041 1.933975 -0.041605 -0.318534 2.011066 -9.915393 -1.811915 -3.224362 1.646494 -1.991946 0.258590 0.000000 -0.000000 0.000002 -5.066720 -9.298326 -2.157097 -0.012710 -0.053113 6.748504 7.077032 -2.503964 -5.176504 -1.415063 0.911942 0.920270 0.000000 -0.000000 -0.000001
0.000000 0.000000 0.000000 0.000000 -0.000000 0.000000 -0.397363 -0.387970 55.246035 -0.598707 0.671275 1.215346 1.090220 -0.119433 -3.926701 -0.384569 -0.217158 -6.075142 0.205091 -1.943299 10.937697 1.986977 2.125054 -0.798106 -0.209382 1.592758 -3.627424 0.909228 0.565004 -5.456396 0.000077 -0.000022 0.000006 -0.004369 -0.005120 0.027105 0.691431 -3.734435 -10.580890 -0.699918 3.730905 -10.586543 -24.823826 -3.097274 15.258887 -49.572239 -4.416099 10.670217 0.307425 -32.681847 -0.218770 -2.341228 -0.159885 -11.742856 -5.882102 9.861279 0.702590 -10.936861 -0.360574 7.156197 0.000000 8.774815 -0.000000 -15.847352 17.907780 6.188459 -1.844031 2.498503 -2.507276 -10.163590 4.678941 4.621104 -20.975996 -0.000001 0.000001 -21.226254 2.451698 -3.593995 0.000000 -0.000006 -0.000000 -1.362681 2.240797 -0.746323 -21.334892 0.584910 3.008319 -13.821196 -0.000001 0.000001 -23.887129 -0.249075 -0.839485 -60.464714 2.630550 -1.101597 -0.294025 1.679686 0.833255 -14.218195 0.093215 1.300579 -34.212002 -0.287561 0.967166 -20.033176 0.964536 1.212838 0.000000 -0.000000 0.000000 -3.440387 0.788233 0.501655 -15.928172 -3.167306 2.999703 -6.338817 -0.000000 0.000001 -18.123419 3.648181 -4.905662 -0.000004 0.000000 -0.000002 32.617908 7.625841 18.265203 41.547039 8.944533 11.299088 -0.032021 28.913372 -0.141615 1.130281 0.589671 -6.388085 2.243540 -5.255033 -3.180156 14.282877 -0.826594 6.952496 -0.000000 -12.690593 -0.000001 15.977604 -17.502270 2.575812 1.665665 -1.955920 -2.878297 4.727794 -4.170584 4.993919 11.020511 0.000001 -0.000000 12.109032 -3.735715 -2.866778 0.000000 -0.000000 0.000000 1.291985 -1.928548 -1.498088 14.800115 0.567467 3.865604 14.242553 -1.341738 -6.660648 19.631935 0.143921 -0.648243 49.655373 -0.642104 -6.376330 0.353029 -1.511150 -0.031940 20.222769 3.684305 2.316629 18.787249 0.000001 -0.000001 10.751608 -0.479870 1.397903 0.000000 -0.000000 0.000000 3.273804 0.305947 -0.580110 21.486790 11.830364 2.266131 8.162915 0.000000 -0.000000 18.399052 -3.798986 -4.940567 0.000003 0.000000 -0.000001 8.609576 15.428366 2.021906 -0.042116 -0.321846 2.006846 -9.922247 -1.745241 -3.248395 1.648580 -1.985956 0.240416 0.000000 -0.000000 0.000002 -5.105947 -9.218117 -1.993229 -0.015315 -0.054697 6.566781 7.036740 -2.556173 -5.111865 -1.417638 0.914461 0.916065 0.000000 -0.000000 -0.000001
0.000000 0.000000 0.000000 0.000000 -0.000000 0.000000 -0.349815 -0.392334 55.263510 -0.594295 0.654872 1.172268 1.087753 -0.121885 -3.959394 -0.384218 -0.233552 -6.086823 0.182993 -1.937278 10.949178 1.943868 2.153853 -0.729573 -0.212971 1.617529 -3.630342 0.894840 0.576228 -5.438022 0.000077 -0.000022 0.000006 -0.003426 -0.004190 0.027370 0.691833 -3.732759 -10.581962 -0.698510 3.731024 -10.584962 -24.862825 -3.096032 15.256915 -49.537106 -4.476561 10.570019 0.285952 -32.554173 -0.198590 -2.439266 -0.189207 -11.671458 -5.882102 9.861279 0.702590 -10.936861 -0.360574 7.156197 0.000000 8.774815 -0.000000 -15.872193 17.918943 6.193368 -1.844031 2.498503 -2.507276 -10.163590 4.678941 4.621104 -20.975996 -0.000001 0.000001 -21.226254 2.451698 -3.593995 0.000000 -0.000006 -0.000000 -1.362681 2.240797 -0.746323 -21.334892 0.584910 3.008319 -13.821196 -0.000001 0.000001 -23.887129 -0.249075 -0.839485 -60.502453 2.642238 -1.098053 -0.294025 1.679686 0.833255 -14.218195 0.093215 1.300579 -34.212002 -0.287561 0.967166 -20.033176 0.964536 1.212838 0.000000 -0.000000 0.000000 -3.440387 0.788233 0.501655 -15.928172 -3.167306 2.999703 -6.338817 -0.000000 0.000001 -18.123419 3.648181 -4.905662 -0.000004 0.000000 -0.000002 32.640133 7.551472 18.239428 41.495857 8.854112 11.469325 -0.077679 28.901741 -0.155306 1.151917 0.572028 -6.420992 2.243540 -5.255033 -3.180156 14.282877 -0.826594 6.952496 -0.000000 -12.690593 -0.000001 15.988254 -17.527475 2.577185 1.665665 -1.955920 -2.878297 4.727794 -4.170584 4.993919 11.020511 0.000001 -0.000000 12.109032 -3.735715 -2.866778 0.000000 -0.000000 0.000000 1.291985 -1.928548 -1.498088 14.800115 0.567467 3.865604 14.242553 -1.341738 -6.660648 19.631935 0.143921 -0.648243 49.666744 -0.636282 -6.380198 0.353029 -1.511150 -0.031940 20.222769 3.684305 2.316629 18.787249 0.000001 -0.000001 10.751608 -0.479870 1.397903 0.000000 -0.000000 0.000000 3.273804 0.305947 -0.580110 21.486790 11.830364 2.266131 8.162915 0.000000 -0.000000 18.399052 -3.798986 -4.940567 0.000003 0.000000 -0.000001 8.592867 15.404999 2.068572 -0.041098 -0.318598 2.054523 -9.935413 -1.684148 -3.308170 1.650193 -1.979491 0.211640 0.000000 -0.000000 0.000002 -5.151993 -9.137512 -1.908690 -0.017500 -0.065336 6.505859 7.009953 -2.588228 -5.093777 -1.420718 0.914099 0.903269 0.000000 -0.000000 -0.000001
0.000000 0.000000 0.000000 0.000000 -0.000000 0.000000 -0.301891 -0.397416 55.284788 -0.586968 0.621507 1.132694 1.086979 -0.117956 -3.996450 -0.388198 -0.246426 -6.101414 0.164551 -1.945565 10.973969 1.872246 2.189132 -0.677741 -0.219923 1.613042 -3.628218 0.877989 0.591818 -5.437385 0.000077 -0.000022 0.000006 -0.002975 -0.006588 0.031652 0.693196 -3.733328 -10.576406 -0.699135 3.727086 -10.577526 -24.907694 -3.087895 15.270170 -49.510792 -4.551591 10.516970 0.260994 -32.424419 -0.160065 -2.520488 -0.202317 -11.714984 -5.882102 9.861279 0.702590 -10.936861 -0.360574 7.156197 0.000000 8.774815 -0.000000 -15.896591 17.932854 6.194469 -1.844031 2.498503 -2.507276 -10.163590 4.678941 4.621104 -20.975996 -0.000001 0.000001 -21.226254 2.451698 -3.593995 0.000000 -0.000006 -0.000000 -1.362681 2.240797 -0.746323 -21.334892 0.584910 3.008319 -13.821196 -0.000001 0.000001 -23.887129 -0.249075 -0.839485 -60.536629 2.672771 -1.103674 -0.294025 1.679686 0.833255 -14.218195 0.093215 1.300579 -34.212002 -0.287561 0.967166 -20.033176 0.964536 1.212838 0.000000 -0.000000 0.000000 -3.440387 0.788233 0.501655 -15.928172 -3.167306 2.999703 -6.338817 -0.000000 0.000001 -18.123419 3.648181 -4.905662 -0.000004 0.000000 -0.000002 32.682110 7.494876 18.205561 41.466610 8.754052 11.619087 -0.120180 28.857922 -0.164638 1.157433 0.527972 -6.420385 2.243540 -5.255033 -3.180156 14.282877 -0.826594 6.952496 -0.000000 -12.690593 -0.000001 15.989372 -17.546995 2.585525 1.665665 -1.955920 -2.878297 4.727794 -4.170584 4.993919 11.020511 0.000001 -0.000000 12.109032 -3.735715 -2.866778 0.000000 -0.000000 0.000000 1.291985 -1.928548 -1.498088 14.800115 0.567467 3.865604 14.242553 -1.341738 -6.660648 19.631935 0.143921 -0.648243 49.656822 -0.627537 -6.381502 0.353029 -1.511150 -0.031940 20.222769 3.684305 2.316629 18.787249 0.000001 -0.000001 10.751608 -0.479870 1.397903 0.000000 -0.000000 0.000000 3.273804 0.305947 -0.580110 21.486790 11.830364 2.266131 8.162915 0.000000 -0.000000 18.399052 -3.798986 -4.940567 0.000003 0.000000 -0.000001 8.570799 15.398100 2.121616 -0.036986 -0.310054 2.084674 -9.955673 -1.640926 -3.361772 1.650063 -1.979196 0.178644 0.000000 -0.000000 0.000002 -5.200917 -9.063857 -1.838499 -0.021793 -0.078204 6.466779 6.988381 -2.597352 -5.084092 -1.423704 0.911488 0.903729 0.000000 -0.000000 -0.000001
0.000000 0.000000 0.000000 0.000000 -0.000000 0.000000 -0.260922 -0.401658 55.312660 -0.582599 0.585582 1.098263 1.082687 -0.113645 -4.035272 -0.393468 -0.249826 -6.119401 0.154515 -1.972319 11.007631 1.783967 2.229790 -0.640343 -0.219037 1.593319 -3.619632 0.845458 0.613123 -5.443317 0.000077 -0.000022 0.000006 -0.002661 -0.008361 0.036203 0.695528 -3.733376 -10.572149 -0.701032 3.724091 -10.573022 -24.964880 -3.065398 15.276996 -49.490055 -4.622918 10.448476 0.218612 -32.294163 -0.128496 -2.568803 -0.204722 -11.855378 -5.882102 9.861279 0.702590 -10.936861 -0.360574 7.156197 0.000000 8.774815 -0.000000 -15.915372 17.954145 6.188854 -1.844031 2.498503 -2.507276 -10.163590 4.678941 4.621104 -20.975996 -0.000001 0.000001 -21.226254 2.451698 -3.593995 0.000000 -0.000006 -0.000000 -1.362681 2.240797 -0.746323 -21.334892 0.584910 3.008319 -13.821196 -0.000001 0.000001 -23.887129 -0.249075 -0.839485 -60.562298 2.710733 -1.116240 -0.294025 1.679686 0.833255 -14.218195 0.093215 1.300579 -34.212002 -0.287561 0.967166 -20.033176 0.964536 1.212838 0.000000 -0.000000 0.000000 -3.440387 0.788233 0.501655 -15.928172 -3.167306 2.999703 -6.338817 -0.000000 0.000001 -18.123419 3.648181 -4.905662 -0.000004 0.000000 -0.000002 32.778698 7.448441 18.185232 41.385300 8.652568 11.701536 -0.102666 28.795408 -0.152962 1.163794 0.455218 -6.378076 2.243540 -5.255033 -3.180156 14.282877 -0.826594 6.952496 -0.000000 -12.690593 -0.000001 15.988543 -17.556227 2.594386 1.665665 -1.955920 -2.878297 4.727794 -4.170584 4.993919 11.020511 0.000001 -0.000000 12.109032 -3.735715 -2.866778 0.000000 -0.000000 0.000000 1.291985 -1.928548 -1.498088 14.800115 0.567467 3.865604 14.242553 -1.341738 -6.660648 19.631935 0.143921 -0.648243 49.658752 -0.614480 -6.377363 0.353029 -1.511150 -0.031940 20.222769 3.684305 2.316629 18.787249 0.000001 -0.000001 10.751608 -0.479870 1.397903 0.000000 -0.000000 0.000000 3.273804 0.305947 -0.580110 21.486790 11.830364 2.266131 8.162915 0.000000 -0.000000 18.399052 -3.798986 -4.940567 0.000003 0.000000 -0.000001 8.553580 15.410355 2.183648 -0.031173 -0.301296 2.089129 -9.976191 -1.616754 -3.401353 1.647342 -1.985627 0.141765 0.000000 -0.000000 0.000002 -5.242078 -9.023289 -1.760092 -0.025271 -0.089427 6.411462 6.989190 -2.575916 -5.070604 -1.424817 0.909096 0.913152 0.000000 -0.000000 -0.000001
0.000000 0.000000 0.000000 0.000000 -0.000000 0.000000 -0.232479 -0.409142 55.344765 -0.580270 0.547314 1.072063 1.070481 -0.111667 -4.079328 -0.396001 -0.258059 -6.136921 0.159504 -1.992693 11.038279 1.690339 2.242092 -0.594003 -0.199234 1.598478 -3.614995 0.804905 0.639714 -5.442902 0.000077 -0.000022 0.000006 -0.002408 -0.004627 0.039094 0.696843 -3.728838 -10.568959 -0.701983 3.727541 -10.570405 -25.007776 -3.036478 15.266062 -49.519299 -4.688934 10.347101 0.180792 -32.152870 -0.108817 -2.593882 -0.201529 -11.968734 -5.882102 9.861279 0.702590 -10.936861 -0.360574 7.156197 0.000000 8.774815 -0.000000 -15.943140 17.969093 6.175680 -1.844031 2.498503 -2.507276 -10.163590 4.678941 4.621104 -20.975996 -0.000001 0.000001 -21.226254 2.451698 -3.593995 0.000000 -0.000006 -0.000000 -1.362681 2.240797 -0.746323 -21.334892 0.584910 3.008319 -13.821196 -0.000001 0.000001 -23.887129 -0.249075 -0.839485 -60.601631 2.738708 -1.119096 -0.294025 1.679686 0.833255 -14.218195 0.093215 1.300579 -34.212002 -0.287561 0.967166 -20.033176 0.964536 1.212838 0.000000 -0.000000 0.000000 -3.440387 0.788233 0.501655 -15.928172 -3.167306 2.999703 -6.338817 -0.000000 0.000001 -18.123419 3.648181 -4.905662 -0.000004 0.000000 -0.000002 32.889576 7.397910 18.180958 41.304096 8.578858 11.784756 -0.075761 28.666458 -0.145852 1.183257 0.368533 -6.298065 2.243540 -5.255033 -3.180156 14.282877 -0.826594 6.952496 -0.000000 -12.690593 -0.000001 15.987639 -17.554176 2.603127 1.665665 -1.955920 -2.878297 4.727794 -4.170584 4.993919 11.020511 0.000001 -0.000000 12.109032 -3.735715 -2.866778 0.000000 -0.000000 0.000000 1.291985 -1.928548 -1.498088 14.800115 0.567467 3.865604 14.242553 -1.341738 -6.660648 19.631935 0.143921 -0.648243 49.657959 -0.598542 -6.365176 0.353029 -1.511150 -0.031940 20.222769 3.684305 2.316629 18.787249 0.000001 -0.000001 10.751608 -0.479870 1.397903 0.000000 -0.000000 0.000000 3.273804 0.305947 -0.580110 21.486790 11.830364 2.266131 8.162915 0.000000 -0.000000 18.399052 -3.798986 -4.940567 0.000003 0.000000 -0.000001 8.542442 15.425693 2.236515 -0.026450 -0.294413 2.107402 -9.992936 -1.601224 -3.459682 1.643563 -1.993462 0.126605 0.000000 -0.000000 0.000002 -5.272066 -9.009829 -1.729404 -0.026400 -0.092070 6.439855 7.003565 -2.524947 -5.096452 -1.424427 0.906734 0.931839 0.000000 -0.000000 -0.000001
0.000000 0.000000 0.000000 0.000000 -0.000000 0.000000 -0.209464 -0.417328 55.378141 -0.581219 0.489072 1.054425 1.052248 -0.108836 -4.116757 -0.395171 -0.261631 -6.148037 0.179724 -2.012005 11.052734 1.606636 2.235718 -0.545131 -0.180261 1.603467 -3.616928 0.771495 0.685955 -5.435575 0.000077 -0.000022 0.000006 -0.001624 0.001606 0.039668 0.697341 -3.722595 -10.568409 -0.700922 3.734154 -10.570643 -25.034325 -3.013448 15.251746 -49.596958 -4.743791 10.213168 0.149901 -32.024464 -0.084638 -2.595931 -0.197650 -12.052566 -5.882102 9.861279 0.702590 -10.936861 -0.360574 7.156197 0.000000 8.774815 -0.000000 -15.969566 17.969555 6.159121 -1.844031 2.498503 -2.507276 -10.163590 4.678941 4.621104 -20.975996 -0.000001 0.000001 -21.226254 2.451698 -3.593995 0.000000 -0.000006 -0.000000 -1.362681 2.240797 -0.746323 -21.334892 0.584910 3.008319 -13.821196 -0.000001 0.000001 -23.887129 -0.249075 -0.839485 -60.620949 2.742248 -1.107026 -0.294025 1.679686 0.833255 -14.218195 0.093215 1.300579 -34.212002 -0.287561 0.967166 -20.033176 0.964536 1.212838 0.000000 -0.000000 0.000000 -3.440387 0.788233 0.501655 -15.928172 -3.167306 2.999703 -6.338817 -0.000000 0.000001 -18.123419 3.648181 -4.905662 -0.000004 0.000000 -0.000002 32.993755 7.333547 18.191584 41.237064 8.543691 11.945907 -0.073440 28.516048 -0.150692 1.228579 0.270968 -6.184515 2.243540 -5.255033 -3.180156 14.282877 -0.826594 6.952496 -0.000000 -12.690593 -0.000001 16.000700 -17.557814 2.610005 1.665665 -1.955920 -2.878297 4.727794 -4.170584 4.993919 11.020511 0.000001 -0.000000 12.109032 -3.735715 -2.866778 0.000000 -0.000000 0.000000 1.291985 -1.928548 -1.498088 14.800115 0.567467 3.865604 14.242553 -1.341738 -6.660648 19.631935 0.143921 -0.648243 49.676262 -0.592383 -6.340368 0.353029 -1.511150 -0.031940 20.222769 3.684305 2.316629 18.787249 0.000001 -0.000001 10.751608 -0.479870 1.397903 0.000000 -0.000000 0.000000 3.273804 0.305947 -0.580110 21.486790 11.830364 2.266131 8.162915 0.000000 -0.000000 18.399052 -3.798986 -4.940567 0.000003 0.000000 -0.000001 8.536812 15.452474 2.283296 -0.024061 -0.285716 2.129753 -10.002248 -1.590594 -3.524321 1.639822 -2.004404 0.130763 0.000000 -0.000000 0.000002 -5.293441 -9.027185 -1.731596 -0.025954 -0.089713 6.506966 7.026937 -2.427758 -5.132246 -1.422293 0.906532 0.947929 0.000000 -0.000000 -0.000001
0.000000 0.000000 0.000000 0.000000 -0.000000 0.000000 -0.190851 -0.420235 55.396827 -0.585987 0.413657 1.053841 1.033884 -0.104621 -4.148735 -0.390612 -0.253365 -6.156515 0.207905 -2.035695 11.060836 1.528865 2.230086 -0.536284 -0.170144 1.605304 -3.619082 0.746570 0.720869 -5.433609 0.000077 -0.000022 0.000006 -0.001483 0.001186 0.040324 0.696547 -3.723777 -10.564316 -0.699759 3.734560 -10.568563 -25.056545 -3.002524 15.219086 -49.671482 -4.753965 10.097188 0.113186 -31.980791 -0.057438 -2.594037 -0.185834 -12.068854 -5.882102 9.861279 0.702590 -10.936861 -0.360574 7.156197 0.000000 8.774815 -0.000000 -15.986263 17.960005 6.143794 -1.844031 2.498503 -2.507276 -10.163590 4.678941 4.621104 -20.975996 -0.000001 0.000001 -21.226254 2.451698 -3.593995 0.000000 -0.000006 -0.000000 -1.362681 2.240797 -0.746323 -21.334892 0.584910 3.008319 -13.821196 -0.000001 0.000001 -23.887129 -0.249075 -0.839485 -60.620335 2.716974 -1.096619 -0.294025 1.679686 0.833255 -14.218195 0.093215 1.300579 -34.212002 -0.287561 0.967166 -20.033176 0.964536 1.212838 0.000000 -0.000000 0.000000 -3.440387 0.788233 0.501655 -15.928172 -3.167306 2.999703 -6.338817 -0.000000 0.000001 -18.123419 3.648181 -4.905662 -0.000004 0.000000 -0.000002 33.086704 7.268003 18.194006 41.174927 8.534412 12.158267 -0.071116 28.376802 -0.157720 1.275266 0.205802 -6.080250 2.243540 -5.255033 -3.180156 14.282877 -0.826594 6.952496 -0.000000 -12.690593 -0.000001 16.014980 -17.562376 2.613944 1.665665 -1.955920 -2.878297 4.727794 -4.170584 4.993919 11.020511 0.000001 -0.000000 12.109032 -3.735715 -2.866778 0.000000 -0.000000 0.000000 1.291985 -1.928548 -1.498088 14.800115 0.567467 3.865604 14.242553 -1.341738 -6.660648 19.631935 0.143921 -0.648243 49.703636 -0.589609 -6.316521 0.353029 -1.511150 -0.031940 20.222769 3.684305 2.316629 18.787249 0.000001 -0.000001 10.751608 -0.479870 1.397903 0.000000 -0.000000 0.000000 3.273804 0.305947 -0.580110 21.486790 11.830364 2.266131 8.162915 0.000000 -0.000000 18.399052 -3.798986 -4.940567 0.000003 0.000000 -0.000001 8.526978 15.469245 2.318189 -0.020159 -0.275924 2.126679 -9.998250 -1.570786 -3.564340 1.635939 -2.011373 0.147458 0.000000 -0.000000 0.000002 -5.299583 -9.022801 -1.745088 -0.025080 -0.083011 6.531063 7.036169 -2.360707 -5.136662 -1.418671 0.911499 0.955321 0.000000 -0.000000 -0.000001
0.000000 0.000000 0.000000 0.000000 -0.000000 0.000000 -0.175976 -0.423432 55.401261 -0.593198 0.340217 1.060439 1.021687 -0.108464 -4.161446 -0.383144 -0.247248 -6.163368 0.239022 -2.055781 11.056618 1.457857 2.238533 -0.566826 -0.175653 1.578220 -3.618803 0.724216 0.752469 -5.445001 0.000077 -0.000022 0.000006 -0.002189 -0.007186 0.039949 0.696229 -3.733096 -10.560007 -0.700690 3.726796 -10.567512 -25.074141 -2.993170 15.175637 -49.726429 -4.729941 10.017240 0.064637 -32.014053 -0.030162 -2.592595 -0.169351 -12.007032 -5.882102 9.861279 0.702590 -10.936861 -0.360574 7.156197 0.000000 8.774815 -0.000000 -15.987104 17.948179 6.135036 -1.844031 2.498503 -2.507276 -10.163590 4.678941 4.621104 -20.975996 -0.000001 0.000001 -21.226254 2.451698 -3.593995 0.000000 -0.000006 -0.000000 -1.362681 2.240797 -0.746323 -21.334892 0.584910 3.008319 -13.821196 -0.000001 0.000001 -23.887129 -0.249075 -0.839485 -60.620697 2.676797 -1.099957 -0.294025 1.679686 0.833255 -14.218195 0.093215 1.300579 -34.212002 -0.287561 0.967166 -20.033176 0.964536 1.212838 0.000000 -0.000000 0.000000 -3.440387 0.788233 0.501655 -15.928172 -3.167306 2.999703 -6.338817 -0.000000 0.000001 -18.123419 3.648181 -4.905662 -0.000004 0.000000 -0.000002 33.163151 7.214871 18.194742 41.119202 8.532098 12.339040 -0.038404 28.286888 -0.143920 1.283401 0.185924 -6.001405 2.243540 -5.255033 -3.180156 14.282877 -0.826594 6.952496 -0.000000 -12.690593 -0.000001 16.021498 -17.561543 2.608716 1.665665 -1.955920 -2.878297 4.727794 -4.170584 4.993919 11.020511 0.000001 -0.000000 12.109032 -3.735715 -2.866778 0.000000 -0.000000 0.000000 1.291985 -1.928548 -1.498088 14.800115 0.567467 3.865604 14.242553 -1.341738 -6.660648 19.631935 0.143921 -0.648243 49.725319 -0.596730 -6.305914 0.353029 -1.511150 -0.031940 20.222769 3.684305 2.316629 18.787249 0.000001 -0.000001 10.751608 -0.479870 1.397903 0.000000 -0.000000 0.000000 3.273804 0.305947 -0.580110 21.486790 11.830364 2.266131 8.162915 0.000000 -0.000000 18.399052 -3.798986 -4.940567 0.000003 0.000000 -0.000001 8.513392 15.452318 2.317229 -0.017427 -0.264620 2.160377 -9.976007 -1.513967 -3.625643 1.633064 -2.008703 0.177297 0.000000 -0.000000 0.000002 -5.297513 -8.998993 -1.799210 -0.020719 -0.075744 6.597124 7.031134 -2.322395 -5.150504 -1.414401 0.917977 0.950166 0.000000 -0.000000 -0.000001
0.000000 0.000000 0.000000 0.000000 -0.000000 0.000000 -0.157267 -0.425103 55.396489 -0.602161 0.289530 1.062929 1.015256 -0.120117 -4.149216 -0.376305 -0.256883 -6.162033 0.266883 -2.074263 11.030642 1.395540 2.262328 -0.615009 -0.189850 1.543390 -3.619480 0.694445 0.759366 -5.452723 0.000077 -0.000022 0.000006 -0.002755 -0.017240 0.037726 0.698355 -3.743489 -10.558034 -0.703769 3.716363 -10.568577 -25.064175 -2.978239 15.160558 -49.780922 -4.721809 9.988626 0.021020 -32.056419 -0.012739 -2.620310 -0.188449 -11.953536 -5.882102 9.861279 0.702590 -10.936861 -0.360574 7.156197 0.000000 8.774815 -0.000000 -15.992625 17.943769 6.124461 -1.844031 2.498503 -2.507276 -10.163590 4.678941 4.621104 -20.975996 -0.000001 0.000001 -21.226254 2.451698 -3.593995 0.000000 -0.000006 -0.000000 -1.362681 2.240797 -0.746323 -21.334892 0.584910 3.008319 -13.821196 -0.000001 0.000001 -23.887129 -0.249075 -0.839485 -60.647728 2.642386 -1.113639 -0.294025 1.679686 0.833255 -14.218195 0.093215 1.300579 -34.212002 -0.287561 0.967166 -20.033176 0.964536 1.212838 0.000000 -0.000000 0.000000 -3.440387 0.788233 0.501655 -15.928172 -3.167306 2.999703 -6.338817 -0.000000 0.000001 -18.123419 3.648181 -4.905662 -0.000004 0.000000 -0.000002 33.203640 7.176317 18.190811 41.108044 8.519046 12.462981 0.005943 28.284447 -0.116688 1.257134 0.183127 -5.962809 2.243540 -5.255033 -3.180156 14.282877 -0.826594 6.952496 -0.000000 -12.690593 -0.000001 16.027475 -17.545725 2.591162 1.665665 -1.955920 -2.878297 4.727794 -4.170584 4.993919 11.020511 0.000001 -0.000000 12.109032 -3.735715 -2.866778 0.000000 -0.000000 0.000000 1.291985 -1.928548 -1.498088 14.800115 0.567467 3.865604 14.242553 -1.341738 -6.660648 19.631935 0.143921 -0.648243 49.735226 -0.605272 -6.306769 0.353029 -1.511150 -0.031940 20.222769 3.684305 2.316629 18.787249 0.000001 -0.000001 10.751608 -0.479870 1.397903 0.000000 -0.000000 0.000000 3.273804 0.305947 -0.580110 21.486790 11.830364 2.266131 8.162915 0.000000 -0.000000 18.399052 -3.798986 -4.940567 0.000003 0.000000 -0.000001 8.502498 15.434703 2.300063 -0.018981 -0.258022 2.215152 -9.939757 -1.447558 -3.685999 1.633282 -1.998201 0.209138 0.000000 -0.000000 0.000002 -5.295596 -8.957365 -1.838054 -0.012140 -0.075234 6.634279 7.026668 -2.310638 -5.149489 -1.411245 0.923454 0.944914 0.000000 -0.000000 -0.000001
0.000000 0.000000 0.000000 0.000000 -0.000000 0.000000 -0.144792 -0.418129 55.383028 -0.617810 0.220306 1.062935 1.014785 -0.137082 -4.123270 -0.368634 -0.277917 -6.152637 0.298421 -2.077124 10.982132 1.346819 2.283805 -0.658946 -0.202769 1.520029 -3.625052 0.680012 0.772967 -5.459029 0.000077 -0.000022 0.000006 -0.002704 -0.024622 0.034864 0.701207 -3.751463 -10.561551 -0.706408 3.708902 -10.572261 -25.032377 -2.971382 15.175605 -49.851120 -4.724757 9.988020 -0.005954 -32.063442 -0.006945 -2.661937 -0.270406 -11.904579 -5.882102 9.861279 0.702590 -10.936861 -0.360574 7.156197 0.000000 8.774815 -0.000000 -16.003859 17.935883 6.106454 -1.844031 2.498503 -2.507276 -10.163590 4.678941 4.621104 -20.975996 -0.000001 0.000001 -21.226254 2.451698 -3.593995 0.000000 -0.000006 -0.000000 -1.362681 2.240797 -0.746323 -21.334892 0.584910 3.008319 -13.821196 -0.000001 0.000001 -23.887129 -0.249075 -0.839485 -60.673077 2.622014 -1.123450 -0.294025 1.679686 0.833255 -14.218195 0.093215 1.300579 -34.212002 -0.287561 0.967166 -20.033176 0.964536 1.212838 0.000000 -0.000000 0.000000 -3.440387 0.788233 0.501655 -15.928172 -3.167306 2.999703 -6.338817 -0.000000 0.000001 -18.123419 3.648181 -4.905662 -0.000004 0.000000 -0.000002 33.201538 7.144647 18.219324 41.145393 8.540935 12.609602 0.001072 28.320768 -0.103602 1.221179 0.172275 -5.954690 2.243540 -5.255033 -3.180156 14.282877 -0.826594 6.952496 -0.000000 -12.690593 -0.000001 16.048777 -17.529205 2.571257 1.665665 -1.955920 -2.878297 4.727794 -4.170584 4.993919 11.020511 0.000001 -0.000000 12.109032 -3.735715 -2.866778 0.000000 -0.000000 0.000000 1.291985 -1.928548 -1.498088 14.800115 0.567467 3.865604 14.242553 -1.341738 -6.660648 19.631935 0.143921 -0.648243 49.743263 -0.607383 -6.315033 0.353029 -1.511150 -0.031940 20.222769 3.684305 2.316629 18.787249 0.000001 -0.000001 10.751608 -0.479870 1.397903 0.000000 -0.000000 0.000000 3.273804 0.305947 -0.580110 21.486790 11.830364 2.266131 8.162915 0.000000 -0.000000 18.399052 -3.798986 -4.940567 0.000003 0.000000 -0.000001 8.503229 15.442474 2.325303 -0.024931 -0.259542 2.192369 -9.900958 -1.364718 -3.686123 1.635089 -1.980994 0.238151 0.000000 -0.000000 0.000002 -5.283193 -8.901963 -1.803741 -0.005898 -0.082369 6.516681 7.007036 -2.308575 -5.071324 -1.410218 0.922271 0.948664 0.000000 -0.000000 -0.000001
0.000000 0.000000 0.000000 0.000000 -0.000000 0.000000 -0.123387 -0.410103 55.389051 -0.630866 0.143116 1.063321 1.011160 -0.148181 -4.094965 -0.365021 -0.296371 -6.142595 0.329393 -2.076037 10.938346 1.336526 2.290450 -0.697074 -0.210354 1.526131 -3.634542 0.658037 0.785469 -5.481493 0.000077 -0.000022 0.000006 -0.002245 -0.029890 0.033719 0.704283 -3.758185 -10.569820 -0.708507 3.704356 -10.577933 -24.968948 -2.998779 15.200062 -49.932415 -4.722320 10.078322 0.020802 -32.072594 -0.024574 -2.728307 -0.366100 -11.874609 -5.882102 9.861279 0.702590 -10.936861 -0.360574 7.156197 0.000000 8.774815 -0.000000 -16.012506 17.926329 6.096593 -1.844031 2.498503 -2.507276 -10.163590 4.678941 4.621104 -20.975996 -0.000001 0.000001 -21.226254 2.451698 -3.593995 0.000000 -0.000006 -0.000000 -1.362681 2.240797 -0.746323 -21.334892 0.584910 3.008319 -13.821196 -0.000001 0.000001 -23.887129 -0.249075 -0.839485 -60.687920 2.625623 -1.118582 -0.294025 1.679686 0.833255 -14.218195 0.093215 1.300579 -34.212002 -0.287561 0.967166 -20.033176 0.964536 1.212838 0.000000 -0.000000 0.000000 -3.440387 0.788233 0.501655 -15.928172 -3.167306 2.999703 -6.338817 -0.000000 0.000001 -18.123419 3.648181 -4.905662 -0.000004 0.000000 -0.000002 33.169357 7.118438 18.250973 41.210602 8.599821 12.794926 -0.043484 28.350183 -0.111821 1.176934 0.170611 -5.980135 2.243540 -5.255033 -3.180156 14.282877 -0.826594 6.952496 -0.000000 -12.690593 -0.000001 16.064999 -17.512735 2.558858 1.665665 -1.955920 -2.878297 4.727794 -4.170584 4.993919 11.020511 0.000001 -0.000000 12.109032 -3.735715 -2.866778 0.000000 -0.000000 0.000000 1.291985 -1.928548 -1.498088 14.800115 0.567467 3.865604 14.242553 -1.341738 -6.660648 19.631935 0.143921 -0.648243 49.735920 -0.598605 -6.325454 0.353029 -1.511150 -0.031940 20.222769 3.684305 2.316629 18.787249 0.000001 -0.000001 10.751608 -0.479870 1.397903 0.000000 -0.000000 0.000000 3.273804 0.305947 -0.580110 21.486790 11.830364 2.266131 8.162915 0.000000 -0.000000 18.399052 -3.798986 -4.940567 0.000003 0.000000 -0.000001 8.501208 15.471664 2.376405 -0.029226 -0.263884 2.130495 -9.858696 -1.275828 -3.668211 1.637338 -1.962353 0.264519 0.000000 -0.000000 0.000002 -5.280684 -8.859479 -1.718184 -0.004914 -0.087789 6.325038 6.994694 -2.300714 -4.972843 -1.411673 0.918016 0.967790 0.000000 -0.000000 -0.000001
0.000000 0.000000 0.000000 0.000000 -0.000000 0.000000 -0.097232 -0.402565 55.421599 -0.641290 0.071193 1.062953 1.006324 -0.153534 -4.068870 -0.369861 -0.314945 -6.129854 0.365035 -2.075305 10.902157 1.338593 2.286200 -0.731200 -0.206242 1.546903 -3.642553 0.624875 0.807446 -5.495276 0.000077 -0.000022 0.000006 -0.001202 -0.032429 0.034020 0.706715 -3.761203 -10.575901 -0.708813 3.701674 -10.582248 -24.896015 -3.041892 15.220781 -50.005165 -4.706481 10.219095 0.079612 -32.119011 -0.063741 -2.801446 -0.428409 -11.832272 -5.882102 9.861279 0.702590 -10.936861 -0.360574 7.156197 0.000000 8.774815 -0.000000 -16.012236 17.919050 6.098172 -1.844031 2.498503 -2.507276 -10.163590 4.678941 4.621104 -20.975996 -0.000001 0.000001 -21.226254 2.451698 -3.593995 0.000000 -0.000006 -0.000000 -1.362681 2.240797 -0.746323 -21.334892 0.584910 3.008319 -13.821196 -0.000001 0.000001 -23.887129 -0.249075 -0.839485 -60.693874 2.641412 -1.102036 -0.294025 1.679686 0.833255 -14.218195 0.093215 1.300579 -34.212002 -0.287561 0.967166 -20.033176 0.964536 1.212838 0.000000 -0.000000 0.000000 -3.440387 0.788233 0.501655 -15.928172 -3.167306 2.999703 -6.338817 -0.000000 0.000001 -18.123419 3.648181 -4.905662 -0.000004 0.000000 -0.000002 33.150234 7.101409 18.273405 41.252064 8.668932 12.930029 -0.073792 28.360821 -0.115991 1.119048 0.157036 -6.020738 2.243540 -5.255033 -3.180156 14.282877 -0.826594 6.952496 -0.000000 -12.690593 -0.000001 16.077057 -17.501410 2.555996 1.665665 -1.955920 -2.878297 4.727794 -4.170584 4.993919 11.020511 0.000001 -0.000000 12.109032 -3.735715 -2.866778 0.000000 -0.000000 0.000000 1.291985 -1.928548 -1.498088 14.800115 0.567467 3.865604 14.242553 -1.341738 -6.660648 19.631935 0.143921 -0.648243 49.731678 -0.589011 -6.327332 0.353029 -1.511150 -0.031940 20.222769 3.684305 2.316629 18.787249 0.000001 -0.000001 10.751608 -0.479870 1.397903 0.000000 -0.000000 0.000000 3.273804 0.305947 -0.580110 21.486790 11.830364 2.266131 8.162915 0.000000 -0.000000 18.399052 -3.798986 -4.940567 0.000003 0.000000 -0.000001 8.495543 15.518532 2.453813 -0.029503 -0.270126 2.028063 -9.819636 -1.196566 -3.636541 1.638978 -1.953114 0.279205 0.000000 -0.000000 0.000002 -5.287240 -8.823052 -1.576891 -0.006753 -0.087800 6.067558 7.011293 -2.296960 -4.868246 -1.414280 0.911536 0.986016 0.000000 -0.000000 -0.000001
0.000000 0.000000 0.000000 0.000000 -0.000000 0.000000 -0.064889 -0.394875 55.457655 -0.646747 0.005073 1.059259 1.000628 -0.153566 -4.041390 -0.378541 -0.336130 -6.117588 0.396173 -2.075244 10.876896 1.334148 2.287695 -0.759231 -0.201576 1.573943 -3.647671 0.599474 0.817664 -5.513455 0.000077 -0.000022 0.000006 -0.000664 -0.033625 0.036687 0.705540 -3.762257 -10.576110 -0.706519 3.699916 -10.581662 -24.823021 -3.080050 15.236865 -50.067356 -4.696889 10.375098 0.159824 -32.195988 -0.111382 -2.855139 -0.459274 -11.773858 -5.882102 9.861279 0.702590 -10.936861 -0.360574 7.156197 0.000000 8.774815 -0.000000 -16.018723 17.929047 6.106545 -1.844031 2.498503 -2.507276 -10.163590 4.678941 4.621104 -20.975996 -0.000001 0.000001 -21.226254 2.451698 -3.593995 0.000000 -0.000006 -0.000000 -1.362681 2.240797 -0.746323 -21.334892 0.584910 3.008319 -13.821196 -0.000001 0.000001 -23.887129 -0.249075 -0.839485 -60.705315 2.662114 -1.084803 -0.294025 1.679686 0.833255 -14.218195 0.093215 1.300579 -34.212002 -0.287561 0.967166 -20.033176 0.964536 1.212838 0.000000 -0.000000 0.000000 -3.440387 0.788233 0.501655 -15.928172 -3.167306 2.999703 -6.338817 -0.000000 0.000001 -18.123419 3.648181 -4.905662 -0.000004 0.000000 -0.000002 33.131294 7.086735 18.286678 41.287319 8.748387 12.976091 -0.078524 28.343809 -0.113143 1.077099 0.128372 -6.058681 2.243540 -5.255033 -3.180156 14.282877 -0.826594 6.952496 -0.000000 -12.690593 -0.000001 16.078871 -17.499142 2.563747 1.665665 -1.955920 -2.878297 4.727794 -4.170584 4.993919 11.020511 0.000001 -0.000000 12.109032 -3.735715 -2.866778 0.000000 -0.000000 0.000000 1.291985 -1.928548 -1.498088 14.800115 0.567467 3.865604 14.242553 -1.341738 -6.660648 19.631935 0.143921 -0.648243 49.743156 -0.590150 -6.321266 0.353029 -1.511150 -0.031940 20.222769 3.684305 2.316629 18.787249 0.000001 -0.000001 10.751608 -0.479870 1.397903 0.000000 -0.000000 0.000000 3.273804 0.305947 -0.580110 21.486790 11.830364 2.266131 8.162915 0.000000 -0.000000 18.399052 -3.798986 -4.940567 0.000003 0.000000 -0.000001 8.484826 15.568793 2.539214 -0.028192 -0.275511 1.915329 -9.788942 -1.133681 -3.595552 1.639618 -1.952952 0.313056 0.000000 -0.000000 0.000002 -5.302593 -8.788429 -1.414872 -0.010566 -0.083857 5.787033 7.043334 -2.295130 -4.759062 -1.417017 0.906365 1.008597 0.000000 -0.000000 -0.000001
0.000000 0.000000 0.000000 0.000000 -0.000000 0.000000 -0.043126 -0.384621 55.471522 -0.642910 -0.065426 1.061777 0.996168 -0.140538 -4.022187 -0.390770 -0.357699 -6.103463 0.419057 -2.077724 10.859953 1.317630 2.299287 -0.784777 -0.198125 1.592117 -3.645964 0.579131 0.809082 -5.566223 0.000077 -0.000022 0.000006 -0.001668 -0.036747 0.041348 0.701286 -3.764378 -10.570997 -0.704274 3.695430 -10.576694 -24.746935 -3.118308 15.249502 -50.124676 -4.696718 10.465016 0.201314 -32.288555 -0.136590 -2.868855 -0.481350 -11.750141 -5.882102 9.861279 0.702590 -10.936861 -0.360574 7.156197 0.000000 8.774815 -0.000000 -16.037308 17.939245 6.102820 -1.844031 2.498503 -2.507276 -10.163590 4.678941 4.621104 -20.975996 -0.000001 0.000001 -21.226254 2.451698 -3.593995 0.000000 -0.000006 -0.000000 -1.362681 2.240797 -0.746323 -21.334892 0.584910 3.008319 -13.821196 -0.000001 0.000001 -23.887129 -0.249075 -0.839485 -60.704762 2.672252 -1.092860 -0.294025 1.679686 0.833255 -14.218195 0.093215 1.300579 -34.212002 -0.287561 0.967166 -20.033176 0.964536 1.212838 0.000000 -0.000000 0.000000 -3.440387 0.788233 0.501655 -15.928172 -3.167306 2.999703 -6.338817 -0.000000 0.000001 -18.123419 3.648181 -4.905662 -0.000004 0.000000 -0.000002 33.095543 7.063756 18.283924 41.315907 8.834703 13.017018 -0.072950 28.319178 -0.116427 1.062487 0.098387 -6.122786 2.243540 -5.255033 -3.180156 14.282877 -0.826594 6.952496 -0.000000 -12.690593 -0.000001 16.075592 -17.501730 2.573054 1.665665 -1.955920 -2.878297 4.727794 -4.170584 4.993919 11.020511 0.000001 -0.000000 12.109032 -3.735715 -2.866778 0.000000 -0.000000 0.000000 1.291985 -1.928548 -1.498088 14.800115 0.567467 3.865604 14.242553 -1.341738 -6.660648 19.631935 0.143921 -0.648243 49.760422 -0.600074 -6.318785 0.353029 -1.511150 -0.031940 20.222769 3.684305 2.316629 18.787249 0.000001 -0.000001 10.751608 -0.479870 1.397903 0.000000 -0.000000 0.000000 3.273804 0.305947 -0.580110 21.486790 11.830364 2.266131 8.162915 0.000000 -0.000000 18.399052 -3.798986 -4.940567 0.000003 0.000000 -0.000001 8.462913 15.597265 2.613506 -0.027205 -0.274470 1.791890 -9.767556 -1.079532 -3.529490 1.639224 -1.960340 0.358497 0.000000 -0.000000 0.000002 -5.318499 -8.751326 -1.296656 -0.014429 -0.079306 5.551539 7.065236 -2.301366 -4.654372 -1.419042 0.905706 1.030910 0.000000 -0.000000 -0.000001
0.000000 0.000000 0.000000 0.000000 -0.000000 0.000000 -0.022584 -0.375443 55.472793 -0.627247 -0.118109 1.071856 0.988441 -0.129906 -4.012839 -0.401478 -0.375817 -6.090545 0.430479 -2.077158 10.850531 1.303497 2.325975 -0.798203 -0.206758 1.570542 -3.647348 0.568063 0.788854 -5.616742 0.000077 -0.000022 0.000006 -0.003061 -0.042360 0.045483 0.697131 -3.768119 -10.563989 -0.702946 3.687747 -10.569883 -24.687452 -3.160737 15.236014 -50.156540 -4.685045 10.517356 0.208277 -32.362347 -0.139518 -2.828636 -0.515928 -11.837594 -5.882102 9.861279 0.702590 -10.936861 -0.360574 7.156197 0.000000 8.774815 -0.000000 -16.051880 17.948812 6.099074 -1.844031 2.498503 -2.507276 -10.163590 4.678941 4.621104 -20.975996 -0.000001 0.000001 -21.226254 2.451698 -3.593995 0.000000 -0.000006 -0.000000 -1.362681 2.240797 -0.746323 -21.334892 0.584910 3.008319 -13.821196 -0.000001 0.000001 -23.887129 -0.249075 -0.839485 -60.691673 2.675855 -1.125648 -0.294025 1.679686 0.833255 -14.218195 0.093215 1.300579 -34.212002 -0.287561 0.967166 -20.033176 0.964536 1.212838 0.000000 -0.000000 0.000000 -3.440387 0.788233 0.501655 -15.928172 -3.167306 2.999703 -6.338817 -0.000000 0.000001 -18.123419 3.648181 -4.905662 -0.000004 0.000000 -0.000002 33.049416 7.031363 18.243465 41.344715 8.899652 13.078427 -0.065790 28.313152 -0.119421 1.055169 0.043134 -6.182193 2.243540 -5.255033 -3.180156 14.282877 -0.826594 6.952496 -0.000000 -12.690593 -0.000001 16.069502 -17.507027 2.574613 1.665665 -1.955920 -2.878297 4.727794 -4.170584 4.993919 11.020511 0.000001 -0.000000 12.109032 -3.735715 -2.866778 0.000000 -0.000000 0.000000 1.291985 -1.928548 -1.498088 14.800115 0.567467 3.865604 14.242553 -1.341738 -6.660648 19.631935 0.143921 -0.648243 49.759998 -0.611454 -6.324619 0.353029 -1.511150 -0.031940 20.222769 3.684305 2.316629 18.787249 0.000001 -0.000001 10.751608 -0.479870 1.397903 0.000000 -0.000000 0.000000 3.273804 0.305947 -0.580110 21.486790 11.830364 2.266131 8.162915 0.000000 -0.000000 18.399052 -3.798986 -4.940567 0.000003 0.000000 -0.000001 8.424214 15.611853 2.653523 -0.024041 -0.264582 1.694760 -9.740088 -1.045146 -3.464662 1.638340 -1.974045 0.381986 0.000000 -0.000000 0.000002 -5.341689 -8.712824 -1.239876 -0.018543 -0.078974 5.407501 7.080595 -2.310474 -4.584545 -1.420604 0.908356 1.033626 0.000000 -0.000000 -0.000001
0.000000 0.000000 0.000000 0.000000 -0.000000 0.000000 -0.008284 -0.368195 55.456254 -0.603837 -0.172677 1.091786 0.981329 -0.126483 -4.008048 -0.408443 -0.378151 -6.081976 0.427509 -2.080660 10.841355 1.286017 2.355507 -0.799394 -0.211314 1.533496 -3.647236 0.563192 0.766299 -5.671013 0.000077 -0.000022 0.000006 -0.004193 -0.047623 0.046369 0.693992 -3.771843 -10.561200 -0.702143 3.681145 -10.568435 -24.654491 -3.182125 15.211771 -50.170170 -4.684265 10.501841 0.199729 -32.382687 -0.139887 -2.775603 -0.533309 -11.925907 -5.882102 9.861279 0.702590 -10.936861 -0.360574 7.156197 0.000000 8.774815 -0.000000 -16.064461 17.964575 6.097362 -1.844031 2.498503 -2.507276 -10.163590 4.678941 4.621104 -20.975996 -0.000001 0.000001 -21.226254 2.451698 -3.593995 0.000000 -0.000006 -0.000000 -1.362681 2.240797 -0.746323 -21.334892 0.584910 3.008319 -13.821196 -0.000001 0.000001 -23.887129 -0.249075 -0.839485 -60.696564 2.691705 -1.168169 -0.294025 1.679686 0.833255 -14.218195 0.093215 1.300579 -34.212002 -0.287561 0.967166 -20.033176 0.964536 1.212838 0.000000 -0.000000 0.000000 -3.440387 0.788233 0.501655 -15.928172 -3.167306 2.999703 -6.338817 -0.000000 0.000001 -18.123419 3.648181 -4.905662 -0.000004 0.000000 -0.000002 33.003624 7.007821 18.200172 41.362877 8.946568 13.123136 -0.055207 28.327160 -0.122441 1.033297 -0.018004 -6.176878 2.243540 -5.255033 -3.180156 14.282877 -0.826594 6.952496 -0.000000 -12.690593 -0.000001 16.060595 -17.495295 2.564321 1.665665 -1.955920 -2.878297 4.727794 -4.170584 4.993919 11.020511 0.000001 -0.000000 12.109032 -3.735715 -2.866778 0.000000 -0.000000 0.000000 1.291985 -1.928548 -1.498088 14.800115 0.567467 3.865604 14.242553 -1.341738 -6.660648 19.631935 0.143921 -0.648243 49.736542 -0.612432 -6.330822 0.353029 -1.511150 -0.031940 20.222769 3.684305 2.316629 18.787249 0.000001 -0.000001 10.751608 -0.479870 1.397903 0.000000 -0.000000 0.000000 3.273804 0.305947 -0.580110 21.486790 11.830364 2.266131 8.162915 0.000000 -0.000000 18.399052 -3.798986 -4.940567 0.000003 0.000000 -0.000001 8.376579 15.636813 2.626170 -0.020004 -0.252323 1.697799 -9.716134 -1.036769 -3.432756 1.638084 -1.989033 0.377792 0.000000 -0.000000 0.000002 -5.367282 -8.656310 -1.263345 -0.021175 -0.085849 5.376286 7.091291 -2.325280 -4.555710 -1.421251 0.908243 1.009685 0.000000 -0.000000 -0.000001
0.000000 0.000000 0.000000 0.000000 -0.000000 0.000000 0.007372 -0.367722 55.438750 -0.576038 -0.231251 1.106731 0.973704 -0.123297 -3.994114 -0.410753 -0.367909 -6.079710 0.411224 -2.086488 10.828134 1.269246 2.365443 -0.791558 -0.208341 1.509045 -3.643054 0.563634 0.746047 -5.699086 0.000077 -0.000022 0.000006 -0.004915 -0.047923 0.044892 0.693654 -3.771101 -10.564531 -0.703311 3.680243 -10.572052 -24.630030 -3.189124 15.182961 -50.194508 -4.696595 10.431541 0.174254 -32.340080 -0.136371 -2.725367 -0.548962 -11.930484 -5.882102 9.861279 0.702590 -10.936861 -0.360574 7.156197 0.000000 8.774815 -0.000000 -16.070204 17.968672 6.093725 -1.844031 2.498503 -2.507276 -10.163590 4.678941 4.621104 -20.975996 -0.000001 0.000001 -21.226254 2.451698 -3.593995 0.000000 -0.000006 -0.000000 -1.362681 2.240797 -0.746323 -21.334892 0.584910 3.008319 -13.821196 -0.000001 0.000001 -23.887129 -0.249075 -0.839485 -60.705200 2.704525 -1.195327 -0.294025 1.679686 0.833255 -14.218195 0.093215 1.300579 -34.212002 -0.287561 0.967166 -20.033176 0.964536 1.212838 0.000000 -0.000000 0.000000 -3.440387 0.788233 0.501655 -15.928172 -3.167306 2.999703 -6.338817 -0.000000 0.000001 -18.123419 3.648181 -4.905662 -0.000004 0.000000 -0.000002 32.949001 6.977357 18.172802 41.388401 9.010964 13.147781 -0.061429 28.306126 -0.128215 1.020779 -0.047436 -6.138350 2.243540 -5.255033 -3.180156 14.282877 -0.826594 6.952496 -0.000000 -12.690593 -0.000001 16.051935 -17.482691 2.560820 1.665665 -1.955920 -2.878297 4.727794 -4.170584 4.993919 11.020511 0.000001 -0.000000 12.109032 -3.735715 -2.866778 0.000000 -0.000000 0.000000 1.291985 -1.928548 -1.498088 14.800115 0.567467 3.865604 14.242553 -1.341738 -6.660648 19.631935 0.143921 -0.648243 49.706017 -0.611673 -6.326204 0.353029 -1.511150 -0.031940 20.222769 3.684305 2.316629 18.787249 0.000001 -0.000001 10.751608 -0.479870 1.397903 0.000000 -0.000000 0.000000 3.273804 0.305947 -0.580110 21.486790 11.830364 2.266131 8.162915 0.000000 -0.000000 18.399052 -3.798986 -4.940567 0.000003 0.000000 -0.000001 8.330969 15.673935 2.602858 -0.017337 -0.245667 1.705435 -9.703560 -1.032025 -3.423476 1.637561 -2.005501 0.371141 0.000000 -0.000000 0.000002 -5.402886 -8.612179 -1.355385 -0.022075 -0.095389 5.483623 7.105499 -2.315978 -4.586450 -1.420035 0.905164 0.971883 0.000000 -0.000000 -0.000001
0.000000 0.000000 0.000000 0.000000 -0.000000 0.000000 0.021000 -0.376488 55.408986 -0.548936 -0.278786 1.117012 0.961464 -0.119928 -3.973756 -0.408005 -0.356688 -6.078650 0.394344 -2.085871 10.806976 1.252454 2.353807 -0.772899 -0.201621 1.504221 -3.633988 0.552310 0.722584 -5.691687 0.000077 -0.000022 0.000006 -0.004693 -0.040013 0.044070 0.696500 -3.762566 -10.566936 -0.705746 3.687816 -10.575043 -24.605322 -3.189792 15.170300 -50.230221 -4.715391 10.348396 0.152849 -32.285877 -0.128716 -2.684354 -0.560277 -11.910060 -5.882102 9.861279 0.702590 -10.936861 -0.360574 7.156197 0.000000 8.774815 -0.000000 -16.060881 17.955418 6.083509 -1.844031 2.498503 -2.507276 -10.163590 4.678941 4.621104 -20.975996 -0.000001 0.000001 -21.226254 2.451698 -3.593995 0.000000 -0.000006 -0.000000 -1.362681 2.240797 -0.746323 -21.334892 0.584910 3.008319 -13.821196 -0.000001 0.000001 -23.887129 -0.249075 -0.839485 -60.691868 2.701795 -1.212944 -0.294025 1.679686 0.833255 -14.218195 0.093215 1.300579 -34.212002 -0.287561 0.967166 -20.033176 0.964536 1.212838 0.000000 -0.000000 0.000000 -3.440387 0.788233 0.501655 -15.928172 -3.167306 2.999703 -6.338817 -0.000000 0.000001 -18.123419 3.648181 -4.905662 -0.000004 0.000000 -0.000002 32.894730 6.932944 18.118307 41.414513 9.048470 13.133653 -0.057474 28.261932 -0.130356 1.011505 -0.061356 -6.124881 2.243540 -5.255033 -3.180156 14.282877 -0.826594 6.952496 -0.000000 -12.690593 -0.000001 16.036766 -17.460264 2.560524 1.665665 -1.955920 -2.878297 4.727794 -4.170584 4.993919 11.020511 0.000001 -0.000000 12.109032 -3.735715 -2.866778 0.000000 -0.000000 0.000000 1.291985 -1.928548 -1.498088 14.800115 0.567467 3.865604 14.242553 -1.341738 -6.660648 19.631935 0.143921 -0.648243 49.668552 -0.602739 -6.321148 0.353029 -1.511150 -0.031940 20.222769 3.684305 2.316629 18.787249 0.000001 -0.000001 10.751608 -0.479870 1.397903 0.000000 -0.000000 0.000000 3.273804 0.305947 -0.580110 21.486790 11.830364 2.266131 8.162915 0.000000 -0.000000 18.399052 -3.798986 -4.940567 0.000003 0.000000 -0.000001 8.292918 15.692133 2.586877 -0.017028 -0.236000 1.705896 -9.697765 -1.043734 -3.446458 1.635870 -2.014555 0.360318 0.000000 -0.000000 0.000002 -5.442266 -8.616155 -1.545490 -0.020545 -0.098181 5.780648 7.131264 -2.264642 -4.692214 -1.417864 0.905487 0.942246 0.000000 -0.000000 -0.000001
0.000000 0.000000 0.000000 0.000000 -0.000000 0.000000 0.025955 -0.391556 55.366821 -0.533071 -0.312799 1.127230 0.957271 -0.123418 -3.959280 -0.402193 -0.347682 -6.074911 0.379232 -2.079638 10.788661 1.236549 2.350239 -0.749360 -0.200433 1.493515 -3.631467 0.531037 0.705721 -5.652249 0.000077 -0.000022 0.000006 -0.003395 -0.028985 0.041395 0.700072 -3.751581 -10.569755 -0.706709 3.699041 -10.579744 -24.606327 -3.186587 15.169874 -50.246655 -4.719268 10.283846 0.136808 -32.258728 -0.118158 -2.638839 -0.568625 -11.878980 -5.882102 9.861279 0.702590 -10.936861 -0.360574 7.156197 0.000000 8.774815 -0.000000 -16.058495 17.932922 6.067561 -1.844031 2.498503 -2.507276 -10.163590 4.678941 4.621104 -20.975996 -0.000001 0.000001 -21.226254 2.451698 -3.593995 0.000000 -0.000006 -0.000000 -1.362681 2.240797 -0.746323 -21.334892 0.584910 3.008319 -13.821196 -0.000001 0.000001 -23.887129 -0.249075 -0.839485 -60.674606 2.688355 -1.226813 -0.294025 1.679686 0.833255 -14.218195 0.093215 1.300579 -34.212002 -0.287561 0.967166 -20.033176 0.964536 1.212838 0.000000 -0.000000 0.000000 -3.440387 0.788233 0.501655 -15.928172 -3.167306 2.999703 -6.338817 -0.000000 0.000001 -18.123419 3.648181 -4.905662 -0.000004 0.000000 -0.000002 32.853184 6.883456 18.054476 41.418888 9.069451 13.086983 -0.033274 28.218353 -0.126043 0.981255 -0.070347 -6.117954 2.243540 -5.255033 -3.180156 14.282877 -0.826594 6.952496 -0.000000 -12.690593 -0.000001 16.037693 -17.445532 2.553735 1.665665 -1.955920 -2.878297 4.727794 -4.170584 4.993919 11.020511 0.000001 -0.000000 12.109032 -3.735715 -2.866778 0.000000 -0.000000 0.000000 1.291985 -1.928548 -1.498088 14.800115 0.567467 3.865604 14.242553 -1.341738 -6.660648 19.631935 0.143921 -0.648243 49.660378 -0.595188 -6.321074 0.353029 -1.511150 -0.031940 20.222769 3.684305 2.316629 18.787249 0.000001 -0.000001 10.751608 -0.479870 1.397903 0.000000 -0.000000 0.000000 3.273804 0.305947 -0.580110 21.486790 11.830364 2.266131 8.162915 0.000000 -0.000000 18.399052 -3.798986 -4.940567 0.000003 0.000000 -0.000001 8.274940 15.713332 2.496045 -0.017102 -0.229757 1.851862 -9.697716 -1.078443 -3.546092 1.634722 -2.016673 0.350912 0.000000 -0.000000 0.000002 -5.466854 -8.653447 -1.804258 -0.016030 -0.095117 6.196526 7.167199 -2.189672 -4.838679 -1.415079 0.904410 0.931895 0.000000 -0.000000 -0.000001
0.000000 0.000000 0.000000 0.000000 -0.000000 0.000000 0.027812 -0.402176 55.325112 -0.521667 -0.328790 1.140238 0.954243 -0.133184 -3.950263 -0.395731 -0.347136 -6.073825 0.366622 -2.066567 10.775562 1.228246 2.356027 -0.730415 -0.204470 1.493395 -3.632229 0.510561 0.698724 -5.597543 0.000077 -0.000022 0.000006 -0.002091 -0.021086 0.039681 0.702571 -3.743867 -10.570365 -0.706543 3.706868 -10.581553 -24.617126 -3.185972 15.169589 -50.242775 -4.706891 10.322254 0.160441 -32.260040 -0.116580 -2.624659 -0.574919 -11.789710 -5.882102 9.861279 0.702590 -10.936861 -0.360574 7.156197 0.000000 8.774815 -0.000000 -16.078199 17.913361 6.040927 -1.844031 2.498503 -2.507276 -10.163590 4.678941 4.621104 -20.975996 -0.000001 0.000001 -21.226254 2.451698 -3.593995 0.000000 -0.000006 -0.000000 -1.362681 2.240797 -0.746323 -21.334892 0.584910 3.008319 -13.821196 -0.000001 0.000001 -23.887129 -0.249075 -0.839485 -60.677734 2.663693 -1.234134 -0.294025 1.679686 0.833255 -14.218195 0.093215 1.300579 -34.212002 -0.287561 0.967166 -20.033176 0.964536 1.212838 0.000000 -0.000000 0.000000 -3.440387 0.788233 0.501655 -15.928172 -3.167306 2.999703 -6.338817 -0.000000 0.000001 -18.123419 3.648181 -4.905662 -0.000004 0.000000 -0.000002 32.828758 6.841339 18.003532 41.393040 9.082721 13.039853 0.001467 28.182499 -0.115077 0.956685 -0.076825 -6.072190 2.243540 -5.255033 -3.180156 14.282877 -0.826594 6.952496 -0.000000 -12.690593 -0.000001 16.042582 -17.434475 2.549521 1.665665 -1.955920 -2.878297 4.727794 -4.170584 4.993919 11.020511 0.000001 -0.000000 12.109032 -3.735715 -2.866778 0.000000 -0.000000 0.000000 1.291985 -1.928548 -1.498088 14.800115 0.567467 3.865604 14.242553 -1.341738 -6.660648 19.631935 0.143921 -0.648243 49.662449 -0.597945 -6.320969 0.353029 -1.511150 -0.031940 20.222769 3.684305 2.316629 18.787249 0.000001 -0.000001 10.751608 -0.479870 1.397903 0.000000 -0.000000 0.000000 3.273804 0.305947 -0.580110 21.486790 11.830364 2.266131 8.162915 0.000000 -0.000000 18.399052 -3.798986 -4.940567 0.000003 0.000000 -0.000001 8.260171 15.721735 2.392007 -0.018079 -0.223389 2.005750 -9.687403 -1.101216 -3.631498 1.634085 -2.012329 0.364966 0.000000 -0.000000 0.000002 -5.483918 -8.711787 -2.016614 -0.011818 -0.089541 6.517962 7.203059 -2.126098 -4.939620 -1.412005 0.900159 0.937645 0.000000 -0.000000 -0.000001
0.000000 0.000000 0.000000 0.000000 -0.000000 0.000000 0.029903 -0.403733 55.284892 -0.516376 -0.325688 1.152583 0.951972 -0.141149 -3.943237 -0.386978 -0.351835 -6.075888 0.355217 -2.062487 10.764746 1.216917 2.359056 -0.708481 -0.210457 1.501987 -3.638189 0.505355 0.710642 -5.554937 0.000077 -0.000022 0.000006 -0.001922 -0.019715 0.038388 0.703102 -3.741805 -10.571760 -0.706676 3.707038 -10.582970 -24.621023 -3.181769 15.167509 -50.225395 -4.678040 10.456585 0.216547 -32.300850 -0.122108 -2.663892 -0.572670 -11.631902 -5.882102 9.861279 0.702590 -10.936861 -0.360574 7.156197 0.000000 8.774815 -0.000000 -16.108715 17.908247 6.024584 -1.844031 2.498503 -2.507276 -10.163590 4.678941 4.621104 -20.975996 -0.000001 0.000001 -21.226254 2.451698 -3.593995 0.000000 -0.000006 -0.000000 -1.362681 2.240797 -0.746323 -21.334892 0.584910 3.008319 -13.821196 -0.000001 0.000001 -23.887129 -0.249075 -0.839485 -60.712246 2.643603 -1.223746 -0.294025 1.679686 0.833255 -14.218195 0.093215 1.300579 -34.212002 -0.287561 0.967166 -20.033176 0.964536 1.212838 0.000000 -0.000000 0.000000 -3.440387 0.788233 0.501655 -15.928172 -3.167306 2.999703 -6.338817 -0.000000 0.000001 -18.123419 3.648181 -4.905662 -0.000004 0.000000 -0.000002 32.815235 6.821608 17.983015 41.349548 9.084119 13.015210 0.021508 28.154280 -0.101602 0.976952 -0.094861 -6.033545 2.243540 -5.255033 -3.180156 14.282877 -0.826594 6.952496 -0.000000 -12.690593 -0.000001 16.047855 -17.430964 2.548853 1.665665 -1.955920 -2.878297 4.727794 -4.170584 4.993919 11.020511 0.000001 -0.000000 12.109032 -3.735715 -2.866778 0.000000 -0.000000 0.000000 1.291985 -1.928548 -1.498088 14.800115 0.567467 3.865604 14.242553 -1.341738 -6.660648 19.631935 0.143921 -0.648243 49.664383 -0.609041 -6.319426 0.353029 -1.511150 -0.031940 20.222769 3.684305 2.316629 18.787249 0.000001 -0.000001 10.751608 -0.479870 1.397903 0.000000 -0.000000 0.000000 3.273804 0.305947 -0.580110 21.486790 11.830364 2.266131 8.162915 0.000000 -0.000000 18.399052 -3.798986 -4.940567 0.000003 0.000000 -0.000001 8.249866 15.740360 2.313695 -0.019910 -0.218258 2.096618 -9.689941 -1.126296 -3.659055 1.634585 -2.003404 0.398531 0.000000 -0.000000 0.000002 -5.490132 -8.747671 -2.121449 -0.008782 -0.086802 6.640294 7.223763 -2.099335 -4.960172 -1.409521 0.895397 0.961175 0.000000 -0.000000 -0.000001
0.000000 0.000000 0.000000 0.000000 -0.000000 0.000000 0.035323 -0.397301 55.262694 -0.512763 -0.310553 1.157695 0.948064 -0.144682 -3.931483 -0.377025 -0.354381 -6.076650 0.341162 -2.067179 10.750325 1.203674 2.352294 -0.693286 -0.214559 1.515518 -3.642251 0.509509 0.725130 -5.520293 0.000077 -0.000022 0.000006 -0.002057 -0.022118 0.036655 0.701361 -3.744257 -10.577099 -0.705165 3.704179 -10.587175 -24.621086 -3.186189 15.160430 -50.193455 -4.622849 10.625206 0.266495 -32.379326 -0.126510 -2.727933 -0.561286 -11.453599 -5.882102 9.861279 0.702590 -10.936861 -0.360574 7.156197 0.000000 8.774815 -0.000000 -16.116161 17.908726 6.019072 -1.844031 2.498503 -2.507276 -10.163590 4.678941 4.621104 -20.975996 -0.000001 0.000001 -21.226254 2.451698 -3.593995 0.000000 -0.000006 -0.000000 -1.362681 2.240797 -0.746323 -21.334892 0.584910 3.008319 -13.821196 -0.000001 0.000001 -23.887129 -0.249075 -0.839485 -60.736240 2.629254 -1.199973 -0.294025 1.679686 0.833255 -14.218195 0.093215 1.300579 -34.212002 -0.287561 0.967166 -20.033176 0.964536 1.212838 0.000000 -0.000000 0.000000 -3.440387 0.788233 0.501655 -15.928172 -3.167306 2.999703 -6.338817 -0.000000 0.000001 -18.123419 3.648181 -4.905662 -0.000004 0.000000 -0.000002 32.819614 6.806665 17.984987 41.286373 9.073218 12.990523 0.032540 28.124382 -0.086668 1.043913 -0.115985 -6.060501 2.243540 -5.255033 -3.180156 14.282877 -0.826594 6.952496 -0.000000 -12.690593 -0.000001 16.045992 -17.426556 2.549551 1.665665 -1.955920 -2.878297 4.727794 -4.170584 4.993919 11.020511 0.000001 -0.000000 12.109032 -3.735715 -2.866778 0.000000 -0.000000 0.000000 1.291985 -1.928548 -1.498088 14.800115 0.567467 3.865604 14.242553 -1.341738 -6.660648 19.631935 0.143921 -0.648243 49.662720 -0.617038 -6.314872 0.353029 -1.511150 -0.031940 20.222769 3.684305 2.316629 18.787249 0.000001 -0.000001 10.751608 -0.479870 1.397903 0.000000 -0.000000 0.000000 3.273804 0.305947 -0.580110 21.486790 11.830364 2.266131 8.162915 0.000000 -0.000000 18.399052 -3.798986 -4.940567 0.000003 0.000000 -0.000001 8.239806 15.767616 2.294006 -0.022244 -0.225183 2.081645 -9.689573 -1.148071 -3.619807 1.635221 -1.995742 0.431432 0.000000 -0.000000 0.000002 -5.494803 -8.773399 -2.099498 -0.008402 -0.085754 6.561730 7.240027 -2.102794 -4.910778 -1.407774 0.888613 0.980345 0.000000 -0.000000 -0.000001
0.000000 0.000000 0.000000 0.000000 -0.000000 0.000000 0.034060 -0.391091 55.245524 -0.508164 -0.294882 1.162880 0.942918 -0.143759 -3.919477 -0.374851 -0.354656 -6.075833 0.324265 -2.080760 10.737810 1.202807 2.337231 -0.688923 -0.213504 1.540972 -3.645478 0.503820 0.733062 -5.507423 0.000077 -0.000022 0.000006 -0.002455 -0.031357 0.035885 0.698446 -3.753711 -10.581889 -0.703016 3.694738 -10.589908 -24.615160 -3.199487 15.134026 -50.164761 -4.561537 10.817861 0.302929 -32.438427 -0.134617 -2.762583 -0.563701 -11.270595 -5.882102 9.861279 0.702590 -10.936861 -0.360574 7.156197 0.000000 8.774815 -0.000000 -16.102034 17.915226 6.032088 -1.844031 2.498503 -2.507276 -10.163590 4.678941 4.621104 -20.975996 -0.000001 0.000001 -21.226254 2.451698 -3.593995 0.000000 -0.000006 -0.000000 -1.362681 2.240797 -0.746323 -21.334892 0.584910 3.008319 -13.821196 -0.000001 0.000001 -23.887129 -0.249075 -0.839485 -60.749855 2.630804 -1.174062 -0.294025 1.679686 0.833255 -14.218195 0.093215 1.300579 -34.212002 -0.287561 0.967166 -20.033176 0.964536 1.212838 0.000000 -0.000000 0.000000 -3.440387 0.788233 0.501655 -15.928172 -3.167306 2.999703 -6.338817 -0.000000 0.000001 -18.123419 3.648181 -4.905662 -0.000004 0.000000 -0.000002 32.840870 6.804554 17.995932 41.210358 9.069820 13.010228 0.040081 28.072422 -0.078018 1.114985 -0.100620 -6.141162 2.243540 -5.255033 -3.180156 14.282877 -0.826594 6.952496 -0.000000 -12.690593 -0.000001 16.042194 -17.425243 2.552707 1.665665 -1.955920 -2.878297 4.727794 -4.170584 4.993919 11.020511 0.000001 -0.000000 12.109032 -3.735715 -2.866778 0.000000 -0.000000 0.000000 1.291985 -1.928548 -1.498088 14.800115 0.567467 3.865604 14.242553 -1.341738 -6.660648 19.631935 0.143921 -0.648243 49.666286 -0.625458 -6.312153 0.353029 -1.511150 -0.031940 20.222769 3.684305 2.316629 18.787249 0.000001 -0.000001 10.751608 -0.479870 1.397903 0.000000 -0.000000 0.000000 3.273804 0.305947 -0.580110 21.486790 11.830364 2.266131 8.162915 0.000000 -0.000000 18.399052 -3.798986 -4.940567 0.000003 0.000000 -0.000001 8.230742 15.795610 2.292787 -0.025249 -0.238270 2.034100 -9.693923 -1.173248 -3.569303 1.636485 -1.986013 0.454823 0.000000 -0.000000 0.000002 -5.494371 -8.795341 -2.072341 -0.010811 -0.085076 6.486864 7.255609 -2.121002 -4.871631 -1.407309 0.881190 0.998767 0.000000 -0.000000 -0.000001
0.000000 0.000000 0.000000 0.000000 -0.000000 0.000000 0.029076 -0.389534 55.239903 -0.501274 -0.270056 1.168347 0.937588 -0.136252 -3.905160 -0.380012 -0.354452 -6.068909 0.308017 -2.089413 10.724099 1.218625 2.337675 -0.695575 -0.221569 1.524377 -3.645613 0.479280 0.743143 -5.524701 0.000077 -0.000022 0.000006 -0.002346 -0.038996 0.037824 0.697244 -3.760719 -10.581709 -0.701588 3.686020 -10.587642 -24.609783 -3.228966 15.094240 -50.143112 -4.497915 10.955557 0.295389 -32.472500 -0.139071 -2.755389 -0.584854 -11.149142 -5.882102 9.861279 0.702590 -10.936861 -0.360574 7.156197 0.000000 8.774815 -0.000000 -16.067062 17.919127 6.059520 -1.844031 2.498503 -2.507276 -10.163590 4.678941 4.621104 -20.975996 -0.000001 0.000001 -21.226254 2.451698 -3.593995 0.000000 -0.000006 -0.000000 -1.362681 2.240797 -0.746323 -21.334892 0.584910 3.008319 -13.821196 -0.000001 0.000001 -23.887129 -0.249075 -0.839485 -60.729725 2.637502 -1.149968 -0.294025 1.679686 0.833255 -14.218195 0.093215 1.300579 -34.212002 -0.287561 0.967166 -20.033176 0.964536 1.212838 0.000000 -0.000000 0.000000 -3.440387 0.788233 0.501655 -15.928172 -3.167306 2.999703 -6.338817 -0.000000 0.000001 -18.123419 3.648181 -4.905662 -0.000004 0.000000 -0.000002 32.866791 6.810227 17.993490 41.136539 9.064322 13.105881 0.041782 28.017778 -0.073879 1.143481 -0.073091 -6.261487 2.243540 -5.255033 -3.180156 14.282877 -0.826594 6.952496 -0.000000 -12.690593 -0.000001 16.045834 -17.420784 2.551929 1.665665 -1.955920 -2.878297 4.727794 -4.170584 4.993919 11.020511 0.000001 -0.000000 12.109032 -3.735715 -2.866778 0.000000 -0.000000 0.000000 1.291985 -1.928548 -1.498088 14.800115 0.567467 3.865604 14.242553 -1.341738 -6.660648 19.631935 0.143921 -0.648243 49.664745 -0.628565 -6.310016 0.353029 -1.511150 -0.031940 20.222769 3.684305 2.316629 18.787249 0.000001 -0.000001 10.751608 -0.479870 1.397903 0.000000 -0.000000 0.000000 3.273804 0.305947 -0.580110 21.486790 11.830364 2.266131 8.162915 0.000000 -0.000000 18.399052 -3.798986 -4.940567 0.000003 0.000000 -0.000001 8.221338 15.834581 2.285587 -0.025295 -0.251882 2.000227 -9.716714 -1.205642 -3.537754 1.638666 -1.979595 0.450117 0.000000 -0.000000 0.000002 -5.495173 -8.797974 -2.071442 -0.010485 -0.088728 6.483696 7.274037 -2.147813 -4.878333 -1.408610 0.875854 1.004556 0.000000 -0.000000 -0.000001
0.000000 0.000000 0.000000 0.000000 -0.000000 0.000000 0.023967 -0.386658 55.226736 -0.487856 -0.243369 1.176494 0.922132 -0.127078 -3.884609 -0.390230 -0.359427 -6.061432 0.303942 -2.084626 10.704617 1.249391 2.346145 -0.714547 -0.229947 1.480905 -3.644804 0.457071 0.763055 -5.548269 0.000077 -0.000022 0.000006 -0.002399 -0.041337 0.040981 0.696308 -3.763175 -10.579865 -0.700792 3.683376 -10.583135 -24.600691 -3.267638 15.046888 -50.129780 -4.438976 11.050071 0.284277 -32.474136 -0.145427 -2.730980 -0.611502 -11.111639 -5.882102 9.861279 0.702590 -10.936861 -0.360574 7.156197 0.000000 8.774815 -0.000000 -16.035046 17.921160 6.085483 -1.844031 2.498503 -2.507276 -10.163590 4.678941 4.621104 -20.975996 -0.000001 0.000001 -21.226254 2.451698 -3.593995 0.000000 -0.000006 -0.000000 -1.362681 2.240797 -0.746323 -21.334892 0.584910 3.008319 -13.821196 -0.000001 0.000001 -23.887129 -0.249075 -0.839485 -60.688602 2.644516 -1.134168 -0.294025 1.679686 0.833255 -14.218195 0.093215 1.300579 -34.212002 -0.287561 0.967166 -20.033176 0.964536 1.212838 0.000000 -0.000000 0.000000 -3.440387 0.788233 0.501655 -15.928172 -3.167306 2.999703 -6.338817 -0.000000 0.000001 -18.123419 3.648181 -4.905662 -0.000004 0.000000 -0.000002 32.873760 6.817505 17.992817 41.092308 9.069175 13.210369 0.025387 27.972536 -0.082044 1.159894 -0.073092 -6.355298 2.243540 -5.255033 -3.180156 14.282877 -0.826594 6.952496 -0.000000 -12.690593 -0.000001 16.051926 -17.418985 2.549275 1.665665 -1.955920 -2.878297 4.727794 -4.170584 4.993919 11.020511 0.000001 -0.000000 12.109032 -3.735715 -2.866778 0.000000 -0.000000 0.000000 1.291985 -1.928548 -1.498088 14.800115 0.567467 3.865604 14.242553 -1.341738 -6.660648 19.631935 0.143921 -0.648243 49.664017 -0.622660 -6.311910 0.353029 -1.511150 -0.031940 20.222769 3.684305 2.316629 18.787249 0.000001 -0.000001 10.751608 -0.479870 1.397903 0.000000 -0.000000 0.000000 3.273804 0.305947 -0.580110 21.486790 11.830364 2.266131 8.162915 0.000000 -0.000000 18.399052 -3.798986 -4.940567 0.000003 0.000000 -0.000001 8.201054 15.869461 2.275472 -0.024287 -0.259893 1.955741 -9.733475 -1.218719 -3.493682 1.639818 -1.974509 0.427391 0.000000 -0.000000 0.000002 -5.504372 -8.817539 -2.078650 -0.010164 -0.094581 6.484988 7.274342 -2.148871 -4.880009 -1.411203 0.876540 0.989473 0.000000 -0.000000 -0.000001
0.000000 0.000000 0.000000 0.000000 -0.000000 0.000000 0.022696 -0.382912 55.204302 -0.475667 -0.224443 1.191038 0.907751 -0.115244 -3.863971 -0.402802 -0.362163 -6.053099 0.304022 -2.076213 10.689299 1.279273 2.357862 -0.751968 -0.233199 1.439888 -3.641386 0.445187 0.773208 -5.577293 0.000077 -0.000022 0.000006 -0.003049 -0.040826 0.044238 0.695289 -3.762232 -10.574781 -0.701149 3.683326 -10.576058 -24.574635 -3.298208 15.009465 -50.141747 -4.428974 11.122945 0.300121 -32.430191 -0.166553 -2.738214 -0.626650 -11.093145 -5.882102 9.861279 0.702590 -10.936861 -0.360574 7.156197 0.000000 8.774815 -0.000000 -16.026575 17.925022 6.112355 -1.844031 2.498503 -2.507276 -10.163590 4.678941 4.621104 -20.975996 -0.000001 0.000001 -21.226254 2.451698 -3.593995 0.000000 -0.000006 -0.000000 -1.362681 2.240797 -0.746323 -21.334892 0.584910 3.008319 -13.821196 -0.000001 0.000001 -23.887129 -0.249075 -0.839485 -60.668289 2.660125 -1.114832 -0.294025 1.679686 0.833255 -14.218195 0.093215 1.300579 -34.212002 -0.287561 0.967166 -20.033176 0.964536 1.212838 0.000000 -0.000000 0.000000 -3.440387 0.788233 0.501655 -15.928172 -3.167306 2.999703 -6.338817 -0.000000 0.000001 -18.123419 3.648181 -4.905662 -0.000004 0.000000 -0.000002 32.855003 6.831614 17.984961 41.103096 9.087403 13.233643 0.021914 27.921593 -0.089339 1.162087 -0.078745 -6.377796 2.243540 -5.255033 -3.180156 14.282877 -0.826594 6.952496 -0.000000 -12.690593 -0.000001 16.052685 -17.418734 2.551853 1.665665 -1.955920 -2.878297 4.727794 -4.170584 4.993919 11.020511 0.000001 -0.000000 12.109032 -3.735715 -2.866778 0.000000 -0.000000 0.000000 1.291985 -1.928548 -1.498088 14.800115 0.567467 3.865604 14.242553 -1.341738 -6.660648 19.631935 0.143921 -0.648243 49.643589 -0.618175 -6.313320 0.353029 -1.511150 -0.031940 20.222769 3.684305 2.316629 18.787249 0.000001 -0.000001 10.751608 -0.479870 1.397903 0.000000 -0.000000 0.000000 3.273804 0.305947 -0.580110 21.486790 11.830364 2.266131 8.162915 0.000000 -0.000000 18.399052 -3.798986 -4.940567 0.000003 0.000000 -0.000001 8.180572 15.906262 2.245491 -0.023787 -0.268984 1.929868 -9.748346 -1.234100 -3.452359 1.640509 -1.969505 0.407679 0.000000 -0.000000 0.000002 -5.514771 -8.846326 -2.105141 -0.008721 -0.103713 6.489959 7.274293 -2.138967 -4.870213 -1.414209 0.881040 0.964057 0.000000 -0.000000 -0.000001
0.000000 0.000000 0.000000 0.000000 -0.000000 0.000000 0.020605 -0.377312 55.155011 -0.467434 -0.193679 1.209399 0.897298 -0.111603 -3.850603 -0.412943 -0.362515 -6.043996 0.300561 -2.066945 10.688537 1.309082 2.372357 -0.803533 -0.240762 1.398117 -3.638303 0.442974 0.767300 -5.605721 0.000077 -0.000022 0.000006 -0.003743 -0.038442 0.045161 0.693945 -3.759930 -10.572603 -0.701231 3.685983 -10.572410 -24.540270 -3.323116 14.987882 -50.161388 -4.460452 11.152541 0.307182 -32.367840 -0.182384 -2.746433 -0.627107 -11.117979 -5.882102 9.861279 0.702590 -10.936861 -0.360574 7.156197 0.000000 8.774815 -0.000000 -16.031326 17.938402 6.139122 -1.844031 2.498503 -2.507276 -10.163590 4.678941 4.621104 -20.975996 -0.000001 0.000001 -21.226254 2.451698 -3.593995 0.000000 -0.000006 -0.000000 -1.362681 2.240797 -0.746323 -21.334892 0.584910 3.008319 -13.821196 -0.000001 0.000001 -23.887129 -0.249075 -0.839485 -60.674389 2.678129 -1.094396 -0.294025 1.679686 0.833255 -14.218195 0.093215 1.300579 -34.212002 -0.287561 0.967166 -20.033176 0.964536 1.212838 0.000000 -0.000000 0.000000 -3.440387 0.788233 0.501655 -15.928172 -3.167306 2.999703 -6.338817 -0.000000 0.000001 -18.123419 3.648181 -4.905662 -0.000004 0.000000 -0.000002 32.829029 6.861072 17.975382 41.147312 9.111974 13.206414 0.027121 27.863918 -0.088646 1.163817 -0.080503 -6.387753 2.243540 -5.255033 -3.180156 14.282877 -0.826594 6.952496 -0.000000 -12.690593 -0.000001 16.045744 -17.422688 2.549789 1.665665 -1.955920 -2.878297 4.727794 -4.170584 4.993919 11.020511 0.000001 -0.000000 12.109032 -3.735715 -2.866778 0.000000 -0.000000 0.000000 1.291985 -1.928548 -1.498088 14.800115 0.567467 3.865604 14.242553 -1.341738 -6.660648 19.631935 0.143921 -0.648243 49.597443 -0.610576 -6.319596 0.353029 -1.511150 -0.031940 20.222769 3.684305 2.316629 18.787249 0.000001 -0.000001 10.751608 -0.479870 1.397903 0.000000 -0.000000 0.000000 3.273804 0.305947 -0.580110 21.486790 11.830364 2.266131 8.162915 0.000000 -0.000000 18.399052 -3.798986 -4.940567 0.000003 0.000000 -0.000001 8.161358 15.924513 2.184821 -0.024179 -0.272274 1.933979 -9.756859 -1.252154 -3.414098 1.641225 -1.972093 0.397731 0.000000 -0.000000 0.000002 -5.515203 -8.874462 -2.158884 -0.007251 -0.112319 6.505503 7.280996 -2.147650 -4.847820 -1.416681 0.887191 0.933822 0.000000 -0.000000 -0.000001
0.000000 0.000000 0.000000 0.000000 -0.000000 0.000000 0.011018 -0.370163 55.099036 -0.460553 -0.168540 1.235676 0.886852 -0.110725 -3.841388 -0.424861 -0.353045 -6.038954 0.291466 -2.072048 10.699531 1.344427 2.374811 -0.879564 -0.249939 1.375751 -3.631125 0.436983 0.731628 -5.627064 0.000077 -0.000022 0.000006 -0.003728 -0.034953 0.044986 0.693383 -3.756789 -10.571326 -0.700730 3.690393 -10.570255 -24.488449 -3.343903 14.954075 -50.186893 -4.505219 11.154754 0.280498 -32.308880 -0.179412 -2.747457 -0.601891 -11.105048 -5.882102 9.861279 0.702590 -10.936861 -0.360574 7.156197 0.000000 8.774815 -0.000000 -16.032663 17.956627 6.163084 -1.844031 2.498503 -2.507276 -10.163590 4.678941 4.621104 -20.975996 -0.000001 0.000001 -21.226254 2.451698 -3.593995 0.000000 -0.000006 -0.000000 -1.362681 2.240797 -0.746323 -21.334892 0.584910 3.008319 -13.821196 -0.000001 0.000001 -23.887129 -0.249075 -0.839485 -60.675438 2.701162 -1.072223 -0.294025 1.679686 0.833255 -14.218195 0.093215 1.300579 -34.212002 -0.287561 0.967166 -20.033176 0.964536 1.212838 0.000000 -0.000000 0.000000 -3.440387 0.788233 0.501655 -15.928172 -3.167306 2.999703 -6.338817 -0.000000 0.000001 -18.123419 3.648181 -4.905662 -0.000004 0.000000 -0.000002 32.807133 6.902460 17.964987 41.199135 9.132172 13.149863 0.047393 27.829472 -0.083643 1.166185 -0.070932 -6.385791 2.243540 -5.255033 -3.180156 14.282877 -0.826594 6.952496 -0.000000 -12.690593 -0.000001 16.016926 -17.419903 2.550106 1.665665 -1.955920 -2.878297 4.727794 -4.170584 4.993919 11.020511 0.000001 -0.000000 12.109032 -3.735715 -2.866778 0.000000 -0.000000 0.000000 1.291985 -1.928548 -1.498088 14.800115 0.567467 3.865604 14.242553 -1.341738 -6.660648 19.631935 0.143921 -0.648243 49.542213 -0.595395 -6.326174 0.353029 -1.511150 -0.031940 20.222769 3.684305 2.316629 18.787249 0.000001 -0.000001 10.751608 -0.479870 1.397903 0.000000 -0.000000 0.000000 3.273804 0.305947 -0.580110 21.486790 11.830364 2.266131 8.162915 0.000000 -0.000000 18.399052 -3.798986 -4.940567 0.000003 0.000000 -0.000001 8.140198 15.937251 2.110947 -0.023064 -0.271542 1.935523 -9.757645 -1.277306 -3.367981 1.641537 -1.978883 0.376938 0.000000 -0.000000 0.000002 -5.505644 -8.918719 -2.236317 -0.005547 -0.116502 6.535634 7.293801 -2.150691 -4.823033 -1.418793 0.894240 0.890426 0.000000 -0.000000 -0.000001
0.000000 0.000000 0.000000 0.000000 -0.000000 0.000000 -0.011813 -0.368348 55.038708 -0.455492 -0.152922 1.267480 0.871844 -0.118168 -3.841111 -0.431580 -0.344663 -6.037798 0.283052 -2.080775 10.719113 1.369059 2.359660 -0.968595 -0.255568 1.371683 -3.628692 0.430747 0.697613 -5.624382 0.000077 -0.000022 0.000006 -0.004165 -0.035029 0.043820 0.693304 -3.757013 -10.569597 -0.701547 3.691200 -10.568331 -24.429466 -3.358775 14.931311 -50.212753 -4.554377 11.177579 0.262500 -32.269207 -0.162862 -2.734382 -0.540596 -11.041874 -5.882102 9.861279 0.702590 -10.936861 -0.360574 7.156197 0.000000 8.774815 -0.000000 -16.042341 17.970491 6.172639 -1.844031 2.498503 -2.507276 -10.163590 4.678941 4.621104 -20.975996 -0.000001 0.000001 -21.226254 2.451698 -3.593995 0.000000 -0.000006 -0.000000 -1.362681 2.240797 -0.746323 -21.334892 0.584910 3.008319 -13.821196 -0.000001 0.000001 -23.887129 -0.249075 -0.839485 -60.685642 2.710338 -1.052714 -0.294025 1.679686 0.833255 -14.218195 0.093215 1.300579 -34.212002 -0.287561 0.967166 -20.033176 0.964536 1.212838 0.000000 -0.000000 0.000000 -3.440387 0.788233 0.501655 -15.928172 -3.167306 2.999703 -6.338817 -0.000000 0.000001 -18.123419 3.648181 -4.905662 -0.000004 0.000000 -0.000002 32.770538 6.946647 17.936670 41.275028 9.159631 13.188340 0.037680 27.789909 -0.085439 1.173148 -0.052205 -6.362142 2.243540 -5.255033 -3.180156 14.282877 -0.826594 6.952496 -0.000000 -12.690593 -0.000001 15.982410 -17.413372 2.565936 1.665665 -1.955920 -2.878297 4.727794 -4.170584 4.993919 11.020511 0.000001 -0.000000 12.109032 -3.735715 -2.866778 0.000000 -0.000000 0.000000 1.291985 -1.928548 -1.498088 14.800115 0.567467 3.865604 14.242553 -1.341738 -6.660648 19.631935 0.143921 -0.648243 49.508400 -0.592986 -6.321932 0.353029 -1.511150 -0.031940 20.222769 3.684305 2.316629 18.787249 0.000001 -0.000001 10.751608 -0.479870 1.397903 0.000000 -0.000000 0.000000 3.273804 0.305947 -0.580110 21.486790 11.830364 2.266131 8.162915 0.000000 -0.000000 18.399052 -3.798986 -4.940567 0.000003 0.000000 -0.000001 8.127709 15.960030 2.015171 -0.021620 -0.269280 1.974943 -9.756371 -1.322663 -3.351954 1.641140 -1.981829 0.369121 0.000000 -0.000000 0.000002 -5.483187 -8.971366 -2.396223 -0.003288 -0.114478 6.705014 7.296643 -2.136334 -4.853847 -1.419596 0.902821 0.862244 0.000000 -0.000000 -0.000001
0.000000 0.000000 0.000000 0.000000 -0.000000 0.000000 -0.035369 -0.369103 54.978602 -0.446596 -0.148701 1.292921 0.851318 -0.120969 -3.837203 -0.435876 -0.330272 -6.032835 0.266896 -2.104469 10.723365 1.388664 2.333729 -1.042108 -0.254129 1.384385 -3.631289 0.422026 0.678257 -5.581303 0.000077 -0.000022 0.000006 -0.004876 -0.034375 0.041420 0.694944 -3.756787 -10.570522 -0.704586 3.692821 -10.568656 -24.374037 -3.364835 14.920030 -50.236187 -4.588807 11.188196 0.247338 -32.241611 -0.136617 -2.728051 -0.480493 -10.967115 -5.882102 9.861279 0.702590 -10.936861 -0.360574 7.156197 0.000000 8.774815 -0.000000 -16.042088 17.966843 6.171239 -1.844031 2.498503 -2.507276 -10.163590 4.678941 4.621104 -20.975996 -0.000001 0.000001 -21.226254 2.451698 -3.593995 0.000000 -0.000006 -0.000000 -1.362681 2.240797 -0.746323 -21.334892 0.584910 3.008319 -13.821196 -0.000001 0.000001 -23.887129 -0.249075 -0.839485 -60.688725 2.701516 -1.029964 -0.294025 1.679686 0.833255 -14.218195 0.093215 1.300579 -34.212002 -0.287561 0.967166 -20.033176 0.964536 1.212838 0.000000 -0.000000 0.000000 -3.440387 0.788233 0.501655 -15.928172 -3.167306 2.999703 -6.338817 -0.000000 0.000001 -18.123419 3.648181 -4.905662 -0.000004 0.000000 -0.000002 32.728539 6.998469 17.917631 41.364422 9.185064 13.250986 0.032936 27.754793 -0.077642 1.191372 -0.049106 -6.311037 2.243540 -5.255033 -3.180156 14.282877 -0.826594 6.952496 -0.000000 -12.690593 -0.000001 15.955489 -17.405710 2.586317 1.665665 -1.955920 -2.878297 4.727794 -4.170584 4.993919 11.020511 0.000001 -0.000000 12.109032 -3.735715 -2.866778 0.000000 -0.000000 0.000000 1.291985 -1.928548 -1.498088 14.800115 0.567467 3.865604 14.242553 -1.341738 -6.660648 19.631935 0.143921 -0.648243 49.495621 -0.599999 -6.308840 0.353029 -1.511150 -0.031940 20.222769 3.684305 2.316629 18.787249 0.000001 -0.000001 10.751608 -0.479870 1.397903 0.000000 -0.000000 0.000000 3.273804 0.305947 -0.580110 21.486790 11.830364 2.266131 8.162915 0.000000 -0.000000 18.399052 -3.798986 -4.940567 0.000003 0.000000 -0.000001 8.116684 15.986657 1.924619 -0.023171 -0.264252 2.027127 -9.762091 -1.379040 -3.346159 1.640467 -1.982253 0.366910 0.000000 -0.000000 0.000002 -5.464762 -9.029992 -2.582309 0.000095 -0.108998 6.932891 7.303093 -2.106291 -4.907218 -1.418500 0.907210 0.846342 0.000000 -0.000000 -0.000001
0.000000 0.000000 0.000000 0.000000 -0.000000 0.000000 -0.052379 -0.372262 54.919214 -0.441249 -0.152739 1.305863 0.833730 -0.122753 -3.819156 -0.435807 -0.305203 -6.026769 0.244007 -2.126844 10.713608 1.406639 2.309432 -1.092600 -0.255587 1.400232 -3.631954 0.409329 0.668305 -5.530941 0.000077 -0.000022 0.000006 -0.004132 -0.030599 0.038957 0.697954 -3.754121 -10.572707 -0.706035 3.697946 -10.568155 -24.330879 -3.377278 14.914725 -50.249687 -4.603723 11.186192 0.209082 -32.231598 -0.100338 -2.717472 -0.463226 -10.906260 -5.882102 9.861279 0.702590 -10.936861 -0.360574 7.156197 0.000000 8.774815 -0.000000 -16.035215 17.951756 6.157411 -1.844031 2.498503 -2.507276 -10.163590 4.678941 4.621104 -20.975996 -0.000001 0.000001 -21.226254 2.451698 -3.593995 0.000000 -0.000006 -0.000000 -1.362681 2.240797 -0.746323 -21.334892 0.584910 3.008319 -13.821196 -0.000001 0.000001 -23.887129 -0.249075 -0.839485 -60.676949 2.683341 -1.015044 -0.294025 1.679686 0.833255 -14.218195 0.093215 1.300579 -34.212002 -0.287561 0.967166 -20.033176 0.964536 1.212838 0.000000 -0.000000 0.000000 -3.440387 0.788233 0.501655 -15.928172 -3.167306 2.999703 -6.338817 -0.000000 0.000001 -18.123419 3.648181 -4.905662 -0.000004 0.000000 -0.000002 32.702412 7.035917 17.910509 41.430492 9.216388 13.339553 0.028275 27.730312 -0.072133 1.213420 -0.052629 -6.320762 2.243540 -5.255033 -3.180156 14.282877 -0.826594 6.952496 -0.000000 -12.690593 -0.000001 15.952380 -17.406590 2.592916 1.665665 -1.955920 -2.878297 4.727794 -4.170584 4.993919 11.020511 0.000001 -0.000000 12.109032 -3.735715 -2.866778 0.000000 -0.000000 0.000000 1.291985 -1.928548 -1.498088 14.800115 0.567467 3.865604 14.242553 -1.341738 -6.660648 19.631935 0.143921 -0.648243 49.504425 -0.609701 -6.303331 0.353029 -1.511150 -0.031940 20.222769 3.684305 2.316629 18.787249 0.000001 -0.000001 10.751608 -0.479870 1.397903 0.000000 -0.000000 0.000000 3.273804 0.305947 -0.580110 21.486790 11.830364 2.266131 8.162915 0.000000 -0.000000 18.399052 -3.798986 -4.940567 0.000003 0.000000 -0.000001 8.112576 16.022619 1.837200 -0.023476 -0.262700 2.112365 -9.774986 -1.444185 -3.363507 1.638079 -1.980620 0.358349 0.000000 -0.000000 0.000002 -5.446427 -9.086801 -2.763840 0.001057 -0.100884 7.171515 7.304556 -2.075857 -4.962435 -1.416322 0.910526 0.835194 0.000000 -0.000000 -0.000001
0.000000 0.000000 0.000000 0.000000 -0.000000 0.000000 -0.065819 -0.372635 54.850842 -0.437834 -0.180668 1.314799 0.818098 -0.119936 -3.797728 -0.433325 -0.288665 -6.022495 0.224677 -2.138631 10.694759 1.420784 2.278980 -1.121749 -0.261469 1.412588 -3.624675 0.396231 0.678508 -5.508033 0.000077 -0.000022 0.000006 -0.004158 -0.033310 0.037474 0.700103 -3.756028 -10.567811 -0.708172 3.694374 -10.560184 -24.284266 -3.401673 14.926779 -50.279594 -4.629580 11.181912 0.178827 -32.203823 -0.075874 -2.703384 -0.482928 -10.830216 -5.882102 9.861279 0.702590 -10.936861 -0.360574 7.156197 0.000000 8.774815 -0.000000 -16.018618 17.929876 6.141975 -1.844031 2.498503 -2.507276 -10.163590 4.678941 4.621104 -20.975996 -0.000001 0.000001 -21.226254 2.451698 -3.593995 0.000000 -0.000006 -0.000000 -1.362681 2.240797 -0.746323 -21.334892 0.584910 3.008319 -13.821196 -0.000001 0.000001 -23.887129 -0.249075 -0.839485 -60.660721 2.667731 -1.022161 -0.294025 1.679686 0.833255 -14.218195 0.093215 1.300579 -34.212002 -0.287561 0.967166 -20.033176 0.964536 1.212838 0.000000 -0.000000 0.000000 -3.440387 0.788233 0.501655 -15.928172 -3.167306 2.999703 -6.338817 -0.000000 0.000001 -18.123419 3.648181 -4.905662 -0.000004 0.000000 -0.000002 32.666290 7.057037 17.916191 41.498459 9.271089 13.465149 0.007134 27.710360 -0.078132 1.208457 -0.029906 -6.394227 2.243540 -5.255033 -3.180156 14.282877 -0.826594 6.952496 -0.000000 -12.690593 -0.000001 15.962147 -17.403044 2.587456 1.665665 -1.955920 -2.878297 4.727794 -4.170584 4.993919 11.020511 0.000001 -0.000000 12.109032 -3.735715 -2.866778 0.000000 -0.000000 0.000000 1.291985 -1.928548 -1.498088 14.800115 0.567467 3.865604 14.242553 -1.341738 -6.660648 19.631935 0.143921 -0.648243 49.500916 -0.620461 -6.318900 0.353029 -1.511150 -0.031940 20.222769 3.684305 2.316629 18.787249 0.000001 -0.000001 10.751608 -0.479870 1.397903 0.000000 -0.000000 0.000000 3.273804 0.305947 -0.580110 21.486790 11.830364 2.266131 8.162915 0.000000 -0.000000 18.399052 -3.798986 -4.940567 0.000003 0.000000 -0.000001 8.109007 16.062328 1.761245 -0.024847 -0.263091 2.189953 -9.788800 -1.491763 -3.372354 1.635130 -1.975609 0.361782 0.000000 -0.000000 0.000002 -5.429077 -9.149388 -2.932327 0.002673 -0.086769 7.366797 7.288820 -2.023697 -4.983280 -1.414235 0.908124 0.832762 0.000000 -0.000000 -0.000001
0.000000 0.000000 0.000000 0.000000 -0.000000 0.000000 -0.078298 -0.372773 54.779751 -0.436586 -0.210378 1.308752 0.812437 -0.123488 -3.780347 -0.427191 -0.302121 -6.019272 0.208566 -2.108605 10.678940 1.425426 2.257414 -1.126922 -0.280790 1.415078 -3.621720 0.361847 0.677365 -5.503862 0.000077 -0.000022 0.000006 -0.003769 -0.032965 0.035997 0.698432 -3.754906 -10.561021 -0.705621 3.693418 -10.552887 -24.255503 -3.422580 14.959374 -50.296745 -4.674748 11.176507 0.169426 -32.161682 -0.067419 -2.711618 -0.502802 -10.703824 -5.882102 9.861279 0.702590 -10.936861 -0.360574 7.156197 0.000000 8.774815 -0.000000 -15.994174 17.917583 6.140653 -1.844031 2.498503 -2.507276 -10.163590 4.678941 4.621104 -20.975996 -0.000001 0.000001 -21.226254 2.451698 -3.593995 0.000000 -0.000006 -0.000000 -1.362681 2.240797 -0.746323 -21.334892 0.584910 3.008319 -13.821196 -0.000001 0.000001 -23.887129 -0.249075 -0.839485 -60.660435 2.658802 -1.046755 -0.294025 1.679686 0.833255 -14.218195 0.093215 1.300579 -34.212002 -0.287561 0.967166 -20.033176 0.964536 1.212838 0.000000 -0.000000 0.000000 -3.440387 0.788233 0.501655 -15.928172 -3.167306 2.999703 -6.338817 -0.000000 0.000001 -18.123419 3.648181 -4.905662 -0.000004 0.000000 -0.000002 32.635628 7.077329 17.922626 41.566109 9.308872 13.545757 -0.010432 27.698051 -0.084919 1.171563 0.030491 -6.408871 2.243540 -5.255033 -3.180156 14.282877 -0.826594 6.952496 -0.000000 -12.690593 -0.000001 15.969996 -17.403017 2.575495 1.665665 -1.955920 -2.878297 4.727794 -4.170584 4.993919 11.020511 0.000001 -0.000000 12.109032 -3.735715 -2.866778 0.000000 -0.000000 0.000000 1.291985 -1.928548 -1.498088 14.800115 0.567467 3.865604 14.242553 -1.341738 -6.660648 19.631935 0.143921 -0.648243 49.476292 -0.633006 -6.353239 0.353029 -1.511150 -0.031940 20.222769 3.684305 2.316629 18.787249 0.000001 -0.000001 10.751608 -0.479870 1.397903 0.000000 -0.000000 0.000000 3.273804 0.305947 -0.580110 21.486790 11.830364 2.266131 8.162915 0.000000 -0.000000 18.399052 -3.798986 -4.940567 0.000003 0.000000 -0.000001 8.113241 16.109123 1.700338 -0.029004 -0.262869 2.275578 -9.785816 -1.518435 -3.383327 1.632991 -1.973012 0.385491 0.000000 -0.000000 0.000002 -5.410916 -9.182705 -3.078400 0.005109 -0.075176 7.541448 7.263551 -1.980223 -4.994156 -1.413476 0.905189 0.848791 0.000000 -0.000000 -0.000001
0.000000 0.000000 0.000000 0.000000 -0.000000 0.000000 -0.089839 -0.368714 54.714496 -0.437690 -0.240610 1.283579 0.820118 -0.117070 -3.766518 -0.425352 -0.331129 -6.014209 0.200809 -2.068189 10.663607 1.403816 2.255364 -1.108511 -0.299919 1.407267 -3.616068 0.306260 0.677389 -5.508502 0.000077 -0.000022 0.000006 -0.003782 -0.037391 0.035825 0.692385 -3.758841 -10.550467 -0.699552 3.687903 -10.542993 -24.247776 -3.441535 14.988413 -50.290436 -4.712132 11.204311 0.194317 -32.128677 -0.077406 -2.752168 -0.503290 -10.593197 -5.882102 9.861279 0.702590 -10.936861 -0.360574 7.156197 0.000000 8.774815 -0.000000 -15.959489 17.920027 6.148976 -1.844031 2.498503 -2.507276 -10.163590 4.678941 4.621104 -20.975996 -0.000001 0.000001 -21.226254 2.451698 -3.593995 0.000000 -0.000006 -0.000000 -1.362681 2.240797 -0.746323 -21.334892 0.584910 3.008319 -13.821196 -0.000001 0.000001 -23.887129 -0.249075 -0.839485 -60.672264 2.653991 -1.076202 -0.294025 1.679686 0.833255 -14.218195 0.093215 1.300579 -34.212002 -0.287561 0.967166 -20.033176 0.964536 1.212838 0.000000 -0.000000 0.000000 -3.440387 0.788233 0.501655 -15.928172 -3.167306 2.999703 -6.338817 -0.000000 0.000001 -18.123419 3.648181 -4.905662 -0.000004 0.000000 -0.000002 32.609833 7.098442 17.919846 41.614395 9.300894 13.555182 0.004709 27.726891 -0.087901 1.145010 0.090155 -6.323745 2.243540 -5.255033 -3.180156 14.282877 -0.826594 6.952496 -0.000000 -12.690593 -0.000001 15.967169 -17.404612 2.561181 1.665665 -1.955920 -2.878297 4.727794 -4.170584 4.993919 11.020511 0.000001 -0.000000 12.109032 -3.735715 -2.866778 0.000000 -0.000000 0.000000 1.291985 -1.928548 -1.498088 14.800115 0.567467 3.865604 14.242553 -1.341738 -6.660648 19.631935 0.143921 -0.648243 49.450497 -0.628806 -6.390648 0.353029 -1.511150 -0.031940 20.222769 3.684305 2.316629 18.787249 0.000001 -0.000001 10.751608 -0.479870 1.397903 0.000000 -0.000000 0.000000 3.273804 0.305947 -0.580110 21.486790 11.830364 2.266131 8.162915 0.000000 -0.000000 18.399052 -3.798986 -4.940567 0.000003 0.000000 -0.000001 8.125377 16.189428 1.691329 -0.033069 -0.264311 2.304074 -9.751543 -1.561218 -3.355719 1.630845 -1.969344 0.405624 0.000000 -0.000000 0.000002 -5.393735 -9.204450 -3.141307 0.005071 -0.060705 7.602496 7.228971 -1.969304 -4.963266 -1.414149 0.905232 0.873729 0.000000 -0.000000 -0.000001
0.000000 0.000000 0.000000 0.000000 -0.000000 0.000000 -0.091490 -0.363511 54.684650 -0.440270 -0.260807 1.247237 0.842131 -0.107478 -3.759607 -0.426326 -0.350366 -6.015159 0.194953 -2.023977 10.659101 1.364263 2.274480 -1.061140 -0.315620 1.384234 -3.607125 0.252224 0.676819 -5.510681 0.000077 -0.000022 0.000006 -0.003882 -0.044511 0.039230 0.684166 -3.766053 -10.538952 -0.691601 3.680571 -10.531561 -24.258448 -3.462008 14.994916 -50.251678 -4.715930 11.243219 0.222166 -32.129498 -0.102599 -2.810170 -0.501662 -10.526073 -5.882102 9.861279 0.702590 -10.936861 -0.360574 7.156197 0.000000 8.774815 -0.000000 -15.923163 17.935415 6.165536 -1.844031 2.498503 -2.507276 -10.163590 4.678941 4.621104 -20.975996 -0.000001 0.000001 -21.226254 2.451698 -3.593995 0.000000 -0.000006 -0.000000 -1.362681 2.240797 -0.746323 -21.334892 0.584910 3.008319 -13.821196 -0.000001 0.000001 -23.887129 -0.249075 -0.839485 -60.689236 2.659572 -1.104106 -0.294025 1.679686 0.833255 -14.218195 0.093215 1.300579 -34.212002 -0.287561 0.967166 -20.033176 0.964536 1.212838 0.000000 -0.000000 0.000000 -3.440387 0.788233 0.501655 -15.928172 -3.167306 2.999703 -6.338817 -0.000000 0.000001 -18.123419 3.648181 -4.905662 -0.000004 0.000000 -0.000002 32.579578 7.110514 17.917078 41.647079 9.276607 13.505867 0.048001 27.747215 -0.085869 1.112639 0.146017 -6.160088 2.243540 -5.255033 -3.180156 14.282877 -0.826594 6.952496 -0.000000 -12.690593 -0.000001 15.964427 -17.413109 2.552023 1.665665 -1.955920 -2.878297 4.727794 -4.170584 4.993919 11.020511 0.000001 -0.000000 12.109032 -3.735715 -2.866778 0.000000 -0.000000 0.000000 1.291985 -1.928548 -1.498088 14.800115 0.567467 3.865604 14.242553 -1.341738 -6.660648 19.631935 0.143921 -0.648243 49.449062 -0.612294 -6.418989 0.353029 -1.511150 -0.031940 20.222769 3.684305 2.316629 18.787249 0.000001 -0.000001 10.751608 -0.479870 1.397903 0.000000 -0.000000 0.000000 3.273804 0.305947 -0.580110 21.486790 11.830364 2.266131 8.162915 0.000000 -0.000000 18.399052 -3.798986 -4.940567 0.000003 0.000000 -0.000001 8.139990 16.269842 1.735477 -0.036119 -0.266526 2.278224 -9.709624 -1.587698 -3.313463 1.628549 -1.969597 0.400220 0.000000 -0.000000 0.000002 -5.391056 -9.241904 -3.102446 0.005203 -0.051620 7.545528 7.204833 -1.946229 -4.907736 -1.416510 0.903728 0.891427 0.000000 -0.000000 -0.000001
0.000000 0.000000 0.000000 0.000000 -0.000000 0.000000 -0.083244 -0.358994 54.681660 -0.436946 -0.259091 1.211931 0.866057 -0.102769 -3.762075 -0.431557 -0.352536 -6.017299 0.191300 -1.987438 10.657595 1.319655 2.321141 -0.985902 -0.330040 1.331136 -3.602252 0.193828 0.666429 -5.488584 0.000077 -0.000022 0.000006 -0.004383 -0.053815 0.042789 0.675665 -3.775916 -10.530924 -0.684252 3.672047 -10.526237 -24.293844 -3.475405 14.974236 -50.188129 -4.701173 11.311029 0.270855 -32.104683 -0.160978 -2.870596 -0.531981 -10.540742 -5.882102 9.861279 0.702590 -10.936861 -0.360574 7.156197 0.000000 8.774815 -0.000000 -15.905195 17.967104 6.189229 -1.844031 2.498503 -2.507276 -10.163590 4.678941 4.621104 -20.975996 -0.000001 0.000001 -21.226254 2.451698 -3.593995 0.000000 -0.000006 -0.000000 -1.362681 2.240797 -0.746323 -21.334892 0.584910 3.008319 -13.821196 -0.000001 0.000001 -23.887129 -0.249075 -0.839485 -60.726856 2.696190 -1.130589 -0.294025 1.679686 0.833255 -14.218195 0.093215 1.300579 -34.212002 -0.287561 0.967166 -20.033176 0.964536 1.212838 0.000000 -0.000000 0.000000 -3.440387 0.788233 0.501655 -15.928172 -3.167306 2.999703 -6.338817 -0.000000 0.000001 -18.123419 3.648181 -4.905662 -0.000004 0.000000 -0.000002 32.554077 7.123302 17.936302 41.652565 9.247402 13.446257 0.086764 27.748178 -0.080111 1.079157 0.180464 -5.960214 2.243540 -5.255033 -3.180156 14.282877 -0.826594 6.952496 -0.000000 -12.690593 -0.000001 15.971292 -17.421179 2.539257 1.665665 -1.955920 -2.878297 4.727794 -4.170584 4.993919 11.020511 0.000001 -0.000000 12.109032 -3.735715 -2.866778 0.000000 -0.000000 0.000000 1.291985 -1.928548 -1.498088 14.800115 0.567467 3.865604 14.242553 -1.341738 -6.660648 19.631935 0.143921 -0.648243 49.479553 -0.586169 -6.435859 0.353029 -1.511150 -0.031940 20.222769 3.684305 2.316629 18.787249 0.000001 -0.000001 10.751608 -0.479870 1.397903 0.000000 -0.000000 0.000000 3.273804 0.305947 -0.580110 21.486790 11.830364 2.266131 8.162915 0.000000 -0.000000 18.399052 -3.798986 -4.940567 0.000003 0.000000 -0.000001 8.142406 16.329897 1.804676 -0.034176 -0.266887 2.216063 -9.703085 -1.598825 -3.265270 1.630581 -1.974943 0.328288 0.000000 -0.000000 0.000002 -5.409955 -9.301658 -3.009060 0.006787 -0.049509 7.435461 7.209185 -1.883452 -4.852919 -1.420142 0.896563 0.904819 0.000000 -0.000000 -0.000001
0.000000 0.000000 0.000000 0.000000 -0.000000 0.000000 -0.076694 -0.359726 54.712025 -0.424246 -0.189768 1.176594 0.885403 -0.104714 -3.779137 -0.437829 -0.349110 -6.012854 0.183254 -1.966080 10.655098 1.256478 2.366107 -0.904220 -0.329970 1.302721 -3.608712 0.129011 0.602050 -5.403030 0.000077 -0.000022 0.000006 -0.004864 -0.058825 0.043364 0.668923 -3.781291 -10.517540 -0.678618 3.667828 -10.517454 -24.373638 -3.469230 14.951945 -50.104694 -4.672757 11.328949 0.331399 -32.073040 -0.212603 -2.899072 -0.542189 -10.588078 -5.882102 9.861279 0.702590 -10.936861 -0.360574 7.156197 0.000000 8.774815 -0.000000 -15.925308 18.026020 6.217137 -1.844031 2.498503 -2.507276 -10.163590 4.678941 4.621104 -20.975996 -0.000001 0.000001 -21.226254 2.451698 -3.593995 0.000000 -0.000006 -0.000000 -1.362681 2.240797 -0.746323 -21.334892 0.584910 3.008319 -13.821196 -0.000001 0.000001 -23.887129 -0.249075 -0.839485 -60.797276 2.734010 -1.152206 -0.294025 1.679686 0.833255 -14.218195 0.093215 1.300579 -34.212002 -0.287561 0.967166 -20.033176 0.964536 1.212838 0.000000 -0.000000 0.000000 -3.440387 0.788233 0.501655 -15.928172 -3.167306 2.999703 -6.338817 -0.000000 0.000001 -18.123419 3.648181 -4.905662 -0.000004 0.000000 -0.000002 32.559155 7.117440 17.968235 41.632195 9.211944 13.474626 0.059510 27.758602 -0.077284 1.052293 0.153041 -5.897123 2.243540 -5.255033 -3.180156 14.282877 -0.826594 6.952496 -0.000000 -12.690593 -0.000001 15.968127 -17.438791 2.530864 1.665665 -1.955920 -2.878297 4.727794 -4.170584 4.993919 11.020511 0.000001 -0.000000 12.109032 -3.735715 -2.866778 0.000000 -0.000000 0.000000 1.291985 -1.928548 -1.498088 14.800115 0.567467 3.865604 14.242553 -1.341738 -6.660648 19.631935 0.143921 -0.648243 49.516434 -0.572752 -6.432880 0.353029 -1.511150 -0.031940 20.222769 3.684305 2.316629 18.787249 0.000001 -0.000001 10.751608 -0.479870 1.397903 0.000000 -0.000000 0.000000 3.273804 0.305947 -0.580110 21.486790 11.830364 2.266131 8.162915 0.000000 -0.000000 18.399052 -3.798986 -4.940567 0.000003 0.000000 -0.000001 8.129591 16.356045 1.871474 -0.025866 -0.256150 2.155994 -9.730198 -1.619232 -3.234829 1.637712 -1.975757 0.200115 0.000000 -0.000000 0.000002 -5.443985 -9.368015 -2.895174 0.008066 -0.049412 7.360943 7.213129 -1.836723 -4.851843 -1.423443 0.892753 0.870053 0.000000 -0.000000 -0.000001
0.000000 0.000000 0.000000 0.000000 -0.000000 0.000000 -0.087912 -0.368981 54.752029 -0.410727 -0.051858 1.163626 0.909543 -0.110564 -3.827133 -0.445832 -0.341714 -6.008667 0.172673 -1.981557 10.657870 1.172816 2.355551 -0.837120 -0.300704 1.317165 -3.619650 0.028889 0.480056 -5.248061 0.000077 -0.000022 0.000006 -0.004536 -0.047919 0.045139 0.659304 -3.771464 -10.500063 -0.668372 3.679554 -10.504580 -24.500040 -3.442949 14.944242 -49.981457 -4.608098 11.213183 0.314043 -32.104961 -0.203724 -2.845680 -0.523160 -10.728811 -5.882102 9.861279 0.702590 -10.936861 -0.360574 7.156197 0.000000 8.774815 -0.000000 -15.979839 18.110428 6.228598 -1.844031 2.498503 -2.507276 -10.163590 4.678941 4.621104 -20.975996 -0.000001 0.000001 -21.226254 2.451698 -3.593995 0.000000 -0.000006 -0.000000 -1.362681 2.240797 -0.746323 -21.334892 0.584910 3.008319 -13.821196 -0.000001 0.000001 -23.887129 -0.249075 -0.839485 -60.862888 2.745380 -1.186805 -0.294025 1.679686 0.833255 -14.218195 0.093215 1.300579 -34.212002 -0.287561 0.967166 -20.033176 0.964536 1.212838 0.000000 -0.000000 0.000000 -3.440387 0.788233 0.501655 -15.928172 -3.167306 2.999703 -6.338817 -0.000000 0.000001 -18.123419 3.648181 -4.905662 -0.000004 0.000000 -0.000002 32.627377 7.068046 18.026358 41.537354 9.168009 13.433959 0.020495 27.799980 -0.064435 1.095468 0.102820 -5.909622 2.243540 -5.255033 -3.180156 14.282877 -0.826594 6.952496 -0.000000 -12.690593 -0.000001 15.973377 -17.500406 2.562083 1.665665 -1.955920 -2.878297 4.727794 -4.170584 4.993919 11.020511 0.000001 -0.000000 12.109032 -3.735715 -2.866778 0.000000 -0.000000 0.000000 1.291985 -1.928548 -1.498088 14.800115 0.567467 3.865604 14.242553 -1.341738 -6.660648 19.631935 0.143921 -0.648243 49.595062 -0.601285 -6.391507 0.353029 -1.511150 -0.031940 20.222769 3.684305 2.316629 18.787249 0.000001 -0.000001 10.751608 -0.479870 1.397903 0.000000 -0.000000 0.000000 3.273804 0.305947 -0.580110 21.486790 11.830364 2.266131 8.162915 0.000000 -0.000000 18.399052 -3.798986 -4.940567 0.000003 0.000000 -0.000001 8.117525 16.337549 1.865676 -0.017315 -0.217606 2.181195 -9.780389 -1.627259 -3.262252 1.642639 -1.974455 0.113685 0.000000 -0.000000 0.000002 -5.467630 -9.452256 -2.863687 0.012783 -0.044937 7.443725 7.188532 -1.850564 -4.939911 -1.422766 0.896634 0.763911 0.000000 -0.000000 -0.000001
