HIERARCHY
ROOT Root
{
  OFFSET 0.000000 0.000000 0.000000
  CHANNELS 6 Xposition Yposition Zposition Zrotation Yrotation Xrotation
  JOINT Hips
  {
    OFFSET 0.000000 100.000000 0.000000
    CHANNELS 6 Xposition Yposition Zposition Zrotation Yrotation Xrotation
    JOINT Spine1
    {
      OFFSET -0.013727 5.003763 -0.053727
      CHANNELS 3 Zrotation Yrotation Xrotation
      JOINT Spine2
      {
        OFFSET -0.000000 7.125301 -0.029825
        CHANNELS 3 Zrotation Yrotation Xrotation
        JOINT Chest
        {
          OFFSET -0.000001 7.550063 -0.815971
          CHANNELS 3 Zrotation Yrotation Xrotation
          JOINT Neck1
          {
            OFFSET -0.181677 26.311295 -0.553348
            CHANNELS 3 Zrotation Yrotation Xrotation
            JOINT Neck2
            {
              OFFSET -0.000003 7.709397 2.302585
              CHANNELS 3 Zrotation Yrotation Xrotation
              JOINT Head
              {
                OFFSET -0.000005 6.128916 1.953709
                CHANNELS 3 Zrotation Yrotation Xrotation
                JOINT HeadEnd
                {
                  OFFSET 0.003598 16.065403 -1.835379
                  CHANNELS 3 Zrotation Yrotation Xrotation
                }
                JOINT Jaw
                {
                  OFFSET 0.002637 0.475592 3.094941
                  CHANNELS 3 Zrotation Yrotation Xrotation
                }
                JOINT LeftEye
                {
                  OFFSET 3.206381 5.380205 7.586883
                  CHANNELS 3 Zrotation Yrotation Xrotation
                }
                JOINT RightEye
                {
                  OFFSET -3.222440 5.361869 7.558234
                  CHANNELS 3 Zrotation Yrotation Xrotation
                }
              }
            }
          }
          JOINT LeftShoulder
          {
            OFFSET 1.621652 23.237164 5.113413
            CHANNELS 3 Zrotation Yrotation Xrotation
            JOINT LeftArm
            {
              OFFSET 14.919846 0.000002 -5.502326
              CHANNELS 3 Zrotation Yrotation Xrotation
              JOINT LeftForeArm
              {
                OFFSET 28.739307 0.000000 -0.002588
                CHANNELS 3 Zrotation Yrotation Xrotation
                JOINT LeftHand
                {
                  OFFSET 27.093981 -0.000001 0.002609
                  CHANNELS 3 Zrotation Yrotation Xrotation
                  JOINT LeftHandThumb1
                  {
                    OFFSET 2.276482 -1.392045 3.191413
                    CHANNELS 3 Zrotation Yrotation Xrotation
                    JOINT LeftHandThumb2
                    {
                      OFFSET 4.012836 -1.828127 1.641654
                      CHANNELS 3 Zrotation Yrotation Xrotation
                      JOINT LeftHandThumb3
                      {
                        OFFSET 2.798515 0.000000 -0.000003
                        CHANNELS 3 Zrotation Yrotation Xrotation
                        JOINT LeftHandThumbEnd
                        {
                          OFFSET 3.180793 -0.000004 0.000004
                          CHANNELS 3 Zrotation Yrotation Xrotation
                        }
                      }
                    }
                  }
                  JOINT LeftHandIndex1
                  {
                    OFFSET 3.247555 -0.531998 2.296169
                    CHANNELS 3 Zrotation Yrotation Xrotation
                    JOINT LeftHandIndex2
                    {
                      OFFSET 6.364578 0.012060 0.178600
                      CHANNELS 3 Zrotation Yrotation Xrotation
                      JOINT LeftHandIndex3
                      {
                        OFFSET 3.662364 0.000000 0.000000
                        CHANNELS 3 Zrotation Yrotation Xrotation
                        JOINT LeftHandIndex4
                        {
                          OFFSET 2.329242 0.000004 0.000004
                          CHANNELS 3 Zrotation Yrotation Xrotation
                          JOINT LeftHandIndexEnd
                          {
                            OFFSET 2.759615 -0.180537 -0.113024
                            CHANNELS 3 Zrotation Yrotation Xrotation
                          }
                        }
                      }
                    }
                  }
                  JOINT LeftHandMiddle1
                  {
                    OFFSET 3.163495 0.240981 1.000332
                    CHANNELS 3 Zrotation Yrotation Xrotation
                    JOINT LeftHandMiddle2
                    {
                      OFFSET 6.190780 -0.259278 -1.002548
                      CHANNELS 3 Zrotation Yrotation Xrotation
                      JOINT LeftHandMiddle3
                      {
                        OFFSET 4.356520 -0.000004 -0.000001
                        CHANNELS 3 Zrotation Yrotation Xrotation
                        JOINT LeftHandMiddle4
                        {
                          OFFSET 2.996877 -0.000008 0.000000
                          CHANNELS 3 Zrotation Yrotation Xrotation
                          JOINT LeftHandMiddleEnd
                          {
                            OFFSET 2.304287 -0.294569 -0.031741
                            CHANNELS 3 Zrotation Yrotation Xrotation
                          }
                        }
                      }
                    }
                  }
                  JOINT LeftHandRing1
                  {
                    OFFSET 2.882643 -0.053652 -0.322543
                    CHANNELS 3 Zrotation Yrotation Xrotation
                    JOINT LeftHandRing2
                    {
                      OFFSET 5.854541 -0.486202 -1.373841
                      CHANNELS 3 Zrotation Yrotation Xrotation
                      JOINT LeftHandRing3
                      {
                        OFFSET 4.350578 0.000000 0.000003
                        CHANNELS 3 Zrotation Yrotation Xrotation
                        JOINT LeftHandRing4
                        {
                          OFFSET 2.651321 0.000007 0.000002
                          CHANNELS 3 Zrotation Yrotation Xrotation
                          JOINT LeftHandRingEnd
                          {
                            OFFSET 1.936105 0.077687 -0.000071
                            CHANNELS 3 Zrotation Yrotation Xrotation
                          }
                        }
                      }
                    }
                  }
                  JOINT LeftHandPinky1
                  {
                    OFFSET 2.865500 -0.310005 -1.600378
                    CHANNELS 3 Zrotation Yrotation Xrotation
                    JOINT LeftHandPinky2
                    {
                      OFFSET 5.087849 -1.331141 -1.771230
                      CHANNELS 3 Zrotation Yrotation Xrotation
                      JOINT LeftHandPinky3
                      {
                        OFFSET 3.070974 0.000004 0.000000
                        CHANNELS 3 Zrotation Yrotation Xrotation
                        JOINT LeftHandPinky4
                        {
                          OFFSET 1.549672 0.000000 0.000001
                          CHANNELS 3 Zrotation Yrotation Xrotation
                          JOINT LeftHandPinkyEnd
                          {
                            OFFSET 1.944893 -0.157802 0.057219
                            CHANNELS 3 Zrotation Yrotation Xrotation
                          }
                        }
                      }
                    }
                  }
                }
              }
            }
          }
          JOINT RightShoulder
          {
            OFFSET -1.380118 23.180309 5.214158
            CHANNELS 3 Zrotation Yrotation Xrotation
            JOINT RightArm
            {
              OFFSET -15.037196 0.000012 -5.545604
              CHANNELS 3 Zrotation Yrotation Xrotation
              JOINT RightForeArm
              {
                OFFSET -28.736639 0.000002 -0.002597
                CHANNELS 3 Zrotation Yrotation Xrotation
                JOINT RightHand
                {
                  OFFSET -27.133619 -0.000000 0.002613
                  CHANNELS 3 Zrotation Yrotation Xrotation
                  JOINT RightHandThumb1
                  {
                    OFFSET -2.274032 -1.383988 3.163127
                    CHANNELS 3 Zrotation Yrotation Xrotation
                    JOINT RightHandThumb2
                    {
                      OFFSET -4.011429 -1.827466 1.640914
                      CHANNELS 3 Zrotation Yrotation Xrotation
                      JOINT RightHandThumb3
                      {
                        OFFSET -2.794935 -0.000004 -0.000003
                        CHANNELS 3 Zrotation Yrotation Xrotation
                        JOINT RightHandThumbEnd
                        {
                          OFFSET -3.183852 0.000004 0.000001
                          CHANNELS 3 Zrotation Yrotation Xrotation
                        }
                      }
                    }
                  }
                  JOINT RightHandIndex1
                  {
                    OFFSET -3.253266 -0.520057 2.282866
                    CHANNELS 3 Zrotation Yrotation Xrotation
                    JOINT RightHandIndex2
                    {
                      OFFSET -6.341917 0.012471 0.178266
                      CHANNELS 3 Zrotation Yrotation Xrotation
                      JOINT RightHandIndex3
                      {
                        OFFSET -3.654871 -0.000008 -0.000000
                        CHANNELS 3 Zrotation Yrotation Xrotation
                        JOINT RightHandIndex4
                        {
                          OFFSET -2.327586 0.000000 0.000001
                          CHANNELS 3 Zrotation Yrotation Xrotation
                          JOINT RightHandIndexEnd
                          {
                            OFFSET -2.761790 -0.180656 -0.113078
                            CHANNELS 3 Zrotation Yrotation Xrotation
                          }
                        }
                      }
                    }
                  }
                  JOINT RightHandMiddle1
                  {
                    OFFSET -3.168106 0.246593 1.001030
                    CHANNELS 3 Zrotation Yrotation Xrotation
                    JOINT RightHandMiddle2
                    {
                      OFFSET -6.180828 -0.258836 -1.000895
                      CHANNELS 3 Zrotation Yrotation Xrotation
                      JOINT RightHandMiddle3
                      {
                        OFFSET -4.348901 0.000000 -0.000000
                        CHANNELS 3 Zrotation Yrotation Xrotation
                        JOINT RightHandMiddle4
                        {
                          OFFSET -3.000240 -0.000004 -0.000002
                          CHANNELS 3 Zrotation Yrotation Xrotation
                          JOINT RightHandMiddleEnd
                          {
                            OFFSET -2.302520 -0.294370 -0.031706
                            CHANNELS 3 Zrotation Yrotation Xrotation
                          }
                        }
                      }
                    }
                  }
                  JOINT RightHandRing1
                  {
                    OFFSET -2.885690 -0.067952 -0.308858
                    CHANNELS 3 Zrotation Yrotation Xrotation
                    JOINT RightHandRing2
                    {
                      OFFSET -5.854198 -0.486130 -1.373731
                      CHANNELS 3 Zrotation Yrotation Xrotation
                      JOINT RightHandRing3
                      {
                        OFFSET -4.338810 -0.000004 -0.000000
                        CHANNELS 3 Zrotation Yrotation Xrotation
                        JOINT RightHandRing4
                        {
                          OFFSET -2.654903 -0.000004 0.000004
                          CHANNELS 3 Zrotation Yrotation Xrotation
                          JOINT RightHandRingEnd
                          {
                            OFFSET -1.933568 0.077527 -0.000052
                            CHANNELS 3 Zrotation Yrotation Xrotation
                          }
                        }
                      }
                    }
                  }
                  JOINT RightHandPinky1
                  {
                    OFFSET -2.866425 -0.342796 -1.584145
                    CHANNELS 3 Zrotation Yrotation Xrotation
                    JOINT RightHandPinky2
                    {
                      OFFSET -5.091371 -1.332055 -1.772385
                      CHANNELS 3 Zrotation Yrotation Xrotation
                      JOINT RightHandPinky3
                      {
                        OFFSET -3.062664 -0.000004 0.000001
                        CHANNELS 3 Zrotation Yrotation Xrotation
                        JOINT RightHandPinky4
                        {
                          OFFSET -1.546529 0.000004 -0.000002
                          CHANNELS 3 Zrotation Yrotation Xrotation
                          JOINT RightHandPinkyEnd
                          {
                            OFFSET -1.945119 -0.157718 0.057211
                            CHANNELS 3 Zrotation Yrotation Xrotation
                          }
                        }
                      }
                    }
                  }
                }
              }
            }
          }
        }
      }
    }
    JOINT LeftLeg
    {
      OFFSET 10.043214 -8.434526 2.595655
      CHANNELS 3 Zrotation Yrotation Xrotation
      JOINT LeftShin
      {
        OFFSET -0.000001 -43.221752 -0.802913
        CHANNELS 3 Zrotation Yrotation Xrotation
        JOINT LeftFoot
        {
          OFFSET 0.000001 -42.155094 -3.481523
          CHANNELS 3 Zrotation Yrotation Xrotation
          JOINT LeftToeBase
          {
            OFFSET 0.000000 -5.059472 13.231529
            CHANNELS 3 Zrotation Yrotation Xrotation
            JOINT LeftToeEnd
            {
              OFFSET -0.009607 -1.647619 6.513017
              CHANNELS 3 Zrotation Yrotation Xrotation
            }
          }
        }
      }
    }
    JOINT RightLeg
    {
      OFFSET -10.047278 -8.295260 2.620317
      CHANNELS 3 Zrotation Yrotation Xrotation
      JOINT RightShin
      {
        OFFSET 0.000001 -43.362206 -0.805556
        CHANNELS 3 Zrotation Yrotation Xrotation
        JOINT RightFoot
        {
          OFFSET 0.000002 -42.117393 -3.478398
          CHANNELS 3 Zrotation Yrotation Xrotation
          JOINT RightToeBase
          {
            OFFSET -0.000000 -5.079609 13.284196
            CHANNELS 3 Zrotation Yrotation Xrotation
            JOINT RightToeEnd
            {
              OFFSET 0.009532 -1.634378 6.460591
              CHANNELS 3 Zrotation Yrotation Xrotation
            }
          }
        }
      }
    }
  }
}
MOTION
Frames: 150
Frame Time: 0.03333333
0.000000 0.000000 0.000000 0.000000 -0.000000 0.000000 0.291656 -0.189655 5.665901 0.161528 0.079713 3.220416 0.109447 -0.138223 -6.442665 -0.453016 0.117440 -7.025941 -0.845856 -2.193923 15.726895 -0.293725 3.036088 10.764217 -0.705396 0.139485 -3.155056 1.980896 -1.801383 14.717216 0.000077 -0.000022 0.000006 0.001981 -0.000760 -0.149104 0.938145 -3.713971 -10.419406 -0.934104 3.715758 -10.462963 -25.507233 -4.733120 13.432400 -49.104546 -7.944277 33.272446 0.404901 -30.597090 0.008952 8.969252 0.473406 -3.010077 -5.882102 9.861279 0.702590 -10.936861 -0.360574 7.156197 0.000000 8.774815 -0.000000 -16.245050 18.610939 6.246716 -1.844031 2.498503 -2.507276 -10.163590 4.678941 4.621104 -20.975996 -0.000001 0.000001 -21.226254 2.451698 -3.593995 0.000000 -0.000006 -0.000000 -1.362681 2.240797 -0.746323 -21.334892 0.584910 3.008319 -13.821196 -0.000001 0.000001 -23.887129 -0.249075 -0.839485 -61.051727 2.582840 -1.097992 -0.294025 1.679686 0.833255 -14.218195 0.093215 1.300579 -34.212002 -0.287561 0.967166 -20.033176 0.964536 1.212838 0.000000 -0.000000 0.000000 -3.440387 0.788233 0.501655 -15.928172 -3.167306 2.999703 -6.338817 -0.000000 0.000001 -18.123419 3.648181 -4.905662 -0.000004 0.000000 -0.000002 22.909283 9.008628 14.703458 53.985538 6.795795 34.118153 -0.428242 28.905495 0.027435 -10.050880 2.156391 -3.914079 2.243540 -5.255033 -3.180156 14.282877 -0.826594 6.952496 -0.000000 -12.690593 -0.000001 16.119230 -17.917076 2.494871 1.665665 -1.955920 -2.878297 4.727794 -4.170584 4.993919 11.020511 0.000001 -0.000000 12.109032 -3.735715 -2.866778 0.000000 -0.000000 0.000000 1.291985 -1.928548 -1.498088 14.800115 0.567467 3.865604 14.242553 -1.341738 -6.660648 19.631935 0.143921 -0.648243 49.820934 -0.661453 -6.620645 0.353029 -1.511150 -0.031940 20.222769 3.684305 2.316629 18.787249 0.000001 -0.000001 10.751608 -0.479870 1.397903 0.000000 -0.000000 0.000000 3.273804 0.305947 -0.580110 21.486790 11.830364 2.266131 8.162915 0.000000 -0.000000 18.399052 -3.798986 -4.940567 0.000003 0.000000 -0.000001 3.920042 8.113473 -7.191955 0.063929 -0.002978 10.231706 -4.801790 0.592369 -5.743538 1.643647 -1.937577 -0.746554 0.000000 -0.000000 0.000002 -3.495520 -18.948629 -4.166641 -0.004667 -0.218035 8.934174 5.699759 -8.963720 -6.965201 -1.435996 0.941376 -0.751733 0.000000 -0.000000 -0.000001
0.000000 0.000000 0.000000 0.000000 -0.000000 0.000000 0.309322 -0.171955 5.674727 0.200587 0.215686 3.274337 0.059473 -0.132002 -6.378295 -0.445806 0.123545 -7.018679 -0.835885 -2.296990 15.796769 -0.301098 3.084331 13.039361 -0.551996 0.205144 -3.185170 2.137963 -1.753694 15.035997 0.000077 -0.000022 0.000006 -0.023229 0.031302 -0.138391 0.870768 -3.720758 -10.514128 -0.916677 3.785120 -10.564301 -25.338593 -4.511993 13.607845 -49.207066 -8.229426 33.178780 0.281974 -30.736565 -0.010313 9.033072 0.415777 -2.837678 -5.882102 9.861279 0.702590 -10.936861 -0.360574 7.156197 0.000000 8.774815 -0.000000 -16.225832 18.565729 6.221930 -1.844031 2.498503 -2.507276 -10.163590 4.678941 4.621104 -20.975996 -0.000001 0.000001 -21.226254 2.451698 -3.593995 0.000000 -0.000006 -0.000000 -1.362681 2.240797 -0.746323 -21.334892 0.584910 3.008319 -13.821196 -0.000001 0.000001 -23.887129 -0.249075 -0.839485 -60.916729 2.622500 -1.076077 -0.294025 1.679686 0.833255 -14.218195 0.093215 1.300579 -34.212002 -0.287561 0.967166 -20.033176 0.964536 1.212838 0.000000 -0.000000 0.000000 -3.440387 0.788233 0.501655 -15.928172 -3.167306 2.999703 -6.338817 -0.000000 0.000001 -18.123419 3.648181 -4.905662 -0.000004 0.000000 -0.000002 22.722406 8.642569 14.769991 54.169128 7.116024 34.067093 -0.438255 28.976303 0.023163 -10.221732 2.213753 -3.798261 2.243540 -5.255033 -3.180156 14.282877 -0.826594 6.952496 -0.000000 -12.690593 -0.000001 16.094614 -17.872793 2.457683 1.665665 -1.955920 -2.878297 4.727794 -4.170584 4.993919 11.020511 0.000001 -0.000000 12.109032 -3.735715 -2.866778 0.000000 -0.000000 0.000000 1.291985 -1.928548 -1.498088 14.800115 0.567467 3.865604 14.242553 -1.341738 -6.660648 19.631935 0.143921 -0.648243 49.864212 -0.688957 -6.614689 0.353029 -1.511150 -0.031940 20.222769 3.684305 2.316629 18.787249 0.000001 -0.000001 10.751608 -0.479870 1.397903 0.000000 -0.000000 0.000000 3.273804 0.305947 -0.580110 21.486790 11.830364 2.266131 8.162915 0.000000 -0.000000 18.399052 -3.798986 -4.940567 0.000003 0.000000 -0.000001 3.856372 7.836741 -7.154085 0.049776 -0.027066 9.997723 -4.845051 0.792060 -5.638991 1.645828 -1.947594 -0.656674 0.000000 -0.000000 0.000002 -3.524292 -18.773544 -4.102118 -0.003665 -0.234354 8.728848 5.680519 -9.130583 -6.905886 -1.438188 0.954011 -0.719598 0.000000 -0.000000 -0.000001
0.000000 0.000000 0.000000 0.000000 -0.000000 0.000000 0.318408 -0.160679 5.678715 0.242603 0.357081 3.320972 0.017161 -0.133111 -6.307669 -0.446801 0.088138 -7.023896 -0.810023 -2.353008 15.965492 -0.249956 3.081913 15.519601 -0.402092 0.320452 -3.250576 2.353676 -1.680737 15.443201 0.000077 -0.000022 0.000006 -0.041912 0.051469 -0.129465 0.817019 -3.747069 -10.657361 -0.899625 3.850276 -10.704453 -25.138161 -4.231568 13.798391 -49.280266 -8.589091 33.256523 0.183281 -30.967886 -0.020624 9.131350 0.419564 -2.899082 -5.882102 9.861279 0.702590 -10.936861 -0.360574 7.156197 0.000000 8.774815 -0.000000 -16.221998 18.617235 6.217019 -1.844031 2.498503 -2.507276 -10.163590 4.678941 4.621104 -20.975996 -0.000001 0.000001 -21.226254 2.451698 -3.593995 0.000000 -0.000006 -0.000000 -1.362681 2.240797 -0.746323 -21.334892 0.584910 3.008319 -13.821196 -0.000001 0.000001 -23.887129 -0.249075 -0.839485 -60.835941 2.718437 -1.162277 -0.294025 1.679686 0.833255 -14.218195 0.093215 1.300579 -34.212002 -0.287561 0.967166 -20.033176 0.964536 1.212838 0.000000 -0.000000 0.000000 -3.440387 0.788233 0.501655 -15.928172 -3.167306 2.999703 -6.338817 -0.000000 0.000001 -18.123419 3.648181 -4.905662 -0.000004 0.000000 -0.000002 22.512062 8.293681 14.768064 54.356743 7.406040 34.001202 -0.429968 29.120161 0.004848 -10.444504 2.187035 -3.885567 2.243540 -5.255033 -3.180156 14.282877 -0.826594 6.952496 -0.000000 -12.690593 -0.000001 16.091467 -17.821892 2.431523 1.665665 -1.955920 -2.878297 4.727794 -4.170584 4.993919 11.020511 0.000001 -0.000000 12.109032 -3.735715 -2.866778 0.000000 -0.000000 0.000000 1.291985 -1.928548 -1.498088 14.800115 0.567467 3.865604 14.242553 -1.341738 -6.660648 19.631935 0.143921 -0.648243 49.838490 -0.720184 -6.640078 0.353029 -1.511150 -0.031940 20.222769 3.684305 2.316629 18.787249 0.000001 -0.000001 10.751608 -0.479870 1.397903 0.000000 -0.000000 0.000000 3.273804 0.305947 -0.580110 21.486790 11.830364 2.266131 8.162915 0.000000 -0.000000 18.399052 -3.798986 -4.940567 0.000003 0.000000 -0.000001 3.786146 7.534447 -7.144337 0.053805 -0.034483 9.829654 -4.826175 0.998484 -5.562833 1.648586 -1.943313 -0.573798 0.000000 -0.000000 0.000002 -3.558479 -18.687616 -4.078068 -0.007540 -0.234294 8.625769 5.691123 -9.269185 -6.889433 -1.436880 0.978557 -0.659871 0.000000 -0.000000 -0.000001
0.000000 0.000000 0.000000 0.000000 -0.000000 0.000000 0.317616 -0.148899 5.656443 0.274819 0.469758 3.385315 -0.017436 -0.130007 -6.198368 -0.444035 0.034443 -7.024883 -0.773204 -2.371929 16.187061 -0.206241 3.036070 17.920126 -0.260395 0.485038 -3.310357 2.601418 -1.551773 15.785996 0.000077 -0.000022 0.000006 -0.054837 0.061483 -0.122544 0.786690 -3.779835 -10.799617 -0.894423 3.901931 -10.840456 -24.889961 -3.922973 13.980057 -49.383175 -9.007315 33.373043 0.112392 -31.260246 -0.011174 9.311938 0.418412 -2.922151 -5.882102 9.861279 0.702590 -10.936861 -0.360574 7.156197 0.000000 8.774815 -0.000000 -16.207811 18.625563 6.211276 -1.844031 2.498503 -2.507276 -10.163590 4.678941 4.621104 -20.975996 -0.000001 0.000001 -21.226254 2.451698 -3.593995 0.000000 -0.000006 -0.000000 -1.362681 2.240797 -0.746323 -21.334892 0.584910 3.008319 -13.821196 -0.000001 0.000001 -23.887129 -0.249075 -0.839485 -60.791191 2.775106 -1.206050 -0.294025 1.679686 0.833255 -14.218195 0.093215 1.300579 -34.212002 -0.287561 0.967166 -20.033176 0.964536 1.212838 0.000000 -0.000000 0.000000 -3.440387 0.788233 0.501655 -15.928172 -3.167306 2.999703 -6.338817 -0.000000 0.000001 -18.123419 3.648181 -4.905662 -0.000004 0.000000 -0.000002 22.243216 8.010715 14.768259 54.595589 7.731482 33.997349 -0.451077 29.277643 -0.027012 -10.610004 2.115433 -3.916209 2.243540 -5.255033 -3.180156 14.282877 -0.826594 6.952496 -0.000000 -12.690593 -0.000001 16.079567 -17.787283 2.424770 1.665665 -1.955920 -2.878297 4.727794 -4.170584 4.993919 11.020511 0.000001 -0.000000 12.109032 -3.735715 -2.866778 0.000000 -0.000000 0.000000 1.291985 -1.928548 -1.498088 14.800115 0.567467 3.865604 14.242553 -1.341738 -6.660648 19.631935 0.143921 -0.648243 49.774033 -0.738874 -6.647160 0.353029 -1.511150 -0.031940 20.222769 3.684305 2.316629 18.787249 0.000001 -0.000001 10.751608 -0.479870 1.397903 0.000000 -0.000000 0.000000 3.273804 0.305947 -0.580110 21.486790 11.830364 2.266131 8.162915 0.000000 -0.000000 18.399052 -3.798986 -4.940567 0.000003 0.000000 -0.000001 3.731206 7.281711 -7.183838 0.054656 -0.030544 9.695222 -4.777462 1.218959 -5.481184 1.649602 -1.924697 -0.517398 0.000000 -0.000000 0.000002 -3.567991 -18.668163 -4.119246 -0.012145 -0.234769 8.566332 5.706436 -9.308665 -6.865369 -1.434613 0.991064 -0.639906 0.000000 -0.000000 -0.000001
0.000000 0.000000 0.000000 0.000000 -0.000000 0.000000 0.314639 -0.138744 5.626449 0.290755 0.565308 3.503330 -0.034633 -0.113633 -6.074902 -0.438563 -0.029776 -7.005522 -0.735448 -2.379431 16.445232 -0.195267 2.996140 20.052517 -0.106839 0.601320 -3.355018 2.844817 -1.397374 15.995682 0.000077 -0.000022 0.000006 -0.063468 0.065947 -0.112665 0.774389 -3.806395 -10.903943 -0.898697 3.936743 -10.937493 -24.622896 -3.631515 14.164539 -49.501453 -9.472031 33.487148 0.057311 -31.573751 0.012664 9.581241 0.374197 -2.832660 -5.882102 9.861279 0.702590 -10.936861 -0.360574 7.156197 0.000000 8.774815 -0.000000 -16.153185 18.591949 6.228557 -1.844031 2.498503 -2.507276 -10.163590 4.678941 4.621104 -20.975996 -0.000001 0.000001 -21.226254 2.451698 -3.593995 0.000000 -0.000006 -0.000000 -1.362681 2.240797 -0.746323 -21.334892 0.584910 3.008319 -13.821196 -0.000001 0.000001 -23.887129 -0.249075 -0.839485 -60.748161 2.803673 -1.196670 -0.294025 1.679686 0.833255 -14.218195 0.093215 1.300579 -34.212002 -0.287561 0.967166 -20.033176 0.964536 1.212838 0.000000 -0.000000 0.000000 -3.440387 0.788233 0.501655 -15.928172 -3.167306 2.999703 -6.338817 -0.000000 0.000001 -18.123419 3.648181 -4.905662 -0.000004 0.000000 -0.000002 21.946154 7.800014 14.775511 54.834270 8.079902 34.083401 -0.493660 29.451199 -0.059309 -10.709101 2.023945 -3.810416 2.243540 -5.255033 -3.180156 14.282877 -0.826594 6.952496 -0.000000 -12.690593 -0.000001 16.068470 -17.772032 2.437098 1.665665 -1.955920 -2.878297 4.727794 -4.170584 4.993919 11.020511 0.000001 -0.000000 12.109032 -3.735715 -2.866778 0.000000 -0.000000 0.000000 1.291985 -1.928548 -1.498088 14.800115 0.567467 3.865604 14.242553 -1.341738 -6.660648 19.631935 0.143921 -0.648243 49.732002 -0.748036 -6.635646 0.353029 -1.511150 -0.031940 20.222769 3.684305 2.316629 18.787249 0.000001 -0.000001 10.751608 -0.479870 1.397903 0.000000 -0.000000 0.000000 3.273804 0.305947 -0.580110 21.486790 11.830364 2.266131 8.162915 0.000000 -0.000000 18.399052 -3.798986 -4.940567 0.000003 0.000000 -0.000001 3.688225 7.067705 -7.330197 0.057948 -0.016670 9.651479 -4.736492 1.415069 -5.428966 1.649352 -1.906806 -0.449055 0.000000 -0.000000 0.000002 -3.540146 -18.717720 -4.255262 -0.014653 -0.227563 8.557344 5.753779 -9.296703 -6.851210 -1.433387 0.995078 -0.609308 0.000000 -0.000000 -0.000001
0.000000 0.000000 0.000000 0.000000 -0.000000 0.000000 0.318475 -0.128506 5.575603 0.293865 0.633414 3.693634 -0.035895 -0.093918 -5.944222 -0.433424 -0.085909 -6.970716 -0.696898 -2.397375 16.729406 -0.222498 2.992673 21.842346 0.042385 0.667697 -3.382796 3.036037 -1.243113 16.046217 0.000077 -0.000022 0.000006 -0.064685 0.062111 -0.106685 0.778507 -3.827928 -10.971976 -0.905007 3.950955 -10.999523 -24.393206 -3.398849 14.342092 -49.582516 -9.946289 33.628304 0.049851 -31.853704 0.010544 9.847983 0.332272 -2.711049 -5.882102 9.861279 0.702590 -10.936861 -0.360574 7.156197 0.000000 8.774815 -0.000000 -16.097094 18.551727 6.250150 -1.844031 2.498503 -2.507276 -10.163590 4.678941 4.621104 -20.975996 -0.000001 0.000001 -21.226254 2.451698 -3.593995 0.000000 -0.000006 -0.000000 -1.362681 2.240797 -0.746323 -21.334892 0.584910 3.008319 -13.821196 -0.000001 0.000001 -23.887129 -0.249075 -0.839485 -60.709305 2.825900 -1.169399 -0.294025 1.679686 0.833255 -14.218195 0.093215 1.300579 -34.212002 -0.287561 0.967166 -20.033176 0.964536 1.212838 0.000000 -0.000000 0.000000 -3.440387 0.788233 0.501655 -15.928172 -3.167306 2.999703 -6.338817 -0.000000 0.000001 -18.123419 3.648181 -4.905662 -0.000004 0.000000 -0.000002 21.705612 7.665291 14.828472 54.977169 8.443470 34.137127 -0.541532 29.652645 -0.094234 -10.796624 1.924729 -3.620961 2.243540 -5.255033 -3.180156 14.282877 -0.826594 6.952496 -0.000000 -12.690593 -0.000001 16.072510 -17.776239 2.435644 1.665665 -1.955920 -2.878297 4.727794 -4.170584 4.993919 11.020511 0.000001 -0.000000 12.109032 -3.735715 -2.866778 0.000000 -0.000000 0.000000 1.291985 -1.928548 -1.498088 14.800115 0.567467 3.865604 14.242553 -1.341738 -6.660648 19.631935 0.143921 -0.648243 49.708210 -0.740855 -6.635620 0.353029 -1.511150 -0.031940 20.222769 3.684305 2.316629 18.787249 0.000001 -0.000001 10.751608 -0.479870 1.397903 0.000000 -0.000000 0.000000 3.273804 0.305947 -0.580110 21.486790 11.830364 2.266131 8.162915 0.000000 -0.000000 18.399052 -3.798986 -4.940567 0.000003 0.000000 -0.000001 3.645728 6.886688 -7.609799 0.062547 0.006971 9.696390 -4.682627 1.572448 -5.397643 1.649414 -1.899198 -0.374624 0.000000 -0.000000 0.000002 -3.473740 -18.803156 -4.526450 -0.011960 -0.216859 8.616109 5.808746 -9.267182 -6.840485 -1.432978 0.994634 -0.570732 0.000000 -0.000000 -0.000001
0.000000 0.000000 0.000000 0.000000 -0.000000 0.000000 0.328019 -0.115352 5.498243 0.289719 0.709515 3.936713 -0.020353 -0.083663 -5.787899 -0.427592 -0.132959 -6.913134 -0.662586 -2.410321 17.011454 -0.293527 3.027962 23.359776 0.170823 0.729787 -3.404011 3.180240 -1.105288 15.919510 0.000077 -0.000022 0.000006 -0.059398 0.052397 -0.102987 0.791669 -3.846822 -11.012371 -0.907575 3.951108 -11.035555 -24.176991 -3.230796 14.519141 -49.643745 -10.437809 33.836937 0.096051 -32.083477 -0.017470 10.080104 0.341853 -2.625090 -5.882102 9.861279 0.702590 -10.936861 -0.360574 7.156197 0.000000 8.774815 -0.000000 -16.072002 18.533251 6.271353 -1.844031 2.498503 -2.507276 -10.163590 4.678941 4.621104 -20.975996 -0.000001 0.000001 -21.226254 2.451698 -3.593995 0.000000 -0.000006 -0.000000 -1.362681 2.240797 -0.746323 -21.334892 0.584910 3.008319 -13.821196 -0.000001 0.000001 -23.887129 -0.249075 -0.839485 -60.713322 2.851358 -1.145362 -0.294025 1.679686 0.833255 -14.218195 0.093215 1.300579 -34.212002 -0.287561 0.967166 -20.033176 0.964536 1.212838 0.000000 -0.000000 0.000000 -3.440387 0.788233 0.501655 -15.928172 -3.167306 2.999703 -6.338817 -0.000000 0.000001 -18.123419 3.648181 -4.905662 -0.000004 0.000000 -0.000002 21.494656 7.613405 14.922681 55.092278 8.811273 34.126316 -0.591579 29.851309 -0.130551 -10.901340 1.840773 -3.418492 2.243540 -5.255033 -3.180156 14.282877 -0.826594 6.952496 -0.000000 -12.690593 -0.000001 16.085629 -17.788401 2.422176 1.665665 -1.955920 -2.878297 4.727794 -4.170584 4.993919 11.020511 0.000001 -0.000000 12.109032 -3.735715 -2.866778 0.000000 -0.000000 0.000000 1.291985 -1.928548 -1.498088 14.800115 0.567467 3.865604 14.242553 -1.341738 -6.660648 19.631935 0.143921 -0.648243 49.704876 -0.729505 -6.640328 0.353029 -1.511150 -0.031940 20.222769 3.684305 2.316629 18.787249 0.000001 -0.000001 10.751608 -0.479870 1.397903 0.000000 -0.000000 0.000000 3.273804 0.305947 -0.580110 21.486790 11.830364 2.266131 8.162915 0.000000 -0.000000 18.399052 -3.798986 -4.940567 0.000003 0.000000 -0.000001 3.603236 6.741678 -7.984487 0.061755 0.028372 9.775628 -4.646487 1.697100 -5.355196 1.649684 -1.892321 -0.309402 0.000000 -0.000000 0.000002 -3.377813 -18.943970 -4.884337 -0.007143 -0.201630 8.691176 5.838423 -9.208540 -6.807962 -1.431754 0.991686 -0.540323 0.000000 -0.000000 -0.000001
0.000000 0.000000 0.000000 0.000000 -0.000000 0.000000 0.343999 -0.100025 5.412220 0.285028 0.820878 4.228302 0.006270 -0.071543 -5.614530 -0.428898 -0.157439 -6.838154 -0.630828 -2.430708 17.310007 -0.396037 3.109168 24.662680 0.276828 0.775843 -3.413602 3.284496 -1.021376 15.654980 0.000077 -0.000022 0.000006 -0.053602 0.043020 -0.099022 0.807430 -3.861727 -11.036184 -0.911762 3.948066 -11.056342 -23.952242 -3.132573 14.710592 -49.693577 -10.965021 33.997238 0.138930 -32.272484 -0.051238 10.285652 0.414528 -2.558806 -5.882102 9.861279 0.702590 -10.936861 -0.360574 7.156197 0.000000 8.774815 -0.000000 -16.054077 18.532143 6.299921 -1.844031 2.498503 -2.507276 -10.163590 4.678941 4.621104 -20.975996 -0.000001 0.000001 -21.226254 2.451698 -3.593995 0.000000 -0.000006 -0.000000 -1.362681 2.240797 -0.746323 -21.334892 0.584910 3.008319 -13.821196 -0.000001 0.000001 -23.887129 -0.249075 -0.839485 -60.732929 2.893516 -1.143609 -0.294025 1.679686 0.833255 -14.218195 0.093215 1.300579 -34.212002 -0.287561 0.967166 -20.033176 0.964536 1.212838 0.000000 -0.000000 0.000000 -3.440387 0.788233 0.501655 -15.928172 -3.167306 2.999703 -6.338817 -0.000000 0.000001 -18.123419 3.648181 -4.905662 -0.000004 0.000000 -0.000002 21.321020 7.624054 15.048951 55.192280 9.195442 34.016296 -0.628062 30.007256 -0.161008 -11.042499 1.772352 -3.280559 2.243540 -5.255033 -3.180156 14.282877 -0.826594 6.952496 -0.000000 -12.690593 -0.000001 16.099024 -17.787786 2.399815 1.665665 -1.955920 -2.878297 4.727794 -4.170584 4.993919 11.020511 0.000001 -0.000000 12.109032 -3.735715 -2.866778 0.000000 -0.000000 0.000000 1.291985 -1.928548 -1.498088 14.800115 0.567467 3.865604 14.242553 -1.341738 -6.660648 19.631935 0.143921 -0.648243 49.693192 -0.715149 -6.650357 0.353029 -1.511150 -0.031940 20.222769 3.684305 2.316629 18.787249 0.000001 -0.000001 10.751608 -0.479870 1.397903 0.000000 -0.000000 0.000000 3.273804 0.305947 -0.580110 21.486790 11.830364 2.266131 8.162915 0.000000 -0.000000 18.399052 -3.798986 -4.940567 0.000003 0.000000 -0.000001 3.552796 6.615467 -8.431230 0.058346 0.042335 9.868051 -4.641905 1.810023 -5.302894 1.648720 -1.888565 -0.263376 0.000000 -0.000000 0.000002 -3.263481 -19.141720 -5.296737 -0.003306 -0.182180 8.762126 5.825612 -9.130188 -6.757865 -1.430253 0.988950 -0.535087 0.000000 -0.000000 -0.000001
0.000000 0.000000 0.000000 0.000000 -0.000000 0.000000 0.351627 -0.079449 5.323955 0.278016 0.968137 4.558233 0.038048 -0.065497 -5.424123 -0.433534 -0.166977 -6.755781 -0.596244 -2.456207 17.623331 -0.526785 3.270823 25.820860 0.367793 0.778314 -3.411470 3.376307 -0.987983 15.292681 0.000077 -0.000022 0.000006 -0.049268 0.037168 -0.093134 0.819312 -3.868040 -11.039615 -0.915032 3.943651 -11.057449 -23.714537 -3.062850 14.892774 -49.734097 -11.511810 34.073532 0.125065 -32.460228 -0.072012 10.520794 0.496947 -2.492151 -5.882102 9.861279 0.702590 -10.936861 -0.360574 7.156197 0.000000 8.774815 -0.000000 -16.019531 18.550686 6.344451 -1.844031 2.498503 -2.507276 -10.163590 4.678941 4.621104 -20.975996 -0.000001 0.000001 -21.226254 2.451698 -3.593995 0.000000 -0.000006 -0.000000 -1.362681 2.240797 -0.746323 -21.334892 0.584910 3.008319 -13.821196 -0.000001 0.000001 -23.887129 -0.249075 -0.839485 -60.739304 2.940693 -1.151481 -0.294025 1.679686 0.833255 -14.218195 0.093215 1.300579 -34.212002 -0.287561 0.967166 -20.033176 0.964536 1.212838 0.000000 -0.000000 0.000000 -3.440387 0.788233 0.501655 -15.928172 -3.167306 2.999703 -6.338817 -0.000000 0.000001 -18.123419 3.648181 -4.905662 -0.000004 0.000000 -0.000002 21.170420 7.670421 15.203484 55.278511 9.629483 33.864601 -0.664723 30.078798 -0.197004 -11.209608 1.725677 -3.214498 2.243540 -5.255033 -3.180156 14.282877 -0.826594 6.952496 -0.000000 -12.690593 -0.000001 16.110840 -17.772915 2.380031 1.665665 -1.955920 -2.878297 4.727794 -4.170584 4.993919 11.020511 0.000001 -0.000000 12.109032 -3.735715 -2.866778 0.000000 -0.000000 0.000000 1.291985 -1.928548 -1.498088 14.800115 0.567467 3.865604 14.242553 -1.341738 -6.660648 19.631935 0.143921 -0.648243 49.686455 -0.703946 -6.656128 0.353029 -1.511150 -0.031940 20.222769 3.684305 2.316629 18.787249 0.000001 -0.000001 10.751608 -0.479870 1.397903 0.000000 -0.000000 0.000000 3.273804 0.305947 -0.580110 21.486790 11.830364 2.266131 8.162915 0.000000 -0.000000 18.399052 -3.798986 -4.940567 0.000003 0.000000 -0.000001 3.504247 6.505668 -8.903942 0.058992 0.050457 9.911361 -4.665800 1.876360 -5.215658 1.648352 -1.884961 -0.219535 0.000000 -0.000000 0.000002 -3.121587 -19.351692 -5.717843 -0.002952 -0.165711 8.764973 5.788211 -9.075422 -6.677711 -1.429637 0.983104 -0.528783 0.000000 -0.000000 -0.000001
0.000000 0.000000 0.000000 0.000000 -0.000000 0.000000 0.348356 -0.048153 5.234042 0.270713 1.132216 4.900852 0.070533 -0.064737 -5.204645 -0.432737 -0.184185 -6.670854 -0.567698 -2.457895 17.941750 -0.683999 3.483066 26.852493 0.446937 0.752446 -3.402135 3.473067 -0.978409 14.819551 0.000077 -0.000022 0.000006 -0.046621 0.034691 -0.088368 0.824625 -3.865366 -11.021596 -0.915176 3.937011 -11.037505 -23.440899 -3.014428 15.075467 -49.816605 -12.063020 33.994556 0.063961 -32.659847 -0.066769 10.707626 0.574882 -2.420235 -5.882102 9.861279 0.702590 -10.936861 -0.360574 7.156197 0.000000 8.774815 -0.000000 -16.001755 18.565279 6.374946 -1.844031 2.498503 -2.507276 -10.163590 4.678941 4.621104 -20.975996 -0.000001 0.000001 -21.226254 2.451698 -3.593995 0.000000 -0.000006 -0.000000 -1.362681 2.240797 -0.746323 -21.334892 0.584910 3.008319 -13.821196 -0.000001 0.000001 -23.887129 -0.249075 -0.839485 -60.750648 2.962981 -1.147465 -0.294025 1.679686 0.833255 -14.218195 0.093215 1.300579 -34.212002 -0.287561 0.967166 -20.033176 0.964536 1.212838 0.000000 -0.000000 0.000000 -3.440387 0.788233 0.501655 -15.928172 -3.167306 2.999703 -6.338817 -0.000000 0.000001 -18.123419 3.648181 -4.905662 -0.000004 0.000000 -0.000002 20.997637 7.756515 15.387192 55.383972 10.108019 33.715855 -0.705796 30.100552 -0.219766 -11.408751 1.684769 -3.195447 2.243540 -5.255033 -3.180156 14.282877 -0.826594 6.952496 -0.000000 -12.690593 -0.000001 16.131592 -17.758312 2.372540 1.665665 -1.955920 -2.878297 4.727794 -4.170584 4.993919 11.020511 0.000001 -0.000000 12.109032 -3.735715 -2.866778 0.000000 -0.000000 0.000000 1.291985 -1.928548 -1.498088 14.800115 0.567467 3.865604 14.242553 -1.341738 -6.660648 19.631935 0.143921 -0.648243 49.696133 -0.697269 -6.644365 0.353029 -1.511150 -0.031940 20.222769 3.684305 2.316629 18.787249 0.000001 -0.000001 10.751608 -0.479870 1.397903 0.000000 -0.000000 0.000000 3.273804 0.305947 -0.580110 21.486790 11.830364 2.266131 8.162915 0.000000 -0.000000 18.399052 -3.798986 -4.940567 0.000003 0.000000 -0.000001 3.460723 6.434326 -9.322673 0.062195 0.056936 9.809495 -4.677644 1.909249 -5.052521 1.649314 -1.881702 -0.164280 0.000000 -0.000000 0.000002 -2.961745 -19.529020 -6.075775 -0.005262 -0.158947 8.604508 5.720949 -9.057790 -6.529356 -1.429538 0.978082 -0.495463 0.000000 -0.000000 -0.000001
0.000000 0.000000 0.000000 0.000000 -0.000000 0.000000 0.340066 -0.006710 5.142970 0.276681 1.312742 5.266427 0.101201 -0.063340 -4.967079 -0.430530 -0.202210 -6.577394 -0.564851 -2.415378 18.285276 -0.858569 3.706474 27.775156 0.503745 0.720219 -3.387691 3.574337 -1.032363 14.251509 0.000077 -0.000022 0.000006 -0.049230 0.037217 -0.085592 0.824130 -3.857573 -10.999525 -0.919901 3.934729 -11.011493 -23.132004 -2.996504 15.268155 -49.920311 -12.638844 33.815998 -0.011730 -32.862881 -0.055832 10.785315 0.646161 -2.265704 -5.882102 9.861279 0.702590 -10.936861 -0.360574 7.156197 0.000000 8.774815 -0.000000 -16.022856 18.578035 6.377498 -1.844031 2.498503 -2.507276 -10.163590 4.678941 4.621104 -20.975996 -0.000001 0.000001 -21.226254 2.451698 -3.593995 0.000000 -0.000006 -0.000000 -1.362681 2.240797 -0.746323 -21.334892 0.584910 3.008319 -13.821196 -0.000001 0.000001 -23.887129 -0.249075 -0.839485 -60.773308 2.973923 -1.148202 -0.294025 1.679686 0.833255 -14.218195 0.093215 1.300579 -34.212002 -0.287561 0.967166 -20.033176 0.964536 1.212838 0.000000 -0.000000 0.000000 -3.440387 0.788233 0.501655 -15.928172 -3.167306 2.999703 -6.338817 -0.000000 0.000001 -18.123419 3.648181 -4.905662 -0.000004 0.000000 -0.000002 20.801600 7.849573 15.608097 55.513870 10.644024 33.508411 -0.733310 30.136038 -0.228324 -11.639441 1.656666 -3.292197 2.243540 -5.255033 -3.180156 14.282877 -0.826594 6.952496 -0.000000 -12.690593 -0.000001 16.153137 -17.752457 2.359503 1.665665 -1.955920 -2.878297 4.727794 -4.170584 4.993919 11.020511 0.000001 -0.000000 12.109032 -3.735715 -2.866778 0.000000 -0.000000 0.000000 1.291985 -1.928548 -1.498088 14.800115 0.567467 3.865604 14.242553 -1.341738 -6.660648 19.631935 0.143921 -0.648243 49.716793 -0.689385 -6.642217 0.353029 -1.511150 -0.031940 20.222769 3.684305 2.316629 18.787249 0.000001 -0.000001 10.751608 -0.479870 1.397903 0.000000 -0.000000 0.000000 3.273804 0.305947 -0.580110 21.486790 11.830364 2.266131 8.162915 0.000000 -0.000000 18.399052 -3.798986 -4.940567 0.000003 0.000000 -0.000001 3.404555 6.405202 -9.688337 0.061594 0.061199 9.541940 -4.666028 1.899619 -4.803915 1.649513 -1.884337 -0.101982 0.000000 -0.000000 0.000002 -2.800703 -19.702692 -6.399631 -0.007364 -0.153694 8.318808 5.645301 -9.072594 -6.327999 -1.428901 0.979162 -0.459372 0.000000 -0.000000 -0.000001
0.000000 0.000000 0.000000 0.000000 -0.000000 0.000000 0.316164 0.035374 5.052090 0.299460 1.507841 5.657813 0.127799 -0.052307 -4.711570 -0.431124 -0.209026 -6.470665 -0.583823 -2.343786 18.633457 -1.029140 3.930328 28.613684 0.544854 0.656155 -3.383097 3.676137 -1.118972 13.616098 0.000077 -0.000022 0.000006 -0.052456 0.040077 -0.083880 0.822996 -3.848672 -10.974352 -0.925406 3.931676 -10.985253 -22.820621 -3.006829 15.478691 -50.014523 -13.222265 33.583134 -0.075286 -33.081703 -0.043265 10.762731 0.717014 -2.120794 -5.882102 9.861279 0.702590 -10.936861 -0.360574 7.156197 0.000000 8.774815 -0.000000 -16.065802 18.582747 6.372390 -1.844031 2.498503 -2.507276 -10.163590 4.678941 4.621104 -20.975996 -0.000001 0.000001 -21.226254 2.451698 -3.593995 0.000000 -0.000006 -0.000000 -1.362681 2.240797 -0.746323 -21.334892 0.584910 3.008319 -13.821196 -0.000001 0.000001 -23.887129 -0.249075 -0.839485 -60.802563 2.974394 -1.137315 -0.294025 1.679686 0.833255 -14.218195 0.093215 1.300579 -34.212002 -0.287561 0.967166 -20.033176 0.964536 1.212838 0.000000 -0.000000 0.000000 -3.440387 0.788233 0.501655 -15.928172 -3.167306 2.999703 -6.338817 -0.000000 0.000001 -18.123419 3.648181 -4.905662 -0.000004 0.000000 -0.000002 20.565033 7.977297 15.843602 55.683437 11.193744 33.195286 -0.726652 30.224287 -0.221934 -11.860377 1.657731 -3.342538 2.243540 -5.255033 -3.180156 14.282877 -0.826594 6.952496 -0.000000 -12.690593 -0.000001 16.174931 -17.763790 2.343812 1.665665 -1.955920 -2.878297 4.727794 -4.170584 4.993919 11.020511 0.000001 -0.000000 12.109032 -3.735715 -2.866778 0.000000 -0.000000 0.000000 1.291985 -1.928548 -1.498088 14.800115 0.567467 3.865604 14.242553 -1.341738 -6.660648 19.631935 0.143921 -0.648243 49.737755 -0.686187 -6.641618 0.353029 -1.511150 -0.031940 20.222769 3.684305 2.316629 18.787249 0.000001 -0.000001 10.751608 -0.479870 1.397903 0.000000 -0.000000 0.000000 3.273804 0.305947 -0.580110 21.486790 11.830364 2.266131 8.162915 0.000000 -0.000000 18.399052 -3.798986 -4.940567 0.000003 0.000000 -0.000001 3.338676 6.413695 -10.049646 0.057780 0.066528 9.204017 -4.646538 1.827047 -4.515453 1.649686 -1.895048 -0.063378 0.000000 -0.000000 0.000002 -2.637219 -19.886929 -6.768355 -0.009585 -0.154055 8.072564 5.591354 -9.088078 -6.151815 -1.427958 0.981135 -0.438670 0.000000 -0.000000 -0.000001
0.000000 0.000000 0.000000 0.000000 -0.000000 0.000000 0.275041 0.079243 4.966337 0.328383 1.708313 6.078603 0.148509 -0.027183 -4.441720 -0.429961 -0.201741 -6.349899 -0.610009 -2.263798 18.986698 -1.190453 4.156548 29.361963 0.582477 0.551161 -3.390058 3.803696 -1.253360 12.936554 0.000077 -0.000022 0.000006 -0.048209 0.036476 -0.082997 0.830510 -3.844803 -10.953893 -0.925048 3.921076 -10.964714 -22.545610 -3.031165 15.673462 -50.058910 -13.784727 33.264294 -0.145136 -33.325413 -0.019192 10.641062 0.777627 -2.054507 -5.882102 9.861279 0.702590 -10.936861 -0.360574 7.156197 0.000000 8.774815 -0.000000 -16.119179 18.576416 6.352227 -1.844031 2.498503 -2.507276 -10.163590 4.678941 4.621104 -20.975996 -0.000001 0.000001 -21.226254 2.451698 -3.593995 0.000000 -0.000006 -0.000000 -1.362681 2.240797 -0.746323 -21.334892 0.584910 3.008319 -13.821196 -0.000001 0.000001 -23.887129 -0.249075 -0.839485 -60.821362 2.962560 -1.127087 -0.294025 1.679686 0.833255 -14.218195 0.093215 1.300579 -34.212002 -0.287561 0.967166 -20.033176 0.964536 1.212838 0.000000 -0.000000 0.000000 -3.440387 0.788233 0.501655 -15.928172 -3.167306 2.999703 -6.338817 -0.000000 0.000001 -18.123419 3.648181 -4.905662 -0.000004 0.000000 -0.000002 20.314550 8.148257 16.076063 55.822544 11.751595 32.836071 -0.694488 30.372261 -0.206522 -11.977387 1.691632 -3.352374 2.243540 -5.255033 -3.180156 14.282877 -0.826594 6.952496 -0.000000 -12.690593 -0.000001 16.188583 -17.778225 2.330430 1.665665 -1.955920 -2.878297 4.727794 -4.170584 4.993919 11.020511 0.000001 -0.000000 12.109032 -3.735715 -2.866778 0.000000 -0.000000 0.000000 1.291985 -1.928548 -1.498088 14.800115 0.567467 3.865604 14.242553 -1.341738 -6.660648 19.631935 0.143921 -0.648243 49.747509 -0.686904 -6.639474 0.353029 -1.511150 -0.031940 20.222769 3.684305 2.316629 18.787249 0.000001 -0.000001 10.751608 -0.479870 1.397903 0.000000 -0.000000 0.000000 3.273804 0.305947 -0.580110 21.486790 11.830364 2.266131 8.162915 0.000000 -0.000000 18.399052 -3.798986 -4.940567 0.000003 0.000000 -0.000001 3.275832 6.439143 -10.403307 0.055904 0.077864 8.787449 -4.619301 1.708689 -4.187830 1.651305 -1.904993 -0.063936 0.000000 -0.000000 0.000002 -2.454485 -20.037399 -7.165710 -0.014400 -0.159973 7.821039 5.538745 -9.142573 -5.982995 -1.427132 0.981617 -0.451554 0.000000 -0.000000 -0.000001
0.000000 0.000000 0.000000 0.000000 -0.000000 0.000000 0.215078 0.121456 4.876704 0.352453 1.934646 6.533554 0.168817 0.014256 -4.147910 -0.428655 -0.182092 -6.218861 -0.630855 -2.175856 19.355330 -1.342585 4.360613 30.032513 0.601818 0.409936 -3.398566 3.967737 -1.446452 12.189655 0.000077 -0.000022 0.000006 -0.039121 0.028879 -0.084830 0.841831 -3.844287 -10.938054 -0.919030 3.906115 -10.948020 -22.286722 -3.065356 15.848255 -50.057106 -14.362600 32.916248 -0.224907 -33.581871 0.013336 10.431292 0.864334 -1.958095 -5.882102 9.861279 0.702590 -10.936861 -0.360574 7.156197 0.000000 8.774815 -0.000000 -16.180929 18.571880 6.331381 -1.844031 2.498503 -2.507276 -10.163590 4.678941 4.621104 -20.975996 -0.000001 0.000001 -21.226254 2.451698 -3.593995 0.000000 -0.000006 -0.000000 -1.362681 2.240797 -0.746323 -21.334892 0.584910 3.008319 -13.821196 -0.000001 0.000001 -23.887129 -0.249075 -0.839485 -60.859364 2.958324 -1.123726 -0.294025 1.679686 0.833255 -14.218195 0.093215 1.300579 -34.212002 -0.287561 0.967166 -20.033176 0.964536 1.212838 0.000000 -0.000000 0.000000 -3.440387 0.788233 0.501655 -15.928172 -3.167306 2.999703 -6.338817 -0.000000 0.000001 -18.123419 3.648181 -4.905662 -0.000004 0.000000 -0.000002 20.009094 8.364410 16.285662 55.934990 12.323298 32.543633 -0.657153 30.569403 -0.200403 -11.932042 1.761713 -3.244210 2.243540 -5.255033 -3.180156 14.282877 -0.826594 6.952496 -0.000000 -12.690593 -0.000001 16.175369 -17.774746 2.328416 1.665665 -1.955920 -2.878297 4.727794 -4.170584 4.993919 11.020511 0.000001 -0.000000 12.109032 -3.735715 -2.866778 0.000000 -0.000000 0.000000 1.291985 -1.928548 -1.498088 14.800115 0.567467 3.865604 14.242553 -1.341738 -6.660648 19.631935 0.143921 -0.648243 49.735222 -0.685978 -6.639245 0.353029 -1.511150 -0.031940 20.222769 3.684305 2.316629 18.787249 0.000001 -0.000001 10.751608 -0.479870 1.397903 0.000000 -0.000000 0.000000 3.273804 0.305947 -0.580110 21.486790 11.830364 2.266131 8.162915 0.000000 -0.000000 18.399052 -3.798986 -4.940567 0.000003 0.000000 -0.000001 3.225195 6.508516 -10.805777 0.055939 0.093635 8.374847 -4.618732 1.497052 -3.845961 1.652591 -1.910352 -0.063146 0.000000 -0.000000 0.000002 -2.234523 -20.155008 -7.620418 -0.021847 -0.160824 7.605699 5.472291 -9.270449 -5.836694 -1.426014 0.983693 -0.462941 0.000000 -0.000000 -0.000001
0.000000 0.000000 0.000000 0.000000 -0.000000 0.000000 0.142347 0.161320 4.773513 0.358071 2.213213 7.036366 0.195024 0.046845 -3.829624 -0.424426 -0.148876 -6.078763 -0.636400 -2.085795 19.726032 -1.457448 4.533988 30.630339 0.598267 0.205915 -3.396264 4.146404 -1.661368 11.351543 0.000077 -0.000022 0.000006 -0.030401 0.023277 -0.088540 0.848433 -3.838864 -10.918846 -0.908918 3.890427 -10.926842 -22.007208 -3.111922 15.981421 -50.075737 -14.926586 32.460041 -0.352552 -33.858875 0.061668 10.218765 0.975857 -1.768639 -5.882102 9.861279 0.702590 -10.936861 -0.360574 7.156197 0.000000 8.774815 -0.000000 -16.228649 18.566217 6.306595 -1.844031 2.498503 -2.507276 -10.163590 4.678941 4.621104 -20.975996 -0.000001 0.000001 -21.226254 2.451698 -3.593995 0.000000 -0.000006 -0.000000 -1.362681 2.240797 -0.746323 -21.334892 0.584910 3.008319 -13.821196 -0.000001 0.000001 -23.887129 -0.249075 -0.839485 -60.880829 2.958366 -1.131015 -0.294025 1.679686 0.833255 -14.218195 0.093215 1.300579 -34.212002 -0.287561 0.967166 -20.033176 0.964536 1.212838 0.000000 -0.000000 0.000000 -3.440387 0.788233 0.501655 -15.928172 -3.167306 2.999703 -6.338817 -0.000000 0.000001 -18.123419 3.648181 -4.905662 -0.000004 0.000000 -0.000002 19.643259 8.637589 16.465267 56.003696 12.902719 32.366249 -0.600988 30.794683 -0.195218 -11.770500 1.834644 -2.945191 2.243540 -5.255033 -3.180156 14.282877 -0.826594 6.952496 -0.000000 -12.690593 -0.000001 16.152233 -17.760187 2.337683 1.665665 -1.955920 -2.878297 4.727794 -4.170584 4.993919 11.020511 0.000001 -0.000000 12.109032 -3.735715 -2.866778 0.000000 -0.000000 0.000000 1.291985 -1.928548 -1.498088 14.800115 0.567467 3.865604 14.242553 -1.341738 -6.660648 19.631935 0.143921 -0.648243 49.739799 -0.683317 -6.638721 0.353029 -1.511150 -0.031940 20.222769 3.684305 2.316629 18.787249 0.000001 -0.000001 10.751608 -0.479870 1.397903 0.000000 -0.000000 0.000000 3.273804 0.305947 -0.580110 21.486790 11.830364 2.266131 8.162915 0.000000 -0.000000 18.399052 -3.798986 -4.940567 0.000003 0.000000 -0.000001 3.193800 6.613487 -11.322171 0.052804 0.107684 8.044302 -4.635726 1.190768 -3.512706 1.650542 -1.914568 -0.042953 0.000000 -0.000000 0.000002 -1.960832 -20.268902 -8.145884 -0.025158 -0.159893 7.414599 5.392278 -9.463163 -5.721838 -1.424269 0.992836 -0.454023 0.000000 -0.000000 -0.000001
0.000000 0.000000 0.000000 0.000000 -0.000000 0.000000 0.056581 0.199894 4.648713 0.337287 2.545357 7.598472 0.232208 0.066424 -3.463610 -0.413551 -0.110977 -5.917099 -0.617731 -1.991226 20.083204 -1.520114 4.691333 31.168627 0.590133 -0.082323 -3.387853 4.339919 -1.891134 10.422009 0.000077 -0.000022 0.000006 -0.029783 0.024769 -0.092639 0.843189 -3.820886 -10.887337 -0.902861 3.876444 -10.895221 -21.686153 -3.181836 16.087818 -50.172787 -15.481335 31.849169 -0.475388 -34.152042 0.101090 10.051703 1.036432 -1.589735 -5.882102 9.861279 0.702590 -10.936861 -0.360574 7.156197 0.000000 8.774815 -0.000000 -16.271187 18.551176 6.273475 -1.844031 2.498503 -2.507276 -10.163590 4.678941 4.621104 -20.975996 -0.000001 0.000001 -21.226254 2.451698 -3.593995 0.000000 -0.000006 -0.000000 -1.362681 2.240797 -0.746323 -21.334892 0.584910 3.008319 -13.821196 -0.000001 0.000001 -23.887129 -0.249075 -0.839485 -60.891006 2.950602 -1.135712 -0.294025 1.679686 0.833255 -14.218195 0.093215 1.300579 -34.212002 -0.287561 0.967166 -20.033176 0.964536 1.212838 0.000000 -0.000000 0.000000 -3.440387 0.788233 0.501655 -15.928172 -3.167306 2.999703 -6.338817 -0.000000 0.000001 -18.123419 3.648181 -4.905662 -0.000004 0.000000 -0.000002 19.229687 8.982565 16.660784 55.996384 13.538508 32.287220 -0.570055 31.006102 -0.193866 -11.557290 1.854868 -2.562567 2.243540 -5.255033 -3.180156 14.282877 -0.826594 6.952496 -0.000000 -12.690593 -0.000001 16.139421 -17.742125 2.359127 1.665665 -1.955920 -2.878297 4.727794 -4.170584 4.993919 11.020511 0.000001 -0.000000 12.109032 -3.735715 -2.866778 0.000000 -0.000000 0.000000 1.291985 -1.928548 -1.498088 14.800115 0.567467 3.865604 14.242553 -1.341738 -6.660648 19.631935 0.143921 -0.648243 49.762959 -0.666572 -6.631130 0.353029 -1.511150 -0.031940 20.222769 3.684305 2.316629 18.787249 0.000001 -0.000001 10.751608 -0.479870 1.397903 0.000000 -0.000000 0.000000 3.273804 0.305947 -0.580110 21.486790 11.830364 2.266131 8.162915 0.000000 -0.000000 18.399052 -3.798986 -4.940567 0.000003 0.000000 -0.000001 3.188017 6.707700 -11.980312 0.049010 0.123201 7.816411 -4.673795 0.852107 -3.194483 1.648256 -1.917142 -0.000915 0.000000 -0.000000 0.000002 -1.617623 -20.422649 -8.750242 -0.020198 -0.154933 7.222173 5.289800 -9.663621 -5.491589 -1.422952 0.998975 -0.422084 0.000000 -0.000000 -0.000001
0.000000 0.000000 0.000000 0.000000 -0.000000 0.000000 -0.041639 0.238888 4.491323 0.291470 2.938336 8.232800 0.280313 0.076406 -3.053957 -0.394706 -0.063451 -5.737467 -0.575776 -1.892964 20.447952 -1.508398 4.800358 31.627672 0.573304 -0.425404 -3.382508 4.553111 -2.151738 9.421904 0.000077 -0.000022 0.000006 -0.034272 0.029550 -0.096708 0.832382 -3.799149 -10.854177 -0.900907 3.864913 -10.863335 -21.322512 -3.295648 16.191088 -50.317463 -16.017670 31.131952 -0.550509 -34.584393 0.118903 9.926165 1.039386 -1.460097 -5.882102 9.861279 0.702590 -10.936861 -0.360574 7.156197 0.000000 8.774815 -0.000000 -16.304335 18.517647 6.238350 -1.844031 2.498503 -2.507276 -10.163590 4.678941 4.621104 -20.975996 -0.000001 0.000001 -21.226254 2.451698 -3.593995 0.000000 -0.000006 -0.000000 -1.362681 2.240797 -0.746323 -21.334892 0.584910 3.008319 -13.821196 -0.000001 0.000001 -23.887129 -0.249075 -0.839485 -60.878078 2.939129 -1.155668 -0.294025 1.679686 0.833255 -14.218195 0.093215 1.300579 -34.212002 -0.287561 0.967166 -20.033176 0.964536 1.212838 0.000000 -0.000000 0.000000 -3.440387 0.788233 0.501655 -15.928172 -3.167306 2.999703 -6.338817 -0.000000 0.000001 -18.123419 3.648181 -4.905662 -0.000004 0.000000 -0.000002 18.788420 9.387344 16.869364 55.907520 14.235937 32.188683 -0.556392 31.205025 -0.178108 -11.326657 1.814628 -2.133012 2.243540 -5.255033 -3.180156 14.282877 -0.826594 6.952496 -0.000000 -12.690593 -0.000001 16.147953 -17.721983 2.385166 1.665665 -1.955920 -2.878297 4.727794 -4.170584 4.993919 11.020511 0.000001 -0.000000 12.109032 -3.735715 -2.866778 0.000000 -0.000000 0.000000 1.291985 -1.928548 -1.498088 14.800115 0.567467 3.865604 14.242553 -1.341738 -6.660648 19.631935 0.143921 -0.648243 49.794735 -0.643481 -6.621421 0.353029 -1.511150 -0.031940 20.222769 3.684305 2.316629 18.787249 0.000001 -0.000001 10.751608 -0.479870 1.397903 0.000000 -0.000000 0.000000 3.273804 0.305947 -0.580110 21.486790 11.830364 2.266131 8.162915 0.000000 -0.000000 18.399052 -3.798986 -4.940567 0.000003 0.000000 -0.000001 3.200217 6.784249 -12.795370 0.046293 0.133836 7.673379 -4.719951 0.513050 -2.874093 1.646032 -1.923258 0.043448 0.000000 -0.000000 0.000002 -1.196995 -20.596079 -9.452754 -0.012582 -0.153847 7.017926 5.134139 -9.877318 -5.379374 -1.421286 0.997872 -0.378194 0.000000 -0.000000 -0.000001
0.000000 0.000000 0.000000 0.000000 -0.000000 0.000000 -0.148549 0.280789 4.287100 0.220512 3.376013 8.936229 0.338589 0.081803 -2.592907 -0.370941 -0.011899 -5.529920 -0.508629 -1.777402 20.817652 -1.418339 4.844063 31.988737 0.540471 -0.772275 -3.383927 4.780461 -2.464372 8.377431 0.000077 -0.000022 0.000006 -0.031561 0.029316 -0.099441 0.831321 -3.786931 -10.833352 -0.894033 3.852622 -10.839608 -20.864920 -3.471773 16.287617 -50.543789 -16.489721 30.228416 -0.609454 -35.253483 0.123925 9.844648 0.947426 -1.466628 -5.882102 9.861279 0.702590 -10.936861 -0.360574 7.156197 0.000000 8.774815 -0.000000 -16.313982 18.474592 6.202792 -1.844031 2.498503 -2.507276 -10.163590 4.678941 4.621104 -20.975996 -0.000001 0.000001 -21.226254 2.451698 -3.593995 0.000000 -0.000006 -0.000000 -1.362681 2.240797 -0.746323 -21.334892 0.584910 3.008319 -13.821196 -0.000001 0.000001 -23.887129 -0.249075 -0.839485 -60.844692 2.918225 -1.204434 -0.294025 1.679686 0.833255 -14.218195 0.093215 1.300579 -34.212002 -0.287561 0.967166 -20.033176 0.964536 1.212838 0.000000 -0.000000 0.000000 -3.440387 0.788233 0.501655 -15.928172 -3.167306 2.999703 -6.338817 -0.000000 0.000001 -18.123419 3.648181 -4.905662 -0.000004 0.000000 -0.000002 18.312330 9.857174 17.062923 55.784370 14.982038 32.001869 -0.551866 31.380854 -0.156901 -11.118592 1.747167 -1.626355 2.243540 -5.255033 -3.180156 14.282877 -0.826594 6.952496 -0.000000 -12.690593 -0.000001 16.157978 -17.683329 2.419807 1.665665 -1.955920 -2.878297 4.727794 -4.170584 4.993919 11.020511 0.000001 -0.000000 12.109032 -3.735715 -2.866778 0.000000 -0.000000 0.000000 1.291985 -1.928548 -1.498088 14.800115 0.567467 3.865604 14.242553 -1.341738 -6.660648 19.631935 0.143921 -0.648243 49.821705 -0.624995 -6.602715 0.353029 -1.511150 -0.031940 20.222769 3.684305 2.316629 18.787249 0.000001 -0.000001 10.751608 -0.479870 1.397903 0.000000 -0.000000 0.000000 3.273804 0.305947 -0.580110 21.486790 11.830364 2.266131 8.162915 0.000000 -0.000000 18.399052 -3.798986 -4.940567 0.000003 0.000000 -0.000001 3.228982 6.865531 -13.747544 0.035572 0.141673 7.569503 -4.758387 0.183908 -2.524199 1.644834 -1.922951 0.104817 0.000000 -0.000000 0.000002 -0.697437 -20.749624 -10.247144 -0.007508 -0.159553 6.765879 4.916407 -10.156879 -5.148997 -1.419297 0.995175 -0.297233 0.000000 -0.000000 -0.000001
0.000000 0.000000 0.000000 0.000000 -0.000000 0.000000 -0.277897 0.328449 4.026953 0.136795 3.826146 9.697177 0.396957 0.080941 -2.069517 -0.351033 0.035852 -5.291188 -0.413152 -1.641176 21.194027 -1.273453 4.803954 32.261425 0.506036 -1.090165 -3.384388 5.002826 -2.775286 7.286228 0.000077 -0.000022 0.000006 -0.023448 0.025709 -0.100664 0.836944 -3.779466 -10.809492 -0.883156 3.837903 -10.812481 -20.304939 -3.706408 16.399487 -50.848839 -16.923685 29.155735 -0.668109 -36.138027 0.136657 9.864983 0.750036 -1.617789 -5.882102 9.861279 0.702590 -10.936861 -0.360574 7.156197 0.000000 8.774815 -0.000000 -16.320087 18.441517 6.177959 -1.844031 2.498503 -2.507276 -10.163590 4.678941 4.621104 -20.975996 -0.000001 0.000001 -21.226254 2.451698 -3.593995 0.000000 -0.000006 -0.000000 -1.362681 2.240797 -0.746323 -21.334892 0.584910 3.008319 -13.821196 -0.000001 0.000001 -23.887129 -0.249075 -0.839485 -60.826504 2.904436 -1.245420 -0.294025 1.679686 0.833255 -14.218195 0.093215 1.300579 -34.212002 -0.287561 0.967166 -20.033176 0.964536 1.212838 0.000000 -0.000000 0.000000 -3.440387 0.788233 0.501655 -15.928172 -3.167306 2.999703 -6.338817 -0.000000 0.000001 -18.123419 3.648181 -4.905662 -0.000004 0.000000 -0.000002 17.775766 10.397524 17.218203 55.702129 15.787250 31.722694 -0.568382 31.518837 -0.143190 -10.992628 1.656005 -1.128422 2.243540 -5.255033 -3.180156 14.282877 -0.826594 6.952496 -0.000000 -12.690593 -0.000001 16.170053 -17.657358 2.460475 1.665665 -1.955920 -2.878297 4.727794 -4.170584 4.993919 11.020511 0.000001 -0.000000 12.109032 -3.735715 -2.866778 0.000000 -0.000000 0.000000 1.291985 -1.928548 -1.498088 14.800115 0.567467 3.865604 14.242553 -1.341738 -6.660648 19.631935 0.143921 -0.648243 49.871578 -0.618255 -6.582858 0.353029 -1.511150 -0.031940 20.222769 3.684305 2.316629 18.787249 0.000001 -0.000001 10.751608 -0.479870 1.397903 0.000000 -0.000000 0.000000 3.273804 0.305947 -0.580110 21.486790 11.830364 2.266131 8.162915 0.000000 -0.000000 18.399052 -3.798986 -4.940567 0.000003 0.000000 -0.000001 3.261201 6.991022 -14.761992 0.024094 0.149333 7.376286 -4.793118 -0.165630 -2.083519 1.645494 -1.918522 0.148845 0.000000 -0.000000 0.000002 -0.128155 -20.889059 -11.125708 -0.007185 -0.169921 6.455029 4.645527 -10.455891 -4.850760 -1.418824 0.995414 -0.230852 0.000000 -0.000000 -0.000001
0.000000 0.000000 0.000000 0.000000 -0.000000 0.000000 -0.446232 0.389012 3.706303 0.023991 4.285821 10.519931 0.466904 0.077000 -1.477464 -0.329883 0.084853 -5.018497 -0.292425 -1.497093 21.600462 -1.071529 4.672418 32.455620 0.471139 -1.378907 -3.383022 5.209552 -3.061198 6.108106 0.000077 -0.000022 0.000006 -0.014977 0.021184 -0.102759 0.841347 -3.772819 -10.784563 -0.870212 3.821568 -10.783852 -19.658976 -3.985814 16.517345 -51.212860 -17.348345 27.920473 -0.729568 -37.169365 0.154828 10.046158 0.440804 -1.773230 -5.882102 9.861279 0.702590 -10.936861 -0.360574 7.156197 0.000000 8.774815 -0.000000 -16.343193 18.437614 6.157166 -1.844031 2.498503 -2.507276 -10.163590 4.678941 4.621104 -20.975996 -0.000001 0.000001 -21.226254 2.451698 -3.593995 0.000000 -0.000006 -0.000000 -1.362681 2.240797 -0.746323 -21.334892 0.584910 3.008319 -13.821196 -0.000001 0.000001 -23.887129 -0.249075 -0.839485 -60.814770 2.890195 -1.257218 -0.294025 1.679686 0.833255 -14.218195 0.093215 1.300579 -34.212002 -0.287561 0.967166 -20.033176 0.964536 1.212838 0.000000 -0.000000 0.000000 -3.440387 0.788233 0.501655 -15.928172 -3.167306 2.999703 -6.338817 -0.000000 0.000001 -18.123419 3.648181 -4.905662 -0.000004 0.000000 -0.000002 17.174721 11.006275 17.336992 55.698383 16.679014 31.266609 -0.612535 31.620119 -0.145208 -10.990791 1.553180 -0.712825 2.243540 -5.255033 -3.180156 14.282877 -0.826594 6.952496 -0.000000 -12.690593 -0.000001 16.204741 -17.660723 2.490898 1.665665 -1.955920 -2.878297 4.727794 -4.170584 4.993919 11.020511 0.000001 -0.000000 12.109032 -3.735715 -2.866778 0.000000 -0.000000 0.000000 1.291985 -1.928548 -1.498088 14.800115 0.567467 3.865604 14.242553 -1.341738 -6.660648 19.631935 0.143921 -0.648243 49.957535 -0.609900 -6.556594 0.353029 -1.511150 -0.031940 20.222769 3.684305 2.316629 18.787249 0.000001 -0.000001 10.751608 -0.479870 1.397903 0.000000 -0.000000 0.000000 3.273804 0.305947 -0.580110 21.486790 11.830364 2.266131 8.162915 0.000000 -0.000000 18.399052 -3.798986 -4.940567 0.000003 0.000000 -0.000001 3.325783 7.141870 -15.783751 0.014667 0.149998 6.961335 -4.846449 -0.495704 -1.487583 1.645382 -1.918212 0.165145 0.000000 -0.000000 0.000002 0.548376 -21.015554 -12.012860 -0.009865 -0.178720 5.890377 4.262431 -10.777394 -4.385652 -1.419211 0.996014 -0.196728 0.000000 -0.000000 -0.000001
0.000000 0.000000 0.000000 0.000000 -0.000000 0.000000 -0.653579 0.455609 3.323779 -0.113745 4.745418 11.391541 0.546257 0.084495 -0.824661 -0.311811 0.134149 -4.718317 -0.152310 -1.383116 22.048994 -0.815057 4.453517 32.624290 0.447384 -1.620232 -3.383925 5.380320 -3.321728 4.877762 0.000077 -0.000022 0.000006 -0.009493 0.018733 -0.106684 0.840308 -3.764271 -10.766785 -0.857705 3.807150 -10.760462 -18.928865 -4.291023 16.644642 -51.646488 -17.777771 26.571053 -0.772185 -38.244579 0.152347 10.372193 0.041440 -1.905256 -5.882102 9.861279 0.702590 -10.936861 -0.360574 7.156197 0.000000 8.774815 -0.000000 -16.357285 18.438612 6.137756 -1.844031 2.498503 -2.507276 -10.163590 4.678941 4.621104 -20.975996 -0.000001 0.000001 -21.226254 2.451698 -3.593995 0.000000 -0.000006 -0.000000 -1.362681 2.240797 -0.746323 -21.334892 0.584910 3.008319 -13.821196 -0.000001 0.000001 -23.887129 -0.249075 -0.839485 -60.770248 2.879946 -1.262819 -0.294025 1.679686 0.833255 -14.218195 0.093215 1.300579 -34.212002 -0.287561 0.967166 -20.033176 0.964536 1.212838 0.000000 -0.000000 0.000000 -3.440387 0.788233 0.501655 -15.928172 -3.167306 2.999703 -6.338817 -0.000000 0.000001 -18.123419 3.648181 -4.905662 -0.000004 0.000000 -0.000002 16.542814 11.652441 17.403666 55.753300 17.649714 30.512463 -0.614945 31.702005 -0.136872 -11.142186 1.501286 -0.478289 2.243540 -5.255033 -3.180156 14.282877 -0.826594 6.952496 -0.000000 -12.690593 -0.000001 16.236229 -17.661730 2.502388 1.665665 -1.955920 -2.878297 4.727794 -4.170584 4.993919 11.020511 0.000001 -0.000000 12.109032 -3.735715 -2.866778 0.000000 -0.000000 0.000000 1.291985 -1.928548 -1.498088 14.800115 0.567467 3.865604 14.242553 -1.341738 -6.660648 19.631935 0.143921 -0.648243 50.006187 -0.593593 -6.536018 0.353029 -1.511150 -0.031940 20.222769 3.684305 2.316629 18.787249 0.000001 -0.000001 10.751608 -0.479870 1.397903 0.000000 -0.000000 0.000000 3.273804 0.305947 -0.580110 21.486790 11.830364 2.266131 8.162915 0.000000 -0.000000 18.399052 -3.798986 -4.940567 0.000003 0.000000 -0.000001 3.425672 7.270766 -16.824337 0.006635 0.148155 6.388493 -4.924457 -0.774575 -0.770565 1.644941 -1.921863 0.183222 0.000000 -0.000000 0.000002 1.316380 -21.124058 -12.942616 -0.010328 -0.181119 5.178221 3.805531 -11.114548 -3.798668 -1.420282 0.996415 -0.167576 0.000000 -0.000000 -0.000001
0.000000 0.000000 0.000000 0.000000 -0.000000 0.000000 -0.891261 0.529583 2.884486 -0.265494 5.212048 12.309058 0.626784 0.094357 -0.094844 -0.294936 0.178927 -4.376885 0.009465 -1.298271 22.523481 -0.532620 4.145838 32.803955 0.429349 -1.799061 -3.389931 5.532979 -3.538840 3.621108 0.000077 -0.000022 0.000006 -0.000327 0.015228 -0.112780 0.838957 -3.756874 -10.757939 -0.837388 3.791567 -10.743730 -18.110088 -4.616791 16.756495 -52.194771 -18.205294 25.131990 -0.798127 -39.297428 0.104774 10.831000 -0.404802 -1.998266 -5.882102 9.861279 0.702590 -10.936861 -0.360574 7.156197 0.000000 8.774815 -0.000000 -16.358614 18.446915 6.113921 -1.844031 2.498503 -2.507276 -10.163590 4.678941 4.621104 -20.975996 -0.000001 0.000001 -21.226254 2.451698 -3.593995 0.000000 -0.000006 -0.000000 -1.362681 2.240797 -0.746323 -21.334892 0.584910 3.008319 -13.821196 -0.000001 0.000001 -23.887129 -0.249075 -0.839485 -60.680687 2.880933 -1.276248 -0.294025 1.679686 0.833255 -14.218195 0.093215 1.300579 -34.212002 -0.287561 0.967166 -20.033176 0.964536 1.212838 0.000000 -0.000000 0.000000 -3.440387 0.788233 0.501655 -15.928172 -3.167306 2.999703 -6.338817 -0.000000 0.000001 -18.123419 3.648181 -4.905662 -0.000004 0.000000 -0.000002 15.856852 12.325931 17.403740 55.875172 18.702112 29.444347 -0.553143 31.778761 -0.089117 -11.412534 1.528541 -0.566022 2.243540 -5.255033 -3.180156 14.282877 -0.826594 6.952496 -0.000000 -12.690593 -0.000001 16.257893 -17.647892 2.488959 1.665665 -1.955920 -2.878297 4.727794 -4.170584 4.993919 11.020511 0.000001 -0.000000 12.109032 -3.735715 -2.866778 0.000000 -0.000000 0.000000 1.291985 -1.928548 -1.498088 14.800115 0.567467 3.865604 14.242553 -1.341738 -6.660648 19.631935 0.143921 -0.648243 50.038738 -0.559059 -6.533628 0.353029 -1.511150 -0.031940 20.222769 3.684305 2.316629 18.787249 0.000001 -0.000001 10.751608 -0.479870 1.397903 0.000000 -0.000000 0.000000 3.273804 0.305947 -0.580110 21.486790 11.830364 2.266131 8.162915 0.000000 -0.000000 18.399052 -3.798986 -4.940567 0.000003 0.000000 -0.000001 3.553940 7.370740 -17.843405 -0.002289 0.145756 5.568042 -5.044462 -1.024329 0.109798 1.641706 -1.925876 0.215429 0.000000 -0.000000 0.000002 2.160568 -21.220123 -13.922367 -0.005735 -0.179562 4.328875 3.270087 -11.438791 -3.071063 -1.420951 1.001072 -0.129916 0.000000 -0.000000 -0.000001
0.000000 0.000000 0.000000 0.000000 -0.000000 0.000000 -1.142648 0.597019 2.387129 -0.406618 5.682422 13.302519 0.708003 0.104698 0.731857 -0.283960 0.216134 -3.989885 0.198403 -1.221218 23.009613 -0.241548 3.762218 33.038628 0.392894 -1.942649 -3.417618 5.671125 -3.714708 2.382868 0.000077 -0.000022 0.000006 0.018403 0.006392 -0.120168 0.845340 -3.756545 -10.765777 -0.805834 3.772318 -10.743558 -17.211880 -4.991119 16.838636 -52.854721 -18.606516 23.569790 -0.835486 -40.364399 0.048633 11.336733 -0.865675 -1.946150 -5.882102 9.861279 0.702590 -10.936861 -0.360574 7.156197 0.000000 8.774815 -0.000000 -16.369150 18.448927 6.096435 -1.844031 2.498503 -2.507276 -10.163590 4.678941 4.621104 -20.975996 -0.000001 0.000001 -21.226254 2.451698 -3.593995 0.000000 -0.000006 -0.000000 -1.362681 2.240797 -0.746323 -21.334892 0.584910 3.008319 -13.821196 -0.000001 0.000001 -23.887129 -0.249075 -0.839485 -60.603107 2.903791 -1.282681 -0.294025 1.679686 0.833255 -14.218195 0.093215 1.300579 -34.212002 -0.287561 0.967166 -20.033176 0.964536 1.212838 0.000000 -0.000000 0.000000 -3.440387 0.788233 0.501655 -15.928172 -3.167306 2.999703 -6.338817 -0.000000 0.000001 -18.123419 3.648181 -4.905662 -0.000004 0.000000 -0.000002 15.083083 13.048304 17.382141 56.037640 19.876047 28.024628 -0.466451 31.863348 -0.009224 -11.822143 1.647577 -0.928988 2.243540 -5.255033 -3.180156 14.282877 -0.826594 6.952496 -0.000000 -12.690593 -0.000001 16.276402 -17.619385 2.455712 1.665665 -1.955920 -2.878297 4.727794 -4.170584 4.993919 11.020511 0.000001 -0.000000 12.109032 -3.735715 -2.866778 0.000000 -0.000000 0.000000 1.291985 -1.928548 -1.498088 14.800115 0.567467 3.865604 14.242553 -1.341738 -6.660648 19.631935 0.143921 -0.648243 50.048012 -0.518556 -6.544233 0.353029 -1.511150 -0.031940 20.222769 3.684305 2.316629 18.787249 0.000001 -0.000001 10.751608 -0.479870 1.397903 0.000000 -0.000000 0.000000 3.273804 0.305947 -0.580110 21.486790 11.830364 2.266131 8.162915 0.000000 -0.000000 18.399052 -3.798986 -4.940567 0.000003 0.000000 -0.000001 3.667059 7.432715 -18.976456 -0.012079 0.139179 4.711668 -5.190743 -1.232435 1.154441 1.637043 -1.925912 0.261056 0.000000 -0.000000 0.000002 3.042010 -21.314989 -15.146566 -0.000540 -0.174726 3.716975 2.723774 -11.710832 -2.380000 -1.420943 1.005899 -0.072148 0.000000 -0.000000 -0.000001
0.000000 0.000000 0.000000 0.000000 -0.000000 0.000000 -1.375533 0.654324 1.843155 -0.502092 6.116908 14.400138 0.781341 0.110716 1.652949 -0.280082 0.250149 -3.563983 0.418904 -1.140069 23.520479 0.020890 3.354811 33.299236 0.317374 -2.089314 -3.459725 5.744974 -3.836689 1.124911 0.000077 -0.000022 0.000006 0.035965 -0.002132 -0.127605 0.847035 -3.754412 -10.774529 -0.772045 3.751903 -10.749539 -16.270567 -5.416803 16.870562 -53.598118 -18.936779 21.847095 -0.927351 -41.579964 0.014798 11.829103 -1.332104 -1.677180 -5.882102 9.861279 0.702590 -10.936861 -0.360574 7.156197 0.000000 8.774815 -0.000000 -16.407743 18.434507 6.077417 -1.844031 2.498503 -2.507276 -10.163590 4.678941 4.621104 -20.975996 -0.000001 0.000001 -21.226254 2.451698 -3.593995 0.000000 -0.000006 -0.000000 -1.362681 2.240797 -0.746323 -21.334892 0.584910 3.008319 -13.821196 -0.000001 0.000001 -23.887129 -0.249075 -0.839485 -60.567101 2.939546 -1.268079 -0.294025 1.679686 0.833255 -14.218195 0.093215 1.300579 -34.212002 -0.287561 0.967166 -20.033176 0.964536 1.212838 0.000000 -0.000000 0.000000 -3.440387 0.788233 0.501655 -15.928172 -3.167306 2.999703 -6.338817 -0.000000 0.000001 -18.123419 3.648181 -4.905662 -0.000004 0.000000 -0.000002 14.194644 13.835093 17.299601 56.156628 21.182291 26.439016 -0.403124 31.968567 0.078865 -12.459428 1.781936 -1.424458 2.243540 -5.255033 -3.180156 14.282877 -0.826594 6.952496 -0.000000 -12.690593 -0.000001 16.292004 -17.594568 2.418950 1.665665 -1.955920 -2.878297 4.727794 -4.170584 4.993919 11.020511 0.000001 -0.000000 12.109032 -3.735715 -2.866778 0.000000 -0.000000 0.000000 1.291985 -1.928548 -1.498088 14.800115 0.567467 3.865604 14.242553 -1.341738 -6.660648 19.631935 0.143921 -0.648243 50.015682 -0.490144 -6.567859 0.353029 -1.511150 -0.031940 20.222769 3.684305 2.316629 18.787249 0.000001 -0.000001 10.751608 -0.479870 1.397903 0.000000 -0.000000 0.000000 3.273804 0.305947 -0.580110 21.486790 11.830364 2.266131 8.162915 0.000000 -0.000000 18.399052 -3.798986 -4.940567 0.000003 0.000000 -0.000001 3.717089 7.434721 -20.258390 -0.020792 0.134753 3.848523 -5.325805 -1.371813 2.252180 1.631442 -1.936161 0.278320 0.000000 -0.000000 0.000002 3.906184 -21.414581 -16.692240 0.007592 -0.173729 3.481202 2.209484 -11.917365 -1.815482 -1.420320 1.003478 -0.033058 0.000000 -0.000000 -0.000001
0.000000 0.000000 0.000000 0.000000 -0.000000 0.000000 -1.553360 0.703900 1.266243 -0.550696 6.482547 15.624690 0.855940 0.124003 2.685039 -0.260446 0.265545 -3.092577 0.649226 -1.040405 24.059547 0.232773 2.972576 33.543232 0.208572 -2.224819 -3.512458 5.704708 -3.931460 -0.177787 0.000077 -0.000022 0.000006 0.040455 -0.005571 -0.138698 0.833889 -3.747241 -10.786400 -0.749647 3.737003 -10.766428 -15.282882 -5.864288 16.798883 -54.438053 -19.123936 19.999197 -1.065881 -43.089344 -0.017013 12.296372 -1.822152 -1.349280 -5.882102 9.861279 0.702590 -10.936861 -0.360574 7.156197 0.000000 8.774815 -0.000000 -16.418230 18.409006 6.060164 -1.844031 2.498503 -2.507276 -10.163590 4.678941 4.621104 -20.975996 -0.000001 0.000001 -21.226254 2.451698 -3.593995 0.000000 -0.000006 -0.000000 -1.362681 2.240797 -0.746323 -21.334892 0.584910 3.008319 -13.821196 -0.000001 0.000001 -23.887129 -0.249075 -0.839485 -60.505764 2.964128 -1.238901 -0.294025 1.679686 0.833255 -14.218195 0.093215 1.300579 -34.212002 -0.287561 0.967166 -20.033176 0.964536 1.212838 0.000000 -0.000000 0.000000 -3.440387 0.788233 0.501655 -15.928172 -3.167306 2.999703 -6.338817 -0.000000 0.000001 -18.123419 3.648181 -4.905662 -0.000004 0.000000 -0.000002 13.128499 14.705344 17.107889 56.174557 22.624611 24.734777 -0.304966 32.151894 0.175007 -13.388653 1.940150 -2.021090 2.243540 -5.255033 -3.180156 14.282877 -0.826594 6.952496 -0.000000 -12.690593 -0.000001 16.300171 -17.564114 2.376953 1.665665 -1.955920 -2.878297 4.727794 -4.170584 4.993919 11.020511 0.000001 -0.000000 12.109032 -3.735715 -2.866778 0.000000 -0.000000 0.000000 1.291985 -1.928548 -1.498088 14.800115 0.567467 3.865604 14.242553 -1.341738 -6.660648 19.631935 0.143921 -0.648243 49.931271 -0.456976 -6.597205 0.353029 -1.511150 -0.031940 20.222769 3.684305 2.316629 18.787249 0.000001 -0.000001 10.751608 -0.479870 1.397903 0.000000 -0.000000 0.000000 3.273804 0.305947 -0.580110 21.486790 11.830364 2.266131 8.162915 0.000000 -0.000000 18.399052 -3.798986 -4.940567 0.000003 0.000000 -0.000001 3.679532 7.420902 -21.791250 -0.025864 0.138629 3.137300 -5.439923 -1.458299 3.335030 1.624645 -1.961277 0.270063 0.000000 -0.000000 0.000002 4.759056 -21.504499 -18.563902 0.021123 -0.169380 3.543455 1.743753 -12.007534 -1.336198 -1.418419 0.997228 -0.015997 0.000000 -0.000000 -0.000001
0.000000 0.000000 0.000000 0.000000 -0.000000 0.000000 -1.655144 0.754401 0.670171 -0.560680 6.776953 17.000183 0.937355 0.147075 3.806928 -0.211581 0.262930 -2.575690 0.883774 -0.933513 24.640837 0.366520 2.611977 33.765911 0.062701 -2.309662 -3.572195 5.568959 -4.041993 -1.425787 0.000077 -0.000022 0.000006 0.040575 -0.006130 -0.151353 0.816143 -3.737521 -10.801532 -0.730903 3.725406 -10.790018 -14.261821 -6.300677 16.595552 -55.326218 -19.187067 18.234501 -1.175233 -44.882504 -0.116833 12.691530 -2.324647 -1.125596 -5.882102 9.861279 0.702590 -10.936861 -0.360574 7.156197 0.000000 8.774815 -0.000000 -16.381680 18.357489 6.045731 -1.844031 2.498503 -2.507276 -10.163590 4.678941 4.621104 -20.975996 -0.000001 0.000001 -21.226254 2.451698 -3.593995 0.000000 -0.000006 -0.000000 -1.362681 2.240797 -0.746323 -21.334892 0.584910 3.008319 -13.821196 -0.000001 0.000001 -23.887129 -0.249075 -0.839485 -60.428856 2.955322 -1.199607 -0.294025 1.679686 0.833255 -14.218195 0.093215 1.300579 -34.212002 -0.287561 0.967166 -20.033176 0.964536 1.212838 0.000000 -0.000000 0.000000 -3.440387 0.788233 0.501655 -15.928172 -3.167306 2.999703 -6.338817 -0.000000 0.000001 -18.123419 3.648181 -4.905662 -0.000004 0.000000 -0.000002 11.899290 15.657082 16.813971 55.962914 24.251324 22.865700 -0.133861 32.443745 0.271936 -14.554824 2.174306 -2.725988 2.243540 -5.255033 -3.180156 14.282877 -0.826594 6.952496 -0.000000 -12.690593 -0.000001 16.292931 -17.524090 2.333543 1.665665 -1.955920 -2.878297 4.727794 -4.170584 4.993919 11.020511 0.000001 -0.000000 12.109032 -3.735715 -2.866778 0.000000 -0.000000 0.000000 1.291985 -1.928548 -1.498088 14.800115 0.567467 3.865604 14.242553 -1.341738 -6.660648 19.631935 0.143921 -0.648243 49.810532 -0.393443 -6.624108 0.353029 -1.511150 -0.031940 20.222769 3.684305 2.316629 18.787249 0.000001 -0.000001 10.751608 -0.479870 1.397903 0.000000 -0.000000 0.000000 3.273804 0.305947 -0.580110 21.486790 11.830364 2.266131 8.162915 0.000000 -0.000000 18.399052 -3.798986 -4.940567 0.000003 0.000000 -0.000001 3.464242 7.408478 -24.077177 -0.036577 0.137774 3.739556 -5.429756 -1.599558 4.067765 1.619622 -1.989845 0.261240 0.000000 -0.000000 0.000002 5.612103 -21.553814 -20.767950 0.037830 -0.156247 3.842109 1.372443 -12.031503 -0.911349 -1.415638 0.999977 -0.002588 0.000000 -0.000000 -0.000001
0.000000 0.000000 0.000000 0.000000 -0.000000 0.000000 -1.664854 0.772262 0.047324 -0.533430 6.997964 18.556555 1.029327 0.186119 5.027790 -0.130927 0.251238 -2.018363 1.137899 -0.815481 25.245167 0.427279 2.257420 33.971722 -0.104175 -2.394036 -3.637684 5.266592 -4.156629 -2.562135 0.000077 -0.000022 0.000006 0.046146 -0.006975 -0.164055 0.804138 -3.728355 -10.816911 -0.706630 3.713105 -10.816528 -13.210540 -6.731836 16.273577 -56.187569 -19.186817 16.760513 -1.219903 -46.882179 -0.254999 12.987365 -2.831016 -0.944174 -5.882102 9.861279 0.702590 -10.936861 -0.360574 7.156197 0.000000 8.774815 -0.000000 -16.340944 18.283075 6.046322 -1.844031 2.498503 -2.507276 -10.163590 4.678941 4.621104 -20.975996 -0.000001 0.000001 -21.226254 2.451698 -3.593995 0.000000 -0.000006 -0.000000 -1.362681 2.240797 -0.746323 -21.334892 0.584910 3.008319 -13.821196 -0.000001 0.000001 -23.887129 -0.249075 -0.839485 -60.386723 2.921217 -1.143412 -0.294025 1.679686 0.833255 -14.218195 0.093215 1.300579 -34.212002 -0.287561 0.967166 -20.033176 0.964536 1.212838 0.000000 -0.000000 0.000000 -3.440387 0.788233 0.501655 -15.928172 -3.167306 2.999703 -6.338817 -0.000000 0.000001 -18.123419 3.648181 -4.905662 -0.000004 0.000000 -0.000002 10.488897 16.672031 16.413588 55.414738 26.128681 20.866842 0.082500 32.801380 0.382501 -15.845662 2.440705 -3.611831 2.243540 -5.255033 -3.180156 14.282877 -0.826594 6.952496 -0.000000 -12.690593 -0.000001 16.283527 -17.510254 2.287961 1.665665 -1.955920 -2.878297 4.727794 -4.170584 4.993919 11.020511 0.000001 -0.000000 12.109032 -3.735715 -2.866778 0.000000 -0.000000 0.000000 1.291985 -1.928548 -1.498088 14.800115 0.567467 3.865604 14.242553 -1.341738 -6.660648 19.631935 0.143921 -0.648243 49.671402 -0.313670 -6.642652 0.353029 -1.511150 -0.031940 20.222769 3.684305 2.316629 18.787249 0.000001 -0.000001 10.751608 -0.479870 1.397903 0.000000 -0.000000 0.000000 3.273804 0.305947 -0.580110 21.486790 11.830364 2.266131 8.162915 0.000000 -0.000000 18.399052 -3.798986 -4.940567 0.000003 0.000000 -0.000001 3.126377 7.426000 -26.700788 -0.050284 0.128861 4.590249 -5.392061 -1.732224 4.638571 1.617056 -2.013002 0.249846 0.000000 -0.000000 0.000002 6.464413 -21.601162 -23.462013 0.060054 -0.137604 4.708840 1.162025 -11.953597 -0.762594 -1.415055 1.006167 -0.007605 0.000000 -0.000000 -0.000001
0.000000 0.000000 0.000000 0.000000 -0.000000 0.000000 -1.635020 0.733964 -0.645890 -0.467726 7.158752 20.292816 1.126443 0.221254 6.325289 -0.023944 0.243847 -1.436155 1.422841 -0.686346 25.858780 0.428953 1.912821 34.073818 -0.258418 -2.494183 -3.708865 4.802244 -4.284988 -3.614032 0.000077 -0.000022 0.000006 0.060516 -0.008917 -0.176358 0.799624 -3.723276 -10.836479 -0.672457 3.702852 -10.846901 -12.197032 -7.173471 15.882004 -56.909775 -19.128670 15.594244 -1.182655 -49.000534 -0.443108 13.151194 -3.344588 -0.775544 -5.882102 9.861279 0.702590 -10.936861 -0.360574 7.156197 0.000000 8.774815 -0.000000 -16.331524 18.199205 6.058522 -1.844031 2.498503 -2.507276 -10.163590 4.678941 4.621104 -20.975996 -0.000001 0.000001 -21.226254 2.451698 -3.593995 0.000000 -0.000006 -0.000000 -1.362681 2.240797 -0.746323 -21.334892 0.584910 3.008319 -13.821196 -0.000001 0.000001 -23.887129 -0.249075 -0.839485 -60.356396 2.868467 -1.050091 -0.294025 1.679686 0.833255 -14.218195 0.093215 1.300579 -34.212002 -0.287561 0.967166 -20.033176 0.964536 1.212838 0.000000 -0.000000 0.000000 -3.440387 0.788233 0.501655 -15.928172 -3.167306 2.999703 -6.338817 -0.000000 0.000001 -18.123419 3.648181 -4.905662 -0.000004 0.000000 -0.000002 8.955099 17.704319 15.908705 54.378002 28.265745 18.823048 0.242375 33.131290 0.484513 -17.159849 2.620729 -4.602270 2.243540 -5.255033 -3.180156 14.282877 -0.826594 6.952496 -0.000000 -12.690593 -0.000001 16.291954 -17.523687 2.253389 1.665665 -1.955920 -2.878297 4.727794 -4.170584 4.993919 11.020511 0.000001 -0.000000 12.109032 -3.735715 -2.866778 0.000000 -0.000000 0.000000 1.291985 -1.928548 -1.498088 14.800115 0.567467 3.865604 14.242553 -1.341738 -6.660648 19.631935 0.143921 -0.648243 49.562798 -0.233675 -6.641400 0.353029 -1.511150 -0.031940 20.222769 3.684305 2.316629 18.787249 0.000001 -0.000001 10.751608 -0.479870 1.397903 0.000000 -0.000000 0.000000 3.273804 0.305947 -0.580110 21.486790 11.830364 2.266131 8.162915 0.000000 -0.000000 18.399052 -3.798986 -4.940567 0.000003 0.000000 -0.000001 2.654025 7.474926 -29.679171 -0.066278 0.113579 5.745220 -5.332428 -1.878802 5.018798 1.616684 -2.030593 0.205713 0.000000 -0.000000 0.000002 7.331028 -21.699011 -26.679424 0.084740 -0.109636 6.250100 1.081916 -11.769845 -0.954811 -1.417668 1.013612 -0.037005 0.000000 -0.000000 -0.000001
0.000000 0.000000 0.000000 0.000000 -0.000000 0.000000 -1.554436 0.624622 -1.375831 -0.332258 7.267221 22.189741 1.204882 0.238556 7.669230 0.097183 0.249645 -0.840304 1.714541 -0.537574 26.480240 0.449404 1.613031 33.980354 -0.358708 -2.650852 -3.765480 4.214040 -4.450203 -4.573398 0.000077 -0.000022 0.000006 0.084107 -0.010669 -0.189330 0.801033 -3.717144 -10.854749 -0.625696 3.692734 -10.874367 -11.232988 -7.619700 15.438850 -57.482948 -19.029785 14.672855 -1.080540 -51.102413 -0.629541 13.211561 -3.868828 -0.621781 -5.882102 9.861279 0.702590 -10.936861 -0.360574 7.156197 0.000000 8.774815 -0.000000 -16.342503 18.118330 6.059150 -1.844031 2.498503 -2.507276 -10.163590 4.678941 4.621104 -20.975996 -0.000001 0.000001 -21.226254 2.451698 -3.593995 0.000000 -0.000006 -0.000000 -1.362681 2.240797 -0.746323 -21.334892 0.584910 3.008319 -13.821196 -0.000001 0.000001 -23.887129 -0.249075 -0.839485 -60.310463 2.810560 -0.966457 -0.294025 1.679686 0.833255 -14.218195 0.093215 1.300579 -34.212002 -0.287561 0.967166 -20.033176 0.964536 1.212838 0.000000 -0.000000 0.000000 -3.440387 0.788233 0.501655 -15.928172 -3.167306 2.999703 -6.338817 -0.000000 0.000001 -18.123419 3.648181 -4.905662 -0.000004 0.000000 -0.000002 7.401986 18.722420 15.299200 52.708553 30.604244 16.601292 0.321631 33.333195 0.575561 -18.411892 2.656713 -5.511197 2.243540 -5.255033 -3.180156 14.282877 -0.826594 6.952496 -0.000000 -12.690593 -0.000001 16.305319 -17.551922 2.244806 1.665665 -1.955920 -2.878297 4.727794 -4.170584 4.993919 11.020511 0.000001 -0.000000 12.109032 -3.735715 -2.866778 0.000000 -0.000000 0.000000 1.291985 -1.928548 -1.498088 14.800115 0.567467 3.865604 14.242553 -1.341738 -6.660648 19.631935 0.143921 -0.648243 49.501854 -0.187373 -6.636311 0.353029 -1.511150 -0.031940 20.222769 3.684305 2.316629 18.787249 0.000001 -0.000001 10.751608 -0.479870 1.397903 0.000000 -0.000000 0.000000 3.273804 0.305947 -0.580110 21.486790 11.830364 2.266131 8.162915 0.000000 -0.000000 18.399052 -3.798986 -4.940567 0.000003 0.000000 -0.000001 2.040925 7.493615 -32.981682 -0.085133 0.091664 7.203253 -5.216434 -2.050840 5.203239 1.616890 -2.054778 0.129643 0.000000 -0.000000 0.000002 8.213300 -21.843376 -30.423443 0.108451 -0.077944 8.428991 1.076415 -11.504478 -1.444036 -1.420149 1.016202 -0.088864 0.000000 -0.000000 -0.000001
0.000000 0.000000 0.000000 0.000000 -0.000000 0.000000 -1.463024 0.427728 -2.161457 -0.091152 7.344543 24.213535 1.245972 0.212306 9.040087 0.230706 0.268446 -0.243173 1.981488 -0.363173 27.110395 0.545696 1.379009 33.658913 -0.402620 -2.880602 -3.806166 3.544599 -4.692149 -5.420907 0.000077 -0.000022 0.000006 0.104078 -0.009928 -0.201833 0.795272 -3.706831 -10.867580 -0.578635 3.684327 -10.897759 -10.322894 -8.060089 14.976684 -57.968487 -18.916666 13.829492 -1.037182 -53.061249 -0.705604 13.263708 -4.433815 -0.554779 -5.882102 9.861279 0.702590 -10.936861 -0.360574 7.156197 0.000000 8.774815 -0.000000 -16.338093 18.011272 6.045150 -1.844031 2.498503 -2.507276 -10.163590 4.678941 4.621104 -20.975996 -0.000001 0.000001 -21.226254 2.451698 -3.593995 0.000000 -0.000006 -0.000000 -1.362681 2.240797 -0.746323 -21.334892 0.584910 3.008319 -13.821196 -0.000001 0.000001 -23.887129 -0.249075 -0.839485 -60.259624 2.737416 -0.868124 -0.294025 1.679686 0.833255 -14.218195 0.093215 1.300579 -34.212002 -0.287561 0.967166 -20.033176 0.964536 1.212838 0.000000 -0.000000 0.000000 -3.440387 0.788233 0.501655 -15.928172 -3.167306 2.999703 -6.338817 -0.000000 0.000001 -18.123419 3.648181 -4.905662 -0.000004 0.000000 -0.000002 5.871450 19.718109 14.600436 50.365021 33.047691 13.829411 0.392167 33.355476 0.657778 -19.675819 2.598167 -6.198442 2.243540 -5.255033 -3.180156 14.282877 -0.826594 6.952496 -0.000000 -12.690593 -0.000001 16.320068 -17.601028 2.249464 1.665665 -1.955920 -2.878297 4.727794 -4.170584 4.993919 11.020511 0.000001 -0.000000 12.109032 -3.735715 -2.866778 0.000000 -0.000000 0.000000 1.291985 -1.928548 -1.498088 14.800115 0.567467 3.865604 14.242553 -1.341738 -6.660648 19.631935 0.143921 -0.648243 49.474365 -0.176072 -6.643273 0.353029 -1.511150 -0.031940 20.222769 3.684305 2.316629 18.787249 0.000001 -0.000001 10.751608 -0.479870 1.397903 0.000000 -0.000000 0.000000 3.273804 0.305947 -0.580110 21.486790 11.830364 2.266131 8.162915 0.000000 -0.000000 18.399052 -3.798986 -4.940567 0.000003 0.000000 -0.000001 1.287199 7.435122 -36.517857 -0.109392 0.058924 8.823693 -5.009002 -2.200310 5.266276 1.620474 -2.083862 0.048184 0.000000 -0.000000 0.000002 9.123379 -22.004778 -34.678421 0.129865 -0.054029 11.086465 1.054258 -11.165400 -2.092287 -1.421675 1.017113 -0.148140 0.000000 -0.000000 -0.000001
0.000000 0.000000 0.000000 0.000000 -0.000000 0.000000 -1.348982 0.133037 -2.953147 0.242569 7.392504 26.330332 1.259000 0.150584 10.402135 0.374139 0.314414 0.348409 2.198541 -0.169401 27.741873 0.697196 1.154625 33.078495 -0.384940 -3.114454 -3.832231 2.814316 -5.003542 -6.188912 0.000077 -0.000022 0.000006 0.120184 -0.006891 -0.211818 0.780807 -3.694747 -10.873162 -0.530271 3.679327 -10.915030 -9.485037 -8.483049 14.484316 -58.433224 -18.798571 12.952732 -1.141678 -54.753693 -0.612897 13.280758 -5.080864 -0.626393 -5.882102 9.861279 0.702590 -10.936861 -0.360574 7.156197 0.000000 8.774815 -0.000000 -16.345388 17.870577 5.993014 -1.844031 2.498503 -2.507276 -10.163590 4.678941 4.621104 -20.975996 -0.000001 0.000001 -21.226254 2.451698 -3.593995 0.000000 -0.000006 -0.000000 -1.362681 2.240797 -0.746323 -21.334892 0.584910 3.008319 -13.821196 -0.000001 0.000001 -23.887129 -0.249075 -0.839485 -60.221107 2.639582 -0.780479 -0.294025 1.679686 0.833255 -14.218195 0.093215 1.300579 -34.212002 -0.287561 0.967166 -20.033176 0.964536 1.212838 0.000000 -0.000000 0.000000 -3.440387 0.788233 0.501655 -15.928172 -3.167306 2.999703 -6.338817 -0.000000 0.000001 -18.123419 3.648181 -4.905662 -0.000004 0.000000 -0.000002 4.386890 20.677582 13.843470 47.359856 35.514221 10.407282 0.392605 33.138618 0.689525 -20.957268 2.479704 -6.897591 2.243540 -5.255033 -3.180156 14.282877 -0.826594 6.952496 -0.000000 -12.690593 -0.000001 16.322905 -17.662037 2.257005 1.665665 -1.955920 -2.878297 4.727794 -4.170584 4.993919 11.020511 0.000001 -0.000000 12.109032 -3.735715 -2.866778 0.000000 -0.000000 0.000000 1.291985 -1.928548 -1.498088 14.800115 0.567467 3.865604 14.242553 -1.341738 -6.660648 19.631935 0.143921 -0.648243 49.460621 -0.189732 -6.662537 0.353029 -1.511150 -0.031940 20.222769 3.684305 2.316629 18.787249 0.000001 -0.000001 10.751608 -0.479870 1.397903 0.000000 -0.000000 0.000000 3.273804 0.305947 -0.580110 21.486790 11.830364 2.266131 8.162915 0.000000 -0.000000 18.399052 -3.798986 -4.940567 0.000003 0.000000 -0.000001 0.418467 7.328075 -40.211288 -0.134307 0.011347 10.507694 -4.759327 -2.308259 5.284812 1.626655 -2.096303 -0.016878 0.000000 -0.000000 0.000002 10.051951 -22.166014 -39.222713 0.144288 -0.041373 13.941292 1.002661 -10.762980 -2.784033 -1.424456 1.026747 -0.217984 0.000000 -0.000000 -0.000001
0.000000 0.000000 0.000000 0.000000 -0.000000 0.000000 -1.248182 -0.270444 -3.753777 0.645612 7.439569 28.505207 1.273495 0.072460 11.721332 0.507788 0.389621 0.930616 2.400788 0.022259 28.348410 0.906820 0.913315 32.235226 -0.368973 -3.339012 -3.846534 2.090593 -5.377147 -6.938738 0.000077 -0.000022 0.000006 0.137415 -0.001811 -0.221372 0.758781 -3.683220 -10.875199 -0.472289 3.679795 -10.932314 -8.747005 -8.906833 13.982700 -58.906784 -18.722471 12.108835 -1.260286 -56.121105 -0.453191 13.392074 -5.733161 -0.606267 -5.882102 9.861279 0.702590 -10.936861 -0.360574 7.156197 0.000000 8.774815 -0.000000 -16.343870 17.762606 5.953744 -1.844031 2.498503 -2.507276 -10.163590 4.678941 4.621104 -20.975996 -0.000001 0.000001 -21.226254 2.451698 -3.593995 0.000000 -0.000006 -0.000000 -1.362681 2.240797 -0.746323 -21.334892 0.584910 3.008319 -13.821196 -0.000001 0.000001 -23.887129 -0.249075 -0.839485 -60.125160 2.572314 -0.719950 -0.294025 1.679686 0.833255 -14.218195 0.093215 1.300579 -34.212002 -0.287561 0.967166 -20.033176 0.964536 1.212838 0.000000 -0.000000 0.000000 -3.440387 0.788233 0.501655 -15.928172 -3.167306 2.999703 -6.338817 -0.000000 0.000001 -18.123419 3.648181 -4.905662 -0.000004 0.000000 -0.000002 2.914342 21.561003 13.010720 43.784966 37.882061 6.341258 0.319099 32.649940 0.666412 -22.171200 2.319942 -7.753113 2.243540 -5.255033 -3.180156 14.282877 -0.826594 6.952496 -0.000000 -12.690593 -0.000001 16.325565 -17.726793 2.259568 1.665665 -1.955920 -2.878297 4.727794 -4.170584 4.993919 11.020511 0.000001 -0.000000 12.109032 -3.735715 -2.866778 0.000000 -0.000000 0.000000 1.291985 -1.928548 -1.498088 14.800115 0.567467 3.865604 14.242553 -1.341738 -6.660648 19.631935 0.143921 -0.648243 49.495663 -0.214605 -6.687368 0.353029 -1.511150 -0.031940 20.222769 3.684305 2.316629 18.787249 0.000001 -0.000001 10.751608 -0.479870 1.397903 0.000000 -0.000000 0.000000 3.273804 0.305947 -0.580110 21.486790 11.830364 2.266131 8.162915 0.000000 -0.000000 18.399052 -3.798986 -4.940567 0.000003 0.000000 -0.000001 -0.520428 7.159191 -44.021641 -0.158388 -0.036111 12.293346 -4.491270 -2.419131 5.169841 1.630753 -2.091452 -0.079970 0.000000 -0.000000 0.000002 10.989826 -22.336386 -43.942741 0.148641 -0.035214 17.001350 0.969549 -10.308875 -3.581083 -1.427559 1.043034 -0.311364 0.000000 -0.000000 -0.000001
0.000000 0.000000 0.000000 0.000000 -0.000000 0.000000 -1.144957 -0.785375 -4.520382 1.086564 7.499702 30.692537 1.305878 -0.015861 12.960786 0.621432 0.487180 1.502549 2.579309 0.203061 28.908417 1.114805 0.703797 31.157543 -0.328192 -3.562773 -3.858822 1.425192 -5.779334 -7.672404 0.000077 -0.000022 0.000006 0.152258 0.005414 -0.230526 0.737032 -3.674711 -10.889934 -0.419547 3.688019 -10.966433 -8.149753 -9.304412 13.481423 -59.359699 -18.725241 11.263152 -1.431341 -57.203224 -0.252995 13.566031 -6.317745 -0.373779 -5.882102 9.861279 0.702590 -10.936861 -0.360574 7.156197 0.000000 8.774815 -0.000000 -16.339649 17.693247 5.934869 -1.844031 2.498503 -2.507276 -10.163590 4.678941 4.621104 -20.975996 -0.000001 0.000001 -21.226254 2.451698 -3.593995 0.000000 -0.000006 -0.000000 -1.362681 2.240797 -0.746323 -21.334892 0.584910 3.008319 -13.821196 -0.000001 0.000001 -23.887129 -0.249075 -0.839485 -59.997093 2.541887 -0.693344 -0.294025 1.679686 0.833255 -14.218195 0.093215 1.300579 -34.212002 -0.287561 0.967166 -20.033176 0.964536 1.212838 0.000000 -0.000000 0.000000 -3.440387 0.788233 0.501655 -15.928172 -3.167306 2.999703 -6.338817 -0.000000 0.000001 -18.123419 3.648181 -4.905662 -0.000004 0.000000 -0.000002 1.441767 22.396830 12.089985 39.726051 39.979218 1.818065 0.227744 31.936398 0.633431 -23.227354 2.099865 -8.671046 2.243540 -5.255033 -3.180156 14.282877 -0.826594 6.952496 -0.000000 -12.690593 -0.000001 16.330790 -17.777105 2.260844 1.665665 -1.955920 -2.878297 4.727794 -4.170584 4.993919 11.020511 0.000001 -0.000000 12.109032 -3.735715 -2.866778 0.000000 -0.000000 0.000000 1.291985 -1.928548 -1.498088 14.800115 0.567467 3.865604 14.242553 -1.341738 -6.660648 19.631935 0.143921 -0.648243 49.526066 -0.253844 -6.712986 0.353029 -1.511150 -0.031940 20.222769 3.684305 2.316629 18.787249 0.000001 -0.000001 10.751608 -0.479870 1.397903 0.000000 -0.000000 0.000000 3.273804 0.305947 -0.580110 21.486790 11.830364 2.266131 8.162915 0.000000 -0.000000 18.399052 -3.798986 -4.940567 0.000003 0.000000 -0.000001 -1.472977 6.897860 -47.927170 -0.184842 -0.078668 14.307864 -4.219476 -2.563404 4.814934 1.632976 -2.077529 -0.149001 0.000000 -0.000000 0.000002 11.935652 -22.502768 -48.737179 0.154305 -0.029240 20.206980 0.989457 -9.832235 -4.479591 -1.429058 1.052298 -0.410443 0.000000 -0.000000 -0.000001
0.000000 0.000000 0.000000 0.000000 -0.000000 0.000000 -1.034565 -1.394371 -5.237100 1.564552 7.526285 32.834019 1.334573 -0.107639 14.127570 0.715073 0.611028 2.062867 2.699784 0.383561 29.394115 1.266682 0.503752 29.906649 -0.240112 -3.754646 -3.865691 0.879939 -6.149089 -8.362375 0.000077 -0.000022 0.000006 0.161659 0.013815 -0.239933 0.712489 -3.664124 -10.900050 -0.375437 3.696920 -10.994874 -7.703174 -9.686340 12.975483 -59.771149 -18.750937 10.433894 -1.636621 -58.147308 -0.009381 13.765245 -6.810371 0.085711 -5.882102 9.861279 0.702590 -10.936861 -0.360574 7.156197 0.000000 8.774815 -0.000000 -16.315483 17.647322 5.951303 -1.844031 2.498503 -2.507276 -10.163590 4.678941 4.621104 -20.975996 -0.000001 0.000001 -21.226254 2.451698 -3.593995 0.000000 -0.000006 -0.000000 -1.362681 2.240797 -0.746323 -21.334892 0.584910 3.008319 -13.821196 -0.000001 0.000001 -23.887129 -0.249075 -0.839485 -59.873768 2.536145 -0.697370 -0.294025 1.679686 0.833255 -14.218195 0.093215 1.300579 -34.212002 -0.287561 0.967166 -20.033176 0.964536 1.212838 0.000000 -0.000000 0.000000 -3.440387 0.788233 0.501655 -15.928172 -3.167306 2.999703 -6.338817 -0.000000 0.000001 -18.123419 3.648181 -4.905662 -0.000004 0.000000 -0.000002 -0.071584 23.184343 11.107068 35.336296 41.670734 -2.848653 0.121134 31.084785 0.604798 -24.085693 1.757567 -9.632813 2.243540 -5.255033 -3.180156 14.282877 -0.826594 6.952496 -0.000000 -12.690593 -0.000001 16.331392 -17.824347 2.274074 1.665665 -1.955920 -2.878297 4.727794 -4.170584 4.993919 11.020511 0.000001 -0.000000 12.109032 -3.735715 -2.866778 0.000000 -0.000000 0.000000 1.291985 -1.928548 -1.498088 14.800115 0.567467 3.865604 14.242553 -1.341738 -6.660648 19.631935 0.143921 -0.648243 49.559875 -0.306434 -6.733117 0.353029 -1.511150 -0.031940 20.222769 3.684305 2.316629 18.787249 0.000001 -0.000001 10.751608 -0.479870 1.397903 0.000000 -0.000000 0.000000 3.273804 0.305947 -0.580110 21.486790 11.830364 2.266131 8.162915 0.000000 -0.000000 18.399052 -3.798986 -4.940567 0.000003 0.000000 -0.000001 -2.456797 6.596060 -51.825592 -0.212394 -0.107994 16.506115 -3.983551 -2.792039 4.250221 1.635641 -2.062115 -0.202273 0.000000 -0.000000 0.000002 12.807372 -22.609888 -53.475868 0.170251 -0.027725 23.472553 1.038772 -9.387657 -5.437514 -1.428902 1.054082 -0.492557 0.000000 -0.000000 -0.000001
0.000000 0.000000 0.000000 0.000000 -0.000000 0.000000 -0.915131 -2.080213 -5.892858 2.059687 7.525405 34.898468 1.347301 -0.197933 15.218411 0.801632 0.759256 2.598856 2.737043 0.555923 29.825001 1.385547 0.305339 28.540987 -0.110108 -3.904578 -3.877777 0.473271 -6.479584 -8.991453 0.000077 -0.000022 0.000006 0.166295 0.021396 -0.249700 0.689329 -3.651437 -10.912650 -0.342251 3.702248 -11.018419 -7.386149 -10.067373 12.504599 -60.091949 -18.786810 9.676513 -1.833320 -59.069080 0.183440 13.966463 -7.318978 0.723092 -5.882102 9.861279 0.702590 -10.936861 -0.360574 7.156197 0.000000 8.774815 -0.000000 -16.302542 17.625431 5.985927 -1.844031 2.498503 -2.507276 -10.163590 4.678941 4.621104 -20.975996 -0.000001 0.000001 -21.226254 2.451698 -3.593995 0.000000 -0.000006 -0.000000 -1.362681 2.240797 -0.746323 -21.334892 0.584910 3.008319 -13.821196 -0.000001 0.000001 -23.887129 -0.249075 -0.839485 -59.833038 2.547019 -0.741491 -0.294025 1.679686 0.833255 -14.218195 0.093215 1.300579 -34.212002 -0.287561 0.967166 -20.033176 0.964536 1.212838 0.000000 -0.000000 0.000000 -3.440387 0.788233 0.501655 -15.928172 -3.167306 2.999703 -6.338817 -0.000000 0.000001 -18.123419 3.648181 -4.905662 -0.000004 0.000000 -0.000002 -1.593017 23.908968 10.088331 30.700266 42.857624 -7.405271 0.064393 30.239174 0.572589 -24.646345 1.341067 -10.627617 2.243540 -5.255033 -3.180156 14.282877 -0.826594 6.952496 -0.000000 -12.690593 -0.000001 16.335791 -17.865213 2.293342 1.665665 -1.955920 -2.878297 4.727794 -4.170584 4.993919 11.020511 0.000001 -0.000000 12.109032 -3.735715 -2.866778 0.000000 -0.000000 0.000000 1.291985 -1.928548 -1.498088 14.800115 0.567467 3.865604 14.242553 -1.341738 -6.660648 19.631935 0.143921 -0.648243 49.605705 -0.358720 -6.754894 0.353029 -1.511150 -0.031940 20.222769 3.684305 2.316629 18.787249 0.000001 -0.000001 10.751608 -0.479870 1.397903 0.000000 -0.000000 0.000000 3.273804 0.305947 -0.580110 21.486790 11.830364 2.266131 8.162915 0.000000 -0.000000 18.399052 -3.798986 -4.940567 0.000003 0.000000 -0.000001 -3.453995 6.266164 -55.686840 -0.236724 -0.127920 18.898094 -3.778180 -3.092206 3.526911 1.638759 -2.048879 -0.239226 0.000000 -0.000000 0.000002 13.586074 -22.650553 -58.068405 0.190076 -0.035593 26.715429 1.101661 -9.010818 -6.417288 -1.427978 1.052255 -0.561365 0.000000 -0.000000 -0.000001
0.000000 0.000000 0.000000 0.000000 -0.000000 0.000000 -0.805844 -2.822252 -6.478353 2.557908 7.529318 36.849987 1.344475 -0.283745 16.230675 0.878985 0.923553 3.090552 2.689253 0.707499 30.183102 1.540526 0.102391 27.095894 0.001238 -4.012798 -3.887437 0.202792 -6.756301 -9.551391 0.000077 -0.000022 0.000006 0.155145 0.025498 -0.259748 0.658429 -3.639828 -10.927946 -0.333080 3.701734 -11.040936 -7.130481 -10.402533 12.092662 -60.369865 -18.853804 9.040319 -1.974075 -59.961304 0.249255 14.146347 -7.881858 1.397851 -5.882102 9.861279 0.702590 -10.936861 -0.360574 7.156197 0.000000 8.774815 -0.000000 -16.314909 17.659300 6.013149 -1.844031 2.498503 -2.507276 -10.163590 4.678941 4.621104 -20.975996 -0.000001 0.000001 -21.226254 2.451698 -3.593995 0.000000 -0.000006 -0.000000 -1.362681 2.240797 -0.746323 -21.334892 0.584910 3.008319 -13.821196 -0.000001 0.000001 -23.887129 -0.249075 -0.839485 -59.853992 2.575839 -0.826274 -0.294025 1.679686 0.833255 -14.218195 0.093215 1.300579 -34.212002 -0.287561 0.967166 -20.033176 0.964536 1.212838 0.000000 -0.000000 0.000000 -3.440387 0.788233 0.501655 -15.928172 -3.167306 2.999703 -6.338817 -0.000000 0.000001 -18.123419 3.648181 -4.905662 -0.000004 0.000000 -0.000002 -3.085211 24.525497 9.036862 26.094034 43.484730 -11.445131 0.031933 29.510567 0.528293 -24.803337 0.880406 -11.616978 2.243540 -5.255033 -3.180156 14.282877 -0.826594 6.952496 -0.000000 -12.690593 -0.000001 16.325516 -17.879086 2.317737 1.665665 -1.955920 -2.878297 4.727794 -4.170584 4.993919 11.020511 0.000001 -0.000000 12.109032 -3.735715 -2.866778 0.000000 -0.000000 0.000000 1.291985 -1.928548 -1.498088 14.800115 0.567467 3.865604 14.242553 -1.341738 -6.660648 19.631935 0.143921 -0.648243 49.632847 -0.390674 -6.774219 0.353029 -1.511150 -0.031940 20.222769 3.684305 2.316629 18.787249 0.000001 -0.000001 10.751608 -0.479870 1.397903 0.000000 -0.000000 0.000000 3.273804 0.305947 -0.580110 21.486790 11.830364 2.266131 8.162915 0.000000 -0.000000 18.399052 -3.798986 -4.940567 0.000003 0.000000 -0.000001 -4.421053 5.903800 -59.437412 -0.256637 -0.137733 21.413502 -3.604471 -3.438880 2.707549 1.643529 -2.042671 -0.266899 0.000000 -0.000000 0.000002 14.246373 -22.618132 -62.427563 0.204516 -0.059388 29.888140 1.164383 -8.715802 -7.409244 -1.427408 1.047341 -0.610287 0.000000 -0.000000 -0.000001
0.000000 0.000000 0.000000 0.000000 -0.000000 0.000000 -0.720675 -3.608507 -6.985580 3.039425 7.577368 38.698895 1.334239 -0.352002 17.154150 0.942777 1.097968 3.546496 2.600425 0.825241 30.469645 1.729487 -0.085767 25.554646 0.089798 -4.115959 -3.901568 0.056942 -6.982551 -10.039371 0.000077 -0.000022 0.000006 0.140277 0.027732 -0.270755 0.631673 -3.630606 -10.941188 -0.335425 3.699686 -11.059146 -6.895428 -10.669875 11.743821 -60.614021 -18.970797 8.595531 -2.010006 -60.745258 0.212580 14.305357 -8.401700 2.065819 -5.882102 9.861279 0.702590 -10.936861 -0.360574 7.156197 0.000000 8.774815 -0.000000 -16.345482 17.732452 6.045662 -1.844031 2.498503 -2.507276 -10.163590 4.678941 4.621104 -20.975996 -0.000001 0.000001 -21.226254 2.451698 -3.593995 0.000000 -0.000006 -0.000000 -1.362681 2.240797 -0.746323 -21.334892 0.584910 3.008319 -13.821196 -0.000001 0.000001 -23.887129 -0.249075 -0.839485 -59.906212 2.615459 -0.904702 -0.294025 1.679686 0.833255 -14.218195 0.093215 1.300579 -34.212002 -0.287561 0.967166 -20.033176 0.964536 1.212838 0.000000 -0.000000 0.000000 -3.440387 0.788233 0.501655 -15.928172 -3.167306 2.999703 -6.338817 -0.000000 0.000001 -18.123419 3.648181 -4.905662 -0.000004 0.000000 -0.000002 -4.496381 25.065775 7.976559 21.641975 43.547306 -14.915706 0.006233 28.945284 0.482109 -24.606302 0.376318 -12.480228 2.243540 -5.255033 -3.180156 14.282877 -0.826594 6.952496 -0.000000 -12.690593 -0.000001 16.297495 -17.868618 2.352286 1.665665 -1.955920 -2.878297 4.727794 -4.170584 4.993919 11.020511 0.000001 -0.000000 12.109032 -3.735715 -2.866778 0.000000 -0.000000 0.000000 1.291985 -1.928548 -1.498088 14.800115 0.567467 3.865604 14.242553 -1.341738 -6.660648 19.631935 0.143921 -0.648243 49.620789 -0.416288 -6.796914 0.353029 -1.511150 -0.031940 20.222769 3.684305 2.316629 18.787249 0.000001 -0.000001 10.751608 -0.479870 1.397903 0.000000 -0.000000 0.000000 3.273804 0.305947 -0.580110 21.486790 11.830364 2.266131 8.162915 0.000000 -0.000000 18.399052 -3.798986 -4.940567 0.000003 0.000000 -0.000001 -5.356770 5.544972 -63.064720 -0.272246 -0.141116 23.990841 -3.464038 -3.869325 1.822671 1.649336 -2.032956 -0.315471 0.000000 -0.000000 0.000002 14.798250 -22.506296 -66.540520 0.213047 -0.087159 32.981304 1.257843 -8.550148 -8.426390 -1.427148 1.040776 -0.662308 0.000000 -0.000000 -0.000001
0.000000 0.000000 0.000000 0.000000 -0.000000 0.000000 -0.661629 -4.408649 -7.416712 3.471875 7.687496 40.452969 1.326364 -0.402672 17.986124 0.979884 1.277008 3.965194 2.517536 0.917774 30.697802 1.931079 -0.272025 23.958431 0.171609 -4.214002 -3.920538 0.005308 -7.158258 -10.467452 0.000077 -0.000022 0.000006 0.139235 0.032299 -0.282877 0.628145 -3.621755 -10.960700 -0.333359 3.702197 -11.077991 -6.695182 -10.876575 11.443954 -60.758072 -19.101704 8.483079 -1.778190 -61.407928 0.009560 14.461831 -8.772692 2.683012 -5.882102 9.861279 0.702590 -10.936861 -0.360574 7.156197 0.000000 8.774815 -0.000000 -16.365875 17.800175 6.094083 -1.844031 2.498503 -2.507276 -10.163590 4.678941 4.621104 -20.975996 -0.000001 0.000001 -21.226254 2.451698 -3.593995 0.000000 -0.000006 -0.000000 -1.362681 2.240797 -0.746323 -21.334892 0.584910 3.008319 -13.821196 -0.000001 0.000001 -23.887129 -0.249075 -0.839485 -59.995739 2.651179 -1.011938 -0.294025 1.679686 0.833255 -14.218195 0.093215 1.300579 -34.212002 -0.287561 0.967166 -20.033176 0.964536 1.212838 0.000000 -0.000000 0.000000 -3.440387 0.788233 0.501655 -15.928172 -3.167306 2.999703 -6.338817 -0.000000 0.000001 -18.123419 3.648181 -4.905662 -0.000004 0.000000 -0.000002 -5.749419 25.578386 6.939927 17.387491 43.107182 -17.836449 -0.018090 28.498659 0.419929 -24.159163 -0.070896 -13.239477 2.243540 -5.255033 -3.180156 14.282877 -0.826594 6.952496 -0.000000 -12.690593 -0.000001 16.256201 -17.840616 2.399730 1.665665 -1.955920 -2.878297 4.727794 -4.170584 4.993919 11.020511 0.000001 -0.000000 12.109032 -3.735715 -2.866778 0.000000 -0.000000 0.000000 1.291985 -1.928548 -1.498088 14.800115 0.567467 3.865604 14.242553 -1.341738 -6.660648 19.631935 0.143921 -0.648243 49.595856 -0.459473 -6.823134 0.353029 -1.511150 -0.031940 20.222769 3.684305 2.316629 18.787249 0.000001 -0.000001 10.751608 -0.479870 1.397903 0.000000 -0.000000 0.000000 3.273804 0.305947 -0.580110 21.486790 11.830364 2.266131 8.162915 0.000000 -0.000000 18.399052 -3.798986 -4.940567 0.000003 0.000000 -0.000001 -6.207975 5.185588 -66.528397 -0.283364 -0.139803 26.521212 -3.357363 -4.391844 0.945965 1.656562 -2.015118 -0.387913 0.000000 -0.000000 0.000002 15.291758 -22.328081 -70.366562 0.208392 -0.119637 35.892216 1.359667 -8.516499 -9.417480 -1.427561 1.029764 -0.717358 0.000000 -0.000000 -0.000001
0.000000 0.000000 0.000000 0.000000 -0.000000 0.000000 -0.636535 -5.221050 -7.778086 3.863984 7.861895 42.124859 1.325564 -0.437748 18.769087 0.989182 1.449694 4.352173 2.442276 0.991769 30.852016 2.190309 -0.460873 22.324867 0.245731 -4.308689 -3.939435 0.022507 -7.296805 -10.855184 0.000077 -0.000022 0.000006 0.135228 0.034673 -0.291110 0.630107 -3.619239 -10.986314 -0.342729 3.706671 -11.096241 -6.483359 -11.023088 11.143973 -60.826790 -19.163881 8.699121 -1.293070 -62.006908 -0.411822 14.679170 -9.019250 3.337323 -5.882102 9.861279 0.702590 -10.936861 -0.360574 7.156197 0.000000 8.774815 -0.000000 -16.380924 17.845512 6.172590 -1.844031 2.498503 -2.507276 -10.163590 4.678941 4.621104 -20.975996 -0.000001 0.000001 -21.226254 2.451698 -3.593995 0.000000 -0.000006 -0.000000 -1.362681 2.240797 -0.746323 -21.334892 0.584910 3.008319 -13.821196 -0.000001 0.000001 -23.887129 -0.249075 -0.839485 -60.151939 2.668929 -1.087272 -0.294025 1.679686 0.833255 -14.218195 0.093215 1.300579 -34.212002 -0.287561 0.967166 -20.033176 0.964536 1.212838 0.000000 -0.000000 0.000000 -3.440387 0.788233 0.501655 -15.928172 -3.167306 2.999703 -6.338817 -0.000000 0.000001 -18.123419 3.648181 -4.905662 -0.000004 0.000000 -0.000002 -6.879657 26.020130 5.922837 13.493327 42.336712 -20.440399 -0.006572 28.192430 0.365951 -23.762823 -0.373933 -13.863519 2.243540 -5.255033 -3.180156 14.282877 -0.826594 6.952496 -0.000000 -12.690593 -0.000001 16.237034 -17.828667 2.445459 1.665665 -1.955920 -2.878297 4.727794 -4.170584 4.993919 11.020511 0.000001 -0.000000 12.109032 -3.735715 -2.866778 0.000000 -0.000000 0.000000 1.291985 -1.928548 -1.498088 14.800115 0.567467 3.865604 14.242553 -1.341738 -6.660648 19.631935 0.143921 -0.648243 49.584450 -0.508334 -6.846715 0.353029 -1.511150 -0.031940 20.222769 3.684305 2.316629 18.787249 0.000001 -0.000001 10.751608 -0.479870 1.397903 0.000000 -0.000000 0.000000 3.273804 0.305947 -0.580110 21.486790 11.830364 2.266131 8.162915 0.000000 -0.000000 18.399052 -3.798986 -4.940567 0.000003 0.000000 -0.000001 -7.009674 4.851221 -69.841400 -0.289898 -0.130826 28.988792 -3.233157 -5.015407 0.108225 1.664958 -1.988825 -0.464024 0.000000 -0.000000 0.000002 15.748337 -22.113024 -73.940163 0.200157 -0.153649 38.641575 1.441876 -8.541336 -10.387778 -1.428663 1.020834 -0.750520 0.000000 -0.000000 -0.000001
0.000000 0.000000 0.000000 0.000000 -0.000000 0.000000 -0.648586 -6.016414 -8.064327 4.236111 8.124576 43.731899 1.343153 -0.467737 19.490765 0.966777 1.602058 4.704691 2.400985 1.030354 30.937479 2.506870 -0.644134 20.667583 0.288753 -4.424155 -3.958609 0.073941 -7.405806 -11.152454 0.000077 -0.000022 0.000006 0.132422 0.036130 -0.298426 0.638515 -3.618283 -11.015103 -0.356363 3.710602 -11.113520 -6.272626 -11.155738 10.844438 -60.851162 -19.092012 9.141212 -0.472348 -62.618717 -1.133294 15.013873 -9.165199 4.018404 -5.882102 9.861279 0.702590 -10.936861 -0.360574 7.156197 0.000000 8.774815 -0.000000 -16.400757 17.884758 6.261536 -1.844031 2.498503 -2.507276 -10.163590 4.678941 4.621104 -20.975996 -0.000001 0.000001 -21.226254 2.451698 -3.593995 0.000000 -0.000006 -0.000000 -1.362681 2.240797 -0.746323 -21.334892 0.584910 3.008319 -13.821196 -0.000001 0.000001 -23.887129 -0.249075 -0.839485 -60.309006 2.687746 -1.134897 -0.294025 1.679686 0.833255 -14.218195 0.093215 1.300579 -34.212002 -0.287561 0.967166 -20.033176 0.964536 1.212838 0.000000 -0.000000 0.000000 -3.440387 0.788233 0.501655 -15.928172 -3.167306 2.999703 -6.338817 -0.000000 0.000001 -18.123419 3.648181 -4.905662 -0.000004 0.000000 -0.000002 -7.894886 26.375391 4.968626 9.963186 41.391945 -22.838388 -0.003223 27.978439 0.320891 -23.528254 -0.537158 -14.364236 2.243540 -5.255033 -3.180156 14.282877 -0.826594 6.952496 -0.000000 -12.690593 -0.000001 16.260796 -17.848734 2.484813 1.665665 -1.955920 -2.878297 4.727794 -4.170584 4.993919 11.020511 0.000001 -0.000000 12.109032 -3.735715 -2.866778 0.000000 -0.000000 0.000000 1.291985 -1.928548 -1.498088 14.800115 0.567467 3.865604 14.242553 -1.341738 -6.660648 19.631935 0.143921 -0.648243 49.628845 -0.561753 -6.865720 0.353029 -1.511150 -0.031940 20.222769 3.684305 2.316629 18.787249 0.000001 -0.000001 10.751608 -0.479870 1.397903 0.000000 -0.000000 0.000000 3.273804 0.305947 -0.580110 21.486790 11.830364 2.266131 8.162915 0.000000 -0.000000 18.399052 -3.798986 -4.940567 0.000003 0.000000 -0.000001 -7.784148 4.527186 -72.993980 -0.289108 -0.114446 31.349951 -3.041290 -5.739475 -0.594128 1.671854 -1.967215 -0.520691 0.000000 -0.000000 0.000002 16.195747 -21.910038 -77.259468 0.184173 -0.197880 41.179913 1.484983 -8.607282 -11.316558 -1.428710 1.011499 -0.760510 0.000000 -0.000000 -0.000001
0.000000 0.000000 0.000000 0.000000 -0.000000 0.000000 -0.702050 -6.802173 -8.287301 4.589721 8.466844 45.256721 1.380229 -0.491013 20.157648 0.932621 1.728492 5.035309 2.378675 1.041112 30.953655 2.895584 -0.819437 19.043118 0.264771 -4.533307 -3.971489 0.179420 -7.496805 -11.332571 0.000077 -0.000022 0.000006 0.124761 0.036229 -0.305552 0.650542 -3.622751 -11.055155 -0.383413 3.717022 -11.139599 -6.091783 -11.280422 10.553832 -60.852928 -18.928982 9.620878 0.484022 -63.153316 -1.954172 15.505431 -9.272178 4.614399 -5.882102 9.861279 0.702590 -10.936861 -0.360574 7.156197 0.000000 8.774815 -0.000000 -16.410704 17.888483 6.346136 -1.844031 2.498503 -2.507276 -10.163590 4.678941 4.621104 -20.975996 -0.000001 0.000001 -21.226254 2.451698 -3.593995 0.000000 -0.000006 -0.000000 -1.362681 2.240797 -0.746323 -21.334892 0.584910 3.008319 -13.821196 -0.000001 0.000001 -23.887129 -0.249075 -0.839485 -60.428493 2.711381 -1.151863 -0.294025 1.679686 0.833255 -14.218195 0.093215 1.300579 -34.212002 -0.287561 0.967166 -20.033176 0.964536 1.212838 0.000000 -0.000000 0.000000 -3.440387 0.788233 0.501655 -15.928172 -3.167306 2.999703 -6.338817 -0.000000 0.000001 -18.123419 3.648181 -4.905662 -0.000004 0.000000 -0.000002 -8.770311 26.649273 4.099422 6.790520 40.380787 -25.120096 0.004061 27.845863 0.270697 -23.616442 -0.538998 -14.782770 2.243540 -5.255033 -3.180156 14.282877 -0.826594 6.952496 -0.000000 -12.690593 -0.000001 16.316839 -17.890041 2.511065 1.665665 -1.955920 -2.878297 4.727794 -4.170584 4.993919 11.020511 0.000001 -0.000000 12.109032 -3.735715 -2.866778 0.000000 -0.000000 0.000000 1.291985 -1.928548 -1.498088 14.800115 0.567467 3.865604 14.242553 -1.341738 -6.660648 19.631935 0.143921 -0.648243 49.708874 -0.608326 -6.880698 0.353029 -1.511150 -0.031940 20.222769 3.684305 2.316629 18.787249 0.000001 -0.000001 10.751608 -0.479870 1.397903 0.000000 -0.000000 0.000000 3.273804 0.305947 -0.580110 21.486790 11.830364 2.266131 8.162915 0.000000 -0.000000 18.399052 -3.798986 -4.940567 0.000003 0.000000 -0.000001 -8.526832 4.216669 -75.995995 -0.282877 -0.094030 33.646957 -2.804706 -6.535869 -1.191891 1.678079 -1.947881 -0.550937 0.000000 -0.000000 0.000002 16.630716 -21.718939 -80.347908 0.162506 -0.245486 43.575867 1.467502 -8.723254 -12.229289 -1.428710 1.012281 -0.748623 0.000000 -0.000000 -0.000001
0.000000 0.000000 0.000000 0.000000 -0.000000 0.000000 -0.787731 -7.593677 -8.453804 4.943101 8.856993 46.657387 1.423283 -0.504632 20.760658 0.916394 1.818552 5.344889 2.322223 1.029756 30.916708 3.360486 -0.981856 17.519646 0.163403 -4.646803 -3.975352 0.293857 -7.575205 -11.460356 0.000077 -0.000022 0.000006 0.106665 0.032744 -0.312187 0.649222 -3.633258 -11.084469 -0.418004 3.721420 -11.161902 -5.916881 -11.372730 10.285874 -60.857765 -18.737869 10.065796 1.396227 -63.575825 -2.714851 16.140781 -9.382735 5.014379 -5.882102 9.861279 0.702590 -10.936861 -0.360574 7.156197 0.000000 8.774815 -0.000000 -16.402161 17.829540 6.399941 -1.844031 2.498503 -2.507276 -10.163590 4.678941 4.621104 -20.975996 -0.000001 0.000001 -21.226254 2.451698 -3.593995 0.000000 -0.000006 -0.000000 -1.362681 2.240797 -0.746323 -21.334892 0.584910 3.008319 -13.821196 -0.000001 0.000001 -23.887129 -0.249075 -0.839485 -60.500252 2.741634 -1.160281 -0.294025 1.679686 0.833255 -14.218195 0.093215 1.300579 -34.212002 -0.287561 0.967166 -20.033176 0.964536 1.212838 0.000000 -0.000000 0.000000 -3.440387 0.788233 0.501655 -15.928172 -3.167306 2.999703 -6.338817 -0.000000 0.000001 -18.123419 3.648181 -4.905662 -0.000004 0.000000 -0.000002 -9.495740 26.813498 3.336117 4.021160 39.443939 -27.275236 0.041134 27.845552 0.221351 -24.064320 -0.414239 -15.198064 2.243540 -5.255033 -3.180156 14.282877 -0.826594 6.952496 -0.000000 -12.690593 -0.000001 16.374371 -17.941696 2.526878 1.665665 -1.955920 -2.878297 4.727794 -4.170584 4.993919 11.020511 0.000001 -0.000000 12.109032 -3.735715 -2.866778 0.000000 -0.000000 0.000000 1.291985 -1.928548 -1.498088 14.800115 0.567467 3.865604 14.242553 -1.341738 -6.660648 19.631935 0.143921 -0.648243 49.799358 -0.652394 -6.894468 0.353029 -1.511150 -0.031940 20.222769 3.684305 2.316629 18.787249 0.000001 -0.000001 10.751608 -0.479870 1.397903 0.000000 -0.000000 0.000000 3.273804 0.305947 -0.580110 21.486790 11.830364 2.266131 8.162915 0.000000 -0.000000 18.399052 -3.798986 -4.940567 0.000003 0.000000 -0.000001 -9.266822 3.928111 -78.807594 -0.279035 -0.074103 35.899597 -2.556423 -7.371821 -1.774170 1.684898 -1.929315 -0.556298 0.000000 -0.000000 0.000002 17.083317 -21.606306 -83.239799 0.136759 -0.300538 45.921822 1.401545 -8.797638 -13.151084 -1.429699 1.019832 -0.706685 0.000000 -0.000000 -0.000001
0.000000 0.000000 0.000000 0.000000 -0.000000 0.000000 -0.895677 -8.405193 -8.569155 5.297451 9.283731 47.905010 1.463321 -0.490659 21.327953 0.930952 1.885270 5.633019 2.239822 0.993418 30.830917 3.882542 -1.129889 16.175188 0.001107 -4.790724 -3.972610 0.396396 -7.641444 -11.628200 0.000077 -0.000022 0.000006 0.081983 0.025298 -0.315454 0.633588 -3.649441 -11.100698 -0.451472 3.722475 -11.179232 -5.727180 -11.420101 10.056700 -60.931847 -18.554327 10.473769 2.269652 -63.913940 -3.420245 16.791708 -9.469130 5.170765 -5.882102 9.861279 0.702590 -10.936861 -0.360574 7.156197 0.000000 8.774815 -0.000000 -16.376520 17.780439 6.453274 -1.844031 2.498503 -2.507276 -10.163590 4.678941 4.621104 -20.975996 -0.000001 0.000001 -21.226254 2.451698 -3.593995 0.000000 -0.000006 -0.000000 -1.362681 2.240797 -0.746323 -21.334892 0.584910 3.008319 -13.821196 -0.000001 0.000001 -23.887129 -0.249075 -0.839485 -60.463669 2.802893 -1.170744 -0.294025 1.679686 0.833255 -14.218195 0.093215 1.300579 -34.212002 -0.287561 0.967166 -20.033176 0.964536 1.212838 0.000000 -0.000000 0.000000 -3.440387 0.788233 0.501655 -15.928172 -3.167306 2.999703 -6.338817 -0.000000 0.000001 -18.123419 3.648181 -4.905662 -0.000004 0.000000 -0.000002 -10.092264 26.871822 2.659504 1.645984 38.590508 -29.179907 0.102662 28.040506 0.165489 -24.791355 -0.211911 -15.551957 2.243540 -5.255033 -3.180156 14.282877 -0.826594 6.952496 -0.000000 -12.690593 -0.000001 16.409985 -17.979139 2.522834 1.665665 -1.955920 -2.878297 4.727794 -4.170584 4.993919 11.020511 0.000001 -0.000000 12.109032 -3.735715 -2.866778 0.000000 -0.000000 0.000000 1.291985 -1.928548 -1.498088 14.800115 0.567467 3.865604 14.242553 -1.341738 -6.660648 19.631935 0.143921 -0.648243 49.862812 -0.684800 -6.905735 0.353029 -1.511150 -0.031940 20.222769 3.684305 2.316629 18.787249 0.000001 -0.000001 10.751608 -0.479870 1.397903 0.000000 -0.000000 0.000000 3.273804 0.305947 -0.580110 21.486790 11.830364 2.266131 8.162915 0.000000 -0.000000 18.399052 -3.798986 -4.940567 0.000003 0.000000 -0.000001 -10.038280 3.685978 -81.430519 -0.278804 -0.049734 38.166008 -2.281348 -8.270664 -2.395760 1.690321 -1.904302 -0.573806 0.000000 -0.000000 0.000002 17.573166 -21.591051 -85.953247 0.111478 -0.343040 48.280174 1.301448 -8.830976 -14.159697 -1.432949 1.029183 -0.665245 0.000000 -0.000000 -0.000001
0.000000 0.000000 0.000000 0.000000 -0.000000 0.000000 -1.025390 -9.246647 -8.624390 5.644305 9.753220 48.961803 1.501088 -0.455239 21.871527 0.967996 1.947142 5.906476 2.187627 0.935376 30.734352 4.394602 -1.255941 14.965103 -0.158919 -4.963441 -3.966363 0.499056 -7.677906 -11.844080 0.000077 -0.000022 0.000006 0.062227 0.018580 -0.316404 0.616151 -3.665838 -11.111803 -0.473191 3.724582 -11.193876 -5.536801 -11.398760 9.872294 -61.119278 -18.400412 10.858666 3.057067 -64.165047 -4.082311 17.355156 -9.537833 5.100041 -5.882102 9.861279 0.702590 -10.936861 -0.360574 7.156197 0.000000 8.774815 -0.000000 -16.345995 17.781742 6.522388 -1.844031 2.498503 -2.507276 -10.163590 4.678941 4.621104 -20.975996 -0.000001 0.000001 -21.226254 2.451698 -3.593995 0.000000 -0.000006 -0.000000 -1.362681 2.240797 -0.746323 -21.334892 0.584910 3.008319 -13.821196 -0.000001 0.000001 -23.887129 -0.249075 -0.839485 -60.326069 2.874916 -1.182673 -0.294025 1.679686 0.833255 -14.218195 0.093215 1.300579 -34.212002 -0.287561 0.967166 -20.033176 0.964536 1.212838 0.000000 -0.000000 0.000000 -3.440387 0.788233 0.501655 -15.928172 -3.167306 2.999703 -6.338817 -0.000000 0.000001 -18.123419 3.648181 -4.905662 -0.000004 0.000000 -0.000002 -10.586287 26.868509 2.062380 -0.370707 37.777744 -30.748150 0.165077 28.405661 0.100453 -25.755980 0.050017 -15.746440 2.243540 -5.255033 -3.180156 14.282877 -0.826594 6.952496 -0.000000 -12.690593 -0.000001 16.415440 -18.000048 2.507545 1.665665 -1.955920 -2.878297 4.727794 -4.170584 4.993919 11.020511 0.000001 -0.000000 12.109032 -3.735715 -2.866778 0.000000 -0.000000 0.000000 1.291985 -1.928548 -1.498088 14.800115 0.567467 3.865604 14.242553 -1.341738 -6.660648 19.631935 0.143921 -0.648243 49.894241 -0.706107 -6.909356 0.353029 -1.511150 -0.031940 20.222769 3.684305 2.316629 18.787249 0.000001 -0.000001 10.751608 -0.479870 1.397903 0.000000 -0.000000 0.000000 3.273804 0.305947 -0.580110 21.486790 11.830364 2.266131 8.162915 0.000000 -0.000000 18.399052 -3.798986 -4.940567 0.000003 0.000000 -0.000001 -10.835144 3.508930 -83.847557 -0.281893 -0.021990 40.495842 -1.962121 -9.271045 -3.111391 1.692851 -1.876164 -0.598186 0.000000 -0.000000 0.000002 18.099327 -21.679829 -88.462616 0.087133 -0.372253 50.695454 1.193133 -8.822508 -15.243797 -1.437244 1.032421 -0.643503 0.000000 -0.000000 -0.000001
0.000000 0.000000 0.000000 0.000000 -0.000000 0.000000 -1.176914 -10.098873 -8.617115 5.985653 10.256704 49.783497 1.541562 -0.425608 22.393881 1.006334 2.024096 6.162448 2.203651 0.881522 30.672703 4.826452 -1.356028 13.856384 -0.243895 -5.133632 -3.964169 0.617111 -7.691399 -12.053646 0.000077 -0.000022 0.000006 0.056512 0.016803 -0.316345 0.608438 -3.676154 -11.114281 -0.476592 3.729757 -11.197278 -5.366167 -11.291726 9.671577 -61.386127 -18.273001 11.297490 3.610393 -64.233658 -4.539241 17.743505 -9.548457 4.908144 -5.882102 9.861279 0.702590 -10.936861 -0.360574 7.156197 0.000000 8.774815 -0.000000 -16.322752 17.836748 6.588534 -1.844031 2.498503 -2.507276 -10.163590 4.678941 4.621104 -20.975996 -0.000001 0.000001 -21.226254 2.451698 -3.593995 0.000000 -0.000006 -0.000000 -1.362681 2.240797 -0.746323 -21.334892 0.584910 3.008319 -13.821196 -0.000001 0.000001 -23.887129 -0.249075 -0.839485 -60.237556 2.906589 -1.201498 -0.294025 1.679686 0.833255 -14.218195 0.093215 1.300579 -34.212002 -0.287561 0.967166 -20.033176 0.964536 1.212838 0.000000 -0.000000 0.000000 -3.440387 0.788233 0.501655 -15.928172 -3.167306 2.999703 -6.338817 -0.000000 0.000001 -18.123419 3.648181 -4.905662 -0.000004 0.000000 -0.000002 -11.000894 26.896797 1.574173 -2.077483 36.933960 -31.995836 0.244974 28.804644 0.049328 -26.832903 0.375543 -15.754321 2.243540 -5.255033 -3.180156 14.282877 -0.826594 6.952496 -0.000000 -12.690593 -0.000001 16.401625 -18.014677 2.504404 1.665665 -1.955920 -2.878297 4.727794 -4.170584 4.993919 11.020511 0.000001 -0.000000 12.109032 -3.735715 -2.866778 0.000000 -0.000000 0.000000 1.291985 -1.928548 -1.498088 14.800115 0.567467 3.865604 14.242553 -1.341738 -6.660648 19.631935 0.143921 -0.648243 49.894463 -0.732264 -6.876423 0.353029 -1.511150 -0.031940 20.222769 3.684305 2.316629 18.787249 0.000001 -0.000001 10.751608 -0.479870 1.397903 0.000000 -0.000000 0.000000 3.273804 0.305947 -0.580110 21.486790 11.830364 2.266131 8.162915 0.000000 -0.000000 18.399052 -3.798986 -4.940567 0.000003 0.000000 -0.000001 -11.617947 3.390874 -85.974297 -0.284982 0.008115 42.826195 -1.636079 -10.319642 -3.918418 1.696710 -1.840496 -0.639655 0.000000 -0.000000 0.000002 18.635872 -21.885593 -90.694801 0.065132 -0.395284 53.126198 1.113953 -8.773840 -16.412222 -1.442153 1.024566 -0.621099 0.000000 -0.000000 -0.000001
0.000000 0.000000 0.000000 0.000000 -0.000000 0.000000 -1.346154 -10.945400 -8.546976 6.345851 10.795917 50.378365 1.591451 -0.413266 22.896374 1.040520 2.111475 6.405756 2.316578 0.856153 30.650627 5.179542 -1.455656 12.805080 -0.264903 -5.268782 -3.971433 0.769769 -7.693318 -12.203018 0.000077 -0.000022 0.000006 0.055707 0.017460 -0.316204 0.606767 -3.683501 -11.120024 -0.476204 3.736988 -11.199692 -5.247605 -11.154511 9.429457 -61.713566 -18.152084 11.846046 3.986680 -64.097321 -4.867804 17.996992 -9.520152 4.665430 -5.882102 9.861279 0.702590 -10.936861 -0.360574 7.156197 0.000000 8.774815 -0.000000 -16.300642 17.894630 6.650115 -1.844031 2.498503 -2.507276 -10.163590 4.678941 4.621104 -20.975996 -0.000001 0.000001 -21.226254 2.451698 -3.593995 0.000000 -0.000006 -0.000000 -1.362681 2.240797 -0.746323 -21.334892 0.584910 3.008319 -13.821196 -0.000001 0.000001 -23.887129 -0.249075 -0.839485 -60.186844 2.909635 -1.208908 -0.294025 1.679686 0.833255 -14.218195 0.093215 1.300579 -34.212002 -0.287561 0.967166 -20.033176 0.964536 1.212838 0.000000 -0.000000 0.000000 -3.440387 0.788233 0.501655 -15.928172 -3.167306 2.999703 -6.338817 -0.000000 0.000001 -18.123419 3.648181 -4.905662 -0.000004 0.000000 -0.000002 -11.381539 27.022310 1.148179 -3.500040 35.978149 -32.936031 0.325665 29.065275 0.031731 -27.976116 0.681556 -15.630335 2.243540 -5.255033 -3.180156 14.282877 -0.826594 6.952496 -0.000000 -12.690593 -0.000001 16.387506 -18.038893 2.499919 1.665665 -1.955920 -2.878297 4.727794 -4.170584 4.993919 11.020511 0.000001 -0.000000 12.109032 -3.735715 -2.866778 0.000000 -0.000000 0.000000 1.291985 -1.928548 -1.498088 14.800115 0.567467 3.865604 14.242553 -1.341738 -6.660648 19.631935 0.143921 -0.648243 49.848747 -0.759347 -6.834469 0.353029 -1.511150 -0.031940 20.222769 3.684305 2.316629 18.787249 0.000001 -0.000001 10.751608 -0.479870 1.397903 0.000000 -0.000000 0.000000 3.273804 0.305947 -0.580110 21.486790 11.830364 2.266131 8.162915 0.000000 -0.000000 18.399052 -3.798986 -4.940567 0.000003 0.000000 -0.000001 -12.386716 3.305792 -87.794922 -0.283715 0.034028 45.128155 -1.319916 -11.373940 -4.761938 1.699418 -1.808475 -0.686886 0.000000 -0.000000 0.000002 19.128428 -22.212727 -92.629807 0.044366 -0.415168 55.539787 1.055500 -8.734014 -17.644833 -1.446079 1.019180 -0.613134 0.000000 -0.000000 -0.000001
0.000000 0.000000 0.000000 0.000000 -0.000000 0.000000 -1.529713 -11.773281 -8.421989 6.727046 11.365256 50.802597 1.659477 -0.426860 23.355848 1.078336 2.204541 6.640831 2.493478 0.869884 30.655802 5.497210 -1.516713 11.762315 -0.296077 -5.398522 -3.979784 0.973054 -7.717887 -12.334603 0.000077 -0.000022 0.000006 0.047806 0.016758 -0.315570 0.598685 -3.692215 -11.128596 -0.483573 3.743241 -11.202167 -5.185083 -11.005972 9.237260 -62.044189 -18.074793 12.459035 4.277276 -63.825489 -5.170306 18.098661 -9.468792 4.313652 -5.882102 9.861279 0.702590 -10.936861 -0.360574 7.156197 0.000000 8.774815 -0.000000 -16.298073 17.930857 6.680901 -1.844031 2.498503 -2.507276 -10.163590 4.678941 4.621104 -20.975996 -0.000001 0.000001 -21.226254 2.451698 -3.593995 0.000000 -0.000006 -0.000000 -1.362681 2.240797 -0.746323 -21.334892 0.584910 3.008319 -13.821196 -0.000001 0.000001 -23.887129 -0.249075 -0.839485 -60.191582 2.896564 -1.187493 -0.294025 1.679686 0.833255 -14.218195 0.093215 1.300579 -34.212002 -0.287561 0.967166 -20.033176 0.964536 1.212838 0.000000 -0.000000 0.000000 -3.440387 0.788233 0.501655 -15.928172 -3.167306 2.999703 -6.338817 -0.000000 0.000001 -18.123419 3.648181 -4.905662 -0.000004 0.000000 -0.000002 -11.745513 27.269764 0.763009 -4.669302 34.894089 -33.557106 0.343536 29.118521 0.035482 -29.131079 0.840383 -15.532694 2.243540 -5.255033 -3.180156 14.282877 -0.826594 6.952496 -0.000000 -12.690593 -0.000001 16.382603 -18.070724 2.484455 1.665665 -1.955920 -2.878297 4.727794 -4.170584 4.993919 11.020511 0.000001 -0.000000 12.109032 -3.735715 -2.866778 0.000000 -0.000000 0.000000 1.291985 -1.928548 -1.498088 14.800115 0.567467 3.865604 14.242553 -1.341738 -6.660648 19.631935 0.143921 -0.648243 49.763630 -0.772135 -6.790112 0.353029 -1.511150 -0.031940 20.222769 3.684305 2.316629 18.787249 0.000001 -0.000001 10.751608 -0.479870 1.397903 0.000000 -0.000000 0.000000 3.273804 0.305947 -0.580110 21.486790 11.830364 2.266131 8.162915 0.000000 -0.000000 18.399052 -3.798986 -4.940567 0.000003 0.000000 -0.000001 -13.110155 3.227277 -89.339951 -0.288891 0.046031 47.343784 -1.009108 -12.367369 -5.616661 1.701622 -1.775049 -0.735613 0.000000 -0.000000 0.000002 19.541245 -22.624226 -94.292702 0.026726 -0.437864 57.890553 1.030632 -8.740173 -18.909410 -1.448039 1.017568 -0.582191 0.000000 -0.000000 -0.000001
0.000000 0.000000 0.000000 0.000000 -0.000000 0.000000 -1.719872 -12.565815 -8.240475 7.122278 11.920028 51.113266 1.728339 -0.460488 23.763689 1.116418 2.301105 6.860339 2.712865 0.918398 30.669212 5.781662 -1.516284 10.733115 -0.365589 -5.541421 -3.987319 1.195740 -7.771595 -12.469993 0.000077 -0.000022 0.000006 0.034185 0.015017 -0.314544 0.585965 -3.700809 -11.134593 -0.497980 3.747487 -11.203601 -5.187491 -10.863854 9.151519 -62.328453 -18.062611 13.059928 4.470708 -63.455990 -5.429258 18.108721 -9.449513 3.963295 -5.882102 9.861279 0.702590 -10.936861 -0.360574 7.156197 0.000000 8.774815 -0.000000 -16.315928 17.948294 6.674470 -1.844031 2.498503 -2.507276 -10.163590 4.678941 4.621104 -20.975996 -0.000001 0.000001 -21.226254 2.451698 -3.593995 0.000000 -0.000006 -0.000000 -1.362681 2.240797 -0.746323 -21.334892 0.584910 3.008319 -13.821196 -0.000001 0.000001 -23.887129 -0.249075 -0.839485 -60.234402 2.877653 -1.158968 -0.294025 1.679686 0.833255 -14.218195 0.093215 1.300579 -34.212002 -0.287561 0.967166 -20.033176 0.964536 1.212838 0.000000 -0.000000 0.000000 -3.440387 0.788233 0.501655 -15.928172 -3.167306 2.999703 -6.338817 -0.000000 0.000001 -18.123419 3.648181 -4.905662 -0.000004 0.000000 -0.000002 -12.075073 27.575373 0.425277 -5.638736 33.765984 -33.929180 0.294259 29.007456 0.029560 -30.262638 0.823292 -15.438827 2.243540 -5.255033 -3.180156 14.282877 -0.826594 6.952496 -0.000000 -12.690593 -0.000001 16.388355 -18.123808 2.460088 1.665665 -1.955920 -2.878297 4.727794 -4.170584 4.993919 11.020511 0.000001 -0.000000 12.109032 -3.735715 -2.866778 0.000000 -0.000000 0.000000 1.291985 -1.928548 -1.498088 14.800115 0.567467 3.865604 14.242553 -1.341738 -6.660648 19.631935 0.143921 -0.648243 49.679741 -0.778762 -6.746285 0.353029 -1.511150 -0.031940 20.222769 3.684305 2.316629 18.787249 0.000001 -0.000001 10.751608 -0.479870 1.397903 0.000000 -0.000000 0.000000 3.273804 0.305947 -0.580110 21.486790 11.830364 2.266131 8.162915 0.000000 -0.000000 18.399052 -3.798986 -4.940567 0.000003 0.000000 -0.000001 -13.768914 3.151004 -90.640480 -0.298975 0.048114 49.426941 -0.709765 -13.236039 -6.477831 1.702495 -1.742945 -0.783531 0.000000 -0.000000 0.000002 19.875792 -23.084799 -95.717033 0.011374 -0.465208 60.123772 1.020194 -8.766624 -20.168413 -1.449448 1.017607 -0.553672 0.000000 -0.000000 -0.000001
0.000000 0.000000 0.000000 0.000000 -0.000000 0.000000 -1.913261 -13.335422 -8.003567 7.529978 12.439464 51.351196 1.782686 -0.488961 24.118498 1.166762 2.393467 7.058106 2.934311 0.976620 30.686586 6.038209 -1.450986 9.723813 -0.447087 -5.661997 -4.001835 1.413106 -7.854097 -12.620463 0.000077 -0.000022 0.000006 0.022699 0.013833 -0.315419 0.577778 -3.706761 -11.130774 -0.512340 3.750295 -11.198916 -5.250412 -10.724282 9.156079 -62.536018 -18.083431 13.700867 4.721362 -63.061028 -5.749342 18.101564 -9.492394 3.495696 -5.882102 9.861279 0.702590 -10.936861 -0.360574 7.156197 0.000000 8.774815 -0.000000 -16.328419 17.952126 6.662824 -1.844031 2.498503 -2.507276 -10.163590 4.678941 4.621104 -20.975996 -0.000001 0.000001 -21.226254 2.451698 -3.593995 0.000000 -0.000006 -0.000000 -1.362681 2.240797 -0.746323 -21.334892 0.584910 3.008319 -13.821196 -0.000001 0.000001 -23.887129 -0.249075 -0.839485 -60.305374 2.868925 -1.150671 -0.294025 1.679686 0.833255 -14.218195 0.093215 1.300579 -34.212002 -0.287561 0.967166 -20.033176 0.964536 1.212838 0.000000 -0.000000 0.000000 -3.440387 0.788233 0.501655 -15.928172 -3.167306 2.999703 -6.338817 -0.000000 0.000001 -18.123419 3.648181 -4.905662 -0.000004 0.000000 -0.000002 -12.371541 27.874737 0.125988 -6.458360 32.680164 -34.129524 0.208365 28.788948 0.003631 -31.373566 0.741166 -15.280986 2.243540 -5.255033 -3.180156 14.282877 -0.826594 6.952496 -0.000000 -12.690593 -0.000001 16.403351 -18.188404 2.430395 1.665665 -1.955920 -2.878297 4.727794 -4.170584 4.993919 11.020511 0.000001 -0.000000 12.109032 -3.735715 -2.866778 0.000000 -0.000000 0.000000 1.291985 -1.928548 -1.498088 14.800115 0.567467 3.865604 14.242553 -1.341738 -6.660648 19.631935 0.143921 -0.648243 49.617722 -0.787533 -6.723608 0.353029 -1.511150 -0.031940 20.222769 3.684305 2.316629 18.787249 0.000001 -0.000001 10.751608 -0.479870 1.397903 0.000000 -0.000000 0.000000 3.273804 0.305947 -0.580110 21.486790 11.830364 2.266131 8.162915 0.000000 -0.000000 18.399052 -3.798986 -4.940567 0.000003 0.000000 -0.000001 -14.365728 3.079066 -91.748802 -0.305402 0.049152 51.394997 -0.466155 -13.998525 -7.380815 1.702057 -1.713743 -0.821118 0.000000 -0.000000 0.000002 20.161093 -23.579544 -96.972115 -0.002144 -0.489638 62.268650 1.008612 -8.784856 -21.428995 -1.451247 1.014620 -0.518958 0.000000 -0.000000 -0.000001
0.000000 0.000000 0.000000 0.000000 -0.000000 0.000000 -2.106317 -14.093998 -7.723761 7.930721 12.926700 51.551762 1.827462 -0.519791 24.408957 1.231571 2.477551 7.246218 3.114483 1.024689 30.703497 6.281972 -1.358983 8.759540 -0.535249 -5.718806 -4.017554 1.603739 -7.932082 -12.763839 0.000077 -0.000022 0.000006 0.013568 0.014328 -0.316990 0.573018 -3.711379 -11.126123 -0.525406 3.755138 -11.196550 -5.358963 -10.583828 9.218102 -62.669334 -18.113209 14.247067 4.901791 -62.670914 -5.994721 18.147726 -9.622121 2.845394 -5.882102 9.861279 0.702590 -10.936861 -0.360574 7.156197 0.000000 8.774815 -0.000000 -16.317202 17.919413 6.649559 -1.844031 2.498503 -2.507276 -10.163590 4.678941 4.621104 -20.975996 -0.000001 0.000001 -21.226254 2.451698 -3.593995 0.000000 -0.000006 -0.000000 -1.362681 2.240797 -0.746323 -21.334892 0.584910 3.008319 -13.821196 -0.000001 0.000001 -23.887129 -0.249075 -0.839485 -60.345570 2.851340 -1.165123 -0.294025 1.679686 0.833255 -14.218195 0.093215 1.300579 -34.212002 -0.287561 0.967166 -20.033176 0.964536 1.212838 0.000000 -0.000000 0.000000 -3.440387 0.788233 0.501655 -15.928172 -3.167306 2.999703 -6.338817 -0.000000 0.000001 -18.123419 3.648181 -4.905662 -0.000004 0.000000 -0.000002 -12.715881 28.132219 -0.162484 -7.104553 31.704721 -34.261520 0.111612 28.569918 -0.042406 -32.492016 0.706363 -15.071881 2.243540 -5.255033 -3.180156 14.282877 -0.826594 6.952496 -0.000000 -12.690593 -0.000001 16.429424 -18.256571 2.397526 1.665665 -1.955920 -2.878297 4.727794 -4.170584 4.993919 11.020511 0.000001 -0.000000 12.109032 -3.735715 -2.866778 0.000000 -0.000000 0.000000 1.291985 -1.928548 -1.498088 14.800115 0.567467 3.865604 14.242553 -1.341738 -6.660648 19.631935 0.143921 -0.648243 49.591766 -0.800677 -6.719736 0.353029 -1.511150 -0.031940 20.222769 3.684305 2.316629 18.787249 0.000001 -0.000001 10.751608 -0.479870 1.397903 0.000000 -0.000000 0.000000 3.273804 0.305947 -0.580110 21.486790 11.830364 2.266131 8.162915 0.000000 -0.000000 18.399052 -3.798986 -4.940567 0.000003 0.000000 -0.000001 -14.895001 3.020843 -92.735809 -0.307683 0.055278 53.277065 -0.289141 -14.711881 -8.327900 1.700522 -1.689643 -0.855187 0.000000 -0.000000 0.000002 20.436525 -24.080732 -98.116989 -0.014417 -0.506935 64.341240 1.010405 -8.779071 -22.692522 -1.454208 1.007854 -0.477689 0.000000 -0.000000 -0.000001
0.000000 0.000000 0.000000 0.000000 -0.000000 0.000000 -2.292389 -14.825535 -7.413409 8.298532 13.370753 51.749260 1.863108 -0.550377 24.649651 1.297029 2.541369 7.408424 3.242501 1.054946 30.716215 6.483589 -1.266699 7.909666 -0.604947 -5.744512 -4.022447 1.741859 -7.983730 -12.893041 0.000077 -0.000022 0.000006 0.009125 0.016901 -0.316908 0.573177 -3.712153 -11.121849 -0.533619 3.759714 -11.194941 -5.470525 -10.472346 9.288591 -62.765335 -18.099859 14.623115 4.998489 -62.295807 -6.130065 18.257536 -9.780609 2.210072 -5.882102 9.861279 0.702590 -10.936861 -0.360574 7.156197 0.000000 8.774815 -0.000000 -16.312391 17.903357 6.640387 -1.844031 2.498503 -2.507276 -10.163590 4.678941 4.621104 -20.975996 -0.000001 0.000001 -21.226254 2.451698 -3.593995 0.000000 -0.000006 -0.000000 -1.362681 2.240797 -0.746323 -21.334892 0.584910 3.008319 -13.821196 -0.000001 0.000001 -23.887129 -0.249075 -0.839485 -60.368000 2.819355 -1.184839 -0.294025 1.679686 0.833255 -14.218195 0.093215 1.300579 -34.212002 -0.287561 0.967166 -20.033176 0.964536 1.212838 0.000000 -0.000000 0.000000 -3.440387 0.788233 0.501655 -15.928172 -3.167306 2.999703 -6.338817 -0.000000 0.000001 -18.123419 3.648181 -4.905662 -0.000004 0.000000 -0.000002 -13.126499 28.280302 -0.468393 -7.612126 30.943779 -34.377651 0.008453 28.422731 -0.101994 -33.580841 0.771673 -14.795573 2.243540 -5.255033 -3.180156 14.282877 -0.826594 6.952496 -0.000000 -12.690593 -0.000001 16.455912 -18.322580 2.372098 1.665665 -1.955920 -2.878297 4.727794 -4.170584 4.993919 11.020511 0.000001 -0.000000 12.109032 -3.735715 -2.866778 0.000000 -0.000000 0.000000 1.291985 -1.928548 -1.498088 14.800115 0.567467 3.865604 14.242553 -1.341738 -6.660648 19.631935 0.143921 -0.648243 49.603226 -0.812534 -6.709897 0.353029 -1.511150 -0.031940 20.222769 3.684305 2.316629 18.787249 0.000001 -0.000001 10.751608 -0.479870 1.397903 0.000000 -0.000000 0.000000 3.273804 0.305947 -0.580110 21.486790 11.830364 2.266131 8.162915 0.000000 -0.000000 18.399052 -3.798986 -4.940567 0.000003 0.000000 -0.000001 -15.343743 2.980603 -93.654076 -0.298436 0.066692 55.064659 -0.145633 -15.374177 -9.261496 1.698739 -1.674135 -0.893871 0.000000 -0.000000 0.000002 20.725054 -24.546993 -99.170105 -0.021536 -0.517857 66.287216 1.010849 -8.762244 -23.918661 -1.458428 1.001935 -0.436176 0.000000 -0.000000 -0.000001
0.000000 0.000000 0.000000 0.000000 -0.000000 0.000000 -2.476494 -15.505367 -7.080583 8.619539 13.780760 51.964474 1.889034 -0.590790 24.856356 1.338004 2.594121 7.541411 3.343395 1.069887 30.730597 6.618411 -1.200517 7.164350 -0.633945 -5.786167 -4.024228 1.853226 -7.986495 -12.940722 0.000077 -0.000022 0.000006 0.011906 0.021109 -0.318648 0.581268 -3.710715 -11.130201 -0.535313 3.765117 -11.200613 -5.557411 -10.417304 9.299655 -62.853363 -17.972502 14.853172 5.061499 -61.959373 -6.171087 18.432961 -9.933271 1.683782 -5.882102 9.861279 0.702590 -10.936861 -0.360574 7.156197 0.000000 8.774815 -0.000000 -16.330997 17.944967 6.650464 -1.844031 2.498503 -2.507276 -10.163590 4.678941 4.621104 -20.975996 -0.000001 0.000001 -21.226254 2.451698 -3.593995 0.000000 -0.000006 -0.000000 -1.362681 2.240797 -0.746323 -21.334892 0.584910 3.008319 -13.821196 -0.000001 0.000001 -23.887129 -0.249075 -0.839485 -60.363949 2.796440 -1.193334 -0.294025 1.679686 0.833255 -14.218195 0.093215 1.300579 -34.212002 -0.287561 0.967166 -20.033176 0.964536 1.212838 0.000000 -0.000000 0.000000 -3.440387 0.788233 0.501655 -15.928172 -3.167306 2.999703 -6.338817 -0.000000 0.000001 -18.123419 3.648181 -4.905662 -0.000004 0.000000 -0.000002 -13.571469 28.292759 -0.800864 -8.050377 30.415848 -34.523685 -0.096156 28.395365 -0.164784 -34.602779 0.944397 -14.485937 2.243540 -5.255033 -3.180156 14.282877 -0.826594 6.952496 -0.000000 -12.690593 -0.000001 16.477524 -18.391872 2.345935 1.665665 -1.955920 -2.878297 4.727794 -4.170584 4.993919 11.020511 0.000001 -0.000000 12.109032 -3.735715 -2.866778 0.000000 -0.000000 0.000000 1.291985 -1.928548 -1.498088 14.800115 0.567467 3.865604 14.242553 -1.341738 -6.660648 19.631935 0.143921 -0.648243 49.631569 -0.824954 -6.698385 0.353029 -1.511150 -0.031940 20.222769 3.684305 2.316629 18.787249 0.000001 -0.000001 10.751608 -0.479870 1.397903 0.000000 -0.000000 0.000000 3.273804 0.305947 -0.580110 21.486790 11.830364 2.266131 8.162915 0.000000 -0.000000 18.399052 -3.798986 -4.940567 0.000003 0.000000 -0.000001 -15.711592 2.966435 -94.537582 -0.281528 0.082759 56.747635 0.027777 -15.998788 -10.089238 1.698433 -1.666219 -0.917322 0.000000 -0.000000 0.000002 21.048006 -24.957451 -100.128319 -0.029132 -0.531670 68.048019 0.985815 -8.773239 -25.070807 -1.461913 0.991786 -0.400654 0.000000 -0.000000 -0.000001
0.000000 0.000000 0.000000 0.000000 -0.000000 0.000000 -2.662958 -16.132511 -6.718029 8.879150 14.171412 52.184631 1.919791 -0.643109 25.037506 1.356892 2.623327 7.645193 3.401584 1.071146 30.777710 6.659609 -1.183248 6.502231 -0.628198 -5.844370 -4.023877 1.992862 -7.929956 -12.870937 0.000077 -0.000022 0.000006 0.021637 0.026850 -0.320949 0.598443 -3.708491 -11.157600 -0.531860 3.772953 -11.216890 -5.622095 -10.431390 9.276849 -62.923325 -17.745121 14.904032 5.087522 -61.645061 -6.134725 18.706501 -10.129405 1.225537 -5.882102 9.861279 0.702590 -10.936861 -0.360574 7.156197 0.000000 8.774815 -0.000000 -16.346251 18.011766 6.683972 -1.844031 2.498503 -2.507276 -10.163590 4.678941 4.621104 -20.975996 -0.000001 0.000001 -21.226254 2.451698 -3.593995 0.000000 -0.000006 -0.000000 -1.362681 2.240797 -0.746323 -21.334892 0.584910 3.008319 -13.821196 -0.000001 0.000001 -23.887129 -0.249075 -0.839485 -60.321930 2.793481 -1.194296 -0.294025 1.679686 0.833255 -14.218195 0.093215 1.300579 -34.212002 -0.287561 0.967166 -20.033176 0.964536 1.212838 0.000000 -0.000000 0.000000 -3.440387 0.788233 0.501655 -15.928172 -3.167306 2.999703 -6.338817 -0.000000 0.000001 -18.123419 3.648181 -4.905662 -0.000004 0.000000 -0.000002 -14.011016 28.159878 -1.140945 -8.484797 30.103636 -34.796394 -0.141731 28.558865 -0.198682 -35.557194 1.268518 -14.028283 2.243540 -5.255033 -3.180156 14.282877 -0.826594 6.952496 -0.000000 -12.690593 -0.000001 16.500618 -18.450903 2.305511 1.665665 -1.955920 -2.878297 4.727794 -4.170584 4.993919 11.020511 0.000001 -0.000000 12.109032 -3.735715 -2.866778 0.000000 -0.000000 0.000000 1.291985 -1.928548 -1.498088 14.800115 0.567467 3.865604 14.242553 -1.341738 -6.660648 19.631935 0.143921 -0.648243 49.632744 -0.842368 -6.699553 0.353029 -1.511150 -0.031940 20.222769 3.684305 2.316629 18.787249 0.000001 -0.000001 10.751608 -0.479870 1.397903 0.000000 -0.000000 0.000000 3.273804 0.305947 -0.580110 21.486790 11.830364 2.266131 8.162915 0.000000 -0.000000 18.399052 -3.798986 -4.940567 0.000003 0.000000 -0.000001 -15.975969 2.985329 -95.389305 -0.264822 0.092125 58.345623 0.216859 -16.543741 -10.815970 1.697175 -1.661173 -0.906202 0.000000 -0.000000 0.000002 21.401474 -25.305454 -100.967789 -0.043415 -0.556126 69.632782 0.945003 -8.814515 -26.172188 -1.464165 0.984392 -0.372183 0.000000 -0.000000 -0.000001
0.000000 0.000000 0.000000 0.000000 -0.000000 0.000000 -2.858218 -16.735500 -6.336282 9.093851 14.535914 52.399624 1.951631 -0.697489 25.192623 1.368069 2.620757 7.731521 3.397274 1.062456 30.847719 6.637624 -1.216179 5.933607 -0.626462 -5.925302 -4.018828 2.154796 -7.843518 -12.726639 0.000077 -0.000022 0.000006 0.030609 0.031692 -0.321225 0.608668 -3.706576 -11.181194 -0.522831 3.779073 -11.226768 -5.671762 -10.465426 9.228786 -62.988102 -17.428299 14.786410 4.982808 -61.337673 -5.911108 19.111105 -10.417514 0.641375 -5.882102 9.861279 0.702590 -10.936861 -0.360574 7.156197 0.000000 8.774815 -0.000000 -16.327307 18.052614 6.723919 -1.844031 2.498503 -2.507276 -10.163590 4.678941 4.621104 -20.975996 -0.000001 0.000001 -21.226254 2.451698 -3.593995 0.000000 -0.000006 -0.000000 -1.362681 2.240797 -0.746323 -21.334892 0.584910 3.008319 -13.821196 -0.000001 0.000001 -23.887129 -0.249075 -0.839485 -60.200436 2.815223 -1.191028 -0.294025 1.679686 0.833255 -14.218195 0.093215 1.300579 -34.212002 -0.287561 0.967166 -20.033176 0.964536 1.212838 0.000000 -0.000000 0.000000 -3.440387 0.788233 0.501655 -15.928172 -3.167306 2.999703 -6.338817 -0.000000 0.000001 -18.123419 3.648181 -4.905662 -0.000004 0.000000 -0.000002 -14.399723 27.907503 -1.454144 -8.963681 29.936201 -35.145412 -0.120255 28.886551 -0.206056 -36.454762 1.745930 -13.487438 2.243540 -5.255033 -3.180156 14.282877 -0.826594 6.952496 -0.000000 -12.690593 -0.000001 16.523533 -18.495880 2.258922 1.665665 -1.955920 -2.878297 4.727794 -4.170584 4.993919 11.020511 0.000001 -0.000000 12.109032 -3.735715 -2.866778 0.000000 -0.000000 0.000000 1.291985 -1.928548 -1.498088 14.800115 0.567467 3.865604 14.242553 -1.341738 -6.660648 19.631935 0.143921 -0.648243 49.613815 -0.873188 -6.716929 0.353029 -1.511150 -0.031940 20.222769 3.684305 2.316629 18.787249 0.000001 -0.000001 10.751608 -0.479870 1.397903 0.000000 -0.000000 0.000000 3.273804 0.305947 -0.580110 21.486790 11.830364 2.266131 8.162915 0.000000 -0.000000 18.399052 -3.798986 -4.940567 0.000003 0.000000 -0.000001 -16.150040 3.033012 -96.209435 -0.254674 0.097143 59.874779 0.380171 -17.005182 -11.520243 1.695537 -1.654581 -0.858442 0.000000 -0.000000 0.000002 21.741699 -25.586432 -101.715607 -0.066486 -0.585785 71.118469 0.913482 -8.915545 -27.229671 -1.465766 0.985691 -0.347707 0.000000 -0.000000 -0.000001
0.000000 0.000000 0.000000 0.000000 -0.000000 0.000000 -3.061207 -17.321270 -5.968725 9.296749 14.874245 52.607456 1.969804 -0.755425 25.326622 1.386291 2.606114 7.804750 3.332178 1.044744 30.913174 6.586097 -1.279721 5.504767 -0.641182 -6.038941 -4.009239 2.312377 -7.774951 -12.552494 0.000077 -0.000022 0.000006 0.026103 0.031715 -0.317789 0.597198 -3.706374 -11.193192 -0.518768 3.777320 -11.229934 -5.707283 -10.500671 9.179981 -63.059681 -17.037167 14.526772 4.739825 -61.102905 -5.548448 19.564125 -10.748717 -0.116995 -5.882102 9.861279 0.702590 -10.936861 -0.360574 7.156197 0.000000 8.774815 -0.000000 -16.303835 18.069309 6.731104 -1.844031 2.498503 -2.507276 -10.163590 4.678941 4.621104 -20.975996 -0.000001 0.000001 -21.226254 2.451698 -3.593995 0.000000 -0.000006 -0.000000 -1.362681 2.240797 -0.746323 -21.334892 0.584910 3.008319 -13.821196 -0.000001 0.000001 -23.887129 -0.249075 -0.839485 -60.014072 2.839779 -1.178977 -0.294025 1.679686 0.833255 -14.218195 0.093215 1.300579 -34.212002 -0.287561 0.967166 -20.033176 0.964536 1.212838 0.000000 -0.000000 0.000000 -3.440387 0.788233 0.501655 -15.928172 -3.167306 2.999703 -6.338817 -0.000000 0.000001 -18.123419 3.648181 -4.905662 -0.000004 0.000000 -0.000002 -14.712919 27.589725 -1.726028 -9.473862 29.800905 -35.373753 -0.078011 29.332958 -0.197804 -37.343735 2.229106 -12.949258 2.243540 -5.255033 -3.180156 14.282877 -0.826594 6.952496 -0.000000 -12.690593 -0.000001 16.530636 -18.529663 2.217651 1.665665 -1.955920 -2.878297 4.727794 -4.170584 4.993919 11.020511 0.000001 -0.000000 12.109032 -3.735715 -2.866778 0.000000 -0.000000 0.000000 1.291985 -1.928548 -1.498088 14.800115 0.567467 3.865604 14.242553 -1.341738 -6.660648 19.631935 0.143921 -0.648243 49.586239 -0.914240 -6.738098 0.353029 -1.511150 -0.031940 20.222769 3.684305 2.316629 18.787249 0.000001 -0.000001 10.751608 -0.479870 1.397903 0.000000 -0.000000 0.000000 3.273804 0.305947 -0.580110 21.486790 11.830364 2.266131 8.162915 0.000000 -0.000000 18.399052 -3.798986 -4.940567 0.000003 0.000000 -0.000001 -16.294500 3.089664 -97.007919 -0.253792 0.096686 61.341991 0.510883 -17.391474 -12.150207 1.694543 -1.647906 -0.807111 0.000000 -0.000000 0.000002 22.029911 -25.814053 -102.404091 -0.096713 -0.614204 72.529831 0.880282 -9.062451 -28.248966 -1.466834 0.987402 -0.332255 0.000000 -0.000000 -0.000001
0.000000 0.000000 0.000000 0.000000 -0.000000 0.000000 -3.268376 -17.901752 -5.627656 9.494569 15.196553 52.775131 1.961079 -0.806483 25.443140 1.402627 2.598561 7.869846 3.257768 1.016768 30.973921 6.519735 -1.352327 5.189612 -0.670634 -6.174023 -3.996766 2.435129 -7.738430 -12.385030 0.000077 -0.000022 0.000006 0.018266 0.029451 -0.312788 0.576438 -3.706180 -11.187970 -0.512038 3.771391 -11.220731 -5.711034 -10.542896 9.138091 -63.191074 -16.563541 14.234108 4.575902 -60.964336 -5.269657 19.953424 -11.072439 -0.835393 -5.882102 9.861279 0.702590 -10.936861 -0.360574 7.156197 0.000000 8.774815 -0.000000 -16.310444 18.119297 6.696287 -1.844031 2.498503 -2.507276 -10.163590 4.678941 4.621104 -20.975996 -0.000001 0.000001 -21.226254 2.451698 -3.593995 0.000000 -0.000006 -0.000000 -1.362681 2.240797 -0.746323 -21.334892 0.584910 3.008319 -13.821196 -0.000001 0.000001 -23.887129 -0.249075 -0.839485 -59.862122 2.874551 -1.167035 -0.294025 1.679686 0.833255 -14.218195 0.093215 1.300579 -34.212002 -0.287561 0.967166 -20.033176 0.964536 1.212838 0.000000 -0.000000 0.000000 -3.440387 0.788233 0.501655 -15.928172 -3.167306 2.999703 -6.338817 -0.000000 0.000001 -18.123419 3.648181 -4.905662 -0.000004 0.000000 -0.000002 -14.948941 27.231279 -1.963065 -10.008729 29.671547 -35.347160 -0.039199 29.810671 -0.186642 -38.239925 2.615388 -12.338793 2.243540 -5.255033 -3.180156 14.282877 -0.826594 6.952496 -0.000000 -12.690593 -0.000001 16.523584 -18.562256 2.195787 1.665665 -1.955920 -2.878297 4.727794 -4.170584 4.993919 11.020511 0.000001 -0.000000 12.109032 -3.735715 -2.866778 0.000000 -0.000000 0.000000 1.291985 -1.928548 -1.498088 14.800115 0.567467 3.865604 14.242553 -1.341738 -6.660648 19.631935 0.143921 -0.648243 49.553131 -0.959317 -6.757514 0.353029 -1.511150 -0.031940 20.222769 3.684305 2.316629 18.787249 0.000001 -0.000001 10.751608 -0.479870 1.397903 0.000000 -0.000000 0.000000 3.273804 0.305947 -0.580110 21.486790 11.830364 2.266131 8.162915 0.000000 -0.000000 18.399052 -3.798986 -4.940567 0.000003 0.000000 -0.000001 -16.434561 3.160331 -97.770355 -0.260511 0.091707 62.777199 0.627001 -17.730953 -12.722460 1.694822 -1.632635 -0.780169 0.000000 -0.000000 0.000002 22.278719 -26.030159 -103.036804 -0.131394 -0.644405 73.903419 0.827928 -9.216088 -29.232595 -1.468968 0.980639 -0.319670 0.000000 -0.000000 -0.000001
0.000000 0.000000 0.000000 0.000000 -0.000000 0.000000 -3.476139 -18.493030 -5.316350 9.691632 15.500165 52.852623 1.931390 -0.839461 25.549854 1.423374 2.593155 7.934565 3.189615 0.975673 31.026480 6.454519 -1.405156 4.929192 -0.724664 -6.294038 -3.983295 2.500857 -7.748211 -12.215744 0.000077 -0.000022 0.000006 0.012110 0.027780 -0.308471 0.560908 -3.706394 -11.173071 -0.507409 3.767592 -11.206975 -5.698147 -10.566751 9.104979 -63.384109 -16.068956 13.949112 4.458454 -60.905117 -5.069330 20.254755 -11.378894 -1.677695 -5.882102 9.861279 0.702590 -10.936861 -0.360574 7.156197 0.000000 8.774815 -0.000000 -16.310488 18.181421 6.649862 -1.844031 2.498503 -2.507276 -10.163590 4.678941 4.621104 -20.975996 -0.000001 0.000001 -21.226254 2.451698 -3.593995 0.000000 -0.000006 -0.000000 -1.362681 2.240797 -0.746323 -21.334892 0.584910 3.008319 -13.821196 -0.000001 0.000001 -23.887129 -0.249075 -0.839485 -59.715332 2.907152 -1.148398 -0.294025 1.679686 0.833255 -14.218195 0.093215 1.300579 -34.212002 -0.287561 0.967166 -20.033176 0.964536 1.212838 0.000000 -0.000000 0.000000 -3.440387 0.788233 0.501655 -15.928172 -3.167306 2.999703 -6.338817 -0.000000 0.000001 -18.123419 3.648181 -4.905662 -0.000004 0.000000 -0.000002 -15.150908 26.869698 -2.145360 -10.512275 29.542212 -35.139145 -0.005719 30.262184 -0.183589 -39.106144 2.891905 -11.662466 2.243540 -5.255033 -3.180156 14.282877 -0.826594 6.952496 -0.000000 -12.690593 -0.000001 16.504932 -18.590086 2.193965 1.665665 -1.955920 -2.878297 4.727794 -4.170584 4.993919 11.020511 0.000001 -0.000000 12.109032 -3.735715 -2.866778 0.000000 -0.000000 0.000000 1.291985 -1.928548 -1.498088 14.800115 0.567467 3.865604 14.242553 -1.341738 -6.660648 19.631935 0.143921 -0.648243 49.516563 -1.001266 -6.774091 0.353029 -1.511150 -0.031940 20.222769 3.684305 2.316629 18.787249 0.000001 -0.000001 10.751608 -0.479870 1.397903 0.000000 -0.000000 0.000000 3.273804 0.305947 -0.580110 21.486790 11.830364 2.266131 8.162915 0.000000 -0.000000 18.399052 -3.798986 -4.940567 0.000003 0.000000 -0.000001 -16.564676 3.250927 -98.459122 -0.273374 0.086196 64.210136 0.718547 -18.050550 -13.288854 1.696034 -1.613896 -0.798432 0.000000 -0.000000 0.000002 22.459618 -26.262022 -103.588081 -0.163480 -0.672670 75.287735 0.767296 -9.338265 -30.200665 -1.471981 0.962421 -0.296819 0.000000 -0.000000 -0.000001
0.000000 0.000000 0.000000 0.000000 -0.000000 0.000000 -3.688885 -19.089725 -5.042072 9.900016 15.791675 52.838257 1.890278 -0.871279 25.658552 1.455216 2.592386 7.999420 3.121813 0.919623 31.052305 6.400122 -1.421579 4.693415 -0.796561 -6.399884 -3.973588 2.533020 -7.779978 -12.057379 0.000077 -0.000022 0.000006 0.013549 0.028543 -0.304821 0.556999 -3.706863 -11.158083 -0.499665 3.769027 -11.195202 -5.669433 -10.584530 9.075599 -63.623772 -15.588023 13.702285 4.335607 -60.884121 -4.905569 20.519011 -11.661799 -2.716704 -5.882102 9.861279 0.702590 -10.936861 -0.360574 7.156197 0.000000 8.774815 -0.000000 -16.265156 18.237661 6.616493 -1.844031 2.498503 -2.507276 -10.163590 4.678941 4.621104 -20.975996 -0.000001 0.000001 -21.226254 2.451698 -3.593995 0.000000 -0.000006 -0.000000 -1.362681 2.240797 -0.746323 -21.334892 0.584910 3.008319 -13.821196 -0.000001 0.000001 -23.887129 -0.249075 -0.839485 -59.599125 2.928991 -1.156657 -0.294025 1.679686 0.833255 -14.218195 0.093215 1.300579 -34.212002 -0.287561 0.967166 -20.033176 0.964536 1.212838 0.000000 -0.000000 0.000000 -3.440387 0.788233 0.501655 -15.928172 -3.167306 2.999703 -6.338817 -0.000000 0.000001 -18.123419 3.648181 -4.905662 -0.000004 0.000000 -0.000002 -15.347582 26.533478 -2.264045 -10.929798 29.409184 -34.917137 0.069620 30.700294 -0.172535 -39.865036 3.151271 -11.078957 2.243540 -5.255033 -3.180156 14.282877 -0.826594 6.952496 -0.000000 -12.690593 -0.000001 16.482088 -18.599047 2.211134 1.665665 -1.955920 -2.878297 4.727794 -4.170584 4.993919 11.020511 0.000001 -0.000000 12.109032 -3.735715 -2.866778 0.000000 -0.000000 0.000000 1.291985 -1.928548 -1.498088 14.800115 0.567467 3.865604 14.242553 -1.341738 -6.660648 19.631935 0.143921 -0.648243 49.491119 -1.037385 -6.776983 0.353029 -1.511150 -0.031940 20.222769 3.684305 2.316629 18.787249 0.000001 -0.000001 10.751608 -0.479870 1.397903 0.000000 -0.000000 0.000000 3.273804 0.305947 -0.580110 21.486790 11.830364 2.266131 8.162915 0.000000 -0.000000 18.399052 -3.798986 -4.940567 0.000003 0.000000 -0.000001 -16.693403 3.353630 -99.065239 -0.286010 0.083052 65.627815 0.789928 -18.376144 -13.823518 1.696913 -1.587526 -0.866525 0.000000 -0.000000 0.000002 22.572422 -26.517260 -104.108284 -0.187225 -0.691973 76.769226 0.719402 -9.444188 -30.998316 -1.475779 0.947041 -0.251053 0.000000 -0.000000 -0.000001
0.000000 0.000000 0.000000 0.000000 -0.000000 0.000000 -3.915070 -19.691326 -4.806677 10.115863 16.062614 52.754375 1.842747 -0.896875 25.773516 1.490592 2.591255 8.065136 3.081791 0.860781 31.049620 6.318874 -1.418064 4.413004 -0.847656 -6.499769 -3.974511 2.532522 -7.819983 -11.872928 0.000077 -0.000022 0.000006 0.017698 0.030066 -0.303198 0.562270 -3.707918 -11.147667 -0.495985 3.772834 -11.185740 -5.632476 -10.623999 9.033892 -63.906425 -15.164111 13.476812 4.195772 -60.861938 -4.737855 20.719883 -11.899099 -3.825113 -5.882102 9.861279 0.702590 -10.936861 -0.360574 7.156197 0.000000 8.774815 -0.000000 -16.203276 18.291245 6.590890 -1.844031 2.498503 -2.507276 -10.163590 4.678941 4.621104 -20.975996 -0.000001 0.000001 -21.226254 2.451698 -3.593995 0.000000 -0.000006 -0.000000 -1.362681 2.240797 -0.746323 -21.334892 0.584910 3.008319 -13.821196 -0.000001 0.000001 -23.887129 -0.249075 -0.839485 -59.476830 2.950861 -1.173213 -0.294025 1.679686 0.833255 -14.218195 0.093215 1.300579 -34.212002 -0.287561 0.967166 -20.033176 0.964536 1.212838 0.000000 -0.000000 0.000000 -3.440387 0.788233 0.501655 -15.928172 -3.167306 2.999703 -6.338817 -0.000000 0.000001 -18.123419 3.648181 -4.905662 -0.000004 0.000000 -0.000002 -15.591454 26.215517 -2.398527 -11.223437 29.304146 -34.604439 0.112619 31.055016 -0.189901 -40.457645 3.404567 -10.689580 2.243540 -5.255033 -3.180156 14.282877 -0.826594 6.952496 -0.000000 -12.690593 -0.000001 16.458757 -18.590023 2.235998 1.665665 -1.955920 -2.878297 4.727794 -4.170584 4.993919 11.020511 0.000001 -0.000000 12.109032 -3.735715 -2.866778 0.000000 -0.000000 0.000000 1.291985 -1.928548 -1.498088 14.800115 0.567467 3.865604 14.242553 -1.341738 -6.660648 19.631935 0.143921 -0.648243 49.487469 -1.067749 -6.762597 0.353029 -1.511150 -0.031940 20.222769 3.684305 2.316629 18.787249 0.000001 -0.000001 10.751608 -0.479870 1.397903 0.000000 -0.000000 0.000000 3.273804 0.305947 -0.580110 21.486790 11.830364 2.266131 8.162915 0.000000 -0.000000 18.399052 -3.798986 -4.940567 0.000003 0.000000 -0.000001 -16.799864 3.465298 -99.596161 -0.287539 0.092406 66.993355 0.821757 -18.659328 -14.365279 1.696229 -1.559389 -0.951604 0.000000 -0.000000 0.000002 22.619810 -26.774391 -104.556229 -0.204333 -0.710268 78.226570 0.662025 -9.574867 -31.796406 -1.478828 0.940408 -0.211449 0.000000 -0.000000 -0.000001
0.000000 0.000000 0.000000 0.000000 -0.000000 0.000000 -4.149021 -20.280430 -4.610517 10.322975 16.292978 52.608517 1.799860 -0.921551 25.890850 1.512813 2.583566 8.135179 3.079031 0.812316 31.034567 6.210889 -1.409641 4.053333 -0.864894 -6.611466 -3.981529 2.467686 -7.875011 -11.717460 0.000077 -0.000022 0.000006 0.017499 0.030179 -0.301095 0.566134 -3.708847 -11.137106 -0.500294 3.773457 -11.174816 -5.559390 -10.694565 8.967565 -64.251335 -14.828956 13.275063 4.040330 -60.824120 -4.548919 20.819349 -12.083565 -4.855315 -5.882102 9.861279 0.702590 -10.936861 -0.360574 7.156197 0.000000 8.774815 -0.000000 -16.155792 18.324203 6.578206 -1.844031 2.498503 -2.507276 -10.163590 4.678941 4.621104 -20.975996 -0.000001 0.000001 -21.226254 2.451698 -3.593995 0.000000 -0.000006 -0.000000 -1.362681 2.240797 -0.746323 -21.334892 0.584910 3.008319 -13.821196 -0.000001 0.000001 -23.887129 -0.249075 -0.839485 -59.352631 2.964372 -1.178125 -0.294025 1.679686 0.833255 -14.218195 0.093215 1.300579 -34.212002 -0.287561 0.967166 -20.033176 0.964536 1.212838 0.000000 -0.000000 0.000000 -3.440387 0.788233 0.501655 -15.928172 -3.167306 2.999703 -6.338817 -0.000000 0.000001 -18.123419 3.648181 -4.905662 -0.000004 0.000000 -0.000002 -15.848927 25.917236 -2.559474 -11.430329 29.260664 -34.230907 0.065036 31.312090 -0.243805 -40.936573 3.614375 -10.484803 2.243540 -5.255033 -3.180156 14.282877 -0.826594 6.952496 -0.000000 -12.690593 -0.000001 16.423832 -18.557907 2.260088 1.665665 -1.955920 -2.878297 4.727794 -4.170584 4.993919 11.020511 0.000001 -0.000000 12.109032 -3.735715 -2.866778 0.000000 -0.000000 0.000000 1.291985 -1.928548 -1.498088 14.800115 0.567467 3.865604 14.242553 -1.341738 -6.660648 19.631935 0.143921 -0.648243 49.477596 -1.095033 -6.736889 0.353029 -1.511150 -0.031940 20.222769 3.684305 2.316629 18.787249 0.000001 -0.000001 10.751608 -0.479870 1.397903 0.000000 -0.000000 0.000000 3.273804 0.305947 -0.580110 21.486790 11.830364 2.266131 8.162915 0.000000 -0.000000 18.399052 -3.798986 -4.940567 0.000003 0.000000 -0.000001 -16.884026 3.598392 -100.048653 -0.286026 0.111411 68.280350 0.858697 -18.872437 -14.921677 1.693055 -1.544312 -1.016947 0.000000 -0.000000 0.000002 22.588493 -27.009506 -104.906578 -0.213605 -0.732833 79.606483 0.597366 -9.713343 -32.594036 -1.480675 0.943268 -0.193410 0.000000 -0.000000 -0.000001
0.000000 0.000000 0.000000 0.000000 -0.000000 0.000000 -4.370880 -20.832493 -4.454349 10.520786 16.456688 52.432835 1.766347 -0.940542 26.009024 1.526236 2.571527 8.209558 3.086233 0.758870 30.994398 6.066281 -1.391425 3.629396 -0.840433 -6.732260 -3.995157 2.380325 -7.944524 -11.655068 0.000077 -0.000022 0.000006 0.008435 0.027643 -0.297691 0.565055 -3.709159 -11.120931 -0.517500 3.768074 -11.157376 -5.456575 -10.765952 8.866085 -64.628296 -14.589115 13.101933 3.764622 -60.714561 -4.234483 20.829752 -12.305922 -5.688134 -5.882102 9.861279 0.702590 -10.936861 -0.360574 7.156197 0.000000 8.774815 -0.000000 -16.108702 18.343773 6.610737 -1.844031 2.498503 -2.507276 -10.163590 4.678941 4.621104 -20.975996 -0.000001 0.000001 -21.226254 2.451698 -3.593995 0.000000 -0.000006 -0.000000 -1.362681 2.240797 -0.746323 -21.334892 0.584910 3.008319 -13.821196 -0.000001 0.000001 -23.887129 -0.249075 -0.839485 -59.256413 2.983514 -1.165278 -0.294025 1.679686 0.833255 -14.218195 0.093215 1.300579 -34.212002 -0.287561 0.967166 -20.033176 0.964536 1.212838 0.000000 -0.000000 0.000000 -3.440387 0.788233 0.501655 -15.928172 -3.167306 2.999703 -6.338817 -0.000000 0.000001 -18.123419 3.648181 -4.905662 -0.000004 0.000000 -0.000002 -16.099403 25.661108 -2.747109 -11.543295 29.259808 -33.843895 -0.067915 31.528561 -0.323394 -41.408222 3.736291 -10.412803 2.243540 -5.255033 -3.180156 14.282877 -0.826594 6.952496 -0.000000 -12.690593 -0.000001 16.390564 -18.511410 2.269154 1.665665 -1.955920 -2.878297 4.727794 -4.170584 4.993919 11.020511 0.000001 -0.000000 12.109032 -3.735715 -2.866778 0.000000 -0.000000 0.000000 1.291985 -1.928548 -1.498088 14.800115 0.567467 3.865604 14.242553 -1.341738 -6.660648 19.631935 0.143921 -0.648243 49.470665 -1.115614 -6.704306 0.353029 -1.511150 -0.031940 20.222769 3.684305 2.316629 18.787249 0.000001 -0.000001 10.751608 -0.479870 1.397903 0.000000 -0.000000 0.000000 3.273804 0.305947 -0.580110 21.486790 11.830364 2.266131 8.162915 0.000000 -0.000000 18.399052 -3.798986 -4.940567 0.000003 0.000000 -0.000001 -16.959112 3.733116 -100.421791 -0.276951 0.135316 69.441086 0.897548 -18.990137 -15.476357 1.689981 -1.542538 -1.045030 0.000000 -0.000000 0.000002 22.466503 -27.202600 -105.172615 -0.217657 -0.754824 80.859665 0.555687 -9.840464 -33.351391 -1.480841 0.950169 -0.193001 0.000000 -0.000000 -0.000001
0.000000 0.000000 0.000000 0.000000 -0.000000 0.000000 -4.560210 -21.315616 -4.345680 10.689767 16.561295 52.255119 1.753365 -0.964874 26.109270 1.539517 2.554785 8.288279 3.089096 0.697107 30.938957 5.882813 -1.388044 3.190092 -0.808086 -6.836053 -4.014636 2.336058 -8.001430 -11.685919 0.000077 -0.000022 0.000006 -0.007909 0.023182 -0.291839 0.556713 -3.711411 -11.108372 -0.541857 3.760791 -11.142737 -5.346171 -10.838093 8.771609 -65.019997 -14.436081 13.008506 3.454803 -60.515530 -3.867057 20.826822 -12.521859 -6.325277 -5.882102 9.861279 0.702590 -10.936861 -0.360574 7.156197 0.000000 8.774815 -0.000000 -16.047127 18.304943 6.664595 -1.844031 2.498503 -2.507276 -10.163590 4.678941 4.621104 -20.975996 -0.000001 0.000001 -21.226254 2.451698 -3.593995 0.000000 -0.000006 -0.000000 -1.362681 2.240797 -0.746323 -21.334892 0.584910 3.008319 -13.821196 -0.000001 0.000001 -23.887129 -0.249075 -0.839485 -59.185551 2.995852 -1.141180 -0.294025 1.679686 0.833255 -14.218195 0.093215 1.300579 -34.212002 -0.287561 0.967166 -20.033176 0.964536 1.212838 0.000000 -0.000000 0.000000 -3.440387 0.788233 0.501655 -15.928172 -3.167306 2.999703 -6.338817 -0.000000 0.000001 -18.123419 3.648181 -4.905662 -0.000004 0.000000 -0.000002 -16.310749 25.477997 -2.902399 -11.606984 29.274229 -33.561340 -0.263034 31.734535 -0.415782 -41.950325 3.765898 -10.428928 2.243540 -5.255033 -3.180156 14.282877 -0.826594 6.952496 -0.000000 -12.690593 -0.000001 16.377146 -18.474960 2.269252 1.665665 -1.955920 -2.878297 4.727794 -4.170584 4.993919 11.020511 0.000001 -0.000000 12.109032 -3.735715 -2.866778 0.000000 -0.000000 0.000000 1.291985 -1.928548 -1.498088 14.800115 0.567467 3.865604 14.242553 -1.341738 -6.660648 19.631935 0.143921 -0.648243 49.486816 -1.144401 -6.677973 0.353029 -1.511150 -0.031940 20.222769 3.684305 2.316629 18.787249 0.000001 -0.000001 10.751608 -0.479870 1.397903 0.000000 -0.000000 0.000000 3.273804 0.305947 -0.580110 21.486790 11.830364 2.266131 8.162915 0.000000 -0.000000 18.399052 -3.798986 -4.940567 0.000003 0.000000 -0.000001 -17.019419 3.847690 -100.736824 -0.260196 0.151652 70.447067 0.954620 -19.052956 -15.948125 1.688539 -1.550949 -1.056517 0.000000 -0.000000 0.000002 22.285110 -27.335644 -105.367699 -0.221226 -0.770473 81.927261 0.540412 -9.980546 -34.001400 -1.479519 0.959518 -0.218997 0.000000 -0.000000 -0.000001
0.000000 0.000000 0.000000 0.000000 -0.000000 0.000000 -4.711798 -21.745334 -4.286092 10.833756 16.611778 52.092926 1.761529 -1.009315 26.192207 1.545896 2.525857 8.357153 3.096991 0.654494 30.878431 5.672837 -1.427191 2.781835 -0.790448 -6.924861 -4.029445 2.356003 -8.046606 -11.794121 0.000077 -0.000022 0.000006 -0.027946 0.018383 -0.284776 0.540123 -3.712754 -11.100869 -0.565405 3.751954 -11.129530 -5.226254 -10.931787 8.708079 -65.437889 -14.343835 13.020764 3.114745 -60.211472 -3.487607 20.825115 -12.667959 -6.622719 -5.882102 9.861279 0.702590 -10.936861 -0.360574 7.156197 0.000000 8.774815 -0.000000 -15.977744 18.241911 6.728569 -1.844031 2.498503 -2.507276 -10.163590 4.678941 4.621104 -20.975996 -0.000001 0.000001 -21.226254 2.451698 -3.593995 0.000000 -0.000006 -0.000000 -1.362681 2.240797 -0.746323 -21.334892 0.584910 3.008319 -13.821196 -0.000001 0.000001 -23.887129 -0.249075 -0.839485 -59.130245 3.003264 -1.112506 -0.294025 1.679686 0.833255 -14.218195 0.093215 1.300579 -34.212002 -0.287561 0.967166 -20.033176 0.964536 1.212838 0.000000 -0.000000 0.000000 -3.440387 0.788233 0.501655 -15.928172 -3.167306 2.999703 -6.338817 -0.000000 0.000001 -18.123419 3.648181 -4.905662 -0.000004 0.000000 -0.000002 -16.514767 25.352070 -3.025175 -11.602520 29.295265 -33.444286 -0.468284 31.940933 -0.502393 -42.483635 3.785557 -10.483291 2.243540 -5.255033 -3.180156 14.282877 -0.826594 6.952496 -0.000000 -12.690593 -0.000001 16.390978 -18.477707 2.265619 1.665665 -1.955920 -2.878297 4.727794 -4.170584 4.993919 11.020511 0.000001 -0.000000 12.109032 -3.735715 -2.866778 0.000000 -0.000000 0.000000 1.291985 -1.928548 -1.498088 14.800115 0.567467 3.865604 14.242553 -1.341738 -6.660648 19.631935 0.143921 -0.648243 49.523121 -1.180448 -6.664807 0.353029 -1.511150 -0.031940 20.222769 3.684305 2.316629 18.787249 0.000001 -0.000001 10.751608 -0.479870 1.397903 0.000000 -0.000000 0.000000 3.273804 0.305947 -0.580110 21.486790 11.830364 2.266131 8.162915 0.000000 -0.000000 18.399052 -3.798986 -4.940567 0.000003 0.000000 -0.000001 -17.073584 3.929304 -101.033409 -0.243477 0.157932 71.337189 1.063173 -19.078207 -16.346802 1.688611 -1.563379 -1.064876 0.000000 -0.000000 0.000002 22.054077 -27.412540 -105.539719 -0.230392 -0.784339 82.852486 0.546646 -10.120987 -34.539509 -1.476674 0.962701 -0.276922 0.000000 -0.000000 -0.000001
0.000000 0.000000 0.000000 0.000000 -0.000000 0.000000 -4.832093 -22.145550 -4.266205 10.953462 16.617249 51.941048 1.783436 -1.074577 26.247307 1.548823 2.488867 8.397903 3.104456 0.645718 30.835003 5.418625 -1.511286 2.453811 -0.766643 -6.999130 -4.039708 2.423379 -8.090165 -11.920540 0.000077 -0.000022 0.000006 -0.047368 0.013822 -0.277035 0.520663 -3.713524 -11.098250 -0.584406 3.743230 -11.116803 -5.102873 -11.019872 8.719271 -65.867844 -14.285892 13.215507 2.869317 -59.842422 -3.208852 20.756636 -12.721861 -6.506529 -5.882102 9.861279 0.702590 -10.936861 -0.360574 7.156197 0.000000 8.774815 -0.000000 -15.931397 18.207539 6.790007 -1.844031 2.498503 -2.507276 -10.163590 4.678941 4.621104 -20.975996 -0.000001 0.000001 -21.226254 2.451698 -3.593995 0.000000 -0.000006 -0.000000 -1.362681 2.240797 -0.746323 -21.334892 0.584910 3.008319 -13.821196 -0.000001 0.000001 -23.887129 -0.249075 -0.839485 -59.121147 3.017810 -1.091896 -0.294025 1.679686 0.833255 -14.218195 0.093215 1.300579 -34.212002 -0.287561 0.967166 -20.033176 0.964536 1.212838 0.000000 -0.000000 0.000000 -3.440387 0.788233 0.501655 -15.928172 -3.167306 2.999703 -6.338817 -0.000000 0.000001 -18.123419 3.648181 -4.905662 -0.000004 0.000000 -0.000002 -16.701593 25.275049 -3.124978 -11.479774 29.301830 -33.465633 -0.621119 32.220963 -0.566694 -42.902912 3.893070 -10.595211 2.243540 -5.255033 -3.180156 14.282877 -0.826594 6.952496 -0.000000 -12.690593 -0.000001 16.416719 -18.506451 2.263077 1.665665 -1.955920 -2.878297 4.727794 -4.170584 4.993919 11.020511 0.000001 -0.000000 12.109032 -3.735715 -2.866778 0.000000 -0.000000 0.000000 1.291985 -1.928548 -1.498088 14.800115 0.567467 3.865604 14.242553 -1.341738 -6.660648 19.631935 0.143921 -0.648243 49.570930 -1.214587 -6.654173 0.353029 -1.511150 -0.031940 20.222769 3.684305 2.316629 18.787249 0.000001 -0.000001 10.751608 -0.479870 1.397903 0.000000 -0.000000 0.000000 3.273804 0.305947 -0.580110 21.486790 11.830364 2.266131 8.162915 0.000000 -0.000000 18.399052 -3.798986 -4.940567 0.000003 0.000000 -0.000001 -17.113785 3.984719 -101.333748 -0.226947 0.159102 72.166389 1.178009 -19.037125 -16.689640 1.688954 -1.570216 -1.054790 0.000000 -0.000000 0.000002 21.800726 -27.450903 -105.724113 -0.245865 -0.798654 83.708710 0.576321 -10.204535 -34.970734 -1.473663 0.957502 -0.349168 0.000000 -0.000000 -0.000001
0.000000 0.000000 0.000000 0.000000 -0.000000 0.000000 -4.932566 -22.537365 -4.271712 11.090316 16.594406 51.805820 1.800585 -1.146216 26.261343 1.546772 2.448909 8.407564 3.125220 0.655198 30.806158 5.151208 -1.630625 2.231258 -0.744172 -7.051972 -4.041281 2.498463 -8.145664 -12.024101 0.000077 -0.000022 0.000006 -0.054332 0.012115 -0.273107 0.510114 -3.712602 -11.098074 -0.587894 3.738632 -11.106006 -4.995107 -11.050054 8.768428 -66.292336 -14.176190 13.589693 2.665165 -59.478210 -3.000882 20.577787 -12.785684 -5.975381 -5.882102 9.861279 0.702590 -10.936861 -0.360574 7.156197 0.000000 8.774815 -0.000000 -15.897585 18.233728 6.847491 -1.844031 2.498503 -2.507276 -10.163590 4.678941 4.621104 -20.975996 -0.000001 0.000001 -21.226254 2.451698 -3.593995 0.000000 -0.000006 -0.000000 -1.362681 2.240797 -0.746323 -21.334892 0.584910 3.008319 -13.821196 -0.000001 0.000001 -23.887129 -0.249075 -0.839485 -59.167183 3.041374 -1.123737 -0.294025 1.679686 0.833255 -14.218195 0.093215 1.300579 -34.212002 -0.287561 0.967166 -20.033176 0.964536 1.212838 0.000000 -0.000000 0.000000 -3.440387 0.788233 0.501655 -15.928172 -3.167306 2.999703 -6.338817 -0.000000 0.000001 -18.123419 3.648181 -4.905662 -0.000004 0.000000 -0.000002 -16.840643 25.235678 -3.198147 -11.242887 29.265896 -33.377617 -0.751023 32.561279 -0.633032 -43.064465 4.087987 -10.874930 2.243540 -5.255033 -3.180156 14.282877 -0.826594 6.952496 -0.000000 -12.690593 -0.000001 16.417637 -18.544554 2.288964 1.665665 -1.955920 -2.878297 4.727794 -4.170584 4.993919 11.020511 0.000001 -0.000000 12.109032 -3.735715 -2.866778 0.000000 -0.000000 0.000000 1.291985 -1.928548 -1.498088 14.800115 0.567467 3.865604 14.242553 -1.341738 -6.660648 19.631935 0.143921 -0.648243 49.641357 -1.241425 -6.623085 0.353029 -1.511150 -0.031940 20.222769 3.684305 2.316629 18.787249 0.000001 -0.000001 10.751608 -0.479870 1.397903 0.000000 -0.000000 0.000000 3.273804 0.305947 -0.580110 21.486790 11.830364 2.266131 8.162915 0.000000 -0.000000 18.399052 -3.798986 -4.940567 0.000003 0.000000 -0.000001 -17.162331 3.997989 -101.627251 -0.209187 0.160961 72.951553 1.280821 -18.943289 -17.015192 1.688775 -1.563955 -1.035703 0.000000 -0.000000 0.000002 21.507868 -27.481337 -105.940765 -0.266990 -0.807434 84.549576 0.664861 -10.285483 -35.344334 -1.471653 0.953231 -0.388668 0.000000 -0.000000 -0.000001
0.000000 0.000000 0.000000 0.000000 -0.000000 0.000000 -5.019926 -22.935612 -4.288813 11.229914 16.549910 51.649872 1.815088 -1.200319 26.229218 1.546035 2.417569 8.391575 3.153573 0.685626 30.804525 4.887340 -1.771950 2.102973 -0.731194 -7.093014 -4.038538 2.530545 -8.226787 -12.086092 0.000077 -0.000022 0.000006 -0.058650 0.011080 -0.271551 0.497376 -3.711609 -11.094061 -0.583976 3.735302 -11.093432 -4.910769 -11.008756 8.816375 -66.671928 -13.963126 14.109562 2.449845 -59.211758 -2.773295 20.345301 -12.857937 -5.327306 -5.882102 9.861279 0.702590 -10.936861 -0.360574 7.156197 0.000000 8.774815 -0.000000 -15.886063 18.281532 6.901633 -1.844031 2.498503 -2.507276 -10.163590 4.678941 4.621104 -20.975996 -0.000001 0.000001 -21.226254 2.451698 -3.593995 0.000000 -0.000006 -0.000000 -1.362681 2.240797 -0.746323 -21.334892 0.584910 3.008319 -13.821196 -0.000001 0.000001 -23.887129 -0.249075 -0.839485 -59.239475 3.066128 -1.173786 -0.294025 1.679686 0.833255 -14.218195 0.093215 1.300579 -34.212002 -0.287561 0.967166 -20.033176 0.964536 1.212838 0.000000 -0.000000 0.000000 -3.440387 0.788233 0.501655 -15.928172 -3.167306 2.999703 -6.338817 -0.000000 0.000001 -18.123419 3.648181 -4.905662 -0.000004 0.000000 -0.000002 -16.917379 25.231394 -3.213637 -10.895323 29.150715 -33.193268 -0.845900 32.948341 -0.690811 -42.909443 4.358762 -11.287066 2.243540 -5.255033 -3.180156 14.282877 -0.826594 6.952496 -0.000000 -12.690593 -0.000001 16.395393 -18.570225 2.325815 1.665665 -1.955920 -2.878297 4.727794 -4.170584 4.993919 11.020511 0.000001 -0.000000 12.109032 -3.735715 -2.866778 0.000000 -0.000000 0.000000 1.291985 -1.928548 -1.498088 14.800115 0.567467 3.865604 14.242553 -1.341738 -6.660648 19.631935 0.143921 -0.648243 49.696407 -1.258320 -6.597011 0.353029 -1.511150 -0.031940 20.222769 3.684305 2.316629 18.787249 0.000001 -0.000001 10.751608 -0.479870 1.397903 0.000000 -0.000000 0.000000 3.273804 0.305947 -0.580110 21.486790 11.830364 2.266131 8.162915 0.000000 -0.000000 18.399052 -3.798986 -4.940567 0.000003 0.000000 -0.000001 -17.173164 3.986927 -101.897339 -0.189586 0.168262 73.735100 1.355587 -18.825876 -17.362221 1.688064 -1.553358 -0.999141 0.000000 -0.000000 0.000002 21.191236 -27.519979 -106.164886 -0.298246 -0.812608 85.419037 0.785757 -10.335370 -35.671631 -1.469783 0.941215 -0.384084 0.000000 -0.000000 -0.000001
0.000000 0.000000 0.000000 0.000000 -0.000000 0.000000 -5.095503 -23.359333 -4.325061 11.389680 16.516445 51.423264 1.830367 -1.246636 26.187078 1.565294 2.398481 8.365073 3.199966 0.731739 30.815727 4.615572 -1.910774 2.059800 -0.760286 -7.175350 -4.038079 2.512444 -8.327806 -12.137852 0.000077 -0.000022 0.000006 -0.072669 0.008382 -0.269168 0.468477 -3.710540 -11.071435 -0.583271 3.728389 -11.068390 -4.868865 -10.935635 8.864537 -66.980507 -13.639992 14.655706 2.152044 -59.047867 -2.493912 20.071957 -12.896920 -4.683942 -5.882102 9.861279 0.702590 -10.936861 -0.360574 7.156197 0.000000 8.774815 -0.000000 -15.906592 18.359587 6.939058 -1.844031 2.498503 -2.507276 -10.163590 4.678941 4.621104 -20.975996 -0.000001 0.000001 -21.226254 2.451698 -3.593995 0.000000 -0.000006 -0.000000 -1.362681 2.240797 -0.746323 -21.334892 0.584910 3.008319 -13.821196 -0.000001 0.000001 -23.887129 -0.249075 -0.839485 -59.320168 3.091777 -1.198282 -0.294025 1.679686 0.833255 -14.218195 0.093215 1.300579 -34.212002 -0.287561 0.967166 -20.033176 0.964536 1.212838 0.000000 -0.000000 0.000000 -3.440387 0.788233 0.501655 -15.928172 -3.167306 2.999703 -6.338817 -0.000000 0.000001 -18.123419 3.648181 -4.905662 -0.000004 0.000000 -0.000002 -16.960083 25.272825 -3.168740 -10.427685 28.923164 -32.905617 -0.941774 33.400162 -0.746323 -42.461716 4.600217 -11.827215 2.243540 -5.255033 -3.180156 14.282877 -0.826594 6.952496 -0.000000 -12.690593 -0.000001 16.372583 -18.599672 2.366035 1.665665 -1.955920 -2.878297 4.727794 -4.170584 4.993919 11.020511 0.000001 -0.000000 12.109032 -3.735715 -2.866778 0.000000 -0.000000 0.000000 1.291985 -1.928548 -1.498088 14.800115 0.567467 3.865604 14.242553 -1.341738 -6.660648 19.631935 0.143921 -0.648243 49.741837 -1.278389 -6.594242 0.353029 -1.511150 -0.031940 20.222769 3.684305 2.316629 18.787249 0.000001 -0.000001 10.751608 -0.479870 1.397903 0.000000 -0.000000 0.000000 3.273804 0.305947 -0.580110 21.486790 11.830364 2.266131 8.162915 0.000000 -0.000000 18.399052 -3.798986 -4.940567 0.000003 0.000000 -0.000001 -17.171289 3.956748 -102.119522 -0.174582 0.180366 74.569298 1.436571 -18.665651 -17.728157 1.688463 -1.544715 -0.958493 0.000000 -0.000000 0.000002 20.810959 -27.606901 -106.356087 -0.330824 -0.813454 86.361961 0.939148 -10.352973 -35.985317 -1.467516 0.925177 -0.359850 0.000000 -0.000000 -0.000001
0.000000 0.000000 0.000000 0.000000 -0.000000 0.000000 -5.163769 -23.818142 -4.387225 11.567912 16.492683 51.087276 1.830273 -1.282896 26.156303 1.624815 2.399162 8.348040 3.255108 0.786705 30.833082 4.310874 -2.021743 2.078203 -0.821031 -7.285639 -4.031547 2.500165 -8.442278 -12.188512 0.000077 -0.000022 0.000006 -0.095159 0.004740 -0.267349 0.424996 -3.705599 -11.025700 -0.585122 3.715769 -11.020184 -4.869056 -10.837730 8.924815 -67.187317 -13.278838 15.160402 1.780673 -58.904243 -2.221692 19.759794 -12.970275 -4.136975 -5.882102 9.861279 0.702590 -10.936861 -0.360574 7.156197 0.000000 8.774815 -0.000000 -15.930160 18.445227 6.949687 -1.844031 2.498503 -2.507276 -10.163590 4.678941 4.621104 -20.975996 -0.000001 0.000001 -21.226254 2.451698 -3.593995 0.000000 -0.000006 -0.000000 -1.362681 2.240797 -0.746323 -21.334892 0.584910 3.008319 -13.821196 -0.000001 0.000001 -23.887129 -0.249075 -0.839485 -59.405285 3.106844 -1.182811 -0.294025 1.679686 0.833255 -14.218195 0.093215 1.300579 -34.212002 -0.287561 0.967166 -20.033176 0.964536 1.212838 0.000000 -0.000000 0.000000 -3.440387 0.788233 0.501655 -15.928172 -3.167306 2.999703 -6.338817 -0.000000 0.000001 -18.123419 3.648181 -4.905662 -0.000004 0.000000 -0.000002 -16.971172 25.387621 -3.102633 -9.869478 28.556820 -32.548874 -1.014768 33.907059 -0.801605 -41.769787 4.773955 -12.532236 2.243540 -5.255033 -3.180156 14.282877 -0.826594 6.952496 -0.000000 -12.690593 -0.000001 16.358192 -18.642675 2.416312 1.665665 -1.955920 -2.878297 4.727794 -4.170584 4.993919 11.020511 0.000001 -0.000000 12.109032 -3.735715 -2.866778 0.000000 -0.000000 0.000000 1.291985 -1.928548 -1.498088 14.800115 0.567467 3.865604 14.242553 -1.341738 -6.660648 19.631935 0.143921 -0.648243 49.806309 -1.302659 -6.598783 0.353029 -1.511150 -0.031940 20.222769 3.684305 2.316629 18.787249 0.000001 -0.000001 10.751608 -0.479870 1.397903 0.000000 -0.000000 0.000000 3.273804 0.305947 -0.580110 21.486790 11.830364 2.266131 8.162915 0.000000 -0.000000 18.399052 -3.798986 -4.940567 0.000003 0.000000 -0.000001 -17.181614 3.935208 -102.265274 -0.168599 0.195711 75.461220 1.556210 -18.470663 -18.156553 1.690459 -1.525934 -0.910463 0.000000 -0.000000 0.000002 20.336725 -27.747395 -106.464066 -0.355289 -0.812680 87.371300 1.109097 -10.359113 -36.342442 -1.465392 0.911530 -0.317615 0.000000 -0.000000 -0.000001
0.000000 0.000000 0.000000 0.000000 -0.000000 0.000000 -5.235745 -24.318409 -4.466943 11.758179 16.478355 50.594681 1.824466 -1.315899 26.140680 1.721086 2.412128 8.354958 3.322222 0.834630 30.875839 3.906076 -2.099263 2.139091 -0.891409 -7.392755 -4.022902 2.547884 -8.588423 -12.284257 0.000077 -0.000022 0.000006 -0.116374 0.002831 -0.265493 0.385540 -3.697947 -10.970490 -0.588604 3.703587 -10.960921 -4.959289 -10.736192 9.031399 -67.252876 -12.970065 15.598415 1.453861 -58.642132 -2.033665 19.503481 -13.146112 -3.922871 -5.882102 9.861279 0.702590 -10.936861 -0.360574 7.156197 0.000000 8.774815 -0.000000 -15.935385 18.468283 6.925310 -1.844031 2.498503 -2.507276 -10.163590 4.678941 4.621104 -20.975996 -0.000001 0.000001 -21.226254 2.451698 -3.593995 0.000000 -0.000006 -0.000000 -1.362681 2.240797 -0.746323 -21.334892 0.584910 3.008319 -13.821196 -0.000001 0.000001 -23.887129 -0.249075 -0.839485 -59.493324 3.089614 -1.131773 -0.294025 1.679686 0.833255 -14.218195 0.093215 1.300579 -34.212002 -0.287561 0.967166 -20.033176 0.964536 1.212838 0.000000 -0.000000 0.000000 -3.440387 0.788233 0.501655 -15.928172 -3.167306 2.999703 -6.338817 -0.000000 0.000001 -18.123419 3.648181 -4.905662 -0.000004 0.000000 -0.000002 -16.993185 25.599663 -3.007632 -9.232434 28.029957 -32.226845 -1.089136 34.481178 -0.879047 -40.948593 4.870417 -13.502079 2.243540 -5.255033 -3.180156 14.282877 -0.826594 6.952496 -0.000000 -12.690593 -0.000001 16.346611 -18.681587 2.470302 1.665665 -1.955920 -2.878297 4.727794 -4.170584 4.993919 11.020511 0.000001 -0.000000 12.109032 -3.735715 -2.866778 0.000000 -0.000000 0.000000 1.291985 -1.928548 -1.498088 14.800115 0.567467 3.865604 14.242553 -1.341738 -6.660648 19.631935 0.143921 -0.648243 49.870697 -1.337228 -6.608667 0.353029 -1.511150 -0.031940 20.222769 3.684305 2.316629 18.787249 0.000001 -0.000001 10.751608 -0.479870 1.397903 0.000000 -0.000000 0.000000 3.273804 0.305947 -0.580110 21.486790 11.830364 2.266131 8.162915 0.000000 -0.000000 18.399052 -3.798986 -4.940567 0.000003 0.000000 -0.000001 -17.188618 3.941164 -102.298340 -0.169481 0.211498 76.442436 1.716478 -18.283306 -18.664228 1.690938 -1.497115 -0.892100 0.000000 -0.000000 0.000002 19.756018 -27.959320 -106.423752 -0.369119 -0.809819 88.443001 1.294210 -10.364533 -36.802368 -1.465390 0.916211 -0.274037 0.000000 -0.000000 -0.000001
0.000000 0.000000 0.000000 0.000000 -0.000000 0.000000 -5.285363 -24.846165 -4.564477 11.962433 16.458881 49.931911 1.814493 -1.336011 26.144453 1.842691 2.436562 8.393309 3.402859 0.879611 30.965691 3.421737 -2.153902 2.218923 -0.942621 -7.494378 -4.011820 2.651389 -8.764430 -12.465010 0.000077 -0.000022 0.000006 -0.129636 0.003573 -0.259148 0.361400 -3.691167 -10.910808 -0.591553 3.696976 -10.899768 -5.143427 -10.653961 9.147603 -67.213867 -12.768858 15.905007 1.106508 -58.109447 -1.859579 19.438606 -13.444810 -4.200303 -5.882102 9.861279 0.702590 -10.936861 -0.360574 7.156197 0.000000 8.774815 -0.000000 -15.908793 18.420385 6.889928 -1.844031 2.498503 -2.507276 -10.163590 4.678941 4.621104 -20.975996 -0.000001 0.000001 -21.226254 2.451698 -3.593995 0.000000 -0.000006 -0.000000 -1.362681 2.240797 -0.746323 -21.334892 0.584910 3.008319 -13.821196 -0.000001 0.000001 -23.887129 -0.249075 -0.839485 -59.585922 3.044658 -1.056002 -0.294025 1.679686 0.833255 -14.218195 0.093215 1.300579 -34.212002 -0.287561 0.967166 -20.033176 0.964536 1.212838 0.000000 -0.000000 0.000000 -3.440387 0.788233 0.501655 -15.928172 -3.167306 2.999703 -6.338817 -0.000000 0.000001 -18.123419 3.648181 -4.905662 -0.000004 0.000000 -0.000002 -17.054590 25.883615 -2.884346 -8.540314 27.338171 -32.007633 -1.163027 35.111931 -0.964718 -40.118107 4.913321 -14.749592 2.243540 -5.255033 -3.180156 14.282877 -0.826594 6.952496 -0.000000 -12.690593 -0.000001 16.344128 -18.701267 2.512792 1.665665 -1.955920 -2.878297 4.727794 -4.170584 4.993919 11.020511 0.000001 -0.000000 12.109032 -3.735715 -2.866778 0.000000 -0.000000 0.000000 1.291985 -1.928548 -1.498088 14.800115 0.567467 3.865604 14.242553 -1.341738 -6.660648 19.631935 0.143921 -0.648243 49.938438 -1.375962 -6.614522 0.353029 -1.511150 -0.031940 20.222769 3.684305 2.316629 18.787249 0.000001 -0.000001 10.751608 -0.479870 1.397903 0.000000 -0.000000 0.000000 3.273804 0.305947 -0.580110 21.486790 11.830364 2.266131 8.162915 0.000000 -0.000000 18.399052 -3.798986 -4.940567 0.000003 0.000000 -0.000001 -17.161055 4.025582 -102.237221 -0.163141 0.235429 77.493172 1.848087 -18.157200 -19.101404 1.689932 -1.470143 -0.902623 0.000000 -0.000000 0.000002 19.040598 -28.238443 -106.209724 -0.368042 -0.806566 89.568665 1.480956 -10.405333 -37.311539 -1.467162 0.943971 -0.237770 0.000000 -0.000000 -0.000001
0.000000 0.000000 0.000000 0.000000 -0.000000 0.000000 -5.305646 -25.365207 -4.689742 12.173275 16.442221 49.061901 1.806331 -1.335074 26.181494 1.978490 2.467970 8.450240 3.499155 0.933581 31.134434 2.894173 -2.194989 2.312426 -0.962099 -7.602320 -4.000675 2.800789 -8.941708 -12.727032 0.000077 -0.000022 0.000006 -0.131425 0.006044 -0.248113 0.353581 -3.686133 -10.846359 -0.587545 3.695308 -10.834570 -5.380862 -10.609422 9.256742 -67.127083 -12.712140 16.037271 0.691097 -57.252258 -1.615400 19.609682 -13.813902 -5.076860 -5.882102 9.861279 0.702590 -10.936861 -0.360574 7.156197 0.000000 8.774815 -0.000000 -15.875288 18.312054 6.839108 -1.844031 2.498503 -2.507276 -10.163590 4.678941 4.621104 -20.975996 -0.000001 0.000001 -21.226254 2.451698 -3.593995 0.000000 -0.000006 -0.000000 -1.362681 2.240797 -0.746323 -21.334892 0.584910 3.008319 -13.821196 -0.000001 0.000001 -23.887129 -0.249075 -0.839485 -59.693634 2.995457 -0.957123 -0.294025 1.679686 0.833255 -14.218195 0.093215 1.300579 -34.212002 -0.287561 0.967166 -20.033176 0.964536 1.212838 0.000000 -0.000000 0.000000 -3.440387 0.788233 0.501655 -15.928172 -3.167306 2.999703 -6.338817 -0.000000 0.000001 -18.123419 3.648181 -4.905662 -0.000004 0.000000 -0.000002 -17.179111 26.210220 -2.796148 -7.768935 26.544626 -31.791866 -1.252087 35.682907 -1.048068 -39.212425 4.912752 -16.380968 2.243540 -5.255033 -3.180156 14.282877 -0.826594 6.952496 -0.000000 -12.690593 -0.000001 16.337139 -18.697737 2.546595 1.665665 -1.955920 -2.878297 4.727794 -4.170584 4.993919 11.020511 0.000001 -0.000000 12.109032 -3.735715 -2.866778 0.000000 -0.000000 0.000000 1.291985 -1.928548 -1.498088 14.800115 0.567467 3.865604 14.242553 -1.341738 -6.660648 19.631935 0.143921 -0.648243 49.987137 -1.412792 -6.614551 0.353029 -1.511150 -0.031940 20.222769 3.684305 2.316629 18.787249 0.000001 -0.000001 10.751608 -0.479870 1.397903 0.000000 -0.000000 0.000000 3.273804 0.305947 -0.580110 21.486790 11.830364 2.266131 8.162915 0.000000 -0.000000 18.399052 -3.798986 -4.940567 0.000003 0.000000 -0.000001 -17.139351 4.054227 -101.900826 -0.148451 0.267685 78.539841 2.070969 -17.964319 -19.731686 1.687630 -1.457281 -0.893660 0.000000 -0.000000 0.000002 18.164183 -28.577122 -105.743980 -0.348424 -0.793658 90.682014 1.690597 -10.518520 -37.830708 -1.468204 0.986253 -0.173056 0.000000 -0.000000 -0.000001
0.000000 0.000000 0.000000 0.000000 -0.000000 0.000000 -5.280745 -25.821728 -4.851582 12.352751 16.449413 48.030285 1.830752 -1.311462 26.223637 2.101186 2.506754 8.505769 3.649470 1.003282 31.374525 2.346714 -2.254400 2.420861 -0.951405 -7.729526 -3.989191 2.982451 -9.097309 -13.002995 0.000077 -0.000022 0.000006 -0.127080 0.008776 -0.238429 0.357216 -3.679958 -10.786457 -0.583107 3.692932 -10.774847 -5.686031 -10.637872 9.361606 -67.058342 -12.816374 16.044220 0.274868 -56.079041 -1.249247 20.058035 -14.190487 -6.631377 -5.882102 9.861279 0.702590 -10.936861 -0.360574 7.156197 0.000000 8.774815 -0.000000 -15.889599 18.171478 6.745946 -1.844031 2.498503 -2.507276 -10.163590 4.678941 4.621104 -20.975996 -0.000001 0.000001 -21.226254 2.451698 -3.593995 0.000000 -0.000006 -0.000000 -1.362681 2.240797 -0.746323 -21.334892 0.584910 3.008319 -13.821196 -0.000001 0.000001 -23.887129 -0.249075 -0.839485 -59.807713 2.948753 -0.882147 -0.294025 1.679686 0.833255 -14.218195 0.093215 1.300579 -34.212002 -0.287561 0.967166 -20.033176 0.964536 1.212838 0.000000 -0.000000 0.000000 -3.440387 0.788233 0.501655 -15.928172 -3.167306 2.999703 -6.338817 -0.000000 0.000001 -18.123419 3.648181 -4.905662 -0.000004 0.000000 -0.000002 -17.388474 26.583578 -2.764502 -6.967052 25.720118 -31.499737 -1.345502 35.956356 -1.114493 -38.024311 4.854367 -18.266102 2.243540 -5.255033 -3.180156 14.282877 -0.826594 6.952496 -0.000000 -12.690593 -0.000001 16.332317 -18.664753 2.550092 1.665665 -1.955920 -2.878297 4.727794 -4.170584 4.993919 11.020511 0.000001 -0.000000 12.109032 -3.735715 -2.866778 0.000000 -0.000000 0.000000 1.291985 -1.928548 -1.498088 14.800115 0.567467 3.865604 14.242553 -1.341738 -6.660648 19.631935 0.143921 -0.648243 49.961010 -1.442424 -6.609234 0.353029 -1.511150 -0.031940 20.222769 3.684305 2.316629 18.787249 0.000001 -0.000001 10.751608 -0.479870 1.397903 0.000000 -0.000000 0.000000 3.273804 0.305947 -0.580110 21.486790 11.830364 2.266131 8.162915 0.000000 -0.000000 18.399052 -3.798986 -4.940567 0.000003 0.000000 -0.000001 -17.045977 4.081155 -101.342110 -0.129978 0.297969 79.461174 2.289346 -17.734503 -20.370880 1.682709 -1.472998 -0.843839 0.000000 -0.000000 0.000002 17.168953 -28.925032 -105.015167 -0.321225 -0.779666 91.664185 1.965375 -10.700915 -38.305740 -1.465838 1.030560 -0.102198 0.000000 -0.000000 -0.000001
0.000000 0.000000 0.000000 0.000000 -0.000000 0.000000 -5.232682 -26.123424 -5.032727 12.481802 16.477318 46.982674 1.899262 -1.294069 26.216852 2.195805 2.562263 8.550330 3.847598 1.104121 31.670134 1.821692 -2.334283 2.487244 -0.938726 -7.871583 -3.981615 3.213828 -9.228909 -13.266138 0.000077 -0.000022 0.000006 -0.125580 0.010889 -0.232376 0.363174 -3.671399 -10.736958 -0.587158 3.687580 -10.727071 -6.090721 -10.747627 9.471528 -67.039200 -13.038303 16.032461 -0.015310 -54.713902 -0.865108 20.593636 -14.598391 -8.445816 -5.882102 9.861279 0.702590 -10.936861 -0.360574 7.156197 0.000000 8.774815 -0.000000 -15.954292 18.020573 6.615849 -1.844031 2.498503 -2.507276 -10.163590 4.678941 4.621104 -20.975996 -0.000001 0.000001 -21.226254 2.451698 -3.593995 0.000000 -0.000006 -0.000000 -1.362681 2.240797 -0.746323 -21.334892 0.584910 3.008319 -13.821196 -0.000001 0.000001 -23.887129 -0.249075 -0.839485 -59.889263 2.907205 -0.879893 -0.294025 1.679686 0.833255 -14.218195 0.093215 1.300579 -34.212002 -0.287561 0.967166 -20.033176 0.964536 1.212838 0.000000 -0.000000 0.000000 -3.440387 0.788233 0.501655 -15.928172 -3.167306 2.999703 -6.338817 -0.000000 0.000001 -18.123419 3.648181 -4.905662 -0.000004 0.000000 -0.000002 -17.667265 27.101557 -2.767251 -6.205282 24.785440 -31.231434 -1.386745 35.818790 -1.113171 -36.450821 4.748788 -20.266926 2.243540 -5.255033 -3.180156 14.282877 -0.826594 6.952496 -0.000000 -12.690593 -0.000001 16.312647 -18.608152 2.514588 1.665665 -1.955920 -2.878297 4.727794 -4.170584 4.993919 11.020511 0.000001 -0.000000 12.109032 -3.735715 -2.866778 0.000000 -0.000000 0.000000 1.291985 -1.928548 -1.498088 14.800115 0.567467 3.865604 14.242553 -1.341738 -6.660648 19.631935 0.143921 -0.648243 49.824657 -1.460940 -6.619823 0.353029 -1.511150 -0.031940 20.222769 3.684305 2.316629 18.787249 0.000001 -0.000001 10.751608 -0.479870 1.397903 0.000000 -0.000000 0.000000 3.273804 0.305947 -0.580110 21.486790 11.830364 2.266131 8.162915 0.000000 -0.000000 18.399052 -3.798986 -4.940567 0.000003 0.000000 -0.000001 -16.912584 4.093926 -100.620483 -0.104372 0.318010 80.085747 2.516867 -17.497875 -20.926889 1.676700 -1.505462 -0.782739 0.000000 -0.000000 0.000002 16.176823 -29.227118 -104.108330 -0.284320 -0.762446 92.342094 2.294608 -10.903522 -38.623821 -1.460668 1.065772 -0.074927 0.000000 -0.000000 -0.000001
0.000000 0.000000 0.000000 0.000000 -0.000000 0.000000 -5.162158 -26.187092 -5.223533 12.541136 16.517303 46.059345 1.983882 -1.278450 26.120134 2.261968 2.623106 8.566863 4.052675 1.244793 31.991749 1.321088 -2.434108 2.498863 -0.929044 -7.997675 -3.979298 3.536947 -9.334085 -13.491573 0.000077 -0.000022 0.000006 -0.128893 0.012916 -0.230269 0.366398 -3.660528 -10.698290 -0.598254 3.680719 -10.689077 -6.549678 -10.856933 9.570390 -67.072128 -13.242093 16.267473 -0.005170 -53.383453 -0.688624 20.863550 -15.022244 -9.845992 -5.882102 9.861279 0.702590 -10.936861 -0.360574 7.156197 0.000000 8.774815 -0.000000 -16.004351 17.887894 6.505531 -1.844031 2.498503 -2.507276 -10.163590 4.678941 4.621104 -20.975996 -0.000001 0.000001 -21.226254 2.451698 -3.593995 0.000000 -0.000006 -0.000000 -1.362681 2.240797 -0.746323 -21.334892 0.584910 3.008319 -13.821196 -0.000001 0.000001 -23.887129 -0.249075 -0.839485 -59.950253 2.852714 -0.937310 -0.294025 1.679686 0.833255 -14.218195 0.093215 1.300579 -34.212002 -0.287561 0.967166 -20.033176 0.964536 1.212838 0.000000 -0.000000 0.000000 -3.440387 0.788233 0.501655 -15.928172 -3.167306 2.999703 -6.338817 -0.000000 0.000001 -18.123419 3.648181 -4.905662 -0.000004 0.000000 -0.000002 -17.955347 27.840607 -2.804986 -5.461224 23.714079 -31.064873 -1.389386 35.314781 -1.055028 -34.507832 4.619835 -22.361723 2.243540 -5.255033 -3.180156 14.282877 -0.826594 6.952496 -0.000000 -12.690593 -0.000001 16.255507 -18.545042 2.481698 1.665665 -1.955920 -2.878297 4.727794 -4.170584 4.993919 11.020511 0.000001 -0.000000 12.109032 -3.735715 -2.866778 0.000000 -0.000000 0.000000 1.291985 -1.928548 -1.498088 14.800115 0.567467 3.865604 14.242553 -1.341738 -6.660648 19.631935 0.143921 -0.648243 49.639702 -1.460701 -6.620010 0.353029 -1.511150 -0.031940 20.222769 3.684305 2.316629 18.787249 0.000001 -0.000001 10.751608 -0.479870 1.397903 0.000000 -0.000000 0.000000 3.273804 0.305947 -0.580110 21.486790 11.830364 2.266131 8.162915 0.000000 -0.000000 18.399052 -3.798986 -4.940567 0.000003 0.000000 -0.000001 -16.767124 4.095513 -99.797493 -0.081092 0.323149 80.266762 2.726901 -17.258955 -21.162088 1.671528 -1.533883 -0.687198 0.000000 -0.000000 0.000002 15.279446 -29.417601 -103.101212 -0.245831 -0.735803 92.553101 2.636075 -11.109420 -38.693085 -1.454367 1.089833 -0.075599 0.000000 -0.000000 -0.000001
0.000000 0.000000 0.000000 0.000000 -0.000000 0.000000 -5.077263 -25.979923 -5.406524 12.560162 16.568151 45.321117 2.053855 -1.262786 25.920599 2.299514 2.672306 8.548482 4.247539 1.425609 32.320091 0.847419 -2.536938 2.514479 -0.905811 -8.095632 -3.970922 3.925720 -9.438930 -13.725951 0.000077 -0.000022 0.000006 -0.135306 0.016166 -0.227790 0.364269 -3.646265 -10.660416 -0.609742 3.673719 -10.651905 -7.033218 -10.872445 9.632960 -67.105270 -13.340805 16.832108 0.132954 -52.181648 -0.709814 20.675129 -15.443311 -10.147020 -5.882102 9.861279 0.702590 -10.936861 -0.360574 7.156197 0.000000 8.774815 -0.000000 -16.038776 17.765732 6.400344 -1.844031 2.498503 -2.507276 -10.163590 4.678941 4.621104 -20.975996 -0.000001 0.000001 -21.226254 2.451698 -3.593995 0.000000 -0.000006 -0.000000 -1.362681 2.240797 -0.746323 -21.334892 0.584910 3.008319 -13.821196 -0.000001 0.000001 -23.887129 -0.249075 -0.839485 -60.042355 2.774026 -1.028372 -0.294025 1.679686 0.833255 -14.218195 0.093215 1.300579 -34.212002 -0.287561 0.967166 -20.033176 0.964536 1.212838 0.000000 -0.000000 0.000000 -3.440387 0.788233 0.501655 -15.928172 -3.167306 2.999703 -6.338817 -0.000000 0.000001 -18.123419 3.648181 -4.905662 -0.000004 0.000000 -0.000002 -18.182657 28.798061 -2.817880 -4.711455 22.517405 -31.206455 -1.339850 34.572418 -0.954256 -32.207672 4.552589 -24.711809 2.243540 -5.255033 -3.180156 14.282877 -0.826594 6.952496 -0.000000 -12.690593 -0.000001 16.157133 -18.494875 2.490591 1.665665 -1.955920 -2.878297 4.727794 -4.170584 4.993919 11.020511 0.000001 -0.000000 12.109032 -3.735715 -2.866778 0.000000 -0.000000 0.000000 1.291985 -1.928548 -1.498088 14.800115 0.567467 3.865604 14.242553 -1.341738 -6.660648 19.631935 0.143921 -0.648243 49.486675 -1.454395 -6.583949 0.353029 -1.511150 -0.031940 20.222769 3.684305 2.316629 18.787249 0.000001 -0.000001 10.751608 -0.479870 1.397903 0.000000 -0.000000 0.000000 3.273804 0.305947 -0.580110 21.486790 11.830364 2.266131 8.162915 0.000000 -0.000000 18.399052 -3.798986 -4.940567 0.000003 0.000000 -0.000001 -16.662699 4.076183 -98.871315 -0.074996 0.312273 79.930695 2.900456 -17.057333 -21.147060 1.669505 -1.544461 -0.581613 0.000000 -0.000000 0.000002 14.478656 -29.499563 -102.076317 -0.213648 -0.703721 92.241013 2.967970 -11.321877 -38.423031 -1.449280 1.103114 -0.087938 0.000000 -0.000000 -0.000001
0.000000 0.000000 0.000000 0.000000 -0.000000 0.000000 -4.986002 -25.507175 -5.571674 12.577906 16.658234 44.764839 2.117590 -1.263296 25.661837 2.316096 2.706761 8.502135 4.426642 1.625773 32.608395 0.435241 -2.590398 2.602827 -0.879024 -8.223523 -3.957908 4.300552 -9.580927 -14.026567 0.000077 -0.000022 0.000006 -0.148862 0.019572 -0.224761 0.349242 -3.628915 -10.620291 -0.622444 3.664241 -10.615289 -7.531610 -10.772227 9.669012 -67.090416 -13.323054 17.661036 0.301056 -51.123169 -0.860211 20.087444 -15.811108 -9.377373 -5.882102 9.861279 0.702590 -10.936861 -0.360574 7.156197 0.000000 8.774815 -0.000000 -16.065453 17.681236 6.319669 -1.844031 2.498503 -2.507276 -10.163590 4.678941 4.621104 -20.975996 -0.000001 0.000001 -21.226254 2.451698 -3.593995 0.000000 -0.000006 -0.000000 -1.362681 2.240797 -0.746323 -21.334892 0.584910 3.008319 -13.821196 -0.000001 0.000001 -23.887129 -0.249075 -0.839485 -60.200203 2.693880 -1.080728 -0.294025 1.679686 0.833255 -14.218195 0.093215 1.300579 -34.212002 -0.287561 0.967166 -20.033176 0.964536 1.212838 0.000000 -0.000000 0.000000 -3.440387 0.788233 0.501655 -15.928172 -3.167306 2.999703 -6.338817 -0.000000 0.000001 -18.123419 3.648181 -4.905662 -0.000004 0.000000 -0.000002 -18.314209 29.896595 -2.757851 -3.949502 21.213251 -31.763748 -1.259964 33.793873 -0.823958 -29.656870 4.669196 -27.452431 2.243540 -5.255033 -3.180156 14.282877 -0.826594 6.952496 -0.000000 -12.690593 -0.000001 16.043064 -18.449123 2.558308 1.665665 -1.955920 -2.878297 4.727794 -4.170584 4.993919 11.020511 0.000001 -0.000000 12.109032 -3.735715 -2.866778 0.000000 -0.000000 0.000000 1.291985 -1.928548 -1.498088 14.800115 0.567467 3.865604 14.242553 -1.341738 -6.660648 19.631935 0.143921 -0.648243 49.431217 -1.444149 -6.504213 0.353029 -1.511150 -0.031940 20.222769 3.684305 2.316629 18.787249 0.000001 -0.000001 10.751608 -0.479870 1.397903 0.000000 -0.000000 0.000000 3.273804 0.305947 -0.580110 21.486790 11.830364 2.266131 8.162915 0.000000 -0.000000 18.399052 -3.798986 -4.940567 0.000003 0.000000 -0.000001 -16.601513 4.011358 -97.817711 -0.086693 0.290523 79.081268 2.988370 -16.913057 -20.738218 1.669027 -1.531410 -0.500128 0.000000 -0.000000 0.000002 13.736046 -29.498228 -100.884109 -0.195318 -0.673116 91.441833 3.322906 -11.575913 -37.998241 -1.448054 1.104098 -0.078311 0.000000 -0.000000 -0.000001
0.000000 0.000000 0.000000 0.000000 -0.000000 0.000000 -4.902437 -24.792026 -5.709862 12.634144 16.808535 44.333405 2.182965 -1.286416 25.378803 2.322540 2.738164 8.436082 4.606866 1.818026 32.855392 0.054108 -2.610925 2.752151 -0.864942 -8.386136 -3.945374 4.684464 -9.749126 -14.357306 0.000077 -0.000022 0.000006 -0.166357 0.023257 -0.225490 0.326264 -3.613828 -10.588991 -0.635141 3.657653 -10.592751 -8.064468 -10.612650 9.724010 -66.995102 -13.273261 18.589592 0.457316 -50.170891 -1.037082 19.292183 -16.030376 -7.777760 -5.882102 9.861279 0.702590 -10.936861 -0.360574 7.156197 0.000000 8.774815 -0.000000 -16.030031 17.644987 6.302548 -1.844031 2.498503 -2.507276 -10.163590 4.678941 4.621104 -20.975996 -0.000001 0.000001 -21.226254 2.451698 -3.593995 0.000000 -0.000006 -0.000000 -1.362681 2.240797 -0.746323 -21.334892 0.584910 3.008319 -13.821196 -0.000001 0.000001 -23.887129 -0.249075 -0.839485 -60.325687 2.645220 -1.077942 -0.294025 1.679686 0.833255 -14.218195 0.093215 1.300579 -34.212002 -0.287561 0.967166 -20.033176 0.964536 1.212838 0.000000 -0.000000 0.000000 -3.440387 0.788233 0.501655 -15.928172 -3.167306 2.999703 -6.338817 -0.000000 0.000001 -18.123419 3.648181 -4.905662 -0.000004 0.000000 -0.000002 -18.376825 31.053007 -2.627784 -3.153324 19.823971 -32.778080 -1.204322 33.062534 -0.699592 -26.880665 5.091121 -30.605457 2.243540 -5.255033 -3.180156 14.282877 -0.826594 6.952496 -0.000000 -12.690593 -0.000001 15.949913 -18.402390 2.691348 1.665665 -1.955920 -2.878297 4.727794 -4.170584 4.993919 11.020511 0.000001 -0.000000 12.109032 -3.735715 -2.866778 0.000000 -0.000000 0.000000 1.291985 -1.928548 -1.498088 14.800115 0.567467 3.865604 14.242553 -1.341738 -6.660648 19.631935 0.143921 -0.648243 49.475319 -1.441764 -6.388633 0.353029 -1.511150 -0.031940 20.222769 3.684305 2.316629 18.787249 0.000001 -0.000001 10.751608 -0.479870 1.397903 0.000000 -0.000000 0.000000 3.273804 0.305947 -0.580110 21.486790 11.830364 2.266131 8.162915 0.000000 -0.000000 18.399052 -3.798986 -4.940567 0.000003 0.000000 -0.000001 -16.563709 3.880522 -96.557083 -0.109412 0.273950 77.720451 2.974669 -16.817690 -20.114340 1.671663 -1.513257 -0.475189 0.000000 -0.000000 0.000002 12.988692 -29.477421 -99.554939 -0.189881 -0.648018 90.192055 3.697592 -11.917519 -37.355347 -1.448559 1.086634 -0.062598 0.000000 -0.000000 -0.000001
0.000000 0.000000 0.000000 0.000000 -0.000000 0.000000 -4.851129 -23.892467 -5.843128 12.707445 17.028700 43.952045 2.260191 -1.310865 25.091606 2.343711 2.757113 8.355876 4.763472 1.972669 33.091423 -0.293674 -2.578579 2.951709 -0.885110 -8.561275 -3.935060 5.096513 -9.943798 -14.708282 0.000077 -0.000022 0.000006 -0.192473 0.027048 -0.226575 0.300102 -3.607502 -10.574888 -0.661530 3.659402 -10.589188 -8.617270 -10.465666 9.859429 -66.800194 -13.274711 19.473740 0.702258 -49.341225 -1.218323 18.537334 -16.068411 -6.102594 -5.882102 9.861279 0.702590 -10.936861 -0.360574 7.156197 0.000000 8.774815 -0.000000 -15.942891 17.618059 6.346923 -1.844031 2.498503 -2.507276 -10.163590 4.678941 4.621104 -20.975996 -0.000001 0.000001 -21.226254 2.451698 -3.593995 0.000000 -0.000006 -0.000000 -1.362681 2.240797 -0.746323 -21.334892 0.584910 3.008319 -13.821196 -0.000001 0.000001 -23.887129 -0.249075 -0.839485 -60.406803 2.636154 -1.061847 -0.294025 1.679686 0.833255 -14.218195 0.093215 1.300579 -34.212002 -0.287561 0.967166 -20.033176 0.964536 1.212838 0.000000 -0.000000 0.000000 -3.440387 0.788233 0.501655 -15.928172 -3.167306 2.999703 -6.338817 -0.000000 0.000001 -18.123419 3.648181 -4.905662 -0.000004 0.000000 -0.000002 -18.341930 32.177216 -2.429137 -2.348951 18.414129 -34.316505 -1.136475 32.559437 -0.596746 -24.152161 5.830009 -33.976322 2.243540 -5.255033 -3.180156 14.282877 -0.826594 6.952496 -0.000000 -12.690593 -0.000001 15.874463 -18.313999 2.859531 1.665665 -1.955920 -2.878297 4.727794 -4.170584 4.993919 11.020511 0.000001 -0.000000 12.109032 -3.735715 -2.866778 0.000000 -0.000000 0.000000 1.291985 -1.928548 -1.498088 14.800115 0.567467 3.865604 14.242553 -1.341738 -6.660648 19.631935 0.143921 -0.648243 49.551987 -1.428461 -6.277189 0.353029 -1.511150 -0.031940 20.222769 3.684305 2.316629 18.787249 0.000001 -0.000001 10.751608 -0.479870 1.397903 0.000000 -0.000000 0.000000 3.273804 0.305947 -0.580110 21.486790 11.830364 2.266131 8.162915 0.000000 -0.000000 18.399052 -3.798986 -4.940567 0.000003 0.000000 -0.000001 -16.482471 3.674828 -95.064423 -0.131759 0.264508 75.952179 2.858971 -16.706417 -19.351418 1.674966 -1.501737 -0.477661 0.000000 -0.000000 0.000002 12.253845 -29.459303 -98.049477 -0.184970 -0.625209 88.575851 4.093595 -12.337341 -36.595989 -1.450386 1.072659 -0.031123 0.000000 -0.000000 -0.000001
0.000000 0.000000 0.000000 0.000000 -0.000000 0.000000 -4.810050 -22.871151 -5.957230 12.772936 17.303221 43.580032 2.335850 -1.330585 24.817326 2.391890 2.762622 8.258953 4.877772 2.080981 33.328777 -0.575289 -2.511087 3.220304 -0.919284 -8.723722 -3.925811 5.506055 -10.139952 -15.089966 0.000077 -0.000022 0.000006 -0.221233 0.031682 -0.226354 0.271805 -3.604885 -10.562309 -0.690571 3.665657 -10.588418 -9.156773 -10.384811 10.071222 -66.513916 -13.338895 20.209759 1.030412 -48.654961 -1.318304 18.000193 -15.953324 -4.865952 -5.882102 9.861279 0.702590 -10.936861 -0.360574 7.156197 0.000000 8.774815 -0.000000 -15.850675 17.604397 6.424853 -1.844031 2.498503 -2.507276 -10.163590 4.678941 4.621104 -20.975996 -0.000001 0.000001 -21.226254 2.451698 -3.593995 0.000000 -0.000006 -0.000000 -1.362681 2.240797 -0.746323 -21.334892 0.584910 3.008319 -13.821196 -0.000001 0.000001 -23.887129 -0.249075 -0.839485 -60.471729 2.662690 -1.047715 -0.294025 1.679686 0.833255 -14.218195 0.093215 1.300579 -34.212002 -0.287561 0.967166 -20.033176 0.964536 1.212838 0.000000 -0.000000 0.000000 -3.440387 0.788233 0.501655 -15.928172 -3.167306 2.999703 -6.338817 -0.000000 0.000001 -18.123419 3.648181 -4.905662 -0.000004 0.000000 -0.000002 -18.223206 33.172657 -2.208266 -1.536818 17.075186 -36.270767 -1.030035 32.414188 -0.507728 -21.634409 6.768054 -37.391422 2.243540 -5.255033 -3.180156 14.282877 -0.826594 6.952496 -0.000000 -12.690593 -0.000001 15.820272 -18.183653 3.009577 1.665665 -1.955920 -2.878297 4.727794 -4.170584 4.993919 11.020511 0.000001 -0.000000 12.109032 -3.735715 -2.866778 0.000000 -0.000000 0.000000 1.291985 -1.928548 -1.498088 14.800115 0.567467 3.865604 14.242553 -1.341738 -6.660648 19.631935 0.143921 -0.648243 49.611691 -1.380632 -6.184164 0.353029 -1.511150 -0.031940 20.222769 3.684305 2.316629 18.787249 0.000001 -0.000001 10.751608 -0.479870 1.397903 0.000000 -0.000000 0.000000 3.273804 0.305947 -0.580110 21.486790 11.830364 2.266131 8.162915 0.000000 -0.000000 18.399052 -3.798986 -4.940567 0.000003 0.000000 -0.000001 -16.306803 3.411872 -93.469223 -0.143790 0.262545 73.874863 2.616798 -16.553627 -18.314137 1.678718 -1.498240 -0.497580 0.000000 -0.000000 0.000002 11.666051 -29.381361 -96.434776 -0.167883 -0.596426 86.681839 4.404848 -12.852831 -35.802956 -1.451945 1.074414 0.010832 0.000000 -0.000000 -0.000001
0.000000 0.000000 0.000000 0.000000 -0.000000 0.000000 -4.771957 -21.752071 -6.058258 12.768714 17.609415 43.180740 2.386876 -1.337097 24.555761 2.454273 2.759629 8.163843 4.976541 2.141107 33.575634 -0.770105 -2.429421 3.541902 -0.964406 -8.834697 -3.913466 5.866332 -10.294005 -15.509380 0.000077 -0.000022 0.000006 -0.237403 0.037624 -0.223032 0.248197 -3.600591 -10.543114 -0.699248 3.672404 -10.579025 -9.680941 -10.374371 10.345034 -66.161034 -13.427168 20.729534 1.402395 -48.168343 -1.356466 17.634432 -15.690345 -4.028632 -5.882102 9.861279 0.702590 -10.936861 -0.360574 7.156197 0.000000 8.774815 -0.000000 -15.774730 17.630140 6.526594 -1.844031 2.498503 -2.507276 -10.163590 4.678941 4.621104 -20.975996 -0.000001 0.000001 -21.226254 2.451698 -3.593995 0.000000 -0.000006 -0.000000 -1.362681 2.240797 -0.746323 -21.334892 0.584910 3.008319 -13.821196 -0.000001 0.000001 -23.887129 -0.249075 -0.839485 -60.548069 2.717424 -1.028763 -0.294025 1.679686 0.833255 -14.218195 0.093215 1.300579 -34.212002 -0.287561 0.967166 -20.033176 0.964536 1.212838 0.000000 -0.000000 0.000000 -3.440387 0.788233 0.501655 -15.928172 -3.167306 2.999703 -6.338817 -0.000000 0.000001 -18.123419 3.648181 -4.905662 -0.000004 0.000000 -0.000002 -18.031223 33.986794 -1.996727 -0.777014 15.890662 -38.407368 -0.877050 32.599686 -0.421198 -19.416361 7.686667 -40.615089 2.243540 -5.255033 -3.180156 14.282877 -0.826594 6.952496 -0.000000 -12.690593 -0.000001 15.792528 -18.039217 3.119069 1.665665 -1.955920 -2.878297 4.727794 -4.170584 4.993919 11.020511 0.000001 -0.000000 12.109032 -3.735715 -2.866778 0.000000 -0.000000 0.000000 1.291985 -1.928548 -1.498088 14.800115 0.567467 3.865604 14.242553 -1.341738 -6.660648 19.631935 0.143921 -0.648243 49.660942 -1.292535 -6.100409 0.353029 -1.511150 -0.031940 20.222769 3.684305 2.316629 18.787249 0.000001 -0.000001 10.751608 -0.479870 1.397903 0.000000 -0.000000 0.000000 3.273804 0.305947 -0.580110 21.486790 11.830364 2.266131 8.162915 0.000000 -0.000000 18.399052 -3.798986 -4.940567 0.000003 0.000000 -0.000001 -15.997445 3.148040 -91.676033 -0.151558 0.258698 71.568871 2.350495 -16.351604 -17.346025 1.679759 -1.500745 -0.539278 0.000000 -0.000000 0.000002 11.150963 -29.359991 -94.642128 -0.127510 -0.560551 84.551392 4.738643 -13.299915 -34.965656 -1.452124 1.091838 0.038226 0.000000 -0.000000 -0.000001
0.000000 0.000000 0.000000 0.000000 -0.000000 0.000000 -4.698107 -20.552593 -6.126277 12.652297 17.927948 42.715763 2.417042 -1.327409 24.301645 2.511754 2.746763 8.082550 5.067634 2.161169 33.832333 -0.879865 -2.345283 3.905090 -0.983031 -8.883804 -3.905624 6.162857 -10.375045 -15.985793 0.000077 -0.000022 0.000006 -0.233413 0.044864 -0.217982 0.234041 -3.589436 -10.505355 -0.677159 3.675091 -10.546856 -10.194698 -10.392090 10.631910 -65.774727 -13.516898 21.148399 1.767660 -47.848335 -1.325701 17.387486 -15.340458 -3.508630 -5.882102 9.861279 0.702590 -10.936861 -0.360574 7.156197 0.000000 8.774815 -0.000000 -15.718728 17.665815 6.615782 -1.844031 2.498503 -2.507276 -10.163590 4.678941 4.621104 -20.975996 -0.000001 0.000001 -21.226254 2.451698 -3.593995 0.000000 -0.000006 -0.000000 -1.362681 2.240797 -0.746323 -21.334892 0.584910 3.008319 -13.821196 -0.000001 0.000001 -23.887129 -0.249075 -0.839485 -60.669540 2.770121 -0.980596 -0.294025 1.679686 0.833255 -14.218195 0.093215 1.300579 -34.212002 -0.287561 0.967166 -20.033176 0.964536 1.212838 0.000000 -0.000000 0.000000 -3.440387 0.788233 0.501655 -15.928172 -3.167306 2.999703 -6.338817 -0.000000 0.000001 -18.123419 3.648181 -4.905662 -0.000004 0.000000 -0.000002 -17.746490 34.619846 -1.771468 -0.095742 14.888002 -40.502148 -0.702300 33.031471 -0.327323 -17.560566 8.424875 -43.439697 2.243540 -5.255033 -3.180156 14.282877 -0.826594 6.952496 -0.000000 -12.690593 -0.000001 15.777898 -17.912613 3.212137 1.665665 -1.955920 -2.878297 4.727794 -4.170584 4.993919 11.020511 0.000001 -0.000000 12.109032 -3.735715 -2.866778 0.000000 -0.000000 0.000000 1.291985 -1.928548 -1.498088 14.800115 0.567467 3.865604 14.242553 -1.341738 -6.660648 19.631935 0.143921 -0.648243 49.737450 -1.192151 -5.996338 0.353029 -1.511150 -0.031940 20.222769 3.684305 2.316629 18.787249 0.000001 -0.000001 10.751608 -0.479870 1.397903 0.000000 -0.000000 0.000000 3.273804 0.305947 -0.580110 21.486790 11.830364 2.266131 8.162915 0.000000 -0.000000 18.399052 -3.798986 -4.940567 0.000003 0.000000 -0.000001 -15.540759 2.894140 -89.739044 -0.157058 0.247234 69.071815 2.073363 -16.083765 -16.366957 1.678320 -1.505290 -0.569162 0.000000 -0.000000 0.000002 10.743301 -29.327177 -92.681595 -0.082285 -0.528318 82.201035 5.016273 -13.662570 -34.044418 -1.450964 1.107188 0.070161 0.000000 -0.000000 -0.000001
0.000000 0.000000 0.000000 0.000000 -0.000000 0.000000 -4.595264 -19.314228 -6.180934 12.420802 18.245043 42.164520 2.424168 -1.309133 24.048676 2.546160 2.718946 8.019982 5.146826 2.149606 34.091911 -0.862441 -2.272088 4.330400 -0.968399 -8.881580 -3.904920 6.412235 -10.355755 -16.478352 0.000077 -0.000022 0.000006 -0.212080 0.051862 -0.212254 0.233186 -3.576141 -10.465393 -0.634091 3.675937 -10.510309 -10.667019 -10.431915 10.888073 -65.366608 -13.587462 21.569458 2.042026 -47.744308 -1.295383 17.228756 -15.044165 -3.229903 -5.882102 9.861279 0.702590 -10.936861 -0.360574 7.156197 0.000000 8.774815 -0.000000 -15.659730 17.687267 6.693933 -1.844031 2.498503 -2.507276 -10.163590 4.678941 4.621104 -20.975996 -0.000001 0.000001 -21.226254 2.451698 -3.593995 0.000000 -0.000006 -0.000000 -1.362681 2.240797 -0.746323 -21.334892 0.584910 3.008319 -13.821196 -0.000001 0.000001 -23.887129 -0.249075 -0.839485 -60.864063 2.818515 -0.899581 -0.294025 1.679686 0.833255 -14.218195 0.093215 1.300579 -34.212002 -0.287561 0.967166 -20.033176 0.964536 1.212838 0.000000 -0.000000 0.000000 -3.440387 0.788233 0.501655 -15.928172 -3.167306 2.999703 -6.338817 -0.000000 0.000001 -18.123419 3.648181 -4.905662 -0.000004 0.000000 -0.000002 -17.345825 35.054070 -1.458761 0.501312 14.188637 -42.465637 -0.535565 33.550499 -0.238025 -16.185514 8.904870 -45.625847 2.243540 -5.255033 -3.180156 14.282877 -0.826594 6.952496 -0.000000 -12.690593 -0.000001 15.763131 -17.812998 3.298516 1.665665 -1.955920 -2.878297 4.727794 -4.170584 4.993919 11.020511 0.000001 -0.000000 12.109032 -3.735715 -2.866778 0.000000 -0.000000 0.000000 1.291985 -1.928548 -1.498088 14.800115 0.567467 3.865604 14.242553 -1.341738 -6.660648 19.631935 0.143921 -0.648243 49.836609 -1.101877 -5.869260 0.353029 -1.511150 -0.031940 20.222769 3.684305 2.316629 18.787249 0.000001 -0.000001 10.751608 -0.479870 1.397903 0.000000 -0.000000 0.000000 3.273804 0.305947 -0.580110 21.486790 11.830364 2.266131 8.162915 0.000000 -0.000000 18.399052 -3.798986 -4.940567 0.000003 0.000000 -0.000001 -14.964023 2.674448 -87.700699 -0.171541 0.228929 66.477554 1.800300 -15.776883 -15.377365 1.675582 -1.521371 -0.591042 0.000000 -0.000000 0.000002 10.435707 -29.293575 -90.585403 -0.037054 -0.505019 79.707260 5.223153 -13.920991 -33.039833 -1.449200 1.111113 0.108059 0.000000 -0.000000 -0.000001
0.000000 0.000000 0.000000 0.000000 -0.000000 0.000000 -4.460147 -18.026523 -6.229749 12.088769 18.554638 41.496342 2.399109 -1.281684 23.774708 2.555001 2.676677 7.960222 5.201480 2.113494 34.382164 -0.718399 -2.187274 4.852978 -0.937020 -8.885805 -3.911402 6.687407 -10.233347 -16.940947 0.000077 -0.000022 0.000006 -0.188632 0.057200 -0.207581 0.234948 -3.563728 -10.431552 -0.589762 3.675164 -10.477651 -11.074350 -10.514197 11.149912 -64.893860 -13.653986 22.044445 2.281805 -47.954353 -1.401299 17.121298 -14.857596 -3.135988 -5.882102 9.861279 0.702590 -10.936861 -0.360574 7.156197 0.000000 8.774815 -0.000000 -15.594987 17.725065 6.765829 -1.844031 2.498503 -2.507276 -10.163590 4.678941 4.621104 -20.975996 -0.000001 0.000001 -21.226254 2.451698 -3.593995 0.000000 -0.000006 -0.000000 -1.362681 2.240797 -0.746323 -21.334892 0.584910 3.008319 -13.821196 -0.000001 0.000001 -23.887129 -0.249075 -0.839485 -61.108711 2.887935 -0.814326 -0.294025 1.679686 0.833255 -14.218195 0.093215 1.300579 -34.212002 -0.287561 0.967166 -20.033176 0.964536 1.212838 0.000000 -0.000000 0.000000 -3.440387 0.788233 0.501655 -15.928172 -3.167306 2.999703 -6.338817 -0.000000 0.000001 -18.123419 3.648181 -4.905662 -0.000004 0.000000 -0.000002 -16.833845 35.318893 -1.057187 1.124021 13.829245 -44.377064 -0.377341 34.092121 -0.151010 -15.289712 9.161419 -47.349274 2.243540 -5.255033 -3.180156 14.282877 -0.826594 6.952496 -0.000000 -12.690593 -0.000001 15.734649 -17.736177 3.362700 1.665665 -1.955920 -2.878297 4.727794 -4.170584 4.993919 11.020511 0.000001 -0.000000 12.109032 -3.735715 -2.866778 0.000000 -0.000000 0.000000 1.291985 -1.928548 -1.498088 14.800115 0.567467 3.865604 14.242553 -1.341738 -6.660648 19.631935 0.143921 -0.648243 49.913929 -1.030390 -5.759686 0.353029 -1.511150 -0.031940 20.222769 3.684305 2.316629 18.787249 0.000001 -0.000001 10.751608 -0.479870 1.397903 0.000000 -0.000000 0.000000 3.273804 0.305947 -0.580110 21.486790 11.830364 2.266131 8.162915 0.000000 -0.000000 18.399052 -3.798986 -4.940567 0.000003 0.000000 -0.000001 -14.298250 2.496973 -85.515282 -0.190968 0.206884 63.764091 1.514487 -15.438179 -14.324307 1.673169 -1.552225 -0.589629 0.000000 -0.000000 0.000002 10.189692 -29.270247 -88.313766 0.006245 -0.487242 77.055389 5.385014 -14.090489 -31.911367 -1.447474 1.100166 0.157159 0.000000 -0.000000 -0.000001
0.000000 0.000000 0.000000 0.000000 -0.000000 0.000000 -4.293740 -16.709980 -6.266391 11.690207 18.865814 40.673016 2.354567 -1.245163 23.462032 2.540279 2.617821 7.880109 5.247008 2.054226 34.719582 -0.466393 -2.102429 5.494552 -0.887241 -8.900160 -3.923433 6.964138 -10.048962 -17.348070 0.000077 -0.000022 0.000006 -0.170483 0.060535 -0.203960 0.236904 -3.552278 -10.400925 -0.556025 3.671451 -10.448915 -11.401957 -10.674736 11.440728 -64.349846 -13.695315 22.504202 2.579099 -48.555286 -1.744889 17.145666 -14.825416 -3.377241 -5.882102 9.861279 0.702590 -10.936861 -0.360574 7.156197 0.000000 8.774815 -0.000000 -15.562274 17.766758 6.791322 -1.844031 2.498503 -2.507276 -10.163590 4.678941 4.621104 -20.975996 -0.000001 0.000001 -21.226254 2.451698 -3.593995 0.000000 -0.000006 -0.000000 -1.362681 2.240797 -0.746323 -21.334892 0.584910 3.008319 -13.821196 -0.000001 0.000001 -23.887129 -0.249075 -0.839485 -61.302021 2.980391 -0.773004 -0.294025 1.679686 0.833255 -14.218195 0.093215 1.300579 -34.212002 -0.287561 0.967166 -20.033176 0.964536 1.212838 0.000000 -0.000000 0.000000 -3.440387 0.788233 0.501655 -15.928172 -3.167306 2.999703 -6.338817 -0.000000 0.000001 -18.123419 3.648181 -4.905662 -0.000004 0.000000 -0.000002 -16.239506 35.436039 -0.597286 1.894855 13.844466 -46.247772 -0.222780 34.619122 -0.064532 -14.777509 9.239766 -48.682446 2.243540 -5.255033 -3.180156 14.282877 -0.826594 6.952496 -0.000000 -12.690593 -0.000001 15.727269 -17.695314 3.372769 1.665665 -1.955920 -2.878297 4.727794 -4.170584 4.993919 11.020511 0.000001 -0.000000 12.109032 -3.735715 -2.866778 0.000000 -0.000000 0.000000 1.291985 -1.928548 -1.498088 14.800115 0.567467 3.865604 14.242553 -1.341738 -6.660648 19.631935 0.143921 -0.648243 49.950050 -0.979832 -5.709007 0.353029 -1.511150 -0.031940 20.222769 3.684305 2.316629 18.787249 0.000001 -0.000001 10.751608 -0.479870 1.397903 0.000000 -0.000000 0.000000 3.273804 0.305947 -0.580110 21.486790 11.830364 2.266131 8.162915 0.000000 -0.000000 18.399052 -3.798986 -4.940567 0.000003 0.000000 -0.000001 -13.544499 2.326311 -83.130272 -0.204596 0.180721 60.948734 1.229883 -15.037363 -13.249281 1.670989 -1.595321 -0.556033 0.000000 -0.000000 0.000002 9.965023 -29.307781 -85.819084 0.039033 -0.477271 74.261917 5.546485 -14.157509 -30.736732 -1.443476 1.071796 0.182232 0.000000 -0.000000 -0.000001
0.000000 0.000000 0.000000 0.000000 -0.000000 0.000000 -4.109995 -15.386028 -6.277121 11.275544 19.167261 39.699718 2.287385 -1.200748 23.098751 2.507500 2.547016 7.771626 5.282231 1.982834 35.084824 -0.116025 -2.006772 6.229586 -0.856107 -8.938988 -3.926448 7.268962 -9.839898 -17.720764 0.000077 -0.000022 0.000006 -0.162590 0.062643 -0.201895 0.231321 -3.539594 -10.365892 -0.535148 3.663382 -10.417103 -11.643723 -10.883602 11.743484 -63.748814 -13.648890 22.726643 2.952734 -49.487476 -2.215904 17.307016 -14.933434 -4.129661 -5.882102 9.861279 0.702590 -10.936861 -0.360574 7.156197 0.000000 8.774815 -0.000000 -15.541636 17.796482 6.785483 -1.844031 2.498503 -2.507276 -10.163590 4.678941 4.621104 -20.975996 -0.000001 0.000001 -21.226254 2.451698 -3.593995 0.000000 -0.000006 -0.000000 -1.362681 2.240797 -0.746323 -21.334892 0.584910 3.008319 -13.821196 -0.000001 0.000001 -23.887129 -0.249075 -0.839485 -61.308655 3.096714 -0.806049 -0.294025 1.679686 0.833255 -14.218195 0.093215 1.300579 -34.212002 -0.287561 0.967166 -20.033176 0.964536 1.212838 0.000000 -0.000000 0.000000 -3.440387 0.788233 0.501655 -15.928172 -3.167306 2.999703 -6.338817 -0.000000 0.000001 -18.123419 3.648181 -4.905662 -0.000004 0.000000 -0.000002 -15.562255 35.415459 -0.116412 2.892910 14.264647 -48.048458 -0.074846 35.151936 0.007424 -14.558018 9.184880 -49.786022 2.243540 -5.255033 -3.180156 14.282877 -0.826594 6.952496 -0.000000 -12.690593 -0.000001 15.767637 -17.688358 3.296584 1.665665 -1.955920 -2.878297 4.727794 -4.170584 4.993919 11.020511 0.000001 -0.000000 12.109032 -3.735715 -2.866778 0.000000 -0.000000 0.000000 1.291985 -1.928548 -1.498088 14.800115 0.567467 3.865604 14.242553 -1.341738 -6.660648 19.631935 0.143921 -0.648243 49.929150 -0.936640 -5.742948 0.353029 -1.511150 -0.031940 20.222769 3.684305 2.316629 18.787249 0.000001 -0.000001 10.751608 -0.479870 1.397903 0.000000 -0.000000 0.000000 3.273804 0.305947 -0.580110 21.486790 11.830364 2.266131 8.162915 0.000000 -0.000000 18.399052 -3.798986 -4.940567 0.000003 0.000000 -0.000001 -12.751152 2.150573 -80.534431 -0.213340 0.148003 58.051186 0.939731 -14.583903 -12.161765 1.669619 -1.652361 -0.503256 0.000000 -0.000000 0.000002 9.712900 -29.424002 -83.110664 0.065287 -0.472055 71.378326 5.721619 -14.133827 -29.543079 -1.437534 1.037798 0.169938 0.000000 -0.000000 -0.000001
0.000000 0.000000 0.000000 0.000000 -0.000000 0.000000 -3.920164 -14.096401 -6.257206 10.849375 19.457567 38.599491 2.195246 -1.137171 22.671108 2.478200 2.462819 7.630039 5.305392 1.900914 35.434650 0.254502 -1.907534 6.967812 -0.848304 -8.951055 -3.924888 7.591860 -9.629705 -17.996691 0.000077 -0.000022 0.000006 -0.156821 0.064751 -0.200938 0.230291 -3.531078 -10.336592 -0.522986 3.658399 -10.391646 -11.801790 -11.070230 12.037741 -63.167522 -13.459460 22.522243 3.424332 -50.507298 -2.713771 17.617529 -15.040683 -5.582081 -5.882102 9.861279 0.702590 -10.936861 -0.360574 7.156197 0.000000 8.774815 -0.000000 -15.522086 17.773016 6.760492 -1.844031 2.498503 -2.507276 -10.163590 4.678941 4.621104 -20.975996 -0.000001 0.000001 -21.226254 2.451698 -3.593995 0.000000 -0.000006 -0.000000 -1.362681 2.240797 -0.746323 -21.334892 0.584910 3.008319 -13.821196 -0.000001 0.000001 -23.887129 -0.249075 -0.839485 -61.108009 3.203514 -0.885621 -0.294025 1.679686 0.833255 -14.218195 0.093215 1.300579 -34.212002 -0.287561 0.967166 -20.033176 0.964536 1.212838 0.000000 -0.000000 0.000000 -3.440387 0.788233 0.501655 -15.928172 -3.167306 2.999703 -6.338817 -0.000000 0.000001 -18.123419 3.648181 -4.905662 -0.000004 0.000000 -0.000002 -14.816460 35.301991 0.348841 4.136075 15.078037 -49.518417 0.056493 35.732494 0.059184 -14.515596 9.064106 -50.697815 2.243540 -5.255033 -3.180156 14.282877 -0.826594 6.952496 -0.000000 -12.690593 -0.000001 15.867039 -17.713198 3.158574 1.665665 -1.955920 -2.878297 4.727794 -4.170584 4.993919 11.020511 0.000001 -0.000000 12.109032 -3.735715 -2.866778 0.000000 -0.000000 0.000000 1.291985 -1.928548 -1.498088 14.800115 0.567467 3.865604 14.242553 -1.341738 -6.660648 19.631935 0.143921 -0.648243 49.924557 -0.889615 -5.827884 0.353029 -1.511150 -0.031940 20.222769 3.684305 2.316629 18.787249 0.000001 -0.000001 10.751608 -0.479870 1.397903 0.000000 -0.000000 0.000000 3.273804 0.305947 -0.580110 21.486790 11.830364 2.266131 8.162915 0.000000 -0.000000 18.399052 -3.798986 -4.940567 0.000003 0.000000 -0.000001 -11.925606 1.968307 -77.792114 -0.218276 0.108866 55.140820 0.633487 -14.095031 -11.108376 1.667931 -1.711342 -0.471065 0.000000 -0.000000 0.000002 9.458703 -29.609533 -80.257294 0.096653 -0.454190 68.476036 5.915749 -14.070478 -28.383665 -1.428151 1.014675 0.116588 0.000000 -0.000000 -0.000001
0.000000 0.000000 0.000000 0.000000 -0.000000 0.000000 -3.723731 -12.850315 -6.203735 10.413182 19.731730 37.373577 2.077155 -1.063082 22.195009 2.445824 2.366320 7.457796 5.317520 1.800328 35.721222 0.595497 -1.780620 7.658851 -0.861916 -8.907088 -3.915920 7.885351 -9.434175 -18.155993 0.000077 -0.000022 0.000006 -0.144783 0.067930 -0.197621 0.245367 -3.529215 -10.317300 -0.514122 3.660643 -10.378396 -11.901214 -11.161411 12.340929 -62.632542 -13.126790 21.783503 3.880908 -51.372620 -3.180485 17.981146 -15.004488 -7.483515 -5.882102 9.861279 0.702590 -10.936861 -0.360574 7.156197 0.000000 8.774815 -0.000000 -15.553370 17.733192 6.692404 -1.844031 2.498503 -2.507276 -10.163590 4.678941 4.621104 -20.975996 -0.000001 0.000001 -21.226254 2.451698 -3.593995 0.000000 -0.000006 -0.000000 -1.362681 2.240797 -0.746323 -21.334892 0.584910 3.008319 -13.821196 -0.000001 0.000001 -23.887129 -0.249075 -0.839485 -60.833462 3.271036 -0.961351 -0.294025 1.679686 0.833255 -14.218195 0.093215 1.300579 -34.212002 -0.287561 0.967166 -20.033176 0.964536 1.212838 0.000000 -0.000000 0.000000 -3.440387 0.788233 0.501655 -15.928172 -3.167306 2.999703 -6.338817 -0.000000 0.000001 -18.123419 3.648181 -4.905662 -0.000004 0.000000 -0.000002 -14.004259 35.130306 0.813342 5.604219 16.289854 -50.338078 0.086662 36.365734 0.065784 -14.473492 8.992146 -51.429428 2.243540 -5.255033 -3.180156 14.282877 -0.826594 6.952496 -0.000000 -12.690593 -0.000001 16.006397 -17.776712 3.013559 1.665665 -1.955920 -2.878297 4.727794 -4.170584 4.993919 11.020511 0.000001 -0.000000 12.109032 -3.735715 -2.866778 0.000000 -0.000000 0.000000 1.291985 -1.928548 -1.498088 14.800115 0.567467 3.865604 14.242553 -1.341738 -6.660648 19.631935 0.143921 -0.648243 49.980106 -0.840371 -5.900633 0.353029 -1.511150 -0.031940 20.222769 3.684305 2.316629 18.787249 0.000001 -0.000001 10.751608 -0.479870 1.397903 0.000000 -0.000000 0.000000 3.273804 0.305947 -0.580110 21.486790 11.830364 2.266131 8.162915 0.000000 -0.000000 18.399052 -3.798986 -4.940567 0.000003 0.000000 -0.000001 -11.079435 1.781208 -74.914421 -0.228678 0.059158 52.237827 0.310349 -13.563800 -10.093451 1.665199 -1.769817 -0.458596 0.000000 -0.000000 0.000002 9.169018 -29.838903 -77.251480 0.133305 -0.420595 65.566200 6.122077 -14.028061 -27.264835 -1.416583 1.015238 0.050609 0.000000 -0.000000 -0.000001
0.000000 0.000000 0.000000 0.000000 -0.000000 0.000000 -3.520859 -11.653034 -6.121332 9.939143 19.979164 36.039898 1.955505 -1.004143 21.683998 2.400869 2.275816 7.256165 5.292418 1.698965 35.928265 0.960540 -1.611653 8.317944 -0.920059 -8.828595 -3.900064 8.167973 -9.268761 -18.241215 0.000077 -0.000022 0.000006 -0.127898 0.072253 -0.189437 0.270199 -3.532798 -10.309419 -0.505338 3.670165 -10.378039 -11.979787 -11.117005 12.686225 -62.114334 -12.659586 20.663126 4.233650 -51.950314 -3.541563 18.306694 -14.814444 -9.649828 -5.882102 9.861279 0.702590 -10.936861 -0.360574 7.156197 0.000000 8.774815 -0.000000 -15.626075 17.721670 6.597874 -1.844031 2.498503 -2.507276 -10.163590 4.678941 4.621104 -20.975996 -0.000001 0.000001 -21.226254 2.451698 -3.593995 0.000000 -0.000006 -0.000000 -1.362681 2.240797 -0.746323 -21.334892 0.584910 3.008319 -13.821196 -0.000001 0.000001 -23.887129 -0.249075 -0.839485 -60.600334 3.274347 -1.028984 -0.294025 1.679686 0.833255 -14.218195 0.093215 1.300579 -34.212002 -0.287561 0.967166 -20.033176 0.964536 1.212838 0.000000 -0.000000 0.000000 -3.440387 0.788233 0.501655 -15.928172 -3.167306 2.999703 -6.338817 -0.000000 0.000001 -18.123419 3.648181 -4.905662 -0.000004 0.000000 -0.000002 -13.063952 34.920147 1.337358 7.247640 17.853525 -50.482361 0.059677 37.135460 0.058607 -14.350013 9.011207 -52.034431 2.243540 -5.255033 -3.180156 14.282877 -0.826594 6.952496 -0.000000 -12.690593 -0.000001 16.149742 -17.835642 2.871638 1.665665 -1.955920 -2.878297 4.727794 -4.170584 4.993919 11.020511 0.000001 -0.000000 12.109032 -3.735715 -2.866778 0.000000 -0.000000 0.000000 1.291985 -1.928548 -1.498088 14.800115 0.567467 3.865604 14.242553 -1.341738 -6.660648 19.631935 0.143921 -0.648243 50.053749 -0.782841 -5.948917 0.353029 -1.511150 -0.031940 20.222769 3.684305 2.316629 18.787249 0.000001 -0.000001 10.751608 -0.479870 1.397903 0.000000 -0.000000 0.000000 3.273804 0.305947 -0.580110 21.486790 11.830364 2.266131 8.162915 0.000000 -0.000000 18.399052 -3.798986 -4.940567 0.000003 0.000000 -0.000001 -10.185204 1.587717 -71.964661 -0.233789 0.009668 49.389961 -0.004426 -12.991163 -9.089999 1.663035 -1.807482 -0.460879 0.000000 -0.000000 0.000002 8.864590 -30.067488 -74.139359 0.169251 -0.367653 62.676315 6.311675 -14.047677 -26.122829 -1.406511 1.043355 0.001915 0.000000 -0.000000 -0.000001
0.000000 0.000000 0.000000 0.000000 -0.000000 0.000000 -3.314053 -10.500423 -6.020776 9.392918 20.177366 34.592041 1.827548 -0.954591 21.150028 2.324568 2.202440 7.012023 5.227942 1.600180 36.074524 1.361717 -1.412894 8.942139 -0.995955 -8.738475 -3.879920 8.452320 -9.081841 -18.230082 0.000077 -0.000022 0.000006 -0.104457 0.076033 -0.182708 0.302086 -3.533881 -10.308321 -0.490861 3.676525 -10.384781 -12.056759 -10.926397 13.071134 -61.592709 -12.068449 19.345108 4.356853 -52.206276 -3.739745 18.496128 -14.424195 -11.519808 -5.882102 9.861279 0.702590 -10.936861 -0.360574 7.156197 0.000000 8.774815 -0.000000 -15.720227 17.781414 6.495538 -1.844031 2.498503 -2.507276 -10.163590 4.678941 4.621104 -20.975996 -0.000001 0.000001 -21.226254 2.451698 -3.593995 0.000000 -0.000006 -0.000000 -1.362681 2.240797 -0.746323 -21.334892 0.584910 3.008319 -13.821196 -0.000001 0.000001 -23.887129 -0.249075 -0.839485 -60.462555 3.241302 -1.078856 -0.294025 1.679686 0.833255 -14.218195 0.093215 1.300579 -34.212002 -0.287561 0.967166 -20.033176 0.964536 1.212838 0.000000 -0.000000 0.000000 -3.440387 0.788233 0.501655 -15.928172 -3.167306 2.999703 -6.338817 -0.000000 0.000001 -18.123419 3.648181 -4.905662 -0.000004 0.000000 -0.000002 -11.976715 34.639885 1.953645 9.043786 19.755075 -49.907505 0.013639 38.047508 0.036700 -14.030831 9.218315 -52.481529 2.243540 -5.255033 -3.180156 14.282877 -0.826594 6.952496 -0.000000 -12.690593 -0.000001 16.301365 -17.876276 2.749024 1.665665 -1.955920 -2.878297 4.727794 -4.170584 4.993919 11.020511 0.000001 -0.000000 12.109032 -3.735715 -2.866778 0.000000 -0.000000 0.000000 1.291985 -1.928548 -1.498088 14.800115 0.567467 3.865604 14.242553 -1.341738 -6.660648 19.631935 0.143921 -0.648243 50.116226 -0.725194 -5.950170 0.353029 -1.511150 -0.031940 20.222769 3.684305 2.316629 18.787249 0.000001 -0.000001 10.751608 -0.479870 1.397903 0.000000 -0.000000 0.000000 3.273804 0.305947 -0.580110 21.486790 11.830364 2.266131 8.162915 0.000000 -0.000000 18.399052 -3.798986 -4.940567 0.000003 0.000000 -0.000001 -9.217576 1.404559 -68.972549 -0.240984 -0.038854 46.622349 -0.293507 -12.355161 -8.073550 1.661059 -1.829870 -0.448546 0.000000 -0.000000 0.000002 8.551811 -30.252083 -70.916519 0.196872 -0.314332 59.784023 6.441016 -14.133632 -24.919588 -1.398768 1.076752 -0.021329 0.000000 -0.000000 -0.000001
0.000000 0.000000 0.000000 0.000000 -0.000000 0.000000 -3.104283 -9.404598 -5.899851 8.782365 20.305618 33.012661 1.690342 -0.909896 20.596458 2.214230 2.136042 6.728261 5.117591 1.516491 36.172993 1.799533 -1.222821 9.543715 -1.068984 -8.608095 -3.864390 8.747595 -8.851704 -18.115002 0.000077 -0.000022 0.000006 -0.079384 0.078459 -0.177573 0.336980 -3.531280 -10.306803 -0.476073 3.676824 -10.387900 -12.146560 -10.618948 13.451141 -61.070641 -11.351236 18.104231 4.315385 -52.148373 -3.777612 18.545576 -13.870646 -12.918565 -5.882102 9.861279 0.702590 -10.936861 -0.360574 7.156197 0.000000 8.774815 -0.000000 -15.797473 17.838888 6.401714 -1.844031 2.498503 -2.507276 -10.163590 4.678941 4.621104 -20.975996 -0.000001 0.000001 -21.226254 2.451698 -3.593995 0.000000 -0.000006 -0.000000 -1.362681 2.240797 -0.746323 -21.334892 0.584910 3.008319 -13.821196 -0.000001 0.000001 -23.887129 -0.249075 -0.839485 -60.396454 3.187872 -1.123629 -0.294025 1.679686 0.833255 -14.218195 0.093215 1.300579 -34.212002 -0.287561 0.967166 -20.033176 0.964536 1.212838 0.000000 -0.000000 0.000000 -3.440387 0.788233 0.501655 -15.928172 -3.167306 2.999703 -6.338817 -0.000000 0.000001 -18.123419 3.648181 -4.905662 -0.000004 0.000000 -0.000002 -10.746441 34.298603 2.688555 11.041824 21.877869 -48.701641 0.028613 39.095631 0.035182 -13.484328 9.692926 -52.858307 2.243540 -5.255033 -3.180156 14.282877 -0.826594 6.952496 -0.000000 -12.690593 -0.000001 16.438091 -17.893915 2.646231 1.665665 -1.955920 -2.878297 4.727794 -4.170584 4.993919 11.020511 0.000001 -0.000000 12.109032 -3.735715 -2.866778 0.000000 -0.000000 0.000000 1.291985 -1.928548 -1.498088 14.800115 0.567467 3.865604 14.242553 -1.341738 -6.660648 19.631935 0.143921 -0.648243 50.115582 -0.676732 -5.941623 0.353029 -1.511150 -0.031940 20.222769 3.684305 2.316629 18.787249 0.000001 -0.000001 10.751608 -0.479870 1.397903 0.000000 -0.000000 0.000000 3.273804 0.305947 -0.580110 21.486790 11.830364 2.266131 8.162915 0.000000 -0.000000 18.399052 -3.798986 -4.940567 0.000003 0.000000 -0.000001 -8.174599 1.214294 -65.926491 -0.248665 -0.087879 43.967976 -0.568909 -11.639201 -7.087968 1.659166 -1.844139 -0.406467 0.000000 -0.000000 0.000002 8.198775 -30.385750 -67.558189 0.208927 -0.270513 56.896523 6.499346 -14.284684 -23.695831 -1.393913 1.105587 -0.020206 0.000000 -0.000000 -0.000001
0.000000 0.000000 0.000000 0.000000 -0.000000 0.000000 -2.887336 -8.385349 -5.762069 8.117709 20.323343 31.332134 1.525141 -0.856031 20.035145 2.074347 2.070322 6.404508 4.948802 1.450080 36.184586 2.280663 -1.067833 10.145950 -1.157973 -8.414865 -3.850439 9.044867 -8.594857 -17.948997 0.000077 -0.000022 0.000006 -0.064966 0.080858 -0.171366 0.360128 -3.522533 -10.291413 -0.470364 3.671421 -10.373761 -12.211593 -10.207798 13.789891 -60.630703 -10.531899 17.114378 4.180497 -51.850239 -3.678171 18.349920 -13.180837 -13.739623 -5.882102 9.861279 0.702590 -10.936861 -0.360574 7.156197 0.000000 8.774815 -0.000000 -15.860676 17.853949 6.319602 -1.844031 2.498503 -2.507276 -10.163590 4.678941 4.621104 -20.975996 -0.000001 0.000001 -21.226254 2.451698 -3.593995 0.000000 -0.000006 -0.000000 -1.362681 2.240797 -0.746323 -21.334892 0.584910 3.008319 -13.821196 -0.000001 0.000001 -23.887129 -0.249075 -0.839485 -60.395462 3.146006 -1.128103 -0.294025 1.679686 0.833255 -14.218195 0.093215 1.300579 -34.212002 -0.287561 0.967166 -20.033176 0.964536 1.212838 0.000000 -0.000000 0.000000 -3.440387 0.788233 0.501655 -15.928172 -3.167306 2.999703 -6.338817 -0.000000 0.000001 -18.123419 3.648181 -4.905662 -0.000004 0.000000 -0.000002 -9.401957 33.908669 3.549393 13.268504 24.111246 -46.904232 0.115634 40.223259 0.051096 -12.807886 10.328934 -53.131081 2.243540 -5.255033 -3.180156 14.282877 -0.826594 6.952496 -0.000000 -12.690593 -0.000001 16.546377 -17.886190 2.578598 1.665665 -1.955920 -2.878297 4.727794 -4.170584 4.993919 11.020511 0.000001 -0.000000 12.109032 -3.735715 -2.866778 0.000000 -0.000000 0.000000 1.291985 -1.928548 -1.498088 14.800115 0.567467 3.865604 14.242553 -1.341738 -6.660648 19.631935 0.143921 -0.648243 50.054001 -0.649298 -5.908853 0.353029 -1.511150 -0.031940 20.222769 3.684305 2.316629 18.787249 0.000001 -0.000001 10.751608 -0.479870 1.397903 0.000000 -0.000000 0.000000 3.273804 0.305947 -0.580110 21.486790 11.830364 2.266131 8.162915 0.000000 -0.000000 18.399052 -3.798986 -4.940567 0.000003 0.000000 -0.000001 -7.088117 1.021626 -62.868771 -0.260573 -0.141780 41.464195 -0.834005 -10.812838 -6.196983 1.658984 -1.856554 -0.349634 0.000000 -0.000000 0.000002 7.779716 -30.416994 -64.115967 0.203115 -0.235848 54.058430 6.500148 -14.477288 -22.474669 -1.392203 1.121220 -0.004999 0.000000 -0.000000 -0.000001
0.000000 0.000000 0.000000 0.000000 -0.000000 0.000000 -2.648097 -7.434437 -5.604831 7.387038 20.215227 29.563343 1.317606 -0.780909 19.453058 1.918999 2.008579 6.045760 4.736166 1.396053 36.099766 2.778192 -0.981788 10.725698 -1.294415 -8.136875 -3.837643 9.327422 -8.310313 -17.764423 0.000077 -0.000022 0.000006 -0.064074 0.083309 -0.162377 0.368692 -3.510942 -10.269499 -0.477424 3.663482 -10.350286 -12.251427 -9.744025 14.097581 -60.317837 -9.637400 16.393318 4.043162 -51.437016 -3.489471 17.929045 -12.386644 -14.012188 -5.882102 9.861279 0.702590 -10.936861 -0.360574 7.156197 0.000000 8.774815 -0.000000 -15.903457 17.840496 6.251217 -1.844031 2.498503 -2.507276 -10.163590 4.678941 4.621104 -20.975996 -0.000001 0.000001 -21.226254 2.451698 -3.593995 0.000000 -0.000006 -0.000000 -1.362681 2.240797 -0.746323 -21.334892 0.584910 3.008319 -13.821196 -0.000001 0.000001 -23.887129 -0.249075 -0.839485 -60.383785 3.126402 -1.073573 -0.294025 1.679686 0.833255 -14.218195 0.093215 1.300579 -34.212002 -0.287561 0.967166 -20.033176 0.964536 1.212838 0.000000 -0.000000 0.000000 -3.440387 0.788233 0.501655 -15.928172 -3.167306 2.999703 -6.338817 -0.000000 0.000001 -18.123419 3.648181 -4.905662 -0.000004 0.000000 -0.000002 -7.977328 33.453262 4.542709 15.676466 26.393967 -44.476372 0.150421 41.264919 0.026973 -12.091402 10.966986 -53.243927 2.243540 -5.255033 -3.180156 14.282877 -0.826594 6.952496 -0.000000 -12.690593 -0.000001 16.662029 -17.866879 2.536770 1.665665 -1.955920 -2.878297 4.727794 -4.170584 4.993919 11.020511 0.000001 -0.000000 12.109032 -3.735715 -2.866778 0.000000 -0.000000 0.000000 1.291985 -1.928548 -1.498088 14.800115 0.567467 3.865604 14.242553 -1.341738 -6.660648 19.631935 0.143921 -0.648243 49.997208 -0.632751 -5.838700 0.353029 -1.511150 -0.031940 20.222769 3.684305 2.316629 18.787249 0.000001 -0.000001 10.751608 -0.479870 1.397903 0.000000 -0.000000 0.000000 3.273804 0.305947 -0.580110 21.486790 11.830364 2.266131 8.162915 0.000000 -0.000000 18.399052 -3.798986 -4.940567 0.000003 0.000000 -0.000001 -5.976267 0.847076 -59.797535 -0.278466 -0.200338 39.100395 -1.062350 -9.888181 -5.425812 1.658324 -1.873814 -0.299398 0.000000 -0.000000 0.000002 7.322240 -30.346104 -60.589085 0.187791 -0.204067 51.224873 6.452995 -14.695234 -21.258406 -1.393127 1.126601 -0.000880 0.000000 -0.000000 -0.000001
0.000000 0.000000 0.000000 0.000000 -0.000000 0.000000 -2.378900 -6.553669 -5.427038 6.602346 19.966213 27.718992 1.074963 -0.682996 18.841330 1.756201 1.961448 5.650977 4.500598 1.344265 35.933277 3.248447 -0.930288 11.245741 -1.447031 -7.773936 -3.822491 9.580492 -8.039559 -17.586105 0.000077 -0.000022 0.000006 -0.075611 0.086779 -0.150894 0.368061 -3.499999 -10.247576 -0.500617 3.658353 -10.323900 -12.270210 -9.270569 14.404796 -60.115269 -8.752653 15.924526 3.940094 -50.985580 -3.265203 17.281557 -11.630288 -13.934212 -5.882102 9.861279 0.702590 -10.936861 -0.360574 7.156197 0.000000 8.774815 -0.000000 -15.911517 17.817122 6.215814 -1.844031 2.498503 -2.507276 -10.163590 4.678941 4.621104 -20.975996 -0.000001 0.000001 -21.226254 2.451698 -3.593995 0.000000 -0.000006 -0.000000 -1.362681 2.240797 -0.746323 -21.334892 0.584910 3.008319 -13.821196 -0.000001 0.000001 -23.887129 -0.249075 -0.839485 -60.323631 3.124660 -0.987373 -0.294025 1.679686 0.833255 -14.218195 0.093215 1.300579 -34.212002 -0.287561 0.967166 -20.033176 0.964536 1.212838 0.000000 -0.000000 0.000000 -3.440387 0.788233 0.501655 -15.928172 -3.167306 2.999703 -6.338817 -0.000000 0.000001 -18.123419 3.648181 -4.905662 -0.000004 0.000000 -0.000002 -6.496067 32.939030 5.659622 18.241236 28.588041 -41.648537 0.189417 42.188393 -0.003659 -11.518610 11.531700 -53.021484 2.243540 -5.255033 -3.180156 14.282877 -0.826594 6.952496 -0.000000 -12.690593 -0.000001 16.786209 -17.844112 2.505124 1.665665 -1.955920 -2.878297 4.727794 -4.170584 4.993919 11.020511 0.000001 -0.000000 12.109032 -3.735715 -2.866778 0.000000 -0.000000 0.000000 1.291985 -1.928548 -1.498088 14.800115 0.567467 3.865604 14.242553 -1.341738 -6.660648 19.631935 0.143921 -0.648243 49.931171 -0.615673 -5.753918 0.353029 -1.511150 -0.031940 20.222769 3.684305 2.316629 18.787249 0.000001 -0.000001 10.751608 -0.479870 1.397903 0.000000 -0.000000 0.000000 3.273804 0.305947 -0.580110 21.486790 11.830364 2.266131 8.162915 0.000000 -0.000000 18.399052 -3.798986 -4.940567 0.000003 0.000000 -0.000001 -4.875582 0.707144 -56.709072 -0.297630 -0.265833 36.877007 -1.248040 -8.893555 -4.802686 1.658528 -1.892103 -0.263106 0.000000 -0.000000 0.000002 6.823386 -30.179667 -56.969563 0.165907 -0.180920 48.359222 6.376433 -14.879001 -20.089853 -1.396106 1.118282 0.002840 0.000000 -0.000000 -0.000001
0.000000 0.000000 0.000000 0.000000 -0.000000 0.000000 -2.078531 -5.752598 -5.227023 5.780707 19.589777 25.800573 0.820275 -0.570143 18.190622 1.581447 1.928464 5.226968 4.263027 1.287100 35.695534 3.660501 -0.902669 11.667160 -1.575427 -7.335481 -3.807509 9.780826 -7.807824 -17.429230 0.000077 -0.000022 0.000006 -0.089922 0.091900 -0.135798 0.367234 -3.492907 -10.231935 -0.529629 3.660274 -10.302536 -12.266535 -8.830378 14.728198 -59.989334 -7.931420 15.620257 3.777405 -50.560898 -2.961068 16.505383 -10.959148 -13.560975 -5.882102 9.861279 0.702590 -10.936861 -0.360574 7.156197 0.000000 8.774815 -0.000000 -15.901793 17.794006 6.215204 -1.844031 2.498503 -2.507276 -10.163590 4.678941 4.621104 -20.975996 -0.000001 0.000001 -21.226254 2.451698 -3.593995 0.000000 -0.000006 -0.000000 -1.362681 2.240797 -0.746323 -21.334892 0.584910 3.008319 -13.821196 -0.000001 0.000001 -23.887129 -0.249075 -0.839485 -60.270088 3.120632 -0.886409 -0.294025 1.679686 0.833255 -14.218195 0.093215 1.300579 -34.212002 -0.287561 0.967166 -20.033176 0.964536 1.212838 0.000000 -0.000000 0.000000 -3.440387 0.788233 0.501655 -15.928172 -3.167306 2.999703 -6.338817 -0.000000 0.000001 -18.123419 3.648181 -4.905662 -0.000004 0.000000 -0.000002 -4.974856 32.365383 6.901196 20.905102 30.578730 -38.552616 0.261196 42.998142 -0.007278 -11.164310 11.970860 -52.307808 2.243540 -5.255033 -3.180156 14.282877 -0.826594 6.952496 -0.000000 -12.690593 -0.000001 16.896353 -17.832331 2.499808 1.665665 -1.955920 -2.878297 4.727794 -4.170584 4.993919 11.020511 0.000001 -0.000000 12.109032 -3.735715 -2.866778 0.000000 -0.000000 0.000000 1.291985 -1.928548 -1.498088 14.800115 0.567467 3.865604 14.242553 -1.341738 -6.660648 19.631935 0.143921 -0.648243 49.892868 -0.598658 -5.672426 0.353029 -1.511150 -0.031940 20.222769 3.684305 2.316629 18.787249 0.000001 -0.000001 10.751608 -0.479870 1.397903 0.000000 -0.000000 0.000000 3.273804 0.305947 -0.580110 21.486790 11.830364 2.266131 8.162915 0.000000 -0.000000 18.399052 -3.798986 -4.940567 0.000003 0.000000 -0.000001 -3.806896 0.601642 -53.601925 -0.308074 -0.328687 34.818829 -1.384069 -7.870599 -4.360909 1.659748 -1.912526 -0.261159 0.000000 -0.000000 0.000002 6.284791 -29.945148 -53.270279 0.142731 -0.163380 45.498631 6.291512 -14.985012 -18.982420 -1.399736 1.100543 0.020373 0.000000 -0.000000 -0.000001
0.000000 0.000000 0.000000 0.000000 -0.000000 0.000000 -1.746732 -5.034191 -5.014103 4.949954 19.098970 23.848415 0.577062 -0.443198 17.490587 1.405197 1.897643 4.774515 4.007921 1.227198 35.397148 4.026803 -0.884311 11.959975 -1.678320 -6.869901 -3.792062 9.950250 -7.637348 -17.282410 0.000077 -0.000022 0.000006 -0.101220 0.097302 -0.119405 0.372863 -3.491242 -10.219980 -0.559613 3.668498 -10.285420 -12.250173 -8.449726 15.059396 -59.876740 -7.179558 15.352731 3.433744 -50.184322 -2.531695 15.714100 -10.428214 -13.007997 -5.882102 9.861279 0.702590 -10.936861 -0.360574 7.156197 0.000000 8.774815 -0.000000 -15.890247 17.781467 6.230910 -1.844031 2.498503 -2.507276 -10.163590 4.678941 4.621104 -20.975996 -0.000001 0.000001 -21.226254 2.451698 -3.593995 0.000000 -0.000006 -0.000000 -1.362681 2.240797 -0.746323 -21.334892 0.584910 3.008319 -13.821196 -0.000001 0.000001 -23.887129 -0.249075 -0.839485 -60.256901 3.106708 -0.765699 -0.294025 1.679686 0.833255 -14.218195 0.093215 1.300579 -34.212002 -0.287561 0.967166 -20.033176 0.964536 1.212838 0.000000 -0.000000 0.000000 -3.440387 0.788233 0.501655 -15.928172 -3.167306 2.999703 -6.338817 -0.000000 0.000001 -18.123419 3.648181 -4.905662 -0.000004 0.000000 -0.000002 -3.457027 31.715687 8.205465 23.658247 32.292442 -35.248543 0.346478 43.746090 0.033672 -11.016533 12.266622 -51.231667 2.243540 -5.255033 -3.180156 14.282877 -0.826594 6.952496 -0.000000 -12.690593 -0.000001 16.988951 -17.832775 2.513942 1.665665 -1.955920 -2.878297 4.727794 -4.170584 4.993919 11.020511 0.000001 -0.000000 12.109032 -3.735715 -2.866778 0.000000 -0.000000 0.000000 1.291985 -1.928548 -1.498088 14.800115 0.567467 3.865604 14.242553 -1.341738 -6.660648 19.631935 0.143921 -0.648243 49.923470 -0.590691 -5.594146 0.353029 -1.511150 -0.031940 20.222769 3.684305 2.316629 18.787249 0.000001 -0.000001 10.751608 -0.479870 1.397903 0.000000 -0.000000 0.000000 3.273804 0.305947 -0.580110 21.486790 11.830364 2.266131 8.162915 0.000000 -0.000000 18.399052 -3.798986 -4.940567 0.000003 0.000000 -0.000001 -2.807099 0.538324 -50.511890 -0.310007 -0.378945 32.927166 -1.496519 -6.863003 -4.079580 1.660771 -1.934805 -0.253807 0.000000 -0.000000 0.000002 5.704449 -29.645658 -49.551983 0.122289 -0.151914 42.680305 6.207257 -15.041212 -17.919476 -1.403452 1.087365 0.064923 0.000000 -0.000000 -0.000001
0.000000 0.000000 0.000000 0.000000 -0.000000 0.000000 -1.397256 -4.407627 -4.787171 4.153985 18.514238 21.914856 0.359293 -0.314921 16.749521 1.235492 1.870986 4.301701 3.733208 1.179782 35.052776 4.325151 -0.868352 12.114859 -1.744350 -6.431141 -3.774442 10.081235 -7.553751 -17.132076 0.000077 -0.000022 0.000006 -0.107598 0.101390 -0.103861 0.389477 -3.500015 -10.230436 -0.591120 3.684825 -10.288772 -12.239775 -8.167026 15.402504 -59.704338 -6.499117 15.114422 2.994073 -49.950989 -2.085015 15.028804 -10.011381 -12.326207 -5.882102 9.861279 0.702590 -10.936861 -0.360574 7.156197 0.000000 8.774815 -0.000000 -15.913929 17.804483 6.241499 -1.844031 2.498503 -2.507276 -10.163590 4.678941 4.621104 -20.975996 -0.000001 0.000001 -21.226254 2.451698 -3.593995 0.000000 -0.000006 -0.000000 -1.362681 2.240797 -0.746323 -21.334892 0.584910 3.008319 -13.821196 -0.000001 0.000001 -23.887129 -0.249075 -0.839485 -60.309910 3.075842 -0.657918 -0.294025 1.679686 0.833255 -14.218195 0.093215 1.300579 -34.212002 -0.287561 0.967166 -20.033176 0.964536 1.212838 0.000000 -0.000000 0.000000 -3.440387 0.788233 0.501655 -15.928172 -3.167306 2.999703 -6.338817 -0.000000 0.000001 -18.123419 3.648181 -4.905662 -0.000004 0.000000 -0.000002 -2.002105 30.983753 9.486557 26.420599 33.646900 -31.834898 0.467381 44.451920 0.131532 -11.066184 12.437121 -49.890533 2.243540 -5.255033 -3.180156 14.282877 -0.826594 6.952496 -0.000000 -12.690593 -0.000001 17.090794 -17.840494 2.515424 1.665665 -1.955920 -2.878297 4.727794 -4.170584 4.993919 11.020511 0.000001 -0.000000 12.109032 -3.735715 -2.866778 0.000000 -0.000000 0.000000 1.291985 -1.928548 -1.498088 14.800115 0.567467 3.865604 14.242553 -1.341738 -6.660648 19.631935 0.143921 -0.648243 49.998421 -0.599460 -5.540085 0.353029 -1.511150 -0.031940 20.222769 3.684305 2.316629 18.787249 0.000001 -0.000001 10.751608 -0.479870 1.397903 0.000000 -0.000000 0.000000 3.273804 0.305947 -0.580110 21.486790 11.830364 2.266131 8.162915 0.000000 -0.000000 18.399052 -3.798986 -4.940567 0.000003 0.000000 -0.000001 -1.910949 0.520001 -47.490665 -0.305673 -0.408192 31.216581 -1.602339 -5.911630 -3.981126 1.661586 -1.957207 -0.229684 0.000000 -0.000000 0.000002 5.095035 -29.322136 -45.937595 0.105660 -0.148875 40.038334 6.110022 -15.036525 -16.872004 -1.407598 1.082550 0.115959 0.000000 -0.000000 -0.000001
0.000000 0.000000 0.000000 0.000000 -0.000000 0.000000 -1.039323 -3.861507 -4.536287 3.430722 17.848839 20.010698 0.158539 -0.193341 15.957124 1.070486 1.850052 3.803231 3.438232 1.141858 34.662666 4.576188 -0.821578 12.106015 -1.755035 -6.058631 -3.742168 10.162957 -7.549124 -16.986641 0.000077 -0.000022 0.000006 -0.107929 0.104243 -0.088027 0.415007 -3.515102 -10.253718 -0.619578 3.705647 -10.302842 -12.266625 -7.975682 15.751018 -59.443375 -5.894342 14.823230 2.508099 -49.865040 -1.639745 14.474534 -9.630548 -11.560563 -5.882102 9.861279 0.702590 -10.936861 -0.360574 7.156197 0.000000 8.774815 -0.000000 -15.984797 17.889008 6.237511 -1.844031 2.498503 -2.507276 -10.163590 4.678941 4.621104 -20.975996 -0.000001 0.000001 -21.226254 2.451698 -3.593995 0.000000 -0.000006 -0.000000 -1.362681 2.240797 -0.746323 -21.334892 0.584910 3.008319 -13.821196 -0.000001 0.000001 -23.887129 -0.249075 -0.839485 -60.417362 3.031910 -0.600061 -0.294025 1.679686 0.833255 -14.218195 0.093215 1.300579 -34.212002 -0.287561 0.967166 -20.033176 0.964536 1.212838 0.000000 -0.000000 0.000000 -3.440387 0.788233 0.501655 -15.928172 -3.167306 2.999703 -6.338817 -0.000000 0.000001 -18.123419 3.648181 -4.905662 -0.000004 0.000000 -0.000002 -0.665487 30.166265 10.667111 29.217264 34.645802 -28.268888 0.595969 45.112995 0.237070 -11.224775 12.521249 -48.404835 2.243540 -5.255033 -3.180156 14.282877 -0.826594 6.952496 -0.000000 -12.690593 -0.000001 17.202908 -17.843824 2.502825 1.665665 -1.955920 -2.878297 4.727794 -4.170584 4.993919 11.020511 0.000001 -0.000000 12.109032 -3.735715 -2.866778 0.000000 -0.000000 0.000000 1.291985 -1.928548 -1.498088 14.800115 0.567467 3.865604 14.242553 -1.341738 -6.660648 19.631935 0.143921 -0.648243 50.064400 -0.618872 -5.512118 0.353029 -1.511150 -0.031940 20.222769 3.684305 2.316629 18.787249 0.000001 -0.000001 10.751608 -0.479870 1.397903 0.000000 -0.000000 0.000000 3.273804 0.305947 -0.580110 21.486790 11.830364 2.266131 8.162915 0.000000 -0.000000 18.399052 -3.798986 -4.940567 0.000003 0.000000 -0.000001 -1.143707 0.545983 -44.517448 -0.291665 -0.413172 29.659035 -1.686056 -5.019517 -3.881693 1.662702 -1.979109 -0.215300 0.000000 -0.000000 0.000002 4.438426 -29.018991 -42.443768 0.096552 -0.153954 37.614441 6.028990 -14.939248 -15.840720 -1.412380 1.081686 0.158414 0.000000 -0.000000 -0.000001
0.000000 0.000000 0.000000 0.000000 -0.000000 0.000000 -0.684831 -3.394214 -4.253848 2.801112 17.129725 18.196581 -0.020674 -0.070015 15.123246 0.918161 1.828715 3.287338 3.116483 1.120215 34.231117 4.818785 -0.726759 11.918994 -1.699010 -5.777186 -3.696682 10.202579 -7.604271 -16.869528 0.000077 -0.000022 0.000006 -0.097434 0.103775 -0.073705 0.451573 -3.536923 -10.287505 -0.637252 3.727589 -10.323851 -12.353396 -7.837837 16.085938 -59.113411 -5.387982 14.456919 2.086041 -49.870583 -1.292164 14.078318 -9.283434 -10.798505 -5.882102 9.861279 0.702590 -10.936861 -0.360574 7.156197 0.000000 8.774815 -0.000000 -16.082748 17.990128 6.217828 -1.844031 2.498503 -2.507276 -10.163590 4.678941 4.621104 -20.975996 -0.000001 0.000001 -21.226254 2.451698 -3.593995 0.000000 -0.000006 -0.000000 -1.362681 2.240797 -0.746323 -21.334892 0.584910 3.008319 -13.821196 -0.000001 0.000001 -23.887129 -0.249075 -0.839485 -60.564758 2.985976 -0.604883 -0.294025 1.679686 0.833255 -14.218195 0.093215 1.300579 -34.212002 -0.287561 0.967166 -20.033176 0.964536 1.212838 0.000000 -0.000000 0.000000 -3.440387 0.788233 0.501655 -15.928172 -3.167306 2.999703 -6.338817 -0.000000 0.000001 -18.123419 3.648181 -4.905662 -0.000004 0.000000 -0.000002 0.512235 29.331661 11.678595 31.938860 35.230427 -24.605860 0.686709 45.675674 0.317680 -11.408222 12.615899 -46.878815 2.243540 -5.255033 -3.180156 14.282877 -0.826594 6.952496 -0.000000 -12.690593 -0.000001 17.274364 -17.828566 2.505062 1.665665 -1.955920 -2.878297 4.727794 -4.170584 4.993919 11.020511 0.000001 -0.000000 12.109032 -3.735715 -2.866778 0.000000 -0.000000 0.000000 1.291985 -1.928548 -1.498088 14.800115 0.567467 3.865604 14.242553 -1.341738 -6.660648 19.631935 0.143921 -0.648243 50.110596 -0.649832 -5.503089 0.353029 -1.511150 -0.031940 20.222769 3.684305 2.316629 18.787249 0.000001 -0.000001 10.751608 -0.479870 1.397903 0.000000 -0.000000 0.000000 3.273804 0.305947 -0.580110 21.486790 11.830364 2.266131 8.162915 0.000000 -0.000000 18.399052 -3.798986 -4.940567 0.000003 0.000000 -0.000001 -0.511775 0.613821 -41.670284 -0.271109 -0.401274 28.282915 -1.762802 -4.216785 -4.013497 1.663762 -1.993547 -0.213858 0.000000 -0.000000 0.000002 3.768080 -28.766111 -39.122330 0.093036 -0.156118 35.374695 6.000503 -14.757986 -14.908752 -1.416129 1.083150 0.171280 0.000000 -0.000000 -0.000001
0.000000 0.000000 0.000000 0.000000 -0.000000 0.000000 -0.333358 -2.988346 -3.941009 2.264186 16.371994 16.458313 -0.189362 0.036107 14.252346 0.769810 1.820562 2.753902 2.771012 1.124578 33.736362 5.086358 -0.603919 11.591825 -1.611344 -5.583458 -3.633820 10.205030 -7.725980 -16.808332 0.000077 -0.000022 0.000006 -0.084707 0.102201 -0.059870 0.488179 -3.562499 -10.330816 -0.649982 3.751484 -10.350882 -12.507255 -7.712801 16.383289 -58.744415 -4.982162 14.020808 1.787044 -49.900742 -1.085280 13.869230 -8.944244 -10.155575 -5.882102 9.861279 0.702590 -10.936861 -0.360574 7.156197 0.000000 8.774815 -0.000000 -16.186863 18.055647 6.171374 -1.844031 2.498503 -2.507276 -10.163590 4.678941 4.621104 -20.975996 -0.000001 0.000001 -21.226254 2.451698 -3.593995 0.000000 -0.000006 -0.000000 -1.362681 2.240797 -0.746323 -21.334892 0.584910 3.008319 -13.821196 -0.000001 0.000001 -23.887129 -0.249075 -0.839485 -60.715778 2.944738 -0.661131 -0.294025 1.679686 0.833255 -14.218195 0.093215 1.300579 -34.212002 -0.287561 0.967166 -20.033176 0.964536 1.212838 0.000000 -0.000000 0.000000 -3.440387 0.788233 0.501655 -15.928172 -3.167306 2.999703 -6.338817 -0.000000 0.000001 -18.123419 3.648181 -4.905662 -0.000004 0.000000 -0.000002 1.565008 28.531788 12.561341 34.547455 35.427650 -20.930750 0.684867 46.085213 0.351020 -11.560655 12.757180 -45.413433 2.243540 -5.255033 -3.180156 14.282877 -0.826594 6.952496 -0.000000 -12.690593 -0.000001 17.315605 -17.793625 2.522805 1.665665 -1.955920 -2.878297 4.727794 -4.170584 4.993919 11.020511 0.000001 -0.000000 12.109032 -3.735715 -2.866778 0.000000 -0.000000 0.000000 1.291985 -1.928548 -1.498088 14.800115 0.567467 3.865604 14.242553 -1.341738 -6.660648 19.631935 0.143921 -0.648243 50.134670 -0.670515 -5.496615 0.353029 -1.511150 -0.031940 20.222769 3.684305 2.316629 18.787249 0.000001 -0.000001 10.751608 -0.479870 1.397903 0.000000 -0.000000 0.000000 3.273804 0.305947 -0.580110 21.486790 11.830364 2.266131 8.162915 0.000000 -0.000000 18.399052 -3.798986 -4.940567 0.000003 0.000000 -0.000001 -0.006309 0.733383 -38.979321 -0.252678 -0.378594 27.172739 -1.819046 -3.524844 -4.019483 1.664538 -2.004259 -0.245750 0.000000 -0.000000 0.000002 3.072936 -28.579708 -35.931892 0.091702 -0.155228 33.279587 6.034068 -14.469497 -14.061235 -1.417803 1.082728 0.153880 0.000000 -0.000000 -0.000001
0.000000 0.000000 0.000000 0.000000 -0.000000 0.000000 0.013178 -2.641216 -3.596941 1.803022 15.616784 14.811236 -0.336463 0.117888 13.365052 0.624801 1.824724 2.220193 2.426040 1.170128 33.179455 5.423634 -0.507288 11.204762 -1.510558 -5.473958 -3.554503 10.131516 -7.903246 -16.851728 0.000077 -0.000022 0.000006 -0.073258 0.100638 -0.046908 0.520773 -3.586593 -10.371981 -0.660795 3.773847 -10.376274 -12.733251 -7.592020 16.641293 -58.366871 -4.693479 13.527415 1.673851 -49.907341 -1.022565 13.909400 -8.638251 -9.816857 -5.882102 9.861279 0.702590 -10.936861 -0.360574 7.156197 0.000000 8.774815 -0.000000 -16.271936 18.095932 6.122840 -1.844031 2.498503 -2.507276 -10.163590 4.678941 4.621104 -20.975996 -0.000001 0.000001 -21.226254 2.451698 -3.593995 0.000000 -0.000006 -0.000000 -1.362681 2.240797 -0.746323 -21.334892 0.584910 3.008319 -13.821196 -0.000001 0.000001 -23.887129 -0.249075 -0.839485 -60.844692 2.898129 -0.753054 -0.294025 1.679686 0.833255 -14.218195 0.093215 1.300579 -34.212002 -0.287561 0.967166 -20.033176 0.964536 1.212838 0.000000 -0.000000 0.000000 -3.440387 0.788233 0.501655 -15.928172 -3.167306 2.999703 -6.338817 -0.000000 0.000001 -18.123419 3.648181 -4.905662 -0.000004 0.000000 -0.000002 2.510866 27.742365 13.356488 36.966496 35.351437 -17.399855 0.550095 46.302910 0.294393 -11.645959 12.893886 -44.055489 2.243540 -5.255033 -3.180156 14.282877 -0.826594 6.952496 -0.000000 -12.690593 -0.000001 17.334377 -17.763597 2.556226 1.665665 -1.955920 -2.878297 4.727794 -4.170584 4.993919 11.020511 0.000001 -0.000000 12.109032 -3.735715 -2.866778 0.000000 -0.000000 0.000000 1.291985 -1.928548 -1.498088 14.800115 0.567467 3.865604 14.242553 -1.341738 -6.660648 19.631935 0.143921 -0.648243 50.166191 -0.686899 -5.502970 0.353029 -1.511150 -0.031940 20.222769 3.684305 2.316629 18.787249 0.000001 -0.000001 10.751608 -0.479870 1.397903 0.000000 -0.000000 0.000000 3.273804 0.305947 -0.580110 21.486790 11.830364 2.266131 8.162915 0.000000 -0.000000 18.399052 -3.798986 -4.940567 0.000003 0.000000 -0.000001 0.397222 0.901759 -36.439312 -0.230456 -0.342209 26.257029 -1.858297 -2.967427 -4.234088 1.664006 -2.012650 -0.294053 0.000000 -0.000000 0.000002 2.370720 -28.447168 -32.889828 0.087951 -0.151286 31.333223 6.121183 -14.102185 -13.299796 -1.417743 1.084551 0.122058 0.000000 -0.000000 -0.000001
0.000000 0.000000 0.000000 0.000000 -0.000000 0.000000 0.341435 -2.325741 -3.219858 1.407861 14.891482 13.265060 -0.463556 0.174409 12.431403 0.477267 1.837175 1.688050 2.087577 1.243124 32.576111 5.880308 -0.457162 10.794130 -1.424031 -5.451744 -3.477464 9.979073 -8.133710 -16.910530 0.000077 -0.000022 0.000006 -0.062711 0.098050 -0.038720 0.549391 -3.612586 -10.415543 -0.669051 3.796284 -10.410225 -13.053870 -7.461964 16.869808 -57.986038 -4.511348 12.932510 1.751803 -49.867317 -1.131933 14.185928 -8.357361 -9.934531 -5.882102 9.861279 0.702590 -10.936861 -0.360574 7.156197 0.000000 8.774815 -0.000000 -16.324303 18.115610 6.082516 -1.844031 2.498503 -2.507276 -10.163590 4.678941 4.621104 -20.975996 -0.000001 0.000001 -21.226254 2.451698 -3.593995 0.000000 -0.000006 -0.000000 -1.362681 2.240797 -0.746323 -21.334892 0.584910 3.008319 -13.821196 -0.000001 0.000001 -23.887129 -0.249075 -0.839485 -60.920151 2.823216 -0.859428 -0.294025 1.679686 0.833255 -14.218195 0.093215 1.300579 -34.212002 -0.287561 0.967166 -20.033176 0.964536 1.212838 0.000000 -0.000000 0.000000 -3.440387 0.788233 0.501655 -15.928172 -3.167306 2.999703 -6.338817 -0.000000 0.000001 -18.123419 3.648181 -4.905662 -0.000004 0.000000 -0.000002 3.380022 26.941450 14.077894 39.263763 35.083542 -14.164662 0.362837 46.332920 0.178237 -11.718749 13.031407 -43.016441 2.243540 -5.255033 -3.180156 14.282877 -0.826594 6.952496 -0.000000 -12.690593 -0.000001 17.350571 -17.749735 2.594216 1.665665 -1.955920 -2.878297 4.727794 -4.170584 4.993919 11.020511 0.000001 -0.000000 12.109032 -3.735715 -2.866778 0.000000 -0.000000 0.000000 1.291985 -1.928548 -1.498088 14.800115 0.567467 3.865604 14.242553 -1.341738 -6.660648 19.631935 0.143921 -0.648243 50.214344 -0.702216 -5.531976 0.353029 -1.511150 -0.031940 20.222769 3.684305 2.316629 18.787249 0.000001 -0.000001 10.751608 -0.479870 1.397903 0.000000 -0.000000 0.000000 3.273804 0.305947 -0.580110 21.486790 11.830364 2.266131 8.162915 0.000000 -0.000000 18.399052 -3.798986 -4.940567 0.000003 0.000000 -0.000001 0.727053 1.099622 -33.975361 -0.197395 -0.295049 25.349592 -1.860768 -2.522518 -4.334770 1.664798 -2.016409 -0.346076 0.000000 -0.000000 0.000002 1.682049 -28.379616 -29.956121 0.080891 -0.146948 29.433554 6.229290 -13.690519 -12.573639 -1.417453 1.091103 0.076959 0.000000 -0.000000 -0.000001
0.000000 0.000000 0.000000 0.000000 -0.000000 0.000000 0.631511 -2.029087 -2.806598 1.072183 14.215673 11.859852 -0.585996 0.209636 11.452714 0.319679 1.853660 1.148775 1.745125 1.323077 31.911570 6.487051 -0.455229 10.433982 -1.372688 -5.509356 -3.414717 9.789948 -8.412283 -16.914082 0.000077 -0.000022 0.000006 -0.047956 0.090805 -0.036883 0.576960 -3.640573 -10.455141 -0.667335 3.811536 -10.446050 -13.430616 -7.296207 17.060760 -57.598583 -4.402080 12.242954 1.913595 -49.728161 -1.378223 14.644964 -8.129429 -10.398092 -5.882102 9.861279 0.702590 -10.936861 -0.360574 7.156197 0.000000 8.774815 -0.000000 -16.321373 18.103523 6.048791 -1.844031 2.498503 -2.507276 -10.163590 4.678941 4.621104 -20.975996 -0.000001 0.000001 -21.226254 2.451698 -3.593995 0.000000 -0.000006 -0.000000 -1.362681 2.240797 -0.746323 -21.334892 0.584910 3.008319 -13.821196 -0.000001 0.000001 -23.887129 -0.249075 -0.839485 -60.937775 2.714855 -0.961797 -0.294025 1.679686 0.833255 -14.218195 0.093215 1.300579 -34.212002 -0.287561 0.967166 -20.033176 0.964536 1.212838 0.000000 -0.000000 0.000000 -3.440387 0.788233 0.501655 -15.928172 -3.167306 2.999703 -6.338817 -0.000000 0.000001 -18.123419 3.648181 -4.905662 -0.000004 0.000000 -0.000002 4.169297 26.136845 14.696615 41.601337 34.647640 -11.292122 0.210547 46.235203 0.059042 -11.885567 13.205903 -42.419411 2.243540 -5.255033 -3.180156 14.282877 -0.826594 6.952496 -0.000000 -12.690593 -0.000001 17.371876 -17.738209 2.619655 1.665665 -1.955920 -2.878297 4.727794 -4.170584 4.993919 11.020511 0.000001 -0.000000 12.109032 -3.735715 -2.866778 0.000000 -0.000000 0.000000 1.291985 -1.928548 -1.498088 14.800115 0.567467 3.865604 14.242553 -1.341738 -6.660648 19.631935 0.143921 -0.648243 50.224525 -0.736011 -5.571050 0.353029 -1.511150 -0.031940 20.222769 3.684305 2.316629 18.787249 0.000001 -0.000001 10.751608 -0.479870 1.397903 0.000000 -0.000000 0.000000 3.273804 0.305947 -0.580110 21.486790 11.830364 2.266131 8.162915 0.000000 -0.000000 18.399052 -3.798986 -4.940567 0.000003 0.000000 -0.000001 1.022589 1.284261 -31.607954 -0.166772 -0.252478 24.382921 -1.846180 -2.138092 -4.419552 1.667271 -2.014260 -0.349305 0.000000 -0.000000 0.000002 1.040196 -28.363295 -27.156235 0.072029 -0.147113 27.533842 6.311997 -13.287400 -11.856046 -1.417217 1.097937 0.041500 0.000000 -0.000000 -0.000001
0.000000 0.000000 0.000000 0.000000 -0.000000 0.000000 0.884328 -1.741024 -2.349591 0.800817 13.590803 10.610529 -0.722192 0.239511 10.451418 0.158630 1.870454 0.595392 1.378640 1.391377 31.155766 7.214788 -0.546301 10.189646 -1.365478 -5.623530 -3.372911 9.561669 -8.711076 -16.802631 0.000077 -0.000022 0.000006 -0.032259 0.079725 -0.038532 0.601221 -3.666039 -10.483688 -0.660122 3.816562 -10.475095 -13.806620 -7.103370 17.234652 -57.163048 -4.349337 11.512687 1.988666 -49.461025 -1.616477 15.149426 -7.909786 -10.890324 -5.882102 9.861279 0.702590 -10.936861 -0.360574 7.156197 0.000000 8.774815 -0.000000 -16.301559 18.070572 6.010118 -1.844031 2.498503 -2.507276 -10.163590 4.678941 4.621104 -20.975996 -0.000001 0.000001 -21.226254 2.451698 -3.593995 0.000000 -0.000006 -0.000000 -1.362681 2.240797 -0.746323 -21.334892 0.584910 3.008319 -13.821196 -0.000001 0.000001 -23.887129 -0.249075 -0.839485 -60.953171 2.605904 -1.034716 -0.294025 1.679686 0.833255 -14.218195 0.093215 1.300579 -34.212002 -0.287561 0.967166 -20.033176 0.964536 1.212838 0.000000 -0.000000 0.000000 -3.440387 0.788233 0.501655 -15.928172 -3.167306 2.999703 -6.338817 -0.000000 0.000001 -18.123419 3.648181 -4.905662 -0.000004 0.000000 -0.000002 4.904215 25.341545 15.256568 44.064148 34.046501 -8.827694 0.145432 46.101723 -0.030847 -12.201790 13.376940 -42.052975 2.243540 -5.255033 -3.180156 14.282877 -0.826594 6.952496 -0.000000 -12.690593 -0.000001 17.371712 -17.701899 2.638328 1.665665 -1.955920 -2.878297 4.727794 -4.170584 4.993919 11.020511 0.000001 -0.000000 12.109032 -3.735715 -2.866778 0.000000 -0.000000 0.000000 1.291985 -1.928548 -1.498088 14.800115 0.567467 3.865604 14.242553 -1.341738 -6.660648 19.631935 0.143921 -0.648243 50.177570 -0.810486 -5.593293 0.353029 -1.511150 -0.031940 20.222769 3.684305 2.316629 18.787249 0.000001 -0.000001 10.751608 -0.479870 1.397903 0.000000 -0.000000 0.000000 3.273804 0.305947 -0.580110 21.486790 11.830364 2.266131 8.162915 0.000000 -0.000000 18.399052 -3.798986 -4.940567 0.000003 0.000000 -0.000001 1.292792 1.407272 -29.320770 -0.147816 -0.227087 23.300859 -1.828812 -1.751853 -4.443724 1.672789 -2.006537 -0.294777 0.000000 -0.000000 0.000002 0.427426 -28.354786 -24.473328 0.065257 -0.158938 25.591663 6.351964 -12.961048 -11.129393 -1.418893 1.098071 0.032150 0.000000 -0.000000 -0.000001
0.000000 0.000000 0.000000 0.000000 -0.000000 0.000000 1.103256 -1.462574 -1.857178 0.572003 13.033910 9.498852 -0.864015 0.276682 9.434155 0.004941 1.880728 0.025530 0.984085 1.446074 30.296253 7.968767 -0.739257 10.083030 -1.382248 -5.772392 -3.347429 9.303969 -9.015071 -16.551508 0.000077 -0.000022 0.000006 -0.016837 0.064677 -0.039925 0.622721 -3.693156 -10.514629 -0.650957 3.815099 -10.508474 -14.179519 -6.920733 17.409109 -56.652630 -4.340368 10.776909 1.943338 -49.059711 -1.781868 15.701234 -7.677432 -11.405756 -5.882102 9.861279 0.702590 -10.936861 -0.360574 7.156197 0.000000 8.774815 -0.000000 -16.213352 18.040043 5.999830 -1.844031 2.498503 -2.507276 -10.163590 4.678941 4.621104 -20.975996 -0.000001 0.000001 -21.226254 2.451698 -3.593995 0.000000 -0.000006 -0.000000 -1.362681 2.240797 -0.746323 -21.334892 0.584910 3.008319 -13.821196 -0.000001 0.000001 -23.887129 -0.249075 -0.839485 -60.891193 2.522165 -1.075475 -0.294025 1.679686 0.833255 -14.218195 0.093215 1.300579 -34.212002 -0.287561 0.967166 -20.033176 0.964536 1.212838 0.000000 -0.000000 0.000000 -3.440387 0.788233 0.501655 -15.928172 -3.167306 2.999703 -6.338817 -0.000000 0.000001 -18.123419 3.648181 -4.905662 -0.000004 0.000000 -0.000002 5.668628 24.557858 15.803946 46.552711 33.241947 -6.676188 0.164470 46.003567 -0.074434 -12.616508 13.499577 -41.742760 2.243540 -5.255033 -3.180156 14.282877 -0.826594 6.952496 -0.000000 -12.690593 -0.000001 17.359554 -17.633335 2.643144 1.665665 -1.955920 -2.878297 4.727794 -4.170584 4.993919 11.020511 0.000001 -0.000000 12.109032 -3.735715 -2.866778 0.000000 -0.000000 0.000000 1.291985 -1.928548 -1.498088 14.800115 0.567467 3.865604 14.242553 -1.341738 -6.660648 19.631935 0.143921 -0.648243 50.110645 -0.894076 -5.596061 0.353029 -1.511150 -0.031940 20.222769 3.684305 2.316629 18.787249 0.000001 -0.000001 10.751608 -0.479870 1.397903 0.000000 -0.000000 0.000000 3.273804 0.305947 -0.580110 21.486790 11.830364 2.266131 8.162915 0.000000 -0.000000 18.399052 -3.798986 -4.940567 0.000003 0.000000 -0.000001 1.549616 1.470478 -27.118351 -0.136615 -0.220692 22.122030 -1.813304 -1.371249 -4.410095 1.678347 -1.990916 -0.225014 0.000000 -0.000000 0.000002 -0.135673 -28.369884 -21.889036 0.058251 -0.167157 23.588089 6.348169 -12.706509 -10.383819 -1.422862 1.090152 0.017597 0.000000 -0.000000 -0.000001
0.000000 0.000000 0.000000 0.000000 -0.000000 0.000000 1.286008 -1.204830 -1.335832 0.389466 12.557902 8.531857 -1.004331 0.329740 8.396249 -0.144719 1.881759 -0.561724 0.568272 1.466270 29.362833 8.652189 -0.995385 10.007923 -1.391323 -5.943893 -3.332097 8.996981 -9.304374 -16.121944 0.000077 -0.000022 0.000006 -0.001807 0.045692 -0.037668 0.643633 -3.720849 -10.536733 -0.642097 3.806041 -10.534782 -14.547079 -6.786114 17.563238 -56.074837 -4.336354 10.137280 1.795210 -48.537197 -1.841398 16.262173 -7.404916 -11.775062 -5.882102 9.861279 0.702590 -10.936861 -0.360574 7.156197 0.000000 8.774815 -0.000000 -16.084078 18.028589 6.004878 -1.844031 2.498503 -2.507276 -10.163590 4.678941 4.621104 -20.975996 -0.000001 0.000001 -21.226254 2.451698 -3.593995 0.000000 -0.000006 -0.000000 -1.362681 2.240797 -0.746323 -21.334892 0.584910 3.008319 -13.821196 -0.000001 0.000001 -23.887129 -0.249075 -0.839485 -60.731255 2.470534 -1.124168 -0.294025 1.679686 0.833255 -14.218195 0.093215 1.300579 -34.212002 -0.287561 0.967166 -20.033176 0.964536 1.212838 0.000000 -0.000000 0.000000 -3.440387 0.788233 0.501655 -15.928172 -3.167306 2.999703 -6.338817 -0.000000 0.000001 -18.123419 3.648181 -4.905662 -0.000004 0.000000 -0.000002 6.491662 23.771330 16.312819 48.857357 32.189415 -4.562855 0.196240 46.018581 -0.098101 -13.057026 13.503951 -41.053780 2.243540 -5.255033 -3.180156 14.282877 -0.826594 6.952496 -0.000000 -12.690593 -0.000001 17.301695 -17.553978 2.667568 1.665665 -1.955920 -2.878297 4.727794 -4.170584 4.993919 11.020511 0.000001 -0.000000 12.109032 -3.735715 -2.866778 0.000000 -0.000000 0.000000 1.291985 -1.928548 -1.498088 14.800115 0.567467 3.865604 14.242553 -1.341738 -6.660648 19.631935 0.143921 -0.648243 50.028172 -0.968691 -5.595582 0.353029 -1.511150 -0.031940 20.222769 3.684305 2.316629 18.787249 0.000001 -0.000001 10.751608 -0.479870 1.397903 0.000000 -0.000000 0.000000 3.273804 0.305947 -0.580110 21.486790 11.830364 2.266131 8.162915 0.000000 -0.000000 18.399052 -3.798986 -4.940567 0.000003 0.000000 -0.000001 1.786665 1.452562 -25.044245 -0.122557 -0.219110 20.905426 -1.820030 -1.014181 -4.342402 1.682216 -1.969322 -0.185700 0.000000 -0.000000 0.000002 -0.642319 -28.472034 -19.448170 0.049113 -0.164586 21.587351 6.343535 -12.473460 -9.655016 -1.428071 1.069198 -0.021966 0.000000 -0.000000 -0.000001
0.000000 0.000000 0.000000 0.000000 -0.000000 0.000000 1.428619 -0.970142 -0.793174 0.241917 12.148582 7.704109 -1.130311 0.386017 7.344330 -0.288167 1.870447 -1.150776 0.138890 1.441769 28.396235 9.197889 -1.224391 9.867561 -1.387662 -6.161458 -3.327127 8.648404 -9.555400 -15.490278 0.000077 -0.000022 0.000006 0.011147 0.027477 -0.032459 0.662052 -3.742918 -10.545662 -0.635030 3.792636 -10.550213 -14.927236 -6.690779 17.679018 -55.428337 -4.280825 9.617787 1.517047 -47.995003 -1.775750 16.792704 -7.105735 -11.976392 -5.882102 9.861279 0.702590 -10.936861 -0.360574 7.156197 0.000000 8.774815 -0.000000 -15.943846 18.015335 6.024122 -1.844031 2.498503 -2.507276 -10.163590 4.678941 4.621104 -20.975996 -0.000001 0.000001 -21.226254 2.451698 -3.593995 0.000000 -0.000006 -0.000000 -1.362681 2.240797 -0.746323 -21.334892 0.584910 3.008319 -13.821196 -0.000001 0.000001 -23.887129 -0.249075 -0.839485 -60.518810 2.430544 -1.147394 -0.294025 1.679686 0.833255 -14.218195 0.093215 1.300579 -34.212002 -0.287561 0.967166 -20.033176 0.964536 1.212838 0.000000 -0.000000 0.000000 -3.440387 0.788233 0.501655 -15.928172 -3.167306 2.999703 -6.338817 -0.000000 0.000001 -18.123419 3.648181 -4.905662 -0.000004 0.000000 -0.000002 7.369746 22.985546 16.777189 50.840664 30.919058 -2.336079 0.215416 46.206051 -0.090925 -13.543361 13.350934 -39.912670 2.243540 -5.255033 -3.180156 14.282877 -0.826594 6.952496 -0.000000 -12.690593 -0.000001 17.178364 -17.455133 2.723521 1.665665 -1.955920 -2.878297 4.727794 -4.170584 4.993919 11.020511 0.000001 -0.000000 12.109032 -3.735715 -2.866778 0.000000 -0.000000 0.000000 1.291985 -1.928548 -1.498088 14.800115 0.567467 3.865604 14.242553 -1.341738 -6.660648 19.631935 0.143921 -0.648243 49.934906 -1.024663 -5.582464 0.353029 -1.511150 -0.031940 20.222769 3.684305 2.316629 18.787249 0.000001 -0.000001 10.751608 -0.479870 1.397903 0.000000 -0.000000 0.000000 3.273804 0.305947 -0.580110 21.486790 11.830364 2.266131 8.162915 0.000000 -0.000000 18.399052 -3.798986 -4.940567 0.000003 0.000000 -0.000001 1.994869 1.445271 -23.114437 -0.103597 -0.225462 19.681568 -1.843882 -0.740167 -4.251503 1.684211 -1.945002 -0.172157 0.000000 -0.000000 0.000002 -1.093342 -28.597149 -17.154913 0.038471 -0.156608 19.601522 6.359842 -12.274410 -8.954576 -1.433646 1.046811 -0.090172 0.000000 -0.000000 -0.000001
0.000000 0.000000 0.000000 0.000000 -0.000000 0.000000 1.548561 -0.761677 -0.239426 0.130179 11.750343 7.011708 -1.254479 0.428290 6.287993 -0.416107 1.850952 -1.730761 -0.302785 1.388326 27.434341 9.572698 -1.376463 9.606483 -1.396392 -6.394777 -3.322477 8.315380 -9.758020 -14.646554 0.000077 -0.000022 0.000006 0.025193 0.004462 -0.028270 0.683363 -3.765583 -10.551991 -0.628742 3.770228 -10.565316 -15.378489 -6.590858 17.776011 -54.649376 -4.181979 9.320326 1.224574 -47.525742 -1.695193 17.232321 -6.772680 -11.963923 -5.882102 9.861279 0.702590 -10.936861 -0.360574 7.156197 0.000000 8.774815 -0.000000 -15.824531 18.030138 6.043409 -1.844031 2.498503 -2.507276 -10.163590 4.678941 4.621104 -20.975996 -0.000001 0.000001 -21.226254 2.451698 -3.593995 0.000000 -0.000006 -0.000000 -1.362681 2.240797 -0.746323 -21.334892 0.584910 3.008319 -13.821196 -0.000001 0.000001 -23.887129 -0.249075 -0.839485 -60.326267 2.413286 -1.174621 -0.294025 1.679686 0.833255 -14.218195 0.093215 1.300579 -34.212002 -0.287561 0.967166 -20.033176 0.964536 1.212838 0.000000 -0.000000 0.000000 -3.440387 0.788233 0.501655 -15.928172 -3.167306 2.999703 -6.338817 -0.000000 0.000001 -18.123419 3.648181 -4.905662 -0.000004 0.000000 -0.000002 8.240408 22.208757 17.164423 52.492619 29.514788 0.024576 0.197756 46.558746 -0.065504 -14.014079 13.083488 -38.456577 2.243540 -5.255033 -3.180156 14.282877 -0.826594 6.952496 -0.000000 -12.690593 -0.000001 17.043213 -17.351603 2.786850 1.665665 -1.955920 -2.878297 4.727794 -4.170584 4.993919 11.020511 0.000001 -0.000000 12.109032 -3.735715 -2.866778 0.000000 -0.000000 0.000000 1.291985 -1.928548 -1.498088 14.800115 0.567467 3.865604 14.242553 -1.341738 -6.660648 19.631935 0.143921 -0.648243 49.884205 -1.055537 -5.562495 0.353029 -1.511150 -0.031940 20.222769 3.684305 2.316629 18.787249 0.000001 -0.000001 10.751608 -0.479870 1.397903 0.000000 -0.000000 0.000000 3.273804 0.305947 -0.580110 21.486790 11.830364 2.266131 8.162915 0.000000 -0.000000 18.399052 -3.798986 -4.940567 0.000003 0.000000 -0.000001 2.166934 1.445392 -21.337807 -0.080385 -0.231255 18.486902 -1.875367 -0.490548 -4.161919 1.682620 -1.923232 -0.180093 0.000000 -0.000000 0.000002 -1.512700 -28.645828 -15.030256 0.025328 -0.155773 17.662445 6.371428 -12.119119 -8.279393 -1.439367 1.026677 -0.167040 0.000000 -0.000000 -0.000001
0.000000 0.000000 0.000000 0.000000 -0.000000 0.000000 1.658705 -0.581554 0.315665 0.083504 11.318485 6.426397 -1.390652 0.453880 5.216827 -0.527274 1.829235 -2.303169 -0.762934 1.309751 26.498934 9.770978 -1.409172 9.228383 -1.433327 -6.630983 -3.323834 8.006765 -9.918068 -13.587061 0.000077 -0.000022 0.000006 0.039755 -0.025417 -0.027541 0.708610 -3.792339 -10.560039 -0.625349 3.737892 -10.583523 -15.909222 -6.467466 17.822292 -53.757839 -4.015425 9.253197 0.957314 -47.164444 -1.599057 17.539751 -6.417035 -11.748180 -5.882102 9.861279 0.702590 -10.936861 -0.360574 7.156197 0.000000 8.774815 -0.000000 -15.740200 18.081152 6.063902 -1.844031 2.498503 -2.507276 -10.163590 4.678941 4.621104 -20.975996 -0.000001 0.000001 -21.226254 2.451698 -3.593995 0.000000 -0.000006 -0.000000 -1.362681 2.240797 -0.746323 -21.334892 0.584910 3.008319 -13.821196 -0.000001 0.000001 -23.887129 -0.249075 -0.839485 -60.180729 2.435421 -1.215614 -0.294025 1.679686 0.833255 -14.218195 0.093215 1.300579 -34.212002 -0.287561 0.967166 -20.033176 0.964536 1.212838 0.000000 -0.000000 0.000000 -3.440387 0.788233 0.501655 -15.928172 -3.167306 2.999703 -6.338817 -0.000000 0.000001 -18.123419 3.648181 -4.905662 -0.000004 0.000000 -0.000002 9.081059 21.443155 17.478149 53.841492 28.000095 2.448802 0.180983 47.091988 -0.027901 -14.422327 12.760323 -36.936283 2.243540 -5.255033 -3.180156 14.282877 -0.826594 6.952496 -0.000000 -12.690593 -0.000001 16.925097 -17.267918 2.835557 1.665665 -1.955920 -2.878297 4.727794 -4.170584 4.993919 11.020511 0.000001 -0.000000 12.109032 -3.735715 -2.866778 0.000000 -0.000000 0.000000 1.291985 -1.928548 -1.498088 14.800115 0.567467 3.865604 14.242553 -1.341738 -6.660648 19.631935 0.143921 -0.648243 49.859982 -1.064202 -5.568984 0.353029 -1.511150 -0.031940 20.222769 3.684305 2.316629 18.787249 0.000001 -0.000001 10.751608 -0.479870 1.397903 0.000000 -0.000000 0.000000 3.273804 0.305947 -0.580110 21.486790 11.830364 2.266131 8.162915 0.000000 -0.000000 18.399052 -3.798986 -4.940567 0.000003 0.000000 -0.000001 2.261910 1.484035 -19.670643 -0.056637 -0.236344 17.313002 -1.929316 -0.224706 -4.074593 1.679179 -1.898253 -0.194254 0.000000 -0.000000 0.000002 -1.954288 -28.596046 -13.080430 0.012690 -0.157580 15.837232 6.391129 -11.997572 -7.653316 -1.444230 1.013852 -0.239529 0.000000 -0.000000 -0.000001
0.000000 0.000000 0.000000 0.000000 -0.000000 0.000000 1.768581 -0.436916 0.863627 0.115366 10.800133 5.915726 -1.539471 0.469978 4.160560 -0.618872 1.817367 -2.852420 -1.224962 1.210455 25.605288 9.787098 -1.329055 8.805591 -1.488080 -6.835143 -3.335029 7.724297 -9.993409 -12.386011 0.000077 -0.000022 0.000006 0.051804 -0.056124 -0.028175 0.733491 -3.817611 -10.569410 -0.626705 3.702420 -10.603049 -16.515423 -6.300579 17.785620 -52.813168 -3.770645 9.389371 0.689219 -46.893383 -1.456104 17.756813 -6.112377 -11.371470 -5.882102 9.861279 0.702590 -10.936861 -0.360574 7.156197 0.000000 8.774815 -0.000000 -15.698765 18.147881 6.086138 -1.844031 2.498503 -2.507276 -10.163590 4.678941 4.621104 -20.975996 -0.000001 0.000001 -21.226254 2.451698 -3.593995 0.000000 -0.000006 -0.000000 -1.362681 2.240797 -0.746323 -21.334892 0.584910 3.008319 -13.821196 -0.000001 0.000001 -23.887129 -0.249075 -0.839485 -60.108116 2.479400 -1.246917 -0.294025 1.679686 0.833255 -14.218195 0.093215 1.300579 -34.212002 -0.287561 0.967166 -20.033176 0.964536 1.212838 0.000000 -0.000000 0.000000 -3.440387 0.788233 0.501655 -15.928172 -3.167306 2.999703 -6.338817 -0.000000 0.000001 -18.123419 3.648181 -4.905662 -0.000004 0.000000 -0.000002 9.879486 20.718880 17.704624 54.884048 26.414919 4.854365 0.175258 47.735291 0.014499 -14.778403 12.421983 -35.576717 2.243540 -5.255033 -3.180156 14.282877 -0.826594 6.952496 -0.000000 -12.690593 -0.000001 16.814516 -17.207853 2.875180 1.665665 -1.955920 -2.878297 4.727794 -4.170584 4.993919 11.020511 0.000001 -0.000000 12.109032 -3.735715 -2.866778 0.000000 -0.000000 0.000000 1.291985 -1.928548 -1.498088 14.800115 0.567467 3.865604 14.242553 -1.341738 -6.660648 19.631935 0.143921 -0.648243 49.840340 -1.056892 -5.577886 0.353029 -1.511150 -0.031940 20.222769 3.684305 2.316629 18.787249 0.000001 -0.000001 10.751608 -0.479870 1.397903 0.000000 -0.000000 0.000000 3.273804 0.305947 -0.580110 21.486790 11.830364 2.266131 8.162915 0.000000 -0.000000 18.399052 -3.798986 -4.940567 0.000003 0.000000 -0.000001 2.262688 1.582721 -18.093302 -0.034668 -0.231909 16.203300 -2.007781 0.064109 -4.017816 1.675851 -1.876462 -0.228306 0.000000 -0.000000 0.000002 -2.452796 -28.440601 -11.337107 0.003673 -0.160304 14.242112 6.445567 -11.890265 -7.126530 -1.448546 1.008157 -0.308098 0.000000 -0.000000 -0.000001
0.000000 0.000000 0.000000 0.000000 -0.000000 0.000000 1.878702 -0.336307 1.421158 0.228469 10.173873 5.445076 -1.693099 0.484068 3.117317 -0.700210 1.814491 -3.370288 -1.676433 1.103577 24.765392 9.660976 -1.163239 8.356313 -1.562733 -6.969913 -3.349869 7.466295 -9.997286 -11.086163 0.000077 -0.000022 0.000006 0.062684 -0.089345 -0.028860 0.759547 -3.842322 -10.577958 -0.631627 3.661288 -10.619773 -17.176668 -6.099457 17.644791 -51.885487 -3.474093 9.678639 0.406930 -46.580002 -1.256373 17.985916 -5.891982 -10.889397 -5.882102 9.861279 0.702590 -10.936861 -0.360574 7.156197 0.000000 8.774815 -0.000000 -15.656252 18.232195 6.116653 -1.844031 2.498503 -2.507276 -10.163590 4.678941 4.621104 -20.975996 -0.000001 0.000001 -21.226254 2.451698 -3.593995 0.000000 -0.000006 -0.000000 -1.362681 2.240797 -0.746323 -21.334892 0.584910 3.008319 -13.821196 -0.000001 0.000001 -23.887129 -0.249075 -0.839485 -60.066357 2.546771 -1.277240 -0.294025 1.679686 0.833255 -14.218195 0.093215 1.300579 -34.212002 -0.287561 0.967166 -20.033176 0.964536 1.212838 0.000000 -0.000000 0.000000 -3.440387 0.788233 0.501655 -15.928172 -3.167306 2.999703 -6.338817 -0.000000 0.000001 -18.123419 3.648181 -4.905662 -0.000004 0.000000 -0.000002 10.641438 20.030565 17.814432 55.677299 24.755728 7.231403 0.134967 48.410877 0.012806 -15.128860 12.124699 -34.498882 2.243540 -5.255033 -3.180156 14.282877 -0.826594 6.952496 -0.000000 -12.690593 -0.000001 16.693796 -17.164169 2.919802 1.665665 -1.955920 -2.878297 4.727794 -4.170584 4.993919 11.020511 0.000001 -0.000000 12.109032 -3.735715 -2.866778 0.000000 -0.000000 0.000000 1.291985 -1.928548 -1.498088 14.800115 0.567467 3.865604 14.242553 -1.341738 -6.660648 19.631935 0.143921 -0.648243 49.789413 -1.033416 -5.574773 0.353029 -1.511150 -0.031940 20.222769 3.684305 2.316629 18.787249 0.000001 -0.000001 10.751608 -0.479870 1.397903 0.000000 -0.000000 0.000000 3.273804 0.305947 -0.580110 21.486790 11.830364 2.266131 8.162915 0.000000 -0.000000 18.399052 -3.798986 -4.940567 0.000003 0.000000 -0.000001 2.168512 1.726050 -16.602104 -0.010764 -0.212961 15.229580 -2.115703 0.407318 -4.035003 1.672731 -1.872208 -0.273423 0.000000 -0.000000 0.000002 -3.026634 -28.210087 -9.838585 -0.000964 -0.155392 13.023065 6.543418 -11.741745 -6.768134 -1.451540 1.010058 -0.372426 0.000000 -0.000000 -0.000001
0.000000 0.000000 0.000000 0.000000 -0.000000 0.000000 1.985727 -0.276569 1.942670 0.375079 9.424578 4.974250 -1.812079 0.496401 2.105820 -0.768686 1.827649 -3.841765 -2.080917 1.007209 23.994200 9.394344 -0.933252 7.915927 -1.640552 -6.994802 -3.367907 7.244322 -9.925075 -9.728857 0.000077 -0.000022 0.000006 0.067683 -0.114718 -0.030794 0.780407 -3.857039 -10.577332 -0.643071 3.625897 -10.624655 -17.880886 -5.879974 17.413374 -51.094376 -3.197340 10.060691 0.159609 -45.970287 -1.039583 18.224703 -5.712393 -10.529773 -5.882102 9.861279 0.702590 -10.936861 -0.360574 7.156197 0.000000 8.774815 -0.000000 -15.619327 18.303865 6.137638 -1.844031 2.498503 -2.507276 -10.163590 4.678941 4.621104 -20.975996 -0.000001 0.000001 -21.226254 2.451698 -3.593995 0.000000 -0.000006 -0.000000 -1.362681 2.240797 -0.746323 -21.334892 0.584910 3.008319 -13.821196 -0.000001 0.000001 -23.887129 -0.249075 -0.839485 -60.038189 2.593815 -1.286651 -0.294025 1.679686 0.833255 -14.218195 0.093215 1.300579 -34.212002 -0.287561 0.967166 -20.033176 0.964536 1.212838 0.000000 -0.000000 0.000000 -3.440387 0.788233 0.501655 -15.928172 -3.167306 2.999703 -6.338817 -0.000000 0.000001 -18.123419 3.648181 -4.905662 -0.000004 0.000000 -0.000002 11.405646 19.384281 17.853212 56.206654 23.111349 9.492903 0.059388 48.985455 -0.031708 -15.497570 11.886790 -33.679146 2.243540 -5.255033 -3.180156 14.282877 -0.826594 6.952496 -0.000000 -12.690593 -0.000001 16.553875 -17.129553 2.971188 1.665665 -1.955920 -2.878297 4.727794 -4.170584 4.993919 11.020511 0.000001 -0.000000 12.109032 -3.735715 -2.866778 0.000000 -0.000000 0.000000 1.291985 -1.928548 -1.498088 14.800115 0.567467 3.865604 14.242553 -1.341738 -6.660648 19.631935 0.143921 -0.648243 49.730946 -1.001968 -5.562036 0.353029 -1.511150 -0.031940 20.222769 3.684305 2.316629 18.787249 0.000001 -0.000001 10.751608 -0.479870 1.397903 0.000000 -0.000000 0.000000 3.273804 0.305947 -0.580110 21.486790 11.830364 2.266131 8.162915 0.000000 -0.000000 18.399052 -3.798986 -4.940567 0.000003 0.000000 -0.000001 2.051124 1.934699 -15.131388 0.009690 -0.179759 14.445658 -2.254467 0.794759 -4.211853 1.670694 -1.881832 -0.340186 0.000000 -0.000000 0.000002 -3.632984 -27.934566 -8.569714 -0.001407 -0.136598 12.173087 6.685826 -11.486629 -6.559296 -1.451778 1.014494 -0.454964 0.000000 -0.000000 -0.000001
0.000000 0.000000 0.000000 0.000000 -0.000000 0.000000 2.096539 -0.241955 2.422061 0.501781 8.545107 4.469690 -1.869961 0.506203 1.153332 -0.819591 1.878127 -4.266880 -2.402617 0.912415 23.270552 8.997551 -0.663884 7.496956 -1.691206 -6.879626 -3.387854 7.056656 -9.716085 -8.339107 0.000077 -0.000022 0.000006 0.065645 -0.126052 -0.036082 0.793578 -3.858557 -10.573411 -0.660788 3.605595 -10.624447 -18.609770 -5.639981 17.104589 -50.511600 -2.987061 10.464677 -0.083009 -44.895588 -0.784801 18.424404 -5.565181 -10.251583 -5.882102 9.861279 0.702590 -10.936861 -0.360574 7.156197 0.000000 8.774815 -0.000000 -15.580661 18.336845 6.153505 -1.844031 2.498503 -2.507276 -10.163590 4.678941 4.621104 -20.975996 -0.000001 0.000001 -21.226254 2.451698 -3.593995 0.000000 -0.000006 -0.000000 -1.362681 2.240797 -0.746323 -21.334892 0.584910 3.008319 -13.821196 -0.000001 0.000001 -23.887129 -0.249075 -0.839485 -60.001465 2.613588 -1.261084 -0.294025 1.679686 0.833255 -14.218195 0.093215 1.300579 -34.212002 -0.287561 0.967166 -20.033176 0.964536 1.212838 0.000000 -0.000000 0.000000 -3.440387 0.788233 0.501655 -15.928172 -3.167306 2.999703 -6.338817 -0.000000 0.000001 -18.123419 3.648181 -4.905662 -0.000004 0.000000 -0.000002 12.183215 18.787937 17.850082 56.520569 21.501017 11.574167 -0.037102 49.404961 -0.116230 -15.906679 11.706597 -33.077019 2.243540 -5.255033 -3.180156 14.282877 -0.826594 6.952496 -0.000000 -12.690593 -0.000001 16.427910 -17.102869 3.020522 1.665665 -1.955920 -2.878297 4.727794 -4.170584 4.993919 11.020511 0.000001 -0.000000 12.109032 -3.735715 -2.866778 0.000000 -0.000000 0.000000 1.291985 -1.928548 -1.498088 14.800115 0.567467 3.865604 14.242553 -1.341738 -6.660648 19.631935 0.143921 -0.648243 49.706509 -0.962428 -5.539748 0.353029 -1.511150 -0.031940 20.222769 3.684305 2.316629 18.787249 0.000001 -0.000001 10.751608 -0.479870 1.397903 0.000000 -0.000000 0.000000 3.273804 0.305947 -0.580110 21.486790 11.830364 2.266131 8.162915 0.000000 -0.000000 18.399052 -3.798986 -4.940567 0.000003 0.000000 -0.000001 1.936916 2.225178 -13.794851 0.025259 -0.136756 13.814921 -2.380658 1.238409 -4.373602 1.667773 -1.895108 -0.415384 0.000000 -0.000000 0.000002 -4.230583 -27.587164 -7.414045 0.002394 -0.114508 11.501491 6.839695 -11.119038 -6.328218 -1.449398 1.014500 -0.551042 0.000000 -0.000000 -0.000001
0.000000 0.000000 0.000000 0.000000 -0.000000 0.000000 2.201221 -0.228367 2.830736 0.596610 7.635570 3.942776 -1.868281 0.504659 0.313747 -0.845395 1.952261 -4.625471 -2.636897 0.806454 22.615522 8.550976 -0.394410 7.105082 -1.727631 -6.636742 -3.403944 6.913690 -9.382015 -6.972546 0.000077 -0.000022 0.000006 0.059901 -0.126847 -0.042793 0.801071 -3.852975 -10.572886 -0.680056 3.599570 -10.626595 -19.333498 -5.430331 16.761213 -50.141811 -2.855607 10.919744 -0.273940 -43.399303 -0.542286 18.548386 -5.429211 -10.020603 -5.882102 9.861279 0.702590 -10.936861 -0.360574 7.156197 0.000000 8.774815 -0.000000 -15.544806 18.328829 6.168094 -1.844031 2.498503 -2.507276 -10.163590 4.678941 4.621104 -20.975996 -0.000001 0.000001 -21.226254 2.451698 -3.593995 0.000000 -0.000006 -0.000000 -1.362681 2.240797 -0.746323 -21.334892 0.584910 3.008319 -13.821196 -0.000001 0.000001 -23.887129 -0.249075 -0.839485 -59.963223 2.624374 -1.205245 -0.294025 1.679686 0.833255 -14.218195 0.093215 1.300579 -34.212002 -0.287561 0.967166 -20.033176 0.964536 1.212838 0.000000 -0.000000 0.000000 -3.440387 0.788233 0.501655 -15.928172 -3.167306 2.999703 -6.338817 -0.000000 0.000001 -18.123419 3.648181 -4.905662 -0.000004 0.000000 -0.000002 12.941034 18.253262 17.840405 56.693607 20.009916 13.305224 -0.125226 49.666393 -0.208485 -16.424175 11.540315 -32.819023 2.243540 -5.255033 -3.180156 14.282877 -0.826594 6.952496 -0.000000 -12.690593 -0.000001 16.337729 -17.077507 3.056800 1.665665 -1.955920 -2.878297 4.727794 -4.170584 4.993919 11.020511 0.000001 -0.000000 12.109032 -3.735715 -2.866778 0.000000 -0.000000 0.000000 1.291985 -1.928548 -1.498088 14.800115 0.567467 3.865604 14.242553 -1.341738 -6.660648 19.631935 0.143921 -0.648243 49.694389 -0.924537 -5.521104 0.353029 -1.511150 -0.031940 20.222769 3.684305 2.316629 18.787249 0.000001 -0.000001 10.751608 -0.479870 1.397903 0.000000 -0.000000 0.000000 3.273804 0.305947 -0.580110 21.486790 11.830364 2.266131 8.162915 0.000000 -0.000000 18.399052 -3.798986 -4.940567 0.000003 0.000000 -0.000001 1.844756 2.563644 -12.546507 0.036113 -0.101911 13.341610 -2.463553 1.718852 -4.591391 1.665399 -1.905594 -0.476152 0.000000 -0.000000 0.000002 -4.786728 -27.159668 -6.361778 0.008732 -0.098003 10.974741 6.982316 -10.701918 -6.272673 -1.445316 1.012652 -0.640041 0.000000 -0.000000 -0.000001
0.000000 0.000000 0.000000 0.000000 -0.000000 0.000000 2.307651 -0.219654 3.199501 0.645570 6.658554 3.384707 -1.814710 0.496487 -0.455175 -0.837313 2.023434 -4.935219 -2.803987 0.665501 21.994267 8.039980 -0.119592 6.753933 -1.729445 -6.218365 -3.424636 6.825841 -8.885489 -5.577376 0.000077 -0.000022 0.000006 0.054103 -0.127971 -0.053018 0.805621 -3.849404 -10.579164 -0.696063 3.594579 -10.633983 -20.079794 -5.234630 16.423819 -49.955868 -2.818424 11.473986 -0.395905 -41.490417 -0.357666 18.535994 -5.300588 -9.718018 -5.882102 9.861279 0.702590 -10.936861 -0.360574 7.156197 0.000000 8.774815 -0.000000 -15.548282 18.306320 6.161922 -1.844031 2.498503 -2.507276 -10.163590 4.678941 4.621104 -20.975996 -0.000001 0.000001 -21.226254 2.451698 -3.593995 0.000000 -0.000006 -0.000000 -1.362681 2.240797 -0.746323 -21.334892 0.584910 3.008319 -13.821196 -0.000001 0.000001 -23.887129 -0.249075 -0.839485 -59.936844 2.639958 -1.171062 -0.294025 1.679686 0.833255 -14.218195 0.093215 1.300579 -34.212002 -0.287561 0.967166 -20.033176 0.964536 1.212838 0.000000 -0.000000 0.000000 -3.440387 0.788233 0.501655 -15.928172 -3.167306 2.999703 -6.338817 -0.000000 0.000001 -18.123419 3.648181 -4.905662 -0.000004 0.000000 -0.000002 13.717084 17.775358 17.839184 56.763405 18.612518 14.829615 -0.276534 49.747593 -0.338348 -16.963593 11.355490 -32.672081 2.243540 -5.255033 -3.180156 14.282877 -0.826594 6.952496 -0.000000 -12.690593 -0.000001 16.310114 -17.040119 3.049686 1.665665 -1.955920 -2.878297 4.727794 -4.170584 4.993919 11.020511 0.000001 -0.000000 12.109032 -3.735715 -2.866778 0.000000 -0.000000 0.000000 1.291985 -1.928548 -1.498088 14.800115 0.567467 3.865604 14.242553 -1.341738 -6.660648 19.631935 0.143921 -0.648243 49.710732 -0.895251 -5.512188 0.353029 -1.511150 -0.031940 20.222769 3.684305 2.316629 18.787249 0.000001 -0.000001 10.751608 -0.479870 1.397903 0.000000 -0.000000 0.000000 3.273804 0.305947 -0.580110 21.486790 11.830364 2.266131 8.162915 0.000000 -0.000000 18.399052 -3.798986 -4.940567 0.000003 0.000000 -0.000001 1.805468 2.929382 -11.298899 0.040644 -0.068751 12.904995 -2.518462 2.287302 -4.823574 1.663864 -1.912821 -0.512707 0.000000 -0.000000 0.000002 -5.274886 -26.608929 -5.303930 0.011559 -0.091271 10.396729 7.056707 -10.261672 -6.153903 -1.440589 0.999034 -0.723127 0.000000 -0.000000 -0.000001
0.000000 0.000000 0.000000 0.000000 -0.000000 0.000000 2.369179 -0.215740 3.543565 0.660387 5.698876 2.808822 -1.720171 0.475616 -1.149801 -0.802732 2.042856 -5.198373 -2.911182 0.508676 21.433731 7.513858 0.133416 6.448338 -1.692591 -5.670805 -3.452632 6.791884 -8.335812 -4.173755 0.000077 -0.000022 0.000006 0.047753 -0.126527 -0.061187 0.806459 -3.845202 -10.590596 -0.709283 3.593807 -10.645193 -20.795378 -5.073996 16.125891 -49.935532 -2.838279 12.177237 -0.405073 -39.485924 -0.254340 18.409727 -5.171765 -9.383358 -5.882102 9.861279 0.702590 -10.936861 -0.360574 7.156197 0.000000 8.774815 -0.000000 -15.565728 18.294273 6.146466 -1.844031 2.498503 -2.507276 -10.163590 4.678941 4.621104 -20.975996 -0.000001 0.000001 -21.226254 2.451698 -3.593995 0.000000 -0.000006 -0.000000 -1.362681 2.240797 -0.746323 -21.334892 0.584910 3.008319 -13.821196 -0.000001 0.000001 -23.887129 -0.249075 -0.839485 -59.933792 2.678897 -1.180895 -0.294025 1.679686 0.833255 -14.218195 0.093215 1.300579 -34.212002 -0.287561 0.967166 -20.033176 0.964536 1.212838 0.000000 -0.000000 0.000000 -3.440387 0.788233 0.501655 -15.928172 -3.167306 2.999703 -6.338817 -0.000000 0.000001 -18.123419 3.648181 -4.905662 -0.000004 0.000000 -0.000002 14.484642 17.350885 17.842861 56.781437 17.303522 16.068127 -0.378208 49.738636 -0.435439 -17.437418 11.204565 -32.392757 2.243540 -5.255033 -3.180156 14.282877 -0.826594 6.952496 -0.000000 -12.690593 -0.000001 16.310530 -17.009298 2.999941 1.665665 -1.955920 -2.878297 4.727794 -4.170584 4.993919 11.020511 0.000001 -0.000000 12.109032 -3.735715 -2.866778 0.000000 -0.000000 0.000000 1.291985 -1.928548 -1.498088 14.800115 0.567467 3.865604 14.242553 -1.341738 -6.660648 19.631935 0.143921 -0.648243 49.703587 -0.868049 -5.536492 0.353029 -1.511150 -0.031940 20.222769 3.684305 2.316629 18.787249 0.000001 -0.000001 10.751608 -0.479870 1.397903 0.000000 -0.000000 0.000000 3.273804 0.305947 -0.580110 21.486790 11.830364 2.266131 8.162915 0.000000 -0.000000 18.399052 -3.798986 -4.940567 0.000003 0.000000 -0.000001 1.753005 3.301279 -10.123631 0.034994 -0.037408 12.495403 -2.473392 2.857655 -5.027940 1.663411 -1.923436 -0.492845 0.000000 -0.000000 0.000002 -5.682354 -25.967186 -4.257589 0.012674 -0.095613 9.791285 7.067009 -9.901711 -5.987401 -1.438033 0.976322 -0.741589 0.000000 -0.000000 -0.000001
0.000000 0.000000 0.000000 0.000000 -0.000000 0.000000 2.386241 -0.223789 3.839318 0.667457 4.789220 2.227993 -1.598992 0.456423 -1.768353 -0.766312 2.016169 -5.421697 -2.960092 0.364516 20.960754 7.019367 0.328294 6.186783 -1.617686 -5.068687 -3.475038 6.761719 -7.788524 -2.856290 0.000077 -0.000022 0.000006 0.040296 -0.118271 -0.061800 0.804953 -3.835256 -10.602496 -0.722516 3.600732 -10.656600 -21.478407 -4.962097 15.869445 -49.971035 -2.870487 13.025711 -0.391831 -37.685867 -0.177767 18.266912 -5.052094 -9.093450 -5.882102 9.861279 0.702590 -10.936861 -0.360574 7.156197 0.000000 8.774815 -0.000000 -15.594371 18.303980 6.138454 -1.844031 2.498503 -2.507276 -10.163590 4.678941 4.621104 -20.975996 -0.000001 0.000001 -21.226254 2.451698 -3.593995 0.000000 -0.000006 -0.000000 -1.362681 2.240797 -0.746323 -21.334892 0.584910 3.008319 -13.821196 -0.000001 0.000001 -23.887129 -0.249075 -0.839485 -59.942410 2.703018 -1.190500 -0.294025 1.679686 0.833255 -14.218195 0.093215 1.300579 -34.212002 -0.287561 0.967166 -20.033176 0.964536 1.212838 0.000000 -0.000000 0.000000 -3.440387 0.788233 0.501655 -15.928172 -3.167306 2.999703 -6.338817 -0.000000 0.000001 -18.123419 3.648181 -4.905662 -0.000004 0.000000 -0.000002 15.262003 16.936476 17.826038 56.733337 16.084736 17.072176 -0.438136 49.701061 -0.481980 -17.791079 11.103810 -31.861477 2.243540 -5.255033 -3.180156 14.282877 -0.826594 6.952496 -0.000000 -12.690593 -0.000001 16.296980 -16.980253 2.935347 1.665665 -1.955920 -2.878297 4.727794 -4.170584 4.993919 11.020511 0.000001 -0.000000 12.109032 -3.735715 -2.866778 0.000000 -0.000000 0.000000 1.291985 -1.928548 -1.498088 14.800115 0.567467 3.865604 14.242553 -1.341738 -6.660648 19.631935 0.143921 -0.648243 49.695797 -0.847258 -5.564917 0.353029 -1.511150 -0.031940 20.222769 3.684305 2.316629 18.787249 0.000001 -0.000001 10.751608 -0.479870 1.397903 0.000000 -0.000000 0.000000 3.273804 0.305947 -0.580110 21.486790 11.830364 2.266131 8.162915 0.000000 -0.000000 18.399052 -3.798986 -4.940567 0.000003 0.000000 -0.000001 1.868889 3.681916 -8.935750 0.031985 -0.002408 12.153000 -2.568048 3.339148 -5.246637 1.661301 -1.940534 -0.461996 0.000000 -0.000000 0.000002 -6.029415 -25.365683 -3.315113 0.016552 -0.098099 9.335521 7.044751 -9.559598 -5.859990 -1.438727 0.952100 -0.727273 0.000000 -0.000000 -0.000001
0.000000 0.000000 0.000000 0.000000 -0.000000 0.000000 2.347135 -0.245388 4.101308 0.666995 3.972215 1.679363 -1.458101 0.436024 -2.323191 -0.735767 1.971923 -5.624686 -2.958044 0.203664 20.567104 6.577188 0.484501 5.943878 -1.522377 -4.434454 -3.482941 6.727819 -7.289433 -1.638658 0.000077 -0.000022 0.000006 0.032375 -0.104967 -0.055237 0.803263 -3.819698 -10.609488 -0.736631 3.612143 -10.664574 -22.081331 -4.891387 15.644453 -50.026920 -2.939165 14.060570 -0.405686 -36.140533 -0.096822 18.132050 -4.873043 -8.800550 -5.882102 9.861279 0.702590 -10.936861 -0.360574 7.156197 0.000000 8.774815 -0.000000 -15.623170 18.329660 6.144148 -1.844031 2.498503 -2.507276 -10.163590 4.678941 4.621104 -20.975996 -0.000001 0.000001 -21.226254 2.451698 -3.593995 0.000000 -0.000006 -0.000000 -1.362681 2.240797 -0.746323 -21.334892 0.584910 3.008319 -13.821196 -0.000001 0.000001 -23.887129 -0.249075 -0.839485 -59.962517 2.728158 -1.176684 -0.294025 1.679686 0.833255 -14.218195 0.093215 1.300579 -34.212002 -0.287561 0.967166 -20.033176 0.964536 1.212838 0.000000 -0.000000 0.000000 -3.440387 0.788233 0.501655 -15.928172 -3.167306 2.999703 -6.338817 -0.000000 0.000001 -18.123419 3.648181 -4.905662 -0.000004 0.000000 -0.000002 16.046116 16.499054 17.737673 56.631252 14.924722 17.963263 -0.471867 49.637634 -0.495128 -18.070972 11.035844 -31.230251 2.243540 -5.255033 -3.180156 14.282877 -0.826594 6.952496 -0.000000 -12.690593 -0.000001 16.253765 -16.976791 2.887006 1.665665 -1.955920 -2.878297 4.727794 -4.170584 4.993919 11.020511 0.000001 -0.000000 12.109032 -3.735715 -2.866778 0.000000 -0.000000 0.000000 1.291985 -1.928548 -1.498088 14.800115 0.567467 3.865604 14.242553 -1.341738 -6.660648 19.631935 0.143921 -0.648243 49.693768 -0.826154 -5.595094 0.353029 -1.511150 -0.031940 20.222769 3.684305 2.316629 18.787249 0.000001 -0.000001 10.751608 -0.479870 1.397903 0.000000 -0.000000 0.000000 3.273804 0.305947 -0.580110 21.486790 11.830364 2.266131 8.162915 0.000000 -0.000000 18.399052 -3.798986 -4.940567 0.000003 0.000000 -0.000001 1.951720 4.019636 -7.936739 0.033776 0.030447 11.929737 -2.633020 3.737405 -5.460661 1.656400 -1.962061 -0.452317 0.000000 -0.000000 0.000002 -6.305909 -24.818962 -2.541616 0.021731 -0.092818 9.104003 7.017862 -9.243996 -5.847767 -1.441106 0.932639 -0.722675 0.000000 -0.000000 -0.000001
0.000000 0.000000 0.000000 0.000000 -0.000000 0.000000 2.282132 -0.274257 4.297778 0.644622 3.288640 1.196358 -1.306149 0.408192 -2.815909 -0.702913 1.915411 -5.807901 -2.902251 0.012773 20.237417 6.196603 0.608708 5.710766 -1.401965 -3.758716 -3.475683 6.680698 -6.843663 -0.508156 0.000077 -0.000022 0.000006 0.023402 -0.082754 -0.047215 0.800778 -3.795921 -10.615774 -0.752122 3.633439 -10.673300 -22.557289 -4.845870 15.433716 -50.122280 -3.081887 15.316692 -0.425474 -34.831654 -0.042053 18.023417 -4.604681 -8.359580 -5.882102 9.861279 0.702590 -10.936861 -0.360574 7.156197 0.000000 8.774815 -0.000000 -15.623101 18.365244 6.190833 -1.844031 2.498503 -2.507276 -10.163590 4.678941 4.621104 -20.975996 -0.000001 0.000001 -21.226254 2.451698 -3.593995 0.000000 -0.000006 -0.000000 -1.362681 2.240797 -0.746323 -21.334892 0.584910 3.008319 -13.821196 -0.000001 0.000001 -23.887129 -0.249075 -0.839485 -60.000462 2.793461 -1.143687 -0.294025 1.679686 0.833255 -14.218195 0.093215 1.300579 -34.212002 -0.287561 0.967166 -20.033176 0.964536 1.212838 0.000000 -0.000000 0.000000 -3.440387 0.788233 0.501655 -15.928172 -3.167306 2.999703 -6.338817 -0.000000 0.000001 -18.123419 3.648181 -4.905662 -0.000004 0.000000 -0.000002 16.820210 16.051676 17.613459 56.485882 13.858954 18.743895 -0.449903 49.515469 -0.481651 -18.329924 10.971514 -30.688078 2.243540 -5.255033 -3.180156 14.282877 -0.826594 6.952496 -0.000000 -12.690593 -0.000001 16.203407 -16.989569 2.867336 1.665665 -1.955920 -2.878297 4.727794 -4.170584 4.993919 11.020511 0.000001 -0.000000 12.109032 -3.735715 -2.866778 0.000000 -0.000000 0.000000 1.291985 -1.928548 -1.498088 14.800115 0.567467 3.865604 14.242553 -1.341738 -6.660648 19.631935 0.143921 -0.648243 49.706493 -0.793589 -5.627572 0.353029 -1.511150 -0.031940 20.222769 3.684305 2.316629 18.787249 0.000001 -0.000001 10.751608 -0.479870 1.397903 0.000000 -0.000000 0.000000 3.273804 0.305947 -0.580110 21.486790 11.830364 2.266131 8.162915 0.000000 -0.000000 18.399052 -3.798986 -4.940567 0.000003 0.000000 -0.000001 2.080335 4.285564 -7.123770 0.036950 0.044337 11.831679 -2.741502 4.046025 -5.681057 1.652298 -1.980654 -0.502854 0.000000 -0.000000 0.000002 -6.483577 -24.323929 -1.939655 0.031150 -0.087269 9.032741 7.004929 -8.973673 -5.940032 -1.444024 0.918092 -0.727626 0.000000 -0.000000 -0.000001
0.000000 0.000000 0.000000 0.000000 -0.000000 0.000000 2.179630 -0.303387 4.442542 0.602052 2.730801 0.795368 -1.163513 0.360159 -3.233618 -0.671043 1.841466 -5.960967 -2.792106 -0.191120 19.921690 5.883353 0.679312 5.484676 -1.245247 -3.080983 -3.460414 6.623199 -6.399402 0.583999 0.000077 -0.000022 0.000006 0.015028 -0.060687 -0.044548 0.800537 -3.774611 -10.623816 -0.768506 3.657131 -10.684087 -22.851168 -4.789789 15.292790 -50.327423 -3.305793 16.666748 -0.435416 -33.865074 -0.002625 17.984930 -4.278270 -7.683557 -5.882102 9.861279 0.702590 -10.936861 -0.360574 7.156197 0.000000 8.774815 -0.000000 -15.604459 18.394350 6.261888 -1.844031 2.498503 -2.507276 -10.163590 4.678941 4.621104 -20.975996 -0.000001 0.000001 -21.226254 2.451698 -3.593995 0.000000 -0.000006 -0.000000 -1.362681 2.240797 -0.746323 -21.334892 0.584910 3.008319 -13.821196 -0.000001 0.000001 -23.887129 -0.249075 -0.839485 -60.052254 2.866544 -1.090338 -0.294025 1.679686 0.833255 -14.218195 0.093215 1.300579 -34.212002 -0.287561 0.967166 -20.033176 0.964536 1.212838 0.000000 -0.000000 0.000000 -3.440387 0.788233 0.501655 -15.928172 -3.167306 2.999703 -6.338817 -0.000000 0.000001 -18.123419 3.648181 -4.905662 -0.000004 0.000000 -0.000002 17.540167 15.642851 17.486725 56.344711 12.912997 19.469109 -0.443108 49.293053 -0.476317 -18.532055 10.905588 -30.323280 2.243540 -5.255033 -3.180156 14.282877 -0.826594 6.952496 -0.000000 -12.690593 -0.000001 16.154207 -16.997419 2.873542 1.665665 -1.955920 -2.878297 4.727794 -4.170584 4.993919 11.020511 0.000001 -0.000000 12.109032 -3.735715 -2.866778 0.000000 -0.000000 0.000000 1.291985 -1.928548 -1.498088 14.800115 0.567467 3.865604 14.242553 -1.341738 -6.660648 19.631935 0.143921 -0.648243 49.722000 -0.753816 -5.652963 0.353029 -1.511150 -0.031940 20.222769 3.684305 2.316629 18.787249 0.000001 -0.000001 10.751608 -0.479870 1.397903 0.000000 -0.000000 0.000000 3.273804 0.305947 -0.580110 21.486790 11.830364 2.266131 8.162915 0.000000 -0.000000 18.399052 -3.798986 -4.940567 0.000003 0.000000 -0.000001 2.242062 4.493421 -6.492874 0.045223 0.044963 11.813082 -2.886237 4.285177 -5.882135 1.649778 -1.992636 -0.603845 0.000000 -0.000000 0.000002 -6.556267 -23.856457 -1.495650 0.037899 -0.087141 9.050128 6.988011 -8.773218 -6.076942 -1.445612 0.915695 -0.761560 0.000000 -0.000000 -0.000001
0.000000 0.000000 0.000000 0.000000 -0.000000 0.000000 2.047404 -0.322666 4.532313 0.539263 2.251426 0.460310 -1.031840 0.308845 -3.570805 -0.642432 1.740887 -6.084371 -2.635587 -0.375269 19.603540 5.662443 0.695537 5.238542 -1.092842 -2.470513 -3.444602 6.545819 -5.979525 1.644427 0.000077 -0.000022 0.000006 0.008738 -0.051745 -0.048741 0.803043 -3.767049 -10.629169 -0.783201 3.667994 -10.692153 -22.933739 -4.701352 15.212268 -50.650074 -3.489352 17.981813 -0.445908 -33.570366 0.037711 17.899536 -4.008648 -7.006113 -5.882102 9.861279 0.702590 -10.936861 -0.360574 7.156197 0.000000 8.774815 -0.000000 -15.583072 18.409418 6.299157 -1.844031 2.498503 -2.507276 -10.163590 4.678941 4.621104 -20.975996 -0.000001 0.000001 -21.226254 2.451698 -3.593995 0.000000 -0.000006 -0.000000 -1.362681 2.240797 -0.746323 -21.334892 0.584910 3.008319 -13.821196 -0.000001 0.000001 -23.887129 -0.249075 -0.839485 -60.068447 2.896178 -1.047091 -0.294025 1.679686 0.833255 -14.218195 0.093215 1.300579 -34.212002 -0.287561 0.967166 -20.033176 0.964536 1.212838 0.000000 -0.000000 0.000000 -3.440387 0.788233 0.501655 -15.928172 -3.167306 2.999703 -6.338817 -0.000000 0.000001 -18.123419 3.648181 -4.905662 -0.000004 0.000000 -0.000002 18.150450 15.289583 17.391466 56.230370 12.078182 20.136675 -0.464446 49.032333 -0.474932 -18.581938 10.857716 -30.105637 2.243540 -5.255033 -3.180156 14.282877 -0.826594 6.952496 -0.000000 -12.690593 -0.000001 16.131113 -16.999210 2.880880 1.665665 -1.955920 -2.878297 4.727794 -4.170584 4.993919 11.020511 0.000001 -0.000000 12.109032 -3.735715 -2.866778 0.000000 -0.000000 0.000000 1.291985 -1.928548 -1.498088 14.800115 0.567467 3.865604 14.242553 -1.341738 -6.660648 19.631935 0.143921 -0.648243 49.729446 -0.715699 -5.675974 0.353029 -1.511150 -0.031940 20.222769 3.684305 2.316629 18.787249 0.000001 -0.000001 10.751608 -0.479870 1.397903 0.000000 -0.000000 0.000000 3.273804 0.305947 -0.580110 21.486790 11.830364 2.266131 8.162915 0.000000 -0.000000 18.399052 -3.798986 -4.940567 0.000003 0.000000 -0.000001 2.439251 4.670961 -5.973222 0.048354 0.042094 11.777158 -3.067854 4.492336 -6.020264 1.647253 -1.997229 -0.683155 0.000000 -0.000000 0.000002 -6.530149 -23.390522 -1.133412 0.034986 -0.086229 9.011440 6.932415 -8.658102 -6.084733 -1.444393 0.920510 -0.819068 0.000000 -0.000000 -0.000001
0.000000 0.000000 0.000000 0.000000 -0.000000 0.000000 1.896033 -0.329487 4.576521 0.466918 1.865998 0.187744 -0.909411 0.257018 -3.837419 -0.619728 1.619716 -6.175386 -2.450179 -0.536226 19.270342 5.547177 0.692372 4.986346 -0.972677 -1.985680 -3.437135 6.446393 -5.616381 2.673425 0.000077 -0.000022 0.000006 0.004673 -0.051918 -0.054435 0.808116 -3.769348 -10.635625 -0.795929 3.670221 -10.701801 -22.849148 -4.607656 15.144072 -51.023094 -3.518034 19.210009 -0.432603 -34.051876 0.049155 17.729237 -3.902230 -6.482864 -5.882102 9.861279 0.702590 -10.936861 -0.360574 7.156197 0.000000 8.774815 -0.000000 -15.539273 18.436361 6.320856 -1.844031 2.498503 -2.507276 -10.163590 4.678941 4.621104 -20.975996 -0.000001 0.000001 -21.226254 2.451698 -3.593995 0.000000 -0.000006 -0.000000 -1.362681 2.240797 -0.746323 -21.334892 0.584910 3.008319 -13.821196 -0.000001 0.000001 -23.887129 -0.249075 -0.839485 -60.048885 2.901212 -1.032435 -0.294025 1.679686 0.833255 -14.218195 0.093215 1.300579 -34.212002 -0.287561 0.967166 -20.033176 0.964536 1.212838 0.000000 -0.000000 0.000000 -3.440387 0.788233 0.501655 -15.928172 -3.167306 2.999703 -6.338817 -0.000000 0.000001 -18.123419 3.648181 -4.905662 -0.000004 0.000000 -0.000002 18.664877 14.974811 17.302874 56.093121 11.293216 20.780344 -0.495810 48.823940 -0.474073 -18.502544 10.801632 -29.947029 2.243540 -5.255033 -3.180156 14.282877 -0.826594 6.952496 -0.000000 -12.690593 -0.000001 16.138493 -17.006018 2.877841 1.665665 -1.955920 -2.878297 4.727794 -4.170584 4.993919 11.020511 0.000001 -0.000000 12.109032 -3.735715 -2.866778 0.000000 -0.000000 0.000000 1.291985 -1.928548 -1.498088 14.800115 0.567467 3.865604 14.242553 -1.341738 -6.660648 19.631935 0.143921 -0.648243 49.717964 -0.681225 -5.704924 0.353029 -1.511150 -0.031940 20.222769 3.684305 2.316629 18.787249 0.000001 -0.000001 10.751608 -0.479870 1.397903 0.000000 -0.000000 0.000000 3.273804 0.305947 -0.580110 21.486790 11.830364 2.266131 8.162915 0.000000 -0.000000 18.399052 -3.798986 -4.940567 0.000003 0.000000 -0.000001 2.661966 4.829768 -5.536451 0.041338 0.041027 11.684922 -3.265537 4.655405 -6.077250 1.644583 -1.997968 -0.739740 0.000000 -0.000000 0.000002 -6.435421 -22.936743 -0.810739 0.029148 -0.094056 8.868616 6.843998 -8.606817 -6.087202 -1.442558 0.926845 -0.861281 0.000000 -0.000000 -0.000001
0.000000 0.000000 0.000000 0.000000 -0.000000 0.000000 1.714444 -0.327984 4.589505 0.386097 1.561542 -0.046577 -0.785232 0.203497 -4.048282 -0.604116 1.499157 -6.241717 -2.241913 -0.688075 18.923260 5.505172 0.695571 4.748989 -0.889841 -1.621526 -3.438601 6.355061 -5.315870 3.690000 0.000077 -0.000022 0.000006 0.003411 -0.057755 -0.056895 0.815545 -3.775938 -10.642406 -0.805396 3.665243 -10.712669 -22.669554 -4.523920 15.050718 -51.327686 -3.351135 20.501949 -0.349506 -35.222122 0.030476 17.424728 -4.029710 -6.135898 -5.882102 9.861279 0.702590 -10.936861 -0.360574 7.156197 0.000000 8.774815 -0.000000 -15.481297 18.472795 6.356565 -1.844031 2.498503 -2.507276 -10.163590 4.678941 4.621104 -20.975996 -0.000001 0.000001 -21.226254 2.451698 -3.593995 0.000000 -0.000006 -0.000000 -1.362681 2.240797 -0.746323 -21.334892 0.584910 3.008319 -13.821196 -0.000001 0.000001 -23.887129 -0.249075 -0.839485 -60.071030 2.883616 -1.021006 -0.294025 1.679686 0.833255 -14.218195 0.093215 1.300579 -34.212002 -0.287561 0.967166 -20.033176 0.964536 1.212838 0.000000 -0.000000 0.000000 -3.440387 0.788233 0.501655 -15.928172 -3.167306 2.999703 -6.338817 -0.000000 0.000001 -18.123419 3.648181 -4.905662 -0.000004 0.000000 -0.000002 19.121784 14.701648 17.204884 55.881535 10.499866 21.405546 -0.472795 48.701050 -0.426869 -18.357021 10.730532 -29.883957 2.243540 -5.255033 -3.180156 14.282877 -0.826594 6.952496 -0.000000 -12.690593 -0.000001 16.160601 -17.006414 2.867237 1.665665 -1.955920 -2.878297 4.727794 -4.170584 4.993919 11.020511 0.000001 -0.000000 12.109032 -3.735715 -2.866778 0.000000 -0.000000 0.000000 1.291985 -1.928548 -1.498088 14.800115 0.567467 3.865604 14.242553 -1.341738 -6.660648 19.631935 0.143921 -0.648243 49.682667 -0.653589 -5.718849 0.353029 -1.511150 -0.031940 20.222769 3.684305 2.316629 18.787249 0.000001 -0.000001 10.751608 -0.479870 1.397903 0.000000 -0.000000 0.000000 3.273804 0.305947 -0.580110 21.486790 11.830364 2.266131 8.162915 0.000000 -0.000000 18.399052 -3.798986 -4.940567 0.000003 0.000000 -0.000001 2.905710 4.984269 -5.149348 0.029285 0.046683 11.547940 -3.464163 4.759673 -6.076642 1.643639 -1.995322 -0.790607 0.000000 -0.000000 0.000002 -6.274129 -22.431166 -0.505693 0.019404 -0.117810 8.650496 6.729178 -8.647264 -6.063052 -1.440926 0.931169 -0.903969 0.000000 -0.000000 -0.000001
0.000000 0.000000 0.000000 0.000000 -0.000000 0.000000 1.521368 -0.324253 4.587170 0.302535 1.325807 -0.250589 -0.653001 0.151302 -4.220394 -0.586403 1.396606 -6.293601 -2.036779 -0.830876 18.588264 5.496783 0.700618 4.580516 -0.834535 -1.343736 -3.438997 6.277057 -5.092403 4.626521 0.000077 -0.000022 0.000006 0.002260 -0.061117 -0.055261 0.819563 -3.777704 -10.641408 -0.811360 3.660546 -10.713835 -22.461065 -4.449363 14.921769 -51.504189 -3.072065 21.899164 -0.157517 -36.686100 -0.038497 16.962467 -4.292969 -6.064379 -5.882102 9.861279 0.702590 -10.936861 -0.360574 7.156197 0.000000 8.774815 -0.000000 -15.422371 18.492065 6.420759 -1.844031 2.498503 -2.507276 -10.163590 4.678941 4.621104 -20.975996 -0.000001 0.000001 -21.226254 2.451698 -3.593995 0.000000 -0.000006 -0.000000 -1.362681 2.240797 -0.746323 -21.334892 0.584910 3.008319 -13.821196 -0.000001 0.000001 -23.887129 -0.249075 -0.839485 -60.166828 2.859019 -0.974234 -0.294025 1.679686 0.833255 -14.218195 0.093215 1.300579 -34.212002 -0.287561 0.967166 -20.033176 0.964536 1.212838 0.000000 -0.000000 0.000000 -3.440387 0.788233 0.501655 -15.928172 -3.167306 2.999703 -6.338817 -0.000000 0.000001 -18.123419 3.648181 -4.905662 -0.000004 0.000000 -0.000002 19.489126 14.483771 17.109037 55.633144 9.741757 21.959370 -0.345813 48.615456 -0.308548 -18.211153 10.664519 -29.933891 2.243540 -5.255033 -3.180156 14.282877 -0.826594 6.952496 -0.000000 -12.690593 -0.000001 16.173935 -17.000944 2.853365 1.665665 -1.955920 -2.878297 4.727794 -4.170584 4.993919 11.020511 0.000001 -0.000000 12.109032 -3.735715 -2.866778 0.000000 -0.000000 0.000000 1.291985 -1.928548 -1.498088 14.800115 0.567467 3.865604 14.242553 -1.341738 -6.660648 19.631935 0.143921 -0.648243 49.611874 -0.641710 -5.716388 0.353029 -1.511150 -0.031940 20.222769 3.684305 2.316629 18.787249 0.000001 -0.000001 10.751608 -0.479870 1.397903 0.000000 -0.000000 0.000000 3.273804 0.305947 -0.580110 21.486790 11.830364 2.266131 8.162915 0.000000 -0.000000 18.399052 -3.798986 -4.940567 0.000003 0.000000 -0.000001 3.154366 5.132214 -4.819636 0.017512 0.052622 11.409646 -3.656792 4.810017 -6.049723 1.644885 -1.993723 -0.840962 0.000000 -0.000000 0.000002 -6.077653 -21.920765 -0.226933 0.007432 -0.154185 8.418483 6.567136 -8.770421 -6.032488 -1.440845 0.924493 -0.953088 0.000000 -0.000000 -0.000001
0.000000 0.000000 0.000000 0.000000 -0.000000 0.000000 1.327655 -0.324634 4.573443 0.231533 1.131299 -0.452066 -0.520648 0.110709 -4.367753 -0.565370 1.296538 -6.335625 -1.841822 -0.942779 18.283665 5.506472 0.673470 4.504973 -0.795972 -1.120030 -3.436228 6.188215 -4.933230 5.465792 0.000077 -0.000022 0.000006 0.000582 -0.062279 -0.050491 0.818579 -3.777675 -10.636085 -0.813571 3.658648 -10.707954 -22.306862 -4.405347 14.811549 -51.547668 -2.847860 23.164240 0.041634 -37.894547 -0.096106 16.569708 -4.513399 -6.116072 -5.882102 9.861279 0.702590 -10.936861 -0.360574 7.156197 0.000000 8.774815 -0.000000 -15.339012 18.504404 6.495253 -1.844031 2.498503 -2.507276 -10.163590 4.678941 4.621104 -20.975996 -0.000001 0.000001 -21.226254 2.451698 -3.593995 0.000000 -0.000006 -0.000000 -1.362681 2.240797 -0.746323 -21.334892 0.584910 3.008319 -13.821196 -0.000001 0.000001 -23.887129 -0.249075 -0.839485 -60.228874 2.837938 -0.930502 -0.294025 1.679686 0.833255 -14.218195 0.093215 1.300579 -34.212002 -0.287561 0.967166 -20.033176 0.964536 1.212838 0.000000 -0.000000 0.000000 -3.440387 0.788233 0.501655 -15.928172 -3.167306 2.999703 -6.338817 -0.000000 0.000001 -18.123419 3.648181 -4.905662 -0.000004 0.000000 -0.000002 19.760519 14.298067 16.990685 55.376446 9.051408 22.542444 -0.196707 48.436661 -0.187796 -18.025965 10.577317 -29.839577 2.243540 -5.255033 -3.180156 14.282877 -0.826594 6.952496 -0.000000 -12.690593 -0.000001 16.142708 -17.003967 2.849249 1.665665 -1.955920 -2.878297 4.727794 -4.170584 4.993919 11.020511 0.000001 -0.000000 12.109032 -3.735715 -2.866778 0.000000 -0.000000 0.000000 1.291985 -1.928548 -1.498088 14.800115 0.567467 3.865604 14.242553 -1.341738 -6.660648 19.631935 0.143921 -0.648243 49.544029 -0.635456 -5.722528 0.353029 -1.511150 -0.031940 20.222769 3.684305 2.316629 18.787249 0.000001 -0.000001 10.751608 -0.479870 1.397903 0.000000 -0.000000 0.000000 3.273804 0.305947 -0.580110 21.486790 11.830364 2.266131 8.162915 0.000000 -0.000000 18.399052 -3.798986 -4.940567 0.000003 0.000000 -0.000001 3.387287 5.259539 -4.516364 0.010953 0.058792 11.293097 -3.843634 4.832332 -6.021154 1.646596 -1.990907 -0.884099 0.000000 -0.000000 0.000002 -5.895820 -21.482168 0.007772 -0.002259 -0.181470 8.283126 6.405153 -8.888635 -6.037888 -1.442090 0.910532 -1.000147 0.000000 -0.000000 -0.000001
0.000000 0.000000 0.000000 0.000000 -0.000000 0.000000 1.138550 -0.328777 4.557353 0.175714 0.947222 -0.670477 -0.394398 0.080983 -4.500691 -0.540348 1.200718 -6.371292 -1.662129 -1.037108 18.029991 5.531580 0.626060 4.496920 -0.773168 -0.951720 -3.430834 6.077161 -4.809605 6.258737 0.000077 -0.000022 0.000006 0.000163 -0.065142 -0.047432 0.815900 -3.780809 -10.636052 -0.811685 3.656564 -10.705975 -22.257275 -4.374004 14.748921 -51.444645 -2.718464 24.219828 0.219153 -38.649685 -0.154783 16.358192 -4.639265 -6.199123 -5.882102 9.861279 0.702590 -10.936861 -0.360574 7.156197 0.000000 8.774815 -0.000000 -15.222096 18.512314 6.568569 -1.844031 2.498503 -2.507276 -10.163590 4.678941 4.621104 -20.975996 -0.000001 0.000001 -21.226254 2.451698 -3.593995 0.000000 -0.000006 -0.000000 -1.362681 2.240797 -0.746323 -21.334892 0.584910 3.008319 -13.821196 -0.000001 0.000001 -23.887129 -0.249075 -0.839485 -60.195091 2.815036 -0.902233 -0.294025 1.679686 0.833255 -14.218195 0.093215 1.300579 -34.212002 -0.287561 0.967166 -20.033176 0.964536 1.212838 0.000000 -0.000000 0.000000 -3.440387 0.788233 0.501655 -15.928172 -3.167306 2.999703 -6.338817 -0.000000 0.000001 -18.123419 3.648181 -4.905662 -0.000004 0.000000 -0.000002 19.966019 14.148144 16.836655 55.095222 8.423489 23.237375 -0.103219 48.128002 -0.111614 -17.784058 10.481462 -29.565157 2.243540 -5.255033 -3.180156 14.282877 -0.826594 6.952496 -0.000000 -12.690593 -0.000001 16.090387 -17.008926 2.846539 1.665665 -1.955920 -2.878297 4.727794 -4.170584 4.993919 11.020511 0.000001 -0.000000 12.109032 -3.735715 -2.866778 0.000000 -0.000000 0.000000 1.291985 -1.928548 -1.498088 14.800115 0.567467 3.865604 14.242553 -1.341738 -6.660648 19.631935 0.143921 -0.648243 49.512928 -0.626805 -5.738322 0.353029 -1.511150 -0.031940 20.222769 3.684305 2.316629 18.787249 0.000001 -0.000001 10.751608 -0.479870 1.397903 0.000000 -0.000000 0.000000 3.273804 0.305947 -0.580110 21.486790 11.830364 2.266131 8.162915 0.000000 -0.000000 18.399052 -3.798986 -4.940567 0.000003 0.000000 -0.000001 3.595361 5.387638 -4.197398 0.011580 0.062369 11.174998 -3.998814 4.833841 -5.990362 1.648173 -1.986173 -0.919732 0.000000 -0.000000 0.000002 -5.748335 -21.127148 0.231126 -0.008942 -0.192575 8.223349 6.243940 -8.944794 -6.066894 -1.442704 0.895809 -1.044713 0.000000 -0.000000 -0.000001
0.000000 0.000000 0.000000 0.000000 -0.000000 0.000000 0.965858 -0.335728 4.537845 0.119534 0.769444 -0.908265 -0.267247 0.050149 -4.625637 -0.512196 1.109778 -6.398224 -1.492072 -1.117596 17.812901 5.550071 0.561663 4.542464 -0.748048 -0.800474 -3.422407 5.953940 -4.675843 7.047023 0.000077 -0.000022 0.000006 0.000289 -0.070051 -0.046464 0.813215 -3.787066 -10.640041 -0.808629 3.653012 -10.706363 -22.294048 -4.357413 14.699356 -51.224453 -2.636091 25.079596 0.338807 -38.945568 -0.205847 16.218687 -4.701149 -6.209610 -5.882102 9.861279 0.702590 -10.936861 -0.360574 7.156197 0.000000 8.774815 -0.000000 -15.141717 18.522942 6.611935 -1.844031 2.498503 -2.507276 -10.163590 4.678941 4.621104 -20.975996 -0.000001 0.000001 -21.226254 2.451698 -3.593995 0.000000 -0.000006 -0.000000 -1.362681 2.240797 -0.746323 -21.334892 0.584910 3.008319 -13.821196 -0.000001 0.000001 -23.887129 -0.249075 -0.839485 -60.132298 2.789058 -0.900270 -0.294025 1.679686 0.833255 -14.218195 0.093215 1.300579 -34.212002 -0.287561 0.967166 -20.033176 0.964536 1.212838 0.000000 -0.000000 0.000000 -3.440387 0.788233 0.501655 -15.928172 -3.167306 2.999703 -6.338817 -0.000000 0.000001 -18.123419 3.648181 -4.905662 -0.000004 0.000000 -0.000002 20.143435 14.015647 16.671791 54.752205 7.881714 24.127684 -0.126590 47.674854 -0.103471 -17.420595 10.388642 -29.108801 2.243540 -5.255033 -3.180156 14.282877 -0.826594 6.952496 -0.000000 -12.690593 -0.000001 16.053789 -17.028351 2.851099 1.665665 -1.955920 -2.878297 4.727794 -4.170584 4.993919 11.020511 0.000001 -0.000000 12.109032 -3.735715 -2.866778 0.000000 -0.000000 0.000000 1.291985 -1.928548 -1.498088 14.800115 0.567467 3.865604 14.242553 -1.341738 -6.660648 19.631935 0.143921 -0.648243 49.520668 -0.634196 -5.755096 0.353029 -1.511150 -0.031940 20.222769 3.684305 2.316629 18.787249 0.000001 -0.000001 10.751608 -0.479870 1.397903 0.000000 -0.000000 0.000000 3.273804 0.305947 -0.580110 21.486790 11.830364 2.266131 8.162915 0.000000 -0.000000 18.399052 -3.798986 -4.940567 0.000003 0.000000 -0.000001 3.799319 5.515816 -3.870267 0.014333 0.062849 11.081370 -4.151440 4.810191 -5.970402 1.647474 -1.983233 -0.942604 0.000000 -0.000000 0.000002 -5.621687 -20.802608 0.475036 -0.011254 -0.191982 8.169822 6.074295 -8.998845 -6.089570 -1.441941 0.879297 -1.085701 0.000000 -0.000000 -0.000001
0.000000 0.000000 0.000000 0.000000 -0.000000 0.000000 0.814656 -0.344303 4.524038 0.063929 0.610511 -1.176202 -0.147210 0.016434 -4.737527 -0.485999 1.020503 -6.422482 -1.336861 -1.187643 17.638912 5.556072 0.484103 4.635693 -0.717406 -0.651391 -3.410865 5.824910 -4.546937 7.813776 0.000077 -0.000022 0.000006 -0.001457 -0.065217 -0.047924 0.809491 -3.783998 -10.651528 -0.808205 3.658922 -10.714338 -22.387325 -4.346027 14.691813 -50.933117 -2.670854 25.809904 0.416695 -38.696236 -0.253753 16.075573 -4.623681 -6.086339 -5.882102 9.861279 0.702590 -10.936861 -0.360574 7.156197 0.000000 8.774815 -0.000000 -15.112294 18.529797 6.632662 -1.844031 2.498503 -2.507276 -10.163590 4.678941 4.621104 -20.975996 -0.000001 0.000001 -21.226254 2.451698 -3.593995 0.000000 -0.000006 -0.000000 -1.362681 2.240797 -0.746323 -21.334892 0.584910 3.008319 -13.821196 -0.000001 0.000001 -23.887129 -0.249075 -0.839485 -60.086617 2.771475 -0.910188 -0.294025 1.679686 0.833255 -14.218195 0.093215 1.300579 -34.212002 -0.287561 0.967166 -20.033176 0.964536 1.212838 0.000000 -0.000000 0.000000 -3.440387 0.788233 0.501655 -15.928172 -3.167306 2.999703 -6.338817 -0.000000 0.000001 -18.123419 3.648181 -4.905662 -0.000004 0.000000 -0.000002 20.344067 13.868238 16.520588 54.346981 7.450218 25.140570 -0.246403 47.074272 -0.161412 -16.945839 10.298152 -28.418646 2.243540 -5.255033 -3.180156 14.282877 -0.826594 6.952496 -0.000000 -12.690593 -0.000001 16.040590 -17.063461 2.867383 1.665665 -1.955920 -2.878297 4.727794 -4.170584 4.993919 11.020511 0.000001 -0.000000 12.109032 -3.735715 -2.866778 0.000000 -0.000000 0.000000 1.291985 -1.928548 -1.498088 14.800115 0.567467 3.865604 14.242553 -1.341738 -6.660648 19.631935 0.143921 -0.648243 49.571659 -0.659020 -5.776807 0.353029 -1.511150 -0.031940 20.222769 3.684305 2.316629 18.787249 0.000001 -0.000001 10.751608 -0.479870 1.397903 0.000000 -0.000000 0.000000 3.273804 0.305947 -0.580110 21.486790 11.830364 2.266131 8.162915 0.000000 -0.000000 18.399052 -3.798986 -4.940567 0.000003 0.000000 -0.000001 4.002593 5.657710 -3.511396 0.014209 0.056505 10.994523 -4.321969 4.749109 -5.955835 1.646762 -1.981925 -0.956680 0.000000 -0.000000 0.000002 -5.526351 -20.493208 0.783809 -0.007676 -0.187879 8.070889 5.927466 -9.065050 -6.095343 -1.439428 0.868715 -1.100443 0.000000 -0.000000 -0.000001
0.000000 0.000000 0.000000 0.000000 -0.000000 0.000000 0.698607 -0.352268 4.514666 0.007847 0.417335 -1.469339 -0.041856 -0.008387 -4.843840 -0.464402 0.929632 -6.457049 -1.196251 -1.277231 17.517004 5.575710 0.424963 4.754473 -0.680861 -0.500308 -3.395774 5.696485 -4.399125 8.556977 0.000077 -0.000022 0.000006 -0.004675 -0.053108 -0.051306 0.806092 -3.773807 -10.669408 -0.810882 3.671679 -10.727797 -22.572527 -4.318954 14.711027 -50.584312 -2.785188 26.459866 0.478314 -37.941456 -0.296663 15.942316 -4.396324 -5.827010 -5.882102 9.861279 0.702590 -10.936861 -0.360574 7.156197 0.000000 8.774815 -0.000000 -15.131463 18.534412 6.644132 -1.844031 2.498503 -2.507276 -10.163590 4.678941 4.621104 -20.975996 -0.000001 0.000001 -21.226254 2.451698 -3.593995 0.000000 -0.000006 -0.000000 -1.362681 2.240797 -0.746323 -21.334892 0.584910 3.008319 -13.821196 -0.000001 0.000001 -23.887129 -0.249075 -0.839485 -60.089138 2.759497 -0.904057 -0.294025 1.679686 0.833255 -14.218195 0.093215 1.300579 -34.212002 -0.287561 0.967166 -20.033176 0.964536 1.212838 0.000000 -0.000000 0.000000 -3.440387 0.788233 0.501655 -15.928172 -3.167306 2.999703 -6.338817 -0.000000 0.000001 -18.123419 3.648181 -4.905662 -0.000004 0.000000 -0.000002 20.640791 13.693170 16.385103 53.875122 7.103613 26.100174 -0.433059 46.301804 -0.249774 -16.399979 10.245545 -27.670826 2.243540 -5.255033 -3.180156 14.282877 -0.826594 6.952496 -0.000000 -12.690593 -0.000001 16.045660 -17.098581 2.876832 1.665665 -1.955920 -2.878297 4.727794 -4.170584 4.993919 11.020511 0.000001 -0.000000 12.109032 -3.735715 -2.866778 0.000000 -0.000000 0.000000 1.291985 -1.928548 -1.498088 14.800115 0.567467 3.865604 14.242553 -1.341738 -6.660648 19.631935 0.143921 -0.648243 49.638233 -0.673126 -5.798182 0.353029 -1.511150 -0.031940 20.222769 3.684305 2.316629 18.787249 0.000001 -0.000001 10.751608 -0.479870 1.397903 0.000000 -0.000000 0.000000 3.273804 0.305947 -0.580110 21.486790 11.830364 2.266131 8.162915 0.000000 -0.000000 18.399052 -3.798986 -4.940567 0.000003 0.000000 -0.000001 4.212398 5.809000 -3.093456 0.011477 0.050935 10.879951 -4.494048 4.661321 -5.939611 1.646618 -1.985183 -0.998471 0.000000 -0.000000 0.000002 -5.450608 -20.192791 1.147885 -0.003683 -0.184119 7.914611 5.833527 -9.101463 -6.077199 -1.435048 0.859194 -1.111209 0.000000 -0.000000 -0.000001
0.000000 0.000000 0.000000 0.000000 -0.000000 0.000000 0.600368 -0.364307 4.529143 -0.062939 0.207099 -1.755910 0.048925 -0.021524 -4.949368 -0.445776 0.844518 -6.499978 -1.066992 -1.385863 17.437986 5.621589 0.364812 4.870184 -0.638817 -0.292734 -3.386792 5.549453 -4.244650 9.210793 0.000077 -0.000022 0.000006 -0.008921 -0.037609 -0.054705 0.801587 -3.760844 -10.692150 -0.814517 3.688553 -10.746311 -22.849079 -4.273856 14.744051 -50.205021 -2.926652 26.998697 0.507348 -36.835453 -0.321420 15.802488 -4.090914 -5.409131 -5.882102 9.861279 0.702590 -10.936861 -0.360574 7.156197 0.000000 8.774815 -0.000000 -15.171075 18.549994 6.655617 -1.844031 2.498503 -2.507276 -10.163590 4.678941 4.621104 -20.975996 -0.000001 0.000001 -21.226254 2.451698 -3.593995 0.000000 -0.000006 -0.000000 -1.362681 2.240797 -0.746323 -21.334892 0.584910 3.008319 -13.821196 -0.000001 0.000001 -23.887129 -0.249075 -0.839485 -60.134037 2.765833 -0.902826 -0.294025 1.679686 0.833255 -14.218195 0.093215 1.300579 -34.212002 -0.287561 0.967166 -20.033176 0.964536 1.212838 0.000000 -0.000000 0.000000 -3.440387 0.788233 0.501655 -15.928172 -3.167306 2.999703 -6.338817 -0.000000 0.000001 -18.123419 3.648181 -4.905662 -0.000004 0.000000 -0.000002 21.054609 13.478261 16.250713 53.406727 6.814188 26.774668 -0.635133 45.312790 -0.357688 -15.903331 10.210608 -27.087702 2.243540 -5.255033 -3.180156 14.282877 -0.826594 6.952496 -0.000000 -12.690593 -0.000001 16.050661 -17.128212 2.878884 1.665665 -1.955920 -2.878297 4.727794 -4.170584 4.993919 11.020511 0.000001 -0.000000 12.109032 -3.735715 -2.866778 0.000000 -0.000000 0.000000 1.291985 -1.928548 -1.498088 14.800115 0.567467 3.865604 14.242553 -1.341738 -6.660648 19.631935 0.143921 -0.648243 49.689495 -0.665514 -5.824634 0.353029 -1.511150 -0.031940 20.222769 3.684305 2.316629 18.787249 0.000001 -0.000001 10.751608 -0.479870 1.397903 0.000000 -0.000000 0.000000 3.273804 0.305947 -0.580110 21.486790 11.830364 2.266131 8.162915 0.000000 -0.000000 18.399052 -3.798986 -4.940567 0.000003 0.000000 -0.000001 4.342743 5.930219 -2.698541 0.006927 0.046970 10.824472 -4.548559 4.586907 -6.013180 1.645362 -1.985573 -1.058061 0.000000 -0.000000 0.000002 -5.371410 -19.923990 1.531066 -0.002412 -0.178376 7.733695 5.776711 -9.124373 -6.057443 -1.431366 0.854755 -1.116594 0.000000 -0.000000 -0.000001
0.000000 0.000000 0.000000 0.000000 -0.000000 0.000000 0.506133 -0.381664 4.566902 -0.142972 -0.011352 -1.997050 0.116882 -0.025134 -5.059557 -0.424584 0.760731 -6.546033 -0.941179 -1.490899 17.372623 5.680133 0.307260 4.916279 -0.577668 -0.050513 -3.379087 5.394631 -4.072128 9.754866 0.000077 -0.000022 0.000006 -0.012278 -0.024445 -0.053277 0.799320 -3.749723 -10.711535 -0.818801 3.703173 -10.762310 -23.200191 -4.217323 14.731958 -49.853188 -3.007791 27.399839 0.517241 -35.537125 -0.325824 15.685208 -3.802686 -4.905125 -5.882102 9.861279 0.702590 -10.936861 -0.360574 7.156197 0.000000 8.774815 -0.000000 -15.211743 18.564407 6.674564 -1.844031 2.498503 -2.507276 -10.163590 4.678941 4.621104 -20.975996 -0.000001 0.000001 -21.226254 2.451698 -3.593995 0.000000 -0.000006 -0.000000 -1.362681 2.240797 -0.746323 -21.334892 0.584910 3.008319 -13.821196 -0.000001 0.000001 -23.887129 -0.249075 -0.839485 -60.194820 2.799836 -0.899167 -0.294025 1.679686 0.833255 -14.218195 0.093215 1.300579 -34.212002 -0.287561 0.967166 -20.033176 0.964536 1.212838 0.000000 -0.000000 0.000000 -3.440387 0.788233 0.501655 -15.928172 -3.167306 2.999703 -6.338817 -0.000000 0.000001 -18.123419 3.648181 -4.905662 -0.000004 0.000000 -0.000002 21.608349 13.216711 16.107729 52.971928 6.529757 26.999168 -0.749574 44.082928 -0.445144 -15.660507 10.153778 -26.814468 2.243540 -5.255033 -3.180156 14.282877 -0.826594 6.952496 -0.000000 -12.690593 -0.000001 16.041754 -17.139402 2.878360 1.665665 -1.955920 -2.878297 4.727794 -4.170584 4.993919 11.020511 0.000001 -0.000000 12.109032 -3.735715 -2.866778 0.000000 -0.000000 0.000000 1.291985 -1.928548 -1.498088 14.800115 0.567467 3.865604 14.242553 -1.341738 -6.660648 19.631935 0.143921 -0.648243 49.686436 -0.650652 -5.847463 0.353029 -1.511150 -0.031940 20.222769 3.684305 2.316629 18.787249 0.000001 -0.000001 10.751608 -0.479870 1.397903 0.000000 -0.000000 0.000000 3.273804 0.305947 -0.580110 21.486790 11.830364 2.266131 8.162915 0.000000 -0.000000 18.399052 -3.798986 -4.940567 0.000003 0.000000 -0.000001 4.552036 6.032460 -2.374297 0.004233 0.039414 10.850718 -4.666118 4.546598 -6.102033 1.644924 -1.979833 -1.117750 0.000000 -0.000000 0.000002 -5.283283 -19.716770 1.851493 0.004386 -0.175855 7.616357 5.730291 -9.080029 -6.068947 -1.430124 0.854174 -1.117179 0.000000 -0.000000 -0.000001
0.000000 0.000000 0.000000 0.000000 -0.000000 0.000000 0.383676 -0.401279 4.620949 -0.219543 -0.234257 -2.182651 0.156226 -0.041377 -5.187704 -0.404655 0.673457 -6.586164 -0.819805 -1.575899 17.305836 5.749701 0.254975 4.818520 -0.511082 0.182019 -3.369227 5.243130 -3.878628 10.176162 0.000077 -0.000022 0.000006 -0.016270 -0.013161 -0.049339 0.798022 -3.739228 -10.727427 -0.825456 3.715471 -10.774972 -23.586548 -4.135757 14.666793 -49.593250 -2.963868 27.589211 0.512105 -34.236370 -0.297253 15.618437 -3.632106 -4.512614 -5.882102 9.861279 0.702590 -10.936861 -0.360574 7.156197 0.000000 8.774815 -0.000000 -15.248488 18.562937 6.689701 -1.844031 2.498503 -2.507276 -10.163590 4.678941 4.621104 -20.975996 -0.000001 0.000001 -21.226254 2.451698 -3.593995 0.000000 -0.000006 -0.000000 -1.362681 2.240797 -0.746323 -21.334892 0.584910 3.008319 -13.821196 -0.000001 0.000001 -23.887129 -0.249075 -0.839485 -60.244743 2.819845 -0.877201 -0.294025 1.679686 0.833255 -14.218195 0.093215 1.300579 -34.212002 -0.287561 0.967166 -20.033176 0.964536 1.212838 0.000000 -0.000000 0.000000 -3.440387 0.788233 0.501655 -15.928172 -3.167306 2.999703 -6.338817 -0.000000 0.000001 -18.123419 3.648181 -4.905662 -0.000004 0.000000 -0.000002 22.259092 12.929610 15.961498 52.659569 6.228982 26.699621 -0.748037 42.507626 -0.469496 -15.664301 10.028900 -26.781704 2.243540 -5.255033 -3.180156 14.282877 -0.826594 6.952496 -0.000000 -12.690593 -0.000001 16.016277 -17.148500 2.884202 1.665665 -1.955920 -2.878297 4.727794 -4.170584 4.993919 11.020511 0.000001 -0.000000 12.109032 -3.735715 -2.866778 0.000000 -0.000000 0.000000 1.291985 -1.928548 -1.498088 14.800115 0.567467 3.865604 14.242553 -1.341738 -6.660648 19.631935 0.143921 -0.648243 49.663105 -0.639906 -5.840640 0.353029 -1.511150 -0.031940 20.222769 3.684305 2.316629 18.787249 0.000001 -0.000001 10.751608 -0.479870 1.397903 0.000000 -0.000000 0.000000 3.273804 0.305947 -0.580110 21.486790 11.830364 2.266131 8.162915 0.000000 -0.000000 18.399052 -3.798986 -4.940567 0.000003 0.000000 -0.000001 4.753474 6.117044 -2.115028 0.007406 0.031397 10.908021 -4.776160 4.580770 -6.211091 1.645967 -1.980865 -1.157266 0.000000 -0.000000 0.000002 -5.186428 -19.560965 2.081076 0.012762 -0.175041 7.584115 5.649672 -8.958184 -6.111010 -1.430277 0.858834 -1.129824 0.000000 -0.000000 -0.000001
0.000000 0.000000 0.000000 0.000000 -0.000000 0.000000 0.265940 -0.409588 4.676917 -0.272089 -0.422156 -2.286540 0.164925 -0.067613 -5.327994 -0.393204 0.598846 -6.622169 -0.726362 -1.644302 17.244429 5.811003 0.238076 4.555474 -0.458145 0.344021 -3.358139 5.104105 -3.688747 10.357671 0.000077 -0.000022 0.000006 -0.020866 -0.003651 -0.047120 0.797677 -3.728319 -10.733522 -0.834348 3.724155 -10.777243 -23.896362 -4.023076 14.591483 -49.454079 -2.857857 27.634598 0.498888 -33.250992 -0.256452 15.587286 -3.560923 -4.311189 -5.882102 9.861279 0.702590 -10.936861 -0.360574 7.156197 0.000000 8.774815 -0.000000 -15.287207 18.551605 6.666243 -1.844031 2.498503 -2.507276 -10.163590 4.678941 4.621104 -20.975996 -0.000001 0.000001 -21.226254 2.451698 -3.593995 0.000000 -0.000006 -0.000000 -1.362681 2.240797 -0.746323 -21.334892 0.584910 3.008319 -13.821196 -0.000001 0.000001 -23.887129 -0.249075 -0.839485 -60.270962 2.821029 -0.872157 -0.294025 1.679686 0.833255 -14.218195 0.093215 1.300579 -34.212002 -0.287561 0.967166 -20.033176 0.964536 1.212838 0.000000 -0.000000 0.000000 -3.440387 0.788233 0.501655 -15.928172 -3.167306 2.999703 -6.338817 -0.000000 0.000001 -18.123419 3.648181 -4.905662 -0.000004 0.000000 -0.000002 22.900713 12.659019 15.845641 52.496193 5.922560 26.005018 -0.646636 40.685719 -0.428368 -15.742712 9.829731 -26.803328 2.243540 -5.255033 -3.180156 14.282877 -0.826594 6.952496 -0.000000 -12.690593 -0.000001 15.998147 -17.152353 2.882355 1.665665 -1.955920 -2.878297 4.727794 -4.170584 4.993919 11.020511 0.000001 -0.000000 12.109032 -3.735715 -2.866778 0.000000 -0.000000 0.000000 1.291985 -1.928548 -1.498088 14.800115 0.567467 3.865604 14.242553 -1.341738 -6.660648 19.631935 0.143921 -0.648243 49.653660 -0.629110 -5.805665 0.353029 -1.511150 -0.031940 20.222769 3.684305 2.316629 18.787249 0.000001 -0.000001 10.751608 -0.479870 1.397903 0.000000 -0.000000 0.000000 3.273804 0.305947 -0.580110 21.486790 11.830364 2.266131 8.162915 0.000000 -0.000000 18.399052 -3.798986 -4.940567 0.000003 0.000000 -0.000001 4.908978 6.174539 -1.897260 0.014747 0.029604 10.856575 -4.845425 4.637188 -6.254987 1.648098 -1.982453 -1.184099 0.000000 -0.000000 0.000002 -5.092239 -19.454653 2.252543 0.016274 -0.174153 7.493705 5.548739 -8.840803 -6.117482 -1.430072 0.864273 -1.158021 0.000000 -0.000000 -0.000001
0.000000 0.000000 0.000000 0.000000 -0.000000 0.000000 0.155156 -0.404445 4.727401 -0.304267 -0.542582 -2.329547 0.152947 -0.092251 -5.463463 -0.388682 0.536790 -6.649360 -0.649845 -1.685615 17.169937 5.825038 0.252278 4.132005 -0.424968 0.430884 -3.357408 4.964645 -3.510900 10.318178 0.000077 -0.000022 0.000006 -0.024429 0.001455 -0.048350 0.798997 -3.721144 -10.736861 -0.842834 3.727844 -10.776676 -24.099398 -3.911321 14.532268 -49.403835 -2.756220 27.579882 0.446746 -32.608898 -0.205363 15.529065 -3.529876 -4.135624 -5.882102 9.861279 0.702590 -10.936861 -0.360574 7.156197 0.000000 8.774815 -0.000000 -15.324918 18.550798 6.619683 -1.844031 2.498503 -2.507276 -10.163590 4.678941 4.621104 -20.975996 -0.000001 0.000001 -21.226254 2.451698 -3.593995 0.000000 -0.000006 -0.000000 -1.362681 2.240797 -0.746323 -21.334892 0.584910 3.008319 -13.821196 -0.000001 0.000001 -23.887129 -0.249075 -0.839485 -60.265663 2.813995 -0.895418 -0.294025 1.679686 0.833255 -14.218195 0.093215 1.300579 -34.212002 -0.287561 0.967166 -20.033176 0.964536 1.212838 0.000000 -0.000000 0.000000 -3.440387 0.788233 0.501655 -15.928172 -3.167306 2.999703 -6.338817 -0.000000 0.000001 -18.123419 3.648181 -4.905662 -0.000004 0.000000 -0.000002 23.476089 12.406191 15.775440 52.437237 5.598909 25.190191 -0.545817 38.633457 -0.396110 -15.677162 9.494040 -26.699657 2.243540 -5.255033 -3.180156 14.282877 -0.826594 6.952496 -0.000000 -12.690593 -0.000001 16.019722 -17.165712 2.875480 1.665665 -1.955920 -2.878297 4.727794 -4.170584 4.993919 11.020511 0.000001 -0.000000 12.109032 -3.735715 -2.866778 0.000000 -0.000000 0.000000 1.291985 -1.928548 -1.498088 14.800115 0.567467 3.865604 14.242553 -1.341738 -6.660648 19.631935 0.143921 -0.648243 49.721031 -0.607439 -5.755618 0.353029 -1.511150 -0.031940 20.222769 3.684305 2.316629 18.787249 0.000001 -0.000001 10.751608 -0.479870 1.397903 0.000000 -0.000000 0.000000 3.273804 0.305947 -0.580110 21.486790 11.830364 2.266131 8.162915 0.000000 -0.000000 18.399052 -3.798986 -4.940567 0.000003 0.000000 -0.000001 5.027394 6.221116 -1.699711 0.022271 0.031602 10.676560 -4.895585 4.674393 -6.215961 1.648213 -1.979872 -1.195940 0.000000 -0.000000 0.000002 -4.997167 -19.377468 2.422374 0.013623 -0.168038 7.273172 5.425035 -8.763827 -6.062664 -1.429990 0.870036 -1.198032 0.000000 -0.000000 -0.000001
0.000000 0.000000 0.000000 0.000000 -0.000000 0.000000 0.058137 -0.395328 4.778339 -0.322425 -0.603398 -2.324382 0.136671 -0.111779 -5.574231 -0.390572 0.492951 -6.667873 -0.595761 -1.717821 17.077415 5.774556 0.317058 3.583999 -0.405274 0.443806 -3.370037 4.833852 -3.358535 10.115264 0.000077 -0.000022 0.000006 -0.025180 0.001041 -0.051216 0.803922 -3.718505 -10.739947 -0.849426 3.725101 -10.776232 -24.242048 -3.817897 14.482064 -49.371166 -2.683996 27.592903 0.400676 -32.239338 -0.169253 15.448232 -3.524097 -4.002258 -5.882102 9.861279 0.702590 -10.936861 -0.360574 7.156197 0.000000 8.774815 -0.000000 -15.368657 18.552031 6.567607 -1.844031 2.498503 -2.507276 -10.163590 4.678941 4.621104 -20.975996 -0.000001 0.000001 -21.226254 2.451698 -3.593995 0.000000 -0.000006 -0.000000 -1.362681 2.240797 -0.746323 -21.334892 0.584910 3.008319 -13.821196 -0.000001 0.000001 -23.887129 -0.249075 -0.839485 -60.268845 2.798412 -0.925564 -0.294025 1.679686 0.833255 -14.218195 0.093215 1.300579 -34.212002 -0.287561 0.967166 -20.033176 0.964536 1.212838 0.000000 -0.000000 0.000000 -3.440387 0.788233 0.501655 -15.928172 -3.167306 2.999703 -6.338817 -0.000000 0.000001 -18.123419 3.648181 -4.905662 -0.000004 0.000000 -0.000002 24.003077 12.200607 15.731408 52.353249 5.230756 24.555893 -0.460137 36.480980 -0.367842 -15.416145 9.043864 -26.315685 2.243540 -5.255033 -3.180156 14.282877 -0.826594 6.952496 -0.000000 -12.690593 -0.000001 16.063705 -17.197683 2.864108 1.665665 -1.955920 -2.878297 4.727794 -4.170584 4.993919 11.020511 0.000001 -0.000000 12.109032 -3.735715 -2.866778 0.000000 -0.000000 0.000000 1.291985 -1.928548 -1.498088 14.800115 0.567467 3.865604 14.242553 -1.341738 -6.660648 19.631935 0.143921 -0.648243 49.835491 -0.578174 -5.710876 0.353029 -1.511150 -0.031940 20.222769 3.684305 2.316629 18.787249 0.000001 -0.000001 10.751608 -0.479870 1.397903 0.000000 -0.000000 0.000000 3.273804 0.305947 -0.580110 21.486790 11.830364 2.266131 8.162915 0.000000 -0.000000 18.399052 -3.798986 -4.940567 0.000003 0.000000 -0.000001 5.113240 6.250137 -1.555662 0.029742 0.035748 10.473837 -4.933311 4.678072 -6.154160 1.647957 -1.967728 -1.212874 0.000000 -0.000000 0.000002 -4.909534 -19.306740 2.551710 0.013383 -0.163223 7.042909 5.347374 -8.758649 -6.011185 -1.430528 0.871658 -1.219239 0.000000 -0.000000 -0.000001
0.000000 0.000000 0.000000 0.000000 -0.000000 0.000000 -0.031077 -0.388531 4.838558 -0.330427 -0.629971 -2.292764 0.121602 -0.120293 -5.655030 -0.397278 0.464633 -6.683937 -0.555501 -1.747524 16.972685 5.649465 0.430790 2.944745 -0.404094 0.407084 -3.382284 4.695776 -3.262618 9.764441 0.000077 -0.000022 0.000006 -0.024027 -0.003866 -0.051588 0.810206 -3.719608 -10.739083 -0.853516 3.717032 -10.770028 -24.378202 -3.756137 14.415300 -49.325672 -2.650099 27.738567 0.380856 -32.057396 -0.153404 15.349752 -3.493628 -3.975555 -5.882102 9.861279 0.702590 -10.936861 -0.360574 7.156197 0.000000 8.774815 -0.000000 -15.410253 18.561930 6.521981 -1.844031 2.498503 -2.507276 -10.163590 4.678941 4.621104 -20.975996 -0.000001 0.000001 -21.226254 2.451698 -3.593995 0.000000 -0.000006 -0.000000 -1.362681 2.240797 -0.746323 -21.334892 0.584910 3.008319 -13.821196 -0.000001 0.000001 -23.887129 -0.249075 -0.839485 -60.294315 2.773917 -0.956271 -0.294025 1.679686 0.833255 -14.218195 0.093215 1.300579 -34.212002 -0.287561 0.967166 -20.033176 0.964536 1.212838 0.000000 -0.000000 0.000000 -3.440387 0.788233 0.501655 -15.928172 -3.167306 2.999703 -6.338817 -0.000000 0.000001 -18.123419 3.648181 -4.905662 -0.000004 0.000000 -0.000002 24.475533 12.036122 15.690578 52.228317 4.818590 24.332153 -0.424429 34.226074 -0.345320 -14.953801 8.489330 -25.621468 2.243540 -5.255033 -3.180156 14.282877 -0.826594 6.952496 -0.000000 -12.690593 -0.000001 16.096930 -17.256760 2.852644 1.665665 -1.955920 -2.878297 4.727794 -4.170584 4.993919 11.020511 0.000001 -0.000000 12.109032 -3.735715 -2.866778 0.000000 -0.000000 0.000000 1.291985 -1.928548 -1.498088 14.800115 0.567467 3.865604 14.242553 -1.341738 -6.660648 19.631935 0.143921 -0.648243 49.933941 -0.555901 -5.693934 0.353029 -1.511150 -0.031940 20.222769 3.684305 2.316629 18.787249 0.000001 -0.000001 10.751608 -0.479870 1.397903 0.000000 -0.000000 0.000000 3.273804 0.305947 -0.580110 21.486790 11.830364 2.266131 8.162915 0.000000 -0.000000 18.399052 -3.798986 -4.940567 0.000003 0.000000 -0.000001 5.180200 6.262832 -1.454606 0.034134 0.038016 10.296676 -4.972695 4.669330 -6.104935 1.645370 -1.951654 -1.236315 0.000000 -0.000000 0.000002 -4.835539 -19.253693 2.632278 0.014128 -0.164082 6.879915 5.297143 -8.769537 -5.995940 -1.430808 0.870556 -1.228638 0.000000 -0.000000 -0.000001
0.000000 0.000000 0.000000 0.000000 -0.000000 0.000000 -0.119961 -0.387859 4.925291 -0.324775 -0.603428 -2.245824 0.109602 -0.111009 -5.721267 -0.407586 0.444597 -6.692520 -0.531944 -1.768716 16.863029 5.445184 0.566316 2.271279 -0.423260 0.346288 -3.394943 4.566885 -3.229012 9.296553 0.000077 -0.000022 0.000006 -0.023277 -0.006823 -0.047560 0.813252 -3.718701 -10.732119 -0.855340 3.710853 -10.757318 -24.547298 -3.729234 14.320367 -49.254158 -2.646405 27.909306 0.372276 -32.006470 -0.129928 15.241110 -3.436656 -4.074949 -5.882102 9.861279 0.702590 -10.936861 -0.360574 7.156197 0.000000 8.774815 -0.000000 -15.442209 18.569643 6.498460 -1.844031 2.498503 -2.507276 -10.163590 4.678941 4.621104 -20.975996 -0.000001 0.000001 -21.226254 2.451698 -3.593995 0.000000 -0.000006 -0.000000 -1.362681 2.240797 -0.746323 -21.334892 0.584910 3.008319 -13.821196 -0.000001 0.000001 -23.887129 -0.249075 -0.839485 -60.339211 2.747931 -0.958337 -0.294025 1.679686 0.833255 -14.218195 0.093215 1.300579 -34.212002 -0.287561 0.967166 -20.033176 0.964536 1.212838 0.000000 -0.000000 0.000000 -3.440387 0.788233 0.501655 -15.928172 -3.167306 2.999703 -6.338817 -0.000000 0.000001 -18.123419 3.648181 -4.905662 -0.000004 0.000000 -0.000002 24.873421 11.884536 15.667402 52.096848 4.412870 24.584728 -0.474616 31.984602 -0.343405 -14.334906 7.818082 -24.652803 2.243540 -5.255033 -3.180156 14.282877 -0.826594 6.952496 -0.000000 -12.690593 -0.000001 16.094503 -17.345415 2.856266 1.665665 -1.955920 -2.878297 4.727794 -4.170584 4.993919 11.020511 0.000001 -0.000000 12.109032 -3.735715 -2.866778 0.000000 -0.000000 0.000000 1.291985 -1.928548 -1.498088 14.800115 0.567467 3.865604 14.242553 -1.341738 -6.660648 19.631935 0.143921 -0.648243 49.985134 -0.545439 -5.706027 0.353029 -1.511150 -0.031940 20.222769 3.684305 2.316629 18.787249 0.000001 -0.000001 10.751608 -0.479870 1.397903 0.000000 -0.000000 0.000000 3.273804 0.305947 -0.580110 21.486790 11.830364 2.266131 8.162915 0.000000 -0.000000 18.399052 -3.798986 -4.940567 0.000003 0.000000 -0.000001 5.220191 6.233433 -1.395716 0.037074 0.042076 10.176685 -5.014295 4.658466 -6.090822 1.641569 -1.943119 -1.245607 0.000000 -0.000000 0.000002 -4.789592 -19.227766 2.670343 0.012015 -0.168672 6.819158 5.255671 -8.780022 -6.037517 -1.430572 0.866690 -1.218174 0.000000 -0.000000 -0.000001
0.000000 0.000000 0.000000 0.000000 -0.000000 0.000000 -0.195344 -0.389438 5.035319 -0.312772 -0.527752 -2.174824 0.101045 -0.093880 -5.787758 -0.417426 0.447755 -6.705102 -0.523355 -1.797573 16.768507 5.173186 0.748587 1.551384 -0.468731 0.241956 -3.401947 4.422506 -3.245737 8.736837 0.000077 -0.000022 0.000006 -0.020834 -0.011426 -0.041455 0.813628 -3.720347 -10.723583 -0.851180 3.703913 -10.742008 -24.763298 -3.732689 14.182012 -49.137115 -2.667033 28.073635 0.362819 -32.062733 -0.105573 15.156142 -3.375350 -4.305271 -5.882102 9.861279 0.702590 -10.936861 -0.360574 7.156197 0.000000 8.774815 -0.000000 -15.456291 18.592754 6.492325 -1.844031 2.498503 -2.507276 -10.163590 4.678941 4.621104 -20.975996 -0.000001 0.000001 -21.226254 2.451698 -3.593995 0.000000 -0.000006 -0.000000 -1.362681 2.240797 -0.746323 -21.334892 0.584910 3.008319 -13.821196 -0.000001 0.000001 -23.887129 -0.249075 -0.839485 -60.348198 2.729560 -0.957410 -0.294025 1.679686 0.833255 -14.218195 0.093215 1.300579 -34.212002 -0.287561 0.967166 -20.033176 0.964536 1.212838 0.000000 -0.000000 0.000000 -3.440387 0.788233 0.501655 -15.928172 -3.167306 2.999703 -6.338817 -0.000000 0.000001 -18.123419 3.648181 -4.905662 -0.000004 0.000000 -0.000002 25.230715 11.730761 15.654928 51.924519 3.988583 25.247141 -0.552701 29.839390 -0.339997 -13.603177 7.062051 -23.430035 2.243540 -5.255033 -3.180156 14.282877 -0.826594 6.952496 -0.000000 -12.690593 -0.000001 16.097485 -17.442902 2.842548 1.665665 -1.955920 -2.878297 4.727794 -4.170584 4.993919 11.020511 0.000001 -0.000000 12.109032 -3.735715 -2.866778 0.000000 -0.000000 0.000000 1.291985 -1.928548 -1.498088 14.800115 0.567467 3.865604 14.242553 -1.341738 -6.660648 19.631935 0.143921 -0.648243 49.996861 -0.538835 -5.754688 0.353029 -1.511150 -0.031940 20.222769 3.684305 2.316629 18.787249 0.000001 -0.000001 10.751608 -0.479870 1.397903 0.000000 -0.000000 0.000000 3.273804 0.305947 -0.580110 21.486790 11.830364 2.266131 8.162915 0.000000 -0.000000 18.399052 -3.798986 -4.940567 0.000003 0.000000 -0.000001 5.299683 6.176398 -1.347109 0.041198 0.048302 10.081902 -5.111501 4.610868 -6.076227 1.636416 -1.936026 -1.245269 0.000000 -0.000000 0.000002 -4.760818 -19.255806 2.702898 0.006504 -0.177042 6.768414 5.223482 -8.775616 -6.097324 -1.429900 0.862370 -1.178099 0.000000 -0.000000 -0.000001
0.000000 0.000000 0.000000 0.000000 -0.000000 0.000000 -0.253382 -0.392711 5.169496 -0.297229 -0.412706 -2.080718 0.096461 -0.085353 -5.851478 -0.424662 0.456452 -6.727961 -0.531225 -1.810674 16.690788 4.845695 0.945082 0.786649 -0.534637 0.098568 -3.407902 4.230782 -3.273019 8.118019 0.000077 -0.000022 0.000006 -0.018771 -0.014749 -0.036303 0.811787 -3.721855 -10.719876 -0.845502 3.698951 -10.733046 -25.009840 -3.756690 14.038502 -49.005787 -2.758991 28.177691 0.349787 -32.166290 -0.082841 15.068777 -3.318333 -4.593900 -5.882102 9.861279 0.702590 -10.936861 -0.360574 7.156197 0.000000 8.774815 -0.000000 -15.458166 18.625189 6.485400 -1.844031 2.498503 -2.507276 -10.163590 4.678941 4.621104 -20.975996 -0.000001 0.000001 -21.226254 2.451698 -3.593995 0.000000 -0.000006 -0.000000 -1.362681 2.240797 -0.746323 -21.334892 0.584910 3.008319 -13.821196 -0.000001 0.000001 -23.887129 -0.249075 -0.839485 -60.308220 2.710758 -0.969533 -0.294025 1.679686 0.833255 -14.218195 0.093215 1.300579 -34.212002 -0.287561 0.967166 -20.033176 0.964536 1.212838 0.000000 -0.000000 0.000000 -3.440387 0.788233 0.501655 -15.928172 -3.167306 2.999703 -6.338817 -0.000000 0.000001 -18.123419 3.648181 -4.905662 -0.000004 0.000000 -0.000002 25.541128 11.566091 15.630333 51.758579 3.486601 26.090286 -0.606502 27.921608 -0.315442 -12.855789 6.293883 -22.122713 2.243540 -5.255033 -3.180156 14.282877 -0.826594 6.952496 -0.000000 -12.690593 -0.000001 16.112320 -17.522213 2.801511 1.665665 -1.955920 -2.878297 4.727794 -4.170584 4.993919 11.020511 0.000001 -0.000000 12.109032 -3.735715 -2.866778 0.000000 -0.000000 0.000000 1.291985 -1.928548 -1.498088 14.800115 0.567467 3.865604 14.242553 -1.341738 -6.660648 19.631935 0.143921 -0.648243 49.963078 -0.527157 -5.830942 0.353029 -1.511150 -0.031940 20.222769 3.684305 2.316629 18.787249 0.000001 -0.000001 10.751608 -0.479870 1.397903 0.000000 -0.000000 0.000000 3.273804 0.305947 -0.580110 21.486790 11.830364 2.266131 8.162915 0.000000 -0.000000 18.399052 -3.798986 -4.940567 0.000003 0.000000 -0.000001 5.292111 6.119965 -1.359658 0.044483 0.056827 10.014162 -5.122126 4.547678 -6.107820 1.630598 -1.929354 -1.230231 0.000000 -0.000000 0.000002 -4.748286 -19.327312 2.738946 0.001456 -0.184874 6.706837 5.216134 -8.773592 -6.167538 -1.429152 0.856376 -1.106028 0.000000 -0.000000 -0.000001
0.000000 0.000000 0.000000 0.000000 -0.000000 0.000000 -0.283791 -0.397091 5.310832 -0.271254 -0.282920 -1.968804 0.091384 -0.096194 -5.897799 -0.428454 0.450344 -6.747144 -0.561088 -1.787050 16.605890 4.464072 1.140026 -0.014492 -0.616085 -0.066182 -3.424654 4.016640 -3.298312 7.492898 0.000077 -0.000022 0.000006 -0.016584 -0.024134 -0.033886 0.809558 -3.729725 -10.721164 -0.839297 3.688304 -10.730269 -25.282927 -3.798863 13.922831 -48.871868 -2.906593 28.142092 0.327689 -32.292400 -0.052507 15.002135 -3.316613 -4.911354 -5.882102 9.861279 0.702590 -10.936861 -0.360574 7.156197 0.000000 8.774815 -0.000000 -15.463903 18.639437 6.464568 -1.844031 2.498503 -2.507276 -10.163590 4.678941 4.621104 -20.975996 -0.000001 0.000001 -21.226254 2.451698 -3.593995 0.000000 -0.000006 -0.000000 -1.362681 2.240797 -0.746323 -21.334892 0.584910 3.008319 -13.821196 -0.000001 0.000001 -23.887129 -0.249075 -0.839485 -60.239777 2.678273 -0.985580 -0.294025 1.679686 0.833255 -14.218195 0.093215 1.300579 -34.212002 -0.287561 0.967166 -20.033176 0.964536 1.212838 0.000000 -0.000000 0.000000 -3.440387 0.788233 0.501655 -15.928172 -3.167306 2.999703 -6.338817 -0.000000 0.000001 -18.123419 3.648181 -4.905662 -0.000004 0.000000 -0.000002 25.795597 11.404401 15.599681 51.634304 2.905019 26.949461 -0.620095 26.355078 -0.269045 -12.214576 5.605758 -20.875593 2.243540 -5.255033 -3.180156 14.282877 -0.826594 6.952496 -0.000000 -12.690593 -0.000001 16.130939 -17.562880 2.742881 1.665665 -1.955920 -2.878297 4.727794 -4.170584 4.993919 11.020511 0.000001 -0.000000 12.109032 -3.735715 -2.866778 0.000000 -0.000000 0.000000 1.291985 -1.928548 -1.498088 14.800115 0.567467 3.865604 14.242553 -1.341738 -6.660648 19.631935 0.143921 -0.648243 49.897354 -0.523851 -5.916203 0.353029 -1.511150 -0.031940 20.222769 3.684305 2.316629 18.787249 0.000001 -0.000001 10.751608 -0.479870 1.397903 0.000000 -0.000000 0.000000 3.273804 0.305947 -0.580110 21.486790 11.830364 2.266131 8.162915 0.000000 -0.000000 18.399052 -3.798986 -4.940567 0.000003 0.000000 -0.000001 5.272916 6.085100 -1.384185 0.044081 0.062137 9.955262 -5.151979 4.472845 -6.148506 1.626468 -1.927801 -1.200166 0.000000 -0.000000 0.000002 -4.758947 -19.432238 2.752659 -0.001715 -0.194672 6.675878 5.212677 -8.759962 -6.286997 -1.427852 0.846438 -1.022472 0.000000 -0.000000 -0.000001
0.000000 0.000000 0.000000 0.000000 -0.000000 0.000000 -0.300736 -0.397320 5.452104 -0.240749 -0.155328 -1.845485 0.094933 -0.119395 -5.924484 -0.426003 0.436886 -6.756438 -0.614234 -1.753646 16.518822 4.026204 1.342436 -0.831701 -0.708522 -0.249737 -3.446157 3.766770 -3.339231 6.898883 0.000077 -0.000022 0.000006 -0.015136 -0.034635 -0.036023 0.804809 -3.737745 -10.725593 -0.832097 3.675407 -10.730135 -25.556273 -3.870658 13.810699 -48.749851 -3.070237 28.032463 0.304213 -32.468407 -0.036791 14.965414 -3.307919 -5.257716 -5.882102 9.861279 0.702590 -10.936861 -0.360574 7.156197 0.000000 8.774815 -0.000000 -15.465266 18.633764 6.435995 -1.844031 2.498503 -2.507276 -10.163590 4.678941 4.621104 -20.975996 -0.000001 0.000001 -21.226254 2.451698 -3.593995 0.000000 -0.000006 -0.000000 -1.362681 2.240797 -0.746323 -21.334892 0.584910 3.008319 -13.821196 -0.000001 0.000001 -23.887129 -0.249075 -0.839485 -60.174362 2.639232 -0.996028 -0.294025 1.679686 0.833255 -14.218195 0.093215 1.300579 -34.212002 -0.287561 0.967166 -20.033176 0.964536 1.212838 0.000000 -0.000000 0.000000 -3.440387 0.788233 0.501655 -15.928172 -3.167306 2.999703 -6.338817 -0.000000 0.000001 -18.123419 3.648181 -4.905662 -0.000004 0.000000 -0.000002 25.980188 11.250691 15.572535 51.563057 2.274698 27.703398 -0.597692 25.250763 -0.217183 -11.747364 5.071239 -19.880072 2.243540 -5.255033 -3.180156 14.282877 -0.826594 6.952496 -0.000000 -12.690593 -0.000001 16.155188 -17.576904 2.671441 1.665665 -1.955920 -2.878297 4.727794 -4.170584 4.993919 11.020511 0.000001 -0.000000 12.109032 -3.735715 -2.866778 0.000000 -0.000000 0.000000 1.291985 -1.928548 -1.498088 14.800115 0.567467 3.865604 14.242553 -1.341738 -6.660648 19.631935 0.143921 -0.648243 49.802322 -0.521150 -5.995984 0.353029 -1.511150 -0.031940 20.222769 3.684305 2.316629 18.787249 0.000001 -0.000001 10.751608 -0.479870 1.397903 0.000000 -0.000000 0.000000 3.273804 0.305947 -0.580110 21.486790 11.830364 2.266131 8.162915 0.000000 -0.000000 18.399052 -3.798986 -4.940567 0.000003 0.000000 -0.000001 5.243508 6.039120 -1.400551 0.039619 0.058560 9.857381 -5.190299 4.441321 -6.170321 1.623713 -1.933421 -1.151359 0.000000 -0.000000 0.000002 -4.782312 -19.560883 2.780105 -0.003189 -0.204023 6.586459 5.205671 -8.747502 -6.274429 -1.426645 0.828596 -0.936361 0.000000 -0.000000 -0.000001
0.000000 0.000000 0.000000 0.000000 -0.000000 0.000000 -0.311721 -0.396526 5.593389 -0.208294 -0.054891 -1.704453 0.102370 -0.140971 -5.937681 -0.418456 0.424068 -6.761539 -0.680480 -1.740838 16.435444 3.516888 1.543203 -1.652649 -0.786659 -0.419530 -3.463731 3.480879 -3.414958 6.333405 0.000077 -0.000022 0.000006 -0.013889 -0.040806 -0.041157 0.799974 -3.739542 -10.724770 -0.825244 3.664510 -10.725470 -25.812872 -3.959632 13.718959 -48.625496 -3.276719 28.012987 0.320720 -32.691357 -0.063638 14.904781 -3.223940 -5.484226 -5.882102 9.861279 0.702590 -10.936861 -0.360574 7.156197 0.000000 8.774815 -0.000000 -15.461665 18.624134 6.425512 -1.844031 2.498503 -2.507276 -10.163590 4.678941 4.621104 -20.975996 -0.000001 0.000001 -21.226254 2.451698 -3.593995 0.000000 -0.000006 -0.000000 -1.362681 2.240797 -0.746323 -21.334892 0.584910 3.008319 -13.821196 -0.000001 0.000001 -23.887129 -0.249075 -0.839485 -60.156456 2.630023 -1.010307 -0.294025 1.679686 0.833255 -14.218195 0.093215 1.300579 -34.212002 -0.287561 0.967166 -20.033176 0.964536 1.212838 0.000000 -0.000000 0.000000 -3.440387 0.788233 0.501655 -15.928172 -3.167306 2.999703 -6.338817 -0.000000 0.000001 -18.123419 3.648181 -4.905662 -0.000004 0.000000 -0.000002 26.105064 11.106434 15.550201 51.521942 1.619824 28.283810 -0.538895 24.650408 -0.170254 -11.456608 4.727816 -19.160505 2.243540 -5.255033 -3.180156 14.282877 -0.826594 6.952496 -0.000000 -12.690593 -0.000001 16.178478 -17.581839 2.601547 1.665665 -1.955920 -2.878297 4.727794 -4.170584 4.993919 11.020511 0.000001 -0.000000 12.109032 -3.735715 -2.866778 0.000000 -0.000000 0.000000 1.291985 -1.928548 -1.498088 14.800115 0.567467 3.865604 14.242553 -1.341738 -6.660648 19.631935 0.143921 -0.648243 49.718472 -0.508607 -6.076862 0.353029 -1.511150 -0.031940 20.222769 3.684305 2.316629 18.787249 0.000001 -0.000001 10.751608 -0.479870 1.397903 0.000000 -0.000000 0.000000 3.273804 0.305947 -0.580110 21.486790 11.830364 2.266131 8.162915 0.000000 -0.000000 18.399052 -3.798986 -4.940567 0.000003 0.000000 -0.000001 5.208318 6.018926 -1.427905 0.034702 0.042852 9.748923 -5.255972 4.402555 -6.191903 1.622280 -1.939262 -1.101437 0.000000 -0.000000 0.000002 -4.812356 -19.720804 2.787309 -0.000953 -0.205878 6.497869 5.203753 -8.701971 -6.267199 -1.425823 0.807053 -0.850092 0.000000 -0.000000 -0.000001
0.000000 0.000000 0.000000 0.000000 -0.000000 0.000000 -0.317003 -0.398716 5.740895 -0.172210 0.019698 -1.549024 0.107632 -0.163490 -5.933773 -0.409011 0.409852 -6.755165 -0.744474 -1.743393 16.336723 2.945591 1.735894 -2.473080 -0.857437 -0.569029 -3.479647 3.194402 -3.522280 5.821087 0.000077 -0.000022 0.000006 -0.012133 -0.043092 -0.046242 0.796705 -3.737823 -10.716038 -0.818968 3.657726 -10.715215 -26.038174 -4.059289 13.642419 -48.494534 -3.514054 28.150599 0.383748 -32.962063 -0.126629 14.831224 -3.065721 -5.646449 -5.882102 9.861279 0.702590 -10.936861 -0.360574 7.156197 0.000000 8.774815 -0.000000 -15.448532 18.627407 6.441529 -1.844031 2.498503 -2.507276 -10.163590 4.678941 4.621104 -20.975996 -0.000001 0.000001 -21.226254 2.451698 -3.593995 0.000000 -0.000006 -0.000000 -1.362681 2.240797 -0.746323 -21.334892 0.584910 3.008319 -13.821196 -0.000001 0.000001 -23.887129 -0.249075 -0.839485 -60.171551 2.648751 -1.033853 -0.294025 1.679686 0.833255 -14.218195 0.093215 1.300579 -34.212002 -0.287561 0.967166 -20.033176 0.964536 1.212838 0.000000 -0.000000 0.000000 -3.440387 0.788233 0.501655 -15.928172 -3.167306 2.999703 -6.338817 -0.000000 0.000001 -18.123419 3.648181 -4.905662 -0.000004 0.000000 -0.000002 26.180395 10.971272 15.525896 51.492161 0.980569 28.807661 -0.484979 24.503201 -0.134572 -11.267785 4.523128 -18.712471 2.243540 -5.255033 -3.180156 14.282877 -0.826594 6.952496 -0.000000 -12.690593 -0.000001 16.203041 -17.578934 2.535763 1.665665 -1.955920 -2.878297 4.727794 -4.170584 4.993919 11.020511 0.000001 -0.000000 12.109032 -3.735715 -2.866778 0.000000 -0.000000 0.000000 1.291985 -1.928548 -1.498088 14.800115 0.567467 3.865604 14.242553 -1.341738 -6.660648 19.631935 0.143921 -0.648243 49.656994 -0.491288 -6.157066 0.353029 -1.511150 -0.031940 20.222769 3.684305 2.316629 18.787249 0.000001 -0.000001 10.751608 -0.479870 1.397903 0.000000 -0.000000 0.000000 3.273804 0.305947 -0.580110 21.486790 11.830364 2.266131 8.162915 0.000000 -0.000000 18.399052 -3.798986 -4.940567 0.000003 0.000000 -0.000001 5.166255 6.035363 -1.483557 0.035911 0.024625 9.665738 -5.343554 4.339476 -6.227941 1.623078 -1.943575 -1.057710 0.000000 -0.000000 0.000002 -4.850953 -19.896320 2.754529 0.003910 -0.199884 6.468930 5.211844 -8.630015 -6.412697 -1.425849 0.794625 -0.754357 0.000000 -0.000000 -0.000001
0.000000 0.000000 0.000000 0.000000 -0.000000 0.000000 -0.321704 -0.395763 5.873580 -0.138876 0.058218 -1.382831 0.112538 -0.183761 -5.914838 -0.402061 0.385390 -6.735516 -0.799181 -1.743863 16.236120 2.380680 1.920002 -3.250573 -0.933336 -0.706360 -3.491075 2.931455 -3.641914 5.362548 0.000077 -0.000022 0.000006 -0.010124 -0.043923 -0.051252 0.794282 -3.735599 -10.700947 -0.813063 3.653331 -10.700248 -26.216497 -4.156957 13.581136 -48.379494 -3.781058 28.315144 0.433153 -33.237576 -0.173743 14.781677 -2.898492 -5.794107 -5.882102 9.861279 0.702590 -10.936861 -0.360574 7.156197 0.000000 8.774815 -0.000000 -15.416388 18.628492 6.462715 -1.844031 2.498503 -2.507276 -10.163590 4.678941 4.621104 -20.975996 -0.000001 0.000001 -21.226254 2.451698 -3.593995 0.000000 -0.000006 -0.000000 -1.362681 2.240797 -0.746323 -21.334892 0.584910 3.008319 -13.821196 -0.000001 0.000001 -23.887129 -0.249075 -0.839485 -60.156380 2.672199 -1.049143 -0.294025 1.679686 0.833255 -14.218195 0.093215 1.300579 -34.212002 -0.287561 0.967166 -20.033176 0.964536 1.212838 0.000000 -0.000000 0.000000 -3.440387 0.788233 0.501655 -15.928172 -3.167306 2.999703 -6.338817 -0.000000 0.000001 -18.123419 3.648181 -4.905662 -0.000004 0.000000 -0.000002 26.215199 10.876169 15.520449 51.483063 0.483412 29.305183 -0.453445 24.615763 -0.111506 -11.129376 4.404918 -18.361248 2.243540 -5.255033 -3.180156 14.282877 -0.826594 6.952496 -0.000000 -12.690593 -0.000001 16.222868 -17.561432 2.483588 1.665665 -1.955920 -2.878297 4.727794 -4.170584 4.993919 11.020511 0.000001 -0.000000 12.109032 -3.735715 -2.866778 0.000000 -0.000000 0.000000 1.291985 -1.928548 -1.498088 14.800115 0.567467 3.865604 14.242553 -1.341738 -6.660648 19.631935 0.143921 -0.648243 49.628445 -0.488577 -6.217145 0.353029 -1.511150 -0.031940 20.222769 3.684305 2.316629 18.787249 0.000001 -0.000001 10.751608 -0.479870 1.397903 0.000000 -0.000000 0.000000 3.273804 0.305947 -0.580110 21.486790 11.830364 2.266131 8.162915 0.000000 -0.000000 18.399052 -3.798986 -4.940567 0.000003 0.000000 -0.000001 5.126247 6.065498 -1.527462 0.038180 0.013136 9.529851 -5.437986 4.297175 -6.235636 1.624917 -1.950263 -1.016148 0.000000 -0.000000 0.000002 -4.877355 -20.066404 2.718520 0.008392 -0.192779 6.385064 5.215571 -8.544552 -6.442822 -1.425962 0.792763 -0.673235 0.000000 -0.000000 -0.000001
0.000000 0.000000 0.000000 0.000000 -0.000000 0.000000 -0.325766 -0.387958 5.990702 -0.115815 0.062944 -1.213466 0.119286 -0.195997 -5.878698 -0.395998 0.363248 -6.715523 -0.844288 -1.744691 16.147869 1.843616 2.070062 -3.978662 -1.004947 -0.825342 -3.508769 2.693833 -3.739600 4.933926 0.000077 -0.000022 0.000006 -0.008377 -0.050340 -0.055071 0.792818 -3.738983 -10.680452 -0.808699 3.643411 -10.678885 -26.324753 -4.271465 13.532593 -48.316925 -4.065853 28.529419 0.493057 -33.518433 -0.191882 14.748445 -2.745610 -5.981329 -5.882102 9.861279 0.702590 -10.936861 -0.360574 7.156197 0.000000 8.774815 -0.000000 -15.373481 18.618860 6.487080 -1.844031 2.498503 -2.507276 -10.163590 4.678941 4.621104 -20.975996 -0.000001 0.000001 -21.226254 2.451698 -3.593995 0.000000 -0.000006 -0.000000 -1.362681 2.240797 -0.746323 -21.334892 0.584910 3.008319 -13.821196 -0.000001 0.000001 -23.887129 -0.249075 -0.839485 -60.121212 2.681241 -1.051863 -0.294025 1.679686 0.833255 -14.218195 0.093215 1.300579 -34.212002 -0.287561 0.967166 -20.033176 0.964536 1.212838 0.000000 -0.000000 0.000000 -3.440387 0.788233 0.501655 -15.928172 -3.167306 2.999703 -6.338817 -0.000000 0.000001 -18.123419 3.648181 -4.905662 -0.000004 0.000000 -0.000002 26.198618 10.804096 15.542147 51.532463 0.196729 29.812056 -0.454473 24.796091 -0.098460 -11.055678 4.328766 -18.094593 2.243540 -5.255033 -3.180156 14.282877 -0.826594 6.952496 -0.000000 -12.690593 -0.000001 16.231031 -17.543604 2.451292 1.665665 -1.955920 -2.878297 4.727794 -4.170584 4.993919 11.020511 0.000001 -0.000000 12.109032 -3.735715 -2.866778 0.000000 -0.000000 0.000000 1.291985 -1.928548 -1.498088 14.800115 0.567467 3.865604 14.242553 -1.341738 -6.660648 19.631935 0.143921 -0.648243 49.619095 -0.504362 -6.247049 0.353029 -1.511150 -0.031940 20.222769 3.684305 2.316629 18.787249 0.000001 -0.000001 10.751608 -0.479870 1.397903 0.000000 -0.000000 0.000000 3.273804 0.305947 -0.580110 21.486790 11.830364 2.266131 8.162915 0.000000 -0.000000 18.399052 -3.798986 -4.940567 0.000003 0.000000 -0.000001 5.097394 6.106850 -1.557124 0.038150 0.004738 9.362472 -5.528299 4.303120 -6.225358 1.625636 -1.962855 -0.973157 0.000000 -0.000000 0.000002 -4.879117 -20.211475 2.687479 0.007268 -0.187622 6.235475 5.202088 -8.460703 -6.424541 -1.426005 0.797311 -0.623362 0.000000 -0.000000 -0.000001
0.000000 0.000000 0.000000 0.000000 -0.000000 0.000000 -0.331440 -0.372158 6.079574 -0.104282 0.023864 -1.046328 0.131358 -0.195504 -5.829999 -0.389872 0.350171 -6.699128 -0.880387 -1.745992 16.076296 1.351325 2.193966 -4.618015 -1.073191 -0.946103 -3.523286 2.481821 -3.791028 4.550749 0.000077 -0.000022 0.000006 -0.006476 -0.063517 -0.055978 0.791716 -3.749871 -10.658458 -0.804398 3.627788 -10.656157 -26.385574 -4.407528 13.484940 -48.265198 -4.320424 28.795740 0.559908 -33.820671 -0.189703 14.725205 -2.590228 -6.173148 -5.882102 9.861279 0.702590 -10.936861 -0.360574 7.156197 0.000000 8.774815 -0.000000 -15.322309 18.613846 6.515761 -1.844031 2.498503 -2.507276 -10.163590 4.678941 4.621104 -20.975996 -0.000001 0.000001 -21.226254 2.451698 -3.593995 0.000000 -0.000006 -0.000000 -1.362681 2.240797 -0.746323 -21.334892 0.584910 3.008319 -13.821196 -0.000001 0.000001 -23.887129 -0.249075 -0.839485 -60.076618 2.681890 -1.048720 -0.294025 1.679686 0.833255 -14.218195 0.093215 1.300579 -34.212002 -0.287561 0.967166 -20.033176 0.964536 1.212838 0.000000 -0.000000 0.000000 -3.440387 0.788233 0.501655 -15.928172 -3.167306 2.999703 -6.338817 -0.000000 0.000001 -18.123419 3.648181 -4.905662 -0.000004 0.000000 -0.000002 26.162254 10.752781 15.554598 51.599117 0.116083 30.278873 -0.468150 24.966473 -0.095037 -11.042386 4.262962 -17.933807 2.243540 -5.255033 -3.180156 14.282877 -0.826594 6.952496 -0.000000 -12.690593 -0.000001 16.226358 -17.531485 2.434355 1.665665 -1.955920 -2.878297 4.727794 -4.170584 4.993919 11.020511 0.000001 -0.000000 12.109032 -3.735715 -2.866778 0.000000 -0.000000 0.000000 1.291985 -1.928548 -1.498088 14.800115 0.567467 3.865604 14.242553 -1.341738 -6.660648 19.631935 0.143921 -0.648243 49.608135 -0.520756 -6.263151 0.353029 -1.511150 -0.031940 20.222769 3.684305 2.316629 18.787249 0.000001 -0.000001 10.751608 -0.479870 1.397903 0.000000 -0.000000 0.000000 3.273804 0.305947 -0.580110 21.486790 11.830364 2.266131 8.162915 0.000000 -0.000000 18.399052 -3.798986 -4.940567 0.000003 0.000000 -0.000001 5.077733 6.156957 -1.556097 0.038475 -0.003531 9.126647 -5.611101 4.353024 -6.175500 1.625710 -1.978499 -0.956852 0.000000 -0.000000 0.000002 -4.847528 -20.322290 2.667518 -0.001154 -0.184025 5.993696 5.174258 -8.391269 -6.338262 -1.426009 0.806136 -0.598663 0.000000 -0.000000 -0.000001
0.000000 0.000000 0.000000 0.000000 -0.000000 0.000000 -0.337140 -0.353000 6.141722 -0.099517 -0.054969 -0.876224 0.153416 -0.179293 -5.769578 -0.384562 0.356275 -6.687649 -0.917161 -1.758422 16.010593 0.894683 2.307631 -5.159915 -1.136934 -1.063672 -3.531340 2.288325 -3.802442 4.195759 0.000077 -0.000022 0.000006 -0.004625 -0.081144 -0.056431 0.791662 -3.765109 -10.639972 -0.801286 3.607952 -10.638960 -26.409407 -4.547313 13.414103 -48.205406 -4.534268 29.116055 0.635560 -34.141430 -0.186566 14.646589 -2.425487 -6.317475 -5.882102 9.861279 0.702590 -10.936861 -0.360574 7.156197 0.000000 8.774815 -0.000000 -15.288040 18.602991 6.537447 -1.844031 2.498503 -2.507276 -10.163590 4.678941 4.621104 -20.975996 -0.000001 0.000001 -21.226254 2.451698 -3.593995 0.000000 -0.000006 -0.000000 -1.362681 2.240797 -0.746323 -21.334892 0.584910 3.008319 -13.821196 -0.000001 0.000001 -23.887129 -0.249075 -0.839485 -60.069805 2.689319 -1.037852 -0.294025 1.679686 0.833255 -14.218195 0.093215 1.300579 -34.212002 -0.287561 0.967166 -20.033176 0.964536 1.212838 0.000000 -0.000000 0.000000 -3.440387 0.788233 0.501655 -15.928172 -3.167306 2.999703 -6.338817 -0.000000 0.000001 -18.123419 3.648181 -4.905662 -0.000004 0.000000 -0.000002 26.112299 10.724227 15.582570 51.663788 0.235869 30.649046 -0.469264 25.095715 -0.096167 -11.068291 4.196136 -17.768707 2.243540 -5.255033 -3.180156 14.282877 -0.826594 6.952496 -0.000000 -12.690593 -0.000001 16.213091 -17.530258 2.425111 1.665665 -1.955920 -2.878297 4.727794 -4.170584 4.993919 11.020511 0.000001 -0.000000 12.109032 -3.735715 -2.866778 0.000000 -0.000000 0.000000 1.291985 -1.928548 -1.498088 14.800115 0.567467 3.865604 14.242553 -1.341738 -6.660648 19.631935 0.143921 -0.648243 49.584476 -0.528808 -6.278740 0.353029 -1.511150 -0.031940 20.222769 3.684305 2.316629 18.787249 0.000001 -0.000001 10.751608 -0.479870 1.397903 0.000000 -0.000000 0.000000 3.273804 0.305947 -0.580110 21.486790 11.830364 2.266131 8.162915 0.000000 -0.000000 18.399052 -3.798986 -4.940567 0.000003 0.000000 -0.000001 5.059494 6.215843 -1.556671 0.038614 -0.014263 8.874554 -5.677004 4.449803 -6.111135 1.624703 -2.000107 -0.946909 0.000000 -0.000000 0.000002 -4.794515 -20.417837 2.615024 -0.015252 -0.184046 5.754414 5.136076 -8.313682 -6.227438 -1.426091 0.809122 -0.595463 0.000000 -0.000000 -0.000001
0.000000 0.000000 0.000000 0.000000 -0.000000 0.000000 -0.339287 -0.336780 6.209778 -0.100116 -0.161414 -0.707430 0.176801 -0.153779 -5.707201 -0.382565 0.364197 -6.677504 -0.933325 -1.751267 15.945034 0.491339 2.412485 -5.584045 -1.185992 -1.197095 -3.534086 2.119797 -3.788301 3.896456 0.000077 -0.000022 0.000006 -0.002918 -0.097041 -0.056241 0.791898 -3.778567 -10.622957 -0.798682 3.590009 -10.623552 -26.398214 -4.670758 13.311587 -48.146461 -4.723256 29.412062 0.676482 -34.439171 -0.162905 14.506204 -2.235770 -6.409701 -5.882102 9.861279 0.702590 -10.936861 -0.360574 7.156197 0.000000 8.774815 -0.000000 -15.271155 18.603178 6.550604 -1.844031 2.498503 -2.507276 -10.163590 4.678941 4.621104 -20.975996 -0.000001 0.000001 -21.226254 2.451698 -3.593995 0.000000 -0.000006 -0.000000 -1.362681 2.240797 -0.746323 -21.334892 0.584910 3.008319 -13.821196 -0.000001 0.000001 -23.887129 -0.249075 -0.839485 -60.108341 2.707264 -1.047796 -0.294025 1.679686 0.833255 -14.218195 0.093215 1.300579 -34.212002 -0.287561 0.967166 -20.033176 0.964536 1.212838 0.000000 -0.000000 0.000000 -3.440387 0.788233 0.501655 -15.928172 -3.167306 2.999703 -6.338817 -0.000000 0.000001 -18.123419 3.648181 -4.905662 -0.000004 0.000000 -0.000002 26.026175 10.730140 15.599104 51.737377 0.502025 30.928951 -0.441904 25.174858 -0.103395 -11.124355 4.146000 -17.461199 2.243540 -5.255033 -3.180156 14.282877 -0.826594 6.952496 -0.000000 -12.690593 -0.000001 16.183264 -17.524477 2.428380 1.665665 -1.955920 -2.878297 4.727794 -4.170584 4.993919 11.020511 0.000001 -0.000000 12.109032 -3.735715 -2.866778 0.000000 -0.000000 0.000000 1.291985 -1.928548 -1.498088 14.800115 0.567467 3.865604 14.242553 -1.341738 -6.660648 19.631935 0.143921 -0.648243 49.540619 -0.524763 -6.295458 0.353029 -1.511150 -0.031940 20.222769 3.684305 2.316629 18.787249 0.000001 -0.000001 10.751608 -0.479870 1.397903 0.000000 -0.000000 0.000000 3.273804 0.305947 -0.580110 21.486790 11.830364 2.266131 8.162915 0.000000 -0.000000 18.399052 -3.798986 -4.940567 0.000003 0.000000 -0.000001 5.046370 6.295170 -1.584935 0.038903 -0.023878 8.668447 -5.722410 4.575245 -6.063181 1.623044 -2.019976 -0.944144 0.000000 -0.000000 0.000002 -4.736613 -20.527939 2.524493 -0.030636 -0.180818 5.579613 5.122555 -8.200724 -6.139116 -1.426808 0.805347 -0.589500 0.000000 -0.000000 -0.000001
0.000000 0.000000 0.000000 0.000000 -0.000000 0.000000 -0.346718 -0.323902 6.296926 -0.106688 -0.288858 -0.523987 0.197035 -0.126547 -5.668466 -0.377995 0.372336 -6.662793 -0.928919 -1.713500 15.861021 0.136092 2.502709 -5.875978 -1.220884 -1.322221 -3.531271 1.995113 -3.760585 3.640605 0.000077 -0.000022 0.000006 -0.001549 -0.107031 -0.054417 0.789509 -3.786585 -10.596784 -0.794041 3.578845 -10.600457 -26.383993 -4.754354 13.190609 -48.078880 -4.889022 29.676306 0.696122 -34.691582 -0.126313 14.343102 -2.022565 -6.487444 -5.882102 9.861279 0.702590 -10.936861 -0.360574 7.156197 0.000000 8.774815 -0.000000 -15.246311 18.624994 6.567264 -1.844031 2.498503 -2.507276 -10.163590 4.678941 4.621104 -20.975996 -0.000001 0.000001 -21.226254 2.451698 -3.593995 0.000000 -0.000006 -0.000000 -1.362681 2.240797 -0.746323 -21.334892 0.584910 3.008319 -13.821196 -0.000001 0.000001 -23.887129 -0.249075 -0.839485 -60.159267 2.755929 -1.093226 -0.294025 1.679686 0.833255 -14.218195 0.093215 1.300579 -34.212002 -0.287561 0.967166 -20.033176 0.964536 1.212838 0.000000 -0.000000 0.000000 -3.440387 0.788233 0.501655 -15.928172 -3.167306 2.999703 -6.338817 -0.000000 0.000001 -18.123419 3.648181 -4.905662 -0.000004 0.000000 -0.000002 25.904358 10.768299 15.569798 51.823589 0.850674 31.204348 -0.408859 25.209278 -0.115085 -11.216523 4.073705 -16.961384 2.243540 -5.255033 -3.180156 14.282877 -0.826594 6.952496 -0.000000 -12.690593 -0.000001 16.136719 -17.517622 2.424234 1.665665 -1.955920 -2.878297 4.727794 -4.170584 4.993919 11.020511 0.000001 -0.000000 12.109032 -3.735715 -2.866778 0.000000 -0.000000 0.000000 1.291985 -1.928548 -1.498088 14.800115 0.567467 3.865604 14.242553 -1.341738 -6.660648 19.631935 0.143921 -0.648243 49.482193 -0.515020 -6.334150 0.353029 -1.511150 -0.031940 20.222769 3.684305 2.316629 18.787249 0.000001 -0.000001 10.751608 -0.479870 1.397903 0.000000 -0.000000 0.000000 3.273804 0.305947 -0.580110 21.486790 11.830364 2.266131 8.162915 0.000000 -0.000000 18.399052 -3.798986 -4.940567 0.000003 0.000000 -0.000001 5.024846 6.412156 -1.564153 0.049140 -0.018984 8.491474 -5.768345 4.664910 -6.083034 1.622541 -2.041488 -0.977110 0.000000 -0.000000 0.000002 -4.667974 -20.620996 2.420866 -0.040385 -0.173173 5.413464 5.126767 -8.073720 -6.070905 -1.429500 0.793259 -0.578640 0.000000 -0.000000 -0.000001
0.000000 0.000000 0.000000 0.000000 -0.000000 0.000000 -0.368622 -0.308254 6.416587 -0.113845 -0.413010 -0.332669 0.209289 -0.107793 -5.663697 -0.358425 0.399806 -6.641337 -0.940041 -1.676925 15.772266 -0.151823 2.565225 -6.029848 -1.226840 -1.343642 -3.511876 1.937872 -3.750653 3.400259 0.000077 -0.000022 0.000006 -0.000345 -0.111362 -0.051439 0.781674 -3.790349 -10.561944 -0.784128 3.574359 -10.564914 -26.408091 -4.791749 13.112699 -47.965397 -5.030116 29.886469 0.729406 -34.904510 -0.090220 14.247628 -1.853902 -6.594445 -5.882102 9.861279 0.702590 -10.936861 -0.360574 7.156197 0.000000 8.774815 -0.000000 -15.199792 18.648102 6.595306 -1.844031 2.498503 -2.507276 -10.163590 4.678941 4.621104 -20.975996 -0.000001 0.000001 -21.226254 2.451698 -3.593995 0.000000 -0.000006 -0.000000 -1.362681 2.240797 -0.746323 -21.334892 0.584910 3.008319 -13.821196 -0.000001 0.000001 -23.887129 -0.249075 -0.839485 -60.180553 2.805444 -1.138140 -0.294025 1.679686 0.833255 -14.218195 0.093215 1.300579 -34.212002 -0.287561 0.967166 -20.033176 0.964536 1.212838 0.000000 -0.000000 0.000000 -3.440387 0.788233 0.501655 -15.928172 -3.167306 2.999703 -6.338817 -0.000000 0.000001 -18.123419 3.648181 -4.905662 -0.000004 0.000000 -0.000002 25.780943 10.852949 15.499545 51.885239 1.210014 31.514759 -0.390814 25.277725 -0.112439 -11.356913 3.985115 -16.546028 2.243540 -5.255033 -3.180156 14.282877 -0.826594 6.952496 -0.000000 -12.690593 -0.000001 16.111237 -17.540434 2.408755 1.665665 -1.955920 -2.878297 4.727794 -4.170584 4.993919 11.020511 0.000001 -0.000000 12.109032 -3.735715 -2.866778 0.000000 -0.000000 0.000000 1.291985 -1.928548 -1.498088 14.800115 0.567467 3.865604 14.242553 -1.341738 -6.660648 19.631935 0.143921 -0.648243 49.440289 -0.511663 -6.377139 0.353029 -1.511150 -0.031940 20.222769 3.684305 2.316629 18.787249 0.000001 -0.000001 10.751608 -0.479870 1.397903 0.000000 -0.000000 0.000000 3.273804 0.305947 -0.580110 21.486790 11.830364 2.266131 8.162915 0.000000 -0.000000 18.399052 -3.798986 -4.940567 0.000003 0.000000 -0.000001 5.037130 6.575150 -1.535310 0.066614 -0.002148 8.208464 -5.857453 4.699767 -6.029772 1.624188 -2.063733 -1.013449 0.000000 -0.000000 0.000002 -4.592832 -20.735590 2.379367 -0.042591 -0.158649 5.126111 5.086368 -7.939758 -5.962087 -1.431974 0.786125 -0.596587 0.000000 -0.000000 -0.000001
0.000000 0.000000 0.000000 0.000000 -0.000000 0.000000 -0.422161 -0.299953 6.489215 -0.122722 -0.502038 -0.148037 0.217088 -0.103119 -5.684969 -0.328032 0.448613 -6.613324 -0.965065 -1.638183 15.705624 -0.350135 2.557633 -6.084026 -1.174696 -1.215433 -3.485020 1.889491 -3.785668 3.237765 0.000077 -0.000022 0.000006 0.000976 -0.105550 -0.048715 0.766000 -3.789987 -10.530381 -0.765876 3.584978 -10.527085 -26.482014 -4.829872 13.098356 -47.770447 -5.124931 29.960701 0.716522 -35.065510 -0.053373 14.258233 -1.732782 -6.684099 -5.882102 9.861279 0.702590 -10.936861 -0.360574 7.156197 0.000000 8.774815 -0.000000 -15.188790 18.664841 6.606322 -1.844031 2.498503 -2.507276 -10.163590 4.678941 4.621104 -20.975996 -0.000001 0.000001 -21.226254 2.451698 -3.593995 0.000000 -0.000006 -0.000000 -1.362681 2.240797 -0.746323 -21.334892 0.584910 3.008319 -13.821196 -0.000001 0.000001 -23.887129 -0.249075 -0.839485 -60.204124 2.834549 -1.194619 -0.294025 1.679686 0.833255 -14.218195 0.093215 1.300579 -34.212002 -0.287561 0.967166 -20.033176 0.964536 1.212838 0.000000 -0.000000 0.000000 -3.440387 0.788233 0.501655 -15.928172 -3.167306 2.999703 -6.338817 -0.000000 0.000001 -18.123419 3.648181 -4.905662 -0.000004 0.000000 -0.000002 25.712317 10.968470 15.383709 51.851952 1.499891 31.802967 -0.413726 25.432415 -0.100275 -11.463815 3.939609 -16.444523 2.243540 -5.255033 -3.180156 14.282877 -0.826594 6.952496 -0.000000 -12.690593 -0.000001 16.104704 -17.596796 2.424362 1.665665 -1.955920 -2.878297 4.727794 -4.170584 4.993919 11.020511 0.000001 -0.000000 12.109032 -3.735715 -2.866778 0.000000 -0.000000 0.000000 1.291985 -1.928548 -1.498088 14.800115 0.567467 3.865604 14.242553 -1.341738 -6.660648 19.631935 0.143921 -0.648243 49.418255 -0.531134 -6.405332 0.353029 -1.511150 -0.031940 20.222769 3.684305 2.316629 18.787249 0.000001 -0.000001 10.751608 -0.479870 1.397903 0.000000 -0.000000 0.000000 3.273804 0.305947 -0.580110 21.486790 11.830364 2.266131 8.162915 0.000000 -0.000000 18.399052 -3.798986 -4.940567 0.000003 0.000000 -0.000001 5.070247 6.742906 -1.591865 0.075640 0.024666 8.059691 -5.946196 4.746447 -6.005498 1.625679 -2.079302 -0.991169 0.000000 -0.000000 0.000002 -4.517572 -20.918531 2.248338 -0.033205 -0.134270 5.035646 5.018070 -7.786092 -5.932222 -1.430623 0.781013 -0.646678 0.000000 -0.000000 -0.000001
