HIERARCHY
ROOT Root
{
  OFFSET 0.000000 0.000000 0.000000
  CHANNELS 6 Xposition Yposition Zposition Zrotation Yrotation Xrotation
  JOINT Hips
  {
    OFFSET 0.000000 100.000000 0.000000
    CHANNELS 6 Xposition Yposition Zposition Zrotation Yrotation Xrotation
    JOINT Spine1
    {
      OFFSET -0.013727 5.003763 -0.053727
      CHANNELS 3 Zrotation Yrotation Xrotation
      JOINT Spine2
      {
        OFFSET -0.000000 7.125301 -0.029825
        CHANNELS 3 Zrotation Yrotation Xrotation
        JOINT Chest
        {
          OFFSET -0.000001 7.550063 -0.815971
          CHANNELS 3 Zrotation Yrotation Xrotation
          JOINT Neck1
          {
            OFFSET -0.181677 26.311295 -0.553348
            CHANNELS 3 Zrotation Yrotation Xrotation
            JOINT Neck2
            {
              OFFSET -0.000003 7.709397 2.302585
              CHANNELS 3 Zrotation Yrotation Xrotation
              JOINT Head
              {
                OFFSET -0.000005 6.128916 1.953709
                CHANNELS 3 Zrotation Yrotation Xrotation
                JOINT HeadEnd
                {
                  OFFSET 0.003598 16.065403 -1.835379
                  CHANNELS 3 Zrotation Yrotation Xrotation
                }
                JOINT Jaw
                {
                  OFFSET 0.002637 0.475592 3.094941
                  CHANNELS 3 Zrotation Yrotation Xrotation
                }
                JOINT LeftEye
                {
                  OFFSET 3.206381 5.380205 7.586883
                  CHANNELS 3 Zrotation Yrotation Xrotation
                }
                JOINT RightEye
                {
                  OFFSET -3.222440 5.361869 7.558234
                  CHANNELS 3 Zrotation Yrotation Xrotation
                }
              }
            }
          }
          JOINT LeftShoulder
          {
            OFFSET 1.621652 23.237164 5.113413
            CHANNELS 3 Zrotation Yrotation Xrotation
            JOINT LeftArm
            {
              OFFSET 14.919846 0.000002 -5.502326
              CHANNELS 3 Zrotation Yrotation Xrotation
              JOINT LeftForeArm
              {
                OFFSET 28.739307 0.000000 -0.002588
                CHANNELS 3 Zrotation Yrotation Xrotation
                JOINT LeftHand
                {
                  OFFSET 27.093981 -0.000001 0.002609
                  CHANNELS 3 Zrotation Yrotation Xrotation
                  JOINT LeftHandThumb1
                  {
                    OFFSET 2.276482 -1.392045 3.191413
                    CHANNELS 3 Zrotation Yrotation Xrotation
                    JOINT LeftHandThumb2
                    {
                      OFFSET 4.012836 -1.828127 1.641654
                      CHANNELS 3 Zrotation Yrotation Xrotation
                      JOINT LeftHandThumb3
                      {
                        OFFSET 2.798515 0.000000 -0.000003
                        CHANNELS 3 Zrotation Yrotation Xrotation
                        JOINT LeftHandThumbEnd
                        {
                          OFFSET 3.180793 -0.000004 0.000004
                          CHANNELS 3 Zrotation Yrotation Xrotation
                        }
                      }
                    }
                  }
                  JOINT LeftHandIndex1
                  {
                    OFFSET 3.247555 -0.531998 2.296169
                    CHANNELS 3 Zrotation Yrotation Xrotation
                    JOINT LeftHandIndex2
                    {
                      OFFSET 6.364578 0.012060 0.178600
                      CHANNELS 3 Zrotation Yrotation Xrotation
                      JOINT LeftHandIndex3
                      {
                        OFFSET 3.662364 0.000000 0.000000
                        CHANNELS 3 Zrotation Yrotation Xrotation
                        JOINT LeftHandIndex4
                        {
                          OFFSET 2.329242 0.000004 0.000004
                          CHANNELS 3 Zrotation Yrotation Xrotation
                          JOINT LeftHandIndexEnd
                          {
                            OFFSET 2.759615 -0.180537 -0.113024
                            CHANNELS 3 Zrotation Yrotation Xrotation
                          }
                        }
                      }
                    }
                  }
                  JOINT LeftHandMiddle1
                  {
                    OFFSET 3.163495 0.240981 1.000332
                    CHANNELS 3 Zrotation Yrotation Xrotation
                    JOINT LeftHandMiddle2
                    {
                      OFFSET 6.190780 -0.259278 -1.002548
                      CHANNELS 3 Zrotation Yrotation Xrotation
                      JOINT LeftHandMiddle3
                      {
                        OFFSET 4.356520 -0.000004 -0.000001
                        CHANNELS 3 Zrotation Yrotation Xrotation
                        JOINT LeftHandMiddle4
                        {
                          OFFSET 2.996877 -0.000008 0.000000
                          CHANNELS 3 Zrotation Yrotation Xrotation
                          JOINT LeftHandMiddleEnd
                          {
                            OFFSET 2.304287 -0.294569 -0.031741
                            CHANNELS 3 Zrotation Yrotation Xrotation
                          }
                        }
                      }
                    }
                  }
                  JOINT LeftHandRing1
                  {
                    OFFSET 2.882643 -0.053652 -0.322543
                    CHANNELS 3 Zrotation Yrotation Xrotation
                    JOINT LeftHandRing2
                    {
                      OFFSET 5.854541 -0.486202 -1.373841
                      CHANNELS 3 Zrotation Yrotation Xrotation
                      JOINT LeftHandRing3
                      {
                        OFFSET 4.350578 0.000000 0.000003
                        CHANNELS 3 Zrotation Yrotation Xrotation
                        JOINT LeftHandRing4
                        {
                          OFFSET 2.651321 0.000007 0.000002
                          CHANNELS 3 Zrotation Yrotation Xrotation
                          JOINT LeftHandRingEnd
                          {
                            OFFSET 1.936105 0.077687 -0.000071
                            CHANNELS 3 Zrotation Yrotation Xrotation
                          }
                        }
                      }
                    }
                  }
                  JOINT LeftHandPinky1
                  {
                    OFFSET 2.865500 -0.310005 -1.600378
                    CHANNELS 3 Zrotation Yrotation Xrotation
                    JOINT LeftHandPinky2
                    {
                      OFFSET 5.087849 -1.331141 -1.771230
                      CHANNELS 3 Zrotation Yrotation Xrotation
                      JOINT LeftHandPinky3
                      {
                        OFFSET 3.070974 0.000004 0.000000
                        CHANNELS 3 Zrotation Yrotation Xrotation
                        JOINT LeftHandPinky4
                        {
                          OFFSET 1.549672 0.000000 0.000001
                          CHANNELS 3 Zrotation Yrotation Xrotation
                          JOINT LeftHandPinkyEnd
                          {
                            OFFSET 1.944893 -0.157802 0.057219
                            CHANNELS 3 Zrotation Yrotation Xrotation
                          }
                        }
                      }
                    }
                  }
                }
              }
            }
          }
          JOINT RightShoulder
          {
            OFFSET -1.380118 23.180309 5.214158
            CHANNELS 3 Zrotation Yrotation Xrotation
            JOINT RightArm
            {
              OFFSET -15.037196 0.000012 -5.545604
              CHANNELS 3 Zrotation Yrotation Xrotation
              JOINT RightForeArm
              {
                OFFSET -28.736639 0.000002 -0.002597
                CHANNELS 3 Zrotation Yrotation Xrotation
                JOINT RightHand
                {
                  OFFSET -27.133619 -0.000000 0.002613
                  CHANNELS 3 Zrotation Yrotation Xrotation
                  JOINT RightHandThumb1
                  {
                    OFFSET -2.274032 -1.383988 3.163127
                    CHANNELS 3 Zrotation Yrotation Xrotation
                    JOINT RightHandThumb2
                    {
                      OFFSET -4.011429 -1.827466 1.640914
                      CHANNELS 3 Zrotation Yrotation Xrotation
                      JOINT RightHandThumb3
                      {
                        OFFSET -2.794935 -0.000004 -0.000003
                        CHANNELS 3 Zrotation Yrotation Xrotation
                        JOINT RightHandThumbEnd
                        {
                          OFFSET -3.183852 0.000004 0.000001
                          CHANNELS 3 Zrotation Yrotation Xrotation
                        }
                      }
                    }
                  }
                  JOINT RightHandIndex1
                  {
                    OFFSET -3.253266 -0.520057 2.282866
                    CHANNELS 3 Zrotation Yrotation Xrotation
                    JOINT RightHandIndex2
                    {
                      OFFSET -6.341917 0.012471 0.178266
                      CHANNELS 3 Zrotation Yrotation Xrotation
                      JOINT RightHandIndex3
                      {
                        OFFSET -3.654871 -0.000008 -0.000000
                        CHANNELS 3 Zrotation Yrotation Xrotation
                        JOINT RightHandIndex4
                        {
                          OFFSET -2.327586 0.000000 0.000001
                          CHANNELS 3 Zrotation Yrotation Xrotation
                          JOINT RightHandIndexEnd
                          {
                            OFFSET -2.761790 -0.180656 -0.113078
                            CHANNELS 3 Zrotation Yrotation Xrotation
                          }
                        }
                      }
                    }
                  }
                  JOINT RightHandMiddle1
                  {
                    OFFSET -3.168106 0.246593 1.001030
                    CHANNELS 3 Zrotation Yrotation Xrotation
                    JOINT RightHandMiddle2
                    {
                      OFFSET -6.180828 -0.258836 -1.000895
                      CHANNELS 3 Zrotation Yrotation Xrotation
                      JOINT RightHandMiddle3
                      {
                        OFFSET -4.348901 0.000000 -0.000000
                        CHANNELS 3 Zrotation Yrotation Xrotation
                        JOINT RightHandMiddle4
                        {
                          OFFSET -3.000240 -0.000004 -0.000002
                          CHANNELS 3 Zrotation Yrotation Xrotation
                          JOINT RightHandMiddleEnd
                          {
                            OFFSET -2.302520 -0.294370 -0.031706
                            CHANNELS 3 Zrotation Yrotation Xrotation
                          }
                        }
                      }
                    }
                  }
                  JOINT RightHandRing1
                  {
                    OFFSET -2.885690 -0.067952 -0.308858
                    CHANNELS 3 Zrotation Yrotation Xrotation
                    JOINT RightHandRing2
                    {
                      OFFSET -5.854198 -0.486130 -1.373731
                      CHANNELS 3 Zrotation Yrotation Xrotation
                      JOINT RightHandRing3
                      {
                        OFFSET -4.338810 -0.000004 -0.000000
                        CHANNELS 3 Zrotation Yrotation Xrotation
                        JOINT RightHandRing4
                        {
                          OFFSET -2.654903 -0.000004 0.000004
                          CHANNELS 3 Zrotation Yrotation Xrotation
                          JOINT RightHandRingEnd
                          {
                            OFFSET -1.933568 0.077527 -0.000052
                            CHANNELS 3 Zrotation Yrotation Xrotation
                          }
                        }
                      }
                    }
                  }
                  JOINT RightHandPinky1
                  {
                    OFFSET -2.866425 -0.342796 -1.584145
                    CHANNELS 3 Zrotation Yrotation Xrotation
                    JOINT RightHandPinky2
                    {
                      OFFSET -5.091371 -1.332055 -1.772385
                      CHANNELS 3 Zrotation Yrotation Xrotation
                      JOINT RightHandPinky3
                      {
                        OFFSET -3.062664 -0.000004 0.000001
                        CHANNELS 3 Zrotation Yrotation Xrotation
                        JOINT RightHandPinky4
                        {
                          OFFSET -1.546529 0.000004 -0.000002
                          CHANNELS 3 Zrotation Yrotation Xrotation
                          JOINT RightHandPinkyEnd
                          {
                            OFFSET -1.945119 -0.157718 0.057211
                            CHANNELS 3 Zrotation Yrotation Xrotation
                          }
                        }
                      }
                    }
                  }
                }
              }
            }
          }
        }
      }
    }
    JOINT LeftLeg
    {
      OFFSET 10.043214 -8.434526 2.595655
      CHANNELS 3 Zrotation Yrotation Xrotation
      JOINT LeftShin
      {
        OFFSET -0.000001 -43.221752 -0.802913
        CHANNELS 3 Zrotation Yrotation Xrotation
        JOINT LeftFoot
        {
          OFFSET 0.000001 -42.155094 -3.481523
          CHANNELS 3 Zrotation Yrotation Xrotation
          JOINT LeftToeBase
          {
            OFFSET 0.000000 -5.059472 13.231529
            CHANNELS 3 Zrotation Yrotation Xrotation
            JOINT LeftToeEnd
            {
              OFFSET -0.009607 -1.647619 6.513017
              CHANNELS 3 Zrotation Yrotation Xrotation
            }
          }
        }
      }
    }
    JOINT RightLeg
    {
      OFFSET -10.047278 -8.295260 2.620317
      CHANNELS 3 Zrotation Yrotation Xrotation
      JOINT RightShin
      {
        OFFSET 0.000001 -43.362206 -0.805556
        CHANNELS 3 Zrotation Yrotation Xrotation
        JOINT RightFoot
        {
          OFFSET 0.000002 -42.117393 -3.478398
          CHANNELS 3 Zrotation Yrotation Xrotation
          JOINT RightToeBase
          {
            OFFSET -0.000000 -5.079609 13.284196
            CHANNELS 3 Zrotation Yrotation Xrotation
            JOINT RightToeEnd
            {
              OFFSET 0.009532 -1.634378 6.460591
              CHANNELS 3 Zrotation Yrotation Xrotation
            }
          }
        }
      }
    }
  }
}
MOTION
Frames: 44
Frame Time: 0.03333333
0.000000 0.000000 0.000000 0.000000 -0.000000 0.000000 -7.045073 -0.109232 262.005446 4.986623 -4.433925 -4.212185 -4.304211 -0.166863 -3.085534 -0.992298 0.573966 -5.974818 0.110884 -1.314475 11.924510 1.076430 2.517490 5.768088 -0.374227 0.688512 -3.660890 0.333458 0.596155 -8.356221 0.000077 -0.000022 0.000006 0.034329 0.062542 0.084122 0.703566 -3.675330 -10.539640 -0.644029 3.803422 -10.570020 -19.903620 -5.765585 15.993010 -49.369072 -9.215695 31.701836 -0.156035 -20.080549 -0.114746 4.476325 -2.490259 -21.928886 -5.882102 9.861279 0.702590 -10.936861 -0.360574 7.156197 0.000000 8.774815 -0.000000 -16.054302 18.327913 5.981585 -1.844031 2.498503 -2.507276 -10.163590 4.678941 4.621104 -20.975996 -0.000001 0.000001 -21.226254 2.451698 -3.593995 0.000000 -0.000006 -0.000000 -1.362681 2.240797 -0.746323 -21.334892 0.584910 3.008319 -13.821196 -0.000001 0.000001 -23.887129 -0.249075 -0.839485 -60.386337 2.339152 -1.258015 -0.294025 1.679686 0.833255 -14.218195 0.093215 1.300579 -34.212002 -0.287561 0.967166 -20.033176 0.964536 1.212838 0.000000 -0.000000 0.000000 -3.440387 0.788233 0.501655 -15.928172 -3.167306 2.999703 -6.338817 -0.000000 0.000001 -18.123419 3.648181 -4.905662 -0.000004 0.000000 -0.000002 22.420786 11.230705 16.977766 51.972466 5.045661 17.338465 0.092346 24.349070 0.060763 -1.177528 4.273242 -14.387938 2.243540 -5.255033 -3.180156 14.282877 -0.826594 6.952496 -0.000000 -12.690593 -0.000001 16.584677 -17.735577 2.531562 1.665665 -1.955920 -2.878297 4.727794 -4.170584 4.993919 11.020511 0.000001 -0.000000 12.109032 -3.735715 -2.866778 0.000000 -0.000000 0.000000 1.291985 -1.928548 -1.498088 14.800115 0.567467 3.865604 14.242553 -1.341738 -6.660648 19.631935 0.143921 -0.648243 50.277409 -0.561067 -5.885129 0.353029 -1.511150 -0.031940 20.222769 3.684305 2.316629 18.787249 0.000001 -0.000001 10.751608 -0.479870 1.397903 0.000000 -0.000000 0.000000 3.273804 0.305947 -0.580110 21.486790 11.830364 2.266131 8.162915 0.000000 -0.000000 18.399052 -3.798986 -4.940567 0.000003 0.000000 -0.000001 -7.901464 3.153831 -6.702632 0.089977 -0.039323 13.948721 0.231335 4.454485 -3.849475 1.604418 -2.021800 -0.158405 0.000000 -0.000000 0.000002 -15.418018 -13.444973 -9.852592 0.100645 0.078520 64.191406 0.380767 -0.287588 8.497160 -1.339910 0.825225 -2.191709 0.000000 -0.000000 -0.000001
0.000000 0.000000 0.000000 0.000000 -0.000000 0.000000 -7.045073 0.052984 262.005446 4.382410 -4.462934 -4.361988 -4.137977 -0.253363 -2.913618 -0.912406 0.276538 -5.902657 0.409898 -1.651761 11.876599 1.255668 2.425731 5.898754 -0.347484 0.712762 -3.638222 0.267399 0.564789 -8.258180 0.000077 -0.000022 0.000006 0.033749 0.057587 0.071326 0.709039 -3.680010 -10.554183 -0.649530 3.798343 -10.586121 -19.511312 -6.289578 16.049156 -49.075420 -9.953719 31.468676 -0.215923 -19.756695 -0.080378 4.713334 -2.085855 -22.041342 -5.882102 9.861279 0.702590 -10.936861 -0.360574 7.156197 0.000000 8.774815 -0.000000 -15.928013 18.259066 6.039930 -1.844031 2.498503 -2.507276 -10.163590 4.678941 4.621104 -20.975996 -0.000001 0.000001 -21.226254 2.451698 -3.593995 0.000000 -0.000006 -0.000000 -1.362681 2.240797 -0.746323 -21.334892 0.584910 3.008319 -13.821196 -0.000001 0.000001 -23.887129 -0.249075 -0.839485 -60.272976 2.345331 -1.247464 -0.294025 1.679686 0.833255 -14.218195 0.093215 1.300579 -34.212002 -0.287561 0.967166 -20.033176 0.964536 1.212838 0.000000 -0.000000 0.000000 -3.440387 0.788233 0.501655 -15.928172 -3.167306 2.999703 -6.338817 -0.000000 0.000001 -18.123419 3.648181 -4.905662 -0.000004 0.000000 -0.000002 22.485266 10.903709 16.937881 51.801403 4.947242 16.164959 0.133087 24.199942 0.070166 -1.487417 4.269105 -15.217882 2.243540 -5.255033 -3.180156 14.282877 -0.826594 6.952496 -0.000000 -12.690593 -0.000001 16.571341 -17.770216 2.536359 1.665665 -1.955920 -2.878297 4.727794 -4.170584 4.993919 11.020511 0.000001 -0.000000 12.109032 -3.735715 -2.866778 0.000000 -0.000000 0.000000 1.291985 -1.928548 -1.498088 14.800115 0.567467 3.865604 14.242553 -1.341738 -6.660648 19.631935 0.143921 -0.648243 50.281288 -0.551028 -5.939131 0.353029 -1.511150 -0.031940 20.222769 3.684305 2.316629 18.787249 0.000001 -0.000001 10.751608 -0.479870 1.397903 0.000000 -0.000000 0.000000 3.273804 0.305947 -0.580110 21.486790 11.830364 2.266131 8.162915 0.000000 -0.000000 18.399052 -3.798986 -4.940567 0.000003 0.000000 -0.000001 -7.359108 3.879310 -4.747033 0.041323 -0.068131 13.257903 0.222241 3.579599 -4.925026 1.612906 -1.948662 -0.112079 0.000000 -0.000000 0.000002 -13.998253 -14.224098 -12.482616 0.111715 0.046674 63.136181 1.731021 0.175236 5.842640 -1.339028 0.800952 -2.090653 0.000000 -0.000000 -0.000001
0.000000 0.000000 0.000000 0.000000 -0.000000 0.000000 -7.045073 0.162146 262.005446 3.863336 -4.501367 -4.334059 -4.003145 -0.307185 -2.795619 -0.851690 0.006044 -5.866036 0.684296 -1.943677 11.814361 1.445213 2.273262 5.842039 -0.308730 0.815509 -3.623229 0.185199 0.538092 -8.133017 0.000077 -0.000022 0.000006 0.032299 0.038057 0.060381 0.714131 -3.699708 -10.571524 -0.656367 3.778198 -10.602795 -19.298328 -6.778074 16.112947 -48.574814 -10.563032 31.200541 -0.252124 -19.966196 -0.048071 4.789212 -1.794446 -21.953560 -5.882102 9.861279 0.702590 -10.936861 -0.360574 7.156197 0.000000 8.774815 -0.000000 -15.819417 18.211315 6.094009 -1.844031 2.498503 -2.507276 -10.163590 4.678941 4.621104 -20.975996 -0.000001 0.000001 -21.226254 2.451698 -3.593995 0.000000 -0.000006 -0.000000 -1.362681 2.240797 -0.746323 -21.334892 0.584910 3.008319 -13.821196 -0.000001 0.000001 -23.887129 -0.249075 -0.839485 -60.222782 2.362460 -1.242374 -0.294025 1.679686 0.833255 -14.218195 0.093215 1.300579 -34.212002 -0.287561 0.967166 -20.033176 0.964536 1.212838 0.000000 -0.000000 0.000000 -3.440387 0.788233 0.501655 -15.928172 -3.167306 2.999703 -6.338817 -0.000000 0.000001 -18.123419 3.648181 -4.905662 -0.000004 0.000000 -0.000002 22.670269 10.593742 16.834740 51.452671 4.654311 15.182075 0.158847 24.146872 0.072481 -1.454467 4.220984 -15.800426 2.243540 -5.255033 -3.180156 14.282877 -0.826594 6.952496 -0.000000 -12.690593 -0.000001 16.559233 -17.811924 2.551360 1.665665 -1.955920 -2.878297 4.727794 -4.170584 4.993919 11.020511 0.000001 -0.000000 12.109032 -3.735715 -2.866778 0.000000 -0.000000 0.000000 1.291985 -1.928548 -1.498088 14.800115 0.567467 3.865604 14.242553 -1.341738 -6.660648 19.631935 0.143921 -0.648243 50.297607 -0.577707 -6.022161 0.353029 -1.511150 -0.031940 20.222769 3.684305 2.316629 18.787249 0.000001 -0.000001 10.751608 -0.479870 1.397903 0.000000 -0.000000 0.000000 3.273804 0.305947 -0.580110 21.486790 11.830364 2.266131 8.162915 0.000000 -0.000000 18.399052 -3.798986 -4.940567 0.000003 0.000000 -0.000001 -6.820174 4.590482 -3.032514 -0.003598 -0.076232 12.562770 0.183936 2.691116 -5.929321 1.622447 -1.872072 -0.016509 0.000000 -0.000000 0.000002 -12.483947 -14.906813 -14.748054 0.101090 0.017011 59.674919 3.346448 0.646148 3.513666 -1.340263 0.772982 -2.147897 0.000000 -0.000000 -0.000001
0.000000 0.000000 0.000000 0.000000 -0.000000 0.000000 -7.045073 0.220946 262.005446 3.488771 -4.540846 -4.119972 -3.891417 -0.320766 -2.763007 -0.816099 -0.190631 -5.868010 0.884898 -2.164030 11.797310 1.599410 2.104100 5.606322 -0.280332 0.942692 -3.620590 0.152200 0.520242 -8.035226 0.000077 -0.000022 0.000006 0.027982 0.003770 0.053876 0.710795 -3.732683 -10.583278 -0.660731 3.742316 -10.611382 -19.304825 -7.184565 16.100075 -47.881519 -11.033943 30.917654 -0.241526 -20.667015 -0.031250 4.934676 -1.640155 -21.847109 -5.882102 9.861279 0.702590 -10.936861 -0.360574 7.156197 0.000000 8.774815 -0.000000 -15.739543 18.210846 6.159111 -1.844031 2.498503 -2.507276 -10.163590 4.678941 4.621104 -20.975996 -0.000001 0.000001 -21.226254 2.451698 -3.593995 0.000000 -0.000006 -0.000000 -1.362681 2.240797 -0.746323 -21.334892 0.584910 3.008319 -13.821196 -0.000001 0.000001 -23.887129 -0.249075 -0.839485 -60.257721 2.373058 -1.212390 -0.294025 1.679686 0.833255 -14.218195 0.093215 1.300579 -34.212002 -0.287561 0.967166 -20.033176 0.964536 1.212838 0.000000 -0.000000 0.000000 -3.440387 0.788233 0.501655 -15.928172 -3.167306 2.999703 -6.338817 -0.000000 0.000001 -18.123419 3.648181 -4.905662 -0.000004 0.000000 -0.000002 22.984570 10.314454 16.719006 50.955498 4.282455 14.360628 0.180139 24.167723 0.067380 -1.335905 4.164594 -16.146523 2.243540 -5.255033 -3.180156 14.282877 -0.826594 6.952496 -0.000000 -12.690593 -0.000001 16.534555 -17.851423 2.587095 1.665665 -1.955920 -2.878297 4.727794 -4.170584 4.993919 11.020511 0.000001 -0.000000 12.109032 -3.735715 -2.866778 0.000000 -0.000000 0.000000 1.291985 -1.928548 -1.498088 14.800115 0.567467 3.865604 14.242553 -1.341738 -6.660648 19.631935 0.143921 -0.648243 50.315327 -0.636163 -6.081666 0.353029 -1.511150 -0.031940 20.222769 3.684305 2.316629 18.787249 0.000001 -0.000001 10.751608 -0.479870 1.397903 0.000000 -0.000000 0.000000 3.273804 0.305947 -0.580110 21.486790 11.830364 2.266131 8.162915 0.000000 -0.000000 18.399052 -3.798986 -4.940567 0.000003 0.000000 -0.000001 -6.323780 5.200862 -1.519730 -0.035393 -0.059449 11.768723 0.083204 1.895541 -6.850329 1.631576 -1.814150 0.132638 0.000000 -0.000000 0.000002 -11.014512 -15.414370 -16.690643 0.066184 -0.015134 54.103420 4.693758 0.570796 1.842092 -1.357792 0.762021 -2.333146 0.000000 -0.000000 -0.000001
0.000000 0.000000 0.000000 0.000000 -0.000000 0.000000 -7.045073 0.204596 262.005446 3.299837 -4.574774 -3.751839 -3.810734 -0.310725 -2.817839 -0.790238 -0.312131 -5.899579 0.960261 -2.278708 11.817098 1.721988 1.951583 5.282454 -0.274452 1.021887 -3.615989 0.161746 0.536616 -7.990118 0.000077 -0.000022 0.000006 0.019676 -0.039649 0.057262 0.696033 -3.775778 -10.578889 -0.662044 3.699216 -10.603497 -19.438931 -7.508002 15.972314 -47.185940 -11.394282 30.671095 -0.171617 -21.675367 -0.027356 5.253682 -1.559268 -21.970802 -5.882102 9.861279 0.702590 -10.936861 -0.360574 7.156197 0.000000 8.774815 -0.000000 -15.657987 18.245523 6.211605 -1.844031 2.498503 -2.507276 -10.163590 4.678941 4.621104 -20.975996 -0.000001 0.000001 -21.226254 2.451698 -3.593995 0.000000 -0.000006 -0.000000 -1.362681 2.240797 -0.746323 -21.334892 0.584910 3.008319 -13.821196 -0.000001 0.000001 -23.887129 -0.249075 -0.839485 -60.268127 2.378041 -1.202176 -0.294025 1.679686 0.833255 -14.218195 0.093215 1.300579 -34.212002 -0.287561 0.967166 -20.033176 0.964536 1.212838 0.000000 -0.000000 0.000000 -3.440387 0.788233 0.501655 -15.928172 -3.167306 2.999703 -6.338817 -0.000000 0.000001 -18.123419 3.648181 -4.905662 -0.000004 0.000000 -0.000002 23.328529 10.067853 16.598965 50.486740 3.912636 13.657836 0.214044 24.221857 0.063267 -1.320917 4.101070 -16.461491 2.243540 -5.255033 -3.180156 14.282877 -0.826594 6.952496 -0.000000 -12.690593 -0.000001 16.501570 -17.867964 2.619175 1.665665 -1.955920 -2.878297 4.727794 -4.170584 4.993919 11.020511 0.000001 -0.000000 12.109032 -3.735715 -2.866778 0.000000 -0.000000 0.000000 1.291985 -1.928548 -1.498088 14.800115 0.567467 3.865604 14.242553 -1.341738 -6.660648 19.631935 0.143921 -0.648243 50.321556 -0.691780 -6.105048 0.353029 -1.511150 -0.031940 20.222769 3.684305 2.316629 18.787249 0.000001 -0.000001 10.751608 -0.479870 1.397903 0.000000 -0.000000 0.000000 3.273804 0.305947 -0.580110 21.486790 11.830364 2.266131 8.162915 0.000000 -0.000000 18.399052 -3.798986 -4.940567 0.000003 0.000000 -0.000001 -6.102645 5.733227 -0.233605 -0.047530 -0.032711 11.042242 0.088225 1.207754 -7.752219 1.636760 -1.787411 0.299649 0.000000 -0.000000 0.000002 -9.694341 -15.730411 -18.309803 0.049616 -0.014936 46.964378 5.625863 -0.123981 1.037246 -1.391067 0.789782 -2.589173 0.000000 -0.000000 -0.000001
0.000000 0.000000 0.000000 0.000000 -0.000000 0.000000 -7.045073 0.118612 262.005446 3.233211 -4.606786 -3.256994 -3.704345 -0.305992 -2.957828 -0.767453 -0.392206 -5.952215 0.901437 -2.295013 11.862365 1.812241 1.835971 4.930573 -0.292046 1.056677 -3.607162 0.202829 0.570407 -7.975484 0.000077 -0.000022 0.000006 0.009949 -0.071416 0.067818 0.679252 -3.809307 -10.571266 -0.664450 3.670259 -10.594337 -19.641891 -7.753189 15.798916 -46.616650 -11.735124 30.499220 -0.056475 -22.762531 -0.038423 5.678882 -1.515979 -22.241863 -5.882102 9.861279 0.702590 -10.936861 -0.360574 7.156197 0.000000 8.774815 -0.000000 -15.598976 18.313051 6.224844 -1.844031 2.498503 -2.507276 -10.163590 4.678941 4.621104 -20.975996 -0.000001 0.000001 -21.226254 2.451698 -3.593995 0.000000 -0.000006 -0.000000 -1.362681 2.240797 -0.746323 -21.334892 0.584910 3.008319 -13.821196 -0.000001 0.000001 -23.887129 -0.249075 -0.839485 -60.214195 2.396071 -1.237430 -0.294025 1.679686 0.833255 -14.218195 0.093215 1.300579 -34.212002 -0.287561 0.967166 -20.033176 0.964536 1.212838 0.000000 -0.000000 0.000000 -3.440387 0.788233 0.501655 -15.928172 -3.167306 2.999703 -6.338817 -0.000000 0.000001 -18.123419 3.648181 -4.905662 -0.000004 0.000000 -0.000002 23.612215 9.866410 16.460312 50.188293 3.582379 13.105034 0.245756 24.278244 0.057193 -1.447713 4.039313 -16.806189 2.243540 -5.255033 -3.180156 14.282877 -0.826594 6.952496 -0.000000 -12.690593 -0.000001 16.482996 -17.847752 2.633130 1.665665 -1.955920 -2.878297 4.727794 -4.170584 4.993919 11.020511 0.000001 -0.000000 12.109032 -3.735715 -2.866778 0.000000 -0.000000 0.000000 1.291985 -1.928548 -1.498088 14.800115 0.567467 3.865604 14.242553 -1.341738 -6.660648 19.631935 0.143921 -0.648243 50.333752 -0.722725 -6.090634 0.353029 -1.511150 -0.031940 20.222769 3.684305 2.316629 18.787249 0.000001 -0.000001 10.751608 -0.479870 1.397903 0.000000 -0.000000 0.000000 3.273804 0.305947 -0.580110 21.486790 11.830364 2.266131 8.162915 0.000000 -0.000000 18.399052 -3.798986 -4.940567 0.000003 0.000000 -0.000001 -5.992090 6.214444 0.834934 -0.049648 0.001036 10.450397 0.073208 0.582252 -8.709336 1.638774 -1.787064 0.432072 0.000000 -0.000000 0.000002 -8.479243 -15.933261 -19.587370 0.068980 0.026521 38.655235 6.376486 -0.956480 1.419516 -1.421093 0.858202 -2.788257 0.000000 -0.000000 -0.000001
0.000000 0.000000 0.000000 0.000000 -0.000000 0.000000 -7.045073 -0.009775 262.005446 3.192461 -4.641493 -2.672424 -3.509499 -0.305752 -3.165231 -0.743454 -0.446459 -6.019080 0.747814 -2.244499 11.918086 1.844235 1.756456 4.584136 -0.299185 1.072520 -3.605022 0.258014 0.611259 -7.950055 0.000077 -0.000022 0.000006 0.002354 -0.075047 0.076297 0.669894 -3.816675 -10.580762 -0.670142 3.671475 -10.603477 -19.891666 -7.952115 15.664841 -46.259415 -12.112036 30.301069 0.071627 -23.763977 -0.062982 6.096469 -1.532953 -22.484058 -5.882102 9.861279 0.702590 -10.936861 -0.360574 7.156197 0.000000 8.774815 -0.000000 -15.566459 18.393835 6.209145 -1.844031 2.498503 -2.507276 -10.163590 4.678941 4.621104 -20.975996 -0.000001 0.000001 -21.226254 2.451698 -3.593995 0.000000 -0.000006 -0.000000 -1.362681 2.240797 -0.746323 -21.334892 0.584910 3.008319 -13.821196 -0.000001 0.000001 -23.887129 -0.249075 -0.839485 -60.122242 2.446678 -1.302427 -0.294025 1.679686 0.833255 -14.218195 0.093215 1.300579 -34.212002 -0.287561 0.967166 -20.033176 0.964536 1.212838 0.000000 -0.000000 0.000000 -3.440387 0.788233 0.501655 -15.928172 -3.167306 2.999703 -6.338817 -0.000000 0.000001 -18.123419 3.648181 -4.905662 -0.000004 0.000000 -0.000002 23.792400 9.698778 16.291538 50.076324 3.266865 12.801741 0.246984 24.361544 0.049307 -1.613411 3.944044 -17.034977 2.243540 -5.255033 -3.180156 14.282877 -0.826594 6.952496 -0.000000 -12.690593 -0.000001 16.476145 -17.806610 2.637062 1.665665 -1.955920 -2.878297 4.727794 -4.170584 4.993919 11.020511 0.000001 -0.000000 12.109032 -3.735715 -2.866778 0.000000 -0.000000 0.000000 1.291985 -1.928548 -1.498088 14.800115 0.567467 3.865604 14.242553 -1.341738 -6.660648 19.631935 0.143921 -0.648243 50.359917 -0.713777 -6.062637 0.353029 -1.511150 -0.031940 20.222769 3.684305 2.316629 18.787249 0.000001 -0.000001 10.751608 -0.479870 1.397903 0.000000 -0.000000 0.000000 3.273804 0.305947 -0.580110 21.486790 11.830364 2.266131 8.162915 0.000000 -0.000000 18.399052 -3.798986 -4.940567 0.000003 0.000000 -0.000001 -5.864114 6.708709 1.854292 -0.041593 0.043766 9.815201 -0.015605 -0.073101 -9.670527 1.639377 -1.797320 0.482467 0.000000 -0.000000 0.000002 -7.216319 -16.225040 -20.534784 0.114178 0.073754 29.430279 7.442288 -1.528817 2.918004 -1.435659 0.949356 -2.818845 0.000000 -0.000000 -0.000001
0.000000 0.000000 0.000000 0.000000 -0.000000 0.000000 -7.045073 -0.183336 262.005446 3.143254 -4.677584 -2.051782 -3.229159 -0.294343 -3.400926 -0.719984 -0.480809 -6.102638 0.541639 -2.177886 11.956663 1.808083 1.694075 4.271634 -0.285084 1.138982 -3.622041 0.347515 0.631770 -7.882496 0.000077 -0.000022 0.000006 -0.000980 -0.039876 0.072685 0.673096 -3.785064 -10.609068 -0.680007 3.711180 -10.631481 -20.168209 -8.113080 15.530689 -46.134377 -12.463543 30.133375 0.159383 -24.600538 -0.070844 6.398013 -1.595936 -22.515306 -5.882102 9.861279 0.702590 -10.936861 -0.360574 7.156197 0.000000 8.774815 -0.000000 -15.545832 18.437326 6.171607 -1.844031 2.498503 -2.507276 -10.163590 4.678941 4.621104 -20.975996 -0.000001 0.000001 -21.226254 2.451698 -3.593995 0.000000 -0.000006 -0.000000 -1.362681 2.240797 -0.746323 -21.334892 0.584910 3.008319 -13.821196 -0.000001 0.000001 -23.887129 -0.249075 -0.839485 -60.016991 2.497068 -1.424531 -0.294025 1.679686 0.833255 -14.218195 0.093215 1.300579 -34.212002 -0.287561 0.967166 -20.033176 0.964536 1.212838 0.000000 -0.000000 0.000000 -3.440387 0.788233 0.501655 -15.928172 -3.167306 2.999703 -6.338817 -0.000000 0.000001 -18.123419 3.648181 -4.905662 -0.000004 0.000000 -0.000002 23.829742 9.548126 16.067249 50.157669 2.933557 12.855416 0.192486 24.420376 0.040469 -1.715858 3.830318 -17.082224 2.243540 -5.255033 -3.180156 14.282877 -0.826594 6.952496 -0.000000 -12.690593 -0.000001 16.475620 -17.769270 2.634620 1.665665 -1.955920 -2.878297 4.727794 -4.170584 4.993919 11.020511 0.000001 -0.000000 12.109032 -3.735715 -2.866778 0.000000 -0.000000 0.000000 1.291985 -1.928548 -1.498088 14.800115 0.567467 3.865604 14.242553 -1.341738 -6.660648 19.631935 0.143921 -0.648243 50.433178 -0.682793 -6.058469 0.353029 -1.511150 -0.031940 20.222769 3.684305 2.316629 18.787249 0.000001 -0.000001 10.751608 -0.479870 1.397903 0.000000 -0.000000 0.000000 3.273804 0.305947 -0.580110 21.486790 11.830364 2.266131 8.162915 0.000000 -0.000000 18.399052 -3.798986 -4.940567 0.000003 0.000000 -0.000001 -5.660903 7.247854 2.863590 -0.009790 0.079775 9.195532 -0.204855 -0.799827 -10.663113 1.636858 -1.799845 0.425684 0.000000 -0.000000 0.000002 -5.843070 -16.709276 -21.223701 0.156220 0.047155 20.125362 9.243536 -1.955218 4.926295 -1.421495 1.042841 -2.828164 0.000000 -0.000000 -0.000001
0.000000 0.000000 0.000000 0.000000 -0.000000 0.000000 -7.045073 -0.390840 262.005446 3.017277 -4.715286 -1.409736 -2.837758 -0.247764 -3.625247 -0.691681 -0.498107 -6.203310 0.321255 -2.155134 11.970081 1.732874 1.693395 3.965120 -0.266543 1.250602 -3.647614 0.437587 0.665478 -7.743640 0.000077 -0.000022 0.000006 -0.000414 0.011287 0.059384 0.680976 -3.735466 -10.640262 -0.686936 3.765186 -10.664090 -20.486980 -8.219637 15.329217 -46.204891 -12.715122 30.182310 0.247482 -25.228430 -0.067297 6.515450 -1.698266 -22.382803 -5.882102 9.861279 0.702590 -10.936861 -0.360574 7.156197 0.000000 8.774815 -0.000000 -15.564821 18.461315 6.127549 -1.844031 2.498503 -2.507276 -10.163590 4.678941 4.621104 -20.975996 -0.000001 0.000001 -21.226254 2.451698 -3.593995 0.000000 -0.000006 -0.000000 -1.362681 2.240797 -0.746323 -21.334892 0.584910 3.008319 -13.821196 -0.000001 0.000001 -23.887129 -0.249075 -0.839485 -59.918831 2.522364 -1.577142 -0.294025 1.679686 0.833255 -14.218195 0.093215 1.300579 -34.212002 -0.287561 0.967166 -20.033176 0.964536 1.212838 0.000000 -0.000000 0.000000 -3.440387 0.788233 0.501655 -15.928172 -3.167306 2.999703 -6.338817 -0.000000 0.000001 -18.123419 3.648181 -4.905662 -0.000004 0.000000 -0.000002 23.778324 9.464244 15.836173 50.341026 2.572048 13.106178 0.156747 24.416216 0.040910 -1.739587 3.740875 -16.938473 2.243540 -5.255033 -3.180156 14.282877 -0.826594 6.952496 -0.000000 -12.690593 -0.000001 16.447485 -17.741503 2.634383 1.665665 -1.955920 -2.878297 4.727794 -4.170584 4.993919 11.020511 0.000001 -0.000000 12.109032 -3.735715 -2.866778 0.000000 -0.000000 0.000000 1.291985 -1.928548 -1.498088 14.800115 0.567467 3.865604 14.242553 -1.341738 -6.660648 19.631935 0.143921 -0.648243 50.510502 -0.659802 -6.101897 0.353029 -1.511150 -0.031940 20.222769 3.684305 2.316629 18.787249 0.000001 -0.000001 10.751608 -0.479870 1.397903 0.000000 -0.000000 0.000000 3.273804 0.305947 -0.580110 21.486790 11.830364 2.266131 8.162915 0.000000 -0.000000 18.399052 -3.798986 -4.940567 0.000003 0.000000 -0.000001 -5.291151 7.806695 3.878305 0.018283 0.077332 8.623373 -0.438841 -1.600136 -11.678616 1.635759 -1.780982 0.298449 0.000000 -0.000000 0.000002 -4.246297 -17.322231 -22.023651 0.169742 -0.066834 12.015295 11.408342 -2.714221 6.626414 -1.381546 1.095278 -2.947632 0.000000 -0.000000 -0.000001
0.000000 0.000000 0.000000 0.000000 -0.000000 0.000000 -7.045073 -0.619554 262.005446 2.812868 -4.748197 -0.822742 -2.385469 -0.182822 -3.808107 -0.640964 -0.510373 -6.292040 0.120823 -2.172333 11.953618 1.635056 1.755870 3.706674 -0.235538 1.348530 -3.668409 0.490343 0.741610 -7.567869 0.000077 -0.000022 0.000006 0.003278 0.059502 0.044246 0.687366 -3.688968 -10.665544 -0.686022 3.816346 -10.690239 -20.773680 -8.263014 15.111236 -46.500664 -12.878625 30.393108 0.306439 -25.634733 -0.080672 6.511779 -1.817001 -21.983887 -5.882102 9.861279 0.702590 -10.936861 -0.360574 7.156197 0.000000 8.774815 -0.000000 -15.614405 18.471678 6.106399 -1.844031 2.498503 -2.507276 -10.163590 4.678941 4.621104 -20.975996 -0.000001 0.000001 -21.226254 2.451698 -3.593995 0.000000 -0.000006 -0.000000 -1.362681 2.240797 -0.746323 -21.334892 0.584910 3.008319 -13.821196 -0.000001 0.000001 -23.887129 -0.249075 -0.839485 -59.936646 2.564828 -1.669348 -0.294025 1.679686 0.833255 -14.218195 0.093215 1.300579 -34.212002 -0.287561 0.967166 -20.033176 0.964536 1.212838 0.000000 -0.000000 0.000000 -3.440387 0.788233 0.501655 -15.928172 -3.167306 2.999703 -6.338817 -0.000000 0.000001 -18.123419 3.648181 -4.905662 -0.000004 0.000000 -0.000002 23.685312 9.476566 15.691284 50.568012 2.211532 13.431759 0.114395 24.325476 0.043462 -1.629482 3.671196 -16.626661 2.243540 -5.255033 -3.180156 14.282877 -0.826594 6.952496 -0.000000 -12.690593 -0.000001 16.352034 -17.686163 2.637570 1.665665 -1.955920 -2.878297 4.727794 -4.170584 4.993919 11.020511 0.000001 -0.000000 12.109032 -3.735715 -2.866778 0.000000 -0.000000 0.000000 1.291985 -1.928548 -1.498088 14.800115 0.567467 3.865604 14.242553 -1.341738 -6.660648 19.631935 0.143921 -0.648243 50.450043 -0.645916 -6.176538 0.353029 -1.511150 -0.031940 20.222769 3.684305 2.316629 18.787249 0.000001 -0.000001 10.751608 -0.479870 1.397903 0.000000 -0.000000 0.000000 3.273804 0.305947 -0.580110 21.486790 11.830364 2.266131 8.162915 0.000000 -0.000000 18.399052 -3.798986 -4.940567 0.000003 0.000000 -0.000001 -4.786075 8.191785 5.231139 0.032315 0.038704 7.532741 -0.670510 -2.326540 -12.578132 1.638865 -1.748078 0.174764 0.000000 -0.000000 0.000002 -2.624740 -17.800882 -22.883863 0.155443 -0.179422 5.786972 13.383523 -3.776091 7.253520 -1.337187 1.121177 -3.045715 0.000000 -0.000000 -0.000001
0.000000 0.000000 0.000000 0.000000 -0.000000 0.000000 -7.045073 -0.900011 262.005446 2.577365 -4.773036 -0.323802 -1.944252 -0.123623 -3.954708 -0.571416 -0.547185 -6.357052 -0.025953 -2.196647 11.912423 1.503747 1.836638 3.533007 -0.165552 1.465385 -3.665131 0.461574 0.864868 -7.461001 0.000077 -0.000022 0.000006 0.006777 0.082826 0.033682 0.684626 -3.667967 -10.678164 -0.676234 3.842708 -10.698895 -20.979891 -8.205606 14.908778 -47.032032 -12.932870 30.635355 0.283147 -25.898458 -0.107600 6.497689 -1.976121 -21.222527 -5.882102 9.861279 0.702590 -10.936861 -0.360574 7.156197 0.000000 8.774815 -0.000000 -15.640887 18.489384 6.131649 -1.844031 2.498503 -2.507276 -10.163590 4.678941 4.621104 -20.975996 -0.000001 0.000001 -21.226254 2.451698 -3.593995 0.000000 -0.000006 -0.000000 -1.362681 2.240797 -0.746323 -21.334892 0.584910 3.008319 -13.821196 -0.000001 0.000001 -23.887129 -0.249075 -0.839485 -60.050621 2.649196 -1.652405 -0.294025 1.679686 0.833255 -14.218195 0.093215 1.300579 -34.212002 -0.287561 0.967166 -20.033176 0.964536 1.212838 0.000000 -0.000000 0.000000 -3.440387 0.788233 0.501655 -15.928172 -3.167306 2.999703 -6.338817 -0.000000 0.000001 -18.123419 3.648181 -4.905662 -0.000004 0.000000 -0.000002 23.573393 9.575583 15.712075 50.808750 1.920683 13.753066 0.049200 24.128092 0.045508 -1.384505 3.576869 -16.078001 2.243540 -5.255033 -3.180156 14.282877 -0.826594 6.952496 -0.000000 -12.690593 -0.000001 16.225845 -17.614016 2.629031 1.665665 -1.955920 -2.878297 4.727794 -4.170584 4.993919 11.020511 0.000001 -0.000000 12.109032 -3.735715 -2.866778 0.000000 -0.000000 0.000000 1.291985 -1.928548 -1.498088 14.800115 0.567467 3.865604 14.242553 -1.341738 -6.660648 19.631935 0.143921 -0.648243 50.224529 -0.622496 -6.299856 0.353029 -1.511150 -0.031940 20.222769 3.684305 2.316629 18.787249 0.000001 -0.000001 10.751608 -0.479870 1.397903 0.000000 -0.000000 0.000000 3.273804 0.305947 -0.580110 21.486790 11.830364 2.266131 8.162915 0.000000 -0.000000 18.399052 -3.798986 -4.940567 0.000003 0.000000 -0.000001 -4.211791 8.322543 7.030513 0.028159 -0.013036 5.852039 -0.950939 -2.866402 -13.201273 1.646806 -1.744415 0.102121 0.000000 -0.000000 0.000002 -1.157132 -17.989697 -24.119291 0.117055 -0.208293 2.462467 15.282818 -4.537364 6.486403 -1.295283 1.116069 -3.106266 0.000000 -0.000000 -0.000001
0.000000 0.000000 0.000000 0.000000 -0.000000 0.000000 -7.045073 -1.236124 262.005446 2.310926 -4.788713 0.052172 -1.547800 -0.097318 -4.079792 -0.504464 -0.634298 -6.416068 -0.056339 -2.231694 11.892667 1.353743 1.894199 3.415224 -0.088878 1.597853 -3.633487 0.371256 0.942638 -7.500871 0.000077 -0.000022 0.000006 0.006836 0.086028 0.032616 0.681083 -3.665921 -10.685163 -0.672452 3.847291 -10.697095 -21.055666 -8.054708 14.820720 -47.800846 -12.874480 30.759119 0.158539 -26.095604 -0.105426 6.573183 -2.227411 -20.337889 -5.882102 9.861279 0.702590 -10.936861 -0.360574 7.156197 0.000000 8.774815 -0.000000 -15.675920 18.477507 6.128047 -1.844031 2.498503 -2.507276 -10.163590 4.678941 4.621104 -20.975996 -0.000001 0.000001 -21.226254 2.451698 -3.593995 0.000000 -0.000006 -0.000000 -1.362681 2.240797 -0.746323 -21.334892 0.584910 3.008319 -13.821196 -0.000001 0.000001 -23.887129 -0.249075 -0.839485 -60.193657 2.722620 -1.620376 -0.294025 1.679686 0.833255 -14.218195 0.093215 1.300579 -34.212002 -0.287561 0.967166 -20.033176 0.964536 1.212838 0.000000 -0.000000 0.000000 -3.440387 0.788233 0.501655 -15.928172 -3.167306 2.999703 -6.338817 -0.000000 0.000001 -18.123419 3.648181 -4.905662 -0.000004 0.000000 -0.000002 23.458458 9.648403 15.868826 51.039436 1.771651 14.117429 -0.026739 23.778578 0.058092 -1.090958 3.483786 -15.559982 2.243540 -5.255033 -3.180156 14.282877 -0.826594 6.952496 -0.000000 -12.690593 -0.000001 16.147387 -17.541674 2.585634 1.665665 -1.955920 -2.878297 4.727794 -4.170584 4.993919 11.020511 0.000001 -0.000000 12.109032 -3.735715 -2.866778 0.000000 -0.000000 0.000000 1.291985 -1.928548 -1.498088 14.800115 0.567467 3.865604 14.242553 -1.341738 -6.660648 19.631935 0.143921 -0.648243 49.938972 -0.571957 -6.443917 0.353029 -1.511150 -0.031940 20.222769 3.684305 2.316629 18.787249 0.000001 -0.000001 10.751608 -0.479870 1.397903 0.000000 -0.000000 0.000000 3.273804 0.305947 -0.580110 21.486790 11.830364 2.266131 8.162915 0.000000 -0.000000 18.399052 -3.798986 -4.940567 0.000003 0.000000 -0.000001 -3.522103 8.273148 9.283655 0.026279 -0.077288 3.755232 -1.266444 -3.322694 -13.627712 1.659450 -1.755805 0.012288 0.000000 -0.000000 0.000002 -0.009557 -17.926031 -25.238607 0.078461 -0.174435 1.816290 16.772535 -4.927865 5.586697 -1.264427 1.105774 -3.229879 0.000000 -0.000000 -0.000001
0.000000 0.000000 0.000000 0.000000 -0.000000 0.000000 -7.045073 -1.569780 262.005446 1.775551 -4.797042 0.388950 -1.025229 -0.058743 -4.275801 -0.428078 -0.775112 -6.502926 0.061454 -2.302859 11.954490 1.244940 1.945809 3.215185 -0.049655 1.629901 -3.607217 0.305243 0.932527 -7.475586 0.000077 -0.000022 0.000006 0.003879 0.085410 0.040436 0.682626 -3.664846 -10.683153 -0.679575 3.845065 -10.687330 -21.165030 -7.859063 14.821519 -48.567852 -12.592064 30.776533 0.001056 -26.213680 -0.070914 6.654528 -2.676481 -19.598951 -5.882102 9.861279 0.702590 -10.936861 -0.360574 7.156197 0.000000 8.774815 -0.000000 -15.756765 18.402885 6.048539 -1.844031 2.498503 -2.507276 -10.163590 4.678941 4.621104 -20.975996 -0.000001 0.000001 -21.226254 2.451698 -3.593995 0.000000 -0.000006 -0.000000 -1.362681 2.240797 -0.746323 -21.334892 0.584910 3.008319 -13.821196 -0.000001 0.000001 -23.887129 -0.249075 -0.839485 -60.289158 2.714792 -1.603637 -0.294025 1.679686 0.833255 -14.218195 0.093215 1.300579 -34.212002 -0.287561 0.967166 -20.033176 0.964536 1.212838 0.000000 -0.000000 0.000000 -3.440387 0.788233 0.501655 -15.928172 -3.167306 2.999703 -6.338817 -0.000000 0.000001 -18.123419 3.648181 -4.905662 -0.000004 0.000000 -0.000002 23.513201 9.598403 16.070656 51.083057 1.685760 14.458759 -0.075546 23.327124 0.076151 -0.797721 3.488768 -15.153069 2.243540 -5.255033 -3.180156 14.282877 -0.826594 6.952496 -0.000000 -12.690593 -0.000001 16.103411 -17.511446 2.541935 1.665665 -1.955920 -2.878297 4.727794 -4.170584 4.993919 11.020511 0.000001 -0.000000 12.109032 -3.735715 -2.866778 0.000000 -0.000000 0.000000 1.291985 -1.928548 -1.498088 14.800115 0.567467 3.865604 14.242553 -1.341738 -6.660648 19.631935 0.143921 -0.648243 49.749092 -0.520323 -6.543834 0.353029 -1.511150 -0.031940 20.222769 3.684305 2.316629 18.787249 0.000001 -0.000001 10.751608 -0.479870 1.397903 0.000000 -0.000000 0.000000 3.273804 0.305947 -0.580110 21.486790 11.830364 2.266131 8.162915 0.000000 -0.000000 18.399052 -3.798986 -4.940567 0.000003 0.000000 -0.000001 -2.451875 8.232233 11.239281 0.054786 -0.170731 2.403541 -1.525918 -3.859196 -14.125106 1.676290 -1.756694 -0.204864 0.000000 -0.000000 0.000002 0.918131 -17.473133 -25.472975 0.056316 -0.169304 2.438173 16.735298 -5.352783 6.117973 -1.267180 1.136950 -3.480442 0.000000 -0.000000 -0.000001
0.000000 0.000000 0.000000 0.000000 -0.000000 0.000000 -7.045073 -1.820864 262.005446 0.722358 -4.793082 0.792921 -0.191372 0.008971 -4.591436 -0.321139 -0.917234 -6.677726 0.343741 -2.473369 12.129082 1.178087 1.976446 2.911339 -0.035146 1.617408 -3.615873 0.279692 0.871140 -7.174124 0.000077 -0.000022 0.000006 0.001850 0.088460 0.044321 0.685388 -3.656993 -10.669556 -0.685832 3.844646 -10.671491 -21.599428 -7.635328 14.811040 -48.941414 -11.986243 31.000809 -0.116371 -26.085039 -0.053753 6.604077 -3.222374 -19.084444 -5.882102 9.861279 0.702590 -10.936861 -0.360574 7.156197 0.000000 8.774815 -0.000000 -15.825171 18.326057 6.010586 -1.844031 2.498503 -2.507276 -10.163590 4.678941 4.621104 -20.975996 -0.000001 0.000001 -21.226254 2.451698 -3.593995 0.000000 -0.000006 -0.000000 -1.362681 2.240797 -0.746323 -21.334892 0.584910 3.008319 -13.821196 -0.000001 0.000001 -23.887129 -0.249075 -0.839485 -60.282356 2.626583 -1.499921 -0.294025 1.679686 0.833255 -14.218195 0.093215 1.300579 -34.212002 -0.287561 0.967166 -20.033176 0.964536 1.212838 0.000000 -0.000000 0.000000 -3.440387 0.788233 0.501655 -15.928172 -3.167306 2.999703 -6.338817 -0.000000 0.000001 -18.123419 3.648181 -4.905662 -0.000004 0.000000 -0.000002 23.984818 9.455569 16.254461 50.685875 1.511017 14.782887 -0.114328 22.896172 0.075216 -0.495952 3.591552 -15.036691 2.243540 -5.255033 -3.180156 14.282877 -0.826594 6.952496 -0.000000 -12.690593 -0.000001 16.085535 -17.527399 2.523368 1.665665 -1.955920 -2.878297 4.727794 -4.170584 4.993919 11.020511 0.000001 -0.000000 12.109032 -3.735715 -2.866778 0.000000 -0.000000 0.000000 1.291985 -1.928548 -1.498088 14.800115 0.567467 3.865604 14.242553 -1.341738 -6.660648 19.631935 0.143921 -0.648243 49.725109 -0.486638 -6.562744 0.353029 -1.511150 -0.031940 20.222769 3.684305 2.316629 18.787249 0.000001 -0.000001 10.751608 -0.479870 1.397903 0.000000 -0.000000 0.000000 3.273804 0.305947 -0.580110 21.486790 11.830364 2.266131 8.162915 0.000000 -0.000000 18.399052 -3.798986 -4.940567 0.000003 0.000000 -0.000001 -0.597550 8.366065 12.299844 0.084676 -0.279205 3.035645 -1.857154 -4.667638 -14.955851 1.695685 -1.745686 -0.688462 0.000000 -0.000000 0.000002 1.994462 -16.405607 -25.145952 0.020320 -0.198214 3.813895 14.946720 -5.657777 7.791004 -1.307436 1.170274 -3.906575 0.000000 -0.000000 -0.000001
0.000000 0.000000 0.000000 0.000000 -0.000000 0.000000 -7.045073 -1.897089 262.005446 -0.842410 -4.765275 1.226888 0.910532 0.017319 -4.988896 -0.161000 -0.972682 -6.850024 0.798779 -2.769218 12.313743 1.204233 1.904513 2.529855 -0.123098 1.638407 -3.600549 0.318333 0.811452 -6.726800 0.000077 -0.000022 0.000006 -0.001005 0.041392 0.024262 0.687907 -3.699023 -10.651352 -0.693322 3.794215 -10.661563 -22.280573 -7.394765 14.692531 -49.015186 -11.086411 31.275936 -0.366939 -25.362675 0.053421 6.417368 -3.749108 -18.628515 -5.882102 9.861279 0.702590 -10.936861 -0.360574 7.156197 0.000000 8.774815 -0.000000 -15.875468 18.189655 5.978205 -1.844031 2.498503 -2.507276 -10.163590 4.678941 4.621104 -20.975996 -0.000001 0.000001 -21.226254 2.451698 -3.593995 0.000000 -0.000006 -0.000000 -1.362681 2.240797 -0.746323 -21.334892 0.584910 3.008319 -13.821196 -0.000001 0.000001 -23.887129 -0.249075 -0.839485 -60.316597 2.495024 -1.420833 -0.294025 1.679686 0.833255 -14.218195 0.093215 1.300579 -34.212002 -0.287561 0.967166 -20.033176 0.964536 1.212838 0.000000 -0.000000 0.000000 -3.440387 0.788233 0.501655 -15.928172 -3.167306 2.999703 -6.338817 -0.000000 0.000001 -18.123419 3.648181 -4.905662 -0.000004 0.000000 -0.000002 24.766136 9.284292 16.375433 50.002583 1.304013 15.028733 -0.168069 22.386923 0.035807 -0.169926 3.695991 -15.073253 2.243540 -5.255033 -3.180156 14.282877 -0.826594 6.952496 -0.000000 -12.690593 -0.000001 16.109522 -17.616898 2.501654 1.665665 -1.955920 -2.878297 4.727794 -4.170584 4.993919 11.020511 0.000001 -0.000000 12.109032 -3.735715 -2.866778 0.000000 -0.000000 0.000000 1.291985 -1.928548 -1.498088 14.800115 0.567467 3.865604 14.242553 -1.341738 -6.660648 19.631935 0.143921 -0.648243 49.707649 -0.513387 -6.600130 0.353029 -1.511150 -0.031940 20.222769 3.684305 2.316629 18.787249 0.000001 -0.000001 10.751608 -0.479870 1.397903 0.000000 -0.000000 0.000000 3.273804 0.305947 -0.580110 21.486790 11.830364 2.266131 8.162915 0.000000 -0.000000 18.399052 -3.798986 -4.940567 0.000003 0.000000 -0.000001 2.067169 8.578241 13.358404 0.082013 -0.305418 3.989706 -2.426190 -5.643950 -14.971039 1.751668 -1.729601 -1.487715 0.000000 -0.000000 0.000002 3.413152 -14.789385 -24.642141 -0.037234 -0.258569 5.386393 11.460587 -5.859434 10.366606 -1.347131 1.137675 -4.114080 0.000000 -0.000000 -0.000001
0.000000 0.000000 0.000000 0.000000 -0.000000 0.000000 -7.045073 -1.864275 262.005446 -2.399805 -4.728582 1.396588 1.778322 -0.026144 -5.249637 -0.001301 -1.094757 -6.966503 1.449999 -2.945385 12.392945 1.297183 1.839388 2.381177 -0.152814 1.758802 -3.624277 0.371361 0.886664 -6.426486 0.000077 -0.000022 0.000006 -0.003981 0.011301 0.005340 0.692847 -3.724600 -10.646273 -0.702785 3.761006 -10.657597 -22.623230 -7.144463 14.743852 -49.395123 -10.131837 31.672018 -0.497061 -24.030869 0.055721 6.016741 -4.018369 -18.273741 -5.882102 9.861279 0.702590 -10.936861 -0.360574 7.156197 0.000000 8.774815 -0.000000 -15.977139 18.052509 5.914160 -1.844031 2.498503 -2.507276 -10.163590 4.678941 4.621104 -20.975996 -0.000001 0.000001 -21.226254 2.451698 -3.593995 0.000000 -0.000006 -0.000000 -1.362681 2.240797 -0.746323 -21.334892 0.584910 3.008319 -13.821196 -0.000001 0.000001 -23.887129 -0.249075 -0.839485 -60.312477 2.423570 -1.295639 -0.294025 1.679686 0.833255 -14.218195 0.093215 1.300579 -34.212002 -0.287561 0.967166 -20.033176 0.964536 1.212838 0.000000 -0.000000 0.000000 -3.440387 0.788233 0.501655 -15.928172 -3.167306 2.999703 -6.338817 -0.000000 0.000001 -18.123419 3.648181 -4.905662 -0.000004 0.000000 -0.000002 25.308260 9.304772 16.451200 49.629452 1.133530 15.355744 -0.195646 21.770634 -0.032571 0.072519 3.723622 -15.019815 2.243540 -5.255033 -3.180156 14.282877 -0.826594 6.952496 -0.000000 -12.690593 -0.000001 16.129681 -17.609417 2.457499 1.665665 -1.955920 -2.878297 4.727794 -4.170584 4.993919 11.020511 0.000001 -0.000000 12.109032 -3.735715 -2.866778 0.000000 -0.000000 0.000000 1.291985 -1.928548 -1.498088 14.800115 0.567467 3.865604 14.242553 -1.341738 -6.660648 19.631935 0.143921 -0.648243 49.847366 -0.445170 -6.519222 0.353029 -1.511150 -0.031940 20.222769 3.684305 2.316629 18.787249 0.000001 -0.000001 10.751608 -0.479870 1.397903 0.000000 -0.000000 0.000000 3.273804 0.305947 -0.580110 21.486790 11.830364 2.266131 8.162915 0.000000 -0.000000 18.399052 -3.798986 -4.940567 0.000003 0.000000 -0.000001 4.775833 8.665313 14.558847 0.073927 -0.363937 5.398371 -3.286590 -6.192196 -13.865545 1.771990 -1.770919 -3.135589 0.000000 -0.000000 0.000002 4.861593 -13.284788 -24.139194 -0.081181 -0.273893 7.553511 8.310091 -5.702775 11.822725 -1.365813 1.059349 -3.811321 0.000000 -0.000000 -0.000001
0.000000 0.000000 0.000000 0.000000 -0.000000 0.000000 -7.045073 -1.698343 262.005446 -3.697205 -4.714142 1.219318 2.365817 -0.091239 -5.204105 0.143482 -1.401588 -7.105330 2.098061 -2.917668 12.318423 1.411108 1.799945 2.574945 -0.214112 1.906698 -3.612292 0.473007 0.809521 -6.437376 0.000077 -0.000022 0.000006 -0.007985 0.007840 -0.014797 0.695021 -3.707028 -10.611989 -0.711660 3.736576 -10.618010 -22.132683 -6.906184 15.108356 -50.550072 -9.302968 32.497471 -0.393580 -22.458010 -0.000637 5.457579 -3.895775 -18.253435 -5.882102 9.861279 0.702590 -10.936861 -0.360574 7.156197 0.000000 8.774815 -0.000000 -16.076170 18.146669 5.896744 -1.844031 2.498503 -2.507276 -10.163590 4.678941 4.621104 -20.975996 -0.000001 0.000001 -21.226254 2.451698 -3.593995 0.000000 -0.000006 -0.000000 -1.362681 2.240797 -0.746323 -21.334892 0.584910 3.008319 -13.821196 -0.000001 0.000001 -23.887129 -0.249075 -0.839485 -60.356983 2.471815 -1.385650 -0.294025 1.679686 0.833255 -14.218195 0.093215 1.300579 -34.212002 -0.287561 0.967166 -20.033176 0.964536 1.212838 0.000000 -0.000000 0.000000 -3.440387 0.788233 0.501655 -15.928172 -3.167306 2.999703 -6.338817 -0.000000 0.000001 -18.123419 3.648181 -4.905662 -0.000004 0.000000 -0.000002 25.162821 9.413720 16.623989 50.021915 1.282678 15.556492 -0.111152 21.194143 -0.060588 0.235339 3.392684 -14.366080 2.243540 -5.255033 -3.180156 14.282877 -0.826594 6.952496 -0.000000 -12.690593 -0.000001 16.150314 -17.644247 2.432771 1.665665 -1.955920 -2.878297 4.727794 -4.170584 4.993919 11.020511 0.000001 -0.000000 12.109032 -3.735715 -2.866778 0.000000 -0.000000 0.000000 1.291985 -1.928548 -1.498088 14.800115 0.567467 3.865604 14.242553 -1.341738 -6.660648 19.631935 0.143921 -0.648243 49.959595 -0.427984 -6.516210 0.353029 -1.511150 -0.031940 20.222769 3.684305 2.316629 18.787249 0.000001 -0.000001 10.751608 -0.479870 1.397903 0.000000 -0.000000 0.000000 3.273804 0.305947 -0.580110 21.486790 11.830364 2.266131 8.162915 0.000000 -0.000000 18.399052 -3.798986 -4.940567 0.000003 0.000000 -0.000001 7.227723 8.509301 16.001373 0.101771 -0.452425 7.262659 -4.174013 -6.435780 -10.971329 1.821841 -1.868134 -6.066797 0.000000 -0.000000 0.000002 6.065830 -12.117497 -23.211655 -0.087849 -0.263745 10.050187 5.891137 -5.185948 11.367745 -1.357912 1.047985 -3.010319 0.000000 -0.000000 -0.000001
0.000000 0.000000 0.000000 0.000000 -0.000000 0.000000 -7.045073 -1.464716 262.005446 -4.841770 -4.726904 0.863390 2.896206 -0.175933 -5.062759 0.238908 -1.412625 -7.111506 2.534611 -2.965726 12.031251 1.604795 1.727834 3.105786 -0.224808 1.797096 -3.553033 0.559376 0.813478 -6.865425 0.000077 -0.000022 0.000006 -0.021136 -0.024468 -0.008185 0.700225 -3.747903 -10.614386 -0.739893 3.712456 -10.611755 -21.001476 -6.776776 15.641294 -52.103554 -8.525247 33.213470 -0.248290 -21.000244 -0.077666 4.520371 -3.657415 -17.737316 -5.882102 9.861279 0.702590 -10.936861 -0.360574 7.156197 0.000000 8.774815 -0.000000 -16.136950 18.153370 5.902900 -1.844031 2.498503 -2.507276 -10.163590 4.678941 4.621104 -20.975996 -0.000001 0.000001 -21.226254 2.451698 -3.593995 0.000000 -0.000006 -0.000000 -1.362681 2.240797 -0.746323 -21.334892 0.584910 3.008319 -13.821196 -0.000001 0.000001 -23.887129 -0.249075 -0.839485 -60.384892 2.452212 -1.390574 -0.294025 1.679686 0.833255 -14.218195 0.093215 1.300579 -34.212002 -0.287561 0.967166 -20.033176 0.964536 1.212838 0.000000 -0.000000 0.000000 -3.440387 0.788233 0.501655 -15.928172 -3.167306 2.999703 -6.338817 -0.000000 0.000001 -18.123419 3.648181 -4.905662 -0.000004 0.000000 -0.000002 24.549290 9.410335 16.700609 50.960468 1.646648 15.712413 -0.099459 20.797203 -0.107178 0.563892 3.010865 -13.732457 2.243540 -5.255033 -3.180156 14.282877 -0.826594 6.952496 -0.000000 -12.690593 -0.000001 16.163130 -17.664240 2.415121 1.665665 -1.955920 -2.878297 4.727794 -4.170584 4.993919 11.020511 0.000001 -0.000000 12.109032 -3.735715 -2.866778 0.000000 -0.000000 0.000000 1.291985 -1.928548 -1.498088 14.800115 0.567467 3.865604 14.242553 -1.341738 -6.660648 19.631935 0.143921 -0.648243 49.951881 -0.500821 -6.536522 0.353029 -1.511150 -0.031940 20.222769 3.684305 2.316629 18.787249 0.000001 -0.000001 10.751608 -0.479870 1.397903 0.000000 -0.000000 0.000000 3.273804 0.305947 -0.580110 21.486790 11.830364 2.266131 8.162915 0.000000 -0.000000 18.399052 -3.798986 -4.940567 0.000003 0.000000 -0.000001 9.622908 8.405157 15.997477 0.113581 -0.593359 11.971971 -4.839577 -7.214637 -8.094842 1.918498 -1.923396 -10.370035 0.000000 -0.000000 0.000002 7.387745 -11.785402 -21.847141 -0.072961 -0.275024 12.445834 4.745280 -4.658755 8.071492 -1.366320 1.022498 -2.422901 0.000000 -0.000000 -0.000001
0.000000 0.000000 0.000000 0.000000 -0.000000 0.000000 -7.045073 -1.240328 262.005446 -6.027751 -4.755366 0.511668 3.502666 -0.209319 -4.924385 0.360938 -1.411762 -7.088437 2.868036 -2.912325 11.810388 1.729092 1.726098 3.493892 -0.326605 1.551076 -3.544034 0.603647 0.559584 -7.255338 0.000077 -0.000022 0.000006 -0.023899 -0.056267 -0.000849 0.713481 -3.788203 -10.616933 -0.757392 3.687598 -10.604893 -19.856352 -6.795581 15.948447 -53.216290 -7.545991 33.992176 -0.129126 -20.448843 -0.118791 3.395218 -3.317263 -16.853662 -5.882102 9.861279 0.702590 -10.936861 -0.360574 7.156197 0.000000 8.774815 -0.000000 -16.304283 18.174330 5.785594 -1.844031 2.498503 -2.507276 -10.163590 4.678941 4.621104 -20.975996 -0.000001 0.000001 -21.226254 2.451698 -3.593995 0.000000 -0.000006 -0.000000 -1.362681 2.240797 -0.746323 -21.334892 0.584910 3.008319 -13.821196 -0.000001 0.000001 -23.887129 -0.249075 -0.839485 -60.382118 2.381288 -1.490076 -0.294025 1.679686 0.833255 -14.218195 0.093215 1.300579 -34.212002 -0.287561 0.967166 -20.033176 0.964536 1.212838 0.000000 -0.000000 0.000000 -3.440387 0.788233 0.501655 -15.928172 -3.167306 2.999703 -6.338817 -0.000000 0.000001 -18.123419 3.648181 -4.905662 -0.000004 0.000000 -0.000002 24.046698 9.463020 16.720469 51.616959 1.870873 15.533821 0.025801 21.037638 -0.123159 0.750581 2.737164 -13.336262 2.243540 -5.255033 -3.180156 14.282877 -0.826594 6.952496 -0.000000 -12.690593 -0.000001 16.187380 -17.634321 2.413718 1.665665 -1.955920 -2.878297 4.727794 -4.170584 4.993919 11.020511 0.000001 -0.000000 12.109032 -3.735715 -2.866778 0.000000 -0.000000 0.000000 1.291985 -1.928548 -1.498088 14.800115 0.567467 3.865604 14.242553 -1.341738 -6.660648 19.631935 0.143921 -0.648243 49.851788 -0.561718 -6.526326 0.353029 -1.511150 -0.031940 20.222769 3.684305 2.316629 18.787249 0.000001 -0.000001 10.751608 -0.479870 1.397903 0.000000 -0.000000 0.000000 3.273804 0.305947 -0.580110 21.486790 11.830364 2.266131 8.162915 0.000000 -0.000000 18.399052 -3.798986 -4.940567 0.000003 0.000000 -0.000001 12.194308 8.253596 14.099434 0.041297 -0.678046 19.726839 -5.558641 -7.993079 -4.298292 2.029462 -1.897180 -15.162554 0.000000 -0.000000 0.000002 8.807578 -11.571076 -19.769621 -0.020783 -0.343746 13.351213 3.654870 -4.156607 5.535100 -1.374136 0.972591 -1.786166 0.000000 -0.000000 -0.000001
0.000000 0.000000 0.000000 0.000000 -0.000000 0.000000 -7.045073 -1.017847 262.005446 -7.342452 -4.803494 0.144884 4.257665 -0.233436 -4.647835 0.477602 -1.282536 -6.965882 3.158512 -2.856827 11.599066 1.803553 1.756688 3.574307 -0.414842 1.208052 -3.527470 0.551761 0.234960 -7.677865 0.000077 -0.000022 0.000006 -0.017427 -0.052731 0.013883 0.726221 -3.790807 -10.617348 -0.756976 3.695175 -10.603756 -18.998886 -6.748406 16.081093 -53.611290 -6.777707 34.756054 0.004549 -20.676954 -0.150629 2.453914 -3.064740 -16.287893 -5.882102 9.861279 0.702590 -10.936861 -0.360574 7.156197 0.000000 8.774815 -0.000000 -16.382219 18.193651 5.704437 -1.844031 2.498503 -2.507276 -10.163590 4.678941 4.621104 -20.975996 -0.000001 0.000001 -21.226254 2.451698 -3.593995 0.000000 -0.000006 -0.000000 -1.362681 2.240797 -0.746323 -21.334892 0.584910 3.008319 -13.821196 -0.000001 0.000001 -23.887129 -0.249075 -0.839485 -60.267159 2.286845 -1.540365 -0.294025 1.679686 0.833255 -14.218195 0.093215 1.300579 -34.212002 -0.287561 0.967166 -20.033176 0.964536 1.212838 0.000000 -0.000000 0.000000 -3.440387 0.788233 0.501655 -15.928172 -3.167306 2.999703 -6.338817 -0.000000 0.000001 -18.123419 3.648181 -4.905662 -0.000004 0.000000 -0.000002 23.774620 9.601783 16.692799 51.801792 1.902062 15.309890 0.140718 21.959227 -0.073816 0.546041 2.853812 -13.730980 2.243540 -5.255033 -3.180156 14.282877 -0.826594 6.952496 -0.000000 -12.690593 -0.000001 16.167845 -17.604101 2.476568 1.665665 -1.955920 -2.878297 4.727794 -4.170584 4.993919 11.020511 0.000001 -0.000000 12.109032 -3.735715 -2.866778 0.000000 -0.000000 0.000000 1.291985 -1.928548 -1.498088 14.800115 0.567467 3.865604 14.242553 -1.341738 -6.660648 19.631935 0.143921 -0.648243 49.747490 -0.606193 -6.477833 0.353029 -1.511150 -0.031940 20.222769 3.684305 2.316629 18.787249 0.000001 -0.000001 10.751608 -0.479870 1.397903 0.000000 -0.000000 0.000000 3.273804 0.305947 -0.580110 21.486790 11.830364 2.266131 8.162915 0.000000 -0.000000 18.399052 -3.798986 -4.940567 0.000003 0.000000 -0.000001 15.010165 8.046488 10.243912 -0.073610 -0.726996 30.359102 -6.656759 -8.840311 1.430683 2.107375 -1.779970 -19.048100 0.000000 -0.000000 0.000002 10.365772 -11.446278 -16.991600 0.041839 -0.455685 12.731522 2.642699 -4.103451 3.801723 -1.387126 0.945231 -1.361870 0.000000 -0.000000 -0.000001
0.000000 0.000000 0.000000 0.000000 -0.000000 0.000000 -7.045073 -0.858873 262.005446 -8.633402 -4.885317 -0.317409 5.015932 -0.235098 -4.191785 0.574714 -1.087597 -6.720587 3.429793 -2.850913 11.466472 1.787030 1.755198 3.405051 -0.422758 0.964710 -3.509635 0.415165 0.019105 -8.145151 0.000077 -0.000022 0.000006 -0.003955 -0.004610 0.027162 0.735549 -3.746341 -10.606545 -0.740228 3.744766 -10.597081 -18.477283 -6.595623 16.085604 -53.472546 -6.477621 35.343830 0.127889 -21.226101 -0.172708 1.848070 -2.979086 -15.921982 -5.882102 9.861279 0.702590 -10.936861 -0.360574 7.156197 0.000000 8.774815 -0.000000 -16.374851 18.185644 5.687259 -1.844031 2.498503 -2.507276 -10.163590 4.678941 4.621104 -20.975996 -0.000001 0.000001 -21.226254 2.451698 -3.593995 0.000000 -0.000006 -0.000000 -1.362681 2.240797 -0.746323 -21.334892 0.584910 3.008319 -13.821196 -0.000001 0.000001 -23.887129 -0.249075 -0.839485 -60.238567 2.294873 -1.568947 -0.294025 1.679686 0.833255 -14.218195 0.093215 1.300579 -34.212002 -0.287561 0.967166 -20.033176 0.964536 1.212838 0.000000 -0.000000 0.000000 -3.440387 0.788233 0.501655 -15.928172 -3.167306 2.999703 -6.338817 -0.000000 0.000001 -18.123419 3.648181 -4.905662 -0.000004 0.000000 -0.000002 23.724201 9.896230 16.786566 51.437611 2.107337 15.157786 0.166441 23.084948 -0.003699 -0.029268 3.214007 -14.831887 2.243540 -5.255033 -3.180156 14.282877 -0.826594 6.952496 -0.000000 -12.690593 -0.000001 16.131630 -17.584023 2.578063 1.665665 -1.955920 -2.878297 4.727794 -4.170584 4.993919 11.020511 0.000001 -0.000000 12.109032 -3.735715 -2.866778 0.000000 -0.000000 0.000000 1.291985 -1.928548 -1.498088 14.800115 0.567467 3.865604 14.242553 -1.341738 -6.660648 19.631935 0.143921 -0.648243 49.649845 -0.593721 -6.396530 0.353029 -1.511150 -0.031940 20.222769 3.684305 2.316629 18.787249 0.000001 -0.000001 10.751608 -0.479870 1.397903 0.000000 -0.000000 0.000000 3.273804 0.305947 -0.580110 21.486790 11.830364 2.266131 8.162915 0.000000 -0.000000 18.399052 -3.798986 -4.940567 0.000003 0.000000 -0.000001 17.588896 7.409186 5.220909 -0.160376 -0.693014 42.065098 -8.638935 -9.007530 8.684574 2.031971 -1.696579 -17.125849 0.000000 -0.000000 0.000002 11.898034 -11.571025 -13.893344 0.074987 -0.515026 11.457390 2.042360 -4.229095 2.466652 -1.400242 0.939821 -1.222051 0.000000 -0.000000 -0.000001
0.000000 0.000000 0.000000 0.000000 -0.000000 0.000000 -7.045073 -0.746652 262.005446 -9.561285 -4.996455 -0.873733 5.522813 -0.159971 -3.657690 0.629019 -0.866653 -6.420904 3.661271 -2.874144 11.507225 1.695325 1.719497 3.198671 -0.382939 0.869119 -3.512224 0.256910 -0.005759 -8.640806 0.000077 -0.000022 0.000006 -0.000490 0.014658 0.032998 0.724005 -3.723989 -10.576523 -0.723068 3.761063 -10.567330 -18.495020 -6.285204 15.964254 -52.889736 -6.776505 35.352428 0.098642 -21.500044 -0.171942 1.745517 -3.006598 -15.723187 -5.882102 9.861279 0.702590 -10.936861 -0.360574 7.156197 0.000000 8.774815 -0.000000 -16.375151 18.135368 5.724403 -1.844031 2.498503 -2.507276 -10.163590 4.678941 4.621104 -20.975996 -0.000001 0.000001 -21.226254 2.451698 -3.593995 0.000000 -0.000006 -0.000000 -1.362681 2.240797 -0.746323 -21.334892 0.584910 3.008319 -13.821196 -0.000001 0.000001 -23.887129 -0.249075 -0.839485 -60.435318 2.377779 -1.559440 -0.294025 1.679686 0.833255 -14.218195 0.093215 1.300579 -34.212002 -0.287561 0.967166 -20.033176 0.964536 1.212838 0.000000 -0.000000 0.000000 -3.440387 0.788233 0.501655 -15.928172 -3.167306 2.999703 -6.338817 -0.000000 0.000001 -18.123419 3.648181 -4.905662 -0.000004 0.000000 -0.000002 23.928059 10.297866 17.000759 50.376144 2.828944 15.237741 0.275394 23.813816 0.042217 -0.892383 3.526334 -15.784979 2.243540 -5.255033 -3.180156 14.282877 -0.826594 6.952496 -0.000000 -12.690593 -0.000001 16.065260 -17.485806 2.673480 1.665665 -1.955920 -2.878297 4.727794 -4.170584 4.993919 11.020511 0.000001 -0.000000 12.109032 -3.735715 -2.866778 0.000000 -0.000000 0.000000 1.291985 -1.928548 -1.498088 14.800115 0.567467 3.865604 14.242553 -1.341738 -6.660648 19.631935 0.143921 -0.648243 49.582703 -0.535894 -6.261369 0.353029 -1.511150 -0.031940 20.222769 3.684305 2.316629 18.787249 0.000001 -0.000001 10.751608 -0.479870 1.397903 0.000000 -0.000000 0.000000 3.273804 0.305947 -0.580110 21.486790 11.830364 2.266131 8.162915 0.000000 -0.000000 18.399052 -3.798986 -4.940567 0.000003 0.000000 -0.000001 19.203838 6.394732 -0.083414 -0.137380 -0.644224 52.601521 -10.327841 -7.581167 14.029593 1.819946 -1.802777 -8.606046 0.000000 -0.000000 0.000002 13.025281 -12.029478 -10.796512 0.042117 -0.453372 10.139565 1.836830 -4.006958 1.255684 -1.406485 0.950490 -1.316774 0.000000 -0.000000 -0.000001
0.000000 0.000000 0.000000 0.000000 -0.000000 0.000000 -7.045073 -0.583872 262.005446 -9.805483 -5.099862 -1.431416 5.696192 -0.023259 -3.201470 0.625311 -0.634988 -6.178134 3.592130 -2.722416 11.647920 1.647313 1.741765 3.228933 -0.376202 0.762408 -3.517762 0.226203 0.038070 -9.041286 0.000077 -0.000022 0.000006 -0.012666 -0.041887 0.033757 0.698936 -3.771484 -10.552121 -0.723484 3.697808 -10.544208 -18.848848 -5.996718 15.795766 -52.290535 -7.457411 34.553871 -0.100467 -20.927338 -0.128052 2.366705 -3.149070 -16.013824 -5.882102 9.861279 0.702590 -10.936861 -0.360574 7.156197 0.000000 8.774815 -0.000000 -16.396013 18.092346 5.742514 -1.844031 2.498503 -2.507276 -10.163590 4.678941 4.621104 -20.975996 -0.000001 0.000001 -21.226254 2.451698 -3.593995 0.000000 -0.000006 -0.000000 -1.362681 2.240797 -0.746323 -21.334892 0.584910 3.008319 -13.821196 -0.000001 0.000001 -23.887129 -0.249075 -0.839485 -60.576530 2.464312 -1.554570 -0.294025 1.679686 0.833255 -14.218195 0.093215 1.300579 -34.212002 -0.287561 0.967166 -20.033176 0.964536 1.212838 0.000000 -0.000000 0.000000 -3.440387 0.788233 0.501655 -15.928172 -3.167306 2.999703 -6.338817 -0.000000 0.000001 -18.123419 3.648181 -4.905662 -0.000004 0.000000 -0.000002 24.244234 10.656850 17.217857 48.979721 4.211774 15.831808 0.494763 23.675201 0.078868 -1.735845 3.484303 -15.655168 2.243540 -5.255033 -3.180156 14.282877 -0.826594 6.952496 -0.000000 -12.690593 -0.000001 16.045681 -17.341873 2.692497 1.665665 -1.955920 -2.878297 4.727794 -4.170584 4.993919 11.020511 0.000001 -0.000000 12.109032 -3.735715 -2.866778 0.000000 -0.000000 0.000000 1.291985 -1.928548 -1.498088 14.800115 0.567467 3.865604 14.242553 -1.341738 -6.660648 19.631935 0.143921 -0.648243 49.464390 -0.491360 -6.187364 0.353029 -1.511150 -0.031940 20.222769 3.684305 2.316629 18.787249 0.000001 -0.000001 10.751608 -0.479870 1.397903 0.000000 -0.000000 0.000000 3.273804 0.305947 -0.580110 21.486790 11.830364 2.266131 8.162915 0.000000 -0.000000 18.399052 -3.798986 -4.940567 0.000003 0.000000 -0.000001 19.505150 5.804282 -4.905647 -0.138381 -0.558669 60.126259 -9.499858 -5.637414 13.581073 1.777428 -1.905240 -4.789929 0.000000 -0.000000 0.000002 13.315254 -12.593656 -7.707342 -0.007256 -0.410119 8.659862 1.729443 -3.437901 0.189473 -1.398557 0.977212 -1.367463 0.000000 -0.000000 -0.000001
0.000000 0.000000 0.000000 0.000000 -0.000000 0.000000 -7.045073 -0.372186 262.005446 -9.439216 -5.166655 -1.922386 5.649426 0.148808 -2.822478 0.534304 -0.334299 -5.957499 3.192615 -2.465798 11.686257 1.662466 1.804675 3.533188 -0.370641 0.717468 -3.498045 0.281340 0.054339 -9.179881 0.000077 -0.000022 0.000006 -0.017948 -0.072172 0.037503 0.678632 -3.796078 -10.526056 -0.714625 3.662955 -10.524081 -18.919876 -5.833178 15.642004 -52.259258 -8.271365 33.376019 -0.275094 -19.878630 -0.083455 3.101302 -3.084340 -16.223244 -5.882102 9.861279 0.702590 -10.936861 -0.360574 7.156197 0.000000 8.774815 -0.000000 -16.395163 18.074518 5.788395 -1.844031 2.498503 -2.507276 -10.163590 4.678941 4.621104 -20.975996 -0.000001 0.000001 -21.226254 2.451698 -3.593995 0.000000 -0.000006 -0.000000 -1.362681 2.240797 -0.746323 -21.334892 0.584910 3.008319 -13.821196 -0.000001 0.000001 -23.887129 -0.249075 -0.839485 -60.570179 2.518585 -1.503337 -0.294025 1.679686 0.833255 -14.218195 0.093215 1.300579 -34.212002 -0.287561 0.967166 -20.033176 0.964536 1.212838 0.000000 -0.000000 0.000000 -3.440387 0.788233 0.501655 -15.928172 -3.167306 2.999703 -6.338817 -0.000000 0.000001 -18.123419 3.648181 -4.905662 -0.000004 0.000000 -0.000002 24.169582 11.070833 17.460060 48.180229 6.056569 16.439657 0.662714 23.015703 0.124405 -2.086157 3.073260 -14.872052 2.243540 -5.255033 -3.180156 14.282877 -0.826594 6.952496 -0.000000 -12.690593 -0.000001 16.048473 -17.253763 2.679146 1.665665 -1.955920 -2.878297 4.727794 -4.170584 4.993919 11.020511 0.000001 -0.000000 12.109032 -3.735715 -2.866778 0.000000 -0.000000 0.000000 1.291985 -1.928548 -1.498088 14.800115 0.567467 3.865604 14.242553 -1.341738 -6.660648 19.631935 0.143921 -0.648243 49.335842 -0.487065 -6.215323 0.353029 -1.511150 -0.031940 20.222769 3.684305 2.316629 18.787249 0.000001 -0.000001 10.751608 -0.479870 1.397903 0.000000 -0.000000 0.000000 3.273804 0.305947 -0.580110 21.486790 11.830364 2.266131 8.162915 0.000000 -0.000000 18.399052 -3.798986 -4.940567 0.000003 0.000000 -0.000001 18.736557 5.822205 -9.355030 -0.167293 -0.414674 64.305008 -8.440527 -4.364704 10.217274 1.791746 -1.942679 -3.914319 0.000000 -0.000000 0.000002 12.827580 -12.988968 -4.640218 -0.007835 -0.389569 6.943153 1.615994 -2.759651 -0.714055 -1.384899 0.994149 -1.269708 0.000000 -0.000000 -0.000001
0.000000 0.000000 0.000000 0.000000 -0.000000 0.000000 -7.045073 -0.192461 262.005446 -8.743305 -5.194871 -2.322831 5.482902 0.326120 -2.441865 0.417175 -0.023097 -5.759252 2.625166 -2.163778 11.571486 1.629980 1.858866 3.871422 -0.346559 0.800816 -3.466460 0.404104 -0.006866 -9.083184 0.000077 -0.000022 0.000006 -0.014741 -0.063247 0.038845 0.667600 -3.786303 -10.508307 -0.697991 3.670520 -10.508436 -18.749693 -5.762914 15.570027 -52.498707 -8.963569 32.363579 -0.298506 -19.204218 -0.071493 3.622109 -2.912117 -16.451853 -5.882102 9.861279 0.702590 -10.936861 -0.360574 7.156197 0.000000 8.774815 -0.000000 -16.349104 18.045860 5.858029 -1.844031 2.498503 -2.507276 -10.163590 4.678941 4.621104 -20.975996 -0.000001 0.000001 -21.226254 2.451698 -3.593995 0.000000 -0.000006 -0.000000 -1.362681 2.240797 -0.746323 -21.334892 0.584910 3.008319 -13.821196 -0.000001 0.000001 -23.887129 -0.249075 -0.839485 -60.534409 2.562384 -1.488671 -0.294025 1.679686 0.833255 -14.218195 0.093215 1.300579 -34.212002 -0.287561 0.967166 -20.033176 0.964536 1.212838 0.000000 -0.000000 0.000000 -3.440387 0.788233 0.501655 -15.928172 -3.167306 2.999703 -6.338817 -0.000000 0.000001 -18.123419 3.648181 -4.905662 -0.000004 0.000000 -0.000002 23.589844 11.640165 17.577486 48.161888 7.783844 16.898315 0.746699 22.522125 0.183807 -2.018074 2.632618 -14.222507 2.243540 -5.255033 -3.180156 14.282877 -0.826594 6.952496 -0.000000 -12.690593 -0.000001 15.997924 -17.212946 2.684665 1.665665 -1.955920 -2.878297 4.727794 -4.170584 4.993919 11.020511 0.000001 -0.000000 12.109032 -3.735715 -2.866778 0.000000 -0.000000 0.000000 1.291985 -1.928548 -1.498088 14.800115 0.567467 3.865604 14.242553 -1.341738 -6.660648 19.631935 0.143921 -0.648243 49.252930 -0.547563 -6.304263 0.353029 -1.511150 -0.031940 20.222769 3.684305 2.316629 18.787249 0.000001 -0.000001 10.751608 -0.479870 1.397903 0.000000 -0.000000 0.000000 3.273804 0.305947 -0.580110 21.486790 11.830364 2.266131 8.162915 0.000000 -0.000000 18.399052 -3.798986 -4.940567 0.000003 0.000000 -0.000001 17.312187 6.338633 -13.431440 -0.175095 -0.261564 65.321342 -7.711027 -3.063656 6.578618 1.786716 -1.949984 -3.625520 0.000000 -0.000000 0.000002 11.914282 -13.175719 -1.858199 0.033677 -0.373067 5.491554 1.468693 -2.172676 -1.690223 -1.380686 0.974771 -1.097816 0.000000 -0.000000 -0.000001
0.000000 0.000000 0.000000 0.000000 -0.000000 0.000000 -7.045073 -0.078882 262.005446 -7.979038 -5.180377 -2.512169 5.284977 0.469860 -2.120873 0.343963 0.297789 -5.600215 2.044060 -1.843102 11.423394 1.476310 1.956626 3.979597 -0.329760 0.860625 -3.464962 0.575191 -0.074797 -8.914442 0.000077 -0.000022 0.000006 -0.010067 -0.043912 0.039020 0.667269 -3.769000 -10.499200 -0.689335 3.690520 -10.499589 -18.839115 -5.631241 15.455662 -52.302895 -9.295526 31.757767 -0.148591 -19.544321 -0.092677 4.017195 -3.100046 -16.897314 -5.882102 9.861279 0.702590 -10.936861 -0.360574 7.156197 0.000000 8.774815 -0.000000 -16.237453 18.033133 5.929556 -1.844031 2.498503 -2.507276 -10.163590 4.678941 4.621104 -20.975996 -0.000001 0.000001 -21.226254 2.451698 -3.593995 0.000000 -0.000006 -0.000000 -1.362681 2.240797 -0.746323 -21.334892 0.584910 3.008319 -13.821196 -0.000001 0.000001 -23.887129 -0.249075 -0.839485 -60.504795 2.567283 -1.487594 -0.294025 1.679686 0.833255 -14.218195 0.093215 1.300579 -34.212002 -0.287561 0.967166 -20.033176 0.964536 1.212838 0.000000 -0.000000 0.000000 -3.440387 0.788233 0.501655 -15.928172 -3.167306 2.999703 -6.338817 -0.000000 0.000001 -18.123419 3.648181 -4.905662 -0.000004 0.000000 -0.000002 22.929211 12.269242 17.566956 48.258575 9.102272 17.296713 0.759275 22.768686 0.235469 -1.909278 2.480779 -14.250173 2.243540 -5.255033 -3.180156 14.282877 -0.826594 6.952496 -0.000000 -12.690593 -0.000001 15.939619 -17.222973 2.697519 1.665665 -1.955920 -2.878297 4.727794 -4.170584 4.993919 11.020511 0.000001 -0.000000 12.109032 -3.735715 -2.866778 0.000000 -0.000000 0.000000 1.291985 -1.928548 -1.498088 14.800115 0.567467 3.865604 14.242553 -1.341738 -6.660648 19.631935 0.143921 -0.648243 49.237839 -0.614205 -6.357268 0.353029 -1.511150 -0.031940 20.222769 3.684305 2.316629 18.787249 0.000001 -0.000001 10.751608 -0.479870 1.397903 0.000000 -0.000000 0.000000 3.273804 0.305947 -0.580110 21.486790 11.830364 2.266131 8.162915 0.000000 -0.000000 18.399052 -3.798986 -4.940567 0.000003 0.000000 -0.000001 15.658129 7.270735 -17.122063 -0.124977 -0.094300 63.445648 -7.085124 -1.397459 3.297935 1.767040 -1.934501 -3.511994 0.000000 -0.000000 0.000002 10.929656 -13.198263 0.428682 0.073129 -0.363841 4.446417 1.283453 -1.526434 -2.750630 -1.385170 0.927149 -0.957547 0.000000 -0.000000 -0.000001
0.000000 0.000000 0.000000 0.000000 -0.000000 0.000000 -7.045073 -0.046755 262.005446 -7.312375 -5.132794 -2.430881 5.087295 0.543560 -1.925319 0.303344 0.636741 -5.469658 1.582258 -1.544483 11.319784 1.249251 2.102672 3.786635 -0.328765 0.873115 -3.512244 0.732029 -0.116397 -8.777003 0.000077 -0.000022 0.000006 -0.007424 -0.036465 0.037183 0.670969 -3.762019 -10.493916 -0.689053 3.697125 -10.496665 -19.305565 -5.416268 15.262165 -51.588005 -9.404646 31.415190 0.075297 -20.653339 -0.136853 4.461777 -3.559009 -17.425587 -5.882102 9.861279 0.702590 -10.936861 -0.360574 7.156197 0.000000 8.774815 -0.000000 -16.118025 18.060789 5.996401 -1.844031 2.498503 -2.507276 -10.163590 4.678941 4.621104 -20.975996 -0.000001 0.000001 -21.226254 2.451698 -3.593995 0.000000 -0.000006 -0.000000 -1.362681 2.240797 -0.746323 -21.334892 0.584910 3.008319 -13.821196 -0.000001 0.000001 -23.887129 -0.249075 -0.839485 -60.517834 2.540835 -1.446098 -0.294025 1.679686 0.833255 -14.218195 0.093215 1.300579 -34.212002 -0.287561 0.967166 -20.033176 0.964536 1.212838 0.000000 -0.000000 0.000000 -3.440387 0.788233 0.501655 -15.928172 -3.167306 2.999703 -6.338817 -0.000000 0.000001 -18.123419 3.648181 -4.905662 -0.000004 0.000000 -0.000002 22.498598 12.866952 17.441174 48.006222 10.008793 17.707228 0.768301 23.792528 0.285521 -1.961391 2.621961 -14.545793 2.243540 -5.255033 -3.180156 14.282877 -0.826594 6.952496 -0.000000 -12.690593 -0.000001 15.902532 -17.250814 2.701612 1.665665 -1.955920 -2.878297 4.727794 -4.170584 4.993919 11.020511 0.000001 -0.000000 12.109032 -3.735715 -2.866778 0.000000 -0.000000 0.000000 1.291985 -1.928548 -1.498088 14.800115 0.567467 3.865604 14.242553 -1.341738 -6.660648 19.631935 0.143921 -0.648243 49.285267 -0.649046 -6.318974 0.353029 -1.511150 -0.031940 20.222769 3.684305 2.316629 18.787249 0.000001 -0.000001 10.751608 -0.479870 1.397903 0.000000 -0.000000 0.000000 3.273804 0.305947 -0.580110 21.486790 11.830364 2.266131 8.162915 0.000000 -0.000000 18.399052 -3.798986 -4.940567 0.000003 0.000000 -0.000001 14.047491 8.409468 -20.415585 -0.028627 0.057670 58.961357 -6.443099 0.383525 0.740804 1.758424 -1.921183 -3.405936 0.000000 -0.000000 0.000002 10.070286 -13.171867 2.144523 0.087995 -0.331177 3.833755 1.062078 -0.830401 -3.918765 -1.394580 0.892455 -0.830232 0.000000 -0.000000 -0.000001
0.000000 0.000000 0.000000 0.000000 -0.000000 0.000000 -7.045073 -0.115755 262.005446 -6.836064 -5.067357 -2.096301 4.917458 0.544921 -1.848318 0.274124 0.965762 -5.379708 1.295813 -1.297197 11.259586 1.020165 2.241274 3.361029 -0.323573 0.908748 -3.571955 0.812689 -0.148636 -8.754778 0.000077 -0.000022 0.000006 -0.003644 -0.025014 0.033207 0.671848 -3.749440 -10.489102 -0.683599 3.706020 -10.499927 -19.923107 -5.198032 15.102595 -50.726784 -9.598413 31.203665 0.291917 -21.805758 -0.198352 4.978302 -3.940889 -17.994097 -5.882102 9.861279 0.702590 -10.936861 -0.360574 7.156197 0.000000 8.774815 -0.000000 -16.008093 18.088432 6.045778 -1.844031 2.498503 -2.507276 -10.163590 4.678941 4.621104 -20.975996 -0.000001 0.000001 -21.226254 2.451698 -3.593995 0.000000 -0.000006 -0.000000 -1.362681 2.240797 -0.746323 -21.334892 0.584910 3.008319 -13.821196 -0.000001 0.000001 -23.887129 -0.249075 -0.839485 -60.488613 2.518715 -1.364748 -0.294025 1.679686 0.833255 -14.218195 0.093215 1.300579 -34.212002 -0.287561 0.967166 -20.033176 0.964536 1.212838 0.000000 -0.000000 0.000000 -3.440387 0.788233 0.501655 -15.928172 -3.167306 2.999703 -6.338817 -0.000000 0.000001 -18.123419 3.648181 -4.905662 -0.000004 0.000000 -0.000002 22.298248 13.427125 17.266514 47.430218 10.682027 18.238224 0.782999 25.218538 0.325638 -2.147226 2.884580 -14.528900 2.243540 -5.255033 -3.180156 14.282877 -0.826594 6.952496 -0.000000 -12.690593 -0.000001 15.887761 -17.288130 2.674888 1.665665 -1.955920 -2.878297 4.727794 -4.170584 4.993919 11.020511 0.000001 -0.000000 12.109032 -3.735715 -2.866778 0.000000 -0.000000 0.000000 1.291985 -1.928548 -1.498088 14.800115 0.567467 3.865604 14.242553 -1.341738 -6.660648 19.631935 0.143921 -0.648243 49.323193 -0.668599 -6.251893 0.353029 -1.511150 -0.031940 20.222769 3.684305 2.316629 18.787249 0.000001 -0.000001 10.751608 -0.479870 1.397903 0.000000 -0.000000 0.000000 3.273804 0.305947 -0.580110 21.486790 11.830364 2.266131 8.162915 0.000000 -0.000000 18.399052 -3.798986 -4.940567 0.000003 0.000000 -0.000001 12.616411 9.481035 -23.238567 0.078677 0.166959 52.272709 -5.841293 1.946516 -0.387279 1.758224 -1.936074 -3.295748 0.000000 -0.000000 0.000002 9.424748 -13.191621 3.296881 0.073694 -0.254964 3.782260 0.833067 -0.181140 -5.329137 -1.408758 0.878562 -0.652028 0.000000 -0.000000 -0.000001
0.000000 0.000000 0.000000 0.000000 -0.000000 0.000000 -7.045073 -0.252428 262.005446 -6.541109 -4.992820 -1.565266 4.752158 0.476159 -1.878655 0.228745 1.219112 -5.355484 1.201677 -1.084175 11.234851 0.849519 2.323475 2.860569 -0.304250 1.017209 -3.597849 0.844385 -0.182432 -8.825613 0.000077 -0.000022 0.000006 0.002814 -0.002270 0.029180 0.668307 -3.726436 -10.490001 -0.667989 3.727277 -10.512114 -20.449709 -5.049438 15.014908 -50.054443 -9.926661 30.985987 0.420362 -22.553593 -0.248318 5.479523 -4.097782 -18.416658 -5.882102 9.861279 0.702590 -10.936861 -0.360574 7.156197 0.000000 8.774815 -0.000000 -15.875489 18.110439 6.082601 -1.844031 2.498503 -2.507276 -10.163590 4.678941 4.621104 -20.975996 -0.000001 0.000001 -21.226254 2.451698 -3.593995 0.000000 -0.000006 -0.000000 -1.362681 2.240797 -0.746323 -21.334892 0.584910 3.008319 -13.821196 -0.000001 0.000001 -23.887129 -0.249075 -0.839485 -60.373444 2.518107 -1.296668 -0.294025 1.679686 0.833255 -14.218195 0.093215 1.300579 -34.212002 -0.287561 0.967166 -20.033176 0.964536 1.212838 0.000000 -0.000000 0.000000 -3.440387 0.788233 0.501655 -15.928172 -3.167306 2.999703 -6.338817 -0.000000 0.000001 -18.123419 3.648181 -4.905662 -0.000004 0.000000 -0.000002 22.217644 13.932414 17.101379 46.767750 11.312982 18.952066 0.753069 26.559620 0.333765 -2.355236 3.069811 -14.288048 2.243540 -5.255033 -3.180156 14.282877 -0.826594 6.952496 -0.000000 -12.690593 -0.000001 15.904109 -17.359480 2.628061 1.665665 -1.955920 -2.878297 4.727794 -4.170584 4.993919 11.020511 0.000001 -0.000000 12.109032 -3.735715 -2.866778 0.000000 -0.000000 0.000000 1.291985 -1.928548 -1.498088 14.800115 0.567467 3.865604 14.242553 -1.341738 -6.660648 19.631935 0.143921 -0.648243 49.347458 -0.693786 -6.218638 0.353029 -1.511150 -0.031940 20.222769 3.684305 2.316629 18.787249 0.000001 -0.000001 10.751608 -0.479870 1.397903 0.000000 -0.000000 0.000000 3.273804 0.305947 -0.580110 21.486790 11.830364 2.266131 8.162915 0.000000 -0.000000 18.399052 -3.798986 -4.940567 0.000003 0.000000 -0.000001 11.343124 10.399517 -25.459900 0.151975 0.238610 43.766674 -5.403315 3.012874 0.173897 1.746753 -1.971660 -3.291564 0.000000 -0.000000 0.000002 8.939401 -13.345308 4.238713 0.035042 -0.152863 3.759707 0.703973 0.436753 -6.711431 -1.421783 0.873741 -0.443780 0.000000 -0.000000 -0.000001
0.000000 0.000000 0.000000 0.000000 -0.000000 0.000000 -7.045073 -0.431696 262.005446 -6.359467 -4.913907 -0.915584 4.555709 0.383951 -2.010544 0.154764 1.333585 -5.397616 1.280776 -0.846584 11.214186 0.798648 2.337310 2.415092 -0.288971 1.145525 -3.595035 0.855165 -0.218243 -8.885506 0.000077 -0.000022 0.000006 0.010134 0.014567 0.026737 0.672198 -3.711082 -10.512416 -0.657700 3.744480 -10.538551 -20.746321 -4.994058 14.978558 -49.739376 -10.263790 30.644583 0.409540 -22.869101 -0.271253 5.860707 -4.002725 -18.466383 -5.882102 9.861279 0.702590 -10.936861 -0.360574 7.156197 0.000000 8.774815 -0.000000 -15.729144 18.127172 6.136212 -1.844031 2.498503 -2.507276 -10.163590 4.678941 4.621104 -20.975996 -0.000001 0.000001 -21.226254 2.451698 -3.593995 0.000000 -0.000006 -0.000000 -1.362681 2.240797 -0.746323 -21.334892 0.584910 3.008319 -13.821196 -0.000001 0.000001 -23.887129 -0.249075 -0.839485 -60.244488 2.558388 -1.248235 -0.294025 1.679686 0.833255 -14.218195 0.093215 1.300579 -34.212002 -0.287561 0.967166 -20.033176 0.964536 1.212838 0.000000 -0.000000 0.000000 -3.440387 0.788233 0.501655 -15.928172 -3.167306 2.999703 -6.338817 -0.000000 0.000001 -18.123419 3.648181 -4.905662 -0.000004 0.000000 -0.000002 22.150778 14.328055 16.885614 46.272190 11.895237 19.798691 0.659965 27.482403 0.296764 -2.502760 3.128405 -14.011210 2.243540 -5.255033 -3.180156 14.282877 -0.826594 6.952496 -0.000000 -12.690593 -0.000001 15.936722 -17.442411 2.609225 1.665665 -1.955920 -2.878297 4.727794 -4.170584 4.993919 11.020511 0.000001 -0.000000 12.109032 -3.735715 -2.866778 0.000000 -0.000000 0.000000 1.291985 -1.928548 -1.498088 14.800115 0.567467 3.865604 14.242553 -1.341738 -6.660648 19.631935 0.143921 -0.648243 49.372028 -0.713612 -6.209700 0.353029 -1.511150 -0.031940 20.222769 3.684305 2.316629 18.787249 0.000001 -0.000001 10.751608 -0.479870 1.397903 0.000000 -0.000000 0.000000 3.273804 0.305947 -0.580110 21.486790 11.830364 2.266131 8.162915 0.000000 -0.000000 18.399052 -3.798986 -4.940567 0.000003 0.000000 -0.000001 10.118963 11.259109 -26.805382 0.178142 0.310081 33.748951 -5.242849 3.524988 1.795515 1.726604 -1.990231 -3.200012 0.000000 -0.000000 0.000002 8.500533 -13.670866 5.282545 -0.006430 -0.061365 3.371063 0.711322 1.103681 -7.877349 -1.430336 0.877422 -0.259611 0.000000 -0.000000 -0.000001
0.000000 0.000000 0.000000 0.000000 -0.000000 0.000000 -7.045073 -0.661760 262.005446 -6.207701 -4.835690 -0.229472 4.286712 0.307917 -2.236072 0.076880 1.314326 -5.496511 1.469280 -0.612639 11.194364 0.865269 2.277398 2.008202 -0.309810 1.226485 -3.588382 0.867411 -0.181659 -8.843097 0.000077 -0.000022 0.000006 0.014379 0.013882 0.029108 0.687568 -3.715643 -10.562807 -0.664973 3.746335 -10.582981 -20.810682 -4.955316 14.940154 -49.798908 -10.519211 30.205214 0.297527 -22.909658 -0.267341 6.034816 -3.757720 -18.125418 -5.882102 9.861279 0.702590 -10.936861 -0.360574 7.156197 0.000000 8.774815 -0.000000 -15.597208 18.106192 6.224013 -1.844031 2.498503 -2.507276 -10.163590 4.678941 4.621104 -20.975996 -0.000001 0.000001 -21.226254 2.451698 -3.593995 0.000000 -0.000006 -0.000000 -1.362681 2.240797 -0.746323 -21.334892 0.584910 3.008319 -13.821196 -0.000001 0.000001 -23.887129 -0.249075 -0.839485 -60.178249 2.590054 -1.154519 -0.294025 1.679686 0.833255 -14.218195 0.093215 1.300579 -34.212002 -0.287561 0.967166 -20.033176 0.964536 1.212838 0.000000 -0.000000 0.000000 -3.440387 0.788233 0.501655 -15.928172 -3.167306 2.999703 -6.338817 -0.000000 0.000001 -18.123419 3.648181 -4.905662 -0.000004 0.000000 -0.000002 22.081881 14.607120 16.613365 46.047180 12.375684 20.604389 0.536577 27.967640 0.217940 -2.610424 3.090416 -13.679129 2.243540 -5.255033 -3.180156 14.282877 -0.826594 6.952496 -0.000000 -12.690593 -0.000001 15.968774 -17.471872 2.640462 1.665665 -1.955920 -2.878297 4.727794 -4.170584 4.993919 11.020511 0.000001 -0.000000 12.109032 -3.735715 -2.866778 0.000000 -0.000000 0.000000 1.291985 -1.928548 -1.498088 14.800115 0.567467 3.865604 14.242553 -1.341738 -6.660648 19.631935 0.143921 -0.648243 49.433125 -0.741989 -6.166253 0.353029 -1.511150 -0.031940 20.222769 3.684305 2.316629 18.787249 0.000001 -0.000001 10.751608 -0.479870 1.397903 0.000000 -0.000000 0.000000 3.273804 0.305947 -0.580110 21.486790 11.830364 2.266131 8.162915 0.000000 -0.000000 18.399052 -3.798986 -4.940567 0.000003 0.000000 -0.000001 8.821591 12.110222 -27.320690 0.124210 0.329127 22.791231 -6.361465 3.263638 3.606383 1.695111 -2.003221 -3.079382 0.000000 -0.000000 0.000002 7.980165 -14.081807 6.576989 -0.032389 -0.033432 2.647403 0.887413 1.854555 -8.881434 -1.437672 0.879192 -0.118033 0.000000 -0.000000 -0.000001
0.000000 0.000000 0.000000 0.000000 -0.000000 0.000000 -7.045073 -0.920091 262.005446 -5.980280 -4.761844 0.449710 3.887990 0.230293 -2.598101 0.033788 1.257142 -5.648682 1.716542 -0.506086 11.201790 0.928240 2.196376 1.623748 -0.374081 1.324865 -3.579513 0.857781 -0.092470 -8.571754 0.000077 -0.000022 0.000006 0.012401 0.009610 0.037635 0.697712 -3.725046 -10.611355 -0.679634 3.745733 -10.627317 -20.873760 -4.812657 14.907180 -50.027931 -10.604617 29.763220 0.179035 -22.841303 -0.250542 5.992846 -3.676434 -17.588789 -5.882102 9.861279 0.702590 -10.936861 -0.360574 7.156197 0.000000 8.774815 -0.000000 -15.502928 18.091848 6.322133 -1.844031 2.498503 -2.507276 -10.163590 4.678941 4.621104 -20.975996 -0.000001 0.000001 -21.226254 2.451698 -3.593995 0.000000 -0.000006 -0.000000 -1.362681 2.240797 -0.746323 -21.334892 0.584910 3.008319 -13.821196 -0.000001 0.000001 -23.887129 -0.249075 -0.839485 -60.217953 2.599908 -1.038827 -0.294025 1.679686 0.833255 -14.218195 0.093215 1.300579 -34.212002 -0.287561 0.967166 -20.033176 0.964536 1.212838 0.000000 -0.000000 0.000000 -3.440387 0.788233 0.501655 -15.928172 -3.167306 2.999703 -6.338817 -0.000000 0.000001 -18.123419 3.648181 -4.905662 -0.000004 0.000000 -0.000002 22.121769 14.823869 16.432032 45.940144 12.674588 21.171612 0.433696 28.274223 0.114417 -2.634876 2.967490 -13.269047 2.243540 -5.255033 -3.180156 14.282877 -0.826594 6.952496 -0.000000 -12.690593 -0.000001 15.979002 -17.474377 2.725113 1.665665 -1.955920 -2.878297 4.727794 -4.170584 4.993919 11.020511 0.000001 -0.000000 12.109032 -3.735715 -2.866778 0.000000 -0.000000 0.000000 1.291985 -1.928548 -1.498088 14.800115 0.567467 3.865604 14.242553 -1.341738 -6.660648 19.631935 0.143921 -0.648243 49.550907 -0.800863 -6.113318 0.353029 -1.511150 -0.031940 20.222769 3.684305 2.316629 18.787249 0.000001 -0.000001 10.751608 -0.479870 1.397903 0.000000 -0.000000 0.000000 3.273804 0.305947 -0.580110 21.486790 11.830364 2.266131 8.162915 0.000000 -0.000000 18.399052 -3.798986 -4.940567 0.000003 0.000000 -0.000001 7.389122 12.521292 -27.465017 -0.023716 0.214208 12.415960 -8.825377 2.906793 4.676229 1.625793 -2.053286 -3.112616 0.000000 -0.000000 0.000002 7.238352 -14.288331 7.773168 -0.031994 -0.111353 2.460151 1.224372 2.518359 -9.926977 -1.442140 0.828091 -0.154808 0.000000 -0.000000 -0.000001
0.000000 0.000000 0.000000 0.000000 -0.000000 0.000000 -7.045073 -1.247736 262.005446 -5.642500 -4.707303 1.001545 3.404771 0.166477 -3.007884 0.016949 1.201141 -5.814259 1.996423 -0.483360 11.224456 0.858547 2.157829 1.366041 -0.379879 1.423183 -3.562921 0.755353 -0.002400 -8.179851 0.000077 -0.000022 0.000006 0.005594 -0.010875 0.048497 0.679495 -3.745634 -10.601434 -0.675580 3.724818 -10.616779 -21.104895 -4.662900 14.907346 -50.224972 -10.484362 29.514563 0.080953 -22.747484 -0.230058 5.774738 -3.923771 -17.141983 -5.882102 9.861279 0.702590 -10.936861 -0.360574 7.156197 0.000000 8.774815 -0.000000 -15.481508 18.093777 6.322812 -1.844031 2.498503 -2.507276 -10.163590 4.678941 4.621104 -20.975996 -0.000001 0.000001 -21.226254 2.451698 -3.593995 0.000000 -0.000006 -0.000000 -1.362681 2.240797 -0.746323 -21.334892 0.584910 3.008319 -13.821196 -0.000001 0.000001 -23.887129 -0.249075 -0.839485 -60.290516 2.624937 -1.015800 -0.294025 1.679686 0.833255 -14.218195 0.093215 1.300579 -34.212002 -0.287561 0.967166 -20.033176 0.964536 1.212838 0.000000 -0.000000 0.000000 -3.440387 0.788233 0.501655 -15.928172 -3.167306 2.999703 -6.338817 -0.000000 0.000001 -18.123419 3.648181 -4.905662 -0.000004 0.000000 -0.000002 22.379683 14.947921 16.334604 45.753880 12.702276 21.437351 0.444361 28.550661 0.078853 -2.562346 2.961143 -12.903460 2.243540 -5.255033 -3.180156 14.282877 -0.826594 6.952496 -0.000000 -12.690593 -0.000001 15.969143 -17.505260 2.789233 1.665665 -1.955920 -2.878297 4.727794 -4.170584 4.993919 11.020511 0.000001 -0.000000 12.109032 -3.735715 -2.866778 0.000000 -0.000000 0.000000 1.291985 -1.928548 -1.498088 14.800115 0.567467 3.865604 14.242553 -1.341738 -6.660648 19.631935 0.143921 -0.648243 49.629169 -0.849059 -6.143167 0.353029 -1.511150 -0.031940 20.222769 3.684305 2.316629 18.787249 0.000001 -0.000001 10.751608 -0.479870 1.397903 0.000000 -0.000000 0.000000 3.273804 0.305947 -0.580110 21.486790 11.830364 2.266131 8.162915 0.000000 -0.000000 18.399052 -3.798986 -4.940567 0.000003 0.000000 -0.000001 6.032510 12.159545 -27.759123 -0.131551 0.061078 5.477140 -11.145028 3.288822 4.503850 1.555235 -2.121569 -3.242907 0.000000 -0.000000 0.000002 6.273097 -14.116458 9.044027 -0.032789 -0.218552 2.535588 1.660358 3.045826 -11.048853 -1.443787 0.757920 -0.314108 0.000000 -0.000000 -0.000001
0.000000 0.000000 0.000000 0.000000 -0.000000 0.000000 -7.045073 -1.598062 262.005446 -5.138203 -4.689814 1.251220 2.847100 0.179382 -3.302311 -0.034449 1.177578 -5.921843 2.195550 -0.509918 11.233232 0.755262 2.212982 1.281547 -0.339820 1.311734 -3.551466 0.644738 0.075587 -7.879015 0.000077 -0.000022 0.000006 -0.000032 -0.037785 0.056805 0.668938 -3.764663 -10.558646 -0.676641 3.690698 -10.573903 -21.329899 -4.607199 14.926998 -50.364002 -10.200429 29.381872 -0.007987 -22.748226 -0.199214 5.385030 -4.229726 -16.693834 -5.882102 9.861279 0.702590 -10.936861 -0.360574 7.156197 0.000000 8.774815 -0.000000 -15.509153 18.083555 6.226385 -1.844031 2.498503 -2.507276 -10.163590 4.678941 4.621104 -20.975996 -0.000001 0.000001 -21.226254 2.451698 -3.593995 0.000000 -0.000006 -0.000000 -1.362681 2.240797 -0.746323 -21.334892 0.584910 3.008319 -13.821196 -0.000001 0.000001 -23.887129 -0.249075 -0.839485 -60.261974 2.678031 -1.053795 -0.294025 1.679686 0.833255 -14.218195 0.093215 1.300579 -34.212002 -0.287561 0.967166 -20.033176 0.964536 1.212838 0.000000 -0.000000 0.000000 -3.440387 0.788233 0.501655 -15.928172 -3.167306 2.999703 -6.338817 -0.000000 0.000001 -18.123419 3.648181 -4.905662 -0.000004 0.000000 -0.000002 22.860619 14.914269 16.281284 45.564507 12.449217 21.580599 0.392434 28.731260 0.056464 -2.487263 3.153950 -12.695860 2.243540 -5.255033 -3.180156 14.282877 -0.826594 6.952496 -0.000000 -12.690593 -0.000001 15.996083 -17.523624 2.757523 1.665665 -1.955920 -2.878297 4.727794 -4.170584 4.993919 11.020511 0.000001 -0.000000 12.109032 -3.735715 -2.866778 0.000000 -0.000000 0.000000 1.291985 -1.928548 -1.498088 14.800115 0.567467 3.865604 14.242553 -1.341738 -6.660648 19.631935 0.143921 -0.648243 49.550419 -0.846440 -6.248858 0.353029 -1.511150 -0.031940 20.222769 3.684305 2.316629 18.787249 0.000001 -0.000001 10.751608 -0.479870 1.397903 0.000000 -0.000000 0.000000 3.273804 0.305947 -0.580110 21.486790 11.830364 2.266131 8.162915 0.000000 -0.000000 18.399052 -3.798986 -4.940567 0.000003 0.000000 -0.000001 4.807655 11.309913 -28.607946 -0.134590 -0.017286 4.281182 -12.305696 3.844674 4.030538 1.553723 -2.128217 -3.152765 0.000000 -0.000000 0.000002 5.058837 -13.559157 10.549130 -0.058905 -0.247116 2.808555 2.114481 3.214438 -12.009912 -1.441563 0.743225 -0.586502 0.000000 -0.000000 -0.000001
0.000000 0.000000 0.000000 0.000000 -0.000000 0.000000 -7.045073 -1.896860 262.005446 -4.338909 -4.702405 1.243308 2.086353 0.224071 -3.579115 -0.115284 1.286484 -6.035321 2.258391 -0.646716 11.257274 0.790164 2.290581 1.416108 -0.305803 1.181210 -3.476426 0.500086 0.118935 -7.613701 0.000077 -0.000022 0.000006 0.012357 0.032256 0.078105 0.691116 -3.701240 -10.556954 -0.673565 3.767156 -10.570139 -21.555422 -4.577359 14.735765 -50.450047 -9.559555 29.479055 0.010253 -22.733334 -0.186994 4.842515 -4.309341 -16.560766 -5.882102 9.861279 0.702590 -10.936861 -0.360574 7.156197 0.000000 8.774815 -0.000000 -15.534184 18.118795 6.102980 -1.844031 2.498503 -2.507276 -10.163590 4.678941 4.621104 -20.975996 -0.000001 0.000001 -21.226254 2.451698 -3.593995 0.000000 -0.000006 -0.000000 -1.362681 2.240797 -0.746323 -21.334892 0.584910 3.008319 -13.821196 -0.000001 0.000001 -23.887129 -0.249075 -0.839485 -60.185543 2.736392 -1.174972 -0.294025 1.679686 0.833255 -14.218195 0.093215 1.300579 -34.212002 -0.287561 0.967166 -20.033176 0.964536 1.212838 0.000000 -0.000000 0.000000 -3.440387 0.788233 0.501655 -15.928172 -3.167306 2.999703 -6.338817 -0.000000 0.000001 -18.123419 3.648181 -4.905662 -0.000004 0.000000 -0.000002 23.612053 14.807035 16.397961 45.374767 11.964990 21.778263 0.139097 28.536516 0.014284 -2.426589 3.584709 -12.777599 2.243540 -5.255033 -3.180156 14.282877 -0.826594 6.952496 -0.000000 -12.690593 -0.000001 16.013947 -17.497274 2.698869 1.665665 -1.955920 -2.878297 4.727794 -4.170584 4.993919 11.020511 0.000001 -0.000000 12.109032 -3.735715 -2.866778 0.000000 -0.000000 0.000000 1.291985 -1.928548 -1.498088 14.800115 0.567467 3.865604 14.242553 -1.341738 -6.660648 19.631935 0.143921 -0.648243 49.431625 -0.875631 -6.336971 0.353029 -1.511150 -0.031940 20.222769 3.684305 2.316629 18.787249 0.000001 -0.000001 10.751608 -0.479870 1.397903 0.000000 -0.000000 0.000000 3.273804 0.305947 -0.580110 21.486790 11.830364 2.266131 8.162915 0.000000 -0.000000 18.399052 -3.798986 -4.940567 0.000003 0.000000 -0.000001 3.646820 10.176725 -29.057917 -0.117574 -0.083217 7.077576 -11.852800 3.494902 4.676691 1.620178 -2.128476 -3.025534 0.000000 -0.000000 0.000002 3.425483 -12.887506 12.201263 -0.062869 -0.222390 3.388268 2.533740 3.227410 -12.567366 -1.458353 0.744320 -1.054513 0.000000 -0.000000 -0.000001
0.000000 0.000000 0.000000 0.000000 -0.000000 0.000000 -7.045073 -2.049143 262.005446 -3.098763 -4.727848 1.146584 1.020206 0.213368 -4.102197 -0.235513 1.347684 -6.226830 2.260384 -0.665093 11.478148 0.785584 2.355441 1.592153 -0.287307 1.287430 -3.535368 0.501937 0.155174 -6.827354 0.000077 -0.000022 0.000006 0.014333 0.014308 0.078648 0.682127 -3.723220 -10.555799 -0.659857 3.754618 -10.565022 -22.356709 -4.399084 14.404396 -49.975861 -8.562889 29.586836 0.105097 -22.601671 -0.211083 4.427753 -4.306230 -16.722410 -5.882102 9.861279 0.702590 -10.936861 -0.360574 7.156197 0.000000 8.774815 -0.000000 -15.611711 18.291273 6.178321 -1.844031 2.498503 -2.507276 -10.163590 4.678941 4.621104 -20.975996 -0.000001 0.000001 -21.226254 2.451698 -3.593995 0.000000 -0.000006 -0.000000 -1.362681 2.240797 -0.746323 -21.334892 0.584910 3.008319 -13.821196 -0.000001 0.000001 -23.887129 -0.249075 -0.839485 -60.223049 2.776836 -1.101619 -0.294025 1.679686 0.833255 -14.218195 0.093215 1.300579 -34.212002 -0.287561 0.967166 -20.033176 0.964536 1.212838 0.000000 -0.000000 0.000000 -3.440387 0.788233 0.501655 -15.928172 -3.167306 2.999703 -6.338817 -0.000000 0.000001 -18.123419 3.648181 -4.905662 -0.000004 0.000000 -0.000002 25.003019 14.611008 16.585466 44.646145 11.053290 21.883522 -0.067400 28.027920 -0.081583 -2.215921 4.073143 -12.596228 2.243540 -5.255033 -3.180156 14.282877 -0.826594 6.952496 -0.000000 -12.690593 -0.000001 15.971990 -17.500402 2.741334 1.665665 -1.955920 -2.878297 4.727794 -4.170584 4.993919 11.020511 0.000001 -0.000000 12.109032 -3.735715 -2.866778 0.000000 -0.000000 0.000000 1.291985 -1.928548 -1.498088 14.800115 0.567467 3.865604 14.242553 -1.341738 -6.660648 19.631935 0.143921 -0.648243 49.491322 -0.802720 -6.256180 0.353029 -1.511150 -0.031940 20.222769 3.684305 2.316629 18.787249 0.000001 -0.000001 10.751608 -0.479870 1.397903 0.000000 -0.000000 0.000000 3.273804 0.305947 -0.580110 21.486790 11.830364 2.266131 8.162915 0.000000 -0.000000 18.399052 -3.798986 -4.940567 0.000003 0.000000 -0.000001 2.415590 8.666467 -28.519447 -0.073608 -0.098700 10.208204 -9.710038 2.519697 7.873461 1.735901 -2.081741 -2.939592 0.000000 -0.000000 0.000002 1.137876 -12.332479 13.620030 -0.054297 -0.104823 4.773808 3.057615 3.470469 -12.418340 -1.460581 0.790161 -1.771358 0.000000 -0.000000 -0.000001
0.000000 0.000000 0.000000 0.000000 -0.000000 0.000000 -7.045073 -2.024324 262.005446 -1.335860 -4.760208 1.025207 -0.273239 0.167204 -4.731549 -0.382730 1.439215 -6.565156 1.958086 -0.566935 11.841775 0.772288 2.365032 1.613607 -0.282691 1.460567 -3.594804 0.692067 0.212474 -6.002784 0.000077 -0.000022 0.000006 0.015616 -0.021431 0.059363 0.658756 -3.760616 -10.534303 -0.633317 3.722127 -10.546472 -23.595356 -4.310278 14.172147 -48.944382 -7.453407 29.821886 0.192976 -22.085514 -0.246036 4.243377 -4.350691 -17.582516 -5.882102 9.861279 0.702590 -10.936861 -0.360574 7.156197 0.000000 8.774815 -0.000000 -15.694602 18.399942 6.242885 -1.844031 2.498503 -2.507276 -10.163590 4.678941 4.621104 -20.975996 -0.000001 0.000001 -21.226254 2.451698 -3.593995 0.000000 -0.000006 -0.000000 -1.362681 2.240797 -0.746323 -21.334892 0.584910 3.008319 -13.821196 -0.000001 0.000001 -23.887129 -0.249075 -0.839485 -60.364174 2.716903 -0.964877 -0.294025 1.679686 0.833255 -14.218195 0.093215 1.300579 -34.212002 -0.287561 0.967166 -20.033176 0.964536 1.212838 0.000000 -0.000000 0.000000 -3.440387 0.788233 0.501655 -15.928172 -3.167306 2.999703 -6.338817 -0.000000 0.000001 -18.123419 3.648181 -4.905662 -0.000004 0.000000 -0.000002 26.786921 14.260221 16.815722 43.691971 9.889832 21.433386 -0.032792 27.251587 -0.080950 -2.107233 4.512824 -12.122720 2.243540 -5.255033 -3.180156 14.282877 -0.826594 6.952496 -0.000000 -12.690593 -0.000001 15.929849 -17.498060 2.772046 1.665665 -1.955920 -2.878297 4.727794 -4.170584 4.993919 11.020511 0.000001 -0.000000 12.109032 -3.735715 -2.866778 0.000000 -0.000000 0.000000 1.291985 -1.928548 -1.498088 14.800115 0.567467 3.865604 14.242553 -1.341738 -6.660648 19.631935 0.143921 -0.648243 49.618103 -0.776572 -6.141023 0.353029 -1.511150 -0.031940 20.222769 3.684305 2.316629 18.787249 0.000001 -0.000001 10.751608 -0.479870 1.397903 0.000000 -0.000000 0.000000 3.273804 0.305947 -0.580110 21.486790 11.830364 2.266131 8.162915 0.000000 -0.000000 18.399052 -3.798986 -4.940567 0.000003 0.000000 -0.000001 0.851414 6.759802 -27.358521 0.009890 -0.091782 11.783574 -7.201081 2.414082 11.349152 1.760441 -2.062845 -2.366926 0.000000 -0.000000 0.000002 -1.930862 -12.110591 14.664755 -0.088830 0.038919 7.022297 3.820670 4.001396 -11.258758 -1.450317 0.820305 -3.225541 0.000000 -0.000000 -0.000001
0.000000 0.000000 0.000000 0.000000 -0.000000 0.000000 -7.045073 -2.012338 262.005446 0.697569 -4.791877 0.723900 -1.474088 0.181355 -5.163470 -0.534723 1.552344 -6.820523 1.152379 -0.380500 11.977818 1.021366 2.488381 1.809795 -0.316816 1.524429 -3.686843 0.928410 -0.004234 -5.829315 0.000077 -0.000022 0.000006 0.025137 0.016765 0.059459 0.677257 -3.709675 -10.516726 -0.633636 3.746182 -10.515340 -23.715269 -4.264310 14.444240 -48.872974 -7.110606 29.942194 0.158661 -21.075886 -0.236459 4.096938 -4.094100 -18.717863 -5.882102 9.861279 0.702590 -10.936861 -0.360574 7.156197 0.000000 8.774815 -0.000000 -15.850503 18.210281 6.067530 -1.844031 2.498503 -2.507276 -10.163590 4.678941 4.621104 -20.975996 -0.000001 0.000001 -21.226254 2.451698 -3.593995 0.000000 -0.000006 -0.000000 -1.362681 2.240797 -0.746323 -21.334892 0.584910 3.008319 -13.821196 -0.000001 0.000001 -23.887129 -0.249075 -0.839485 -60.384426 2.511290 -1.023247 -0.294025 1.679686 0.833255 -14.218195 0.093215 1.300579 -34.212002 -0.287561 0.967166 -20.033176 0.964536 1.212838 0.000000 -0.000000 0.000000 -3.440387 0.788233 0.501655 -15.928172 -3.167306 2.999703 -6.338817 -0.000000 0.000001 -18.123419 3.648181 -4.905662 -0.000004 0.000000 -0.000002 27.458246 13.901248 16.950710 44.317879 8.796117 21.307241 -0.250791 26.112835 -0.167388 -2.341487 4.626598 -12.143839 2.243540 -5.255033 -3.180156 14.282877 -0.826594 6.952496 -0.000000 -12.690593 -0.000001 16.042021 -17.213987 2.627133 1.665665 -1.955920 -2.878297 4.727794 -4.170584 4.993919 11.020511 0.000001 -0.000000 12.109032 -3.735715 -2.866778 0.000000 -0.000000 0.000000 1.291985 -1.928548 -1.498088 14.800115 0.567467 3.865604 14.242553 -1.341738 -6.660648 19.631935 0.143921 -0.648243 49.749065 -0.564654 -5.895686 0.353029 -1.511150 -0.031940 20.222769 3.684305 2.316629 18.787249 0.000001 -0.000001 10.751608 -0.479870 1.397903 0.000000 -0.000000 0.000000 3.273804 0.305947 -0.580110 21.486790 11.830364 2.266131 8.162915 0.000000 -0.000000 18.399052 -3.798986 -4.940567 0.000003 0.000000 -0.000001 -1.003090 4.753963 -25.928648 0.014941 -0.101359 13.743209 -5.835452 3.620432 11.128061 1.687068 -1.981133 -1.524161 0.000000 -0.000000 0.000002 -5.508361 -11.840674 14.759132 -0.032254 0.116462 11.406479 4.450881 4.784400 -9.815723 -1.445070 0.776103 -6.369287 0.000000 -0.000000 -0.000001
0.000000 0.000000 0.000000 0.000000 -0.000000 0.000000 -7.045073 -1.793848 262.005446 2.254415 -4.789462 0.077339 -2.064178 0.174404 -5.058423 -0.708530 1.765514 -6.842641 0.420827 -0.075639 11.687448 1.047679 2.349662 2.277980 -0.464059 1.393791 -3.641495 1.156338 -0.145543 -6.623997 0.000077 -0.000022 0.000006 0.032257 0.028156 0.068888 0.723432 -3.700972 -10.529952 -0.665821 3.760278 -10.534289 -22.367212 -4.350080 14.870531 -50.417778 -7.452366 30.307896 0.155672 -19.902494 -0.127897 3.618006 -3.544542 -19.462263 -5.882102 9.861279 0.702590 -10.936861 -0.360574 7.156197 0.000000 8.774815 -0.000000 -15.878877 18.080866 5.948548 -1.844031 2.498503 -2.507276 -10.163590 4.678941 4.621104 -20.975996 -0.000001 0.000001 -21.226254 2.451698 -3.593995 0.000000 -0.000006 -0.000000 -1.362681 2.240797 -0.746323 -21.334892 0.584910 3.008319 -13.821196 -0.000001 0.000001 -23.887129 -0.249075 -0.839485 -60.299526 2.342516 -1.249022 -0.294025 1.679686 0.833255 -14.218195 0.093215 1.300579 -34.212002 -0.287561 0.967166 -20.033176 0.964536 1.212838 0.000000 -0.000000 0.000000 -3.440387 0.788233 0.501655 -15.928172 -3.167306 2.999703 -6.338817 -0.000000 0.000001 -18.123419 3.648181 -4.905662 -0.000004 0.000000 -0.000002 25.772947 13.545870 16.994816 47.453140 8.314957 20.988138 -0.223856 24.402040 -0.066154 -2.548136 4.361195 -12.449738 2.243540 -5.255033 -3.180156 14.282877 -0.826594 6.952496 -0.000000 -12.690593 -0.000001 16.139004 -17.431650 2.581857 1.665665 -1.955920 -2.878297 4.727794 -4.170584 4.993919 11.020511 0.000001 -0.000000 12.109032 -3.735715 -2.866778 0.000000 -0.000000 0.000000 1.291985 -1.928548 -1.498088 14.800115 0.567467 3.865604 14.242553 -1.341738 -6.660648 19.631935 0.143921 -0.648243 49.971573 -0.624632 -6.017447 0.353029 -1.511150 -0.031940 20.222769 3.684305 2.316629 18.787249 0.000001 -0.000001 10.751608 -0.479870 1.397903 0.000000 -0.000000 0.000000 3.273804 0.305947 -0.580110 21.486790 11.830364 2.266131 8.162915 0.000000 -0.000000 18.399052 -3.798986 -4.940567 0.000003 0.000000 -0.000001 -2.918674 4.157729 -24.508402 -0.004984 -0.120261 16.902855 -4.694173 3.599822 7.018605 1.668170 -1.940798 -0.955721 0.000000 -0.000000 0.000002 -8.679219 -11.855084 13.704166 -0.055877 0.309881 18.326103 4.903327 5.467465 -7.094202 -1.459321 0.809180 -10.502706 0.000000 -0.000000 -0.000001
0.000000 0.000000 0.000000 0.000000 0.000000 0.000000 -7.045073 -1.297190 262.005446 3.872601 -4.714770 -1.168972 -2.827521 0.147753 -4.567065 -0.806427 1.670974 -6.615058 0.113472 -0.069909 11.307844 0.632421 2.432562 2.994218 -0.490916 1.138949 -3.596988 1.063372 0.010211 -7.344426 0.000077 -0.000022 0.000006 0.038835 0.050934 0.082283 0.741582 -3.681371 -10.531522 -0.671237 3.785092 -10.546317 -20.888162 -4.766352 15.339183 -51.634731 -7.965777 30.730477 0.084052 -19.714760 -0.066363 3.278074 -3.046977 -19.995270 -5.882102 9.861279 0.702590 -10.936861 -0.360574 7.156197 0.000000 8.774815 0.000000 -15.928941 18.140194 5.932494 -1.844031 2.498503 -2.507276 -10.163590 4.678941 4.621104 -20.975996 -0.000001 0.000001 -21.226254 2.451698 -3.593995 0.000000 -0.000006 0.000000 -1.362681 2.240797 -0.746323 -21.334892 0.584910 3.008319 -13.821196 -0.000001 0.000001 -23.887129 -0.249075 -0.839485 -60.249213 2.355000 -1.445399 -0.294025 1.679686 0.833255 -14.218195 0.093215 1.300579 -34.212002 -0.287561 0.967166 -20.033176 0.964536 1.212838 0.000000 0.000000 0.000000 -3.440387 0.788233 0.501655 -15.928172 -3.167306 2.999703 -6.338817 0.000000 0.000001 -18.123419 3.648181 -4.905662 -0.000004 0.000000 -0.000002 23.400092 13.106532 17.126620 50.613456 7.599906 20.646414 -0.097307 23.298925 0.005935 -1.706365 3.979453 -12.381167 2.243540 -5.255033 -3.180156 14.282877 -0.826594 6.952496 0.000000 -12.690593 -0.000001 16.291135 -17.585963 2.528669 1.665665 -1.955920 -2.878297 4.727794 -4.170584 4.993919 11.020511 0.000001 -0.000000 12.109032 -3.735715 -2.866778 0.000000 0.000000 0.000000 1.291985 -1.928548 -1.498088 14.800115 0.567467 3.865604 14.242553 -1.341738 -6.660648 19.631935 0.143921 -0.648243 50.054594 -0.665388 -6.114049 0.353029 -1.511150 -0.031940 20.222769 3.684305 2.316629 18.787249 0.000001 -0.000001 10.751608 -0.479870 1.397903 0.000000 0.000000 0.000000 3.273804 0.305947 -0.580110 21.486790 11.830364 2.266131 8.162915 0.000000 0.000000 18.399052 -3.798986 -4.940567 0.000003 0.000000 -0.000001 -5.349019 4.550731 -19.690479 -0.085614 -0.132375 17.488178 -2.732119 3.012276 2.705901 1.653675 -1.942185 -0.427191 0.000000 0.000000 0.000002 -12.662573 -12.378913 7.940678 0.029020 0.432463 33.600891 4.544324 5.504341 -0.209095 -1.452016 0.792357 -12.965431 0.000000 0.000000 -0.000001
0.000000 0.000000 0.000000 0.000000 0.000000 0.000000 -7.045073 -0.807998 262.005446 4.781225 -4.621007 -2.138870 -3.417459 0.072242 -4.142182 -0.821590 1.275746 -6.367441 0.171120 -0.397187 11.147890 0.306129 2.577000 3.505063 -0.459952 1.073740 -3.597002 0.854378 0.238826 -7.508615 0.000077 -0.000022 0.000006 0.038470 0.051298 0.079479 0.731015 -3.681811 -10.522412 -0.661508 3.784109 -10.544954 -20.302786 -5.297971 15.564473 -51.517214 -8.376036 30.698960 0.011303 -20.289541 -0.043139 3.572507 -2.755493 -20.605622 -5.882102 9.861279 0.702590 -10.936861 -0.360574 7.156197 0.000000 8.774815 0.000000 -15.967491 18.174773 5.918302 -1.844031 2.498503 -2.507276 -10.163590 4.678941 4.621104 -20.975996 -0.000001 0.000001 -21.226254 2.451698 -3.593995 0.000000 -0.000006 0.000000 -1.362681 2.240797 -0.746323 -21.334892 0.584910 3.008319 -13.821196 -0.000001 0.000001 -23.887129 -0.249075 -0.839485 -60.237048 2.425431 -1.533526 -0.294025 1.679686 0.833255 -14.218195 0.093215 1.300579 -34.212002 -0.287561 0.967166 -20.033176 0.964536 1.212838 0.000000 0.000000 0.000000 -3.440387 0.788233 0.501655 -15.928172 -3.167306 2.999703 -6.338817 0.000000 0.000001 -18.123419 3.648181 -4.905662 -0.000004 0.000000 -0.000002 22.508468 12.594749 17.169100 51.571295 6.770365 19.940627 0.010760 23.409766 0.054821 -0.874703 3.899654 -12.296731 2.243540 -5.255033 -3.180156 14.282877 -0.826594 6.952496 0.000000 -12.690593 -0.000001 16.394232 -17.649186 2.511436 1.665665 -1.955920 -2.878297 4.727794 -4.170584 4.993919 11.020511 0.000001 -0.000000 12.109032 -3.735715 -2.866778 0.000000 0.000000 0.000000 1.291985 -1.928548 -1.498088 14.800115 0.567467 3.865604 14.242553 -1.341738 -6.660648 19.631935 0.143921 -0.648243 50.050682 -0.651671 -6.125541 0.353029 -1.511150 -0.031940 20.222769 3.684305 2.316629 18.787249 0.000001 -0.000001 10.751608 -0.479870 1.397903 0.000000 0.000000 0.000000 3.273804 0.305947 -0.580110 21.486790 11.830364 2.266131 8.162915 0.000000 0.000000 18.399052 -3.798986 -4.940567 0.000003 0.000000 -0.000001 -6.923764 5.126836 -14.654530 -0.097958 -0.114970 16.398874 -1.416637 2.490538 -0.378164 1.634744 -1.955466 -0.235005 0.000000 0.000000 0.000002 -15.066518 -13.491132 1.230488 0.130607 0.438750 46.463844 4.139723 5.539033 5.431899 -1.413214 0.750959 -12.013554 0.000000 0.000000 -0.000001
0.000000 0.000000 0.000000 0.000000 0.000000 0.000000 -7.045073 -0.432509 262.005446 5.141156 -4.549645 -2.812091 -3.810646 -0.076057 -3.715157 -0.810743 0.756365 -6.154557 0.382986 -0.900287 11.107483 0.185028 2.684402 3.884922 -0.364987 1.087562 -3.627942 0.579484 0.471600 -7.589878 0.000077 -0.000022 0.000006 0.036160 0.044625 0.070613 0.716047 -3.691573 -10.529163 -0.650892 3.779619 -10.559558 -20.035260 -5.966015 15.661464 -50.743086 -9.042588 30.380744 -0.055769 -21.227187 -0.053242 4.333007 -2.511189 -21.428691 -5.882102 9.861279 0.702590 -10.936861 -0.360574 7.156197 0.000000 8.774815 0.000000 -15.903487 18.150360 5.932768 -1.844031 2.498503 -2.507276 -10.163590 4.678941 4.621104 -20.975996 -0.000001 0.000001 -21.226254 2.451698 -3.593995 0.000000 -0.000006 0.000000 -1.362681 2.240797 -0.746323 -21.334892 0.584910 3.008319 -13.821196 -0.000001 0.000001 -23.887129 -0.249075 -0.839485 -60.117177 2.473684 -1.515176 -0.294025 1.679686 0.833255 -14.218195 0.093215 1.300579 -34.212002 -0.287561 0.967166 -20.033176 0.964536 1.212838 0.000000 0.000000 0.000000 -3.440387 0.788233 0.501655 -15.928172 -3.167306 2.999703 -6.338817 0.000000 0.000001 -18.123419 3.648181 -4.905662 -0.000004 0.000000 -0.000002 22.559961 11.922881 17.045057 51.379418 6.007205 18.593479 0.070878 24.130922 0.065687 -0.611903 4.088397 -13.020313 2.243540 -5.255033 -3.180156 14.282877 -0.826594 6.952496 0.000000 -12.690593 -0.000001 16.427478 -17.659011 2.515574 1.665665 -1.955920 -2.878297 4.727794 -4.170584 4.993919 11.020511 0.000001 -0.000000 12.109032 -3.735715 -2.866778 0.000000 0.000000 0.000000 1.291985 -1.928548 -1.498088 14.800115 0.567467 3.865604 14.242553 -1.341738 -6.660648 19.631935 0.143921 -0.648243 49.985960 -0.634110 -6.128946 0.353029 -1.511150 -0.031940 20.222769 3.684305 2.316629 18.787249 0.000001 -0.000001 10.751608 -0.479870 1.397903 0.000000 0.000000 0.000000 3.273804 0.305947 -0.580110 21.486790 11.830364 2.266131 8.162915 0.000000 0.000000 18.399052 -3.798986 -4.940567 0.000003 0.000000 -0.000001 -7.766579 5.801967 -10.048683 -0.064150 -0.090836 14.786085 -0.729970 1.860125 -2.765520 1.623015 -1.948380 -0.323239 0.000000 0.000000 0.000002 -15.758938 -14.730661 -5.431853 0.183895 0.348391 54.706233 3.970246 4.782866 8.225806 -1.314097 0.728350 -6.903395 0.000000 0.000000 -0.000001
0.000000 0.000000 0.000000 0.000000 0.000000 0.000000 -7.045073 -0.098889 262.005446 5.068864 -4.523089 -3.145890 -3.969012 -0.239765 -3.351969 -0.785097 0.252809 -6.000133 0.681849 -1.476639 11.130010 0.182368 2.720663 4.185506 -0.318204 1.083036 -3.651973 0.366467 0.626417 -7.761785 0.000077 -0.000022 0.000006 0.032575 0.029462 0.063506 0.708442 -3.703518 -10.540961 -0.649689 3.762706 -10.575214 -19.804395 -6.713556 15.604246 -49.862843 -10.072628 29.855541 -0.134067 -22.282258 -0.082171 5.391327 -2.249379 -22.227644 -5.882102 9.861279 0.702590 -10.936861 -0.360574 7.156197 0.000000 8.774815 0.000000 -15.770834 18.168786 6.030006 -1.844031 2.498503 -2.507276 -10.163590 4.678941 4.621104 -20.975996 -0.000001 0.000001 -21.226254 2.451698 -3.593995 0.000000 -0.000006 0.000000 -1.362681 2.240797 -0.746323 -21.334892 0.584910 3.008319 -13.821196 -0.000001 0.000001 -23.887129 -0.249075 -0.839485 -60.026729 2.492292 -1.424158 -0.294025 1.679686 0.833255 -14.218195 0.093215 1.300579 -34.212002 -0.287561 0.967166 -20.033176 0.964536 1.212838 0.000000 0.000000 0.000000 -3.440387 0.788233 0.501655 -15.928172 -3.167306 2.999703 -6.338817 0.000000 0.000001 -18.123419 3.648181 -4.905662 -0.000004 0.000000 -0.000002 22.937532 11.171779 16.851128 50.867319 5.453725 16.749131 0.117057 24.867655 0.057488 -0.954275 4.365936 -14.128935 2.243540 -5.255033 -3.180156 14.282877 -0.826594 6.952496 0.000000 -12.690593 -0.000001 16.439128 -17.667677 2.527003 1.665665 -1.955920 -2.878297 4.727794 -4.170584 4.993919 11.020511 0.000001 -0.000000 12.109032 -3.735715 -2.866778 0.000000 0.000000 0.000000 1.291985 -1.928548 -1.498088 14.800115 0.567467 3.865604 14.242553 -1.341738 -6.660648 19.631935 0.143921 -0.648243 49.943278 -0.639225 -6.133990 0.353029 -1.511150 -0.031940 20.222769 3.684305 2.316629 18.787249 0.000001 -0.000001 10.751608 -0.479870 1.397903 0.000000 0.000000 0.000000 3.273804 0.305947 -0.580110 21.486790 11.830364 2.266131 8.162915 0.000000 0.000000 18.399052 -3.798986 -4.940567 0.000003 0.000000 -0.000001 -7.956845 6.494079 -6.100357 -0.039520 -0.077484 13.303009 -0.457911 1.035883 -4.909537 1.622031 -1.917295 -0.312963 0.000000 0.000000 0.000002 -15.004836 -15.844148 -11.500125 0.166105 0.208860 57.119408 4.250780 3.876401 7.897404 -1.284404 0.751397 -3.077878 0.000000 0.000000 -0.000001
0.000000 0.000000 0.000000 0.000000 0.000000 0.000000 -7.045073 0.161683 262.005446 4.569016 -4.551740 -3.088359 -3.832360 -0.355433 -3.126927 -0.715116 -0.194412 -5.918821 1.058351 -2.033496 11.166318 0.252268 2.688157 4.349695 -0.358272 1.031595 -3.648062 0.199917 0.638418 -7.897352 0.000077 -0.000022 0.000006 0.026500 0.004904 0.058600 0.702397 -3.723288 -10.555498 -0.654684 3.735503 -10.589301 -19.521825 -7.388722 15.431861 -49.256029 -11.342717 28.875244 -0.241002 -23.523768 -0.058526 6.570377 -2.029032 -22.832052 -5.882102 9.861279 0.702590 -10.936861 -0.360574 7.156197 0.000000 8.774815 0.000000 -15.628866 18.231535 6.145682 -1.844031 2.498503 -2.507276 -10.163590 4.678941 4.621104 -20.975996 -0.000001 0.000001 -21.226254 2.451698 -3.593995 0.000000 -0.000006 0.000000 -1.362681 2.240797 -0.746323 -21.334892 0.584910 3.008319 -13.821196 -0.000001 0.000001 -23.887129 -0.249075 -0.839485 -60.008768 2.530366 -1.375438 -0.294025 1.679686 0.833255 -14.218195 0.093215 1.300579 -34.212002 -0.287561 0.967166 -20.033176 0.964536 1.212838 0.000000 0.000000 0.000000 -3.440387 0.788233 0.501655 -15.928172 -3.167306 2.999703 -6.338817 0.000000 0.000001 -18.123419 3.648181 -4.905662 -0.000004 0.000000 -0.000002 23.274153 10.500750 16.679548 50.435202 5.075353 14.822774 0.139294 25.359768 0.023826 -1.508989 4.598561 -15.227555 2.243540 -5.255033 -3.180156 14.282877 -0.826594 6.952496 0.000000 -12.690593 -0.000001 16.467520 -17.743137 2.524009 1.665665 -1.955920 -2.878297 4.727794 -4.170584 4.993919 11.020511 0.000001 -0.000000 12.109032 -3.735715 -2.866778 0.000000 0.000000 0.000000 1.291985 -1.928548 -1.498088 14.800115 0.567467 3.865604 14.242553 -1.341738 -6.660648 19.631935 0.143921 -0.648243 49.971045 -0.652372 -6.183730 0.353029 -1.511150 -0.031940 20.222769 3.684305 2.316629 18.787249 0.000001 -0.000001 10.751608 -0.479870 1.397903 0.000000 0.000000 0.000000 3.273804 0.305947 -0.580110 21.486790 11.830364 2.266131 8.162915 0.000000 0.000000 18.399052 -3.798986 -4.940567 0.000003 0.000000 -0.000001 -7.441485 7.056951 -2.703379 -0.045489 -0.084132 11.924382 -0.513219 0.078355 -6.925002 1.629423 -1.871775 -0.182618 0.000000 0.000000 0.000002 -13.121543 -16.686526 -16.634717 0.142353 0.141870 53.415291 5.577299 3.716460 5.617162 -1.339351 0.762085 -2.527292 0.000000 0.000000 -0.000001
