HIERARCHY
ROOT Root
{
  OFFSET 0.000000 0.000000 0.000000
  CHANNELS 6 Xposition Yposition Zposition Zrotation Yrotation Xrotation
  JOINT Hips
  {
    OFFSET 0.000000 100.000000 0.000000
    CHANNELS 6 Xposition Yposition Zposition Zrotation Yrotation Xrotation
    JOINT Spine1
    {
      OFFSET -0.013727 5.003763 -0.053727
      CHANNELS 3 Zrotation Yrotation Xrotation
      JOINT Spine2
      {
        OFFSET -0.000000 7.125301 -0.029825
        CHANNELS 3 Zrotation Yrotation Xrotation
        JOINT Chest
        {
          OFFSET -0.000001 7.550063 -0.815971
          CHANNELS 3 Zrotation Yrotation Xrotation
          JOINT Neck1
          {
            OFFSET -0.181677 26.311295 -0.553348
            CHANNELS 3 Zrotation Yrotation Xrotation
            JOINT Neck2
            {
              OFFSET -0.000003 7.709397 2.302585
              CHANNELS 3 Zrotation Yrotation Xrotation
              JOINT Head
              {
                OFFSET -0.000005 6.128916 1.953709
                CHANNELS 3 Zrotation Yrotation Xrotation
                JOINT HeadEnd
                {
                  OFFSET 0.003598 16.065403 -1.835379
                  CHANNELS 3 Zrotation Yrotation Xrotation
                }
                JOINT Jaw
                {
                  OFFSET 0.002637 0.475592 3.094941
                  CHANNELS 3 Zrotation Yrotation Xrotation
                }
                JOINT LeftEye
                {
                  OFFSET 3.206381 5.380205 7.586883
                  CHANNELS 3 Zrotation Yrotation Xrotation
                }
                JOINT RightEye
                {
                  OFFSET -3.222440 5.361869 7.558234
                  CHANNELS 3 Zrotation Yrotation Xrotation
                }
              }
            }
          }
          JOINT LeftShoulder
          {
            OFFSET 1.621652 23.237164 5.113413
            CHANNELS 3 Zrotation Yrotation Xrotation
            JOINT LeftArm
            {
              OFFSET 14.919846 0.000002 -5.502326
              CHANNELS 3 Zrotation Yrotation Xrotation
              JOINT LeftForeArm
              {
                OFFSET 28.739307 0.000000 -0.002588
                CHANNELS 3 Zrotation Yrotation Xrotation
                JOINT LeftHand
                {
                  OFFSET 27.093981 -0.000001 0.002609
                  CHANNELS 3 Zrotation Yrotation Xrotation
                  JOINT LeftHandThumb1
                  {
                    OFFSET 2.276482 -1.392045 3.191413
                    CHANNELS 3 Zrotation Yrotation Xrotation
                    JOINT LeftHandThumb2
                    {
                      OFFSET 4.012836 -1.828127 1.641654
                      CHANNELS 3 Zrotation Yrotation Xrotation
                      JOINT LeftHandThumb3
                      {
                        OFFSET 2.798515 0.000000 -0.000003
                        CHANNELS 3 Zrotation Yrotation Xrotation
                        JOINT LeftHandThumbEnd
                        {
                          OFFSET 3.180793 -0.000004 0.000004
                          CHANNELS 3 Zrotation Yrotation Xrotation
                        }
                      }
                    }
                  }
                  JOINT LeftHandIndex1
                  {
                    OFFSET 3.247555 -0.531998 2.296169
                    CHANNELS 3 Zrotation Yrotation Xrotation
                    JOINT LeftHandIndex2
                    {
                      OFFSET 6.364578 0.012060 0.178600
                      CHANNELS 3 Zrotation Yrotation Xrotation
                      JOINT LeftHandIndex3
                      {
                        OFFSET 3.662364 0.000000 0.000000
                        CHANNELS 3 Zrotation Yrotation Xrotation
                        JOINT LeftHandIndex4
                        {
                          OFFSET 2.329242 0.000004 0.000004
                          CHANNELS 3 Zrotation Yrotation Xrotation
                          JOINT LeftHandIndexEnd
                          {
                            OFFSET 2.759615 -0.180537 -0.113024
                            CHANNELS 3 Zrotation Yrotation Xrotation
                          }
                        }
                      }
                    }
                  }
                  JOINT LeftHandMiddle1
                  {
                    OFFSET 3.163495 0.240981 1.000332
                    CHANNELS 3 Zrotation Yrotation Xrotation
                    JOINT LeftHandMiddle2
                    {
                      OFFSET 6.190780 -0.259278 -1.002548
                      CHANNELS 3 Zrotation Yrotation Xrotation
                      JOINT LeftHandMiddle3
                      {
                        OFFSET 4.356520 -0.000004 -0.000001
                        CHANNELS 3 Zrotation Yrotation Xrotation
                        JOINT LeftHandMiddle4
                        {
                          OFFSET 2.996877 -0.000008 0.000000
                          CHANNELS 3 Zrotation Yrotation Xrotation
                          JOINT LeftHandMiddleEnd
                          {
                            OFFSET 2.304287 -0.294569 -0.031741
                            CHANNELS 3 Zrotation Yrotation Xrotation
                          }
                        }
                      }
                    }
                  }
                  JOINT LeftHandRing1
                  {
                    OFFSET 2.882643 -0.053652 -0.322543
                    CHANNELS 3 Zrotation Yrotation Xrotation
                    JOINT LeftHandRing2
                    {
                      OFFSET 5.854541 -0.486202 -1.373841
                      CHANNELS 3 Zrotation Yrotation Xrotation
                      JOINT LeftHandRing3
                      {
                        OFFSET 4.350578 0.000000 0.000003
                        CHANNELS 3 Zrotation Yrotation Xrotation
                        JOINT LeftHandRing4
                        {
                          OFFSET 2.651321 0.000007 0.000002
                          CHANNELS 3 Zrotation Yrotation Xrotation
                          JOINT LeftHandRingEnd
                          {
                            OFFSET 1.936105 0.077687 -0.000071
                            CHANNELS 3 Zrotation Yrotation Xrotation
                          }
                        }
                      }
                    }
                  }
                  JOINT LeftHandPinky1
                  {
                    OFFSET 2.865500 -0.310005 -1.600378
                    CHANNELS 3 Zrotation Yrotation Xrotation
                    JOINT LeftHandPinky2
                    {
                      OFFSET 5.087849 -1.331141 -1.771230
                      CHANNELS 3 Zrotation Yrotation Xrotation
                      JOINT LeftHandPinky3
                      {
                        OFFSET 3.070974 0.000004 0.000000
                        CHANNELS 3 Zrotation Yrotation Xrotation
                        JOINT LeftHandPinky4
                        {
                          OFFSET 1.549672 0.000000 0.000001
                          CHANNELS 3 Zrotation Yrotation Xrotation
                          JOINT LeftHandPinkyEnd
                          {
                            OFFSET 1.944893 -0.157802 0.057219
                            CHANNELS 3 Zrotation Yrotation Xrotation
                          }
                        }
                      }
                    }
                  }
                }
              }
            }
          }
          JOINT RightShoulder
          {
            OFFSET -1.380118 23.180309 5.214158
            CHANNELS 3 Zrotation Yrotation Xrotation
            JOINT RightArm
            {
              OFFSET -15.037196 0.000012 -5.545604
              CHANNELS 3 Zrotation Yrotation Xrotation
              JOINT RightForeArm
              {
                OFFSET -28.736639 0.000002 -0.002597
                CHANNELS 3 Zrotation Yrotation Xrotation
                JOINT RightHand
                {
                  OFFSET -27.133619 -0.000000 0.002613
                  CHANNELS 3 Zrotation Yrotation Xrotation
                  JOINT RightHandThumb1
                  {
                    OFFSET -2.274032 -1.383988 3.163127
                    CHANNELS 3 Zrotation Yrotation Xrotation
                    JOINT RightHandThumb2
                    {
                      OFFSET -4.011429 -1.827466 1.640914
                      CHANNELS 3 Zrotation Yrotation Xrotation
                      JOINT RightHandThumb3
                      {
                        OFFSET -2.794935 -0.000004 -0.000003
                        CHANNELS 3 Zrotation Yrotation Xrotation
                        JOINT RightHandThumbEnd
                        {
                          OFFSET -3.183852 0.000004 0.000001
                          CHANNELS 3 Zrotation Yrotation Xrotation
                        }
                      }
                    }
                  }
                  JOINT RightHandIndex1
                  {
                    OFFSET -3.253266 -0.520057 2.282866
                    CHANNELS 3 Zrotation Yrotation Xrotation
                    JOINT RightHandIndex2
                    {
                      OFFSET -6.341917 0.012471 0.178266
                      CHANNELS 3 Zrotation Yrotation Xrotation
                      JOINT RightHandIndex3
                      {
                        OFFSET -3.654871 -0.000008 -0.000000
                        CHANNELS 3 Zrotation Yrotation Xrotation
                        JOINT RightHandIndex4
                        {
                          OFFSET -2.327586 0.000000 0.000001
                          CHANNELS 3 Zrotation Yrotation Xrotation
                          JOINT RightHandIndexEnd
                          {
                            OFFSET -2.761790 -0.180656 -0.113078
                            CHANNELS 3 Zrotation Yrotation Xrotation
                          }
                        }
                      }
                    }
                  }
                  JOINT RightHandMiddle1
                  {
                    OFFSET -3.168106 0.246593 1.001030
                    CHANNELS 3 Zrotation Yrotation Xrotation
                    JOINT RightHandMiddle2
                    {
                      OFFSET -6.180828 -0.258836 -1.000895
                      CHANNELS 3 Zrotation Yrotation Xrotation
                      JOINT RightHandMiddle3
                      {
                        OFFSET -4.348901 0.000000 -0.000000
                        CHANNELS 3 Zrotation Yrotation Xrotation
                        JOINT RightHandMiddle4
                        {
                          OFFSET -3.000240 -0.000004 -0.000002
                          CHANNELS 3 Zrotation Yrotation Xrotation
                          JOINT RightHandMiddleEnd
                          {
                            OFFSET -2.302520 -0.294370 -0.031706
                            CHANNELS 3 Zrotation Yrotation Xrotation
                          }
                        }
                      }
                    }
                  }
                  JOINT RightHandRing1
                  {
                    OFFSET -2.885690 -0.067952 -0.308858
                    CHANNELS 3 Zrotation Yrotation Xrotation
                    JOINT RightHandRing2
                    {
                      OFFSET -5.854198 -0.486130 -1.373731
                      CHANNELS 3 Zrotation Yrotation Xrotation
                      JOINT RightHandRing3
                      {
                        OFFSET -4.338810 -0.000004 -0.000000
                        CHANNELS 3 Zrotation Yrotation Xrotation
                        JOINT RightHandRing4
                        {
                          OFFSET -2.654903 -0.000004 0.000004
                          CHANNELS 3 Zrotation Yrotation Xrotation
                          JOINT RightHandRingEnd
                          {
                            OFFSET -1.933568 0.077527 -0.000052
                            CHANNELS 3 Zrotation Yrotation Xrotation
                          }
                        }
                      }
                    }
                  }
                  JOINT RightHandPinky1
                  {
                    OFFSET -2.866425 -0.342796 -1.584145
                    CHANNELS 3 Zrotation Yrotation Xrotation
                    JOINT RightHandPinky2
                    {
                      OFFSET -5.091371 -1.332055 -1.772385
                      CHANNELS 3 Zrotation Yrotation Xrotation
                      JOINT RightHandPinky3
                      {
                        OFFSET -3.062664 -0.000004 0.000001
                        CHANNELS 3 Zrotation Yrotation Xrotation
                        JOINT RightHandPinky4
                        {
                          OFFSET -1.546529 0.000004 -0.000002
                          CHANNELS 3 Zrotation Yrotation Xrotation
                          JOINT RightHandPinkyEnd
                          {
                            OFFSET -1.945119 -0.157718 0.057211
                            CHANNELS 3 Zrotation Yrotation Xrotation
                          }
                        }
                      }
                    }
                  }
                }
              }
            }
          }
        }
      }
    }
    JOINT LeftLeg
    {
      OFFSET 10.043214 -8.434526 2.595655
      CHANNELS 3 Zrotation Yrotation Xrotation
      JOINT LeftShin
      {
        OFFSET -0.000001 -43.221752 -0.802913
        CHANNELS 3 Zrotation Yrotation Xrotation
        JOINT LeftFoot
        {
          OFFSET 0.000001 -42.155094 -3.481523
          CHANNELS 3 Zrotation Yrotation Xrotation
          JOINT LeftToeBase
          {
            OFFSET 0.000000 -5.059472 13.231529
            CHANNELS 3 Zrotation Yrotation Xrotation
            JOINT LeftToeEnd
            {
              OFFSET -0.009607 -1.647619 6.513017
              CHANNELS 3 Zrotation Yrotation Xrotation
            }
          }
        }
      }
    }
    JOINT RightLeg
    {
      OFFSET -10.047278 -8.295260 2.620317
      CHANNELS 3 Zrotation Yrotation Xrotation
      JOINT RightShin
      {
        OFFSET 0.000001 -43.362206 -0.805556
        CHANNELS 3 Zrotation Yrotation Xrotation
        JOINT RightFoot
        {
          OFFSET 0.000002 -42.117393 -3.478398
          CHANNELS 3 Zrotation Yrotation Xrotation
          JOINT RightToeBase
          {
            OFFSET -0.000000 -5.079609 13.284196
            CHANNELS 3 Zrotation Yrotation Xrotation
            JOINT RightToeEnd
            {
              OFFSET 0.009532 -1.634378 6.460591
              CHANNELS 3 Zrotation Yrotation Xrotation
            }
          }
        }
      }
    }
  }
}
MOTION
Frames: 105
Frame Time: 0.03333333
0.000000 0.000000 0.000000 0.000000 -0.000000 0.000000 0.276461 -54.333849 3.613964 0.572936 0.030989 -0.495469 0.838091 0.672300 3.759712 -0.775587 2.313535 -3.889729 -1.813923 1.303876 12.640959 -2.481330 4.818523 30.498745 -0.964036 -1.386599 -3.569680 -3.493239 -1.953565 -2.086601 0.000077 -0.000022 0.000006 0.026382 -0.040180 -0.042666 0.758165 -3.716765 -10.438397 -0.724515 3.636452 -10.422498 20.019423 -10.761152 7.287596 -87.385315 -32.263226 -0.489934 -177.987686 -38.659946 179.223831 21.179979 -1.428478 -23.918568 -5.882102 9.861279 0.702590 -10.936861 -0.360574 7.156197 0.000000 8.774815 -0.000000 -15.001626 17.743423 6.717864 -1.844031 2.498503 -2.507276 -10.163590 4.678941 4.621104 -20.975996 -0.000001 0.000001 -21.226254 2.451698 -3.593995 0.000000 -0.000006 -0.000000 -1.362681 2.240797 -0.746323 -21.334892 0.584910 3.008319 -13.821196 -0.000001 0.000001 -23.887129 -0.249075 -0.839485 -59.269382 2.763773 -0.741774 -0.294025 1.679686 0.833255 -14.218195 0.093215 1.300579 -34.212002 -0.287561 0.967166 -20.033176 0.964536 1.212838 0.000000 -0.000000 0.000000 -3.440387 0.788233 0.501655 -15.928172 -3.167306 2.999703 -6.338817 -0.000000 0.000001 -18.123419 3.648181 -4.905662 -0.000004 0.000000 -0.000002 -22.363531 19.688305 3.551663 87.052979 34.197266 6.866312 179.544846 45.748344 179.402161 -23.775219 -1.718169 -22.903572 2.243540 -5.255033 -3.180156 14.282877 -0.826594 6.952496 -0.000000 -12.690593 -0.000001 16.048183 -17.557095 3.242477 1.665665 -1.955920 -2.878297 4.727794 -4.170584 4.993919 11.020511 0.000001 -0.000000 12.109032 -3.735715 -2.866778 0.000000 -0.000000 0.000000 1.291985 -1.928548 -1.498088 14.800115 0.567467 3.865604 14.242553 -1.341738 -6.660648 19.631935 0.143921 -0.648243 50.626564 -0.892623 -5.853545 0.353029 -1.511150 -0.031940 20.222769 3.684305 2.316629 18.787249 0.000001 -0.000001 10.751608 -0.479870 1.397903 0.000000 -0.000000 0.000000 3.273804 0.305947 -0.580110 21.486790 11.830364 2.266131 8.162915 0.000000 -0.000000 18.399052 -3.798986 -4.940567 0.000003 0.000000 -0.000001 20.954500 -7.869873 -17.772482 -0.236336 -0.749567 134.077042 -3.582240 -25.782249 -45.725819 2.369721 -1.277683 -37.431885 0.000000 -0.000000 0.000002 -16.087547 -3.853837 -12.027662 0.129185 0.319128 131.186157 -14.718185 9.324983 -49.437813 -1.867246 0.535144 -46.732754 0.000000 -0.000000 -0.000001
0.000000 0.000000 0.000000 0.000000 -0.000000 0.000000 0.201231 -54.494394 3.726992 0.520646 -0.166248 -0.089623 0.938186 0.598308 4.191957 -0.692097 2.104547 -3.798756 -1.560425 1.063257 12.924768 -2.131197 4.535325 30.359098 -0.878784 -1.496923 -3.548463 -3.866413 -1.801248 -2.237243 0.000077 -0.000022 0.000006 0.020675 -0.031451 -0.056172 0.742265 -3.698033 -10.340016 -0.718996 3.634328 -10.330742 20.393154 -11.169824 7.292369 -87.704636 -32.569344 0.821463 -178.545639 -37.895725 179.488647 21.893930 -1.441401 -23.664219 -5.882102 9.861279 0.702590 -10.936861 -0.360574 7.156197 0.000000 8.774815 -0.000000 -15.056131 17.756989 6.720377 -1.844031 2.498503 -2.507276 -10.163590 4.678941 4.621104 -20.975996 -0.000001 0.000001 -21.226254 2.451698 -3.593995 0.000000 -0.000006 -0.000000 -1.362681 2.240797 -0.746323 -21.334892 0.584910 3.008319 -13.821196 -0.000001 0.000001 -23.887129 -0.249075 -0.839485 -59.387859 2.811523 -0.965378 -0.294025 1.679686 0.833255 -14.218195 0.093215 1.300579 -34.212002 -0.287561 0.967166 -20.033176 0.964536 1.212838 0.000000 -0.000000 0.000000 -3.440387 0.788233 0.501655 -15.928172 -3.167306 2.999703 -6.338817 -0.000000 0.000001 -18.123419 3.648181 -4.905662 -0.000004 0.000000 -0.000002 -22.208372 19.517015 3.802813 87.868332 35.604740 7.390154 179.593536 43.787102 179.419144 -24.253113 -2.031710 -21.112104 2.243540 -5.255033 -3.180156 14.282877 -0.826594 6.952496 -0.000000 -12.690593 -0.000001 16.037041 -17.585295 3.151488 1.665665 -1.955920 -2.878297 4.727794 -4.170584 4.993919 11.020511 0.000001 -0.000000 12.109032 -3.735715 -2.866778 0.000000 -0.000000 0.000000 1.291985 -1.928548 -1.498088 14.800115 0.567467 3.865604 14.242553 -1.341738 -6.660648 19.631935 0.143921 -0.648243 50.458900 -0.886150 -5.863788 0.353029 -1.511150 -0.031940 20.222769 3.684305 2.316629 18.787249 0.000001 -0.000001 10.751608 -0.479870 1.397903 0.000000 -0.000000 0.000000 3.273804 0.305947 -0.580110 21.486790 11.830364 2.266131 8.162915 0.000000 -0.000000 18.399052 -3.798986 -4.940567 0.000003 0.000000 -0.000001 20.983097 -7.726908 -17.837517 -0.255666 -0.841046 134.006027 -3.358753 -25.681339 -46.049591 2.341683 -1.287818 -36.881847 0.000000 -0.000000 0.000002 -15.999131 -3.886214 -12.251997 0.108211 0.349288 131.305939 -14.662140 9.384142 -49.680180 -1.831597 0.515584 -47.024738 0.000000 -0.000000 -0.000001
0.000000 0.000000 0.000000 0.000000 -0.000000 0.000000 0.214277 -54.626993 3.765137 0.516944 -0.476760 0.278125 0.977215 0.533002 4.680326 -0.615572 1.914429 -3.656480 -1.237065 0.797681 13.465584 -1.645099 4.186646 30.465824 -0.859770 -1.600871 -3.531046 -4.323576 -1.625677 -2.170061 0.000077 -0.000022 0.000006 0.039465 -0.052981 -0.058619 0.749485 -3.728811 -10.316799 -0.687516 3.620590 -10.308995 20.607399 -11.864375 7.341805 -87.859550 -33.198326 2.488399 -179.068176 -37.265545 179.748062 22.951294 -1.592201 -23.533396 -5.882102 9.861279 0.702590 -10.936861 -0.360574 7.156197 0.000000 8.774815 -0.000000 -15.074672 17.729992 6.707951 -1.844031 2.498503 -2.507276 -10.163590 4.678941 4.621104 -20.975996 -0.000001 0.000001 -21.226254 2.451698 -3.593995 0.000000 -0.000006 -0.000000 -1.362681 2.240797 -0.746323 -21.334892 0.584910 3.008319 -13.821196 -0.000001 0.000001 -23.887129 -0.249075 -0.839485 -59.431416 2.754257 -1.013200 -0.294025 1.679686 0.833255 -14.218195 0.093215 1.300579 -34.212002 -0.287561 0.967166 -20.033176 0.964536 1.212838 0.000000 -0.000000 0.000000 -3.440387 0.788233 0.501655 -15.928172 -3.167306 2.999703 -6.338817 -0.000000 0.000001 -18.123419 3.648181 -4.905662 -0.000004 0.000000 -0.000002 -21.560492 19.349901 4.256672 88.888687 37.598228 8.510709 179.723160 42.009403 179.596252 -24.886150 -2.326062 -19.839407 2.243540 -5.255033 -3.180156 14.282877 -0.826594 6.952496 -0.000000 -12.690593 -0.000001 16.046051 -17.529835 3.040995 1.665665 -1.955920 -2.878297 4.727794 -4.170584 4.993919 11.020511 0.000001 -0.000000 12.109032 -3.735715 -2.866778 0.000000 -0.000000 0.000000 1.291985 -1.928548 -1.498088 14.800115 0.567467 3.865604 14.242553 -1.341738 -6.660648 19.631935 0.143921 -0.648243 50.319862 -0.854621 -5.853779 0.353029 -1.511150 -0.031940 20.222769 3.684305 2.316629 18.787249 0.000001 -0.000001 10.751608 -0.479870 1.397903 0.000000 -0.000000 0.000000 3.273804 0.305947 -0.580110 21.486790 11.830364 2.266131 8.162915 0.000000 -0.000000 18.399052 -3.798986 -4.940567 0.000003 0.000000 -0.000001 20.819435 -7.564949 -17.893789 -0.228777 -0.855494 134.019516 -3.142611 -25.451401 -46.397270 2.337344 -1.286724 -36.857010 0.000000 -0.000000 0.000002 -16.090219 -3.744789 -12.626592 0.120560 0.365894 131.524139 -14.484784 9.643536 -49.898438 -1.814684 0.503365 -47.215130 0.000000 -0.000000 -0.000001
0.000000 0.000000 0.000000 0.000000 -0.000000 0.000000 0.206732 -54.765482 3.695212 0.523119 -0.860508 0.570758 0.997446 0.461859 5.161065 -0.557782 1.711720 -3.489118 -0.873446 0.593128 14.261295 -1.144635 3.866116 31.036240 -0.902729 -1.632987 -3.511940 -4.769099 -1.493913 -1.884107 0.000077 -0.000022 0.000006 0.064279 -0.076222 -0.054360 0.765904 -3.764335 -10.321446 -0.653164 3.608531 -10.311206 20.681458 -12.605740 7.373045 -87.749077 -34.079693 4.100535 -179.332962 -37.079681 179.827942 24.164848 -1.810483 -23.572250 -5.882102 9.861279 0.702590 -10.936861 -0.360574 7.156197 0.000000 8.774815 -0.000000 -15.048140 17.688618 6.715009 -1.844031 2.498503 -2.507276 -10.163590 4.678941 4.621104 -20.975996 -0.000001 0.000001 -21.226254 2.451698 -3.593995 0.000000 -0.000006 -0.000000 -1.362681 2.240797 -0.746323 -21.334892 0.584910 3.008319 -13.821196 -0.000001 0.000001 -23.887129 -0.249075 -0.839485 -59.372410 2.694671 -0.970448 -0.294025 1.679686 0.833255 -14.218195 0.093215 1.300579 -34.212002 -0.287561 0.967166 -20.033176 0.964536 1.212838 0.000000 -0.000000 0.000000 -3.440387 0.788233 0.501655 -15.928172 -3.167306 2.999703 -6.338817 -0.000000 0.000001 -18.123419 3.648181 -4.905662 -0.000004 0.000000 -0.000002 -20.518442 19.305071 4.901923 89.848564 39.807606 9.944657 179.807404 40.750069 179.756256 -25.517059 -2.371619 -19.135155 2.243540 -5.255033 -3.180156 14.282877 -0.826594 6.952496 -0.000000 -12.690593 -0.000001 16.061867 -17.440567 2.988928 1.665665 -1.955920 -2.878297 4.727794 -4.170584 4.993919 11.020511 0.000001 -0.000000 12.109032 -3.735715 -2.866778 0.000000 -0.000000 0.000000 1.291985 -1.928548 -1.498088 14.800115 0.567467 3.865604 14.242553 -1.341738 -6.660648 19.631935 0.143921 -0.648243 50.196560 -0.796235 -5.794352 0.353029 -1.511150 -0.031940 20.222769 3.684305 2.316629 18.787249 0.000001 -0.000001 10.751608 -0.479870 1.397903 0.000000 -0.000000 0.000000 3.273804 0.305947 -0.580110 21.486790 11.830364 2.266131 8.162915 0.000000 -0.000000 18.399052 -3.798986 -4.940567 0.000003 0.000000 -0.000001 20.692051 -7.501508 -17.994608 -0.185549 -0.817152 134.129715 -2.926913 -25.276209 -46.735035 2.343527 -1.284390 -36.931320 0.000000 -0.000000 0.000002 -16.217926 -3.567236 -13.104000 0.128840 0.364417 131.889786 -14.406215 9.863656 -50.124302 -1.808490 0.498723 -47.063602 0.000000 -0.000000 -0.000001
0.000000 0.000000 0.000000 0.000000 -0.000000 0.000000 0.171982 -54.915244 3.569909 0.481190 -1.291890 0.758312 1.029442 0.379743 5.636203 -0.497515 1.506882 -3.297467 -0.482433 0.450377 15.268207 -0.699170 3.629378 32.169437 -0.960536 -1.637326 -3.497758 -5.116742 -1.437269 -1.216044 0.000077 -0.000022 0.000006 0.087125 -0.091589 -0.047942 0.785253 -3.788388 -10.334259 -0.625836 3.601662 -10.320182 20.743898 -13.292263 7.400084 -87.466354 -35.123074 5.619259 -179.384155 -37.356487 179.794037 25.408154 -2.028478 -23.603052 -5.882102 9.861279 0.702590 -10.936861 -0.360574 7.156197 0.000000 8.774815 -0.000000 -14.990843 17.605827 6.727427 -1.844031 2.498503 -2.507276 -10.163590 4.678941 4.621104 -20.975996 -0.000001 0.000001 -21.226254 2.451698 -3.593995 0.000000 -0.000006 -0.000000 -1.362681 2.240797 -0.746323 -21.334892 0.584910 3.008319 -13.821196 -0.000001 0.000001 -23.887129 -0.249075 -0.839485 -59.192410 2.651623 -0.881928 -0.294025 1.679686 0.833255 -14.218195 0.093215 1.300579 -34.212002 -0.287561 0.967166 -20.033176 0.964536 1.212838 0.000000 -0.000000 0.000000 -3.440387 0.788233 0.501655 -15.928172 -3.167306 2.999703 -6.338817 -0.000000 0.000001 -18.123419 3.648181 -4.905662 -0.000004 0.000000 -0.000002 -19.203104 19.430786 5.686785 90.612083 41.912457 11.391816 179.726807 39.968197 179.825912 -26.082113 -2.431855 -19.129801 2.243540 -5.255033 -3.180156 14.282877 -0.826594 6.952496 -0.000000 -12.690593 -0.000001 16.036011 -17.349960 3.011009 1.665665 -1.955920 -2.878297 4.727794 -4.170584 4.993919 11.020511 0.000001 -0.000000 12.109032 -3.735715 -2.866778 0.000000 -0.000000 0.000000 1.291985 -1.928548 -1.498088 14.800115 0.567467 3.865604 14.242553 -1.341738 -6.660648 19.631935 0.143921 -0.648243 50.086643 -0.751386 -5.677744 0.353029 -1.511150 -0.031940 20.222769 3.684305 2.316629 18.787249 0.000001 -0.000001 10.751608 -0.479870 1.397903 0.000000 -0.000000 0.000000 3.273804 0.305947 -0.580110 21.486790 11.830364 2.266131 8.162915 0.000000 -0.000000 18.399052 -3.798986 -4.940567 0.000003 0.000000 -0.000001 20.651981 -7.526323 -18.003080 -0.144064 -0.777433 134.294907 -2.653962 -25.142395 -47.161171 2.364215 -1.281630 -36.968651 0.000000 -0.000000 0.000002 -16.272146 -3.376602 -13.559800 0.132602 0.365700 132.325867 -14.369226 10.023263 -50.343048 -1.804204 0.500080 -46.515392 0.000000 -0.000000 -0.000001
0.000000 0.000000 0.000000 0.000000 -0.000000 0.000000 0.120258 -55.065055 3.436078 0.369407 -1.727780 0.825919 1.083058 0.291284 6.084709 -0.446370 1.329322 -3.093417 -0.102912 0.329351 16.410465 -0.381669 3.498183 33.797390 -1.034635 -1.644355 -3.494565 -5.323598 -1.456216 -0.069551 0.000077 -0.000022 0.000006 0.099864 -0.093752 -0.049429 0.802448 -3.795144 -10.357962 -0.617113 3.604567 -10.341660 20.760258 -13.832003 7.514720 -87.091446 -36.177570 7.169110 -179.397949 -37.934124 179.738281 26.485489 -2.316686 -23.509729 -5.882102 9.861279 0.702590 -10.936861 -0.360574 7.156197 0.000000 8.774815 -0.000000 -14.933866 17.505337 6.729764 -1.844031 2.498503 -2.507276 -10.163590 4.678941 4.621104 -20.975996 -0.000001 0.000001 -21.226254 2.451698 -3.593995 0.000000 -0.000006 -0.000000 -1.362681 2.240797 -0.746323 -21.334892 0.584910 3.008319 -13.821196 -0.000001 0.000001 -23.887129 -0.249075 -0.839485 -58.964996 2.630688 -0.788122 -0.294025 1.679686 0.833255 -14.218195 0.093215 1.300579 -34.212002 -0.287561 0.967166 -20.033176 0.964536 1.212838 0.000000 -0.000000 0.000000 -3.440387 0.788233 0.501655 -15.928172 -3.167306 2.999703 -6.338817 -0.000000 0.000001 -18.123419 3.648181 -4.905662 -0.000004 0.000000 -0.000002 -17.760281 19.702244 6.555652 91.023422 43.593391 12.609132 179.490738 39.541565 179.778061 -26.572002 -2.560986 -19.604349 2.243540 -5.255033 -3.180156 14.282877 -0.826594 6.952496 -0.000000 -12.690593 -0.000001 15.941168 -17.288321 3.065446 1.665665 -1.955920 -2.878297 4.727794 -4.170584 4.993919 11.020511 0.000001 -0.000000 12.109032 -3.735715 -2.866778 0.000000 -0.000000 0.000000 1.291985 -1.928548 -1.498088 14.800115 0.567467 3.865604 14.242553 -1.341738 -6.660648 19.631935 0.143921 -0.648243 49.999329 -0.737893 -5.535860 0.353029 -1.511150 -0.031940 20.222769 3.684305 2.316629 18.787249 0.000001 -0.000001 10.751608 -0.479870 1.397903 0.000000 -0.000000 0.000000 3.273804 0.305947 -0.580110 21.486790 11.830364 2.266131 8.162915 0.000000 -0.000000 18.399052 -3.798986 -4.940567 0.000003 0.000000 -0.000001 20.731201 -7.586366 -17.862104 -0.117313 -0.747672 134.455261 -2.318704 -25.045494 -47.641487 2.394411 -1.275637 -37.030457 0.000000 -0.000000 0.000002 -16.189419 -3.174515 -13.896240 0.138346 0.378703 132.744324 -14.358470 10.079570 -50.538422 -1.797868 0.502579 -45.955456 0.000000 -0.000000 -0.000001
0.000000 0.000000 0.000000 0.000000 -0.000000 0.000000 0.049784 -55.203892 3.279296 0.214019 -2.126095 0.807687 1.161801 0.204437 6.507869 -0.410875 1.184256 -2.872244 0.234634 0.209613 17.657909 -0.174984 3.445587 35.864262 -1.127103 -1.739982 -3.491157 -5.475048 -1.504110 1.497754 0.000077 -0.000022 0.000006 0.104128 -0.087937 -0.057856 0.816432 -3.789345 -10.377205 -0.622633 3.610961 -10.364301 20.623396 -14.306180 7.649146 -86.727486 -37.043526 8.909574 -179.459229 -38.686069 179.736221 27.385351 -2.735390 -23.384499 -5.882102 9.861279 0.702590 -10.936861 -0.360574 7.156197 0.000000 8.774815 -0.000000 -14.892618 17.392786 6.717216 -1.844031 2.498503 -2.507276 -10.163590 4.678941 4.621104 -20.975996 -0.000001 0.000001 -21.226254 2.451698 -3.593995 0.000000 -0.000006 -0.000000 -1.362681 2.240797 -0.746323 -21.334892 0.584910 3.008319 -13.821196 -0.000001 0.000001 -23.887129 -0.249075 -0.839485 -58.771442 2.615303 -0.741176 -0.294025 1.679686 0.833255 -14.218195 0.093215 1.300579 -34.212002 -0.287561 0.967166 -20.033176 0.964536 1.212838 0.000000 -0.000000 0.000000 -3.440387 0.788233 0.501655 -15.928172 -3.167306 2.999703 -6.338817 -0.000000 0.000001 -18.123419 3.648181 -4.905662 -0.000004 0.000000 -0.000002 -16.142624 20.028425 7.560912 91.041328 44.871773 13.633759 179.227112 39.260532 179.701157 -27.065744 -2.721286 -20.379053 2.243540 -5.255033 -3.180156 14.282877 -0.826594 6.952496 -0.000000 -12.690593 -0.000001 15.855743 -17.250540 3.121428 1.665665 -1.955920 -2.878297 4.727794 -4.170584 4.993919 11.020511 0.000001 -0.000000 12.109032 -3.735715 -2.866778 0.000000 -0.000000 0.000000 1.291985 -1.928548 -1.498088 14.800115 0.567467 3.865604 14.242553 -1.341738 -6.660648 19.631935 0.143921 -0.648243 49.979580 -0.723283 -5.385841 0.353029 -1.511150 -0.031940 20.222769 3.684305 2.316629 18.787249 0.000001 -0.000001 10.751608 -0.479870 1.397903 0.000000 -0.000000 0.000000 3.273804 0.305947 -0.580110 21.486790 11.830364 2.266131 8.162915 0.000000 -0.000000 18.399052 -3.798986 -4.940567 0.000003 0.000000 -0.000001 20.932480 -7.687926 -17.683672 -0.096982 -0.723183 134.622787 -1.962893 -25.021954 -48.104855 2.421273 -1.267733 -37.151119 0.000000 -0.000000 0.000002 -15.981108 -2.979394 -14.146317 0.143387 0.395312 133.158508 -14.404579 10.000960 -50.749889 -1.781102 0.509167 -45.421551 0.000000 -0.000000 -0.000001
0.000000 0.000000 0.000000 0.000000 -0.000000 0.000000 -0.027164 -55.338341 3.106938 0.073033 -2.457270 0.760276 1.253567 0.125495 6.911792 -0.403763 1.075276 -2.638203 0.476335 0.079571 19.003601 -0.003229 3.366639 38.187542 -1.253709 -1.910640 -3.473633 -5.661774 -1.584234 3.254411 0.000077 -0.000022 0.000006 0.108751 -0.083434 -0.071176 0.826738 -3.772435 -10.377419 -0.623921 3.603604 -10.372862 20.252914 -14.740059 7.788544 -86.424591 -37.658989 10.806746 -179.518021 -39.488758 179.774292 28.129452 -3.228840 -23.321863 -5.882102 9.861279 0.702590 -10.936861 -0.360574 7.156197 0.000000 8.774815 -0.000000 -14.869332 17.289560 6.720129 -1.844031 2.498503 -2.507276 -10.163590 4.678941 4.621104 -20.975996 -0.000001 0.000001 -21.226254 2.451698 -3.593995 0.000000 -0.000006 -0.000000 -1.362681 2.240797 -0.746323 -21.334892 0.584910 3.008319 -13.821196 -0.000001 0.000001 -23.887129 -0.249075 -0.839485 -58.650314 2.602692 -0.689196 -0.294025 1.679686 0.833255 -14.218195 0.093215 1.300579 -34.212002 -0.287561 0.967166 -20.033176 0.964536 1.212838 0.000000 -0.000000 0.000000 -3.440387 0.788233 0.501655 -15.928172 -3.167306 2.999703 -6.338817 -0.000000 0.000001 -18.123419 3.648181 -4.905662 -0.000004 0.000000 -0.000002 -14.438260 20.293663 8.625866 90.639297 45.828079 14.357444 178.950363 39.011013 179.579193 -27.542366 -2.952197 -21.505508 2.243540 -5.255033 -3.180156 14.282877 -0.826594 6.952496 -0.000000 -12.690593 -0.000001 15.840517 -17.248804 3.165236 1.665665 -1.955920 -2.878297 4.727794 -4.170584 4.993919 11.020511 0.000001 -0.000000 12.109032 -3.735715 -2.866778 0.000000 -0.000000 0.000000 1.291985 -1.928548 -1.498088 14.800115 0.567467 3.865604 14.242553 -1.341738 -6.660648 19.631935 0.143921 -0.648243 50.081543 -0.681025 -5.252460 0.353029 -1.511150 -0.031940 20.222769 3.684305 2.316629 18.787249 0.000001 -0.000001 10.751608 -0.479870 1.397903 0.000000 -0.000000 0.000000 3.273804 0.305947 -0.580110 21.486790 11.830364 2.266131 8.162915 0.000000 -0.000000 18.399052 -3.798986 -4.940567 0.000003 0.000000 -0.000001 21.175156 -7.780710 -17.561428 -0.090152 -0.710643 134.799042 -1.577563 -25.022507 -48.505939 2.450280 -1.263660 -37.236206 0.000000 -0.000000 0.000002 -15.739340 -2.782800 -14.334644 0.142706 0.404135 133.577682 -14.469003 9.849255 -51.008503 -1.760973 0.520223 -44.871120 0.000000 -0.000000 -0.000001
0.000000 0.000000 0.000000 0.000000 -0.000000 0.000000 -0.102566 -55.490360 2.940943 -0.015428 -2.757422 0.757442 1.337971 0.067007 7.309377 -0.421566 1.011813 -2.414434 0.577477 -0.072933 20.359390 0.136825 3.255705 40.449646 -1.416583 -2.104025 -3.441393 -5.867085 -1.719449 4.874174 0.000077 -0.000022 0.000006 0.122888 -0.085314 -0.086347 0.834569 -3.749560 -10.357165 -0.603337 3.577086 -10.360209 19.688314 -15.109323 7.962052 -86.300453 -38.028145 12.894442 -179.679840 -40.123497 179.960068 28.725519 -3.810510 -23.293762 -5.882102 9.861279 0.702590 -10.936861 -0.360574 7.156197 0.000000 8.774815 -0.000000 -14.838642 17.212616 6.749697 -1.844031 2.498503 -2.507276 -10.163590 4.678941 4.621104 -20.975996 -0.000001 0.000001 -21.226254 2.451698 -3.593995 0.000000 -0.000006 -0.000000 -1.362681 2.240797 -0.746323 -21.334892 0.584910 3.008319 -13.821196 -0.000001 0.000001 -23.887129 -0.249075 -0.839485 -58.605011 2.572916 -0.634199 -0.294025 1.679686 0.833255 -14.218195 0.093215 1.300579 -34.212002 -0.287561 0.967166 -20.033176 0.964536 1.212838 0.000000 -0.000000 0.000000 -3.440387 0.788233 0.501655 -15.928172 -3.167306 2.999703 -6.338817 -0.000000 0.000001 -18.123419 3.648181 -4.905662 -0.000004 0.000000 -0.000002 -13.005880 20.484394 9.555410 89.966942 46.534935 14.724407 178.781799 38.762810 179.499863 -27.965862 -3.162893 -22.816513 2.243540 -5.255033 -3.180156 14.282877 -0.826594 6.952496 -0.000000 -12.690593 -0.000001 15.890830 -17.277359 3.193719 1.665665 -1.955920 -2.878297 4.727794 -4.170584 4.993919 11.020511 0.000001 -0.000000 12.109032 -3.735715 -2.866778 0.000000 -0.000000 0.000000 1.291985 -1.928548 -1.498088 14.800115 0.567467 3.865604 14.242553 -1.341738 -6.660648 19.631935 0.143921 -0.648243 50.286625 -0.627683 -5.142361 0.353029 -1.511150 -0.031940 20.222769 3.684305 2.316629 18.787249 0.000001 -0.000001 10.751608 -0.479870 1.397903 0.000000 -0.000000 0.000000 3.273804 0.305947 -0.580110 21.486790 11.830364 2.266131 8.162915 0.000000 -0.000000 18.399052 -3.798986 -4.940567 0.000003 0.000000 -0.000001 21.373465 -7.807908 -17.510878 -0.104455 -0.709744 134.976013 -1.253289 -25.034098 -48.843307 2.468485 -1.263517 -37.165302 0.000000 -0.000000 0.000002 -15.541937 -2.568495 -14.528231 0.137136 0.405119 134.002747 -14.570003 9.650144 -51.327831 -1.747141 0.531799 -44.528057 0.000000 -0.000000 -0.000001
0.000000 0.000000 0.000000 0.000000 -0.000000 0.000000 -0.160020 -55.613393 2.796251 -0.024872 -3.030338 0.848078 1.393380 0.017863 7.699524 -0.456074 0.986868 -2.212446 0.533318 -0.240259 21.557545 0.213484 3.197336 42.332981 -1.556173 -2.274156 -3.411347 -6.025870 -1.899936 6.140955 0.000077 -0.000022 0.000006 0.137011 -0.086506 -0.101206 0.837023 -3.730068 -10.343227 -0.576763 3.554812 -10.348703 19.056107 -15.405299 8.198006 -86.309128 -38.253170 14.870043 -179.958771 -40.475086 -179.746490 29.174343 -4.530930 -23.193117 -5.882102 9.861279 0.702590 -10.936861 -0.360574 7.156197 0.000000 8.774815 -0.000000 -14.840611 17.190836 6.773623 -1.844031 2.498503 -2.507276 -10.163590 4.678941 4.621104 -20.975996 -0.000001 0.000001 -21.226254 2.451698 -3.593995 0.000000 -0.000006 -0.000000 -1.362681 2.240797 -0.746323 -21.334892 0.584910 3.008319 -13.821196 -0.000001 0.000001 -23.887129 -0.249075 -0.839485 -58.687542 2.522137 -0.624096 -0.294025 1.679686 0.833255 -14.218195 0.093215 1.300579 -34.212002 -0.287561 0.967166 -20.033176 0.964536 1.212838 0.000000 -0.000000 0.000000 -3.440387 0.788233 0.501655 -15.928172 -3.167306 2.999703 -6.338817 -0.000000 0.000001 -18.123419 3.648181 -4.905662 -0.000004 0.000000 -0.000002 -12.038133 20.638760 10.241425 89.289169 47.107216 14.870461 178.774948 38.552769 179.520126 -28.252216 -3.243076 -24.148909 2.243540 -5.255033 -3.180156 14.282877 -0.826594 6.952496 -0.000000 -12.690593 -0.000001 15.906409 -17.330826 3.246601 1.665665 -1.955920 -2.878297 4.727794 -4.170584 4.993919 11.020511 0.000001 -0.000000 12.109032 -3.735715 -2.866778 0.000000 -0.000000 0.000000 1.291985 -1.928548 -1.498088 14.800115 0.567467 3.865604 14.242553 -1.341738 -6.660648 19.631935 0.143921 -0.648243 50.494274 -0.591741 -5.069530 0.353029 -1.511150 -0.031940 20.222769 3.684305 2.316629 18.787249 0.000001 -0.000001 10.751608 -0.479870 1.397903 0.000000 -0.000000 0.000000 3.273804 0.305947 -0.580110 21.486790 11.830364 2.266131 8.162915 0.000000 -0.000000 18.399052 -3.798986 -4.940567 0.000003 0.000000 -0.000001 21.488289 -7.710213 -17.576292 -0.133534 -0.719886 135.146240 -1.005415 -25.046150 -49.101402 2.463847 -1.262089 -37.078156 0.000000 -0.000000 0.000002 -15.439898 -2.336948 -14.792001 0.125015 0.407430 134.409027 -14.665174 9.463062 -51.680088 -1.753489 0.540598 -44.368526 0.000000 -0.000000 -0.000001
0.000000 0.000000 0.000000 0.000000 -0.000000 0.000000 -0.220383 -55.710616 2.674051 -0.000340 -3.285421 1.025867 1.436041 -0.049174 8.087574 -0.485743 0.944467 -2.019331 0.401569 -0.342214 22.541893 0.152270 3.255681 43.709095 -1.624062 -2.357907 -3.397014 -6.122031 -2.106246 7.016089 0.000077 -0.000022 0.000006 0.146253 -0.085429 -0.112786 0.833178 -3.722554 -10.351972 -0.553514 3.548965 -10.354821 18.467527 -15.600629 8.476926 -86.299240 -38.448250 16.487215 179.696289 -40.630154 -179.403336 29.548307 -5.367852 -23.292187 -5.882102 9.861279 0.702590 -10.936861 -0.360574 7.156197 0.000000 8.774815 -0.000000 -14.894496 17.226301 6.781978 -1.844031 2.498503 -2.507276 -10.163590 4.678941 4.621104 -20.975996 -0.000001 0.000001 -21.226254 2.451698 -3.593995 0.000000 -0.000006 -0.000000 -1.362681 2.240797 -0.746323 -21.334892 0.584910 3.008319 -13.821196 -0.000001 0.000001 -23.887129 -0.249075 -0.839485 -58.913059 2.503560 -0.673994 -0.294025 1.679686 0.833255 -14.218195 0.093215 1.300579 -34.212002 -0.287561 0.967166 -20.033176 0.964536 1.212838 0.000000 -0.000000 0.000000 -3.440387 0.788233 0.501655 -15.928172 -3.167306 2.999703 -6.338817 -0.000000 0.000001 -18.123419 3.648181 -4.905662 -0.000004 0.000000 -0.000002 -11.485608 20.836649 10.746552 88.758743 47.748188 14.903313 178.827545 38.471603 179.581558 -28.479088 -3.160113 -25.454288 2.243540 -5.255033 -3.180156 14.282877 -0.826594 6.952496 -0.000000 -12.690593 -0.000001 15.865812 -17.400040 3.308508 1.665665 -1.955920 -2.878297 4.727794 -4.170584 4.993919 11.020511 0.000001 -0.000000 12.109032 -3.735715 -2.866778 0.000000 -0.000000 0.000000 1.291985 -1.928548 -1.498088 14.800115 0.567467 3.865604 14.242553 -1.341738 -6.660648 19.631935 0.143921 -0.648243 50.720215 -0.591639 -5.070935 0.353029 -1.511150 -0.031940 20.222769 3.684305 2.316629 18.787249 0.000001 -0.000001 10.751608 -0.479870 1.397903 0.000000 -0.000000 0.000000 3.273804 0.305947 -0.580110 21.486790 11.830364 2.266131 8.162915 0.000000 -0.000000 18.399052 -3.798986 -4.940567 0.000003 0.000000 -0.000001 21.613617 -7.575119 -17.718733 -0.153286 -0.727973 135.316422 -0.820305 -25.138750 -49.340630 2.452716 -1.262932 -37.005108 0.000000 -0.000000 0.000002 -15.368092 -2.141883 -15.135917 0.113915 0.410377 134.784790 -14.714007 9.302064 -51.990486 -1.770218 0.547900 -44.125835 0.000000 -0.000000 -0.000001
0.000000 0.000000 0.000000 0.000000 -0.000000 0.000000 -0.289651 -55.775879 2.587190 0.044759 -3.516343 1.244217 1.460643 -0.104246 8.469751 -0.504566 0.906985 -1.830345 0.250722 -0.416237 23.329494 -0.028261 3.410275 44.654911 -1.620799 -2.383965 -3.400165 -6.253778 -2.308796 7.596247 0.000077 -0.000022 0.000006 0.150396 -0.084412 -0.123727 0.826175 -3.725641 -10.373608 -0.537549 3.553026 -10.376731 18.043821 -15.714249 8.726475 -86.274925 -38.640339 17.762802 179.272781 -40.671165 -179.029373 29.875763 -6.220611 -23.772886 -5.882102 9.861279 0.702590 -10.936861 -0.360574 7.156197 0.000000 8.774815 -0.000000 -15.013241 17.306183 6.738968 -1.844031 2.498503 -2.507276 -10.163590 4.678941 4.621104 -20.975996 -0.000001 0.000001 -21.226254 2.451698 -3.593995 0.000000 -0.000006 -0.000000 -1.362681 2.240797 -0.746323 -21.334892 0.584910 3.008319 -13.821196 -0.000001 0.000001 -23.887129 -0.249075 -0.839485 -59.115692 2.519673 -0.769823 -0.294025 1.679686 0.833255 -14.218195 0.093215 1.300579 -34.212002 -0.287561 0.967166 -20.033176 0.964536 1.212838 0.000000 -0.000000 0.000000 -3.440387 0.788233 0.501655 -15.928172 -3.167306 2.999703 -6.338817 -0.000000 0.000001 -18.123419 3.648181 -4.905662 -0.000004 0.000000 -0.000002 -11.283393 21.099031 11.049558 88.472931 48.455341 14.969736 178.964493 38.484230 179.703461 -28.647736 -2.961242 -26.446899 2.243540 -5.255033 -3.180156 14.282877 -0.826594 6.952496 -0.000000 -12.690593 -0.000001 15.798236 -17.473785 3.373931 1.665665 -1.955920 -2.878297 4.727794 -4.170584 4.993919 11.020511 0.000001 -0.000000 12.109032 -3.735715 -2.866778 0.000000 -0.000000 0.000000 1.291985 -1.928548 -1.498088 14.800115 0.567467 3.865604 14.242553 -1.341738 -6.660648 19.631935 0.143921 -0.648243 50.904331 -0.638556 -5.110152 0.353029 -1.511150 -0.031940 20.222769 3.684305 2.316629 18.787249 0.000001 -0.000001 10.751608 -0.479870 1.397903 0.000000 -0.000000 0.000000 3.273804 0.305947 -0.580110 21.486790 11.830364 2.266131 8.162915 0.000000 -0.000000 18.399052 -3.798986 -4.940567 0.000003 0.000000 -0.000001 21.737274 -7.490670 -17.850403 -0.158975 -0.717522 135.471451 -0.682935 -25.288696 -49.616779 2.439603 -1.265800 -36.820751 0.000000 -0.000000 0.000002 -15.324838 -2.016624 -15.494903 0.107943 0.413711 135.096130 -14.742458 9.170644 -52.230865 -1.776322 0.555650 -43.794552 0.000000 -0.000000 -0.000001
0.000000 0.000000 0.000000 0.000000 -0.000000 0.000000 -0.367830 -55.828713 2.533798 0.097184 -3.730852 1.487350 1.452352 -0.135463 8.812273 -0.513683 0.892303 -1.651059 0.135467 -0.459002 23.987185 -0.212319 3.573581 45.366375 -1.612250 -2.428889 -3.412173 -6.409956 -2.494933 8.059668 0.000077 -0.000022 0.000006 0.158603 -0.082639 -0.136289 0.829685 -3.730701 -10.403441 -0.524068 3.560266 -10.410693 17.777826 -15.769121 8.853986 -86.241272 -38.812305 18.713711 178.938507 -40.756687 -178.768646 30.141369 -6.953034 -24.444197 -5.882102 9.861279 0.702590 -10.936861 -0.360574 7.156197 0.000000 8.774815 -0.000000 -15.171580 17.451431 6.682733 -1.844031 2.498503 -2.507276 -10.163590 4.678941 4.621104 -20.975996 -0.000001 0.000001 -21.226254 2.451698 -3.593995 0.000000 -0.000006 -0.000000 -1.362681 2.240797 -0.746323 -21.334892 0.584910 3.008319 -13.821196 -0.000001 0.000001 -23.887129 -0.249075 -0.839485 -59.305931 2.551635 -0.874623 -0.294025 1.679686 0.833255 -14.218195 0.093215 1.300579 -34.212002 -0.287561 0.967166 -20.033176 0.964536 1.212838 0.000000 -0.000000 0.000000 -3.440387 0.788233 0.501655 -15.928172 -3.167306 2.999703 -6.338817 -0.000000 0.000001 -18.123419 3.648181 -4.905662 -0.000004 0.000000 -0.000002 -11.155466 21.402821 11.246147 88.269318 49.188843 14.983770 179.126923 38.570671 179.858643 -28.726318 -2.687622 -27.138771 2.243540 -5.255033 -3.180156 14.282877 -0.826594 6.952496 -0.000000 -12.690593 -0.000001 15.711500 -17.536432 3.454069 1.665665 -1.955920 -2.878297 4.727794 -4.170584 4.993919 11.020511 0.000001 -0.000000 12.109032 -3.735715 -2.866778 0.000000 -0.000000 0.000000 1.291985 -1.928548 -1.498088 14.800115 0.567467 3.865604 14.242553 -1.341738 -6.660648 19.631935 0.143921 -0.648243 51.010502 -0.690483 -5.132515 0.353029 -1.511150 -0.031940 20.222769 3.684305 2.316629 18.787249 0.000001 -0.000001 10.751608 -0.479870 1.397903 0.000000 -0.000000 0.000000 3.273804 0.305947 -0.580110 21.486790 11.830364 2.266131 8.162915 0.000000 -0.000000 18.399052 -3.798986 -4.940567 0.000003 0.000000 -0.000001 21.823263 -7.450375 -17.964111 -0.160275 -0.699496 135.588211 -0.611694 -25.433620 -49.888645 2.428457 -1.268602 -36.546947 0.000000 -0.000000 0.000002 -15.339792 -1.956314 -15.842662 0.099283 0.403033 135.347733 -14.811023 9.082984 -52.429649 -1.767891 0.559836 -43.547985 0.000000 -0.000000 -0.000001
0.000000 0.000000 0.000000 0.000000 -0.000000 0.000000 -0.444079 -55.873440 2.508908 0.140346 -3.939059 1.730176 1.422091 -0.141226 9.115313 -0.526551 0.897550 -1.493775 0.072365 -0.449030 24.551758 -0.341863 3.661582 45.934929 -1.636810 -2.510352 -3.421662 -6.561232 -2.652213 8.456732 0.000077 -0.000022 0.000006 0.175839 -0.079867 -0.151699 0.851607 -3.735126 -10.445396 -0.510825 3.569231 -10.454325 17.649389 -15.800050 8.906108 -86.169266 -39.005661 19.344732 178.782654 -40.953548 -178.680038 30.272219 -7.529729 -24.994411 -5.882102 9.861279 0.702590 -10.936861 -0.360574 7.156197 0.000000 8.774815 -0.000000 -15.289083 17.614407 6.652306 -1.844031 2.498503 -2.507276 -10.163590 4.678941 4.621104 -20.975996 -0.000001 0.000001 -21.226254 2.451698 -3.593995 0.000000 -0.000006 -0.000000 -1.362681 2.240797 -0.746323 -21.334892 0.584910 3.008319 -13.821196 -0.000001 0.000001 -23.887129 -0.249075 -0.839485 -59.450249 2.583167 -0.953818 -0.294025 1.679686 0.833255 -14.218195 0.093215 1.300579 -34.212002 -0.287561 0.967166 -20.033176 0.964536 1.212838 0.000000 -0.000000 0.000000 -3.440387 0.788233 0.501655 -15.928172 -3.167306 2.999703 -6.338817 -0.000000 0.000001 -18.123419 3.648181 -4.905662 -0.000004 0.000000 -0.000002 -10.939448 21.704395 11.446428 88.105064 49.907307 14.888793 179.182159 38.715103 179.916641 -28.737612 -2.368361 -27.530502 2.243540 -5.255033 -3.180156 14.282877 -0.826594 6.952496 -0.000000 -12.690593 -0.000001 15.625463 -17.553726 3.519996 1.665665 -1.955920 -2.878297 4.727794 -4.170584 4.993919 11.020511 0.000001 -0.000000 12.109032 -3.735715 -2.866778 0.000000 -0.000000 0.000000 1.291985 -1.928548 -1.498088 14.800115 0.567467 3.865604 14.242553 -1.341738 -6.660648 19.631935 0.143921 -0.648243 51.091644 -0.710903 -5.125178 0.353029 -1.511150 -0.031940 20.222769 3.684305 2.316629 18.787249 0.000001 -0.000001 10.751608 -0.479870 1.397903 0.000000 -0.000000 0.000000 3.273804 0.305947 -0.580110 21.486790 11.830364 2.266131 8.162915 0.000000 -0.000000 18.399052 -3.798986 -4.940567 0.000003 0.000000 -0.000001 21.873713 -7.412356 -18.042744 -0.168352 -0.678276 135.655792 -0.577696 -25.528704 -50.134758 2.434005 -1.269921 -36.325207 0.000000 -0.000000 0.000002 -15.394019 -1.921709 -16.154442 0.088153 0.375608 135.544662 -14.925702 9.024837 -52.602608 -1.747528 0.559475 -43.514656 0.000000 -0.000000 -0.000001
0.000000 0.000000 0.000000 0.000000 -0.000000 0.000000 -0.508697 -55.915581 2.496765 0.185433 -4.118243 1.969435 1.386389 -0.134360 9.400063 -0.552667 0.918244 -1.352126 0.040789 -0.413831 25.051735 -0.411456 3.667793 46.374390 -1.688920 -2.620648 -3.424162 -6.696747 -2.802799 8.767718 0.000077 -0.000022 0.000006 0.196192 -0.075145 -0.167995 0.880679 -3.739970 -10.503523 -0.498621 3.583398 -10.510357 17.593870 -15.811352 8.929018 -86.041298 -39.229546 19.795116 178.719971 -41.218956 -178.691238 30.246090 -8.006176 -25.409765 -5.882102 9.861279 0.702590 -10.936861 -0.360574 7.156197 0.000000 8.774815 -0.000000 -15.364467 17.740194 6.647585 -1.844031 2.498503 -2.507276 -10.163590 4.678941 4.621104 -20.975996 -0.000001 0.000001 -21.226254 2.451698 -3.593995 0.000000 -0.000006 -0.000000 -1.362681 2.240797 -0.746323 -21.334892 0.584910 3.008319 -13.821196 -0.000001 0.000001 -23.887129 -0.249075 -0.839485 -59.554775 2.591157 -0.992062 -0.294025 1.679686 0.833255 -14.218195 0.093215 1.300579 -34.212002 -0.287561 0.967166 -20.033176 0.964536 1.212838 0.000000 -0.000000 0.000000 -3.440387 0.788233 0.501655 -15.928172 -3.167306 2.999703 -6.338817 -0.000000 0.000001 -18.123419 3.648181 -4.905662 -0.000004 0.000000 -0.000002 -10.630216 21.988226 11.675184 87.983299 50.585754 14.697492 179.084366 38.887123 179.844818 -28.692150 -2.002566 -27.615002 2.243540 -5.255033 -3.180156 14.282877 -0.826594 6.952496 -0.000000 -12.690593 -0.000001 15.558825 -17.533329 3.569350 1.665665 -1.955920 -2.878297 4.727794 -4.170584 4.993919 11.020511 0.000001 -0.000000 12.109032 -3.735715 -2.866778 0.000000 -0.000000 0.000000 1.291985 -1.928548 -1.498088 14.800115 0.567467 3.865604 14.242553 -1.341738 -6.660648 19.631935 0.143921 -0.648243 51.184025 -0.706397 -5.091558 0.353029 -1.511150 -0.031940 20.222769 3.684305 2.316629 18.787249 0.000001 -0.000001 10.751608 -0.479870 1.397903 0.000000 -0.000000 0.000000 3.273804 0.305947 -0.580110 21.486790 11.830364 2.266131 8.162915 0.000000 -0.000000 18.399052 -3.798986 -4.940567 0.000003 0.000000 -0.000001 21.907885 -7.376110 -18.132730 -0.175886 -0.644625 135.702423 -0.513583 -25.573462 -50.355808 2.451752 -1.271217 -36.209682 0.000000 -0.000000 0.000002 -15.484660 -1.920108 -16.444740 0.085798 0.338390 135.702286 -15.040441 8.995941 -52.738728 -1.733118 0.557437 -43.569241 0.000000 -0.000000 -0.000001
0.000000 0.000000 0.000000 0.000000 -0.000000 0.000000 -0.566250 -55.940850 2.485805 0.237490 -4.247455 2.243971 1.364416 -0.128408 9.660574 -0.586621 0.951786 -1.226670 0.025138 -0.381886 25.504335 -0.424533 3.614300 46.739639 -1.777505 -2.752901 -3.422495 -6.797763 -2.988425 9.003009 0.000077 -0.000022 0.000006 0.210022 -0.069431 -0.181759 0.897780 -3.743773 -10.561652 -0.487810 3.599109 -10.561809 17.582426 -15.843086 8.929130 -85.871368 -39.439243 20.160191 178.636047 -41.454315 -178.685135 30.114544 -8.370552 -25.765846 -5.882102 9.861279 0.702590 -10.936861 -0.360574 7.156197 0.000000 8.774815 -0.000000 -15.415457 17.794371 6.678783 -1.844031 2.498503 -2.507276 -10.163590 4.678941 4.621104 -20.975996 -0.000001 0.000001 -21.226254 2.451698 -3.593995 0.000000 -0.000006 -0.000000 -1.362681 2.240797 -0.746323 -21.334892 0.584910 3.008319 -13.821196 -0.000001 0.000001 -23.887129 -0.249075 -0.839485 -59.630497 2.584684 -0.981286 -0.294025 1.679686 0.833255 -14.218195 0.093215 1.300579 -34.212002 -0.287561 0.967166 -20.033176 0.964536 1.212838 0.000000 -0.000000 0.000000 -3.440387 0.788233 0.501655 -15.928172 -3.167306 2.999703 -6.338817 -0.000000 0.000001 -18.123419 3.648181 -4.905662 -0.000004 0.000000 -0.000002 -10.298883 22.238201 11.918858 87.982643 51.240681 14.563937 178.945099 39.046955 179.705032 -28.618587 -1.505033 -27.413923 2.243540 -5.255033 -3.180156 14.282877 -0.826594 6.952496 -0.000000 -12.690593 -0.000001 15.541527 -17.494028 3.603713 1.665665 -1.955920 -2.878297 4.727794 -4.170584 4.993919 11.020511 0.000001 -0.000000 12.109032 -3.735715 -2.866778 0.000000 -0.000000 0.000000 1.291985 -1.928548 -1.498088 14.800115 0.567467 3.865604 14.242553 -1.341738 -6.660648 19.631935 0.143921 -0.648243 51.284897 -0.680256 -5.043503 0.353029 -1.511150 -0.031940 20.222769 3.684305 2.316629 18.787249 0.000001 -0.000001 10.751608 -0.479870 1.397903 0.000000 -0.000000 0.000000 3.273804 0.305947 -0.580110 21.486790 11.830364 2.266131 8.162915 0.000000 -0.000000 18.399052 -3.798986 -4.940567 0.000003 0.000000 -0.000001 21.991442 -7.349894 -18.316845 -0.166554 -0.593651 135.759628 -0.447677 -25.669245 -50.530033 2.464394 -1.271582 -36.232258 0.000000 -0.000000 0.000002 -15.592648 -1.997659 -16.772448 0.091865 0.310219 135.839386 -15.161901 8.971474 -52.838699 -1.725727 0.557875 -43.569782 0.000000 -0.000000 -0.000001
0.000000 0.000000 0.000000 0.000000 -0.000000 0.000000 -0.630706 -55.952156 2.478439 0.288817 -4.337650 2.578553 1.358778 -0.120727 9.891221 -0.616667 0.994465 -1.119045 0.018443 -0.355568 25.908104 -0.380970 3.504216 47.054379 -1.902085 -2.888542 -3.428035 -6.817426 -3.206661 9.193178 0.000077 -0.000022 0.000006 0.208447 -0.063933 -0.193932 0.892367 -3.744987 -10.612511 -0.485348 3.612459 -10.601190 17.597822 -15.911630 8.899309 -85.657166 -39.604282 20.442659 178.476868 -41.611458 -178.624374 29.921154 -8.643747 -26.157494 -5.882102 9.861279 0.702590 -10.936861 -0.360574 7.156197 0.000000 8.774815 -0.000000 -15.423142 17.798487 6.746452 -1.844031 2.498503 -2.507276 -10.163590 4.678941 4.621104 -20.975996 -0.000001 0.000001 -21.226254 2.451698 -3.593995 0.000000 -0.000006 -0.000000 -1.362681 2.240797 -0.746323 -21.334892 0.584910 3.008319 -13.821196 -0.000001 0.000001 -23.887129 -0.249075 -0.839485 -59.649456 2.576266 -0.933320 -0.294025 1.679686 0.833255 -14.218195 0.093215 1.300579 -34.212002 -0.287561 0.967166 -20.033176 0.964536 1.212838 0.000000 -0.000000 0.000000 -3.440387 0.788233 0.501655 -15.928172 -3.167306 2.999703 -6.338817 -0.000000 0.000001 -18.123419 3.648181 -4.905662 -0.000004 0.000000 -0.000002 -10.004462 22.436090 12.169698 88.113129 51.876835 14.503582 178.773407 39.177162 179.503159 -28.510729 -0.941889 -27.113287 2.243540 -5.255033 -3.180156 14.282877 -0.826594 6.952496 -0.000000 -12.690593 -0.000001 15.568363 -17.481972 3.629473 1.665665 -1.955920 -2.878297 4.727794 -4.170584 4.993919 11.020511 0.000001 -0.000000 12.109032 -3.735715 -2.866778 0.000000 -0.000000 0.000000 1.291985 -1.928548 -1.498088 14.800115 0.567467 3.865604 14.242553 -1.341738 -6.660648 19.631935 0.143921 -0.648243 51.382938 -0.654052 -5.005937 0.353029 -1.511150 -0.031940 20.222769 3.684305 2.316629 18.787249 0.000001 -0.000001 10.751608 -0.479870 1.397903 0.000000 -0.000000 0.000000 3.273804 0.305947 -0.580110 21.486790 11.830364 2.266131 8.162915 0.000000 -0.000000 18.399052 -3.798986 -4.940567 0.000003 0.000000 -0.000001 22.150423 -7.316027 -18.609020 -0.147560 -0.534973 135.821121 -0.377066 -25.833319 -50.658180 2.470657 -1.274475 -36.210808 0.000000 -0.000000 0.000002 -15.690226 -2.152696 -17.152546 0.097785 0.290144 135.966675 -15.304461 8.925961 -52.924973 -1.728068 0.560138 -43.531116 0.000000 -0.000000 -0.000001
0.000000 0.000000 0.000000 0.000000 -0.000000 0.000000 -0.676221 -55.968270 2.459721 0.336565 -4.394452 2.949169 1.361236 -0.102668 10.111590 -0.632064 1.031090 -1.023607 0.005024 -0.344003 26.244505 -0.315733 3.390563 47.318787 -2.015133 -2.991636 -3.439201 -6.799190 -3.427749 9.396889 0.000077 -0.000022 0.000006 0.190984 -0.059769 -0.203674 0.873757 -3.745769 -10.648271 -0.501218 3.623064 -10.627639 17.629290 -15.978803 8.869865 -85.433357 -39.732967 20.693178 178.233582 -41.635544 -178.509064 29.706169 -8.841301 -26.362482 -5.882102 9.861279 0.702590 -10.936861 -0.360574 7.156197 0.000000 8.774815 -0.000000 -15.366891 17.779106 6.792187 -1.844031 2.498503 -2.507276 -10.163590 4.678941 4.621104 -20.975996 -0.000001 0.000001 -21.226254 2.451698 -3.593995 0.000000 -0.000006 -0.000000 -1.362681 2.240797 -0.746323 -21.334892 0.584910 3.008319 -13.821196 -0.000001 0.000001 -23.887129 -0.249075 -0.839485 -59.551319 2.556634 -0.910810 -0.294025 1.679686 0.833255 -14.218195 0.093215 1.300579 -34.212002 -0.287561 0.967166 -20.033176 0.964536 1.212838 0.000000 -0.000000 0.000000 -3.440387 0.788233 0.501655 -15.928172 -3.167306 2.999703 -6.338817 -0.000000 0.000001 -18.123419 3.648181 -4.905662 -0.000004 0.000000 -0.000002 -9.815897 22.617916 12.382961 88.301414 52.438255 14.414254 178.557327 39.208210 179.308914 -28.380527 -0.545573 -26.855469 2.243540 -5.255033 -3.180156 14.282877 -0.826594 6.952496 -0.000000 -12.690593 -0.000001 15.536293 -17.510111 3.682024 1.665665 -1.955920 -2.878297 4.727794 -4.170584 4.993919 11.020511 0.000001 -0.000000 12.109032 -3.735715 -2.866778 0.000000 -0.000000 0.000000 1.291985 -1.928548 -1.498088 14.800115 0.567467 3.865604 14.242553 -1.341738 -6.660648 19.631935 0.143921 -0.648243 51.411507 -0.656122 -4.967256 0.353029 -1.511150 -0.031940 20.222769 3.684305 2.316629 18.787249 0.000001 -0.000001 10.751608 -0.479870 1.397903 0.000000 -0.000000 0.000000 3.273804 0.305947 -0.580110 21.486790 11.830364 2.266131 8.162915 0.000000 -0.000000 18.399052 -3.798986 -4.940567 0.000003 0.000000 -0.000001 22.303011 -7.231084 -18.992550 -0.138247 -0.492720 135.906784 -0.308755 -25.975071 -50.739559 2.469943 -1.276817 -36.090172 0.000000 -0.000000 0.000002 -15.784618 -2.319189 -17.583494 0.104436 0.276521 136.099655 -15.432644 8.892935 -52.993950 -1.733271 0.561412 -43.640583 0.000000 -0.000000 -0.000001
0.000000 0.000000 0.000000 0.000000 -0.000000 0.000000 -0.703668 -55.985100 2.411963 0.397229 -4.410581 3.319774 1.354934 -0.091469 10.342922 -0.631881 1.048601 -0.928218 -0.008555 -0.323061 26.496313 -0.271541 3.294658 47.527744 -2.067564 -3.055147 -3.454982 -6.830419 -3.623047 9.584869 0.000077 -0.000022 0.000006 0.174500 -0.057869 -0.212630 0.861352 -3.750179 -10.671909 -0.521438 3.632164 -10.647923 17.675705 -16.027206 8.849116 -85.272308 -39.836418 21.060146 177.869965 -41.571621 -178.318130 29.491394 -9.025583 -26.431942 -5.882102 9.861279 0.702590 -10.936861 -0.360574 7.156197 0.000000 8.774815 -0.000000 -15.275563 17.760082 6.799469 -1.844031 2.498503 -2.507276 -10.163590 4.678941 4.621104 -20.975996 -0.000001 0.000001 -21.226254 2.451698 -3.593995 0.000000 -0.000006 -0.000000 -1.362681 2.240797 -0.746323 -21.334892 0.584910 3.008319 -13.821196 -0.000001 0.000001 -23.887129 -0.249075 -0.839485 -59.383518 2.540976 -0.933337 -0.294025 1.679686 0.833255 -14.218195 0.093215 1.300579 -34.212002 -0.287561 0.967166 -20.033176 0.964536 1.212838 0.000000 -0.000000 0.000000 -3.440387 0.788233 0.501655 -15.928172 -3.167306 2.999703 -6.338817 -0.000000 0.000001 -18.123419 3.648181 -4.905662 -0.000004 0.000000 -0.000002 -9.711669 22.776632 12.505222 88.583694 52.841549 14.440181 178.365189 39.162548 179.139481 -28.228926 -0.225144 -26.566397 2.243540 -5.255033 -3.180156 14.282877 -0.826594 6.952496 -0.000000 -12.690593 -0.000001 15.416347 -17.571308 3.760787 1.665665 -1.955920 -2.878297 4.727794 -4.170584 4.993919 11.020511 0.000001 -0.000000 12.109032 -3.735715 -2.866778 0.000000 -0.000000 0.000000 1.291985 -1.928548 -1.498088 14.800115 0.567467 3.865604 14.242553 -1.341738 -6.660648 19.631935 0.143921 -0.648243 51.416420 -0.679754 -4.953146 0.353029 -1.511150 -0.031940 20.222769 3.684305 2.316629 18.787249 0.000001 -0.000001 10.751608 -0.479870 1.397903 0.000000 -0.000000 0.000000 3.273804 0.305947 -0.580110 21.486790 11.830364 2.266131 8.162915 0.000000 -0.000000 18.399052 -3.798986 -4.940567 0.000003 0.000000 -0.000001 22.382442 -7.157145 -19.454912 -0.135653 -0.472581 136.032745 -0.263417 -26.057549 -50.790039 2.454754 -1.275728 -36.034950 0.000000 -0.000000 0.000002 -15.905308 -2.482149 -18.057981 0.110708 0.245768 136.244797 -15.523040 8.903793 -53.015312 -1.735077 0.559587 -43.880596 0.000000 -0.000000 -0.000001
0.000000 0.000000 0.000000 0.000000 -0.000000 0.000000 -0.715544 -56.012051 2.335079 0.449031 -4.391444 3.687576 1.344008 -0.084515 10.556818 -0.622326 1.047639 -0.826497 0.005500 -0.298652 26.692385 -0.257361 3.186692 47.617630 -2.056996 -3.067334 -3.473710 -6.932966 -3.776561 9.679790 0.000077 -0.000022 0.000006 0.171292 -0.055989 -0.219897 0.862918 -3.756048 -10.696543 -0.529258 3.642173 -10.674690 17.761290 -16.035183 8.814329 -85.251106 -39.959789 21.424404 177.568451 -41.486671 -178.178207 29.312782 -9.207436 -26.465837 -5.882102 9.861279 0.702590 -10.936861 -0.360574 7.156197 0.000000 8.774815 -0.000000 -15.229033 17.758663 6.779812 -1.844031 2.498503 -2.507276 -10.163590 4.678941 4.621104 -20.975996 -0.000001 0.000001 -21.226254 2.451698 -3.593995 0.000000 -0.000006 -0.000000 -1.362681 2.240797 -0.746323 -21.334892 0.584910 3.008319 -13.821196 -0.000001 0.000001 -23.887129 -0.249075 -0.839485 -59.250805 2.555418 -0.989137 -0.294025 1.679686 0.833255 -14.218195 0.093215 1.300579 -34.212002 -0.287561 0.967166 -20.033176 0.964536 1.212838 0.000000 -0.000000 0.000000 -3.440387 0.788233 0.501655 -15.928172 -3.167306 2.999703 -6.338817 -0.000000 0.000001 -18.123419 3.648181 -4.905662 -0.000004 0.000000 -0.000002 -9.695822 22.875854 12.531903 88.971489 53.167328 14.620661 178.237991 39.045044 178.963654 -28.076235 0.064552 -26.283401 2.243540 -5.255033 -3.180156 14.282877 -0.826594 6.952496 -0.000000 -12.690593 -0.000001 15.308764 -17.633402 3.829912 1.665665 -1.955920 -2.878297 4.727794 -4.170584 4.993919 11.020511 0.000001 -0.000000 12.109032 -3.735715 -2.866778 0.000000 -0.000000 0.000000 1.291985 -1.928548 -1.498088 14.800115 0.567467 3.865604 14.242553 -1.341738 -6.660648 19.631935 0.143921 -0.648243 51.449703 -0.708530 -4.980243 0.353029 -1.511150 -0.031940 20.222769 3.684305 2.316629 18.787249 0.000001 -0.000001 10.751608 -0.479870 1.397903 0.000000 -0.000000 0.000000 3.273804 0.305947 -0.580110 21.486790 11.830364 2.266131 8.162915 0.000000 -0.000000 18.399052 -3.798986 -4.940567 0.000003 0.000000 -0.000001 22.432119 -7.122056 -19.973686 -0.136885 -0.464528 136.209885 -0.217531 -26.096069 -50.854038 2.438563 -1.276953 -36.042793 0.000000 -0.000000 0.000002 -16.024052 -2.634437 -18.549417 0.111515 0.208792 136.424896 -15.578095 8.952173 -53.049347 -1.733018 0.558150 -44.056278 0.000000 -0.000000 -0.000001
0.000000 0.000000 0.000000 0.000000 -0.000000 0.000000 -0.726074 -56.050431 2.239411 0.486303 -4.350822 4.053359 1.336757 -0.065384 10.748424 -0.609882 1.045457 -0.724178 0.056090 -0.281527 26.857323 -0.233298 3.034737 47.599777 -2.009812 -3.028928 -3.487820 -7.058620 -3.888082 9.689781 0.000077 -0.000022 0.000006 0.181857 -0.051408 -0.223089 0.878308 -3.759086 -10.726365 -0.523143 3.654683 -10.708393 17.898844 -16.011404 8.714518 -85.401695 -40.103935 21.775270 177.388565 -41.442490 -178.125946 29.201334 -9.398802 -26.405607 -5.882102 9.861279 0.702590 -10.936861 -0.360574 7.156197 0.000000 8.774815 -0.000000 -15.239613 17.764429 6.767977 -1.844031 2.498503 -2.507276 -10.163590 4.678941 4.621104 -20.975996 -0.000001 0.000001 -21.226254 2.451698 -3.593995 0.000000 -0.000006 -0.000000 -1.362681 2.240797 -0.746323 -21.334892 0.584910 3.008319 -13.821196 -0.000001 0.000001 -23.887129 -0.249075 -0.839485 -59.230877 2.572634 -1.035196 -0.294025 1.679686 0.833255 -14.218195 0.093215 1.300579 -34.212002 -0.287561 0.967166 -20.033176 0.964536 1.212838 0.000000 -0.000000 0.000000 -3.440387 0.788233 0.501655 -15.928172 -3.167306 2.999703 -6.338817 -0.000000 0.000001 -18.123419 3.648181 -4.905662 -0.000004 0.000000 -0.000002 -9.697572 22.915901 12.508886 89.357521 53.501537 14.809219 178.102310 38.887619 178.718918 -27.921701 0.360951 -25.943449 2.243540 -5.255033 -3.180156 14.282877 -0.826594 6.952496 -0.000000 -12.690593 -0.000001 15.235229 -17.665249 3.879082 1.665665 -1.955920 -2.878297 4.727794 -4.170584 4.993919 11.020511 0.000001 -0.000000 12.109032 -3.735715 -2.866778 0.000000 -0.000000 0.000000 1.291985 -1.928548 -1.498088 14.800115 0.567467 3.865604 14.242553 -1.341738 -6.660648 19.631935 0.143921 -0.648243 51.462257 -0.731352 -5.019732 0.353029 -1.511150 -0.031940 20.222769 3.684305 2.316629 18.787249 0.000001 -0.000001 10.751608 -0.479870 1.397903 0.000000 -0.000000 0.000000 3.273804 0.305947 -0.580110 21.486790 11.830364 2.266131 8.162915 0.000000 -0.000000 18.399052 -3.798986 -4.940567 0.000003 0.000000 -0.000001 22.475206 -7.142065 -20.525780 -0.132277 -0.469342 136.418228 -0.199916 -26.133001 -50.925274 2.429601 -1.283845 -35.975376 0.000000 -0.000000 0.000002 -16.137056 -2.780066 -19.030996 0.101520 0.164324 136.642670 -15.628238 9.017808 -53.136311 -1.726655 0.558326 -44.110851 0.000000 -0.000000 -0.000001
0.000000 0.000000 0.000000 0.000000 -0.000000 0.000000 -0.746783 -56.095551 2.136423 0.518331 -4.293923 4.386392 1.323691 -0.049521 10.912445 -0.600288 1.054692 -0.627618 0.134370 -0.267004 27.017767 -0.176261 2.845546 47.525188 -1.959014 -2.973414 -3.499069 -7.150737 -3.952737 9.677018 0.000077 -0.000022 0.000006 0.208168 -0.044096 -0.223508 0.905226 -3.758281 -10.751005 -0.496695 3.668893 -10.734402 18.051620 -15.965341 8.562466 -85.657707 -40.278622 22.124733 177.301025 -41.422440 -178.126343 29.125027 -9.570136 -26.268064 -5.882102 9.861279 0.702590 -10.936861 -0.360574 7.156197 0.000000 8.774815 -0.000000 -15.260624 17.765156 6.770872 -1.844031 2.498503 -2.507276 -10.163590 4.678941 4.621104 -20.975996 -0.000001 0.000001 -21.226254 2.451698 -3.593995 0.000000 -0.000006 -0.000000 -1.362681 2.240797 -0.746323 -21.334892 0.584910 3.008319 -13.821196 -0.000001 0.000001 -23.887129 -0.249075 -0.839485 -59.255653 2.586677 -1.069415 -0.294025 1.679686 0.833255 -14.218195 0.093215 1.300579 -34.212002 -0.287561 0.967166 -20.033176 0.964536 1.212838 0.000000 -0.000000 0.000000 -3.440387 0.788233 0.501655 -15.928172 -3.167306 2.999703 -6.338817 -0.000000 0.000001 -18.123419 3.648181 -4.905662 -0.000004 0.000000 -0.000002 -9.698784 22.920425 12.441874 89.711937 53.792027 14.910690 177.922684 38.687580 178.453674 -27.757635 0.592538 -25.557692 2.243540 -5.255033 -3.180156 14.282877 -0.826594 6.952496 -0.000000 -12.690593 -0.000001 15.195977 -17.687370 3.903234 1.665665 -1.955920 -2.878297 4.727794 -4.170584 4.993919 11.020511 0.000001 -0.000000 12.109032 -3.735715 -2.866778 0.000000 -0.000000 0.000000 1.291985 -1.928548 -1.498088 14.800115 0.567467 3.865604 14.242553 -1.341738 -6.660648 19.631935 0.143921 -0.648243 51.406414 -0.745697 -5.053670 0.353029 -1.511150 -0.031940 20.222769 3.684305 2.316629 18.787249 0.000001 -0.000001 10.751608 -0.479870 1.397903 0.000000 -0.000000 0.000000 3.273804 0.305947 -0.580110 21.486790 11.830364 2.266131 8.162915 0.000000 -0.000000 18.399052 -3.798986 -4.940567 0.000003 0.000000 -0.000001 22.520378 -7.224740 -21.064743 -0.129172 -0.468545 136.627060 -0.215095 -26.175245 -50.983864 2.426922 -1.290202 -35.879185 0.000000 -0.000000 0.000002 -16.236475 -2.942347 -19.465654 0.085508 0.122803 136.866791 -15.719832 9.051250 -53.246563 -1.721996 0.559271 -44.159721 0.000000 -0.000000 -0.000001
0.000000 0.000000 0.000000 0.000000 -0.000000 0.000000 -0.774987 -56.132157 2.033328 0.551524 -4.234233 4.674766 1.302992 -0.027968 11.028873 -0.594043 1.072019 -0.527841 0.228828 -0.251080 27.182726 -0.083962 2.651453 47.434170 -1.941679 -2.924598 -3.507226 -7.167603 -3.991047 9.702454 0.000077 -0.000022 0.000006 0.243020 -0.036090 -0.224296 0.939227 -3.756511 -10.768721 -0.460376 3.683758 -10.749467 18.179684 -15.922107 8.431637 -85.922379 -40.512253 22.468287 177.258392 -41.402653 -178.132980 29.057329 -9.656211 -26.158648 -5.882102 9.861279 0.702590 -10.936861 -0.360574 7.156197 0.000000 8.774815 -0.000000 -15.283865 17.766781 6.781595 -1.844031 2.498503 -2.507276 -10.163590 4.678941 4.621104 -20.975996 -0.000001 0.000001 -21.226254 2.451698 -3.593995 0.000000 -0.000006 -0.000000 -1.362681 2.240797 -0.746323 -21.334892 0.584910 3.008319 -13.821196 -0.000001 0.000001 -23.887129 -0.249075 -0.839485 -59.279896 2.582677 -1.123505 -0.294025 1.679686 0.833255 -14.218195 0.093215 1.300579 -34.212002 -0.287561 0.967166 -20.033176 0.964536 1.212838 0.000000 -0.000000 0.000000 -3.440387 0.788233 0.501655 -15.928172 -3.167306 2.999703 -6.338817 -0.000000 0.000001 -18.123419 3.648181 -4.905662 -0.000004 0.000000 -0.000002 -9.675513 22.919321 12.405577 89.981377 54.071445 14.896979 177.721619 38.461033 178.231323 -27.541100 0.744198 -25.174082 2.243540 -5.255033 -3.180156 14.282877 -0.826594 6.952496 -0.000000 -12.690593 -0.000001 15.147474 -17.719553 3.922490 1.665665 -1.955920 -2.878297 4.727794 -4.170584 4.993919 11.020511 0.000001 -0.000000 12.109032 -3.735715 -2.866778 0.000000 -0.000000 0.000000 1.291985 -1.928548 -1.498088 14.800115 0.567467 3.865604 14.242553 -1.341738 -6.660648 19.631935 0.143921 -0.648243 51.295250 -0.762913 -5.065344 0.353029 -1.511150 -0.031940 20.222769 3.684305 2.316629 18.787249 0.000001 -0.000001 10.751608 -0.479870 1.397903 0.000000 -0.000000 0.000000 3.273804 0.305947 -0.580110 21.486790 11.830364 2.266131 8.162915 0.000000 -0.000000 18.399052 -3.798986 -4.940567 0.000003 0.000000 -0.000001 22.582350 -7.333033 -21.569073 -0.129406 -0.444922 136.815033 -0.219619 -26.214548 -51.019062 2.426184 -1.292758 -35.841110 0.000000 -0.000000 0.000002 -16.325785 -3.116921 -19.861191 0.066140 0.088635 137.067596 -15.844731 9.060902 -53.329735 -1.715216 0.562066 -44.205853 0.000000 -0.000000 -0.000001
0.000000 0.000000 0.000000 0.000000 -0.000000 0.000000 -0.803414 -56.148678 1.941657 0.583131 -4.205021 4.893822 1.276299 -0.003880 11.107468 -0.591557 1.101890 -0.436242 0.332384 -0.217806 27.335747 0.007246 2.497905 47.353691 -1.946734 -2.898102 -3.509792 -7.124291 -4.005929 9.737336 0.000077 -0.000022 0.000006 0.267849 -0.029760 -0.226454 0.958389 -3.751476 -10.773871 -0.429599 3.692035 -10.748316 18.265274 -15.897532 8.298735 -86.191658 -40.706470 22.778187 177.258118 -41.393764 -178.149857 28.976234 -9.659355 -26.174984 -5.882102 9.861279 0.702590 -10.936861 -0.360574 7.156197 0.000000 8.774815 -0.000000 -15.295616 17.760227 6.808396 -1.844031 2.498503 -2.507276 -10.163590 4.678941 4.621104 -20.975996 -0.000001 0.000001 -21.226254 2.451698 -3.593995 0.000000 -0.000006 -0.000000 -1.362681 2.240797 -0.746323 -21.334892 0.584910 3.008319 -13.821196 -0.000001 0.000001 -23.887129 -0.249075 -0.839485 -59.267151 2.568713 -1.144934 -0.294025 1.679686 0.833255 -14.218195 0.093215 1.300579 -34.212002 -0.287561 0.967166 -20.033176 0.964536 1.212838 0.000000 -0.000000 0.000000 -3.440387 0.788233 0.501655 -15.928172 -3.167306 2.999703 -6.338817 -0.000000 0.000001 -18.123419 3.648181 -4.905662 -0.000004 0.000000 -0.000002 -9.596734 22.918715 12.439345 90.134956 54.345589 14.897638 177.622589 38.275257 178.094467 -27.340042 0.861605 -24.808300 2.243540 -5.255033 -3.180156 14.282877 -0.826594 6.952496 -0.000000 -12.690593 -0.000001 15.113177 -17.721735 3.937311 1.665665 -1.955920 -2.878297 4.727794 -4.170584 4.993919 11.020511 0.000001 -0.000000 12.109032 -3.735715 -2.866778 0.000000 -0.000000 0.000000 1.291985 -1.928548 -1.498088 14.800115 0.567467 3.865604 14.242553 -1.341738 -6.660648 19.631935 0.143921 -0.648243 51.206856 -0.763438 -5.059832 0.353029 -1.511150 -0.031940 20.222769 3.684305 2.316629 18.787249 0.000001 -0.000001 10.751608 -0.479870 1.397903 0.000000 -0.000000 0.000000 3.273804 0.305947 -0.580110 21.486790 11.830364 2.266131 8.162915 0.000000 -0.000000 18.399052 -3.798986 -4.940567 0.000003 0.000000 -0.000001 22.637529 -7.445782 -21.964575 -0.125163 -0.400753 136.960449 -0.214174 -26.243334 -51.048450 2.424162 -1.294463 -35.871704 0.000000 -0.000000 0.000002 -16.413954 -3.255266 -20.186565 0.046552 0.058691 137.234512 -15.977928 9.063068 -53.397839 -1.712271 0.564683 -44.320286 0.000000 -0.000000 -0.000001
0.000000 0.000000 0.000000 0.000000 -0.000000 0.000000 -0.815452 -56.156964 1.872534 0.603044 -4.202104 5.041963 1.256301 0.017276 11.158669 -0.584997 1.131456 -0.368911 0.428351 -0.168646 27.452085 0.081853 2.407729 47.235794 -1.956228 -2.880196 -3.513340 -7.046430 -4.002265 9.755342 0.000077 -0.000022 0.000006 0.275645 -0.026261 -0.228619 0.959667 -3.744153 -10.770174 -0.415603 3.692630 -10.737587 18.285324 -15.901210 8.192627 -86.441353 -40.813889 22.989443 177.343292 -41.383289 -178.208420 28.892790 -9.606020 -26.291132 -5.882102 9.861279 0.702590 -10.936861 -0.360574 7.156197 0.000000 8.774815 -0.000000 -15.327353 17.745285 6.830814 -1.844031 2.498503 -2.507276 -10.163590 4.678941 4.621104 -20.975996 -0.000001 0.000001 -21.226254 2.451698 -3.593995 0.000000 -0.000006 -0.000000 -1.362681 2.240797 -0.746323 -21.334892 0.584910 3.008319 -13.821196 -0.000001 0.000001 -23.887129 -0.249075 -0.839485 -59.225071 2.545233 -1.122093 -0.294025 1.679686 0.833255 -14.218195 0.093215 1.300579 -34.212002 -0.287561 0.967166 -20.033176 0.964536 1.212838 0.000000 -0.000000 0.000000 -3.440387 0.788233 0.501655 -15.928172 -3.167306 2.999703 -6.338817 -0.000000 0.000001 -18.123419 3.648181 -4.905662 -0.000004 0.000000 -0.000002 -9.463059 22.919632 12.525006 90.214218 54.607231 14.999734 177.644730 38.167431 178.039719 -27.222832 0.970814 -24.518358 2.243540 -5.255033 -3.180156 14.282877 -0.826594 6.952496 -0.000000 -12.690593 -0.000001 15.100807 -17.691177 3.961947 1.665665 -1.955920 -2.878297 4.727794 -4.170584 4.993919 11.020511 0.000001 -0.000000 12.109032 -3.735715 -2.866778 0.000000 -0.000000 0.000000 1.291985 -1.928548 -1.498088 14.800115 0.567467 3.865604 14.242553 -1.341738 -6.660648 19.631935 0.143921 -0.648243 51.148823 -0.747987 -5.040467 0.353029 -1.511150 -0.031940 20.222769 3.684305 2.316629 18.787249 0.000001 -0.000001 10.751608 -0.479870 1.397903 0.000000 -0.000000 0.000000 3.273804 0.305947 -0.580110 21.486790 11.830364 2.266131 8.162915 0.000000 -0.000000 18.399052 -3.798986 -4.940567 0.000003 0.000000 -0.000001 22.677774 -7.530528 -22.216368 -0.115141 -0.348486 137.065567 -0.166507 -26.243326 -51.106293 2.423176 -1.300773 -35.781708 0.000000 -0.000000 0.000002 -16.513649 -3.334500 -20.413395 0.026009 0.038625 137.356491 -16.095852 9.096270 -53.467239 -1.709082 0.565662 -44.488258 0.000000 -0.000000 -0.000001
0.000000 0.000000 0.000000 0.000000 -0.000000 0.000000 -0.819804 -56.177853 1.822649 0.603345 -4.212855 5.102910 1.245273 0.026972 11.185588 -0.574105 1.165798 -0.327119 0.492823 -0.130126 27.523262 0.088879 2.434805 47.022465 -1.968070 -2.877489 -3.518296 -6.929830 -3.982068 9.817161 0.000077 -0.000022 0.000006 0.266780 -0.025576 -0.230108 0.953787 -3.742095 -10.775101 -0.427888 3.692747 -10.736591 18.231680 -15.942580 8.097734 -86.625252 -40.793282 23.160799 177.389954 -41.368324 -178.258820 28.784395 -9.592572 -26.332624 -5.882102 9.861279 0.702590 -10.936861 -0.360574 7.156197 0.000000 8.774815 -0.000000 -15.350816 17.713730 6.849174 -1.844031 2.498503 -2.507276 -10.163590 4.678941 4.621104 -20.975996 -0.000001 0.000001 -21.226254 2.451698 -3.593995 0.000000 -0.000006 -0.000000 -1.362681 2.240797 -0.746323 -21.334892 0.584910 3.008319 -13.821196 -0.000001 0.000001 -23.887129 -0.249075 -0.839485 -59.186226 2.516594 -1.086461 -0.294025 1.679686 0.833255 -14.218195 0.093215 1.300579 -34.212002 -0.287561 0.967166 -20.033176 0.964536 1.212838 0.000000 -0.000000 0.000000 -3.440387 0.788233 0.501655 -15.928172 -3.167306 2.999703 -6.338817 -0.000000 0.000001 -18.123419 3.648181 -4.905662 -0.000004 0.000000 -0.000002 -9.282039 22.980673 12.688759 90.225609 54.840412 15.131474 177.744675 38.129681 178.058151 -27.155155 1.004019 -24.422235 2.243540 -5.255033 -3.180156 14.282877 -0.826594 6.952496 -0.000000 -12.690593 -0.000001 15.104000 -17.649155 4.004008 1.665665 -1.955920 -2.878297 4.727794 -4.170584 4.993919 11.020511 0.000001 -0.000000 12.109032 -3.735715 -2.866778 0.000000 -0.000000 0.000000 1.291985 -1.928548 -1.498088 14.800115 0.567467 3.865604 14.242553 -1.341738 -6.660648 19.631935 0.143921 -0.648243 51.132450 -0.733879 -5.006965 0.353029 -1.511150 -0.031940 20.222769 3.684305 2.316629 18.787249 0.000001 -0.000001 10.751608 -0.479870 1.397903 0.000000 -0.000000 0.000000 3.273804 0.305947 -0.580110 21.486790 11.830364 2.266131 8.162915 0.000000 -0.000000 18.399052 -3.798986 -4.940567 0.000003 0.000000 -0.000001 22.700453 -7.590106 -22.308363 -0.114982 -0.312451 137.136475 -0.048509 -26.185709 -51.217747 2.434640 -1.304180 -35.679497 0.000000 -0.000000 0.000002 -16.585810 -3.385720 -20.516981 0.018255 0.036779 137.435303 -16.242579 9.093119 -53.530918 -1.707158 0.563619 -44.827930 0.000000 -0.000000 -0.000001
0.000000 0.000000 0.000000 0.000000 -0.000000 0.000000 -0.815782 -56.232045 1.773764 0.597036 -4.206017 5.077472 1.244632 0.028716 11.210938 -0.559154 1.197045 -0.314379 0.520940 -0.094911 27.567545 0.041592 2.563281 46.681992 -1.977196 -2.892715 -3.521892 -6.796300 -3.957228 9.887251 0.000077 -0.000022 0.000006 0.248924 -0.027338 -0.230746 0.943900 -3.744001 -10.786190 -0.454241 3.691638 -10.745202 18.114489 -16.043285 8.032500 -86.714279 -40.674877 23.368233 177.362122 -41.351070 -178.255646 28.658245 -9.714128 -26.206514 -5.882102 9.861279 0.702590 -10.936861 -0.360574 7.156197 0.000000 8.774815 -0.000000 -15.347630 17.685493 6.858930 -1.844031 2.498503 -2.507276 -10.163590 4.678941 4.621104 -20.975996 -0.000001 0.000001 -21.226254 2.451698 -3.593995 0.000000 -0.000006 -0.000000 -1.362681 2.240797 -0.746323 -21.334892 0.584910 3.008319 -13.821196 -0.000001 0.000001 -23.887129 -0.249075 -0.839485 -59.196999 2.502238 -1.070825 -0.294025 1.679686 0.833255 -14.218195 0.093215 1.300579 -34.212002 -0.287561 0.967166 -20.033176 0.964536 1.212838 0.000000 -0.000000 0.000000 -3.440387 0.788233 0.501655 -15.928172 -3.167306 2.999703 -6.338817 -0.000000 0.000001 -18.123419 3.648181 -4.905662 -0.000004 0.000000 -0.000002 -9.093531 23.091833 12.862430 90.263771 54.991604 15.377080 177.938278 38.131893 178.148468 -27.082537 0.988400 -24.420261 2.243540 -5.255033 -3.180156 14.282877 -0.826594 6.952496 -0.000000 -12.690593 -0.000001 15.079858 -17.601959 4.072913 1.665665 -1.955920 -2.878297 4.727794 -4.170584 4.993919 11.020511 0.000001 -0.000000 12.109032 -3.735715 -2.866778 0.000000 -0.000000 0.000000 1.291985 -1.928548 -1.498088 14.800115 0.567467 3.865604 14.242553 -1.341738 -6.660648 19.631935 0.143921 -0.648243 51.150116 -0.730983 -4.965665 0.353029 -1.511150 -0.031940 20.222769 3.684305 2.316629 18.787249 0.000001 -0.000001 10.751608 -0.479870 1.397903 0.000000 -0.000000 0.000000 3.273804 0.305947 -0.580110 21.486790 11.830364 2.266131 8.162915 0.000000 -0.000000 18.399052 -3.798986 -4.940567 0.000003 0.000000 -0.000001 22.692949 -7.667172 -22.284275 -0.121310 -0.300432 137.209427 0.108694 -26.091192 -51.378109 2.449226 -1.302380 -35.582314 0.000000 -0.000000 0.000002 -16.659475 -3.422746 -20.493410 0.017658 0.048332 137.500504 -16.411154 9.082546 -53.612621 -1.702844 0.559373 -45.263798 0.000000 -0.000000 -0.000001
0.000000 0.000000 0.000000 0.000000 -0.000000 0.000000 -0.811279 -56.306935 1.716086 0.578574 -4.198918 4.968618 1.255221 0.029891 11.236830 -0.538494 1.227956 -0.315254 0.516749 -0.065927 27.603533 -0.101889 2.789800 46.183353 -1.977838 -2.906797 -3.528510 -6.658760 -3.898061 9.887619 0.000077 -0.000022 0.000006 0.226377 -0.030888 -0.230162 0.931317 -3.749439 -10.796134 -0.487457 3.690271 -10.756825 17.912275 -16.176035 8.032281 -86.693947 -40.511547 23.643709 177.252960 -41.292240 -178.174316 28.465576 -9.972306 -25.964342 -5.882102 9.861279 0.702590 -10.936861 -0.360574 7.156197 0.000000 8.774815 -0.000000 -15.324937 17.662018 6.860364 -1.844031 2.498503 -2.507276 -10.163590 4.678941 4.621104 -20.975996 -0.000001 0.000001 -21.226254 2.451698 -3.593995 0.000000 -0.000006 -0.000000 -1.362681 2.240797 -0.746323 -21.334892 0.584910 3.008319 -13.821196 -0.000001 0.000001 -23.887129 -0.249075 -0.839485 -59.228287 2.509966 -1.083699 -0.294025 1.679686 0.833255 -14.218195 0.093215 1.300579 -34.212002 -0.287561 0.967166 -20.033176 0.964536 1.212838 0.000000 -0.000000 0.000000 -3.440387 0.788233 0.501655 -15.928172 -3.167306 2.999703 -6.338817 -0.000000 0.000001 -18.123419 3.648181 -4.905662 -0.000004 0.000000 -0.000002 -8.945380 23.239355 13.005816 90.404335 55.062218 15.730987 178.158554 38.149315 178.260468 -26.949421 0.950927 -24.463911 2.243540 -5.255033 -3.180156 14.282877 -0.826594 6.952496 -0.000000 -12.690593 -0.000001 15.036291 -17.577713 4.149719 1.665665 -1.955920 -2.878297 4.727794 -4.170584 4.993919 11.020511 0.000001 -0.000000 12.109032 -3.735715 -2.866778 0.000000 -0.000000 0.000000 1.291985 -1.928548 -1.498088 14.800115 0.567467 3.865604 14.242553 -1.341738 -6.660648 19.631935 0.143921 -0.648243 51.181404 -0.749512 -4.934015 0.353029 -1.511150 -0.031940 20.222769 3.684305 2.316629 18.787249 0.000001 -0.000001 10.751608 -0.479870 1.397903 0.000000 -0.000000 0.000000 3.273804 0.305947 -0.580110 21.486790 11.830364 2.266131 8.162915 0.000000 -0.000000 18.399052 -3.798986 -4.940567 0.000003 0.000000 -0.000001 22.676273 -7.755851 -22.181541 -0.131911 -0.305581 137.277344 0.239973 -26.002165 -51.511967 2.450060 -1.297052 -35.598553 0.000000 -0.000000 0.000002 -16.705317 -3.454095 -20.387693 0.030774 0.070900 137.563843 -16.563704 9.057413 -53.674522 -1.705466 0.552327 -45.736282 0.000000 -0.000000 -0.000001
0.000000 0.000000 0.000000 0.000000 -0.000000 0.000000 -0.817028 -56.402195 1.637633 0.566126 -4.210730 4.796982 1.258741 0.030687 11.268808 -0.517331 1.261548 -0.325619 0.487158 -0.026662 27.637741 -0.316584 3.085813 45.584183 -1.952503 -2.903822 -3.527391 -6.557433 -3.806327 9.832326 0.000077 -0.000022 0.000006 0.204708 -0.035354 -0.227696 0.920106 -3.752970 -10.795774 -0.520351 3.684927 -10.762511 17.650751 -16.307146 8.101254 -86.573486 -40.360558 23.827375 177.192871 -41.183746 -178.104691 28.229475 -10.226751 -25.673529 -5.882102 9.861279 0.702590 -10.936861 -0.360574 7.156197 0.000000 8.774815 -0.000000 -15.287185 17.668169 6.863624 -1.844031 2.498503 -2.507276 -10.163590 4.678941 4.621104 -20.975996 -0.000001 0.000001 -21.226254 2.451698 -3.593995 0.000000 -0.000006 -0.000000 -1.362681 2.240797 -0.746323 -21.334892 0.584910 3.008319 -13.821196 -0.000001 0.000001 -23.887129 -0.249075 -0.839485 -59.253059 2.506215 -1.105228 -0.294025 1.679686 0.833255 -14.218195 0.093215 1.300579 -34.212002 -0.287561 0.967166 -20.033176 0.964536 1.212838 0.000000 -0.000000 0.000000 -3.440387 0.788233 0.501655 -15.928172 -3.167306 2.999703 -6.338817 -0.000000 0.000001 -18.123419 3.648181 -4.905662 -0.000004 0.000000 -0.000002 -8.864300 23.413826 13.064483 90.643257 55.026382 16.120081 178.311615 38.183189 178.353943 -26.793341 0.844277 -24.502304 2.243540 -5.255033 -3.180156 14.282877 -0.826594 6.952496 -0.000000 -12.690593 -0.000001 14.972931 -17.600103 4.217371 1.665665 -1.955920 -2.878297 4.727794 -4.170584 4.993919 11.020511 0.000001 -0.000000 12.109032 -3.735715 -2.866778 0.000000 -0.000000 0.000000 1.291985 -1.928548 -1.498088 14.800115 0.567467 3.865604 14.242553 -1.341738 -6.660648 19.631935 0.143921 -0.648243 51.168186 -0.777082 -4.923217 0.353029 -1.511150 -0.031940 20.222769 3.684305 2.316629 18.787249 0.000001 -0.000001 10.751608 -0.479870 1.397903 0.000000 -0.000000 0.000000 3.273804 0.305947 -0.580110 21.486790 11.830364 2.266131 8.162915 0.000000 -0.000000 18.399052 -3.798986 -4.940567 0.000003 0.000000 -0.000001 22.655476 -7.874147 -22.031874 -0.134454 -0.327135 137.356293 0.344291 -25.954067 -51.633102 2.444266 -1.289064 -35.725815 0.000000 -0.000000 0.000002 -16.750301 -3.472669 -20.245573 0.052162 0.087993 137.658218 -16.705870 9.022449 -53.727627 -1.706082 0.546168 -46.075321 0.000000 -0.000000 -0.000001
0.000000 0.000000 0.000000 0.000000 -0.000000 0.000000 -0.824141 -56.516468 1.527621 0.571872 -4.234277 4.586342 1.238838 0.040450 11.298294 -0.499941 1.282241 -0.332321 0.443701 0.021333 27.697451 -0.569130 3.393232 44.999413 -1.891387 -2.879502 -3.512691 -6.543515 -3.697384 9.744301 0.000077 -0.000022 0.000006 0.204739 -0.038765 -0.220438 0.924594 -3.750313 -10.774233 -0.525101 3.675001 -10.745028 17.362083 -16.408672 8.201406 -86.414047 -40.270329 23.863356 177.280136 -41.037697 -178.147675 28.044796 -10.411901 -25.487524 -5.882102 9.861279 0.702590 -10.936861 -0.360574 7.156197 0.000000 8.774815 -0.000000 -15.253846 17.703539 6.861002 -1.844031 2.498503 -2.507276 -10.163590 4.678941 4.621104 -20.975996 -0.000001 0.000001 -21.226254 2.451698 -3.593995 0.000000 -0.000006 -0.000000 -1.362681 2.240797 -0.746323 -21.334892 0.584910 3.008319 -13.821196 -0.000001 0.000001 -23.887129 -0.249075 -0.839485 -59.266651 2.508178 -1.143159 -0.294025 1.679686 0.833255 -14.218195 0.093215 1.300579 -34.212002 -0.287561 0.967166 -20.033176 0.964536 1.212838 0.000000 -0.000000 0.000000 -3.440387 0.788233 0.501655 -15.928172 -3.167306 2.999703 -6.338817 -0.000000 0.000001 -18.123419 3.648181 -4.905662 -0.000004 0.000000 -0.000002 -8.814099 23.603777 13.040510 90.890800 54.939117 16.412045 178.334335 38.257095 178.414673 -26.603563 0.703283 -24.524464 2.243540 -5.255033 -3.180156 14.282877 -0.826594 6.952496 -0.000000 -12.690593 -0.000001 14.884289 -17.653185 4.248335 1.665665 -1.955920 -2.878297 4.727794 -4.170584 4.993919 11.020511 0.000001 -0.000000 12.109032 -3.735715 -2.866778 0.000000 -0.000000 0.000000 1.291985 -1.928548 -1.498088 14.800115 0.567467 3.865604 14.242553 -1.341738 -6.660648 19.631935 0.143921 -0.648243 51.089020 -0.802289 -4.939217 0.353029 -1.511150 -0.031940 20.222769 3.684305 2.316629 18.787249 0.000001 -0.000001 10.751608 -0.479870 1.397903 0.000000 -0.000000 0.000000 3.273804 0.305947 -0.580110 21.486790 11.830364 2.266131 8.162915 0.000000 -0.000000 18.399052 -3.798986 -4.940567 0.000003 0.000000 -0.000001 22.642370 -8.008992 -21.878817 -0.133685 -0.355011 137.480759 0.384217 -25.985397 -51.738400 2.431262 -1.282754 -35.809795 0.000000 -0.000000 0.000002 -16.822247 -3.465184 -20.107147 0.072451 0.097777 137.807709 -16.834461 9.000163 -53.792271 -1.700608 0.543587 -46.203182 0.000000 -0.000000 -0.000001
0.000000 0.000000 0.000000 0.000000 -0.000000 0.000000 -0.832662 -56.642239 1.379766 0.601194 -4.275335 4.353066 1.198039 0.061099 11.326598 -0.494567 1.284688 -0.310279 0.387104 0.075867 27.779175 -0.861694 3.669482 44.514023 -1.811328 -2.853696 -3.492605 -6.601339 -3.559015 9.633381 0.000077 -0.000022 0.000006 0.220254 -0.042412 -0.210747 0.935573 -3.746862 -10.739413 -0.505235 3.663078 -10.714227 17.012896 -16.473656 8.278601 -86.209091 -40.225216 23.815304 177.453339 -40.887463 -178.255707 27.948174 -10.551401 -25.584618 -5.882102 9.861279 0.702590 -10.936861 -0.360574 7.156197 0.000000 8.774815 -0.000000 -15.241103 17.751451 6.842228 -1.844031 2.498503 -2.507276 -10.163590 4.678941 4.621104 -20.975996 -0.000001 0.000001 -21.226254 2.451698 -3.593995 0.000000 -0.000006 -0.000000 -1.362681 2.240797 -0.746323 -21.334892 0.584910 3.008319 -13.821196 -0.000001 0.000001 -23.887129 -0.249075 -0.839485 -59.281746 2.518732 -1.191321 -0.294025 1.679686 0.833255 -14.218195 0.093215 1.300579 -34.212002 -0.287561 0.967166 -20.033176 0.964536 1.212838 0.000000 -0.000000 0.000000 -3.440387 0.788233 0.501655 -15.928172 -3.167306 2.999703 -6.338817 -0.000000 0.000001 -18.123419 3.648181 -4.905662 -0.000004 0.000000 -0.000002 -8.738614 23.766953 12.966556 91.109390 54.880638 16.680353 178.277222 38.403088 178.414490 -26.391748 0.591754 -24.552282 2.243540 -5.255033 -3.180156 14.282877 -0.826594 6.952496 -0.000000 -12.690593 -0.000001 14.822635 -17.716171 4.220086 1.665665 -1.955920 -2.878297 4.727794 -4.170584 4.993919 11.020511 0.000001 -0.000000 12.109032 -3.735715 -2.866778 0.000000 -0.000000 0.000000 1.291985 -1.928548 -1.498088 14.800115 0.567467 3.865604 14.242553 -1.341738 -6.660648 19.631935 0.143921 -0.648243 50.996658 -0.821331 -4.968733 0.353029 -1.511150 -0.031940 20.222769 3.684305 2.316629 18.787249 0.000001 -0.000001 10.751608 -0.479870 1.397903 0.000000 -0.000000 0.000000 3.273804 0.305947 -0.580110 21.486790 11.830364 2.266131 8.162915 0.000000 -0.000000 18.399052 -3.798986 -4.940567 0.000003 0.000000 -0.000001 22.671307 -8.152221 -21.737780 -0.130793 -0.370637 137.664703 0.412653 -26.105444 -51.863285 2.417827 -1.282310 -35.860939 0.000000 -0.000000 0.000002 -16.932835 -3.419983 -19.999924 0.086325 0.092716 138.023148 -16.929750 9.003616 -53.877098 -1.693179 0.545854 -46.082047 0.000000 -0.000000 -0.000001
0.000000 0.000000 0.000000 0.000000 -0.000000 0.000000 -0.830083 -56.780415 1.193331 0.640830 -4.345461 4.091105 1.148565 0.077328 11.370583 -0.512380 1.283989 -0.267971 0.332821 0.131645 27.899223 -1.197836 3.960491 44.144981 -1.733217 -2.850446 -3.471175 -6.616178 -3.416207 9.495974 0.000077 -0.000022 0.000006 0.232457 -0.046013 -0.200949 0.938106 -3.744656 -10.712495 -0.483520 3.652757 -10.687943 16.556061 -16.490557 8.343143 -85.934227 -40.225208 23.788956 177.603912 -40.769138 -178.349564 27.910122 -10.717084 -25.801842 -5.882102 9.861279 0.702590 -10.936861 -0.360574 7.156197 0.000000 8.774815 -0.000000 -15.247769 17.775770 6.826533 -1.844031 2.498503 -2.507276 -10.163590 4.678941 4.621104 -20.975996 -0.000001 0.000001 -21.226254 2.451698 -3.593995 0.000000 -0.000006 -0.000000 -1.362681 2.240797 -0.746323 -21.334892 0.584910 3.008319 -13.821196 -0.000001 0.000001 -23.887129 -0.249075 -0.839485 -59.354065 2.530775 -1.216734 -0.294025 1.679686 0.833255 -14.218195 0.093215 1.300579 -34.212002 -0.287561 0.967166 -20.033176 0.964536 1.212838 0.000000 -0.000000 0.000000 -3.440387 0.788233 0.501655 -15.928172 -3.167306 2.999703 -6.338817 -0.000000 0.000001 -18.123419 3.648181 -4.905662 -0.000004 0.000000 -0.000002 -8.569491 23.928404 12.938601 91.229637 54.941872 16.945839 178.213120 38.618736 178.350845 -26.183325 0.556213 -24.548109 2.243540 -5.255033 -3.180156 14.282877 -0.826594 6.952496 -0.000000 -12.690593 -0.000001 14.841497 -17.766672 4.152549 1.665665 -1.955920 -2.878297 4.727794 -4.170584 4.993919 11.020511 0.000001 -0.000000 12.109032 -3.735715 -2.866778 0.000000 -0.000000 0.000000 1.291985 -1.928548 -1.498088 14.800115 0.567467 3.865604 14.242553 -1.341738 -6.660648 19.631935 0.143921 -0.648243 50.951202 -0.819286 -4.996275 0.353029 -1.511150 -0.031940 20.222769 3.684305 2.316629 18.787249 0.000001 -0.000001 10.751608 -0.479870 1.397903 0.000000 -0.000000 0.000000 3.273804 0.305947 -0.580110 21.486790 11.830364 2.266131 8.162915 0.000000 -0.000000 18.399052 -3.798986 -4.940567 0.000003 0.000000 -0.000001 22.721657 -8.299315 -21.588097 -0.116508 -0.376417 137.901047 0.487213 -26.259117 -52.034336 2.414023 -1.289391 -35.882103 0.000000 -0.000000 0.000002 -17.086853 -3.307669 -19.906645 0.095354 0.076963 138.308502 -17.004654 9.033619 -54.018288 -1.689591 0.549691 -45.881382 0.000000 -0.000000 -0.000001
0.000000 0.000000 0.000000 0.000000 -0.000000 0.000000 -0.813160 -56.917408 0.967632 0.684374 -4.435213 3.799092 1.104017 0.092979 11.427399 -0.542544 1.288892 -0.212182 0.281743 0.177189 28.066158 -1.534583 4.271139 43.905098 -1.668623 -2.879058 -3.444959 -6.600917 -3.298945 9.325894 0.000077 -0.000022 0.000006 0.232151 -0.049402 -0.191817 0.928420 -3.743543 -10.694887 -0.474973 3.644592 -10.669409 16.045609 -16.489174 8.429772 -85.632751 -40.265724 23.735481 177.725052 -40.649548 -178.406693 27.925400 -10.841542 -25.949406 -5.882102 9.861279 0.702590 -10.936861 -0.360574 7.156197 0.000000 8.774815 -0.000000 -15.281999 17.755907 6.811575 -1.844031 2.498503 -2.507276 -10.163590 4.678941 4.621104 -20.975996 -0.000001 0.000001 -21.226254 2.451698 -3.593995 0.000000 -0.000006 -0.000000 -1.362681 2.240797 -0.746323 -21.334892 0.584910 3.008319 -13.821196 -0.000001 0.000001 -23.887129 -0.249075 -0.839485 -59.457233 2.525323 -1.215438 -0.294025 1.679686 0.833255 -14.218195 0.093215 1.300579 -34.212002 -0.287561 0.967166 -20.033176 0.964536 1.212838 0.000000 -0.000000 0.000000 -3.440387 0.788233 0.501655 -15.928172 -3.167306 2.999703 -6.338817 -0.000000 0.000001 -18.123419 3.648181 -4.905662 -0.000004 0.000000 -0.000002 -8.317366 24.080721 12.990594 91.266945 55.138283 17.208252 178.167557 38.856750 178.258667 -26.045242 0.591827 -24.519863 2.243540 -5.255033 -3.180156 14.282877 -0.826594 6.952496 -0.000000 -12.690593 -0.000001 14.932779 -17.794916 4.097077 1.665665 -1.955920 -2.878297 4.727794 -4.170584 4.993919 11.020511 0.000001 -0.000000 12.109032 -3.735715 -2.866778 0.000000 -0.000000 0.000000 1.291985 -1.928548 -1.498088 14.800115 0.567467 3.865604 14.242553 -1.341738 -6.660648 19.631935 0.143921 -0.648243 50.973930 -0.804375 -4.998052 0.353029 -1.511150 -0.031940 20.222769 3.684305 2.316629 18.787249 0.000001 -0.000001 10.751608 -0.479870 1.397903 0.000000 -0.000000 0.000000 3.273804 0.305947 -0.580110 21.486790 11.830364 2.266131 8.162915 0.000000 -0.000000 18.399052 -3.798986 -4.940567 0.000003 0.000000 -0.000001 22.777851 -8.435223 -21.446638 -0.098475 -0.374798 138.177048 0.655548 -26.381390 -52.241592 2.418623 -1.296951 -35.902966 0.000000 -0.000000 0.000002 -17.285717 -3.133423 -19.835571 0.092368 0.052889 138.643875 -17.099600 9.092197 -54.194771 -1.687820 0.551871 -45.830154 0.000000 -0.000000 -0.000001
0.000000 0.000000 0.000000 0.000000 -0.000000 0.000000 -0.777416 -57.049618 0.709444 0.726657 -4.542435 3.498549 1.062659 0.110529 11.478624 -0.575665 1.303814 -0.151912 0.236420 0.207620 28.265850 -1.820880 4.587117 43.766918 -1.657154 -2.930270 -3.419864 -6.558723 -3.206923 9.168859 0.000077 -0.000022 0.000006 0.222740 -0.051692 -0.184540 0.911583 -3.741508 -10.674075 -0.477735 3.638328 -10.649232 15.545801 -16.469238 8.524915 -85.343994 -40.292664 23.602024 177.885452 -40.506180 -178.458939 27.988178 -10.891253 -25.975517 -5.882102 9.861279 0.702590 -10.936861 -0.360574 7.156197 0.000000 8.774815 -0.000000 -15.327106 17.710255 6.794755 -1.844031 2.498503 -2.507276 -10.163590 4.678941 4.621104 -20.975996 -0.000001 0.000001 -21.226254 2.451698 -3.593995 0.000000 -0.000006 -0.000000 -1.362681 2.240797 -0.746323 -21.334892 0.584910 3.008319 -13.821196 -0.000001 0.000001 -23.887129 -0.249075 -0.839485 -59.574612 2.493837 -1.208980 -0.294025 1.679686 0.833255 -14.218195 0.093215 1.300579 -34.212002 -0.287561 0.967166 -20.033176 0.964536 1.212838 0.000000 -0.000000 0.000000 -3.440387 0.788233 0.501655 -15.928172 -3.167306 2.999703 -6.338817 -0.000000 0.000001 -18.123419 3.648181 -4.905662 -0.000004 0.000000 -0.000002 -8.053583 24.229824 13.093838 91.302460 55.395859 17.485720 178.149292 39.022324 178.203461 -25.940229 0.665559 -24.524227 2.243540 -5.255033 -3.180156 14.282877 -0.826594 6.952496 -0.000000 -12.690593 -0.000001 15.061252 -17.820259 4.058005 1.665665 -1.955920 -2.878297 4.727794 -4.170584 4.993919 11.020511 0.000001 -0.000000 12.109032 -3.735715 -2.866778 0.000000 -0.000000 0.000000 1.291985 -1.928548 -1.498088 14.800115 0.567467 3.865604 14.242553 -1.341738 -6.660648 19.631935 0.143921 -0.648243 51.021023 -0.788041 -4.997231 0.353029 -1.511150 -0.031940 20.222769 3.684305 2.316629 18.787249 0.000001 -0.000001 10.751608 -0.479870 1.397903 0.000000 -0.000000 0.000000 3.273804 0.305947 -0.580110 21.486790 11.830364 2.266131 8.162915 0.000000 -0.000000 18.399052 -3.798986 -4.940567 0.000003 0.000000 -0.000001 22.833105 -8.533571 -21.326729 -0.089083 -0.363831 138.491302 0.912897 -26.444983 -52.482742 2.421002 -1.300483 -35.925789 0.000000 -0.000000 0.000002 -17.525440 -2.887741 -19.812635 0.074224 0.017136 139.017105 -17.228754 9.181865 -54.391720 -1.687556 0.551883 -45.880238 0.000000 -0.000000 -0.000001
0.000000 0.000000 0.000000 0.000000 -0.000000 0.000000 -0.725695 -57.175167 0.440184 0.767785 -4.647646 3.181759 1.021168 0.128850 11.509649 -0.592251 1.326649 -0.090333 0.190959 0.215845 28.484980 -2.063632 4.908128 43.663876 -1.686492 -2.975016 -3.400559 -6.556276 -3.132609 9.117228 0.000077 -0.000022 0.000006 0.202487 -0.053703 -0.180602 0.888662 -3.740318 -10.648545 -0.496058 3.633130 -10.628304 15.102038 -16.409836 8.628321 -85.097923 -40.240803 23.519773 178.049515 -40.292061 -178.501724 28.029051 -10.906882 -25.879974 -5.882102 9.861279 0.702590 -10.936861 -0.360574 7.156197 0.000000 8.774815 -0.000000 -15.356909 17.675112 6.784364 -1.844031 2.498503 -2.507276 -10.163590 4.678941 4.621104 -20.975996 -0.000001 0.000001 -21.226254 2.451698 -3.593995 0.000000 -0.000006 -0.000000 -1.362681 2.240797 -0.746323 -21.334892 0.584910 3.008319 -13.821196 -0.000001 0.000001 -23.887129 -0.249075 -0.839485 -59.664803 2.451332 -1.222827 -0.294025 1.679686 0.833255 -14.218195 0.093215 1.300579 -34.212002 -0.287561 0.967166 -20.033176 0.964536 1.212838 0.000000 -0.000000 0.000000 -3.440387 0.788233 0.501655 -15.928172 -3.167306 2.999703 -6.338817 -0.000000 0.000001 -18.123419 3.648181 -4.905662 -0.000004 0.000000 -0.000002 -7.836764 24.378078 13.206592 91.326500 55.609299 17.820370 178.158890 39.066700 178.241089 -25.883621 0.794758 -24.454992 2.243540 -5.255033 -3.180156 14.282877 -0.826594 6.952496 -0.000000 -12.690593 -0.000001 15.158825 -17.825527 4.031223 1.665665 -1.955920 -2.878297 4.727794 -4.170584 4.993919 11.020511 0.000001 -0.000000 12.109032 -3.735715 -2.866778 0.000000 -0.000000 0.000000 1.291985 -1.928548 -1.498088 14.800115 0.567467 3.865604 14.242553 -1.341738 -6.660648 19.631935 0.143921 -0.648243 51.075062 -0.788253 -4.992273 0.353029 -1.511150 -0.031940 20.222769 3.684305 2.316629 18.787249 0.000001 -0.000001 10.751608 -0.479870 1.397903 0.000000 -0.000000 0.000000 3.273804 0.305947 -0.580110 21.486790 11.830364 2.266131 8.162915 0.000000 -0.000000 18.399052 -3.798986 -4.940567 0.000003 0.000000 -0.000001 22.864889 -8.600002 -21.210129 -0.092768 -0.354828 138.819641 1.185452 -26.463459 -52.716030 2.415474 -1.297147 -36.022091 0.000000 -0.000000 0.000002 -17.785358 -2.611040 -19.804470 0.044837 -0.008692 139.392029 -17.352995 9.322992 -54.578350 -1.692984 0.551594 -45.949383 0.000000 -0.000000 -0.000001
0.000000 0.000000 0.000000 0.000000 -0.000000 0.000000 -0.669089 -57.314621 0.185576 0.800071 -4.761582 2.844441 0.981072 0.132214 11.540586 -0.581436 1.349907 -0.036338 0.141039 0.226464 28.693523 -2.262259 5.193586 43.589642 -1.722963 -2.989715 -3.389169 -6.628011 -3.054579 9.087325 0.000077 -0.000022 0.000006 0.187325 -0.055524 -0.179781 0.874118 -3.736072 -10.620331 -0.512471 3.624897 -10.608829 14.731523 -16.318132 8.756268 -84.894241 -40.119926 23.461395 178.224350 -40.034386 -178.569504 27.997519 -10.919815 -25.749449 -5.882102 9.861279 0.702590 -10.936861 -0.360574 7.156197 0.000000 8.774815 -0.000000 -15.364203 17.659845 6.777040 -1.844031 2.498503 -2.507276 -10.163590 4.678941 4.621104 -20.975996 -0.000001 0.000001 -21.226254 2.451698 -3.593995 0.000000 -0.000006 -0.000000 -1.362681 2.240797 -0.746323 -21.334892 0.584910 3.008319 -13.821196 -0.000001 0.000001 -23.887129 -0.249075 -0.839485 -59.686867 2.430818 -1.238476 -0.294025 1.679686 0.833255 -14.218195 0.093215 1.300579 -34.212002 -0.287561 0.967166 -20.033176 0.964536 1.212838 0.000000 -0.000000 0.000000 -3.440387 0.788233 0.501655 -15.928172 -3.167306 2.999703 -6.338817 -0.000000 0.000001 -18.123419 3.648181 -4.905662 -0.000004 0.000000 -0.000002 -7.693979 24.493519 13.272548 91.377579 55.696995 18.242292 178.155304 39.006519 178.288620 -25.931889 0.925790 -24.225651 2.243540 -5.255033 -3.180156 14.282877 -0.826594 6.952496 -0.000000 -12.690593 -0.000001 15.215625 -17.813198 4.005227 1.665665 -1.955920 -2.878297 4.727794 -4.170584 4.993919 11.020511 0.000001 -0.000000 12.109032 -3.735715 -2.866778 0.000000 -0.000000 0.000000 1.291985 -1.928548 -1.498088 14.800115 0.567467 3.865604 14.242553 -1.341738 -6.660648 19.631935 0.143921 -0.648243 51.130447 -0.786677 -4.995423 0.353029 -1.511150 -0.031940 20.222769 3.684305 2.316629 18.787249 0.000001 -0.000001 10.751608 -0.479870 1.397903 0.000000 -0.000000 0.000000 3.273804 0.305947 -0.580110 21.486790 11.830364 2.266131 8.162915 0.000000 -0.000000 18.399052 -3.798986 -4.940567 0.000003 0.000000 -0.000001 22.857552 -8.665527 -21.034410 -0.102142 -0.355329 139.128052 1.435419 -26.446304 -52.953705 2.405372 -1.290449 -36.161835 0.000000 -0.000000 0.000002 -18.054195 -2.313120 -19.751957 0.009422 -0.026874 139.751999 -17.463543 9.506730 -54.775196 -1.701344 0.550921 -45.945732 0.000000 -0.000000 -0.000001
0.000000 0.000000 0.000000 0.000000 -0.000000 0.000000 -0.621650 -57.455338 -0.060651 0.817110 -4.887456 2.486197 0.950256 0.125774 11.580546 -0.566135 1.376750 0.005803 0.096298 0.236031 28.878878 -2.438715 5.453007 43.509556 -1.725267 -2.954237 -3.384629 -6.722553 -2.990892 9.101724 0.000077 -0.000022 0.000006 0.186289 -0.056312 -0.181928 0.875418 -3.732717 -10.607676 -0.516477 3.619848 -10.606242 14.402313 -16.187866 8.912861 -84.706741 -39.939335 23.438662 178.421616 -39.772835 -178.652893 27.928238 -10.954288 -25.663727 -5.882102 9.861279 0.702590 -10.936861 -0.360574 7.156197 0.000000 8.774815 -0.000000 -15.353072 17.682907 6.787326 -1.844031 2.498503 -2.507276 -10.163590 4.678941 4.621104 -20.975996 -0.000001 0.000001 -21.226254 2.451698 -3.593995 0.000000 -0.000006 -0.000000 -1.362681 2.240797 -0.746323 -21.334892 0.584910 3.008319 -13.821196 -0.000001 0.000001 -23.887129 -0.249075 -0.839485 -59.720955 2.435592 -1.245374 -0.294025 1.679686 0.833255 -14.218195 0.093215 1.300579 -34.212002 -0.287561 0.967166 -20.033176 0.964536 1.212838 0.000000 -0.000000 0.000000 -3.440387 0.788233 0.501655 -15.928172 -3.167306 2.999703 -6.338817 -0.000000 0.000001 -18.123419 3.648181 -4.905662 -0.000004 0.000000 -0.000002 -7.546103 24.589808 13.338649 91.376343 55.686420 18.651999 178.113571 38.895035 178.312210 -26.017597 1.063803 -23.983702 2.243540 -5.255033 -3.180156 14.282877 -0.826594 6.952496 -0.000000 -12.690593 -0.000001 15.254086 -17.794470 3.969744 1.665665 -1.955920 -2.878297 4.727794 -4.170584 4.993919 11.020511 0.000001 -0.000000 12.109032 -3.735715 -2.866778 0.000000 -0.000000 0.000000 1.291985 -1.928548 -1.498088 14.800115 0.567467 3.865604 14.242553 -1.341738 -6.660648 19.631935 0.143921 -0.648243 51.170418 -0.777613 -5.006478 0.353029 -1.511150 -0.031940 20.222769 3.684305 2.316629 18.787249 0.000001 -0.000001 10.751608 -0.479870 1.397903 0.000000 -0.000000 0.000000 3.273804 0.305947 -0.580110 21.486790 11.830364 2.266131 8.162915 0.000000 -0.000000 18.399052 -3.798986 -4.940567 0.000003 0.000000 -0.000001 22.852633 -8.758284 -20.829361 -0.106161 -0.357468 139.407410 1.639567 -26.445257 -53.155373 2.405473 -1.282903 -36.368099 0.000000 -0.000000 0.000002 -18.283657 -2.045976 -19.672127 -0.015567 -0.027813 140.102448 -17.545929 9.684512 -54.952744 -1.711661 0.550810 -45.952026 0.000000 -0.000000 -0.000001
0.000000 0.000000 0.000000 0.000000 -0.000000 0.000000 -0.582360 -57.590256 -0.314212 0.823021 -5.014469 2.107094 0.925433 0.110329 11.627111 -0.553128 1.394270 0.039358 0.054294 0.259909 29.032673 -2.580542 5.674467 43.421902 -1.678649 -2.893445 -3.382039 -6.816972 -2.937848 9.129071 0.000077 -0.000022 0.000006 0.200422 -0.056180 -0.185761 0.891465 -3.732187 -10.614060 -0.504856 3.619792 -10.618684 14.109488 -16.068357 9.098869 -84.535858 -39.727936 23.447226 178.602798 -39.555882 -178.751648 27.884186 -11.061078 -25.638721 -5.882102 9.861279 0.702590 -10.936861 -0.360574 7.156197 0.000000 8.774815 -0.000000 -15.353601 17.738668 6.801117 -1.844031 2.498503 -2.507276 -10.163590 4.678941 4.621104 -20.975996 -0.000001 0.000001 -21.226254 2.451698 -3.593995 0.000000 -0.000006 -0.000000 -1.362681 2.240797 -0.746323 -21.334892 0.584910 3.008319 -13.821196 -0.000001 0.000001 -23.887129 -0.249075 -0.839485 -59.801987 2.450310 -1.242591 -0.294025 1.679686 0.833255 -14.218195 0.093215 1.300579 -34.212002 -0.287561 0.967166 -20.033176 0.964536 1.212838 0.000000 -0.000000 0.000000 -3.440387 0.788233 0.501655 -15.928172 -3.167306 2.999703 -6.338817 -0.000000 0.000001 -18.123419 3.648181 -4.905662 -0.000004 0.000000 -0.000002 -7.365015 24.658819 13.417870 91.277397 55.586609 18.960022 178.041183 38.778572 178.302856 -26.126814 1.210011 -23.842134 2.243540 -5.255033 -3.180156 14.282877 -0.826594 6.952496 -0.000000 -12.690593 -0.000001 15.279256 -17.773373 3.927119 1.665665 -1.955920 -2.878297 4.727794 -4.170584 4.993919 11.020511 0.000001 -0.000000 12.109032 -3.735715 -2.866778 0.000000 -0.000000 0.000000 1.291985 -1.928548 -1.498088 14.800115 0.567467 3.865604 14.242553 -1.341738 -6.660648 19.631935 0.143921 -0.648243 51.215824 -0.764074 -5.019336 0.353029 -1.511150 -0.031940 20.222769 3.684305 2.316629 18.787249 0.000001 -0.000001 10.751608 -0.479870 1.397903 0.000000 -0.000000 0.000000 3.273804 0.305947 -0.580110 21.486790 11.830364 2.266131 8.162915 0.000000 -0.000000 18.399052 -3.798986 -4.940567 0.000003 0.000000 -0.000001 22.857670 -8.880194 -20.629715 -0.110199 -0.360756 139.678345 1.842033 -26.438501 -53.333447 2.419101 -1.275412 -36.616814 0.000000 -0.000000 0.000002 -18.476727 -1.831169 -19.597187 -0.025273 -0.015860 140.451492 -17.601475 9.851267 -55.080841 -1.718717 0.553969 -45.846996 0.000000 -0.000000 -0.000001
0.000000 0.000000 0.000000 0.000000 -0.000000 0.000000 -0.543478 -57.727669 -0.577210 0.820411 -5.129344 1.726717 0.905801 0.087273 11.677865 -0.543278 1.389250 0.061038 0.001159 0.297133 29.179586 -2.655412 5.832853 43.380142 -1.624916 -2.843658 -3.377039 -6.889639 -2.906107 9.161968 0.000077 -0.000022 0.000006 0.219906 -0.056506 -0.188664 0.913074 -3.731582 -10.627113 -0.488055 3.619241 -10.632139 13.851914 -16.004152 9.274777 -84.379539 -39.517735 23.496984 178.712143 -39.444046 -178.816010 27.895285 -11.214114 -25.633278 -5.882102 9.861279 0.702590 -10.936861 -0.360574 7.156197 0.000000 8.774815 -0.000000 -15.347005 17.802090 6.829340 -1.844031 2.498503 -2.507276 -10.163590 4.678941 4.621104 -20.975996 -0.000001 0.000001 -21.226254 2.451698 -3.593995 0.000000 -0.000006 -0.000000 -1.362681 2.240797 -0.746323 -21.334892 0.584910 3.008319 -13.821196 -0.000001 0.000001 -23.887129 -0.249075 -0.839485 -59.879894 2.483178 -1.223332 -0.294025 1.679686 0.833255 -14.218195 0.093215 1.300579 -34.212002 -0.287561 0.967166 -20.033176 0.964536 1.212838 0.000000 -0.000000 0.000000 -3.440387 0.788233 0.501655 -15.928172 -3.167306 2.999703 -6.338817 -0.000000 0.000001 -18.123419 3.648181 -4.905662 -0.000004 0.000000 -0.000002 -7.120442 24.693724 13.553612 91.024986 55.488300 19.087006 177.969193 38.708950 178.260971 -26.317888 1.401296 -23.771189 2.243540 -5.255033 -3.180156 14.282877 -0.826594 6.952496 -0.000000 -12.690593 -0.000001 15.302621 -17.717722 3.885605 1.665665 -1.955920 -2.878297 4.727794 -4.170584 4.993919 11.020511 0.000001 -0.000000 12.109032 -3.735715 -2.866778 0.000000 -0.000000 0.000000 1.291985 -1.928548 -1.498088 14.800115 0.567467 3.865604 14.242553 -1.341738 -6.660648 19.631935 0.143921 -0.648243 51.282585 -0.746621 -5.037376 0.353029 -1.511150 -0.031940 20.222769 3.684305 2.316629 18.787249 0.000001 -0.000001 10.751608 -0.479870 1.397903 0.000000 -0.000000 0.000000 3.273804 0.305947 -0.580110 21.486790 11.830364 2.266131 8.162915 0.000000 -0.000000 18.399052 -3.798986 -4.940567 0.000003 0.000000 -0.000001 22.888201 -9.032848 -20.455236 -0.106989 -0.365811 139.963013 2.031755 -26.463110 -53.503582 2.439437 -1.270328 -36.786091 0.000000 -0.000000 0.000002 -18.642515 -1.636841 -19.528357 -0.027062 0.001088 140.813599 -17.628004 10.011550 -55.199593 -1.725424 0.557165 -45.677883 0.000000 -0.000000 -0.000001
0.000000 0.000000 0.000000 0.000000 -0.000000 0.000000 -0.492492 -57.851719 -0.846147 0.802579 -5.218507 1.381111 0.889516 0.065792 11.713902 -0.545993 1.377880 0.082088 -0.056140 0.304715 29.333628 -2.671797 5.953687 43.345882 -1.593101 -2.834958 -3.372086 -6.889120 -2.898021 9.224619 0.000077 -0.000022 0.000006 0.230916 -0.057576 -0.190865 0.927571 -3.732126 -10.640835 -0.480910 3.619242 -10.644466 13.637168 -15.977654 9.395354 -84.223488 -39.345882 23.582857 178.707428 -39.420929 -178.816635 27.880714 -11.389542 -25.529484 -5.882102 9.861279 0.702590 -10.936861 -0.360574 7.156197 0.000000 8.774815 -0.000000 -15.336552 17.834974 6.848308 -1.844031 2.498503 -2.507276 -10.163590 4.678941 4.621104 -20.975996 -0.000001 0.000001 -21.226254 2.451698 -3.593995 0.000000 -0.000006 -0.000000 -1.362681 2.240797 -0.746323 -21.334892 0.584910 3.008319 -13.821196 -0.000001 0.000001 -23.887129 -0.249075 -0.839485 -59.940742 2.510325 -1.218224 -0.294025 1.679686 0.833255 -14.218195 0.093215 1.300579 -34.212002 -0.287561 0.967166 -20.033176 0.964536 1.212838 0.000000 -0.000000 0.000000 -3.440387 0.788233 0.501655 -15.928172 -3.167306 2.999703 -6.338817 -0.000000 0.000001 -18.123419 3.648181 -4.905662 -0.000004 0.000000 -0.000002 -6.841683 24.703245 13.728921 90.603325 55.443523 18.960527 177.920654 38.663567 178.262421 -26.532127 1.552916 -23.775150 2.243540 -5.255033 -3.180156 14.282877 -0.826594 6.952496 -0.000000 -12.690593 -0.000001 15.331350 -17.655172 3.865491 1.665665 -1.955920 -2.878297 4.727794 -4.170584 4.993919 11.020511 0.000001 -0.000000 12.109032 -3.735715 -2.866778 0.000000 -0.000000 0.000000 1.291985 -1.928548 -1.498088 14.800115 0.567467 3.865604 14.242553 -1.341738 -6.660648 19.631935 0.143921 -0.648243 51.318203 -0.749752 -5.036328 0.353029 -1.511150 -0.031940 20.222769 3.684305 2.316629 18.787249 0.000001 -0.000001 10.751608 -0.479870 1.397903 0.000000 -0.000000 0.000000 3.273804 0.305947 -0.580110 21.486790 11.830364 2.266131 8.162915 0.000000 -0.000000 18.399052 -3.798986 -4.940567 0.000003 0.000000 -0.000001 22.952284 -9.188858 -20.354210 -0.088631 -0.376025 140.267792 2.234567 -26.507322 -53.664211 2.468492 -1.263199 -36.915833 0.000000 -0.000000 0.000002 -18.793692 -1.451383 -19.505022 -0.024928 0.012044 141.178726 -17.624443 10.187700 -55.310040 -1.725606 0.558170 -45.529282 0.000000 -0.000000 -0.000001
0.000000 0.000000 0.000000 0.000000 -0.000000 0.000000 -0.433171 -57.962906 -1.128634 0.760816 -5.276407 1.071793 0.873140 0.052343 11.737009 -0.560805 1.357804 0.106780 -0.110457 0.282332 29.506561 -2.640266 6.032666 43.349792 -1.569662 -2.842316 -3.363832 -6.877455 -2.890510 9.310960 0.000077 -0.000022 0.000006 0.231632 -0.058343 -0.191357 0.940759 -3.733739 -10.647056 -0.492597 3.620920 -10.651539 13.482237 -15.975500 9.470548 -84.090958 -39.284920 23.691090 178.602768 -39.443607 -178.748245 27.795570 -11.483219 -25.370316 -5.882102 9.861279 0.702590 -10.936861 -0.360574 7.156197 0.000000 8.774815 -0.000000 -15.315484 17.820942 6.833452 -1.844031 2.498503 -2.507276 -10.163590 4.678941 4.621104 -20.975996 -0.000001 0.000001 -21.226254 2.451698 -3.593995 0.000000 -0.000006 -0.000000 -1.362681 2.240797 -0.746323 -21.334892 0.584910 3.008319 -13.821196 -0.000001 0.000001 -23.887129 -0.249075 -0.839485 -59.937019 2.499713 -1.224428 -0.294025 1.679686 0.833255 -14.218195 0.093215 1.300579 -34.212002 -0.287561 0.967166 -20.033176 0.964536 1.212838 0.000000 -0.000000 0.000000 -3.440387 0.788233 0.501655 -15.928172 -3.167306 2.999703 -6.338817 -0.000000 0.000001 -18.123419 3.648181 -4.905662 -0.000004 0.000000 -0.000002 -6.574763 24.692467 13.884036 90.062012 55.439522 18.564812 177.880035 38.603561 178.310959 -26.715437 1.541608 -23.827581 2.243540 -5.255033 -3.180156 14.282877 -0.826594 6.952496 -0.000000 -12.690593 -0.000001 15.336202 -17.630007 3.884467 1.665665 -1.955920 -2.878297 4.727794 -4.170584 4.993919 11.020511 0.000001 -0.000000 12.109032 -3.735715 -2.866778 0.000000 -0.000000 0.000000 1.291985 -1.928548 -1.498088 14.800115 0.567467 3.865604 14.242553 -1.341738 -6.660648 19.631935 0.143921 -0.648243 51.326939 -0.773815 -5.006898 0.353029 -1.511150 -0.031940 20.222769 3.684305 2.316629 18.787249 0.000001 -0.000001 10.751608 -0.479870 1.397903 0.000000 -0.000000 0.000000 3.273804 0.305947 -0.580110 21.486790 11.830364 2.266131 8.162915 0.000000 -0.000000 18.399052 -3.798986 -4.940567 0.000003 0.000000 -0.000001 23.039024 -9.358701 -20.349100 -0.066836 -0.391359 140.593140 2.413053 -26.553617 -53.784855 2.494973 -1.253540 -37.020340 0.000000 -0.000000 0.000002 -18.892910 -1.298602 -19.545574 -0.012511 0.024678 141.546417 -17.624130 10.326393 -55.387489 -1.722554 0.556683 -45.439075 0.000000 -0.000000 -0.000001
0.000000 0.000000 0.000000 0.000000 -0.000000 0.000000 -0.370812 -58.073319 -1.435097 0.694171 -5.287895 0.775465 0.851133 0.038977 11.764734 -0.572408 1.320578 0.139854 -0.165120 0.242284 29.693340 -2.560442 6.045694 43.445309 -1.572984 -2.851039 -3.353282 -6.945231 -2.869725 9.367629 0.000077 -0.000022 0.000006 0.225123 -0.059407 -0.191196 0.946177 -3.734960 -10.639773 -0.510901 3.620545 -10.649550 13.419593 -15.991908 9.493283 -84.004097 -39.331123 23.843189 178.377594 -39.509872 -178.609634 27.700502 -11.502171 -25.201733 -5.882102 9.861279 0.702590 -10.936861 -0.360574 7.156197 0.000000 8.774815 -0.000000 -15.261897 17.766182 6.811800 -1.844031 2.498503 -2.507276 -10.163590 4.678941 4.621104 -20.975996 -0.000001 0.000001 -21.226254 2.451698 -3.593995 0.000000 -0.000006 -0.000000 -1.362681 2.240797 -0.746323 -21.334892 0.584910 3.008319 -13.821196 -0.000001 0.000001 -23.887129 -0.249075 -0.839485 -59.855167 2.462263 -1.215960 -0.294025 1.679686 0.833255 -14.218195 0.093215 1.300579 -34.212002 -0.287561 0.967166 -20.033176 0.964536 1.212838 0.000000 -0.000000 0.000000 -3.440387 0.788233 0.501655 -15.928172 -3.167306 2.999703 -6.338817 -0.000000 0.000001 -18.123419 3.648181 -4.905662 -0.000004 0.000000 -0.000002 -6.359259 24.643295 13.982699 89.518135 55.459637 18.006660 177.814209 38.564739 178.367462 -26.860373 1.422234 -23.757248 2.243540 -5.255033 -3.180156 14.282877 -0.826594 6.952496 -0.000000 -12.690593 -0.000001 15.299385 -17.638172 3.910734 1.665665 -1.955920 -2.878297 4.727794 -4.170584 4.993919 11.020511 0.000001 -0.000000 12.109032 -3.735715 -2.866778 0.000000 -0.000000 0.000000 1.291985 -1.928548 -1.498088 14.800115 0.567467 3.865604 14.242553 -1.341738 -6.660648 19.631935 0.143921 -0.648243 51.316334 -0.799287 -4.969614 0.353029 -1.511150 -0.031940 20.222769 3.684305 2.316629 18.787249 0.000001 -0.000001 10.751608 -0.479870 1.397903 0.000000 -0.000000 0.000000 3.273804 0.305947 -0.580110 21.486790 11.830364 2.266131 8.162915 0.000000 -0.000000 18.399052 -3.798986 -4.940567 0.000003 0.000000 -0.000001 23.160553 -9.587283 -20.426470 -0.048848 -0.404180 140.957779 2.528435 -26.634336 -53.872932 2.508899 -1.242579 -37.091747 0.000000 -0.000000 0.000002 -18.934803 -1.173845 -19.631670 -0.001774 0.036046 141.921768 -17.579214 10.471800 -55.413841 -1.707682 0.553149 -45.414082 0.000000 -0.000000 -0.000001
0.000000 0.000000 0.000000 0.000000 -0.000000 0.000000 -0.320133 -58.199314 -1.751974 0.614476 -5.273888 0.487663 0.817349 0.028497 11.798929 -0.585717 1.274621 0.183987 -0.219819 0.205560 29.889570 -2.468098 5.982250 43.637920 -1.613174 -2.862677 -3.341661 -7.075269 -2.836030 9.338804 0.000077 -0.000022 0.000006 0.220022 -0.061739 -0.190761 0.943475 -3.733517 -10.620397 -0.518302 3.613907 -10.637326 13.443470 -16.025873 9.449724 -83.950081 -39.420959 23.917253 178.178894 -39.569271 -178.490906 27.641647 -11.430859 -25.144928 -5.882102 9.861279 0.702590 -10.936861 -0.360574 7.156197 0.000000 8.774815 -0.000000 -15.204963 17.715992 6.800711 -1.844031 2.498503 -2.507276 -10.163590 4.678941 4.621104 -20.975996 -0.000001 0.000001 -21.226254 2.451698 -3.593995 0.000000 -0.000006 -0.000000 -1.362681 2.240797 -0.746323 -21.334892 0.584910 3.008319 -13.821196 -0.000001 0.000001 -23.887129 -0.249075 -0.839485 -59.694721 2.433903 -1.192122 -0.294025 1.679686 0.833255 -14.218195 0.093215 1.300579 -34.212002 -0.287561 0.967166 -20.033176 0.964536 1.212838 0.000000 -0.000000 0.000000 -3.440387 0.788233 0.501655 -15.928172 -3.167306 2.999703 -6.338817 -0.000000 0.000001 -18.123419 3.648181 -4.905662 -0.000004 0.000000 -0.000002 -6.232910 24.540840 13.994049 89.064827 55.481537 17.470602 177.780502 38.551311 178.420395 -26.985935 1.320549 -23.561914 2.243540 -5.255033 -3.180156 14.282877 -0.826594 6.952496 -0.000000 -12.690593 -0.000001 15.271576 -17.675053 3.905550 1.665665 -1.955920 -2.878297 4.727794 -4.170584 4.993919 11.020511 0.000001 -0.000000 12.109032 -3.735715 -2.866778 0.000000 -0.000000 0.000000 1.291985 -1.928548 -1.498088 14.800115 0.567467 3.865604 14.242553 -1.341738 -6.660648 19.631935 0.143921 -0.648243 51.310276 -0.818799 -4.950565 0.353029 -1.511150 -0.031940 20.222769 3.684305 2.316629 18.787249 0.000001 -0.000001 10.751608 -0.479870 1.397903 0.000000 -0.000000 0.000000 3.273804 0.305947 -0.580110 21.486790 11.830364 2.266131 8.162915 0.000000 -0.000000 18.399052 -3.798986 -4.940567 0.000003 0.000000 -0.000001 23.340372 -9.860337 -20.540892 -0.039472 -0.408369 141.341064 2.608606 -26.772892 -53.951862 2.510315 -1.235048 -37.173271 0.000000 -0.000000 0.000002 -18.940889 -1.062068 -19.705713 -0.000085 0.046593 142.316925 -17.531601 10.595782 -55.472454 -1.682251 0.550575 -45.365974 0.000000 -0.000000 -0.000001
0.000000 0.000000 0.000000 0.000000 -0.000000 0.000000 -0.277336 -58.345467 -2.066126 0.522517 -5.237462 0.208164 0.775219 0.021484 11.844605 -0.601250 1.231548 0.231115 -0.277890 0.161798 30.094870 -2.388215 5.892574 43.821976 -1.682291 -2.873854 -3.325716 -7.187580 -2.813360 9.280437 0.000077 -0.000022 0.000006 0.213638 -0.064275 -0.190753 0.932193 -3.729142 -10.600812 -0.519690 3.603833 -10.623224 13.538977 -16.041637 9.356624 -83.943176 -39.535183 23.893614 178.077362 -39.615047 -178.433578 27.621889 -11.297107 -25.216373 -5.882102 9.861279 0.702590 -10.936861 -0.360574 7.156197 0.000000 8.774815 -0.000000 -15.162793 17.686756 6.800751 -1.844031 2.498503 -2.507276 -10.163590 4.678941 4.621104 -20.975996 -0.000001 0.000001 -21.226254 2.451698 -3.593995 0.000000 -0.000006 -0.000000 -1.362681 2.240797 -0.746323 -21.334892 0.584910 3.008319 -13.821196 -0.000001 0.000001 -23.887129 -0.249075 -0.839485 -59.506847 2.421155 -1.167011 -0.294025 1.679686 0.833255 -14.218195 0.093215 1.300579 -34.212002 -0.287561 0.967166 -20.033176 0.964536 1.212838 0.000000 -0.000000 0.000000 -3.440387 0.788233 0.501655 -15.928172 -3.167306 2.999703 -6.338817 -0.000000 0.000001 -18.123419 3.648181 -4.905662 -0.000004 0.000000 -0.000002 -6.188475 24.416338 13.955574 88.690735 55.532372 16.977457 177.783875 38.559544 178.469147 -27.096127 1.312699 -23.287752 2.243540 -5.255033 -3.180156 14.282877 -0.826594 6.952496 -0.000000 -12.690593 -0.000001 15.279755 -17.726786 3.882813 1.665665 -1.955920 -2.878297 4.727794 -4.170584 4.993919 11.020511 0.000001 -0.000000 12.109032 -3.735715 -2.866778 0.000000 -0.000000 0.000000 1.291985 -1.928548 -1.498088 14.800115 0.567467 3.865604 14.242553 -1.341738 -6.660648 19.631935 0.143921 -0.648243 51.301830 -0.832560 -4.947211 0.353029 -1.511150 -0.031940 20.222769 3.684305 2.316629 18.787249 0.000001 -0.000001 10.751608 -0.479870 1.397903 0.000000 -0.000000 0.000000 3.273804 0.305947 -0.580110 21.486790 11.830364 2.266131 8.162915 0.000000 -0.000000 18.399052 -3.798986 -4.940567 0.000003 0.000000 -0.000001 23.565084 -10.156507 -20.659922 -0.037943 -0.411813 141.730331 2.679892 -26.948828 -54.044071 2.511651 -1.231280 -37.217361 0.000000 -0.000000 0.000002 -18.935919 -0.958010 -19.738934 -0.008107 0.057391 142.718567 -17.522232 10.697104 -55.592564 -1.653134 0.551028 -45.300568 0.000000 -0.000000 -0.000001
0.000000 0.000000 0.000000 0.000000 -0.000000 0.000000 -0.251371 -58.487759 -2.370382 0.432708 -5.188120 -0.069721 0.720633 0.021320 11.906352 -0.615743 1.205980 0.276812 -0.346553 0.106786 30.283495 -2.329893 5.826416 43.988731 -1.751597 -2.896083 -3.308149 -7.290231 -2.798547 9.240871 0.000077 -0.000022 0.000006 0.202637 -0.066293 -0.190130 0.915668 -3.724575 -10.584864 -0.524823 3.594380 -10.612289 13.655519 -16.028227 9.264846 -83.970627 -39.641560 23.856937 178.022354 -39.637890 -178.399460 27.588428 -11.160357 -25.329302 -5.882102 9.861279 0.702590 -10.936861 -0.360574 7.156197 0.000000 8.774815 -0.000000 -15.143700 17.661093 6.784035 -1.844031 2.498503 -2.507276 -10.163590 4.678941 4.621104 -20.975996 -0.000001 0.000001 -21.226254 2.451698 -3.593995 0.000000 -0.000006 -0.000000 -1.362681 2.240797 -0.746323 -21.334892 0.584910 3.008319 -13.821196 -0.000001 0.000001 -23.887129 -0.249075 -0.839485 -59.340034 2.422082 -1.149416 -0.294025 1.679686 0.833255 -14.218195 0.093215 1.300579 -34.212002 -0.287561 0.967166 -20.033176 0.964536 1.212838 0.000000 -0.000000 0.000000 -3.440387 0.788233 0.501655 -15.928172 -3.167306 2.999703 -6.338817 -0.000000 0.000001 -18.123419 3.648181 -4.905662 -0.000004 0.000000 -0.000002 -6.182965 24.283550 13.899320 88.426231 55.578896 16.571133 177.768265 38.584377 178.492859 -27.202171 1.383325 -22.990496 2.243540 -5.255033 -3.180156 14.282877 -0.826594 6.952496 -0.000000 -12.690593 -0.000001 15.321110 -17.768242 3.847535 1.665665 -1.955920 -2.878297 4.727794 -4.170584 4.993919 11.020511 0.000001 -0.000000 12.109032 -3.735715 -2.866778 0.000000 -0.000000 0.000000 1.291985 -1.928548 -1.498088 14.800115 0.567467 3.865604 14.242553 -1.341738 -6.660648 19.631935 0.143921 -0.648243 51.309540 -0.842277 -4.955969 0.353029 -1.511150 -0.031940 20.222769 3.684305 2.316629 18.787249 0.000001 -0.000001 10.751608 -0.479870 1.397903 0.000000 -0.000000 0.000000 3.273804 0.305947 -0.580110 21.486790 11.830364 2.266131 8.162915 0.000000 -0.000000 18.399052 -3.798986 -4.940567 0.000003 0.000000 -0.000001 23.811207 -10.467990 -20.785208 -0.042775 -0.408161 142.093918 2.720608 -27.155380 -54.101204 2.511659 -1.228384 -37.274078 0.000000 -0.000000 0.000002 -18.918854 -0.888836 -19.742151 -0.018832 0.069536 143.100616 -17.551441 10.759522 -55.721306 -1.627701 0.550555 -45.410271 0.000000 -0.000000 -0.000001
0.000000 0.000000 0.000000 0.000000 -0.000000 0.000000 -0.249141 -58.630841 -2.651490 0.353605 -5.130685 -0.322195 0.657039 0.017917 11.970226 -0.629527 1.191497 0.316876 -0.430750 0.071019 30.439404 -2.293288 5.798276 44.146114 -1.791796 -2.930467 -3.295046 -7.398229 -2.800056 9.210619 0.000077 -0.000022 0.000006 0.198943 -0.066593 -0.190256 0.911462 -3.722088 -10.580615 -0.527392 3.590782 -10.613420 13.749974 -15.998546 9.198298 -84.024597 -39.710804 23.829664 178.016541 -39.639919 -178.385757 27.526642 -11.068164 -25.450432 -5.882102 9.861279 0.702590 -10.936861 -0.360574 7.156197 0.000000 8.774815 -0.000000 -15.144029 17.646822 6.754043 -1.844031 2.498503 -2.507276 -10.163590 4.678941 4.621104 -20.975996 -0.000001 0.000001 -21.226254 2.451698 -3.593995 0.000000 -0.000006 -0.000000 -1.362681 2.240797 -0.746323 -21.334892 0.584910 3.008319 -13.821196 -0.000001 0.000001 -23.887129 -0.249075 -0.839485 -59.255390 2.424018 -1.142903 -0.294025 1.679686 0.833255 -14.218195 0.093215 1.300579 -34.212002 -0.287561 0.967166 -20.033176 0.964536 1.212838 0.000000 -0.000000 0.000000 -3.440387 0.788233 0.501655 -15.928172 -3.167306 2.999703 -6.338817 -0.000000 0.000001 -18.123419 3.648181 -4.905662 -0.000004 0.000000 -0.000002 -6.184275 24.182585 13.843299 88.262291 55.619896 16.170187 177.650116 38.617443 178.446899 -27.295921 1.448743 -22.874010 2.243540 -5.255033 -3.180156 14.282877 -0.826594 6.952496 -0.000000 -12.690593 -0.000001 15.387021 -17.814190 3.799276 1.665665 -1.955920 -2.878297 4.727794 -4.170584 4.993919 11.020511 0.000001 -0.000000 12.109032 -3.735715 -2.866778 0.000000 -0.000000 0.000000 1.291985 -1.928548 -1.498088 14.800115 0.567467 3.865604 14.242553 -1.341738 -6.660648 19.631935 0.143921 -0.648243 51.323956 -0.841134 -4.995576 0.353029 -1.511150 -0.031940 20.222769 3.684305 2.316629 18.787249 0.000001 -0.000001 10.751608 -0.479870 1.397903 0.000000 -0.000000 0.000000 3.273804 0.305947 -0.580110 21.486790 11.830364 2.266131 8.162915 0.000000 -0.000000 18.399052 -3.798986 -4.940567 0.000003 0.000000 -0.000001 24.089188 -10.790118 -20.918285 -0.048257 -0.392153 142.415680 2.776654 -27.388544 -54.144825 2.511234 -1.228364 -37.269920 0.000000 -0.000000 0.000002 -18.903996 -0.843187 -19.706682 -0.035747 0.065239 143.457764 -17.640772 10.765760 -55.884731 -1.617298 0.548958 -45.612915 0.000000 -0.000000 -0.000001
0.000000 0.000000 0.000000 0.000000 -0.000000 0.000000 -0.259133 -58.754986 -2.918408 0.285297 -5.096292 -0.561480 0.590763 0.024746 12.027273 -0.639537 1.189498 0.358201 -0.527704 0.061779 30.587719 -2.322613 5.834725 44.278568 -1.810747 -2.957815 -3.296592 -7.510659 -2.817207 9.168076 0.000077 -0.000022 0.000006 0.203961 -0.067257 -0.191408 0.922349 -3.726257 -10.586992 -0.527516 3.593191 -10.624506 13.791233 -15.940692 9.205571 -84.091827 -39.769138 23.864290 178.030823 -39.595715 -178.375671 27.415554 -11.024663 -25.514458 -5.882102 9.861279 0.702590 -10.936861 -0.360574 7.156197 0.000000 8.774815 -0.000000 -15.157310 17.650112 6.716048 -1.844031 2.498503 -2.507276 -10.163590 4.678941 4.621104 -20.975996 -0.000001 0.000001 -21.226254 2.451698 -3.593995 0.000000 -0.000006 -0.000000 -1.362681 2.240797 -0.746323 -21.334892 0.584910 3.008319 -13.821196 -0.000001 0.000001 -23.887129 -0.249075 -0.839485 -59.249870 2.429694 -1.175219 -0.294025 1.679686 0.833255 -14.218195 0.093215 1.300579 -34.212002 -0.287561 0.967166 -20.033176 0.964536 1.212838 0.000000 -0.000000 0.000000 -3.440387 0.788233 0.501655 -15.928172 -3.167306 2.999703 -6.338817 -0.000000 0.000001 -18.123419 3.648181 -4.905662 -0.000004 0.000000 -0.000002 -6.169347 24.122362 13.845061 88.178207 55.684177 15.803163 177.457672 38.658104 178.376984 -27.375229 1.529714 -22.864111 2.243540 -5.255033 -3.180156 14.282877 -0.826594 6.952496 -0.000000 -12.690593 -0.000001 15.409805 -17.849993 3.761541 1.665665 -1.955920 -2.878297 4.727794 -4.170584 4.993919 11.020511 0.000001 -0.000000 12.109032 -3.735715 -2.866778 0.000000 -0.000000 0.000000 1.291985 -1.928548 -1.498088 14.800115 0.567467 3.865604 14.242553 -1.341738 -6.660648 19.631935 0.143921 -0.648243 51.323704 -0.841082 -5.032727 0.353029 -1.511150 -0.031940 20.222769 3.684305 2.316629 18.787249 0.000001 -0.000001 10.751608 -0.479870 1.397903 0.000000 -0.000000 0.000000 3.273804 0.305947 -0.580110 21.486790 11.830364 2.266131 8.162915 0.000000 -0.000000 18.399052 -3.798986 -4.940567 0.000003 0.000000 -0.000001 24.362320 -11.102373 -21.043434 -0.049263 -0.371982 142.702225 2.831498 -27.627752 -54.175125 2.511590 -1.227375 -37.296333 0.000000 -0.000000 0.000002 -18.883749 -0.800980 -19.686867 -0.051809 0.053643 143.793991 -17.741457 10.743207 -56.024948 -1.623992 0.546075 -45.939922 0.000000 -0.000000 -0.000001
0.000000 0.000000 0.000000 0.000000 -0.000000 0.000000 -0.271197 -58.851349 -3.182804 0.236091 -5.080043 -0.772581 0.519024 0.038306 12.077859 -0.650091 1.198021 0.408756 -0.616928 0.076195 30.723349 -2.406749 5.918224 44.378933 -1.832651 -2.989670 -3.307431 -7.635068 -2.836644 9.100438 0.000077 -0.000022 0.000006 0.218872 -0.068032 -0.194598 0.943513 -3.732644 -10.596805 -0.518391 3.597666 -10.641757 13.765657 -15.844708 9.272789 -84.171761 -39.823318 23.957893 178.073212 -39.505085 -178.374725 27.297937 -11.000136 -25.603977 -5.882102 9.861279 0.702590 -10.936861 -0.360574 7.156197 0.000000 8.774815 -0.000000 -15.185411 17.675060 6.684618 -1.844031 2.498503 -2.507276 -10.163590 4.678941 4.621104 -20.975996 -0.000001 0.000001 -21.226254 2.451698 -3.593995 0.000000 -0.000006 -0.000000 -1.362681 2.240797 -0.746323 -21.334892 0.584910 3.008319 -13.821196 -0.000001 0.000001 -23.887129 -0.249075 -0.839485 -59.303104 2.443181 -1.220054 -0.294025 1.679686 0.833255 -14.218195 0.093215 1.300579 -34.212002 -0.287561 0.967166 -20.033176 0.964536 1.212838 0.000000 -0.000000 0.000000 -3.440387 0.788233 0.501655 -15.928172 -3.167306 2.999703 -6.338817 -0.000000 0.000001 -18.123419 3.648181 -4.905662 -0.000004 0.000000 -0.000002 -6.138847 24.083883 13.904207 88.199814 55.765629 15.590165 177.267960 38.669998 178.304840 -27.438751 1.625146 -22.764704 2.243540 -5.255033 -3.180156 14.282877 -0.826594 6.952496 -0.000000 -12.690593 -0.000001 15.415603 -17.881561 3.735104 1.665665 -1.955920 -2.878297 4.727794 -4.170584 4.993919 11.020511 0.000001 -0.000000 12.109032 -3.735715 -2.866778 0.000000 -0.000000 0.000000 1.291985 -1.928548 -1.498088 14.800115 0.567467 3.865604 14.242553 -1.341738 -6.660648 19.631935 0.143921 -0.648243 51.330986 -0.838983 -5.052442 0.353029 -1.511150 -0.031940 20.222769 3.684305 2.316629 18.787249 0.000001 -0.000001 10.751608 -0.479870 1.397903 0.000000 -0.000000 0.000000 3.273804 0.305947 -0.580110 21.486790 11.830364 2.266131 8.162915 0.000000 -0.000000 18.399052 -3.798986 -4.940567 0.000003 0.000000 -0.000001 24.600349 -11.398187 -21.209669 -0.047846 -0.350376 142.972900 2.872180 -27.846012 -54.177830 2.506903 -1.227974 -37.338036 0.000000 -0.000000 0.000002 -18.862726 -0.752297 -19.728325 -0.065125 0.035581 144.125610 -17.775196 10.742008 -56.125420 -1.642820 0.543066 -46.168430 0.000000 -0.000000 -0.000001
0.000000 0.000000 0.000000 0.000000 -0.000000 0.000000 -0.285222 -58.944420 -3.440374 0.199646 -5.074031 -0.969616 0.449455 0.056034 12.116206 -0.665238 1.197780 0.468026 -0.694940 0.109389 30.855680 -2.543535 6.044142 44.465225 -1.851803 -3.005960 -3.320488 -7.743381 -2.860288 9.045508 0.000077 -0.000022 0.000006 0.239257 -0.068600 -0.200166 0.967019 -3.739912 -10.614123 -0.500833 3.603301 -10.663545 13.706196 -15.731436 9.355392 -84.311249 -39.840611 24.108698 178.183472 -39.391457 -178.420700 27.226622 -10.974522 -25.808861 -5.882102 9.861279 0.702590 -10.936861 -0.360574 7.156197 0.000000 8.774815 -0.000000 -15.256413 17.721088 6.678745 -1.844031 2.498503 -2.507276 -10.163590 4.678941 4.621104 -20.975996 -0.000001 0.000001 -21.226254 2.451698 -3.593995 0.000000 -0.000006 -0.000000 -1.362681 2.240797 -0.746323 -21.334892 0.584910 3.008319 -13.821196 -0.000001 0.000001 -23.887129 -0.249075 -0.839485 -59.411343 2.451975 -1.239157 -0.294025 1.679686 0.833255 -14.218195 0.093215 1.300579 -34.212002 -0.287561 0.967166 -20.033176 0.964536 1.212838 0.000000 -0.000000 0.000000 -3.440387 0.788233 0.501655 -15.928172 -3.167306 2.999703 -6.338817 -0.000000 0.000001 -18.123419 3.648181 -4.905662 -0.000004 0.000000 -0.000002 -6.086721 24.041126 14.003243 88.309906 55.850601 15.528741 177.086945 38.675285 178.195007 -27.490417 1.751800 -22.642153 2.243540 -5.255033 -3.180156 14.282877 -0.826594 6.952496 -0.000000 -12.690593 -0.000001 15.449398 -17.896187 3.702130 1.665665 -1.955920 -2.878297 4.727794 -4.170584 4.993919 11.020511 0.000001 -0.000000 12.109032 -3.735715 -2.866778 0.000000 -0.000000 0.000000 1.291985 -1.928548 -1.498088 14.800115 0.567467 3.865604 14.242553 -1.341738 -6.660648 19.631935 0.143921 -0.648243 51.336197 -0.825427 -5.059572 0.353029 -1.511150 -0.031940 20.222769 3.684305 2.316629 18.787249 0.000001 -0.000001 10.751608 -0.479870 1.397903 0.000000 -0.000000 0.000000 3.273804 0.305947 -0.580110 21.486790 11.830364 2.266131 8.162915 0.000000 -0.000000 18.399052 -3.798986 -4.940567 0.000003 0.000000 -0.000001 24.822424 -11.723741 -21.372065 -0.035168 -0.326984 143.238739 2.907962 -28.075880 -54.206570 2.508387 -1.231805 -37.359535 0.000000 -0.000000 0.000002 -18.832493 -0.710854 -19.780390 -0.067657 0.018311 144.458527 -17.720106 10.760193 -56.211292 -1.660430 0.539415 -46.312756 0.000000 -0.000000 -0.000001
0.000000 0.000000 0.000000 0.000000 -0.000000 0.000000 -0.287705 -59.033860 -3.691742 0.178751 -5.067820 -1.134558 0.390283 0.070033 12.130764 -0.689561 1.195538 0.515212 -0.779254 0.155826 30.991062 -2.716269 6.208794 44.561333 -1.852414 -3.012187 -3.323158 -7.796230 -2.871094 9.010261 0.000077 -0.000022 0.000006 0.253261 -0.068541 -0.205332 0.979338 -3.742013 -10.630522 -0.484894 3.604955 -10.678077 13.615735 -15.628470 9.429696 -84.471069 -39.832401 24.195572 178.392456 -39.297863 -178.550949 27.194746 -10.936444 -26.007317 -5.882102 9.861279 0.702590 -10.936861 -0.360574 7.156197 0.000000 8.774815 -0.000000 -15.327145 17.765915 6.699283 -1.844031 2.498503 -2.507276 -10.163590 4.678941 4.621104 -20.975996 -0.000001 0.000001 -21.226254 2.451698 -3.593995 0.000000 -0.000006 -0.000000 -1.362681 2.240797 -0.746323 -21.334892 0.584910 3.008319 -13.821196 -0.000001 0.000001 -23.887129 -0.249075 -0.839485 -59.538227 2.446427 -1.238530 -0.294025 1.679686 0.833255 -14.218195 0.093215 1.300579 -34.212002 -0.287561 0.967166 -20.033176 0.964536 1.212838 0.000000 -0.000000 0.000000 -3.440387 0.788233 0.501655 -15.928172 -3.167306 2.999703 -6.338817 -0.000000 0.000001 -18.123419 3.648181 -4.905662 -0.000004 0.000000 -0.000002 -6.017666 23.964464 14.139118 88.438225 55.948582 15.547953 176.922318 38.695271 178.064301 -27.515152 1.846592 -22.580093 2.243540 -5.255033 -3.180156 14.282877 -0.826594 6.952496 -0.000000 -12.690593 -0.000001 15.507334 -17.905832 3.668732 1.665665 -1.955920 -2.878297 4.727794 -4.170584 4.993919 11.020511 0.000001 -0.000000 12.109032 -3.735715 -2.866778 0.000000 -0.000000 0.000000 1.291985 -1.928548 -1.498088 14.800115 0.567467 3.865604 14.242553 -1.341738 -6.660648 19.631935 0.143921 -0.648243 51.340599 -0.814988 -5.056287 0.353029 -1.511150 -0.031940 20.222769 3.684305 2.316629 18.787249 0.000001 -0.000001 10.751608 -0.479870 1.397903 0.000000 -0.000000 0.000000 3.273804 0.305947 -0.580110 21.486790 11.830364 2.266131 8.162915 0.000000 -0.000000 18.399052 -3.798986 -4.940567 0.000003 0.000000 -0.000001 25.029802 -12.057376 -21.566563 -0.012053 -0.298726 143.503693 2.972219 -28.292519 -54.255486 2.521708 -1.233957 -37.408169 0.000000 -0.000000 0.000002 -18.804380 -0.666602 -19.867657 -0.065658 -0.000602 144.787415 -17.622280 10.783844 -56.282364 -1.668945 0.535385 -46.447029 0.000000 -0.000000 -0.000001
0.000000 0.000000 0.000000 0.000000 -0.000000 0.000000 -0.293512 -59.123921 -3.931217 0.176201 -5.061838 -1.277930 0.339940 0.083715 12.131089 -0.720696 1.191103 0.535529 -0.872667 0.202839 31.127655 -2.867068 6.396976 44.700764 -1.864249 -3.046780 -3.314577 -7.801887 -2.864263 9.016826 0.000077 -0.000022 0.000006 0.253295 -0.068065 -0.208379 0.971966 -3.735521 -10.630653 -0.477235 3.599203 -10.670719 13.503740 -15.554839 9.488561 -84.617073 -39.803291 24.302494 178.594818 -39.234337 -178.681458 27.189844 -10.908586 -26.152227 -5.882102 9.861279 0.702590 -10.936861 -0.360574 7.156197 0.000000 8.774815 -0.000000 -15.358603 17.784573 6.732021 -1.844031 2.498503 -2.507276 -10.163590 4.678941 4.621104 -20.975996 -0.000001 0.000001 -21.226254 2.451698 -3.593995 0.000000 -0.000006 -0.000000 -1.362681 2.240797 -0.746323 -21.334892 0.584910 3.008319 -13.821196 -0.000001 0.000001 -23.887129 -0.249075 -0.839485 -59.625618 2.445467 -1.232506 -0.294025 1.679686 0.833255 -14.218195 0.093215 1.300579 -34.212002 -0.287561 0.967166 -20.033176 0.964536 1.212838 0.000000 -0.000000 0.000000 -3.440387 0.788233 0.501655 -15.928172 -3.167306 2.999703 -6.338817 -0.000000 0.000001 -18.123419 3.648181 -4.905662 -0.000004 0.000000 -0.000002 -5.980575 23.870249 14.265035 88.555977 56.012703 15.610002 176.811646 38.705528 177.955521 -27.508804 1.927146 -22.565931 2.243540 -5.255033 -3.180156 14.282877 -0.826594 6.952496 -0.000000 -12.690593 -0.000001 15.558565 -17.898893 3.650274 1.665665 -1.955920 -2.878297 4.727794 -4.170584 4.993919 11.020511 0.000001 -0.000000 12.109032 -3.735715 -2.866778 0.000000 -0.000000 0.000000 1.291985 -1.928548 -1.498088 14.800115 0.567467 3.865604 14.242553 -1.341738 -6.660648 19.631935 0.143921 -0.648243 51.358849 -0.823142 -5.055431 0.353029 -1.511150 -0.031940 20.222769 3.684305 2.316629 18.787249 0.000001 -0.000001 10.751608 -0.479870 1.397903 0.000000 -0.000000 0.000000 3.273804 0.305947 -0.580110 21.486790 11.830364 2.266131 8.162915 0.000000 -0.000000 18.399052 -3.798986 -4.940567 0.000003 0.000000 -0.000001 25.208551 -12.375258 -21.781923 0.015684 -0.275779 143.758331 3.029971 -28.501772 -54.289089 2.537523 -1.230738 -37.619076 0.000000 -0.000000 0.000002 -18.828354 -0.574323 -20.000046 -0.063877 -0.019316 145.105392 -17.531490 10.849707 -56.338177 -1.669620 0.532201 -46.603706 0.000000 -0.000000 -0.000001
0.000000 0.000000 0.000000 0.000000 -0.000000 0.000000 -0.295394 -59.217392 -4.147540 0.172229 -5.053857 -1.410823 0.295719 0.103981 12.115095 -0.745089 1.188454 0.545304 -0.960041 0.226800 31.244766 -2.989552 6.597062 44.867119 -1.883242 -3.124089 -3.305688 -7.793587 -2.852019 9.074382 0.000077 -0.000022 0.000006 0.253883 -0.066241 -0.211531 0.962357 -3.722080 -10.615763 -0.466239 3.589716 -10.644776 13.421477 -15.528974 9.500838 -84.742599 -39.743942 24.515676 178.672577 -39.176834 -178.728912 27.130882 -10.912765 -26.146692 -5.882102 9.861279 0.702590 -10.936861 -0.360574 7.156197 0.000000 8.774815 -0.000000 -15.329865 17.754227 6.755497 -1.844031 2.498503 -2.507276 -10.163590 4.678941 4.621104 -20.975996 -0.000001 0.000001 -21.226254 2.451698 -3.593995 0.000000 -0.000006 -0.000000 -1.362681 2.240797 -0.746323 -21.334892 0.584910 3.008319 -13.821196 -0.000001 0.000001 -23.887129 -0.249075 -0.839485 -59.582500 2.438640 -1.229040 -0.294025 1.679686 0.833255 -14.218195 0.093215 1.300579 -34.212002 -0.287561 0.967166 -20.033176 0.964536 1.212838 0.000000 -0.000000 0.000000 -3.440387 0.788233 0.501655 -15.928172 -3.167306 2.999703 -6.338817 -0.000000 0.000001 -18.123419 3.648181 -4.905662 -0.000004 0.000000 -0.000002 -6.011342 23.763641 14.347680 88.597260 56.034740 15.598968 176.765823 38.675262 177.912933 -27.463537 1.990198 -22.538902 2.243540 -5.255033 -3.180156 14.282877 -0.826594 6.952496 -0.000000 -12.690593 -0.000001 15.573235 -17.887098 3.631903 1.665665 -1.955920 -2.878297 4.727794 -4.170584 4.993919 11.020511 0.000001 -0.000000 12.109032 -3.735715 -2.866778 0.000000 -0.000000 0.000000 1.291985 -1.928548 -1.498088 14.800115 0.567467 3.865604 14.242553 -1.341738 -6.660648 19.631935 0.143921 -0.648243 51.345219 -0.849261 -5.064818 0.353029 -1.511150 -0.031940 20.222769 3.684305 2.316629 18.787249 0.000001 -0.000001 10.751608 -0.479870 1.397903 0.000000 -0.000000 0.000000 3.273804 0.305947 -0.580110 21.486790 11.830364 2.266131 8.162915 0.000000 -0.000000 18.399052 -3.798986 -4.940567 0.000003 0.000000 -0.000001 25.367256 -12.654887 -21.979006 0.041313 -0.257022 143.991547 3.112201 -28.670027 -54.322472 2.543331 -1.223283 -37.884220 0.000000 -0.000000 0.000002 -18.825712 -0.563888 -20.077881 -0.061481 -0.031744 145.387634 -17.490818 10.848616 -56.394749 -1.663033 0.530015 -46.759819 0.000000 -0.000000 -0.000001
0.000000 0.000000 0.000000 0.000000 -0.000000 0.000000 -0.301647 -59.319508 -4.329287 0.166698 -5.029604 -1.547808 0.259981 0.127753 12.094205 -0.764810 1.196192 0.558119 -1.029972 0.218933 31.330853 -3.088165 6.776663 45.034126 -1.892075 -3.192569 -3.305905 -7.789908 -2.854861 9.163187 0.000077 -0.000022 0.000006 0.260988 -0.062363 -0.214559 0.962013 -3.707473 -10.599021 -0.451710 3.583769 -10.615633 13.394780 -15.536266 9.486654 -84.847115 -39.715008 24.770994 178.662430 -39.120358 -178.696075 27.029572 -10.899993 -26.017824 -5.882102 9.861279 0.702590 -10.936861 -0.360574 7.156197 0.000000 8.774815 -0.000000 -15.296076 17.703485 6.771905 -1.844031 2.498503 -2.507276 -10.163590 4.678941 4.621104 -20.975996 -0.000001 0.000001 -21.226254 2.451698 -3.593995 0.000000 -0.000006 -0.000000 -1.362681 2.240797 -0.746323 -21.334892 0.584910 3.008319 -13.821196 -0.000001 0.000001 -23.887129 -0.249075 -0.839485 -59.509163 2.427781 -1.234381 -0.294025 1.679686 0.833255 -14.218195 0.093215 1.300579 -34.212002 -0.287561 0.967166 -20.033176 0.964536 1.212838 0.000000 -0.000000 0.000000 -3.440387 0.788233 0.501655 -15.928172 -3.167306 2.999703 -6.338817 -0.000000 0.000001 -18.123419 3.648181 -4.905662 -0.000004 0.000000 -0.000002 -6.087568 23.656176 14.393375 88.528084 56.020744 15.428488 176.748276 38.588432 177.936050 -27.384583 1.993769 -22.542139 2.243540 -5.255033 -3.180156 14.282877 -0.826594 6.952496 -0.000000 -12.690593 -0.000001 15.576335 -17.867785 3.607079 1.665665 -1.955920 -2.878297 4.727794 -4.170584 4.993919 11.020511 0.000001 -0.000000 12.109032 -3.735715 -2.866778 0.000000 -0.000000 0.000000 1.291985 -1.928548 -1.498088 14.800115 0.567467 3.865604 14.242553 -1.341738 -6.660648 19.631935 0.143921 -0.648243 51.325264 -0.884963 -5.071905 0.353029 -1.511150 -0.031940 20.222769 3.684305 2.316629 18.787249 0.000001 -0.000001 10.751608 -0.479870 1.397903 0.000000 -0.000000 0.000000 3.273804 0.305947 -0.580110 21.486790 11.830364 2.266131 8.162915 0.000000 -0.000000 18.399052 -3.798986 -4.940567 0.000003 0.000000 -0.000001 25.492748 -12.881331 -22.131325 0.058397 -0.246427 144.188370 3.192385 -28.795135 -54.331367 2.539097 -1.215079 -38.105026 0.000000 -0.000000 0.000002 -18.843431 -0.566315 -20.117636 -0.054984 -0.042701 145.620926 -17.439407 10.887375 -56.416965 -1.650977 0.528446 -46.886013 0.000000 -0.000000 -0.000001
0.000000 0.000000 0.000000 0.000000 -0.000000 0.000000 -0.287237 -59.428616 -4.480905 0.162214 -4.975539 -1.679983 0.236207 0.145334 12.071299 -0.776719 1.208072 0.570229 -1.083493 0.188274 31.407665 -3.179542 6.952403 45.176697 -1.874598 -3.268830 -3.308883 -7.836423 -2.878652 9.261582 0.000077 -0.000022 0.000006 0.265626 -0.059095 -0.216252 0.965518 -3.696762 -10.580965 -0.445834 3.580066 -10.590811 13.430993 -15.541228 9.411344 -84.919044 -39.722954 25.034231 178.573502 -39.098644 -178.590454 26.931459 -10.857500 -25.702364 -5.882102 9.861279 0.702590 -10.936861 -0.360574 7.156197 0.000000 8.774815 -0.000000 -15.261251 17.650709 6.775647 -1.844031 2.498503 -2.507276 -10.163590 4.678941 4.621104 -20.975996 -0.000001 0.000001 -21.226254 2.451698 -3.593995 0.000000 -0.000006 -0.000000 -1.362681 2.240797 -0.746323 -21.334892 0.584910 3.008319 -13.821196 -0.000001 0.000001 -23.887129 -0.249075 -0.839485 -59.474262 2.406871 -1.256039 -0.294025 1.679686 0.833255 -14.218195 0.093215 1.300579 -34.212002 -0.287561 0.967166 -20.033176 0.964536 1.212838 0.000000 -0.000000 0.000000 -3.440387 0.788233 0.501655 -15.928172 -3.167306 2.999703 -6.338817 -0.000000 0.000001 -18.123419 3.648181 -4.905662 -0.000004 0.000000 -0.000002 -6.160318 23.554581 14.427202 88.340683 55.990215 15.109516 176.730728 38.472153 178.018234 -27.265011 1.924975 -22.660078 2.243540 -5.255033 -3.180156 14.282877 -0.826594 6.952496 -0.000000 -12.690593 -0.000001 15.583735 -17.862860 3.587821 1.665665 -1.955920 -2.878297 4.727794 -4.170584 4.993919 11.020511 0.000001 -0.000000 12.109032 -3.735715 -2.866778 0.000000 -0.000000 0.000000 1.291985 -1.928548 -1.498088 14.800115 0.567467 3.865604 14.242553 -1.341738 -6.660648 19.631935 0.143921 -0.648243 51.299290 -0.918799 -5.070543 0.353029 -1.511150 -0.031940 20.222769 3.684305 2.316629 18.787249 0.000001 -0.000001 10.751608 -0.479870 1.397903 0.000000 -0.000000 0.000000 3.273804 0.305947 -0.580110 21.486790 11.830364 2.266131 8.162915 0.000000 -0.000000 18.399052 -3.798986 -4.940567 0.000003 0.000000 -0.000001 25.559097 -13.035008 -22.266874 0.067684 -0.246895 144.365341 3.223026 -28.874922 -54.283669 2.528704 -1.207021 -38.225464 0.000000 -0.000000 0.000002 -18.862724 -0.571874 -20.134809 -0.050974 -0.060220 145.813416 -17.355841 10.959071 -56.401089 -1.636327 0.526073 -47.049084 0.000000 -0.000000 -0.000001
0.000000 0.000000 0.000000 0.000000 -0.000000 0.000000 -0.262846 -59.519566 -4.612835 0.149433 -4.906650 -1.820160 0.220215 0.140540 12.064676 -0.781054 1.213447 0.576293 -1.117885 0.178222 31.470467 -3.257225 7.106520 45.335262 -1.840688 -3.350628 -3.315788 -7.913501 -2.902817 9.293509 0.000077 -0.000022 0.000006 0.255163 -0.059474 -0.216391 0.955645 -3.693101 -10.565658 -0.457060 3.575438 -10.576373 13.502503 -15.533770 9.297140 -84.910942 -39.727104 25.236965 178.423996 -39.118855 -178.447281 26.850527 -10.801397 -25.389990 -5.882102 9.861279 0.702590 -10.936861 -0.360574 7.156197 0.000000 8.774815 -0.000000 -15.223372 17.595638 6.760209 -1.844031 2.498503 -2.507276 -10.163590 4.678941 4.621104 -20.975996 -0.000001 0.000001 -21.226254 2.451698 -3.593995 0.000000 -0.000006 -0.000000 -1.362681 2.240797 -0.746323 -21.334892 0.584910 3.008319 -13.821196 -0.000001 0.000001 -23.887129 -0.249075 -0.839485 -59.426109 2.404241 -1.261971 -0.294025 1.679686 0.833255 -14.218195 0.093215 1.300579 -34.212002 -0.287561 0.967166 -20.033176 0.964536 1.212838 0.000000 -0.000000 0.000000 -3.440387 0.788233 0.501655 -15.928172 -3.167306 2.999703 -6.338817 -0.000000 0.000001 -18.123419 3.648181 -4.905662 -0.000004 0.000000 -0.000002 -6.223484 23.454117 14.461433 88.129715 55.941704 14.767513 176.701721 38.358757 178.078629 -27.152998 1.858772 -22.854353 2.243540 -5.255033 -3.180156 14.282877 -0.826594 6.952496 -0.000000 -12.690593 -0.000001 15.590933 -17.853668 3.568260 1.665665 -1.955920 -2.878297 4.727794 -4.170584 4.993919 11.020511 0.000001 -0.000000 12.109032 -3.735715 -2.866778 0.000000 -0.000000 0.000000 1.291985 -1.928548 -1.498088 14.800115 0.567467 3.865604 14.242553 -1.341738 -6.660648 19.631935 0.143921 -0.648243 51.296089 -0.939892 -5.073935 0.353029 -1.511150 -0.031940 20.222769 3.684305 2.316629 18.787249 0.000001 -0.000001 10.751608 -0.479870 1.397903 0.000000 -0.000000 0.000000 3.273804 0.305947 -0.580110 21.486790 11.830364 2.266131 8.162915 0.000000 -0.000000 18.399052 -3.798986 -4.940567 0.000003 0.000000 -0.000001 25.624342 -13.179955 -22.382364 0.074345 -0.256650 144.523926 3.247949 -28.950037 -54.231342 2.514546 -1.201784 -38.352516 0.000000 -0.000000 0.000002 -18.931890 -0.483918 -20.045141 -0.051054 -0.064322 145.971207 -17.249893 11.115863 -56.507072 -1.621720 0.524339 -47.200714 0.000000 -0.000000 -0.000001
0.000000 0.000000 0.000000 0.000000 -0.000000 0.000000 -0.223467 -59.602799 -4.724484 0.122323 -4.831975 -1.970106 0.213359 0.130222 12.073170 -0.778959 1.204392 0.574260 -1.128978 0.189634 31.537996 -3.330339 7.249829 45.489948 -1.799617 -3.415079 -3.320525 -7.988230 -2.936710 9.276776 0.000077 -0.000022 0.000006 0.233813 -0.062282 -0.215488 0.934934 -3.696206 -10.558043 -0.479053 3.572460 -10.574755 13.623064 -15.508940 9.159901 -84.867836 -39.717453 25.292168 178.306625 -39.148766 -178.357971 26.788904 -10.678631 -25.171099 -5.882102 9.861279 0.702590 -10.936861 -0.360574 7.156197 0.000000 8.774815 -0.000000 -15.196139 17.549858 6.739767 -1.844031 2.498503 -2.507276 -10.163590 4.678941 4.621104 -20.975996 -0.000001 0.000001 -21.226254 2.451698 -3.593995 0.000000 -0.000006 -0.000000 -1.362681 2.240797 -0.746323 -21.334892 0.584910 3.008319 -13.821196 -0.000001 0.000001 -23.887129 -0.249075 -0.839485 -59.379555 2.413047 -1.248331 -0.294025 1.679686 0.833255 -14.218195 0.093215 1.300579 -34.212002 -0.287561 0.967166 -20.033176 0.964536 1.212838 0.000000 -0.000000 0.000000 -3.440387 0.788233 0.501655 -15.928172 -3.167306 2.999703 -6.338817 -0.000000 0.000001 -18.123419 3.648181 -4.905662 -0.000004 0.000000 -0.000002 -6.291604 23.362860 14.503567 87.943184 55.895378 14.486480 176.739670 38.247002 178.145386 -27.022503 1.806512 -23.072308 2.243540 -5.255033 -3.180156 14.282877 -0.826594 6.952496 -0.000000 -12.690593 -0.000001 15.581229 -17.847151 3.556681 1.665665 -1.955920 -2.878297 4.727794 -4.170584 4.993919 11.020511 0.000001 -0.000000 12.109032 -3.735715 -2.866778 0.000000 -0.000000 0.000000 1.291985 -1.928548 -1.498088 14.800115 0.567467 3.865604 14.242553 -1.341738 -6.660648 19.631935 0.143921 -0.648243 51.274223 -0.945419 -5.090386 0.353029 -1.511150 -0.031940 20.222769 3.684305 2.316629 18.787249 0.000001 -0.000001 10.751608 -0.479870 1.397903 0.000000 -0.000000 0.000000 3.273804 0.305947 -0.580110 21.486790 11.830364 2.266131 8.162915 0.000000 -0.000000 18.399052 -3.798986 -4.940567 0.000003 0.000000 -0.000001 25.726625 -13.383976 -22.403194 0.078666 -0.269320 144.676605 3.304229 -29.060734 -54.305332 2.503783 -1.202119 -38.403458 0.000000 -0.000000 0.000002 -18.962315 -0.416739 -19.955215 -0.059711 -0.057849 146.097458 -17.171801 11.247077 -56.564377 -1.607871 0.522838 -47.347313 0.000000 -0.000000 -0.000001
0.000000 0.000000 0.000000 0.000000 -0.000000 0.000000 -0.191949 -59.665150 -4.814981 0.088219 -4.755037 -2.119250 0.210917 0.123334 12.077431 -0.772661 1.194676 0.575675 -1.121954 0.196775 31.604692 -3.381417 7.362593 45.651012 -1.783529 -3.455220 -3.320904 -8.033562 -2.994385 9.259140 0.000077 -0.000022 0.000006 0.220518 -0.064934 -0.215350 0.923041 -3.701273 -10.555593 -0.493503 3.571485 -10.579103 13.773493 -15.468024 9.055723 -84.796913 -39.735237 25.257959 178.173035 -39.176281 -178.282272 26.704224 -10.483048 -24.947525 -5.882102 9.861279 0.702590 -10.936861 -0.360574 7.156197 0.000000 8.774815 -0.000000 -15.167848 17.517702 6.717838 -1.844031 2.498503 -2.507276 -10.163590 4.678941 4.621104 -20.975996 -0.000001 0.000001 -21.226254 2.451698 -3.593995 0.000000 -0.000006 -0.000000 -1.362681 2.240797 -0.746323 -21.334892 0.584910 3.008319 -13.821196 -0.000001 0.000001 -23.887129 -0.249075 -0.839485 -59.349899 2.419928 -1.234226 -0.294025 1.679686 0.833255 -14.218195 0.093215 1.300579 -34.212002 -0.287561 0.967166 -20.033176 0.964536 1.212838 0.000000 -0.000000 0.000000 -3.440387 0.788233 0.501655 -15.928172 -3.167306 2.999703 -6.338817 -0.000000 0.000001 -18.123419 3.648181 -4.905662 -0.000004 0.000000 -0.000002 -6.343153 23.296507 14.534489 87.775879 55.813057 14.171892 176.736755 38.126175 178.194077 -26.950546 1.731866 -23.233381 2.243540 -5.255033 -3.180156 14.282877 -0.826594 6.952496 -0.000000 -12.690593 -0.000001 15.526936 -17.858500 3.563449 1.665665 -1.955920 -2.878297 4.727794 -4.170584 4.993919 11.020511 0.000001 -0.000000 12.109032 -3.735715 -2.866778 0.000000 -0.000000 0.000000 1.291985 -1.928548 -1.498088 14.800115 0.567467 3.865604 14.242553 -1.341738 -6.660648 19.631935 0.143921 -0.648243 51.206280 -0.951748 -5.095957 0.353029 -1.511150 -0.031940 20.222769 3.684305 2.316629 18.787249 0.000001 -0.000001 10.751608 -0.479870 1.397903 0.000000 -0.000000 0.000000 3.273804 0.305947 -0.580110 21.486790 11.830364 2.266131 8.162915 0.000000 -0.000000 18.399052 -3.798986 -4.940567 0.000003 0.000000 -0.000001 25.760929 -13.566599 -22.389954 0.084334 -0.274567 144.805099 3.334136 -29.096138 -54.364559 2.494966 -1.204338 -38.373592 0.000000 -0.000000 0.000002 -18.985989 -0.368243 -19.841074 -0.071588 -0.044311 146.185257 -17.122280 11.369811 -56.617241 -1.594540 0.520508 -47.545734 0.000000 -0.000000 -0.000001
0.000000 0.000000 0.000000 0.000000 -0.000000 0.000000 -0.165993 -59.708638 -4.886552 0.057811 -4.669418 -2.236432 0.205426 0.111983 12.066595 -0.766233 1.185637 0.580522 -1.102755 0.211092 31.654488 -3.412529 7.433387 45.808876 -1.779813 -3.467539 -3.323105 -8.057129 -3.055825 9.262670 0.000077 -0.000022 0.000006 0.222727 -0.066710 -0.214775 0.927922 -3.707402 -10.564481 -0.493773 3.573070 -10.593868 13.899904 -15.410073 9.020184 -84.674576 -39.780064 25.127598 178.082260 -39.178806 -178.231628 26.630224 -10.235276 -24.763563 -5.882102 9.861279 0.702590 -10.936861 -0.360574 7.156197 0.000000 8.774815 -0.000000 -15.134277 17.496609 6.702622 -1.844031 2.498503 -2.507276 -10.163590 4.678941 4.621104 -20.975996 -0.000001 0.000001 -21.226254 2.451698 -3.593995 0.000000 -0.000006 -0.000000 -1.362681 2.240797 -0.746323 -21.334892 0.584910 3.008319 -13.821196 -0.000001 0.000001 -23.887129 -0.249075 -0.839485 -59.316555 2.432023 -1.227643 -0.294025 1.679686 0.833255 -14.218195 0.093215 1.300579 -34.212002 -0.287561 0.967166 -20.033176 0.964536 1.212838 0.000000 -0.000000 0.000000 -3.440387 0.788233 0.501655 -15.928172 -3.167306 2.999703 -6.338817 -0.000000 0.000001 -18.123419 3.648181 -4.905662 -0.000004 0.000000 -0.000002 -6.381353 23.249716 14.546036 87.689583 55.693386 13.890275 176.681427 38.005680 178.205276 -26.928839 1.658557 -23.316504 2.243540 -5.255033 -3.180156 14.282877 -0.826594 6.952496 -0.000000 -12.690593 -0.000001 15.457958 -17.889507 3.563123 1.665665 -1.955920 -2.878297 4.727794 -4.170584 4.993919 11.020511 0.000001 -0.000000 12.109032 -3.735715 -2.866778 0.000000 -0.000000 0.000000 1.291985 -1.928548 -1.498088 14.800115 0.567467 3.865604 14.242553 -1.341738 -6.660648 19.631935 0.143921 -0.648243 51.114170 -0.951376 -5.109435 0.353029 -1.511150 -0.031940 20.222769 3.684305 2.316629 18.787249 0.000001 -0.000001 10.751608 -0.479870 1.397903 0.000000 -0.000000 0.000000 3.273804 0.305947 -0.580110 21.486790 11.830364 2.266131 8.162915 0.000000 -0.000000 18.399052 -3.798986 -4.940567 0.000003 0.000000 -0.000001 25.785330 -13.760663 -22.401979 0.094409 -0.268766 144.911896 3.322929 -29.136675 -54.398491 2.480434 -1.206720 -38.355518 0.000000 -0.000000 0.000002 -19.006460 -0.371595 -19.758898 -0.080397 -0.029721 146.238892 -17.076118 11.485878 -56.622520 -1.580191 0.520147 -47.586319 0.000000 -0.000000 -0.000001
0.000000 0.000000 0.000000 0.000000 -0.000000 0.000000 -0.151229 -59.740277 -4.939948 0.033090 -4.595768 -2.318038 0.197599 0.107221 12.042783 -0.768073 1.183911 0.585387 -1.070321 0.238201 31.687437 -3.425325 7.443001 45.962528 -1.777373 -3.461535 -3.328474 -8.058300 -3.099042 9.288439 0.000077 -0.000022 0.000006 0.236360 -0.066870 -0.213417 0.947702 -3.713179 -10.582205 -0.486351 3.577895 -10.616178 14.011808 -15.345306 9.020147 -84.525581 -39.815495 24.934029 178.020264 -39.166634 -178.187195 26.565880 -9.966196 -24.539949 -5.882102 9.861279 0.702590 -10.936861 -0.360574 7.156197 0.000000 8.774815 -0.000000 -15.112461 17.494516 6.700380 -1.844031 2.498503 -2.507276 -10.163590 4.678941 4.621104 -20.975996 -0.000001 0.000001 -21.226254 2.451698 -3.593995 0.000000 -0.000006 -0.000000 -1.362681 2.240797 -0.746323 -21.334892 0.584910 3.008319 -13.821196 -0.000001 0.000001 -23.887129 -0.249075 -0.839485 -59.307709 2.454103 -1.229326 -0.294025 1.679686 0.833255 -14.218195 0.093215 1.300579 -34.212002 -0.287561 0.967166 -20.033176 0.964536 1.212838 0.000000 -0.000000 0.000000 -3.440387 0.788233 0.501655 -15.928172 -3.167306 2.999703 -6.338817 -0.000000 0.000001 -18.123419 3.648181 -4.905662 -0.000004 0.000000 -0.000002 -6.406862 23.193066 14.581556 87.705170 55.591274 13.704450 176.612259 37.894787 178.207336 -26.932116 1.586520 -23.435196 2.243540 -5.255033 -3.180156 14.282877 -0.826594 6.952496 -0.000000 -12.690593 -0.000001 15.397987 -17.908113 3.556432 1.665665 -1.955920 -2.878297 4.727794 -4.170584 4.993919 11.020511 0.000001 -0.000000 12.109032 -3.735715 -2.866778 0.000000 -0.000000 0.000000 1.291985 -1.928548 -1.498088 14.800115 0.567467 3.865604 14.242553 -1.341738 -6.660648 19.631935 0.143921 -0.648243 51.021893 -0.933204 -5.134501 0.353029 -1.511150 -0.031940 20.222769 3.684305 2.316629 18.787249 0.000001 -0.000001 10.751608 -0.479870 1.397903 0.000000 -0.000000 0.000000 3.273804 0.305947 -0.580110 21.486790 11.830364 2.266131 8.162915 0.000000 -0.000000 18.399052 -3.798986 -4.940567 0.000003 0.000000 -0.000001 25.813732 -13.939083 -22.435682 0.105584 -0.253841 144.990601 3.279548 -29.190447 -54.400112 2.461180 -1.209580 -38.378883 0.000000 -0.000000 0.000002 -19.023510 -0.404608 -19.715603 -0.087279 -0.025805 146.271255 -17.041000 11.578522 -56.592323 -1.568230 0.520093 -47.583736 0.000000 -0.000000 -0.000001
0.000000 0.000000 0.000000 0.000000 -0.000000 0.000000 -0.135308 -59.772133 -4.981622 0.021124 -4.556166 -2.366854 0.186468 0.114037 12.009329 -0.772780 1.189900 0.591525 -1.038364 0.263695 31.715986 -3.438156 7.450004 46.114738 -1.763922 -3.481678 -3.330811 -8.032433 -3.125703 9.304337 0.000077 -0.000022 0.000006 0.247711 -0.066290 -0.210530 0.965127 -3.716359 -10.592999 -0.481418 3.581908 -10.628471 14.084516 -15.262890 9.024417 -84.396637 -39.808395 24.776205 177.965851 -39.161831 -178.147491 26.528364 -9.731544 -24.334663 -5.882102 9.861279 0.702590 -10.936861 -0.360574 7.156197 0.000000 8.774815 -0.000000 -15.111934 17.491896 6.688776 -1.844031 2.498503 -2.507276 -10.163590 4.678941 4.621104 -20.975996 -0.000001 0.000001 -21.226254 2.451698 -3.593995 0.000000 -0.000006 -0.000000 -1.362681 2.240797 -0.746323 -21.334892 0.584910 3.008319 -13.821196 -0.000001 0.000001 -23.887129 -0.249075 -0.839485 -59.284943 2.480136 -1.233423 -0.294025 1.679686 0.833255 -14.218195 0.093215 1.300579 -34.212002 -0.287561 0.967166 -20.033176 0.964536 1.212838 0.000000 -0.000000 0.000000 -3.440387 0.788233 0.501655 -15.928172 -3.167306 2.999703 -6.338817 -0.000000 0.000001 -18.123419 3.648181 -4.905662 -0.000004 0.000000 -0.000002 -6.418646 23.133751 14.660788 87.792542 55.547718 13.676856 176.596298 37.816200 178.194885 -26.962641 1.523961 -23.589457 2.243540 -5.255033 -3.180156 14.282877 -0.826594 6.952496 -0.000000 -12.690593 -0.000001 15.381474 -17.907900 3.541467 1.665665 -1.955920 -2.878297 4.727794 -4.170584 4.993919 11.020511 0.000001 -0.000000 12.109032 -3.735715 -2.866778 0.000000 -0.000000 0.000000 1.291985 -1.928548 -1.498088 14.800115 0.567467 3.865604 14.242553 -1.341738 -6.660648 19.631935 0.143921 -0.648243 50.966866 -0.902930 -5.163933 0.353029 -1.511150 -0.031940 20.222769 3.684305 2.316629 18.787249 0.000001 -0.000001 10.751608 -0.479870 1.397903 0.000000 -0.000000 0.000000 3.273804 0.305947 -0.580110 21.486790 11.830364 2.266131 8.162915 0.000000 -0.000000 18.399052 -3.798986 -4.940567 0.000003 0.000000 -0.000001 25.804327 -14.059692 -22.475864 0.115850 -0.236476 145.047241 3.211505 -29.215099 -54.366772 2.447861 -1.212592 -38.409023 0.000000 -0.000000 0.000002 -19.059719 -0.399299 -19.716570 -0.095374 -0.033100 146.302170 -17.008728 11.673466 -56.559990 -1.567743 0.519944 -47.593399 0.000000 -0.000000 -0.000001
0.000000 0.000000 0.000000 0.000000 -0.000000 0.000000 -0.111526 -59.800805 -5.010412 0.012927 -4.542365 -2.404156 0.176701 0.129519 11.983591 -0.773904 1.197453 0.601794 -1.025302 0.269442 31.750542 -3.463038 7.492093 46.256134 -1.752485 -3.513502 -3.338249 -7.999216 -3.144919 9.301802 0.000077 -0.000022 0.000006 0.257149 -0.065667 -0.208523 0.976648 -3.718673 -10.597812 -0.474446 3.585535 -10.632500 14.119996 -15.143716 9.023326 -84.331467 -39.751099 24.685444 177.961639 -39.148224 -178.129608 26.555239 -9.544839 -24.265091 -5.882102 9.861279 0.702590 -10.936861 -0.360574 7.156197 0.000000 8.774815 -0.000000 -15.120939 17.498823 6.689204 -1.844031 2.498503 -2.507276 -10.163590 4.678941 4.621104 -20.975996 -0.000001 0.000001 -21.226254 2.451698 -3.593995 0.000000 -0.000006 -0.000000 -1.362681 2.240797 -0.746323 -21.334892 0.584910 3.008319 -13.821196 -0.000001 0.000001 -23.887129 -0.249075 -0.839485 -59.278214 2.504151 -1.253074 -0.294025 1.679686 0.833255 -14.218195 0.093215 1.300579 -34.212002 -0.287561 0.967166 -20.033176 0.964536 1.212838 0.000000 -0.000000 0.000000 -3.440387 0.788233 0.501655 -15.928172 -3.167306 2.999703 -6.338817 -0.000000 0.000001 -18.123419 3.648181 -4.905662 -0.000004 0.000000 -0.000002 -6.440527 23.096733 14.734799 87.891808 55.519802 13.759966 176.634918 37.742016 178.208176 -26.986441 1.455087 -23.691416 2.243540 -5.255033 -3.180156 14.282877 -0.826594 6.952496 -0.000000 -12.690593 -0.000001 15.402787 -17.900480 3.532708 1.665665 -1.955920 -2.878297 4.727794 -4.170584 4.993919 11.020511 0.000001 -0.000000 12.109032 -3.735715 -2.866778 0.000000 -0.000000 0.000000 1.291985 -1.928548 -1.498088 14.800115 0.567467 3.865604 14.242553 -1.341738 -6.660648 19.631935 0.143921 -0.648243 50.934914 -0.891932 -5.184256 0.353029 -1.511150 -0.031940 20.222769 3.684305 2.316629 18.787249 0.000001 -0.000001 10.751608 -0.479870 1.397903 0.000000 -0.000000 0.000000 3.273804 0.305947 -0.580110 21.486790 11.830364 2.266131 8.162915 0.000000 -0.000000 18.399052 -3.798986 -4.940567 0.000003 0.000000 -0.000001 25.779703 -14.122221 -22.483738 0.123145 -0.214045 145.089890 3.183486 -29.198423 -54.354271 2.443652 -1.216624 -38.428059 0.000000 -0.000000 0.000002 -19.104284 -0.374167 -19.724400 -0.094097 -0.036712 146.325073 -16.955534 11.780338 -56.530251 -1.574977 0.519477 -47.652313 0.000000 -0.000000 -0.000001
0.000000 0.000000 0.000000 0.000000 -0.000000 0.000000 -0.073365 -59.815228 -5.030611 0.007710 -4.533331 -2.437000 0.167577 0.145187 11.970971 -0.772146 1.202112 0.616748 -1.027170 0.272186 31.794828 -3.520580 7.562186 46.369797 -1.733412 -3.523237 -3.346510 -7.956660 -3.155585 9.297720 0.000077 -0.000022 0.000006 0.271651 -0.064258 -0.209537 0.993130 -3.721544 -10.607671 -0.462232 3.591374 -10.638214 14.122576 -15.011530 9.055202 -84.323013 -39.690212 24.612152 178.039658 -39.114368 -178.173065 26.637835 -9.409412 -24.270491 -5.882102 9.861279 0.702590 -10.936861 -0.360574 7.156197 0.000000 8.774815 -0.000000 -15.127493 17.518021 6.715428 -1.844031 2.498503 -2.507276 -10.163590 4.678941 4.621104 -20.975996 -0.000001 0.000001 -21.226254 2.451698 -3.593995 0.000000 -0.000006 -0.000000 -1.362681 2.240797 -0.746323 -21.334892 0.584910 3.008319 -13.821196 -0.000001 0.000001 -23.887129 -0.249075 -0.839485 -59.298828 2.514820 -1.282361 -0.294025 1.679686 0.833255 -14.218195 0.093215 1.300579 -34.212002 -0.287561 0.967166 -20.033176 0.964536 1.212838 0.000000 -0.000000 0.000000 -3.440387 0.788233 0.501655 -15.928172 -3.167306 2.999703 -6.338817 -0.000000 0.000001 -18.123419 3.648181 -4.905662 -0.000004 0.000000 -0.000002 -6.450132 23.067844 14.779058 87.930305 55.461422 13.882467 176.703674 37.660820 178.266434 -26.990988 1.374228 -23.754942 2.243540 -5.255033 -3.180156 14.282877 -0.826594 6.952496 -0.000000 -12.690593 -0.000001 15.418903 -17.892509 3.536502 1.665665 -1.955920 -2.878297 4.727794 -4.170584 4.993919 11.020511 0.000001 -0.000000 12.109032 -3.735715 -2.866778 0.000000 -0.000000 0.000000 1.291985 -1.928548 -1.498088 14.800115 0.567467 3.865604 14.242553 -1.341738 -6.660648 19.631935 0.143921 -0.648243 50.883606 -0.896404 -5.186926 0.353029 -1.511150 -0.031940 20.222769 3.684305 2.316629 18.787249 0.000001 -0.000001 10.751608 -0.479870 1.397903 0.000000 -0.000000 0.000000 3.273804 0.305947 -0.580110 21.486790 11.830364 2.266131 8.162915 0.000000 -0.000000 18.399052 -3.798986 -4.940567 0.000003 0.000000 -0.000001 25.732616 -14.129083 -22.470657 0.125583 -0.195945 145.130890 3.233537 -29.112780 -54.385765 2.449058 -1.218376 -38.492638 0.000000 -0.000000 0.000002 -19.172867 -0.339092 -19.729656 -0.083517 -0.036867 146.337387 -16.886217 11.913795 -56.509010 -1.585907 0.518719 -47.707275 0.000000 -0.000000 -0.000001
0.000000 0.000000 0.000000 0.000000 -0.000000 0.000000 -0.034898 -59.827126 -5.048962 0.017939 -4.500533 -2.464910 0.153035 0.154169 11.976921 -0.768718 1.204455 0.627834 -1.033212 0.281185 31.845938 -3.583741 7.626696 46.482094 -1.706862 -3.535692 -3.343323 -7.937261 -3.155597 9.288213 0.000077 -0.000022 0.000006 0.284114 -0.062721 -0.210655 1.006909 -3.721669 -10.615741 -0.451242 3.594119 -10.639306 14.096838 -14.895206 9.103056 -84.362152 -39.615784 24.468790 178.223206 -39.088478 -178.282455 26.764233 -9.317381 -24.327044 -5.882102 9.861279 0.702590 -10.936861 -0.360574 7.156197 0.000000 8.774815 -0.000000 -15.111860 17.531372 6.751769 -1.844031 2.498503 -2.507276 -10.163590 4.678941 4.621104 -20.975996 -0.000001 0.000001 -21.226254 2.451698 -3.593995 0.000000 -0.000006 -0.000000 -1.362681 2.240797 -0.746323 -21.334892 0.584910 3.008319 -13.821196 -0.000001 0.000001 -23.887129 -0.249075 -0.839485 -59.302448 2.526370 -1.297005 -0.294025 1.679686 0.833255 -14.218195 0.093215 1.300579 -34.212002 -0.287561 0.967166 -20.033176 0.964536 1.212838 0.000000 -0.000000 0.000000 -3.440387 0.788233 0.501655 -15.928172 -3.167306 2.999703 -6.338817 -0.000000 0.000001 -18.123419 3.648181 -4.905662 -0.000004 0.000000 -0.000002 -6.452847 23.039610 14.825646 87.858604 55.399609 13.946190 176.761673 37.595230 178.308365 -27.030771 1.281050 -23.799419 2.243540 -5.255033 -3.180156 14.282877 -0.826594 6.952496 -0.000000 -12.690593 -0.000001 15.423151 -17.882456 3.548959 1.665665 -1.955920 -2.878297 4.727794 -4.170584 4.993919 11.020511 0.000001 -0.000000 12.109032 -3.735715 -2.866778 0.000000 -0.000000 0.000000 1.291985 -1.928548 -1.498088 14.800115 0.567467 3.865604 14.242553 -1.341738 -6.660648 19.631935 0.143921 -0.648243 50.858871 -0.902591 -5.182914 0.353029 -1.511150 -0.031940 20.222769 3.684305 2.316629 18.787249 0.000001 -0.000001 10.751608 -0.479870 1.397903 0.000000 -0.000000 0.000000 3.273804 0.305947 -0.580110 21.486790 11.830364 2.266131 8.162915 0.000000 -0.000000 18.399052 -3.798986 -4.940567 0.000003 0.000000 -0.000001 25.678694 -14.125422 -22.480373 0.125905 -0.185781 145.175049 3.321721 -29.012821 -54.425442 2.460505 -1.217100 -38.648453 0.000000 -0.000000 0.000002 -19.258429 -0.305375 -19.706923 -0.071495 -0.041026 146.350021 -16.831141 12.029898 -56.524101 -1.595534 0.518830 -47.721531 0.000000 -0.000000 -0.000001
0.000000 0.000000 0.000000 0.000000 -0.000000 0.000000 0.002692 -59.837414 -5.073567 0.035475 -4.453903 -2.487490 0.149776 0.156902 11.989609 -0.768577 1.219004 0.636020 -1.035442 0.280721 31.914835 -3.655749 7.688450 46.606964 -1.684580 -3.565845 -3.330563 -7.919497 -3.154120 9.285695 0.000077 -0.000022 0.000006 0.282392 -0.062847 -0.212605 1.004528 -3.720003 -10.616742 -0.452678 3.591626 -10.634438 14.041924 -14.782805 9.166881 -84.426781 -39.540176 24.328377 178.411270 -39.085983 -178.383484 26.883272 -9.250393 -24.389751 -5.882102 9.861279 0.702590 -10.936861 -0.360574 7.156197 0.000000 8.774815 -0.000000 -15.081116 17.535055 6.773856 -1.844031 2.498503 -2.507276 -10.163590 4.678941 4.621104 -20.975996 -0.000001 0.000001 -21.226254 2.451698 -3.593995 0.000000 -0.000006 -0.000000 -1.362681 2.240797 -0.746323 -21.334892 0.584910 3.008319 -13.821196 -0.000001 0.000001 -23.887129 -0.249075 -0.839485 -59.241135 2.541683 -1.279679 -0.294025 1.679686 0.833255 -14.218195 0.093215 1.300579 -34.212002 -0.287561 0.967166 -20.033176 0.964536 1.212838 0.000000 -0.000000 0.000000 -3.440387 0.788233 0.501655 -15.928172 -3.167306 2.999703 -6.338817 -0.000000 0.000001 -18.123419 3.648181 -4.905662 -0.000004 0.000000 -0.000002 -6.455980 23.017643 14.893501 87.664284 55.364788 13.882409 176.784424 37.552341 178.322083 -27.115454 1.185874 -23.847721 2.243540 -5.255033 -3.180156 14.282877 -0.826594 6.952496 -0.000000 -12.690593 -0.000001 15.407762 -17.851032 3.565352 1.665665 -1.955920 -2.878297 4.727794 -4.170584 4.993919 11.020511 0.000001 -0.000000 12.109032 -3.735715 -2.866778 0.000000 -0.000000 0.000000 1.291985 -1.928548 -1.498088 14.800115 0.567467 3.865604 14.242553 -1.341738 -6.660648 19.631935 0.143921 -0.648243 50.861317 -0.904812 -5.171669 0.353029 -1.511150 -0.031940 20.222769 3.684305 2.316629 18.787249 0.000001 -0.000001 10.751608 -0.479870 1.397903 0.000000 -0.000000 0.000000 3.273804 0.305947 -0.580110 21.486790 11.830364 2.266131 8.162915 0.000000 -0.000000 18.399052 -3.798986 -4.940567 0.000003 0.000000 -0.000001 25.639511 -14.119953 -22.533331 0.132068 -0.180852 145.225922 3.399008 -28.944979 -54.431458 2.474838 -1.211583 -38.854004 0.000000 -0.000000 0.000002 -19.341761 -0.259525 -19.688745 -0.062695 -0.050591 146.371368 -16.758379 12.145946 -56.543884 -1.598116 0.519690 -47.705196 0.000000 -0.000000 -0.000001
0.000000 0.000000 0.000000 0.000000 -0.000000 0.000000 0.040375 -59.853619 -5.087818 0.048952 -4.405294 -2.486809 0.160826 0.154208 11.984723 -0.771355 1.249451 0.641717 -1.031888 0.269602 32.003983 -3.721207 7.762490 46.736477 -1.673669 -3.609588 -3.313950 -7.855636 -3.166598 9.319532 0.000077 -0.000022 0.000006 0.270420 -0.063210 -0.215600 0.991850 -3.717651 -10.617940 -0.464216 3.588272 -10.628482 13.975026 -14.665704 9.225552 -84.521729 -39.464863 24.251911 178.530670 -39.109722 -178.431595 26.991312 -9.220605 -24.401293 -5.882102 9.861279 0.702590 -10.936861 -0.360574 7.156197 0.000000 8.774815 -0.000000 -15.048447 17.527264 6.790582 -1.844031 2.498503 -2.507276 -10.163590 4.678941 4.621104 -20.975996 -0.000001 0.000001 -21.226254 2.451698 -3.593995 0.000000 -0.000006 -0.000000 -1.362681 2.240797 -0.746323 -21.334892 0.584910 3.008319 -13.821196 -0.000001 0.000001 -23.887129 -0.249075 -0.839485 -59.202381 2.533996 -1.245592 -0.294025 1.679686 0.833255 -14.218195 0.093215 1.300579 -34.212002 -0.287561 0.967166 -20.033176 0.964536 1.212838 0.000000 -0.000000 0.000000 -3.440387 0.788233 0.501655 -15.928172 -3.167306 2.999703 -6.338817 -0.000000 0.000001 -18.123419 3.648181 -4.905662 -0.000004 0.000000 -0.000002 -6.476521 23.012178 14.959433 87.352097 55.366707 13.733330 176.824570 37.521690 178.357239 -27.206553 1.061550 -23.939344 2.243540 -5.255033 -3.180156 14.282877 -0.826594 6.952496 -0.000000 -12.690593 -0.000001 15.420986 -17.819139 3.576621 1.665665 -1.955920 -2.878297 4.727794 -4.170584 4.993919 11.020511 0.000001 -0.000000 12.109032 -3.735715 -2.866778 0.000000 -0.000000 0.000000 1.291985 -1.928548 -1.498088 14.800115 0.567467 3.865604 14.242553 -1.341738 -6.660648 19.631935 0.143921 -0.648243 50.891655 -0.906042 -5.145278 0.353029 -1.511150 -0.031940 20.222769 3.684305 2.316629 18.787249 0.000001 -0.000001 10.751608 -0.479870 1.397903 0.000000 -0.000000 0.000000 3.273804 0.305947 -0.580110 21.486790 11.830364 2.266131 8.162915 0.000000 -0.000000 18.399052 -3.798986 -4.940567 0.000003 0.000000 -0.000001 25.625956 -14.086154 -22.600004 0.140467 -0.184378 145.275436 3.476185 -28.904552 -54.434803 2.488845 -1.206115 -39.009880 0.000000 -0.000000 0.000002 -19.404747 -0.205461 -19.676556 -0.056140 -0.054540 146.390488 -16.660286 12.263732 -56.573940 -1.599144 0.521899 -47.621868 0.000000 -0.000000 -0.000001
0.000000 0.000000 0.000000 0.000000 -0.000000 0.000000 0.073499 -59.870755 -5.085890 0.051168 -4.353645 -2.458933 0.184101 0.142932 11.965948 -0.770728 1.279160 0.638438 -1.025720 0.263622 32.094975 -3.754827 7.845207 46.883854 -1.664130 -3.672841 -3.303038 -7.792990 -3.208719 9.375712 0.000077 -0.000022 0.000006 0.247907 -0.063880 -0.217492 0.967955 -3.718159 -10.620613 -0.485443 3.587157 -10.623475 13.943362 -14.569499 9.250006 -84.674690 -39.375000 24.321152 178.541214 -39.131207 -178.412140 27.101467 -9.279171 -24.357155 -5.882102 9.861279 0.702590 -10.936861 -0.360574 7.156197 0.000000 8.774815 -0.000000 -15.019617 17.519779 6.809631 -1.844031 2.498503 -2.507276 -10.163590 4.678941 4.621104 -20.975996 -0.000001 0.000001 -21.226254 2.451698 -3.593995 0.000000 -0.000006 -0.000000 -1.362681 2.240797 -0.746323 -21.334892 0.584910 3.008319 -13.821196 -0.000001 0.000001 -23.887129 -0.249075 -0.839485 -59.238216 2.504263 -1.209019 -0.294025 1.679686 0.833255 -14.218195 0.093215 1.300579 -34.212002 -0.287561 0.967166 -20.033176 0.964536 1.212838 0.000000 -0.000000 0.000000 -3.440387 0.788233 0.501655 -15.928172 -3.167306 2.999703 -6.338817 -0.000000 0.000001 -18.123419 3.648181 -4.905662 -0.000004 0.000000 -0.000002 -6.482955 23.029488 15.029694 86.912636 55.397530 13.460943 176.870193 37.491302 178.410889 -27.243647 0.925475 -23.981779 2.243540 -5.255033 -3.180156 14.282877 -0.826594 6.952496 -0.000000 -12.690593 -0.000001 15.481765 -17.795551 3.584488 1.665665 -1.955920 -2.878297 4.727794 -4.170584 4.993919 11.020511 0.000001 -0.000000 12.109032 -3.735715 -2.866778 0.000000 -0.000000 0.000000 1.291985 -1.928548 -1.498088 14.800115 0.567467 3.865604 14.242553 -1.341738 -6.660648 19.631935 0.143921 -0.648243 50.988808 -0.911708 -5.114191 0.353029 -1.511150 -0.031940 20.222769 3.684305 2.316629 18.787249 0.000001 -0.000001 10.751608 -0.479870 1.397903 0.000000 -0.000000 0.000000 3.273804 0.305947 -0.580110 21.486790 11.830364 2.266131 8.162915 0.000000 -0.000000 18.399052 -3.798986 -4.940567 0.000003 0.000000 -0.000001 25.653088 -14.022386 -22.681732 0.149541 -0.194354 145.313461 3.545272 -28.900440 -54.424713 2.492489 -1.205084 -38.995228 0.000000 -0.000000 0.000002 -19.442211 -0.161064 -19.686039 -0.054912 -0.062828 146.388931 -16.560581 12.375287 -56.576298 -1.596790 0.525886 -47.441326 0.000000 -0.000000 -0.000001
0.000000 0.000000 0.000000 0.000000 -0.000000 0.000000 0.100702 -59.879780 -5.081795 0.048512 -4.296138 -2.424215 0.204956 0.125343 11.956414 -0.759397 1.291799 0.629948 -1.020839 0.275127 32.174072 -3.762323 7.902109 47.036999 -1.654418 -3.743335 -3.302551 -7.753832 -3.248815 9.462436 0.000077 -0.000022 0.000006 0.222652 -0.065044 -0.218575 0.941251 -3.720244 -10.615901 -0.509188 3.586637 -10.614936 13.951349 -14.499416 9.260373 -84.849785 -39.264267 24.495556 178.463470 -39.088234 -178.346252 27.164375 -9.385411 -24.144981 -5.882102 9.861279 0.702590 -10.936861 -0.360574 7.156197 0.000000 8.774815 -0.000000 -14.993167 17.526209 6.804583 -1.844031 2.498503 -2.507276 -10.163590 4.678941 4.621104 -20.975996 -0.000001 0.000001 -21.226254 2.451698 -3.593995 0.000000 -0.000006 -0.000000 -1.362681 2.240797 -0.746323 -21.334892 0.584910 3.008319 -13.821196 -0.000001 0.000001 -23.887129 -0.249075 -0.839485 -59.287148 2.488582 -1.207593 -0.294025 1.679686 0.833255 -14.218195 0.093215 1.300579 -34.212002 -0.287561 0.967166 -20.033176 0.964536 1.212838 0.000000 -0.000000 0.000000 -3.440387 0.788233 0.501655 -15.928172 -3.167306 2.999703 -6.338817 -0.000000 0.000001 -18.123419 3.648181 -4.905662 -0.000004 0.000000 -0.000002 -6.475328 23.065964 15.067017 86.440712 55.404316 13.136119 176.875946 37.428070 178.466965 -27.239544 0.778094 -23.984909 2.243540 -5.255033 -3.180156 14.282877 -0.826594 6.952496 -0.000000 -12.690593 -0.000001 15.534548 -17.795738 3.587829 1.665665 -1.955920 -2.878297 4.727794 -4.170584 4.993919 11.020511 0.000001 -0.000000 12.109032 -3.735715 -2.866778 0.000000 -0.000000 0.000000 1.291985 -1.928548 -1.498088 14.800115 0.567467 3.865604 14.242553 -1.341738 -6.660648 19.631935 0.143921 -0.648243 51.106758 -0.930088 -5.089256 0.353029 -1.511150 -0.031940 20.222769 3.684305 2.316629 18.787249 0.000001 -0.000001 10.751608 -0.479870 1.397903 0.000000 -0.000000 0.000000 3.273804 0.305947 -0.580110 21.486790 11.830364 2.266131 8.162915 0.000000 -0.000000 18.399052 -3.798986 -4.940567 0.000003 0.000000 -0.000001 25.695526 -13.934560 -22.787609 0.150795 -0.212116 145.345383 3.563671 -28.925493 -54.364601 2.474904 -1.203554 -38.916534 0.000000 -0.000000 0.000002 -19.461210 -0.139153 -19.732960 -0.061293 -0.070803 146.368011 -16.468540 12.483615 -56.516346 -1.594486 0.529102 -47.280151 0.000000 -0.000000 -0.000001
0.000000 0.000000 0.000000 0.000000 -0.000000 0.000000 0.117474 -59.877831 -5.079630 0.032597 -4.251901 -2.397356 0.221784 0.102326 11.980513 -0.743032 1.280678 0.618486 -1.011294 0.306831 32.227867 -3.757272 7.926569 47.196930 -1.632640 -3.780058 -3.314148 -7.762514 -3.291120 9.568789 0.000077 -0.000022 0.000006 0.204512 -0.066752 -0.220241 0.921393 -3.723154 -10.607174 -0.525679 3.585890 -10.607952 13.986094 -14.439416 9.256855 -85.010689 -39.115936 24.768669 178.307480 -38.984253 -178.249908 27.186880 -9.516229 -23.893427 -5.882102 9.861279 0.702590 -10.936861 -0.360574 7.156197 0.000000 8.774815 -0.000000 -14.969608 17.554592 6.774748 -1.844031 2.498503 -2.507276 -10.163590 4.678941 4.621104 -20.975996 -0.000001 0.000001 -21.226254 2.451698 -3.593995 0.000000 -0.000006 -0.000000 -1.362681 2.240797 -0.746323 -21.334892 0.584910 3.008319 -13.821196 -0.000001 0.000001 -23.887129 -0.249075 -0.839485 -59.309559 2.499548 -1.228691 -0.294025 1.679686 0.833255 -14.218195 0.093215 1.300579 -34.212002 -0.287561 0.967166 -20.033176 0.964536 1.212838 0.000000 -0.000000 0.000000 -3.440387 0.788233 0.501655 -15.928172 -3.167306 2.999703 -6.338817 -0.000000 0.000001 -18.123419 3.648181 -4.905662 -0.000004 0.000000 -0.000002 -6.482784 23.120857 15.037071 86.082077 55.362858 12.898666 176.853027 37.318218 178.507370 -27.238817 0.644615 -23.940922 2.243540 -5.255033 -3.180156 14.282877 -0.826594 6.952496 -0.000000 -12.690593 -0.000001 15.545909 -17.831884 3.590155 1.665665 -1.955920 -2.878297 4.727794 -4.170584 4.993919 11.020511 0.000001 -0.000000 12.109032 -3.735715 -2.866778 0.000000 -0.000000 0.000000 1.291985 -1.928548 -1.498088 14.800115 0.567467 3.865604 14.242553 -1.341738 -6.660648 19.631935 0.143921 -0.648243 51.200802 -0.955094 -5.095474 0.353029 -1.511150 -0.031940 20.222769 3.684305 2.316629 18.787249 0.000001 -0.000001 10.751608 -0.479870 1.397903 0.000000 -0.000000 0.000000 3.273804 0.305947 -0.580110 21.486790 11.830364 2.266131 8.162915 0.000000 -0.000000 18.399052 -3.798986 -4.940567 0.000003 0.000000 -0.000001 25.770973 -13.857702 -22.873110 0.151210 -0.230479 145.370407 3.573165 -28.985044 -54.313362 2.447582 -1.203973 -38.793499 0.000000 -0.000000 0.000002 -19.452120 -0.154636 -19.782721 -0.068896 -0.060420 146.346039 -16.416246 12.554905 -56.449959 -1.594797 0.531214 -47.209427 0.000000 -0.000000 -0.000001
0.000000 0.000000 0.000000 0.000000 -0.000000 0.000000 0.124464 -59.871506 -5.075765 0.016422 -4.211663 -2.375586 0.229578 0.074587 12.032425 -0.730517 1.266966 0.616258 -0.994683 0.326268 32.260185 -3.756687 7.901501 47.327473 -1.617383 -3.754497 -3.332543 -7.822205 -3.336823 9.691281 0.000077 -0.000022 0.000006 0.201023 -0.067412 -0.223917 0.919043 -3.726068 -10.607473 -0.530407 3.587125 -10.615886 14.024863 -14.351042 9.244641 -85.139389 -38.961071 25.083323 178.138687 -38.854671 -178.161163 27.209694 -9.641095 -23.729017 -5.882102 9.861279 0.702590 -10.936861 -0.360574 7.156197 0.000000 8.774815 -0.000000 -14.962180 17.595564 6.735799 -1.844031 2.498503 -2.507276 -10.163590 4.678941 4.621104 -20.975996 -0.000001 0.000001 -21.226254 2.451698 -3.593995 0.000000 -0.000006 -0.000000 -1.362681 2.240797 -0.746323 -21.334892 0.584910 3.008319 -13.821196 -0.000001 0.000001 -23.887129 -0.249075 -0.839485 -59.314079 2.536724 -1.251354 -0.294025 1.679686 0.833255 -14.218195 0.093215 1.300579 -34.212002 -0.287561 0.967166 -20.033176 0.964536 1.212838 0.000000 -0.000000 0.000000 -3.440387 0.788233 0.501655 -15.928172 -3.167306 2.999703 -6.338817 -0.000000 0.000001 -18.123419 3.648181 -4.905662 -0.000004 0.000000 -0.000002 -6.496385 23.193304 14.946010 85.882668 55.282066 12.762357 176.781113 37.166283 178.526321 -27.270874 0.519805 -23.852034 2.243540 -5.255033 -3.180156 14.282877 -0.826594 6.952496 -0.000000 -12.690593 -0.000001 15.503640 -17.873869 3.604994 1.665665 -1.955920 -2.878297 4.727794 -4.170584 4.993919 11.020511 0.000001 -0.000000 12.109032 -3.735715 -2.866778 0.000000 -0.000000 0.000000 1.291985 -1.928548 -1.498088 14.800115 0.567467 3.865604 14.242553 -1.341738 -6.660648 19.631935 0.143921 -0.648243 51.236469 -0.972989 -5.122296 0.353029 -1.511150 -0.031940 20.222769 3.684305 2.316629 18.787249 0.000001 -0.000001 10.751608 -0.479870 1.397903 0.000000 -0.000000 0.000000 3.273804 0.305947 -0.580110 21.486790 11.830364 2.266131 8.162915 0.000000 -0.000000 18.399052 -3.798986 -4.940567 0.000003 0.000000 -0.000001 25.842720 -13.796166 -22.930183 0.145982 -0.253366 145.388962 3.557832 -29.059710 -54.278122 2.425054 -1.205413 -38.689091 0.000000 -0.000000 0.000002 -19.449190 -0.196086 -19.804340 -0.079143 -0.040494 146.326691 -16.393318 12.616955 -56.415871 -1.600834 0.530563 -47.204372 0.000000 -0.000000 -0.000001
0.000000 0.000000 0.000000 0.000000 -0.000000 0.000000 0.114675 -59.870839 -5.060009 0.024671 -4.182405 -2.343056 0.225519 0.063953 12.086885 -0.726292 1.251266 0.635538 -0.979749 0.340705 32.268848 -3.771306 7.838915 47.436729 -1.586452 -3.681780 -3.344134 -7.889189 -3.387239 9.805717 0.000077 -0.000022 0.000006 0.207708 -0.067186 -0.226995 0.930587 -3.729944 -10.614841 -0.528768 3.590879 -10.635591 14.037238 -14.255846 9.233686 -85.256584 -38.845409 25.253845 178.124283 -38.767799 -178.155792 27.255781 -9.707754 -23.767891 -5.882102 9.861279 0.702590 -10.936861 -0.360574 7.156197 0.000000 8.774815 -0.000000 -14.950260 17.634794 6.689831 -1.844031 2.498503 -2.507276 -10.163590 4.678941 4.621104 -20.975996 -0.000001 0.000001 -21.226254 2.451698 -3.593995 0.000000 -0.000006 -0.000000 -1.362681 2.240797 -0.746323 -21.334892 0.584910 3.008319 -13.821196 -0.000001 0.000001 -23.887129 -0.249075 -0.839485 -59.278572 2.572846 -1.258116 -0.294025 1.679686 0.833255 -14.218195 0.093215 1.300579 -34.212002 -0.287561 0.967166 -20.033176 0.964536 1.212838 0.000000 -0.000000 0.000000 -3.440387 0.788233 0.501655 -15.928172 -3.167306 2.999703 -6.338817 -0.000000 0.000001 -18.123419 3.648181 -4.905662 -0.000004 0.000000 -0.000002 -6.505469 23.262835 14.821078 85.875687 55.194607 12.774817 176.698242 37.016853 178.499023 -27.330557 0.422778 -23.709204 2.243540 -5.255033 -3.180156 14.282877 -0.826594 6.952496 -0.000000 -12.690593 -0.000001 15.446782 -17.915390 3.618367 1.665665 -1.955920 -2.878297 4.727794 -4.170584 4.993919 11.020511 0.000001 -0.000000 12.109032 -3.735715 -2.866778 0.000000 -0.000000 0.000000 1.291985 -1.928548 -1.498088 14.800115 0.567467 3.865604 14.242553 -1.341738 -6.660648 19.631935 0.143921 -0.648243 51.222069 -0.967035 -5.157373 0.353029 -1.511150 -0.031940 20.222769 3.684305 2.316629 18.787249 0.000001 -0.000001 10.751608 -0.479870 1.397903 0.000000 -0.000000 0.000000 3.273804 0.305947 -0.580110 21.486790 11.830364 2.266131 8.162915 0.000000 -0.000000 18.399052 -3.798986 -4.940567 0.000003 0.000000 -0.000001 25.887522 -13.748571 -22.954443 0.134839 -0.273120 145.389755 3.537752 -29.131897 -54.275528 2.413983 -1.206352 -38.654427 0.000000 -0.000000 0.000002 -19.474651 -0.248127 -19.792824 -0.089230 -0.030432 146.308960 -16.451330 12.616646 -56.438927 -1.606039 0.528918 -47.253990 0.000000 -0.000000 -0.000001
0.000000 0.000000 0.000000 0.000000 -0.000000 0.000000 0.103750 -59.878544 -5.034738 0.045954 -4.178658 -2.290373 0.209637 0.069455 12.123182 -0.727843 1.240022 0.670936 -0.973543 0.358787 32.284130 -3.801807 7.778090 47.515057 -1.546545 -3.608800 -3.349296 -7.942792 -3.441712 9.887994 0.000077 -0.000022 0.000006 0.235544 -0.064804 -0.229286 0.966844 -3.735281 -10.632510 -0.509340 3.600692 -10.665986 13.994271 -14.163136 9.260977 -85.360550 -38.832668 25.304113 178.230118 -38.740292 -178.217102 27.296249 -9.715205 -23.947126 -5.882102 9.861279 0.702590 -10.936861 -0.360574 7.156197 0.000000 8.774815 -0.000000 -14.937600 17.672422 6.647768 -1.844031 2.498503 -2.507276 -10.163590 4.678941 4.621104 -20.975996 -0.000001 0.000001 -21.226254 2.451698 -3.593995 0.000000 -0.000006 -0.000000 -1.362681 2.240797 -0.746323 -21.334892 0.584910 3.008319 -13.821196 -0.000001 0.000001 -23.887129 -0.249075 -0.839485 -59.242821 2.584861 -1.289958 -0.294025 1.679686 0.833255 -14.218195 0.093215 1.300579 -34.212002 -0.287561 0.967166 -20.033176 0.964536 1.212838 0.000000 -0.000000 0.000000 -3.440387 0.788233 0.501655 -15.928172 -3.167306 2.999703 -6.338817 -0.000000 0.000001 -18.123419 3.648181 -4.905662 -0.000004 0.000000 -0.000002 -6.476118 23.313568 14.751680 85.959526 55.202179 12.861994 176.606857 36.910091 178.436996 -27.392729 0.410623 -23.594065 2.243540 -5.255033 -3.180156 14.282877 -0.826594 6.952496 -0.000000 -12.690593 -0.000001 15.412460 -17.950699 3.606891 1.665665 -1.955920 -2.878297 4.727794 -4.170584 4.993919 11.020511 0.000001 -0.000000 12.109032 -3.735715 -2.866778 0.000000 -0.000000 0.000000 1.291985 -1.928548 -1.498088 14.800115 0.567467 3.865604 14.242553 -1.341738 -6.660648 19.631935 0.143921 -0.648243 51.188229 -0.947723 -5.195657 0.353029 -1.511150 -0.031940 20.222769 3.684305 2.316629 18.787249 0.000001 -0.000001 10.751608 -0.479870 1.397903 0.000000 -0.000000 0.000000 3.273804 0.305947 -0.580110 21.486790 11.830364 2.266131 8.162915 0.000000 -0.000000 18.399052 -3.798986 -4.940567 0.000003 0.000000 -0.000001 25.936899 -13.695953 -22.949877 0.123804 -0.266406 145.385345 3.528038 -29.208065 -54.311592 2.414892 -1.207471 -38.686352 0.000000 -0.000000 0.000002 -19.526005 -0.262010 -19.783783 -0.098911 -0.038576 146.298111 -16.501379 12.624132 -56.491970 -1.609076 0.528635 -47.206169 0.000000 -0.000000 -0.000001
0.000000 0.000000 0.000000 0.000000 -0.000000 0.000000 0.099256 -59.875714 -5.006579 0.073219 -4.207558 -2.220931 0.189942 0.088278 12.143448 -0.731228 1.239115 0.715290 -0.977178 0.380842 32.324753 -3.825947 7.705048 47.575588 -1.525774 -3.571469 -3.351296 -7.977948 -3.488050 9.918889 0.000077 -0.000022 0.000006 0.266106 -0.060877 -0.230223 1.004471 -3.740757 -10.650062 -0.485833 3.613923 -10.691399 13.874342 -14.076137 9.322880 -85.472710 -38.934422 25.306526 178.411560 -38.793858 -178.327621 27.331944 -9.664535 -24.210209 -5.882102 9.861279 0.702590 -10.936861 -0.360574 7.156197 0.000000 8.774815 -0.000000 -14.972715 17.715244 6.617502 -1.844031 2.498503 -2.507276 -10.163590 4.678941 4.621104 -20.975996 -0.000001 0.000001 -21.226254 2.451698 -3.593995 0.000000 -0.000006 -0.000000 -1.362681 2.240797 -0.746323 -21.334892 0.584910 3.008319 -13.821196 -0.000001 0.000001 -23.887129 -0.249075 -0.839485 -59.218819 2.577390 -1.321670 -0.294025 1.679686 0.833255 -14.218195 0.093215 1.300579 -34.212002 -0.287561 0.967166 -20.033176 0.964536 1.212838 0.000000 -0.000000 0.000000 -3.440387 0.788233 0.501655 -15.928172 -3.167306 2.999703 -6.338817 -0.000000 0.000001 -18.123419 3.648181 -4.905662 -0.000004 0.000000 -0.000002 -6.367046 23.312807 14.756413 86.016182 55.336201 12.986910 176.557022 36.874195 178.355652 -27.458834 0.492889 -23.410990 2.243540 -5.255033 -3.180156 14.282877 -0.826594 6.952496 -0.000000 -12.690593 -0.000001 15.407228 -17.953100 3.583024 1.665665 -1.955920 -2.878297 4.727794 -4.170584 4.993919 11.020511 0.000001 -0.000000 12.109032 -3.735715 -2.866778 0.000000 -0.000000 0.000000 1.291985 -1.928548 -1.498088 14.800115 0.567467 3.865604 14.242553 -1.341738 -6.660648 19.631935 0.143921 -0.648243 51.167904 -0.926584 -5.209308 0.353029 -1.511150 -0.031940 20.222769 3.684305 2.316629 18.787249 0.000001 -0.000001 10.751608 -0.479870 1.397903 0.000000 -0.000000 0.000000 3.273804 0.305947 -0.580110 21.486790 11.830364 2.266131 8.162915 0.000000 -0.000000 18.399052 -3.798986 -4.940567 0.000003 0.000000 -0.000001 25.974974 -13.626184 -22.938406 0.121402 -0.242704 145.372696 3.531436 -29.266880 -54.356953 2.419895 -1.207397 -38.791840 0.000000 -0.000000 0.000002 -19.600954 -0.230448 -19.804611 -0.109821 -0.058551 146.296295 -16.489704 12.684420 -56.553398 -1.612486 0.531027 -47.043709 0.000000 -0.000000 -0.000001
0.000000 0.000000 0.000000 0.000000 -0.000000 0.000000 0.109495 -59.861534 -4.984691 0.082401 -4.261226 -2.137334 0.182355 0.102613 12.155513 -0.725344 1.240548 0.756239 -0.988718 0.398723 32.398270 -3.854079 7.664927 47.636929 -1.528079 -3.586328 -3.349950 -7.974581 -3.527138 9.876757 0.000077 -0.000022 0.000006 0.282301 -0.057384 -0.230513 1.020761 -3.744319 -10.662131 -0.469506 3.624363 -10.705928 13.668406 -13.972531 9.382409 -85.579857 -39.070755 25.332495 178.583832 -38.890141 -178.443024 27.354603 -9.597517 -24.518095 -5.882102 9.861279 0.702590 -10.936861 -0.360574 7.156197 0.000000 8.774815 -0.000000 -15.023065 17.745571 6.607698 -1.844031 2.498503 -2.507276 -10.163590 4.678941 4.621104 -20.975996 -0.000001 0.000001 -21.226254 2.451698 -3.593995 0.000000 -0.000006 -0.000000 -1.362681 2.240797 -0.746323 -21.334892 0.584910 3.008319 -13.821196 -0.000001 0.000001 -23.887129 -0.249075 -0.839485 -59.186615 2.561907 -1.333359 -0.294025 1.679686 0.833255 -14.218195 0.093215 1.300579 -34.212002 -0.287561 0.967166 -20.033176 0.964536 1.212838 0.000000 -0.000000 0.000000 -3.440387 0.788233 0.501655 -15.928172 -3.167306 2.999703 -6.338817 -0.000000 0.000001 -18.123419 3.648181 -4.905662 -0.000004 0.000000 -0.000002 -6.185459 23.276182 14.833304 86.028183 55.586082 13.154884 176.530899 36.914116 178.266785 -27.537590 0.649492 -23.123861 2.243540 -5.255033 -3.180156 14.282877 -0.826594 6.952496 -0.000000 -12.690593 -0.000001 15.445172 -17.954945 3.556963 1.665665 -1.955920 -2.878297 4.727794 -4.170584 4.993919 11.020511 0.000001 -0.000000 12.109032 -3.735715 -2.866778 0.000000 -0.000000 0.000000 1.291985 -1.928548 -1.498088 14.800115 0.567467 3.865604 14.242553 -1.341738 -6.660648 19.631935 0.143921 -0.648243 51.178886 -0.913513 -5.202330 0.353029 -1.511150 -0.031940 20.222769 3.684305 2.316629 18.787249 0.000001 -0.000001 10.751608 -0.479870 1.397903 0.000000 -0.000000 0.000000 3.273804 0.305947 -0.580110 21.486790 11.830364 2.266131 8.162915 0.000000 -0.000000 18.399052 -3.798986 -4.940567 0.000003 0.000000 -0.000001 25.994215 -13.530609 -22.938057 0.125001 -0.226280 145.363113 3.558841 -29.273464 -54.409477 2.437410 -1.208183 -38.905945 0.000000 -0.000000 0.000002 -19.663593 -0.184911 -19.881371 -0.112919 -0.074547 146.303360 -16.451414 12.759176 -56.594151 -1.617557 0.533435 -46.947502 0.000000 -0.000000 -0.000001
0.000000 0.000000 0.000000 0.000000 -0.000000 0.000000 0.139966 -59.853817 -4.960539 0.066145 -4.328391 -2.037036 0.197825 0.112151 12.149804 -0.717050 1.243249 0.788592 -0.996664 0.416281 32.510780 -3.882349 7.646956 47.689793 -1.561136 -3.620996 -3.344463 -7.899238 -3.570915 9.825994 0.000077 -0.000022 0.000006 0.282756 -0.054761 -0.233364 1.015811 -3.746647 -10.672667 -0.463365 3.632157 -10.712235 13.460440 -13.867857 9.472596 -85.709724 -39.252045 25.359295 178.725204 -38.980553 -178.555222 27.356220 -9.572495 -24.751850 -5.882102 9.861279 0.702590 -10.936861 -0.360574 7.156197 0.000000 8.774815 -0.000000 -15.079325 17.761015 6.625139 -1.844031 2.498503 -2.507276 -10.163590 4.678941 4.621104 -20.975996 -0.000001 0.000001 -21.226254 2.451698 -3.593995 0.000000 -0.000006 -0.000000 -1.362681 2.240797 -0.746323 -21.334892 0.584910 3.008319 -13.821196 -0.000001 0.000001 -23.887129 -0.249075 -0.839485 -59.148190 2.536809 -1.302398 -0.294025 1.679686 0.833255 -14.218195 0.093215 1.300579 -34.212002 -0.287561 0.967166 -20.033176 0.964536 1.212838 0.000000 -0.000000 0.000000 -3.440387 0.788233 0.501655 -15.928172 -3.167306 2.999703 -6.338817 -0.000000 0.000001 -18.123419 3.648181 -4.905662 -0.000004 0.000000 -0.000002 -5.970324 23.211672 14.976969 86.001289 55.922985 13.371366 176.510178 36.991692 178.197357 -27.598997 0.844061 -22.816988 2.243540 -5.255033 -3.180156 14.282877 -0.826594 6.952496 -0.000000 -12.690593 -0.000001 15.522429 -17.963045 3.535637 1.665665 -1.955920 -2.878297 4.727794 -4.170584 4.993919 11.020511 0.000001 -0.000000 12.109032 -3.735715 -2.866778 0.000000 -0.000000 0.000000 1.291985 -1.928548 -1.498088 14.800115 0.567467 3.865604 14.242553 -1.341738 -6.660648 19.631935 0.143921 -0.648243 51.219704 -0.899978 -5.182831 0.353029 -1.511150 -0.031940 20.222769 3.684305 2.316629 18.787249 0.000001 -0.000001 10.751608 -0.479870 1.397903 0.000000 -0.000000 0.000000 3.273804 0.305947 -0.580110 21.486790 11.830364 2.266131 8.162915 0.000000 -0.000000 18.399052 -3.798986 -4.940567 0.000003 0.000000 -0.000001 26.010509 -13.366594 -22.934509 0.119205 -0.217071 145.361786 3.630988 -29.212101 -54.479256 2.461208 -1.208696 -38.982330 0.000000 -0.000000 0.000002 -19.702724 -0.121997 -20.000935 -0.105661 -0.082195 146.306641 -16.411335 12.833550 -56.613430 -1.624894 0.534786 -46.946648 0.000000 -0.000000 -0.000001
0.000000 0.000000 0.000000 0.000000 -0.000000 0.000000 0.185743 -59.875489 -4.933052 0.038650 -4.393219 -1.910990 0.229317 0.122991 12.134863 -0.707331 1.239457 0.812020 -1.000439 0.428997 32.633907 -3.913949 7.675656 47.731354 -1.590420 -3.662555 -3.325852 -7.751795 -3.632060 9.772367 0.000077 -0.000022 0.000006 0.271005 -0.053474 -0.235341 0.995304 -3.748440 -10.684764 -0.465933 3.636888 -10.715109 13.295676 -13.781979 9.553956 -85.866943 -39.419571 25.361300 178.841568 -39.062447 -178.662704 27.344143 -9.639918 -24.845831 -5.882102 9.861279 0.702590 -10.936861 -0.360574 7.156197 0.000000 8.774815 -0.000000 -15.134270 17.760509 6.666204 -1.844031 2.498503 -2.507276 -10.163590 4.678941 4.621104 -20.975996 -0.000001 0.000001 -21.226254 2.451698 -3.593995 0.000000 -0.000006 -0.000000 -1.362681 2.240797 -0.746323 -21.334892 0.584910 3.008319 -13.821196 -0.000001 0.000001 -23.887129 -0.249075 -0.839485 -59.180168 2.510202 -1.252710 -0.294025 1.679686 0.833255 -14.218195 0.093215 1.300579 -34.212002 -0.287561 0.967166 -20.033176 0.964536 1.212838 0.000000 -0.000000 0.000000 -3.440387 0.788233 0.501655 -15.928172 -3.167306 2.999703 -6.338817 -0.000000 0.000001 -18.123419 3.648181 -4.905662 -0.000004 0.000000 -0.000002 -5.786207 23.142490 15.135261 85.899391 56.273014 13.550467 176.478012 37.071640 178.144714 -27.656118 1.037884 -22.426565 2.243540 -5.255033 -3.180156 14.282877 -0.826594 6.952496 -0.000000 -12.690593 -0.000001 15.617192 -17.970015 3.522154 1.665665 -1.955920 -2.878297 4.727794 -4.170584 4.993919 11.020511 0.000001 -0.000000 12.109032 -3.735715 -2.866778 0.000000 -0.000000 0.000000 1.291985 -1.928548 -1.498088 14.800115 0.567467 3.865604 14.242553 -1.341738 -6.660648 19.631935 0.143921 -0.648243 51.301361 -0.902255 -5.162091 0.353029 -1.511150 -0.031940 20.222769 3.684305 2.316629 18.787249 0.000001 -0.000001 10.751608 -0.479870 1.397903 0.000000 -0.000000 0.000000 3.273804 0.305947 -0.580110 21.486790 11.830364 2.266131 8.162915 0.000000 -0.000000 18.399052 -3.798986 -4.940567 0.000003 0.000000 -0.000001 26.035593 -13.149553 -22.952705 0.108428 -0.211340 145.375443 3.753227 -29.110462 -54.558029 2.488971 -1.207912 -39.017784 0.000000 -0.000000 0.000002 -19.727848 -0.035670 -20.158085 -0.093769 -0.086521 146.308731 -16.384718 12.900224 -56.614380 -1.632525 0.536728 -46.980461 0.000000 -0.000000 -0.000001
0.000000 0.000000 0.000000 0.000000 -0.000000 0.000000 0.230491 -59.900677 -4.911233 0.011316 -4.446144 -1.781632 0.271984 0.133641 12.128849 -0.696236 1.231588 0.822059 -1.000651 0.433116 32.744724 -3.934198 7.711899 47.790020 -1.623577 -3.711403 -3.306471 -7.583383 -3.695978 9.722884 0.000077 -0.000022 0.000006 0.253862 -0.053624 -0.235944 0.969076 -3.747345 -10.686120 -0.473600 3.635987 -10.708815 13.182450 -13.728015 9.618571 -85.976616 -39.545498 25.383680 178.906998 -39.086422 -178.733765 27.330236 -9.737286 -24.859762 -5.882102 9.861279 0.702590 -10.936861 -0.360574 7.156197 0.000000 8.774815 -0.000000 -15.157935 17.765667 6.719691 -1.844031 2.498503 -2.507276 -10.163590 4.678941 4.621104 -20.975996 -0.000001 0.000001 -21.226254 2.451698 -3.593995 0.000000 -0.000006 -0.000000 -1.362681 2.240797 -0.746323 -21.334892 0.584910 3.008319 -13.821196 -0.000001 0.000001 -23.887129 -0.249075 -0.839485 -59.243626 2.499611 -1.223041 -0.294025 1.679686 0.833255 -14.218195 0.093215 1.300579 -34.212002 -0.287561 0.967166 -20.033176 0.964536 1.212838 0.000000 -0.000000 0.000000 -3.440387 0.788233 0.501655 -15.928172 -3.167306 2.999703 -6.338817 -0.000000 0.000001 -18.123419 3.648181 -4.905662 -0.000004 0.000000 -0.000002 -5.642926 23.074718 15.265459 85.712418 56.594772 13.700978 176.466629 37.139904 178.145996 -27.724962 1.234285 -21.995466 2.243540 -5.255033 -3.180156 14.282877 -0.826594 6.952496 -0.000000 -12.690593 -0.000001 15.681972 -17.965578 3.527257 1.665665 -1.955920 -2.878297 4.727794 -4.170584 4.993919 11.020511 0.000001 -0.000000 12.109032 -3.735715 -2.866778 0.000000 -0.000000 0.000000 1.291985 -1.928548 -1.498088 14.800115 0.567467 3.865604 14.242553 -1.341738 -6.660648 19.631935 0.143921 -0.648243 51.388798 -0.923816 -5.144766 0.353029 -1.511150 -0.031940 20.222769 3.684305 2.316629 18.787249 0.000001 -0.000001 10.751608 -0.479870 1.397903 0.000000 -0.000000 0.000000 3.273804 0.305947 -0.580110 21.486790 11.830364 2.266131 8.162915 0.000000 -0.000000 18.399052 -3.798986 -4.940567 0.000003 0.000000 -0.000001 26.098299 -12.942201 -23.008718 0.107319 -0.200290 145.398819 3.848700 -29.071409 -54.596230 2.500454 -1.206993 -39.012367 0.000000 -0.000000 0.000002 -19.726177 0.051520 -20.327793 -0.082799 -0.081665 146.315979 -16.317524 12.972335 -56.597839 -1.643875 0.539106 -46.960419 0.000000 -0.000000 -0.000001
0.000000 0.000000 0.000000 0.000000 -0.000000 0.000000 0.253363 -59.905457 -4.882892 -0.011381 -4.496935 -1.649440 0.320924 0.133627 12.123056 -0.691096 1.230939 0.825653 -0.987263 0.428320 32.817780 -3.943563 7.740124 47.857708 -1.636572 -3.771466 -3.293872 -7.418202 -3.746600 9.683563 0.000077 -0.000022 0.000006 0.231367 -0.055022 -0.237402 0.940132 -3.745916 -10.680527 -0.489431 3.632520 -10.701541 13.100211 -13.714862 9.651842 -86.008812 -39.625725 25.423660 178.917374 -39.068993 -178.770752 27.313660 -9.824453 -24.902624 -5.882102 9.861279 0.702590 -10.936861 -0.360574 7.156197 0.000000 8.774815 -0.000000 -15.137853 17.760521 6.772836 -1.844031 2.498503 -2.507276 -10.163590 4.678941 4.621104 -20.975996 -0.000001 0.000001 -21.226254 2.451698 -3.593995 0.000000 -0.000006 -0.000000 -1.362681 2.240797 -0.746323 -21.334892 0.584910 3.008319 -13.821196 -0.000001 0.000001 -23.887129 -0.249075 -0.839485 -59.298084 2.493175 -1.210389 -0.294025 1.679686 0.833255 -14.218195 0.093215 1.300579 -34.212002 -0.287561 0.967166 -20.033176 0.964536 1.212838 0.000000 -0.000000 0.000000 -3.440387 0.788233 0.501655 -15.928172 -3.167306 2.999703 -6.338817 -0.000000 0.000001 -18.123419 3.648181 -4.905662 -0.000004 0.000000 -0.000002 -5.522046 23.025633 15.366247 85.446579 56.854065 13.754758 176.479004 37.193409 178.169037 -27.732529 1.360818 -21.623207 2.243540 -5.255033 -3.180156 14.282877 -0.826594 6.952496 -0.000000 -12.690593 -0.000001 15.738828 -17.968138 3.532020 1.665665 -1.955920 -2.878297 4.727794 -4.170584 4.993919 11.020511 0.000001 -0.000000 12.109032 -3.735715 -2.866778 0.000000 -0.000000 0.000000 1.291985 -1.928548 -1.498088 14.800115 0.567467 3.865604 14.242553 -1.341738 -6.660648 19.631935 0.143921 -0.648243 51.476902 -0.948886 -5.128776 0.353029 -1.511150 -0.031940 20.222769 3.684305 2.316629 18.787249 0.000001 -0.000001 10.751608 -0.479870 1.397903 0.000000 -0.000000 0.000000 3.273804 0.305947 -0.580110 21.486790 11.830364 2.266131 8.162915 0.000000 -0.000000 18.399052 -3.798986 -4.940567 0.000003 0.000000 -0.000001 26.176834 -12.769063 -23.078712 0.113026 -0.193030 145.397308 3.898000 -29.087130 -54.598503 2.502978 -1.203171 -39.038395 0.000000 -0.000000 0.000002 -19.692135 0.109792 -20.488791 -0.080074 -0.076640 146.313431 -16.247454 13.008488 -56.573612 -1.654884 0.541756 -46.857067 0.000000 -0.000000 -0.000001
0.000000 0.000000 0.000000 0.000000 -0.000000 0.000000 0.265321 -59.901696 -4.832900 -0.022925 -4.526468 -1.526130 0.374436 0.125053 12.119579 -0.694026 1.236977 0.822246 -0.963478 0.410269 32.843346 -3.921917 7.728403 47.923862 -1.619787 -3.810585 -3.289490 -7.316880 -3.790470 9.675657 0.000077 -0.000022 0.000006 0.220536 -0.055060 -0.237690 0.931399 -3.745772 -10.678408 -0.502181 3.633227 -10.702014 13.060026 -13.753491 9.672397 -85.978523 -39.707241 25.524258 178.850525 -39.041294 -178.735046 27.292511 -9.907239 -24.971607 -5.882102 9.861279 0.702590 -10.936861 -0.360574 7.156197 0.000000 8.774815 -0.000000 -15.090600 17.745562 6.810650 -1.844031 2.498503 -2.507276 -10.163590 4.678941 4.621104 -20.975996 -0.000001 0.000001 -21.226254 2.451698 -3.593995 0.000000 -0.000006 -0.000000 -1.362681 2.240797 -0.746323 -21.334892 0.584910 3.008319 -13.821196 -0.000001 0.000001 -23.887129 -0.249075 -0.839485 -59.362621 2.483444 -1.224185 -0.294025 1.679686 0.833255 -14.218195 0.093215 1.300579 -34.212002 -0.287561 0.967166 -20.033176 0.964536 1.212838 0.000000 -0.000000 0.000000 -3.440387 0.788233 0.501655 -15.928172 -3.167306 2.999703 -6.338817 -0.000000 0.000001 -18.123419 3.648181 -4.905662 -0.000004 0.000000 -0.000002 -5.406022 22.997690 15.443924 85.092285 57.043171 13.621325 176.479324 37.247356 178.200424 -27.678833 1.430188 -21.359196 2.243540 -5.255033 -3.180156 14.282877 -0.826594 6.952496 -0.000000 -12.690593 -0.000001 15.764493 -17.979076 3.549330 1.665665 -1.955920 -2.878297 4.727794 -4.170584 4.993919 11.020511 0.000001 -0.000000 12.109032 -3.735715 -2.866778 0.000000 -0.000000 0.000000 1.291985 -1.928548 -1.498088 14.800115 0.567467 3.865604 14.242553 -1.341738 -6.660648 19.631935 0.143921 -0.648243 51.558434 -0.979602 -5.107064 0.353029 -1.511150 -0.031940 20.222769 3.684305 2.316629 18.787249 0.000001 -0.000001 10.751608 -0.479870 1.397903 0.000000 -0.000000 0.000000 3.273804 0.305947 -0.580110 21.486790 11.830364 2.266131 8.162915 0.000000 -0.000000 18.399052 -3.798986 -4.940567 0.000003 0.000000 -0.000001 26.231726 -12.626354 -23.126558 0.122803 -0.184357 145.363373 3.887455 -29.125834 -54.565712 2.499583 -1.197831 -39.094486 0.000000 -0.000000 0.000002 -19.655966 0.148000 -20.594975 -0.079345 -0.084036 146.273071 -16.141222 13.049456 -56.529480 -1.660305 0.544121 -46.695995 0.000000 -0.000000 -0.000001
0.000000 0.000000 0.000000 0.000000 -0.000000 0.000000 0.272314 -59.884137 -4.752830 -0.014660 -4.529612 -1.429641 0.422123 0.112498 12.123483 -0.697681 1.237861 0.817227 -0.938338 0.379688 32.828911 -3.880444 7.666064 47.980194 -1.598703 -3.826255 -3.291881 -7.278073 -3.826133 9.698826 0.000077 -0.000022 0.000006 0.217069 -0.054987 -0.237322 0.933490 -3.746518 -10.671439 -0.511189 3.634676 -10.701240 13.034668 -13.844782 9.691297 -85.870735 -39.807827 25.676277 178.698685 -39.030041 -178.615860 27.276192 -9.979860 -25.094540 -5.882102 9.861279 0.702590 -10.936861 -0.360574 7.156197 0.000000 8.774815 -0.000000 -15.056287 17.750746 6.817727 -1.844031 2.498503 -2.507276 -10.163590 4.678941 4.621104 -20.975996 -0.000001 0.000001 -21.226254 2.451698 -3.593995 0.000000 -0.000006 -0.000000 -1.362681 2.240797 -0.746323 -21.334892 0.584910 3.008319 -13.821196 -0.000001 0.000001 -23.887129 -0.249075 -0.839485 -59.379513 2.489993 -1.249002 -0.294025 1.679686 0.833255 -14.218195 0.093215 1.300579 -34.212002 -0.287561 0.967166 -20.033176 0.964536 1.212838 0.000000 -0.000000 0.000000 -3.440387 0.788233 0.501655 -15.928172 -3.167306 2.999703 -6.338817 -0.000000 0.000001 -18.123419 3.648181 -4.905662 -0.000004 0.000000 -0.000002 -5.299760 22.970022 15.493364 84.744858 57.169643 13.433413 176.490204 37.307117 178.246857 -27.618685 1.498490 -21.158331 2.243540 -5.255033 -3.180156 14.282877 -0.826594 6.952496 -0.000000 -12.690593 -0.000001 15.759499 -17.981697 3.562599 1.665665 -1.955920 -2.878297 4.727794 -4.170584 4.993919 11.020511 0.000001 -0.000000 12.109032 -3.735715 -2.866778 0.000000 -0.000000 0.000000 1.291985 -1.928548 -1.498088 14.800115 0.567467 3.865604 14.242553 -1.341738 -6.660648 19.631935 0.143921 -0.648243 51.627323 -1.013005 -5.084974 0.353029 -1.511150 -0.031940 20.222769 3.684305 2.316629 18.787249 0.000001 -0.000001 10.751608 -0.479870 1.397903 0.000000 -0.000000 0.000000 3.273804 0.305947 -0.580110 21.486790 11.830364 2.266131 8.162915 0.000000 -0.000000 18.399052 -3.798986 -4.940567 0.000003 0.000000 -0.000001 26.232260 -12.492654 -23.114206 0.130199 -0.177878 145.291855 3.811360 -29.165930 -54.504250 2.488280 -1.191007 -39.146347 0.000000 -0.000000 0.000002 -19.619026 0.157881 -20.616953 -0.071839 -0.088403 146.176819 -15.974811 13.103683 -56.456547 -1.660351 0.544427 -46.580627 0.000000 -0.000000 -0.000001
0.000000 0.000000 0.000000 0.000000 -0.000000 0.000000 0.283597 -59.858048 -4.644442 -0.004493 -4.512778 -1.351944 0.460206 0.096255 12.124187 -0.692653 1.230279 0.805028 -0.903594 0.351798 32.786568 -3.832181 7.572656 47.954685 -1.577941 -3.814667 -3.291772 -7.270525 -3.841193 9.736794 0.000077 -0.000022 0.000006 0.206537 -0.056339 -0.236541 0.925236 -3.745992 -10.661107 -0.524228 3.631468 -10.697214 13.026671 -13.973394 9.684473 -85.730164 -39.914696 25.816084 178.534531 -39.062050 -178.484909 27.273708 -10.067422 -25.334373 -5.882102 9.861279 0.702590 -10.936861 -0.360574 7.156197 0.000000 8.774815 -0.000000 -15.025341 17.760921 6.805875 -1.844031 2.498503 -2.507276 -10.163590 4.678941 4.621104 -20.975996 -0.000001 0.000001 -21.226254 2.451698 -3.593995 0.000000 -0.000006 -0.000000 -1.362681 2.240797 -0.746323 -21.334892 0.584910 3.008319 -13.821196 -0.000001 0.000001 -23.887129 -0.249075 -0.839485 -59.328812 2.486305 -1.249051 -0.294025 1.679686 0.833255 -14.218195 0.093215 1.300579 -34.212002 -0.287561 0.967166 -20.033176 0.964536 1.212838 0.000000 -0.000000 0.000000 -3.440387 0.788233 0.501655 -15.928172 -3.167306 2.999703 -6.338817 -0.000000 0.000001 -18.123419 3.648181 -4.905662 -0.000004 0.000000 -0.000002 -5.204963 22.937790 15.527305 84.466560 57.276150 13.344944 176.583160 37.392044 178.287689 -27.576283 1.614853 -21.085049 2.243540 -5.255033 -3.180156 14.282877 -0.826594 6.952496 -0.000000 -12.690593 -0.000001 15.780006 -17.984863 3.550658 1.665665 -1.955920 -2.878297 4.727794 -4.170584 4.993919 11.020511 0.000001 -0.000000 12.109032 -3.735715 -2.866778 0.000000 -0.000000 0.000000 1.291985 -1.928548 -1.498088 14.800115 0.567467 3.865604 14.242553 -1.341738 -6.660648 19.631935 0.143921 -0.648243 51.694279 -1.015611 -5.075832 0.353029 -1.511150 -0.031940 20.222769 3.684305 2.316629 18.787249 0.000001 -0.000001 10.751608 -0.479870 1.397903 0.000000 -0.000000 0.000000 3.273804 0.305947 -0.580110 21.486790 11.830364 2.266131 8.162915 0.000000 -0.000000 18.399052 -3.798986 -4.940567 0.000003 0.000000 -0.000001 26.178740 -12.338919 -23.042519 0.126088 -0.177293 145.191422 3.708908 -29.158068 -54.437317 2.479100 -1.188206 -39.098206 0.000000 -0.000000 0.000002 -19.571234 0.146523 -20.561398 -0.057007 -0.071709 146.037460 -15.814598 13.138412 -56.401352 -1.651517 0.543619 -46.539562 0.000000 -0.000000 -0.000001
0.000000 0.000000 0.000000 0.000000 -0.000000 0.000000 0.306360 -59.829998 -4.502451 0.002370 -4.482702 -1.267119 0.500913 0.079216 12.100509 -0.682776 1.217690 0.777481 -0.856960 0.313733 32.733322 -3.777561 7.479784 47.779587 -1.561342 -3.782377 -3.289704 -7.263369 -3.846176 9.759824 0.000077 -0.000022 0.000006 0.198978 -0.057561 -0.236856 0.916424 -3.742575 -10.654797 -0.530763 3.625821 -10.695748 13.044086 -14.117935 9.641259 -85.593300 -40.023098 25.930271 178.384460 -39.140728 -178.380737 27.271996 -10.170494 -25.557093 -5.882102 9.861279 0.702590 -10.936861 -0.360574 7.156197 0.000000 8.774815 -0.000000 -15.014494 17.785646 6.798206 -1.844031 2.498503 -2.507276 -10.163590 4.678941 4.621104 -20.975996 -0.000001 0.000001 -21.226254 2.451698 -3.593995 0.000000 -0.000006 -0.000000 -1.362681 2.240797 -0.746323 -21.334892 0.584910 3.008319 -13.821196 -0.000001 0.000001 -23.887129 -0.249075 -0.839485 -59.292866 2.465172 -1.218762 -0.294025 1.679686 0.833255 -14.218195 0.093215 1.300579 -34.212002 -0.287561 0.967166 -20.033176 0.964536 1.212838 0.000000 -0.000000 0.000000 -3.440387 0.788233 0.501655 -15.928172 -3.167306 2.999703 -6.338817 -0.000000 0.000001 -18.123419 3.648181 -4.905662 -0.000004 0.000000 -0.000002 -5.136864 22.898550 15.539082 84.236366 57.388493 13.351919 176.763046 37.497566 178.353928 -27.562048 1.790803 -21.131876 2.243540 -5.255033 -3.180156 14.282877 -0.826594 6.952496 -0.000000 -12.690593 -0.000001 15.813280 -17.991869 3.547352 1.665665 -1.955920 -2.878297 4.727794 -4.170584 4.993919 11.020511 0.000001 -0.000000 12.109032 -3.735715 -2.866778 0.000000 -0.000000 0.000000 1.291985 -1.928548 -1.498088 14.800115 0.567467 3.865604 14.242553 -1.341738 -6.660648 19.631935 0.143921 -0.648243 51.758781 -0.987243 -5.070329 0.353029 -1.511150 -0.031940 20.222769 3.684305 2.316629 18.787249 0.000001 -0.000001 10.751608 -0.479870 1.397903 0.000000 -0.000000 0.000000 3.273804 0.305947 -0.580110 21.486790 11.830364 2.266131 8.162915 0.000000 -0.000000 18.399052 -3.798986 -4.940567 0.000003 0.000000 -0.000001 26.065929 -12.129385 -22.935169 0.111819 -0.185681 145.058029 3.588198 -29.079657 -54.347221 2.468936 -1.190972 -38.829262 0.000000 -0.000000 0.000002 -19.532476 0.150077 -20.448828 -0.044768 -0.042541 145.858795 -15.666950 13.186414 -56.387978 -1.639083 0.541122 -46.590698 0.000000 -0.000000 -0.000001
0.000000 0.000000 0.000000 0.000000 -0.000000 0.000000 0.337846 -59.792881 -4.354958 0.011881 -4.457971 -1.188704 0.533342 0.062252 12.065522 -0.670458 1.198223 0.735607 -0.814688 0.275700 32.658012 -3.731614 7.421656 47.492367 -1.550165 -3.736346 -3.289505 -7.235063 -3.829174 9.746976 0.000077 -0.000022 0.000006 0.194659 -0.057373 -0.237438 0.910160 -3.740600 -10.656585 -0.533445 3.624726 -10.704303 13.064603 -14.253978 9.570666 -85.434151 -40.123985 26.032755 178.247360 -39.256481 -178.311096 27.276937 -10.311304 -25.725349 -5.882102 9.861279 0.702590 -10.936861 -0.360574 7.156197 0.000000 8.774815 -0.000000 -15.022233 17.809303 6.770972 -1.844031 2.498503 -2.507276 -10.163590 4.678941 4.621104 -20.975996 -0.000001 0.000001 -21.226254 2.451698 -3.593995 0.000000 -0.000006 -0.000000 -1.362681 2.240797 -0.746323 -21.334892 0.584910 3.008319 -13.821196 -0.000001 0.000001 -23.887129 -0.249075 -0.839485 -59.327278 2.429935 -1.197855 -0.294025 1.679686 0.833255 -14.218195 0.093215 1.300579 -34.212002 -0.287561 0.967166 -20.033176 0.964536 1.212838 0.000000 -0.000000 0.000000 -3.440387 0.788233 0.501655 -15.928172 -3.167306 2.999703 -6.338817 -0.000000 0.000001 -18.123419 3.648181 -4.905662 -0.000004 0.000000 -0.000002 -5.084703 22.883789 15.511495 84.038780 57.454185 13.409081 176.977768 37.589462 178.451233 -27.547367 1.984766 -21.234234 2.243540 -5.255033 -3.180156 14.282877 -0.826594 6.952496 -0.000000 -12.690593 -0.000001 15.797184 -17.995764 3.567982 1.665665 -1.955920 -2.878297 4.727794 -4.170584 4.993919 11.020511 0.000001 -0.000000 12.109032 -3.735715 -2.866778 0.000000 -0.000000 0.000000 1.291985 -1.928548 -1.498088 14.800115 0.567467 3.865604 14.242553 -1.341738 -6.660648 19.631935 0.143921 -0.648243 51.776157 -0.959722 -5.056738 0.353029 -1.511150 -0.031940 20.222769 3.684305 2.316629 18.787249 0.000001 -0.000001 10.751608 -0.479870 1.397903 0.000000 -0.000000 0.000000 3.273804 0.305947 -0.580110 21.486790 11.830364 2.266131 8.162915 0.000000 -0.000000 18.399052 -3.798986 -4.940567 0.000003 0.000000 -0.000001 25.905851 -11.896670 -22.822744 0.098566 -0.196732 144.910309 3.459050 -28.953852 -54.225769 2.457843 -1.193931 -38.517105 0.000000 -0.000000 0.000002 -19.507982 0.161902 -20.345564 -0.035152 -0.001786 145.663452 -15.561917 13.230949 -56.361771 -1.627688 0.536518 -46.746639 0.000000 -0.000000 -0.000001
0.000000 0.000000 0.000000 0.000000 -0.000000 0.000000 0.376551 -59.753537 -4.211706 0.021405 -4.445111 -1.121967 0.559191 0.041509 12.018078 -0.656319 1.160552 0.691612 -0.778080 0.262911 32.570148 -3.718099 7.385292 47.132965 -1.545320 -3.659950 -3.298276 -7.206441 -3.793658 9.694958 0.000077 -0.000022 0.000006 0.205231 -0.055326 -0.237033 0.921355 -3.742522 -10.667315 -0.523455 3.631440 -10.723804 13.100996 -14.366415 9.511815 -85.245407 -40.247646 26.102371 178.118149 -39.371296 -178.258560 27.259052 -10.441936 -25.880621 -5.882102 9.861279 0.702590 -10.936861 -0.360574 7.156197 0.000000 8.774815 -0.000000 -15.038082 17.835114 6.747787 -1.844031 2.498503 -2.507276 -10.163590 4.678941 4.621104 -20.975996 -0.000001 0.000001 -21.226254 2.451698 -3.593995 0.000000 -0.000006 -0.000000 -1.362681 2.240797 -0.746323 -21.334892 0.584910 3.008319 -13.821196 -0.000001 0.000001 -23.887129 -0.249075 -0.839485 -59.434082 2.415300 -1.208128 -0.294025 1.679686 0.833255 -14.218195 0.093215 1.300579 -34.212002 -0.287561 0.967166 -20.033176 0.964536 1.212838 0.000000 -0.000000 0.000000 -3.440387 0.788233 0.501655 -15.928172 -3.167306 2.999703 -6.338817 -0.000000 0.000001 -18.123419 3.648181 -4.905662 -0.000004 0.000000 -0.000002 -5.067966 22.903713 15.456122 83.950363 57.471317 13.506167 177.167908 37.635948 178.582199 -27.481222 2.162417 -21.401196 2.243540 -5.255033 -3.180156 14.282877 -0.826594 6.952496 -0.000000 -12.690593 -0.000001 15.727633 -18.013138 3.597432 1.665665 -1.955920 -2.878297 4.727794 -4.170584 4.993919 11.020511 0.000001 -0.000000 12.109032 -3.735715 -2.866778 0.000000 -0.000000 0.000000 1.291985 -1.928548 -1.498088 14.800115 0.567467 3.865604 14.242553 -1.341738 -6.660648 19.631935 0.143921 -0.648243 51.752213 -0.938300 -5.066950 0.353029 -1.511150 -0.031940 20.222769 3.684305 2.316629 18.787249 0.000001 -0.000001 10.751608 -0.479870 1.397903 0.000000 -0.000000 0.000000 3.273804 0.305947 -0.580110 21.486790 11.830364 2.266131 8.162915 0.000000 -0.000000 18.399052 -3.798986 -4.940567 0.000003 0.000000 -0.000001 25.726637 -11.660263 -22.693621 0.088148 -0.204470 144.760757 3.332293 -28.810390 -54.102379 2.435530 -1.195831 -38.316181 0.000000 -0.000000 0.000002 -19.499231 0.185380 -20.258732 -0.027213 0.040802 145.461319 -15.467281 13.296447 -56.306641 -1.619052 0.531278 -46.940639 0.000000 -0.000000 -0.000001
0.000000 0.000000 0.000000 0.000000 -0.000000 0.000000 0.414147 -59.705521 -4.074333 0.037709 -4.447971 -1.066780 0.582615 0.029306 11.972562 -0.640566 1.122594 0.657677 -0.738097 0.267147 32.464973 -3.727621 7.343570 46.735950 -1.558992 -3.561438 -3.316241 -7.210271 -3.745116 9.644543 0.000077 -0.000022 0.000006 0.218635 -0.053679 -0.233757 0.937197 -3.749987 -10.685495 -0.512316 3.642626 -10.753046 13.172704 -14.476293 9.471145 -85.053719 -40.383644 26.083916 178.005066 -39.473175 -178.224274 27.236134 -10.553118 -25.972761 -5.882102 9.861279 0.702590 -10.936861 -0.360574 7.156197 0.000000 8.774815 -0.000000 -15.062871 17.856382 6.735049 -1.844031 2.498503 -2.507276 -10.163590 4.678941 4.621104 -20.975996 -0.000001 0.000001 -21.226254 2.451698 -3.593995 0.000000 -0.000006 -0.000000 -1.362681 2.240797 -0.746323 -21.334892 0.584910 3.008319 -13.821196 -0.000001 0.000001 -23.887129 -0.249075 -0.839485 -59.613289 2.418473 -1.244295 -0.294025 1.679686 0.833255 -14.218195 0.093215 1.300579 -34.212002 -0.287561 0.967166 -20.033176 0.964536 1.212838 0.000000 -0.000000 0.000000 -3.440387 0.788233 0.501655 -15.928172 -3.167306 2.999703 -6.338817 -0.000000 0.000001 -18.123419 3.648181 -4.905662 -0.000004 0.000000 -0.000002 -5.075135 22.940260 15.393261 83.982529 57.476364 13.615689 177.292267 37.689632 178.690781 -27.372456 2.348574 -21.549261 2.243540 -5.255033 -3.180156 14.282877 -0.826594 6.952496 -0.000000 -12.690593 -0.000001 15.645203 -18.010855 3.605373 1.665665 -1.955920 -2.878297 4.727794 -4.170584 4.993919 11.020511 0.000001 -0.000000 12.109032 -3.735715 -2.866778 0.000000 -0.000000 0.000000 1.291985 -1.928548 -1.498088 14.800115 0.567467 3.865604 14.242553 -1.341738 -6.660648 19.631935 0.143921 -0.648243 51.671329 -0.920272 -5.088845 0.353029 -1.511150 -0.031940 20.222769 3.684305 2.316629 18.787249 0.000001 -0.000001 10.751608 -0.479870 1.397903 0.000000 -0.000000 0.000000 3.273804 0.305947 -0.580110 21.486790 11.830364 2.266131 8.162915 0.000000 -0.000000 18.399052 -3.798986 -4.940567 0.000003 0.000000 -0.000001 25.549417 -11.458873 -22.540165 0.091389 -0.204717 144.612045 3.230535 -28.681509 -54.019459 2.409173 -1.197613 -38.255745 0.000000 -0.000000 0.000002 -19.510725 0.236570 -20.176796 -0.021747 0.062047 145.263138 -15.353991 13.387367 -56.241455 -1.606056 0.525832 -47.192673 0.000000 -0.000000 -0.000001
0.000000 0.000000 0.000000 0.000000 -0.000000 0.000000 0.447986 -59.659470 -3.934068 0.074298 -4.465106 -1.004583 0.599163 0.039524 11.935975 -0.624569 1.088222 0.649563 -0.687922 0.264826 32.337006 -3.771208 7.306514 46.312180 -1.584265 -3.453062 -3.334131 -7.232397 -3.670447 9.592144 0.000077 -0.000022 0.000006 0.231401 -0.052565 -0.229238 0.956220 -3.759786 -10.704850 -0.505383 3.654480 -10.783422 13.249552 -14.569673 9.453953 -84.875404 -40.534637 25.878860 177.981766 -39.561039 -178.231430 27.239769 -10.563761 -26.133421 -5.882102 9.861279 0.702590 -10.936861 -0.360574 7.156197 0.000000 8.774815 -0.000000 -15.123773 17.867317 6.701796 -1.844031 2.498503 -2.507276 -10.163590 4.678941 4.621104 -20.975996 -0.000001 0.000001 -21.226254 2.451698 -3.593995 0.000000 -0.000006 -0.000000 -1.362681 2.240797 -0.746323 -21.334892 0.584910 3.008319 -13.821196 -0.000001 0.000001 -23.887129 -0.249075 -0.839485 -59.750072 2.423355 -1.295668 -0.294025 1.679686 0.833255 -14.218195 0.093215 1.300579 -34.212002 -0.287561 0.967166 -20.033176 0.964536 1.212838 0.000000 -0.000000 0.000000 -3.440387 0.788233 0.501655 -15.928172 -3.167306 2.999703 -6.338817 -0.000000 0.000001 -18.123419 3.648181 -4.905662 -0.000004 0.000000 -0.000002 -5.089046 22.987181 15.339847 84.087097 57.523319 13.678768 177.315506 37.765945 178.713577 -27.268421 2.493701 -21.593452 2.243540 -5.255033 -3.180156 14.282877 -0.826594 6.952496 -0.000000 -12.690593 -0.000001 15.571062 -17.993427 3.594850 1.665665 -1.955920 -2.878297 4.727794 -4.170584 4.993919 11.020511 0.000001 -0.000000 12.109032 -3.735715 -2.866778 0.000000 -0.000000 0.000000 1.291985 -1.928548 -1.498088 14.800115 0.567467 3.865604 14.242553 -1.341738 -6.660648 19.631935 0.143921 -0.648243 51.515930 -0.912434 -5.112353 0.353029 -1.511150 -0.031940 20.222769 3.684305 2.316629 18.787249 0.000001 -0.000001 10.751608 -0.479870 1.397903 0.000000 -0.000000 0.000000 3.273804 0.305947 -0.580110 21.486790 11.830364 2.266131 8.162915 0.000000 -0.000000 18.399052 -3.798986 -4.940567 0.000003 0.000000 -0.000001 25.358984 -11.270621 -22.373341 0.100892 -0.198581 144.459076 3.173713 -28.540165 -53.982685 2.390195 -1.202303 -38.215763 0.000000 -0.000000 0.000002 -19.566149 0.312557 -20.085627 -0.018133 0.062210 145.076324 -15.243838 13.489552 -56.212505 -1.592447 0.520312 -47.402431 0.000000 -0.000000 -0.000001
0.000000 0.000000 0.000000 0.000000 -0.000000 0.000000 0.474876 -59.628148 -3.794819 0.112627 -4.495372 -0.930430 0.614646 0.070851 11.902108 -0.608853 1.068656 0.661671 -0.618653 0.245157 32.239017 -3.844806 7.276721 45.887836 -1.600317 -3.342541 -3.355686 -7.238747 -3.562918 9.551518 0.000077 -0.000022 0.000006 0.246848 -0.050262 -0.226802 0.977215 -3.764424 -10.716887 -0.494948 3.663104 -10.799520 13.286495 -14.606612 9.482168 -84.711426 -40.713848 25.604492 178.008163 -39.635021 -178.255692 27.258795 -10.466835 -26.342093 -5.882102 9.861279 0.702590 -10.936861 -0.360574 7.156197 0.000000 8.774815 -0.000000 -15.199861 17.867235 6.661469 -1.844031 2.498503 -2.507276 -10.163590 4.678941 4.621104 -20.975996 -0.000001 0.000001 -21.226254 2.451698 -3.593995 0.000000 -0.000006 -0.000000 -1.362681 2.240797 -0.746323 -21.334892 0.584910 3.008319 -13.821196 -0.000001 0.000001 -23.887129 -0.249075 -0.839485 -59.805977 2.423368 -1.346424 -0.294025 1.679686 0.833255 -14.218195 0.093215 1.300579 -34.212002 -0.287561 0.967166 -20.033176 0.964536 1.212838 0.000000 -0.000000 0.000000 -3.440387 0.788233 0.501655 -15.928172 -3.167306 2.999703 -6.338817 -0.000000 0.000001 -18.123419 3.648181 -4.905662 -0.000004 0.000000 -0.000002 -5.053539 23.051657 15.332392 84.144470 57.659283 13.649054 177.240234 37.868889 178.644669 -27.188999 2.576076 -21.574003 2.243540 -5.255033 -3.180156 14.282877 -0.826594 6.952496 -0.000000 -12.690593 -0.000001 15.520254 -17.968639 3.571648 1.665665 -1.955920 -2.878297 4.727794 -4.170584 4.993919 11.020511 0.000001 -0.000000 12.109032 -3.735715 -2.866778 0.000000 -0.000000 0.000000 1.291985 -1.928548 -1.498088 14.800115 0.567467 3.865604 14.242553 -1.341738 -6.660648 19.631935 0.143921 -0.648243 51.328983 -0.906678 -5.128449 0.353029 -1.511150 -0.031940 20.222769 3.684305 2.316629 18.787249 0.000001 -0.000001 10.751608 -0.479870 1.397903 0.000000 -0.000000 0.000000 3.273804 0.305947 -0.580110 21.486790 11.830364 2.266131 8.162915 0.000000 -0.000000 18.399052 -3.798986 -4.940567 0.000003 0.000000 -0.000001 25.188145 -11.111444 -22.192484 0.106424 -0.179410 144.316772 3.147722 -28.400835 -54.008228 2.380504 -1.208537 -38.155685 0.000000 -0.000000 0.000002 -19.633522 0.388476 -19.985847 -0.010186 0.051895 144.915848 -15.131444 13.585645 -56.229343 -1.584344 0.517258 -47.427818 0.000000 -0.000000 -0.000001
0.000000 0.000000 0.000000 0.000000 -0.000000 0.000000 0.498749 -59.620030 -3.657854 0.158708 -4.521764 -0.833144 0.624122 0.104544 11.869184 -0.596959 1.060187 0.681403 -0.525544 0.217969 32.185944 -3.903524 7.235824 45.514618 -1.607626 -3.248606 -3.365070 -7.242281 -3.433731 9.482626 0.000077 -0.000022 0.000006 0.267656 -0.046001 -0.225036 0.996373 -3.761054 -10.721824 -0.471806 3.667302 -10.799956 13.264942 -14.611619 9.519034 -84.569885 -40.865337 25.256956 178.090103 -39.723419 -178.334290 27.293756 -10.322307 -26.608673 -5.882102 9.861279 0.702590 -10.936861 -0.360574 7.156197 0.000000 8.774815 -0.000000 -15.278400 17.857496 6.642910 -1.844031 2.498503 -2.507276 -10.163590 4.678941 4.621104 -20.975996 -0.000001 0.000001 -21.226254 2.451698 -3.593995 0.000000 -0.000006 -0.000000 -1.362681 2.240797 -0.746323 -21.334892 0.584910 3.008319 -13.821196 -0.000001 0.000001 -23.887129 -0.249075 -0.839485 -59.803764 2.428602 -1.368416 -0.294025 1.679686 0.833255 -14.218195 0.093215 1.300579 -34.212002 -0.287561 0.967166 -20.033176 0.964536 1.212838 0.000000 -0.000000 0.000000 -3.440387 0.788233 0.501655 -15.928172 -3.167306 2.999703 -6.338817 -0.000000 0.000001 -18.123419 3.648181 -4.905662 -0.000004 0.000000 -0.000002 -4.961565 23.104004 15.363698 84.074074 57.846172 13.590855 177.167587 37.998623 178.529175 -27.105476 2.616513 -21.456987 2.243540 -5.255033 -3.180156 14.282877 -0.826594 6.952496 -0.000000 -12.690593 -0.000001 15.519863 -17.933281 3.545711 1.665665 -1.955920 -2.878297 4.727794 -4.170584 4.993919 11.020511 0.000001 -0.000000 12.109032 -3.735715 -2.866778 0.000000 -0.000000 0.000000 1.291985 -1.928548 -1.498088 14.800115 0.567467 3.865604 14.242553 -1.341738 -6.660648 19.631935 0.143921 -0.648243 51.221348 -0.896013 -5.137973 0.353029 -1.511150 -0.031940 20.222769 3.684305 2.316629 18.787249 0.000001 -0.000001 10.751608 -0.479870 1.397903 0.000000 -0.000000 0.000000 3.273804 0.305947 -0.580110 21.486790 11.830364 2.266131 8.162915 0.000000 -0.000000 18.399052 -3.798986 -4.940567 0.000003 0.000000 -0.000001 25.043959 -10.946099 -22.036909 0.104566 -0.154666 144.191879 3.165771 -28.261496 -54.066235 2.381083 -1.215761 -38.135487 0.000000 -0.000000 0.000002 -19.726450 0.471457 -19.885855 -0.003144 0.029639 144.781525 -15.054868 13.665435 -56.300201 -1.584007 0.517246 -47.324459 0.000000 -0.000000 -0.000001
0.000000 0.000000 0.000000 0.000000 -0.000000 0.000000 0.521149 -59.619419 -3.534400 0.205721 -4.569385 -0.728972 0.642164 0.147783 11.835454 -0.591406 1.065765 0.698772 -0.413226 0.189625 32.202179 -3.919751 7.174635 45.216919 -1.638587 -3.194683 -3.359715 -7.231604 -3.312237 9.397338 0.000077 -0.000022 0.000006 0.274901 -0.043239 -0.222265 0.992611 -3.752177 -10.709656 -0.453205 3.662893 -10.777227 13.176971 -14.601939 9.599499 -84.444809 -40.992268 24.896402 178.226303 -39.817234 -178.450241 27.341125 -10.156478 -26.987925 -5.882102 9.861279 0.702590 -10.936861 -0.360574 7.156197 0.000000 8.774815 -0.000000 -15.348560 17.854902 6.636669 -1.844031 2.498503 -2.507276 -10.163590 4.678941 4.621104 -20.975996 -0.000001 0.000001 -21.226254 2.451698 -3.593995 0.000000 -0.000006 -0.000000 -1.362681 2.240797 -0.746323 -21.334892 0.584910 3.008319 -13.821196 -0.000001 0.000001 -23.887129 -0.249075 -0.839485 -59.733784 2.446779 -1.372612 -0.294025 1.679686 0.833255 -14.218195 0.093215 1.300579 -34.212002 -0.287561 0.967166 -20.033176 0.964536 1.212838 0.000000 -0.000000 0.000000 -3.440387 0.788233 0.501655 -15.928172 -3.167306 2.999703 -6.338817 -0.000000 0.000001 -18.123419 3.648181 -4.905662 -0.000004 0.000000 -0.000002 -4.823399 23.103483 15.450370 83.858299 58.067966 13.613176 177.176514 38.145718 178.433868 -27.041941 2.705537 -21.163931 2.243540 -5.255033 -3.180156 14.282877 -0.826594 6.952496 -0.000000 -12.690593 -0.000001 15.563030 -17.881306 3.526442 1.665665 -1.955920 -2.878297 4.727794 -4.170584 4.993919 11.020511 0.000001 -0.000000 12.109032 -3.735715 -2.866778 0.000000 -0.000000 0.000000 1.291985 -1.928548 -1.498088 14.800115 0.567467 3.865604 14.242553 -1.341738 -6.660648 19.631935 0.143921 -0.648243 51.190948 -0.901108 -5.135243 0.353029 -1.511150 -0.031940 20.222769 3.684305 2.316629 18.787249 0.000001 -0.000001 10.751608 -0.479870 1.397903 0.000000 -0.000000 0.000000 3.273804 0.305947 -0.580110 21.486790 11.830364 2.266131 8.162915 0.000000 -0.000000 18.399052 -3.798986 -4.940567 0.000003 0.000000 -0.000001 24.936558 -10.753782 -21.906006 0.102029 -0.122845 144.077820 3.227498 -28.131868 -54.121494 2.389386 -1.219447 -38.194752 0.000000 -0.000000 0.000002 -19.821936 0.578073 -19.829048 -0.000159 0.003684 144.670868 -15.024195 13.715684 -56.373657 -1.593372 0.520440 -47.130466 0.000000 -0.000000 -0.000001
0.000000 0.000000 0.000000 0.000000 -0.000000 0.000000 0.549606 -59.605999 -3.422316 0.230577 -4.643239 -0.623618 0.684117 0.182257 11.812961 -0.590714 1.092381 0.694119 -0.297989 0.168771 32.263729 -3.892061 7.089707 44.961159 -1.669195 -3.160674 -3.339125 -7.134347 -3.205447 9.345665 0.000077 -0.000022 0.000006 0.259878 -0.041835 -0.218768 0.960951 -3.740256 -10.686950 -0.451639 3.654047 -10.740060 13.066005 -14.600449 9.714196 -84.344772 -41.052658 24.540115 178.412582 -39.919067 -178.584351 27.388304 -10.045509 -27.537645 -5.882102 9.861279 0.702590 -10.936861 -0.360574 7.156197 0.000000 8.774815 -0.000000 -15.358224 17.849953 6.654696 -1.844031 2.498503 -2.507276 -10.163590 4.678941 4.621104 -20.975996 -0.000001 0.000001 -21.226254 2.451698 -3.593995 0.000000 -0.000006 -0.000000 -1.362681 2.240797 -0.746323 -21.334892 0.584910 3.008319 -13.821196 -0.000001 0.000001 -23.887129 -0.249075 -0.839485 -59.656464 2.446154 -1.343371 -0.294025 1.679686 0.833255 -14.218195 0.093215 1.300579 -34.212002 -0.287561 0.967166 -20.033176 0.964536 1.212838 0.000000 -0.000000 0.000000 -3.440387 0.788233 0.501655 -15.928172 -3.167306 2.999703 -6.338817 -0.000000 0.000001 -18.123419 3.648181 -4.905662 -0.000004 0.000000 -0.000002 -4.687624 23.065611 15.562222 83.533936 58.250492 13.689092 177.277527 38.309681 178.389374 -26.987627 2.817873 -20.944500 2.243540 -5.255033 -3.180156 14.282877 -0.826594 6.952496 -0.000000 -12.690593 -0.000001 15.660837 -17.836288 3.520400 1.665665 -1.955920 -2.878297 4.727794 -4.170584 4.993919 11.020511 0.000001 -0.000000 12.109032 -3.735715 -2.866778 0.000000 -0.000000 0.000000 1.291985 -1.928548 -1.498088 14.800115 0.567467 3.865604 14.242553 -1.341738 -6.660648 19.631935 0.143921 -0.648243 51.271179 -0.906459 -5.119068 0.353029 -1.511150 -0.031940 20.222769 3.684305 2.316629 18.787249 0.000001 -0.000001 10.751608 -0.479870 1.397903 0.000000 -0.000000 0.000000 3.273804 0.305947 -0.580110 21.486790 11.830364 2.266131 8.162915 0.000000 -0.000000 18.399052 -3.798986 -4.940567 0.000003 0.000000 -0.000001 24.850763 -10.516378 -21.790222 0.094269 -0.091084 143.964050 3.340690 -27.964642 -54.168903 2.401927 -1.220754 -38.282093 0.000000 -0.000000 0.000002 -19.884510 0.694727 -19.832222 0.004331 -0.014283 144.565643 -15.045416 13.723664 -56.418301 -1.610456 0.525201 -47.030235 0.000000 -0.000000 -0.000001
0.000000 0.000000 0.000000 0.000000 -0.000000 0.000000 0.581622 -59.579224 -3.305435 0.232991 -4.724636 -0.537777 0.750167 0.196539 11.819702 -0.580737 1.123331 0.668785 -0.196583 0.155336 32.318886 -3.835326 6.999660 44.743526 -1.668819 -3.123491 -3.325881 -6.994700 -3.123382 9.339702 0.000077 -0.000022 0.000006 0.224948 -0.041546 -0.215868 0.918251 -3.732863 -10.673635 -0.479085 3.648493 -10.714366 12.964631 -14.638851 9.851051 -84.235252 -41.035084 24.270983 178.553360 -40.007446 -178.661636 27.410826 -9.972668 -28.088238 -5.882102 9.861279 0.702590 -10.936861 -0.360574 7.156197 0.000000 8.774815 -0.000000 -15.329251 17.855154 6.696985 -1.844031 2.498503 -2.507276 -10.163590 4.678941 4.621104 -20.975996 -0.000001 0.000001 -21.226254 2.451698 -3.593995 0.000000 -0.000006 -0.000000 -1.362681 2.240797 -0.746323 -21.334892 0.584910 3.008319 -13.821196 -0.000001 0.000001 -23.887129 -0.249075 -0.839485 -59.639137 2.414567 -1.304761 -0.294025 1.679686 0.833255 -14.218195 0.093215 1.300579 -34.212002 -0.287561 0.967166 -20.033176 0.964536 1.212838 0.000000 -0.000000 0.000000 -3.440387 0.788233 0.501655 -15.928172 -3.167306 2.999703 -6.338817 -0.000000 0.000001 -18.123419 3.648181 -4.905662 -0.000004 0.000000 -0.000002 -4.561074 23.022123 15.690725 83.122116 58.313438 13.636726 177.368591 38.451588 178.408371 -26.968115 2.907947 -20.939461 2.243540 -5.255033 -3.180156 14.282877 -0.826594 6.952496 -0.000000 -12.690593 -0.000001 15.727713 -17.801373 3.545532 1.665665 -1.955920 -2.878297 4.727794 -4.170584 4.993919 11.020511 0.000001 -0.000000 12.109032 -3.735715 -2.866778 0.000000 -0.000000 0.000000 1.291985 -1.928548 -1.498088 14.800115 0.567467 3.865604 14.242553 -1.341738 -6.660648 19.631935 0.143921 -0.648243 51.387352 -0.915587 -5.078816 0.353029 -1.511150 -0.031940 20.222769 3.684305 2.316629 18.787249 0.000001 -0.000001 10.751608 -0.479870 1.397903 0.000000 -0.000000 0.000000 3.273804 0.305947 -0.580110 21.486790 11.830364 2.266131 8.162915 0.000000 -0.000000 18.399052 -3.798986 -4.940567 0.000003 0.000000 -0.000001 24.738928 -10.263479 -21.646954 0.084186 -0.078113 143.828217 3.442997 -27.758389 -54.193703 2.415367 -1.218241 -38.302265 0.000000 -0.000000 0.000002 -19.904837 0.794565 -19.833010 0.014710 -0.018285 144.435806 -15.076104 13.706764 -56.420143 -1.626944 0.528084 -47.090740 0.000000 -0.000000 -0.000001
0.000000 0.000000 0.000000 0.000000 -0.000000 0.000000 0.614971 -59.547158 -3.184310 0.233885 -4.773841 -0.473942 0.817648 0.172918 11.859840 -0.558518 1.136799 0.644143 -0.116108 0.147033 32.329159 -3.767730 6.904163 44.537075 -1.628572 -3.059922 -3.329985 -6.896021 -3.057142 9.327523 0.000077 -0.000022 0.000006 0.197824 -0.041313 -0.215333 0.889244 -3.729971 -10.665092 -0.504747 3.647584 -10.697929 12.913575 -14.718538 9.942686 -84.131714 -40.936123 24.276201 178.522400 -40.059113 -178.629318 27.397118 -9.958033 -28.507523 -5.882102 9.861279 0.702590 -10.936861 -0.360574 7.156197 0.000000 8.774815 -0.000000 -15.285029 17.864777 6.738390 -1.844031 2.498503 -2.507276 -10.163590 4.678941 4.621104 -20.975996 -0.000001 0.000001 -21.226254 2.451698 -3.593995 0.000000 -0.000006 -0.000000 -1.362681 2.240797 -0.746323 -21.334892 0.584910 3.008319 -13.821196 -0.000001 0.000001 -23.887129 -0.249075 -0.839485 -59.612492 2.382011 -1.264667 -0.294025 1.679686 0.833255 -14.218195 0.093215 1.300579 -34.212002 -0.287561 0.967166 -20.033176 0.964536 1.212838 0.000000 -0.000000 0.000000 -3.440387 0.788233 0.501655 -15.928172 -3.167306 2.999703 -6.338817 -0.000000 0.000001 -18.123419 3.648181 -4.905662 -0.000004 0.000000 -0.000002 -4.455723 22.989803 15.769283 82.737488 58.227581 13.472127 177.390594 38.506626 178.435272 -26.944613 2.990882 -21.014797 2.243540 -5.255033 -3.180156 14.282877 -0.826594 6.952496 -0.000000 -12.690593 -0.000001 15.727281 -17.780203 3.591055 1.665665 -1.955920 -2.878297 4.727794 -4.170584 4.993919 11.020511 0.000001 -0.000000 12.109032 -3.735715 -2.866778 0.000000 -0.000000 0.000000 1.291985 -1.928548 -1.498088 14.800115 0.567467 3.865604 14.242553 -1.341738 -6.660648 19.631935 0.143921 -0.648243 51.471977 -0.919977 -5.038169 0.353029 -1.511150 -0.031940 20.222769 3.684305 2.316629 18.787249 0.000001 -0.000001 10.751608 -0.479870 1.397903 0.000000 -0.000000 0.000000 3.273804 0.305947 -0.580110 21.486790 11.830364 2.266131 8.162915 0.000000 -0.000000 18.399052 -3.798986 -4.940567 0.000003 0.000000 -0.000001 24.603319 -10.021506 -21.510134 0.079488 -0.090462 143.680344 3.472836 -27.581108 -54.152866 2.412447 -1.212835 -38.310417 0.000000 -0.000000 0.000002 -19.917692 0.838573 -19.798212 0.031264 -0.005069 144.278656 -15.062629 13.724723 -56.375786 -1.643579 0.528152 -47.266445 0.000000 -0.000000 -0.000001
0.000000 0.000000 0.000000 0.000000 -0.000000 0.000000 0.645317 -59.512234 -3.061448 0.247492 -4.790905 -0.421267 0.865403 0.124915 11.913470 -0.531368 1.117821 0.638234 -0.052802 0.147331 32.307743 -3.718128 6.787890 44.266979 -1.580420 -2.965793 -3.340115 -6.845780 -2.975307 9.299077 0.000077 -0.000022 0.000006 0.181863 -0.041227 -0.214186 0.874286 -3.730851 -10.660865 -0.522019 3.649872 -10.689311 12.905733 -14.802948 9.986370 -84.004822 -40.821716 24.484859 178.362091 -40.081383 -178.539108 27.331638 -9.998813 -28.676027 -5.882102 9.861279 0.702590 -10.936861 -0.360574 7.156197 0.000000 8.774815 -0.000000 -15.228858 17.849104 6.750499 -1.844031 2.498503 -2.507276 -10.163590 4.678941 4.621104 -20.975996 -0.000001 0.000001 -21.226254 2.451698 -3.593995 0.000000 -0.000006 -0.000000 -1.362681 2.240797 -0.746323 -21.334892 0.584910 3.008319 -13.821196 -0.000001 0.000001 -23.887129 -0.249075 -0.839485 -59.533207 2.371825 -1.248944 -0.294025 1.679686 0.833255 -14.218195 0.093215 1.300579 -34.212002 -0.287561 0.967166 -20.033176 0.964536 1.212838 0.000000 -0.000000 0.000000 -3.440387 0.788233 0.501655 -15.928172 -3.167306 2.999703 -6.338817 -0.000000 0.000001 -18.123419 3.648181 -4.905662 -0.000004 0.000000 -0.000002 -4.368267 22.965902 15.803150 82.445847 58.091331 13.323814 177.367950 38.463764 178.435791 -26.891277 3.071786 -21.144093 2.243540 -5.255033 -3.180156 14.282877 -0.826594 6.952496 -0.000000 -12.690593 -0.000001 15.684134 -17.777906 3.628970 1.665665 -1.955920 -2.878297 4.727794 -4.170584 4.993919 11.020511 0.000001 -0.000000 12.109032 -3.735715 -2.866778 0.000000 -0.000000 0.000000 1.291985 -1.928548 -1.498088 14.800115 0.567467 3.865604 14.242553 -1.341738 -6.660648 19.631935 0.143921 -0.648243 51.494457 -0.925995 -5.026230 0.353029 -1.511150 -0.031940 20.222769 3.684305 2.316629 18.787249 0.000001 -0.000001 10.751608 -0.479870 1.397903 0.000000 -0.000000 0.000000 3.273804 0.305947 -0.580110 21.486790 11.830364 2.266131 8.162915 0.000000 -0.000000 18.399052 -3.798986 -4.940567 0.000003 0.000000 -0.000001 24.455870 -9.780911 -21.391218 0.072105 -0.121087 143.531967 3.472893 -27.424459 -54.079025 2.391903 -1.210033 -38.379833 0.000000 -0.000000 0.000002 -19.937538 0.842517 -19.744499 0.046163 0.017962 144.102722 -15.017725 13.771912 -56.293148 -1.654497 0.526878 -47.423042 0.000000 -0.000000 -0.000001
0.000000 0.000000 0.000000 0.000000 -0.000000 0.000000 0.665183 -59.486836 -2.928415 0.275506 -4.799230 -0.367365 0.893114 0.082006 11.964414 -0.507955 1.083463 0.646226 0.012369 0.136693 32.271683 -3.678421 6.638029 43.932995 -1.557551 -2.846777 -3.347285 -6.838460 -2.879081 9.283215 0.000077 -0.000022 0.000006 0.179193 -0.040333 -0.211206 0.872891 -3.730977 -10.656355 -0.526118 3.652336 -10.683278 12.938986 -14.886051 10.015483 -83.884720 -40.752480 24.719593 178.210663 -40.071503 -178.464142 27.251831 -10.021057 -28.614254 -5.882102 9.861279 0.702590 -10.936861 -0.360574 7.156197 0.000000 8.774815 -0.000000 -15.185401 17.824020 6.740371 -1.844031 2.498503 -2.507276 -10.163590 4.678941 4.621104 -20.975996 -0.000001 0.000001 -21.226254 2.451698 -3.593995 0.000000 -0.000006 -0.000000 -1.362681 2.240797 -0.746323 -21.334892 0.584910 3.008319 -13.821196 -0.000001 0.000001 -23.887129 -0.249075 -0.839485 -59.433472 2.382339 -1.259965 -0.294025 1.679686 0.833255 -14.218195 0.093215 1.300579 -34.212002 -0.287561 0.967166 -20.033176 0.964536 1.212838 0.000000 -0.000000 0.000000 -3.440387 0.788233 0.501655 -15.928172 -3.167306 2.999703 -6.338817 -0.000000 0.000001 -18.123419 3.648181 -4.905662 -0.000004 0.000000 -0.000002 -4.304193 22.924551 15.794934 82.223816 57.960438 13.231329 177.353210 38.358471 178.432312 -26.826263 3.138808 -21.357506 2.243540 -5.255033 -3.180156 14.282877 -0.826594 6.952496 -0.000000 -12.690593 -0.000001 15.611259 -17.774139 3.660339 1.665665 -1.955920 -2.878297 4.727794 -4.170584 4.993919 11.020511 0.000001 -0.000000 12.109032 -3.735715 -2.866778 0.000000 -0.000000 0.000000 1.291985 -1.928548 -1.498088 14.800115 0.567467 3.865604 14.242553 -1.341738 -6.660648 19.631935 0.143921 -0.648243 51.428368 -0.932041 -5.027757 0.353029 -1.511150 -0.031940 20.222769 3.684305 2.316629 18.787249 0.000001 -0.000001 10.751608 -0.479870 1.397903 0.000000 -0.000000 0.000000 3.273804 0.305947 -0.580110 21.486790 11.830364 2.266131 8.162915 0.000000 -0.000000 18.399052 -3.798986 -4.940567 0.000003 0.000000 -0.000001 24.312786 -9.542559 -21.261972 0.061118 -0.156814 143.375153 3.429387 -27.313702 -53.991211 2.357698 -1.212751 -38.409275 0.000000 -0.000000 0.000002 -19.973646 0.842649 -19.651501 0.053734 0.040132 143.924957 -14.975475 13.827271 -56.243622 -1.652377 0.526203 -47.456791 0.000000 -0.000000 -0.000001
0.000000 0.000000 0.000000 0.000000 -0.000000 0.000000 0.671947 -59.470940 -2.802196 0.317328 -4.806773 -0.301347 0.907476 0.048849 12.005859 -0.496229 1.052869 0.658838 0.074654 0.096799 32.221355 -3.648210 6.478819 43.582344 -1.532934 -2.726695 -3.350794 -6.865110 -2.768080 9.288388 0.000077 -0.000022 0.000006 0.186142 -0.038855 -0.205407 0.881722 -3.730507 -10.651869 -0.521031 3.654624 -10.681188 12.989446 -14.955529 10.037615 -83.814522 -40.733173 24.911512 178.118439 -40.067688 -178.414261 27.199268 -9.981256 -28.423325 -5.882102 9.861279 0.702590 -10.936861 -0.360574 7.156197 0.000000 8.774815 -0.000000 -15.132390 17.791025 6.718852 -1.844031 2.498503 -2.507276 -10.163590 4.678941 4.621104 -20.975996 -0.000001 0.000001 -21.226254 2.451698 -3.593995 0.000000 -0.000006 -0.000000 -1.362681 2.240797 -0.746323 -21.334892 0.584910 3.008319 -13.821196 -0.000001 0.000001 -23.887129 -0.249075 -0.839485 -59.348267 2.405413 -1.277404 -0.294025 1.679686 0.833255 -14.218195 0.093215 1.300579 -34.212002 -0.287561 0.967166 -20.033176 0.964536 1.212838 0.000000 -0.000000 0.000000 -3.440387 0.788233 0.501655 -15.928172 -3.167306 2.999703 -6.338817 -0.000000 0.000001 -18.123419 3.648181 -4.905662 -0.000004 0.000000 -0.000002 -4.260859 22.892950 15.746378 82.054855 57.824177 13.126839 177.325134 38.236740 178.412598 -26.763285 3.160380 -21.602465 2.243540 -5.255033 -3.180156 14.282877 -0.826594 6.952496 -0.000000 -12.690593 -0.000001 15.540781 -17.773016 3.683179 1.665665 -1.955920 -2.878297 4.727794 -4.170584 4.993919 11.020511 0.000001 -0.000000 12.109032 -3.735715 -2.866778 0.000000 -0.000000 0.000000 1.291985 -1.928548 -1.498088 14.800115 0.567467 3.865604 14.242553 -1.341738 -6.660648 19.631935 0.143921 -0.648243 51.326988 -0.926080 -5.033625 0.353029 -1.511150 -0.031940 20.222769 3.684305 2.316629 18.787249 0.000001 -0.000001 10.751608 -0.479870 1.397903 0.000000 -0.000000 0.000000 3.273804 0.305947 -0.580110 21.486790 11.830364 2.266131 8.162915 0.000000 -0.000000 18.399052 -3.798986 -4.940567 0.000003 0.000000 -0.000001 24.170431 -9.323963 -21.162380 0.043859 -0.189920 143.226044 3.331810 -27.238449 -53.880524 2.317156 -1.218744 -38.437408 0.000000 -0.000000 0.000002 -20.022930 0.840686 -19.560064 0.055495 0.057047 143.773239 -14.968844 13.859091 -56.238640 -1.640318 0.525987 -47.421528 0.000000 -0.000000 -0.000001
0.000000 0.000000 0.000000 0.000000 -0.000000 0.000000 0.667462 -59.450566 -2.695504 0.356250 -4.834496 -0.233079 0.917505 0.030366 12.045713 -0.493867 1.023420 0.669889 0.126035 0.033144 32.183407 -3.615921 6.307377 43.238464 -1.510308 -2.615499 -3.357555 -6.896602 -2.655456 9.278331 0.000077 -0.000022 0.000006 0.204014 -0.037678 -0.199973 0.907202 -3.732577 -10.654818 -0.510606 3.658766 -10.689217 13.038404 -14.995858 10.066603 -83.808052 -40.751415 25.027142 178.139465 -40.085026 -178.427475 27.162725 -9.848516 -28.231747 -5.882102 9.861279 0.702590 -10.936861 -0.360574 7.156197 0.000000 8.774815 -0.000000 -15.087511 17.768229 6.681656 -1.844031 2.498503 -2.507276 -10.163590 4.678941 4.621104 -20.975996 -0.000001 0.000001 -21.226254 2.451698 -3.593995 0.000000 -0.000006 -0.000000 -1.362681 2.240797 -0.746323 -21.334892 0.584910 3.008319 -13.821196 -0.000001 0.000001 -23.887129 -0.249075 -0.839485 -59.232323 2.429114 -1.304497 -0.294025 1.679686 0.833255 -14.218195 0.093215 1.300579 -34.212002 -0.287561 0.967166 -20.033176 0.964536 1.212838 0.000000 -0.000000 0.000000 -3.440387 0.788233 0.501655 -15.928172 -3.167306 2.999703 -6.338817 -0.000000 0.000001 -18.123419 3.648181 -4.905662 -0.000004 0.000000 -0.000002 -4.253654 22.853743 15.684285 81.971260 57.705318 12.996644 177.232117 38.116413 178.370575 -26.713390 3.140342 -21.867126 2.243540 -5.255033 -3.180156 14.282877 -0.826594 6.952496 -0.000000 -12.690593 -0.000001 15.441202 -17.770994 3.714889 1.665665 -1.955920 -2.878297 4.727794 -4.170584 4.993919 11.020511 0.000001 -0.000000 12.109032 -3.735715 -2.866778 0.000000 -0.000000 0.000000 1.291985 -1.928548 -1.498088 14.800115 0.567467 3.865604 14.242553 -1.341738 -6.660648 19.631935 0.143921 -0.648243 51.192646 -0.913036 -5.041459 0.353029 -1.511150 -0.031940 20.222769 3.684305 2.316629 18.787249 0.000001 -0.000001 10.751608 -0.479870 1.397903 0.000000 -0.000000 0.000000 3.273804 0.305947 -0.580110 21.486790 11.830364 2.266131 8.162915 0.000000 -0.000000 18.399052 -3.798986 -4.940567 0.000003 0.000000 -0.000001 24.049175 -9.106537 -21.093704 0.019137 -0.221127 143.085052 3.208044 -27.184540 -53.743374 2.284599 -1.224062 -38.457645 0.000000 -0.000000 0.000002 -20.061033 0.831745 -19.508289 0.054227 0.074882 143.652634 -14.985369 13.867376 -56.236355 -1.626265 0.526156 -47.335686 0.000000 -0.000000 -0.000001
0.000000 0.000000 0.000000 0.000000 -0.000000 0.000000 0.653631 -59.420891 -2.603346 0.394542 -4.896364 -0.172697 0.920889 0.021887 12.087186 -0.494413 0.991431 0.686489 0.163280 -0.024415 32.174850 -3.598263 6.132377 42.927834 -1.513750 -2.532382 -3.368081 -6.886503 -2.540784 9.218815 0.000077 -0.000022 0.000006 0.215132 -0.037997 -0.195405 0.927224 -3.740093 -10.663308 -0.508244 3.665354 -10.704189 13.064309 -15.015613 10.110237 -83.846817 -40.782558 25.145382 178.229584 -40.130344 -178.493759 27.125811 -9.664949 -28.126108 -5.882102 9.861279 0.702590 -10.936861 -0.360574 7.156197 0.000000 8.774815 -0.000000 -15.083150 17.767712 6.640031 -1.844031 2.498503 -2.507276 -10.163590 4.678941 4.621104 -20.975996 -0.000001 0.000001 -21.226254 2.451698 -3.593995 0.000000 -0.000006 -0.000000 -1.362681 2.240797 -0.746323 -21.334892 0.584910 3.008319 -13.821196 -0.000001 0.000001 -23.887129 -0.249075 -0.839485 -59.097141 2.450208 -1.334043 -0.294025 1.679686 0.833255 -14.218195 0.093215 1.300579 -34.212002 -0.287561 0.967166 -20.033176 0.964536 1.212838 0.000000 -0.000000 0.000000 -3.440387 0.788233 0.501655 -15.928172 -3.167306 2.999703 -6.338817 -0.000000 0.000001 -18.123419 3.648181 -4.905662 -0.000004 0.000000 -0.000002 -4.283262 22.791552 15.628594 81.992294 57.594894 12.922029 177.136826 38.002251 178.335266 -26.723730 3.087518 -22.133413 2.243540 -5.255033 -3.180156 14.282877 -0.826594 6.952496 -0.000000 -12.690593 -0.000001 15.326488 -17.758482 3.761662 1.665665 -1.955920 -2.878297 4.727794 -4.170584 4.993919 11.020511 0.000001 -0.000000 12.109032 -3.735715 -2.866778 0.000000 -0.000000 0.000000 1.291985 -1.928548 -1.498088 14.800115 0.567467 3.865604 14.242553 -1.341738 -6.660648 19.631935 0.143921 -0.648243 51.079063 -0.898521 -5.050560 0.353029 -1.511150 -0.031940 20.222769 3.684305 2.316629 18.787249 0.000001 -0.000001 10.751608 -0.479870 1.397903 0.000000 -0.000000 0.000000 3.273804 0.305947 -0.580110 21.486790 11.830364 2.266131 8.162915 0.000000 -0.000000 18.399052 -3.798986 -4.940567 0.000003 0.000000 -0.000001 23.936249 -8.892610 -21.016653 -0.007338 -0.251368 142.943604 3.122375 -27.116156 -53.631939 2.268501 -1.228317 -38.523121 0.000000 -0.000000 0.000002 -20.095518 0.821160 -19.489241 0.055629 0.088719 143.553329 -15.030062 13.844536 -56.226467 -1.617553 0.525532 -47.291054 0.000000 -0.000000 -0.000001
0.000000 0.000000 0.000000 0.000000 -0.000000 0.000000 0.631605 -59.388123 -2.513498 0.437799 -4.988718 -0.120097 0.917374 0.019341 12.124798 -0.489143 0.958431 0.719236 0.186259 -0.084892 32.206276 -3.613283 5.971739 42.625343 -1.523366 -2.468203 -3.376867 -6.839919 -2.409599 9.079414 0.000077 -0.000022 0.000006 0.215764 -0.039041 -0.190867 0.937233 -3.751827 -10.678339 -0.516824 3.674608 -10.724729 13.051778 -15.001245 10.164273 -83.933937 -40.814266 25.301476 178.384415 -40.208500 -178.607529 27.084948 -9.431963 -28.203894 -5.882102 9.861279 0.702590 -10.936861 -0.360574 7.156197 0.000000 8.774815 -0.000000 -15.135211 17.784090 6.589503 -1.844031 2.498503 -2.507276 -10.163590 4.678941 4.621104 -20.975996 -0.000001 0.000001 -21.226254 2.451698 -3.593995 0.000000 -0.000006 -0.000000 -1.362681 2.240797 -0.746323 -21.334892 0.584910 3.008319 -13.821196 -0.000001 0.000001 -23.887129 -0.249075 -0.839485 -58.965672 2.451497 -1.369588 -0.294025 1.679686 0.833255 -14.218195 0.093215 1.300579 -34.212002 -0.287561 0.967166 -20.033176 0.964536 1.212838 0.000000 -0.000000 0.000000 -3.440387 0.788233 0.501655 -15.928172 -3.167306 2.999703 -6.338817 -0.000000 0.000001 -18.123419 3.648181 -4.905662 -0.000004 0.000000 -0.000002 -4.335063 22.709707 15.571397 82.129929 57.520576 12.946868 177.049667 37.926373 178.300125 -26.781599 2.994812 -22.394054 2.243540 -5.255033 -3.180156 14.282877 -0.826594 6.952496 -0.000000 -12.690593 -0.000001 15.233595 -17.747232 3.814720 1.665665 -1.955920 -2.878297 4.727794 -4.170584 4.993919 11.020511 0.000001 -0.000000 12.109032 -3.735715 -2.866778 0.000000 -0.000000 0.000000 1.291985 -1.928548 -1.498088 14.800115 0.567467 3.865604 14.242553 -1.341738 -6.660648 19.631935 0.143921 -0.648243 50.984104 -0.892840 -5.051607 0.353029 -1.511150 -0.031940 20.222769 3.684305 2.316629 18.787249 0.000001 -0.000001 10.751608 -0.479870 1.397903 0.000000 -0.000000 0.000000 3.273804 0.305947 -0.580110 21.486790 11.830364 2.266131 8.162915 0.000000 -0.000000 18.399052 -3.798986 -4.940567 0.000003 0.000000 -0.000001 23.837809 -8.701548 -20.911974 -0.023199 -0.267418 142.790451 3.111798 -27.033566 -53.567429 2.271774 -1.231574 -38.612289 0.000000 -0.000000 0.000002 -20.125271 0.838206 -19.456358 0.062306 0.089937 143.472305 -15.071347 13.794296 -56.256145 -1.616337 0.523807 -47.295666 0.000000 -0.000000 -0.000001
0.000000 0.000000 0.000000 0.000000 -0.000000 0.000000 0.595674 -59.360676 -2.415867 0.485202 -5.099349 -0.085200 0.912325 0.017521 12.168859 -0.480944 0.919872 0.762986 0.202175 -0.149658 32.278267 -3.629119 5.799314 42.374195 -1.540020 -2.380583 -3.384133 -6.783628 -2.279796 8.902022 0.000077 -0.000022 0.000006 0.222027 -0.039165 -0.186686 0.947997 -3.763948 -10.705484 -0.514928 3.686149 -10.750892 12.990612 -14.961429 10.272827 -84.040039 -40.889954 25.495562 178.568802 -40.320282 -178.759109 27.048830 -9.157800 -28.381886 -5.882102 9.861279 0.702590 -10.936861 -0.360574 7.156197 0.000000 8.774815 -0.000000 -15.235576 17.830822 6.559192 -1.844031 2.498503 -2.507276 -10.163590 4.678941 4.621104 -20.975996 -0.000001 0.000001 -21.226254 2.451698 -3.593995 0.000000 -0.000006 -0.000000 -1.362681 2.240797 -0.746323 -21.334892 0.584910 3.008319 -13.821196 -0.000001 0.000001 -23.887129 -0.249075 -0.839485 -58.910442 2.456777 -1.410831 -0.294025 1.679686 0.833255 -14.218195 0.093215 1.300579 -34.212002 -0.287561 0.967166 -20.033176 0.964536 1.212838 0.000000 -0.000000 0.000000 -3.440387 0.788233 0.501655 -15.928172 -3.167306 2.999703 -6.338817 -0.000000 0.000001 -18.123419 3.648181 -4.905662 -0.000004 0.000000 -0.000002 -4.367839 22.615360 15.548895 82.350311 57.521976 13.096610 176.988953 37.892990 178.276901 -26.865498 2.869830 -22.589214 2.243540 -5.255033 -3.180156 14.282877 -0.826594 6.952496 -0.000000 -12.690593 -0.000001 15.179382 -17.746014 3.861165 1.665665 -1.955920 -2.878297 4.727794 -4.170584 4.993919 11.020511 0.000001 -0.000000 12.109032 -3.735715 -2.866778 0.000000 -0.000000 0.000000 1.291985 -1.928548 -1.498088 14.800115 0.567467 3.865604 14.242553 -1.341738 -6.660648 19.631935 0.143921 -0.648243 50.907711 -0.905680 -5.045637 0.353029 -1.511150 -0.031940 20.222769 3.684305 2.316629 18.787249 0.000001 -0.000001 10.751608 -0.479870 1.397903 0.000000 -0.000000 0.000000 3.273804 0.305947 -0.580110 21.486790 11.830364 2.266131 8.162915 0.000000 -0.000000 18.399052 -3.798986 -4.940567 0.000003 0.000000 -0.000001 23.784069 -8.545638 -20.749060 -0.029836 -0.266204 142.620819 3.172654 -26.975315 -53.564888 2.281834 -1.236406 -38.673954 0.000000 -0.000000 0.000002 -20.136333 0.850855 -19.361694 0.079703 0.091856 143.399261 -15.100580 13.706343 -56.336704 -1.618301 0.522864 -47.294590 0.000000 -0.000000 -0.000001
0.000000 0.000000 0.000000 0.000000 -0.000000 0.000000 0.555950 -59.334626 -2.311399 0.536529 -5.207913 -0.074770 0.913865 0.009577 12.216803 -0.478332 0.886870 0.817954 0.219213 -0.219263 32.381004 -3.594098 5.581331 42.187397 -1.554698 -2.293960 -3.379004 -6.739128 -2.146353 8.724698 0.000077 -0.000022 0.000006 0.238832 -0.037847 -0.183907 0.962303 -3.768401 -10.731171 -0.495360 3.693223 -10.766102 12.911965 -14.926642 10.417617 -84.180153 -40.993126 25.697844 178.788971 -40.495468 -178.956482 27.015013 -8.911381 -28.477886 -5.882102 9.861279 0.702590 -10.936861 -0.360574 7.156197 0.000000 8.774815 -0.000000 -15.313187 17.896513 6.572337 -1.844031 2.498503 -2.507276 -10.163590 4.678941 4.621104 -20.975996 -0.000001 0.000001 -21.226254 2.451698 -3.593995 0.000000 -0.000006 -0.000000 -1.362681 2.240797 -0.746323 -21.334892 0.584910 3.008319 -13.821196 -0.000001 0.000001 -23.887129 -0.249075 -0.839485 -58.943802 2.467166 -1.439222 -0.294025 1.679686 0.833255 -14.218195 0.093215 1.300579 -34.212002 -0.287561 0.967166 -20.033176 0.964536 1.212838 0.000000 -0.000000 0.000000 -3.440387 0.788233 0.501655 -15.928172 -3.167306 2.999703 -6.338817 -0.000000 0.000001 -18.123419 3.648181 -4.905662 -0.000004 0.000000 -0.000002 -4.364562 22.516333 15.562178 82.574409 57.573257 13.359076 176.976257 37.890556 178.269684 -26.946838 2.714433 -22.871920 2.243540 -5.255033 -3.180156 14.282877 -0.826594 6.952496 -0.000000 -12.690593 -0.000001 15.198860 -17.737362 3.871182 1.665665 -1.955920 -2.878297 4.727794 -4.170584 4.993919 11.020511 0.000001 -0.000000 12.109032 -3.735715 -2.866778 0.000000 -0.000000 0.000000 1.291985 -1.928548 -1.498088 14.800115 0.567467 3.865604 14.242553 -1.341738 -6.660648 19.631935 0.143921 -0.648243 50.869419 -0.921276 -5.041100 0.353029 -1.511150 -0.031940 20.222769 3.684305 2.316629 18.787249 0.000001 -0.000001 10.751608 -0.479870 1.397903 0.000000 -0.000000 0.000000 3.273804 0.305947 -0.580110 21.486790 11.830364 2.266131 8.162915 0.000000 -0.000000 18.399052 -3.798986 -4.940567 0.000003 0.000000 -0.000001 23.758432 -8.419429 -20.529312 -0.035458 -0.248697 142.449570 3.311666 -26.913124 -53.638397 2.295519 -1.238955 -38.812366 0.000000 -0.000000 0.000002 -20.177469 0.891478 -19.207142 0.084349 0.078483 143.322632 -15.127032 13.655166 -56.459423 -1.620364 0.525826 -47.173023 0.000000 -0.000000 -0.000001
0.000000 0.000000 0.000000 0.000000 -0.000000 0.000000 0.514719 -59.300415 -2.221504 0.582856 -5.313684 -0.072820 0.934632 -0.004049 12.249129 -0.475460 0.863170 0.868579 0.243045 -0.285704 32.521900 -3.512949 5.357330 42.094620 -1.574337 -2.244648 -3.359957 -6.691405 -2.042228 8.569708 0.000077 -0.000022 0.000006 0.249982 -0.036225 -0.179649 0.962431 -3.761342 -10.738924 -0.473024 3.689739 -10.760412 12.787367 -14.895664 10.586209 -84.283638 -41.095299 25.885733 178.997040 -40.745140 -179.134354 26.952345 -8.761448 -28.378931 -5.882102 9.861279 0.702590 -10.936861 -0.360574 7.156197 0.000000 8.774815 -0.000000 -15.317634 17.954197 6.631394 -1.844031 2.498503 -2.507276 -10.163590 4.678941 4.621104 -20.975996 -0.000001 0.000001 -21.226254 2.451698 -3.593995 0.000000 -0.000006 -0.000000 -1.362681 2.240797 -0.746323 -21.334892 0.584910 3.008319 -13.821196 -0.000001 0.000001 -23.887129 -0.249075 -0.839485 -59.011127 2.479179 -1.438781 -0.294025 1.679686 0.833255 -14.218195 0.093215 1.300579 -34.212002 -0.287561 0.967166 -20.033176 0.964536 1.212838 0.000000 -0.000000 0.000000 -3.440387 0.788233 0.501655 -15.928172 -3.167306 2.999703 -6.338817 -0.000000 0.000001 -18.123419 3.648181 -4.905662 -0.000004 0.000000 -0.000002 -4.342165 22.418707 15.648546 82.723282 57.692650 13.724438 177.056274 37.906670 178.302551 -27.066294 2.573657 -23.194183 2.243540 -5.255033 -3.180156 14.282877 -0.826594 6.952496 -0.000000 -12.690593 -0.000001 15.302092 -17.730486 3.851471 1.665665 -1.955920 -2.878297 4.727794 -4.170584 4.993919 11.020511 0.000001 -0.000000 12.109032 -3.735715 -2.866778 0.000000 -0.000000 0.000000 1.291985 -1.928548 -1.498088 14.800115 0.567467 3.865604 14.242553 -1.341738 -6.660648 19.631935 0.143921 -0.648243 50.907154 -0.933814 -5.032107 0.353029 -1.511150 -0.031940 20.222769 3.684305 2.316629 18.787249 0.000001 -0.000001 10.751608 -0.479870 1.397903 0.000000 -0.000000 0.000000 3.273804 0.305947 -0.580110 21.486790 11.830364 2.266131 8.162915 0.000000 -0.000000 18.399052 -3.798986 -4.940567 0.000003 0.000000 -0.000001 23.758942 -8.313335 -20.337437 -0.034872 -0.225692 142.288605 3.468580 -26.867762 -53.702110 2.306851 -1.239860 -39.020370 0.000000 -0.000000 0.000002 -20.230349 0.946227 -19.071239 0.073360 0.055304 143.257980 -15.187956 13.615274 -56.583347 -1.631024 0.534681 -46.872227 0.000000 -0.000000 -0.000001
0.000000 0.000000 0.000000 0.000000 -0.000000 0.000000 0.468975 -59.250176 -2.163281 0.617035 -5.422102 -0.062264 0.981408 -0.020712 12.243980 -0.466081 0.868882 0.910969 0.271297 -0.377580 32.690331 -3.417504 5.160909 42.073273 -1.623263 -2.229139 -3.346237 -6.602378 -1.980534 8.501968 0.000077 -0.000022 0.000006 0.240617 -0.034784 -0.177661 0.943200 -3.751683 -10.744270 -0.472496 3.683413 -10.757356 12.641074 -14.842826 10.756952 -84.330231 -41.177547 26.056767 179.146957 -41.063351 -179.234634 26.844534 -8.739803 -28.093735 -5.882102 9.861279 0.702590 -10.936861 -0.360574 7.156197 0.000000 8.774815 -0.000000 -15.256903 18.012062 6.730157 -1.844031 2.498503 -2.507276 -10.163590 4.678941 4.621104 -20.975996 -0.000001 0.000001 -21.226254 2.451698 -3.593995 0.000000 -0.000006 -0.000000 -1.362681 2.240797 -0.746323 -21.334892 0.584910 3.008319 -13.821196 -0.000001 0.000001 -23.887129 -0.249075 -0.839485 -59.097603 2.495899 -1.423698 -0.294025 1.679686 0.833255 -14.218195 0.093215 1.300579 -34.212002 -0.287561 0.967166 -20.033176 0.964536 1.212838 0.000000 -0.000000 0.000000 -3.440387 0.788233 0.501655 -15.928172 -3.167306 2.999703 -6.338817 -0.000000 0.000001 -18.123419 3.648181 -4.905662 -0.000004 0.000000 -0.000002 -4.332421 22.325916 15.802758 82.783798 57.839287 14.049950 177.143448 37.924862 178.380783 -27.231623 2.410759 -23.638905 2.243540 -5.255033 -3.180156 14.282877 -0.826594 6.952496 -0.000000 -12.690593 -0.000001 15.405781 -17.723293 3.862083 1.665665 -1.955920 -2.878297 4.727794 -4.170584 4.993919 11.020511 0.000001 -0.000000 12.109032 -3.735715 -2.866778 0.000000 -0.000000 0.000000 1.291985 -1.928548 -1.498088 14.800115 0.567467 3.865604 14.242553 -1.341738 -6.660648 19.631935 0.143921 -0.648243 50.983360 -0.963745 -4.997595 0.353029 -1.511150 -0.031940 20.222769 3.684305 2.316629 18.787249 0.000001 -0.000001 10.751608 -0.479870 1.397903 0.000000 -0.000000 0.000000 3.273804 0.305947 -0.580110 21.486790 11.830364 2.266131 8.162915 0.000000 -0.000000 18.399052 -3.798986 -4.940567 0.000003 0.000000 -0.000001 23.788513 -8.219954 -20.222755 -0.030928 -0.210623 142.156021 3.622568 -26.842293 -53.739075 2.315984 -1.237465 -39.233166 0.000000 -0.000000 0.000002 -20.230112 0.976397 -19.030735 0.062023 0.043465 143.217300 -15.224225 13.555874 -56.631180 -1.648033 0.546113 -46.562538 0.000000 -0.000000 -0.000001
0.000000 0.000000 0.000000 0.000000 -0.000000 0.000000 0.421349 -59.201020 -2.140918 0.641966 -5.522576 -0.032716 1.043453 -0.055767 12.204427 -0.430232 0.876429 0.935425 0.279154 -0.465700 32.853397 -3.299094 5.015911 42.114052 -1.658180 -2.239812 -3.343980 -6.516348 -1.958293 8.500392 0.000077 -0.000022 0.000006 0.212142 -0.033646 -0.179856 0.913750 -3.746799 -10.759063 -0.499971 3.681034 -10.771834 12.534325 -14.747690 10.894906 -84.363777 -41.211544 26.315641 179.217178 -41.439552 -179.260986 26.745440 -8.862710 -27.663763 -5.882102 9.861279 0.702590 -10.936861 -0.360574 7.156197 0.000000 8.774815 -0.000000 -15.173637 18.063116 6.841500 -1.844031 2.498503 -2.507276 -10.163590 4.678941 4.621104 -20.975996 -0.000001 0.000001 -21.226254 2.451698 -3.593995 0.000000 -0.000006 -0.000000 -1.362681 2.240797 -0.746323 -21.334892 0.584910 3.008319 -13.821196 -0.000001 0.000001 -23.887129 -0.249075 -0.839485 -59.210106 2.499605 -1.384779 -0.294025 1.679686 0.833255 -14.218195 0.093215 1.300579 -34.212002 -0.287561 0.967166 -20.033176 0.964536 1.212838 0.000000 -0.000000 0.000000 -3.440387 0.788233 0.501655 -15.928172 -3.167306 2.999703 -6.338817 -0.000000 0.000001 -18.123419 3.648181 -4.905662 -0.000004 0.000000 -0.000002 -4.348376 22.257883 15.967794 82.798553 57.903027 14.289025 177.205673 37.937229 178.499176 -27.432524 2.232634 -24.258959 2.243540 -5.255033 -3.180156 14.282877 -0.826594 6.952496 -0.000000 -12.690593 -0.000001 15.427542 -17.714899 3.930850 1.665665 -1.955920 -2.878297 4.727794 -4.170584 4.993919 11.020511 0.000001 -0.000000 12.109032 -3.735715 -2.866778 0.000000 -0.000000 0.000000 1.291985 -1.928548 -1.498088 14.800115 0.567467 3.865604 14.242553 -1.341738 -6.660648 19.631935 0.143921 -0.648243 51.060261 -0.997419 -4.945476 0.353029 -1.511150 -0.031940 20.222769 3.684305 2.316629 18.787249 0.000001 -0.000001 10.751608 -0.479870 1.397903 0.000000 -0.000000 0.000000 3.273804 0.305947 -0.580110 21.486790 11.830364 2.266131 8.162915 0.000000 -0.000000 18.399052 -3.798986 -4.940567 0.000003 0.000000 -0.000001 23.802322 -8.141564 -20.200542 -0.027850 -0.223768 142.061905 3.709076 -26.829987 -53.726990 2.320747 -1.233104 -39.370514 0.000000 -0.000000 0.000002 -20.172140 0.955651 -19.093616 0.060778 0.054397 143.204773 -15.231411 13.472074 -56.588974 -1.668027 0.556714 -46.366951 0.000000 -0.000000 -0.000001
0.000000 0.000000 0.000000 0.000000 -0.000000 0.000000 0.380097 -59.148674 -2.142058 0.684811 -5.588865 -0.011129 1.083548 -0.114203 12.162290 -0.370448 0.856279 0.942387 0.257381 -0.537823 32.967361 -3.123368 4.903506 42.247215 -1.667593 -2.276167 -3.355417 -6.481254 -1.959345 8.499823 0.000077 -0.000022 0.000006 0.181567 -0.032995 -0.186457 0.891495 -3.747755 -10.780331 -0.538845 3.683278 -10.800899 12.490350 -14.608353 11.031129 -84.434952 -41.233749 26.748171 179.217880 -41.851597 -179.266129 26.665670 -9.106522 -27.053246 -5.882102 9.861279 0.702590 -10.936861 -0.360574 7.156197 0.000000 8.774815 -0.000000 -15.114647 18.091143 6.882211 -1.844031 2.498503 -2.507276 -10.163590 4.678941 4.621104 -20.975996 -0.000001 0.000001 -21.226254 2.451698 -3.593995 0.000000 -0.000006 -0.000000 -1.362681 2.240797 -0.746323 -21.334892 0.584910 3.008319 -13.821196 -0.000001 0.000001 -23.887129 -0.249075 -0.839485 -59.334618 2.491473 -1.389007 -0.294025 1.679686 0.833255 -14.218195 0.093215 1.300579 -34.212002 -0.287561 0.967166 -20.033176 0.964536 1.212838 0.000000 -0.000000 0.000000 -3.440387 0.788233 0.501655 -15.928172 -3.167306 2.999703 -6.338817 -0.000000 0.000001 -18.123419 3.648181 -4.905662 -0.000004 0.000000 -0.000002 -4.357905 22.210367 16.105043 82.871216 57.809238 14.467384 177.194214 37.922100 178.608002 -27.630100 2.029269 -25.118212 2.243540 -5.255033 -3.180156 14.282877 -0.826594 6.952496 -0.000000 -12.690593 -0.000001 15.307970 -17.735123 4.068292 1.665665 -1.955920 -2.878297 4.727794 -4.170584 4.993919 11.020511 0.000001 -0.000000 12.109032 -3.735715 -2.866778 0.000000 -0.000000 0.000000 1.291985 -1.928548 -1.498088 14.800115 0.567467 3.865604 14.242553 -1.341738 -6.660648 19.631935 0.143921 -0.648243 51.101414 -1.047799 -4.899823 0.353029 -1.511150 -0.031940 20.222769 3.684305 2.316629 18.787249 0.000001 -0.000001 10.751608 -0.479870 1.397903 0.000000 -0.000000 0.000000 3.273804 0.305947 -0.580110 21.486790 11.830364 2.266131 8.162915 0.000000 -0.000000 18.399052 -3.798986 -4.940567 0.000003 0.000000 -0.000001 23.729063 -8.093251 -20.217892 -0.029193 -0.271828 142.002304 3.680565 -26.815550 -53.681709 2.325674 -1.224113 -39.536175 0.000000 -0.000000 0.000002 -20.110147 0.915654 -19.197271 0.056271 0.081193 143.189255 -15.206735 13.412472 -56.468491 -1.692586 0.562952 -46.433388 0.000000 -0.000000 -0.000001
0.000000 0.000000 0.000000 0.000000 -0.000000 0.000000 0.334214 -59.086514 -2.143192 0.744266 -5.578492 0.004721 1.093587 -0.199278 12.131375 -0.304526 0.760380 0.949600 0.224270 -0.579171 32.988194 -2.930393 4.784765 42.449791 -1.619031 -2.311637 -3.380780 -6.545090 -1.967903 8.449217 0.000077 -0.000022 0.000006 0.183167 -0.032116 -0.195101 0.910726 -3.759125 -10.829382 -0.555093 3.696419 -10.854370 12.519233 -14.462842 11.177753 -84.546822 -41.245884 27.280428 179.144516 -42.232891 -179.290298 26.490774 -9.403631 -26.310871 -5.882102 9.861279 0.702590 -10.936861 -0.360574 7.156197 0.000000 8.774815 -0.000000 -15.065133 18.051687 6.814743 -1.844031 2.498503 -2.507276 -10.163590 4.678941 4.621104 -20.975996 -0.000001 0.000001 -21.226254 2.451698 -3.593995 0.000000 -0.000006 -0.000000 -1.362681 2.240797 -0.746323 -21.334892 0.584910 3.008319 -13.821196 -0.000001 0.000001 -23.887129 -0.249075 -0.839485 -59.398548 2.481249 -1.462795 -0.294025 1.679686 0.833255 -14.218195 0.093215 1.300579 -34.212002 -0.287561 0.967166 -20.033176 0.964536 1.212838 0.000000 -0.000000 0.000000 -3.440387 0.788233 0.501655 -15.928172 -3.167306 2.999703 -6.338817 -0.000000 0.000001 -18.123419 3.648181 -4.905662 -0.000004 0.000000 -0.000002 -4.312209 22.160881 16.159096 83.064499 57.556358 14.722011 177.144791 37.879440 178.662445 -27.755222 1.901733 -25.883003 2.243540 -5.255033 -3.180156 14.282877 -0.826594 6.952496 -0.000000 -12.690593 -0.000001 15.134115 -17.855759 4.231764 1.665665 -1.955920 -2.878297 4.727794 -4.170584 4.993919 11.020511 0.000001 -0.000000 12.109032 -3.735715 -2.866778 0.000000 -0.000000 0.000000 1.291985 -1.928548 -1.498088 14.800115 0.567467 3.865604 14.242553 -1.341738 -6.660648 19.631935 0.143921 -0.648243 51.124134 -1.128195 -4.909321 0.353029 -1.511150 -0.031940 20.222769 3.684305 2.316629 18.787249 0.000001 -0.000001 10.751608 -0.479870 1.397903 0.000000 -0.000000 0.000000 3.273804 0.305947 -0.580110 21.486790 11.830364 2.266131 8.162915 0.000000 -0.000000 18.399052 -3.798986 -4.940567 0.000003 0.000000 -0.000001 23.620792 -8.127861 -20.241991 -0.039898 -0.339756 141.969193 3.655880 -26.782677 -53.712818 2.323173 -1.213140 -39.874077 0.000000 -0.000000 0.000002 -20.061184 0.831013 -19.261786 0.035299 0.096900 143.139084 -15.133893 13.406036 -56.306046 -1.720165 0.562394 -46.684769 0.000000 -0.000000 -0.000001
0.000000 0.000000 0.000000 0.000000 -0.000000 0.000000 0.254461 -59.044392 -2.107533 0.820387 -5.475170 0.076145 1.087218 -0.270350 12.055568 -0.265660 0.535137 0.994591 0.240741 -0.608930 32.940575 -2.782183 4.544687 42.589088 -1.534965 -2.270081 -3.421566 -6.729843 -1.986557 8.349937 0.000077 -0.000022 0.000006 0.251029 -0.027672 -0.201749 0.989151 -3.769887 -10.905304 -0.498153 3.716370 -10.923156 12.647821 -14.384074 11.230550 -84.707947 -41.131763 27.748302 179.057983 -42.475967 -179.368057 26.170816 -9.608633 -25.830219 -5.882102 9.861279 0.702590 -10.936861 -0.360574 7.156197 0.000000 8.774815 -0.000000 -15.030999 17.975306 6.689923 -1.844031 2.498503 -2.507276 -10.163590 4.678941 4.621104 -20.975996 -0.000001 0.000001 -21.226254 2.451698 -3.593995 0.000000 -0.000006 -0.000000 -1.362681 2.240797 -0.746323 -21.334892 0.584910 3.008319 -13.821196 -0.000001 0.000001 -23.887129 -0.249075 -0.839485 -59.343792 2.533584 -1.483522 -0.294025 1.679686 0.833255 -14.218195 0.093215 1.300579 -34.212002 -0.287561 0.967166 -20.033176 0.964536 1.212838 0.000000 -0.000000 0.000000 -3.440387 0.788233 0.501655 -15.928172 -3.167306 2.999703 -6.338817 -0.000000 0.000001 -18.123419 3.648181 -4.905662 -0.000004 0.000000 -0.000002 -4.244393 22.035934 16.141241 83.330238 57.286190 15.192946 177.118530 37.788208 178.664276 -27.834038 1.970696 -25.838142 2.243540 -5.255033 -3.180156 14.282877 -0.826594 6.952496 -0.000000 -12.690593 -0.000001 15.065874 -18.031235 4.282491 1.665665 -1.955920 -2.878297 4.727794 -4.170584 4.993919 11.020511 0.000001 -0.000000 12.109032 -3.735715 -2.866778 0.000000 -0.000000 0.000000 1.291985 -1.928548 -1.498088 14.800115 0.567467 3.865604 14.242553 -1.341738 -6.660648 19.631935 0.143921 -0.648243 51.119030 -1.215160 -5.038467 0.353029 -1.511150 -0.031940 20.222769 3.684305 2.316629 18.787249 0.000001 -0.000001 10.751608 -0.479870 1.397903 0.000000 -0.000000 0.000000 3.273804 0.305947 -0.580110 21.486790 11.830364 2.266131 8.162915 0.000000 -0.000000 18.399052 -3.798986 -4.940567 0.000003 0.000000 -0.000001 23.566763 -8.284255 -20.305065 -0.059577 -0.381701 141.921661 3.723798 -26.747877 -53.837460 2.294372 -1.208220 -40.185570 0.000000 -0.000000 0.000002 -20.013382 0.619121 -19.214478 0.000313 0.114372 143.054749 -14.934546 13.466504 -56.190567 -1.721406 0.553428 -46.968021 0.000000 -0.000000 -0.000001
