HIERARCHY
ROOT Root
{
  OFFSET 0.000000 0.000000 0.000000
  CHANNELS 6 Xposition Yposition Zposition Zrotation Yrotation Xrotation
  JOINT Hips
  {
    OFFSET 0.000000 100.000000 0.000000
    CHANNELS 6 Xposition Yposition Zposition Zrotation Yrotation Xrotation
    JOINT Spine1
    {
      OFFSET -0.013727 5.003763 -0.053727
      CHANNELS 3 Zrotation Yrotation Xrotation
      JOINT Spine2
      {
        OFFSET -0.000000 7.125301 -0.029825
        CHANNELS 3 Zrotation Yrotation Xrotation
        JOINT Chest
        {
          OFFSET -0.000001 7.550063 -0.815971
          CHANNELS 3 Zrotation Yrotation Xrotation
          JOINT Neck1
          {
            OFFSET -0.181677 26.311295 -0.553348
            CHANNELS 3 Zrotation Yrotation Xrotation
            JOINT Neck2
            {
              OFFSET -0.000003 7.709397 2.302585
              CHANNELS 3 Zrotation Yrotation Xrotation
              JOINT Head
              {
                OFFSET -0.000005 6.128916 1.953709
                CHANNELS 3 Zrotation Yrotation Xrotation
                JOINT HeadEnd
                {
                  OFFSET 0.003598 16.065403 -1.835379
                  CHANNELS 3 Zrotation Yrotation Xrotation
                }
                JOINT Jaw
                {
                  OFFSET 0.002637 0.475592 3.094941
                  CHANNELS 3 Zrotation Yrotation Xrotation
                }
                JOINT LeftEye
                {
                  OFFSET 3.206381 5.380205 7.586883
                  CHANNELS 3 Zrotation Yrotation Xrotation
                }
                JOINT RightEye
                {
                  OFFSET -3.222440 5.361869 7.558234
                  CHANNELS 3 Zrotation Yrotation Xrotation
                }
              }
            }
          }
          JOINT LeftShoulder
          {
            OFFSET 1.621652 23.237164 5.113413
            CHANNELS 3 Zrotation Yrotation Xrotation
            JOINT LeftArm
            {
              OFFSET 14.919846 0.000002 -5.502326
              CHANNELS 3 Zrotation Yrotation Xrotation
              JOINT LeftForeArm
              {
                OFFSET 28.739307 0.000000 -0.002588
                CHANNELS 3 Zrotation Yrotation Xrotation
                JOINT LeftHand
                {
                  OFFSET 27.093981 -0.000001 0.002609
                  CHANNELS 3 Zrotation Yrotation Xrotation
                  JOINT LeftHandThumb1
                  {
                    OFFSET 2.276482 -1.392045 3.191413
                    CHANNELS 3 Zrotation Yrotation Xrotation
                    JOINT LeftHandThumb2
                    {
                      OFFSET 4.012836 -1.828127 1.641654
                      CHANNELS 3 Zrotation Yrotation Xrotation
                      JOINT LeftHandThumb3
                      {
                        OFFSET 2.798515 0.000000 -0.000003
                        CHANNELS 3 Zrotation Yrotation Xrotation
                        JOINT LeftHandThumbEnd
                        {
                          OFFSET 3.180793 -0.000004 0.000004
                          CHANNELS 3 Zrotation Yrotation Xrotation
                        }
                      }
                    }
                  }
                  JOINT LeftHandIndex1
                  {
                    OFFSET 3.247555 -0.531998 2.296169
                    CHANNELS 3 Zrotation Yrotation Xrotation
                    JOINT LeftHandIndex2
                    {
                      OFFSET 6.364578 0.012060 0.178600
                      CHANNELS 3 Zrotation Yrotation Xrotation
                      JOINT LeftHandIndex3
                      {
                        OFFSET 3.662364 0.000000 0.000000
                        CHANNELS 3 Zrotation Yrotation Xrotation
                        JOINT LeftHandIndex4
                        {
                          OFFSET 2.329242 0.000004 0.000004
                          CHANNELS 3 Zrotation Yrotation Xrotation
                          JOINT LeftHandIndexEnd
                          {
                            OFFSET 2.759615 -0.180537 -0.113024
                            CHANNELS 3 Zrotation Yrotation Xrotation
                          }
                        }
                      }
                    }
                  }
                  JOINT LeftHandMiddle1
                  {
                    OFFSET 3.163495 0.240981 1.000332
                    CHANNELS 3 Zrotation Yrotation Xrotation
                    JOINT LeftHandMiddle2
                    {
                      OFFSET 6.190780 -0.259278 -1.002548
                      CHANNELS 3 Zrotation Yrotation Xrotation
                      JOINT LeftHandMiddle3
                      {
                        OFFSET 4.356520 -0.000004 -0.000001
                        CHANNELS 3 Zrotation Yrotation Xrotation
                        JOINT LeftHandMiddle4
                        {
                          OFFSET 2.996877 -0.000008 0.000000
                          CHANNELS 3 Zrotation Yrotation Xrotation
                          JOINT LeftHandMiddleEnd
                          {
                            OFFSET 2.304287 -0.294569 -0.031741
                            CHANNELS 3 Zrotation Yrotation Xrotation
                          }
                        }
                      }
                    }
                  }
                  JOINT LeftHandRing1
                  {
                    OFFSET 2.882643 -0.053652 -0.322543
                    CHANNELS 3 Zrotation Yrotation Xrotation
                    JOINT LeftHandRing2
                    {
                      OFFSET 5.854541 -0.486202 -1.373841
                      CHANNELS 3 Zrotation Yrotation Xrotation
                      JOINT LeftHandRing3
                      {
                        OFFSET 4.350578 0.000000 0.000003
                        CHANNELS 3 Zrotation Yrotation Xrotation
                        JOINT LeftHandRing4
                        {
                          OFFSET 2.651321 0.000007 0.000002
                          CHANNELS 3 Zrotation Yrotation Xrotation
                          JOINT LeftHandRingEnd
                          {
                            OFFSET 1.936105 0.077687 -0.000071
                            CHANNELS 3 Zrotation Yrotation Xrotation
                          }
                        }
                      }
                    }
                  }
                  JOINT LeftHandPinky1
                  {
                    OFFSET 2.865500 -0.310005 -1.600378
                    CHANNELS 3 Zrotation Yrotation Xrotation
                    JOINT LeftHandPinky2
                    {
                      OFFSET 5.087849 -1.331141 -1.771230
                      CHANNELS 3 Zrotation Yrotation Xrotation
                      JOINT LeftHandPinky3
                      {
                        OFFSET 3.070974 0.000004 0.000000
                        CHANNELS 3 Zrotation Yrotation Xrotation
                        JOINT LeftHandPinky4
                        {
                          OFFSET 1.549672 0.000000 0.000001
                          CHANNELS 3 Zrotation Yrotation Xrotation
                          JOINT LeftHandPinkyEnd
                          {
                            OFFSET 1.944893 -0.157802 0.057219
                            CHANNELS 3 Zrotation Yrotation Xrotation
                          }
                        }
                      }
                    }
                  }
                }
              }
            }
          }
          JOINT RightShoulder
          {
            OFFSET -1.380118 23.180309 5.214158
            CHANNELS 3 Zrotation Yrotation Xrotation
            JOINT RightArm
            {
              OFFSET -15.037196 0.000012 -5.545604
              CHANNELS 3 Zrotation Yrotation Xrotation
              JOINT RightForeArm
              {
                OFFSET -28.736639 0.000002 -0.002597
                CHANNELS 3 Zrotation Yrotation Xrotation
                JOINT RightHand
                {
                  OFFSET -27.133619 -0.000000 0.002613
                  CHANNELS 3 Zrotation Yrotation Xrotation
                  JOINT RightHandThumb1
                  {
                    OFFSET -2.274032 -1.383988 3.163127
                    CHANNELS 3 Zrotation Yrotation Xrotation
                    JOINT RightHandThumb2
                    {
                      OFFSET -4.011429 -1.827466 1.640914
                      CHANNELS 3 Zrotation Yrotation Xrotation
                      JOINT RightHandThumb3
                      {
                        OFFSET -2.794935 -0.000004 -0.000003
                        CHANNELS 3 Zrotation Yrotation Xrotation
                        JOINT RightHandThumbEnd
                        {
                          OFFSET -3.183852 0.000004 0.000001
                          CHANNELS 3 Zrotation Yrotation Xrotation
                        }
                      }
                    }
                  }
                  JOINT RightHandIndex1
                  {
                    OFFSET -3.253266 -0.520057 2.282866
                    CHANNELS 3 Zrotation Yrotation Xrotation
                    JOINT RightHandIndex2
                    {
                      OFFSET -6.341917 0.012471 0.178266
                      CHANNELS 3 Zrotation Yrotation Xrotation
                      JOINT RightHandIndex3
                      {
                        OFFSET -3.654871 -0.000008 -0.000000
                        CHANNELS 3 Zrotation Yrotation Xrotation
                        JOINT RightHandIndex4
                        {
                          OFFSET -2.327586 0.000000 0.000001
                          CHANNELS 3 Zrotation Yrotation Xrotation
                          JOINT RightHandIndexEnd
                          {
                            OFFSET -2.761790 -0.180656 -0.113078
                            CHANNELS 3 Zrotation Yrotation Xrotation
                          }
                        }
                      }
                    }
                  }
                  JOINT RightHandMiddle1
                  {
                    OFFSET -3.168106 0.246593 1.001030
                    CHANNELS 3 Zrotation Yrotation Xrotation
                    JOINT RightHandMiddle2
                    {
                      OFFSET -6.180828 -0.258836 -1.000895
                      CHANNELS 3 Zrotation Yrotation Xrotation
                      JOINT RightHandMiddle3
                      {
                        OFFSET -4.348901 0.000000 -0.000000
                        CHANNELS 3 Zrotation Yrotation Xrotation
                        JOINT RightHandMiddle4
                        {
                          OFFSET -3.000240 -0.000004 -0.000002
                          CHANNELS 3 Zrotation Yrotation Xrotation
                          JOINT RightHandMiddleEnd
                          {
                            OFFSET -2.302520 -0.294370 -0.031706
                            CHANNELS 3 Zrotation Yrotation Xrotation
                          }
                        }
                      }
                    }
                  }
                  JOINT RightHandRing1
                  {
                    OFFSET -2.885690 -0.067952 -0.308858
                    CHANNELS 3 Zrotation Yrotation Xrotation
                    JOINT RightHandRing2
                    {
                      OFFSET -5.854198 -0.486130 -1.373731
                      CHANNELS 3 Zrotation Yrotation Xrotation
                      JOINT RightHandRing3
                      {
                        OFFSET -4.338810 -0.000004 -0.000000
                        CHANNELS 3 Zrotation Yrotation Xrotation
                        JOINT RightHandRing4
                        {
                          OFFSET -2.654903 -0.000004 0.000004
                          CHANNELS 3 Zrotation Yrotation Xrotation
                          JOINT RightHandRingEnd
                          {
                            OFFSET -1.933568 0.077527 -0.000052
                            CHANNELS 3 Zrotation Yrotation Xrotation
                          }
                        }
                      }
                    }
                  }
                  JOINT RightHandPinky1
                  {
                    OFFSET -2.866425 -0.342796 -1.584145
                    CHANNELS 3 Zrotation Yrotation Xrotation
                    JOINT RightHandPinky2
                    {
                      OFFSET -5.091371 -1.332055 -1.772385
                      CHANNELS 3 Zrotation Yrotation Xrotation
                      JOINT RightHandPinky3
                      {
                        OFFSET -3.062664 -0.000004 0.000001
                        CHANNELS 3 Zrotation Yrotation Xrotation
                        JOINT RightHandPinky4
                        {
                          OFFSET -1.546529 0.000004 -0.000002
                          CHANNELS 3 Zrotation Yrotation Xrotation
                          JOINT RightHandPinkyEnd
                          {
                            OFFSET -1.945119 -0.157718 0.057211
                            CHANNELS 3 Zrotation Yrotation Xrotation
                          }
                        }
                      }
                    }
                  }
                }
              }
            }
          }
        }
      }
    }
    JOINT LeftLeg
    {
      OFFSET 10.043214 -8.434526 2.595655
      CHANNELS 3 Zrotation Yrotation Xrotation
      JOINT LeftShin
      {
        OFFSET -0.000001 -43.221752 -0.802913
        CHANNELS 3 Zrotation Yrotation Xrotation
        JOINT LeftFoot
        {
          OFFSET 0.000001 -42.155094 -3.481523
          CHANNELS 3 Zrotation Yrotation Xrotation
          JOINT LeftToeBase
          {
            OFFSET 0.000000 -5.059472 13.231529
            CHANNELS 3 Zrotation Yrotation Xrotation
            JOINT LeftToeEnd
            {
              OFFSET -0.009607 -1.647619 6.513017
              CHANNELS 3 Zrotation Yrotation Xrotation
            }
          }
        }
      }
    }
    JOINT RightLeg
    {
      OFFSET -10.047278 -8.295260 2.620317
      CHANNELS 3 Zrotation Yrotation Xrotation
      JOINT RightShin
      {
        OFFSET 0.000001 -43.362206 -0.805556
        CHANNELS 3 Zrotation Yrotation Xrotation
        JOINT RightFoot
        {
          OFFSET 0.000002 -42.117393 -3.478398
          CHANNELS 3 Zrotation Yrotation Xrotation
          JOINT RightToeBase
          {
            OFFSET -0.000000 -5.079609 13.284196
            CHANNELS 3 Zrotation Yrotation Xrotation
            JOINT RightToeEnd
            {
              OFFSET 0.009532 -1.634378 6.460591
              CHANNELS 3 Zrotation Yrotation Xrotation
            }
          }
        }
      }
    }
  }
}
MOTION
Frames: 90
Frame Time: 0.03333333
0.000000 0.000000 0.000000 0.000000 -0.000000 0.000000 4.182828 -3.314110 -4.238851 1.405300 -0.346229 3.293672 -1.522369 -0.045408 6.394402 -0.809537 0.487165 -2.302940 -1.343761 -0.903822 17.375826 -0.283001 2.908983 5.987787 -0.470305 1.094114 -3.377363 1.838683 -0.743865 -2.307918 0.000077 -0.000022 0.000006 0.013238 -0.018015 -0.043915 0.784153 -3.736916 -10.534183 -0.762613 3.706478 -10.596469 9.478320 -17.894293 12.888937 -83.306656 -17.173325 23.309755 -0.855247 -46.267502 1.119861 12.170260 -6.372499 -2.252656 -5.882102 9.861279 0.702590 -10.936861 -0.360574 7.156197 0.000000 8.774815 -0.000000 -16.199612 18.557747 6.183546 -1.844031 2.498503 -2.507276 -10.163590 4.678941 4.621104 -20.975996 -0.000001 0.000001 -21.226254 2.451698 -3.593995 0.000000 -0.000006 -0.000000 -1.362681 2.240797 -0.746323 -21.334892 0.584910 3.008319 -13.821196 -0.000001 0.000001 -23.887129 -0.249075 -0.839485 -61.202656 2.770920 -1.298210 -0.294025 1.679686 0.833255 -14.218195 0.093215 1.300579 -34.212002 -0.287561 0.967166 -20.033176 0.964536 1.212838 0.000000 -0.000000 0.000000 -3.440387 0.788233 0.501655 -15.928172 -3.167306 2.999703 -6.338817 -0.000000 0.000001 -18.123419 3.648181 -4.905662 -0.000004 0.000000 -0.000002 -5.382585 19.313538 12.576413 83.156998 13.680310 16.365343 0.761929 53.649326 1.264087 -14.007750 10.223930 9.033002 2.243540 -5.255033 -3.180156 14.282877 -0.826594 6.952496 -0.000000 -12.690593 -0.000001 16.204975 -18.150021 2.703812 1.665665 -1.955920 -2.878297 4.727794 -4.170584 4.993919 11.020511 0.000001 -0.000000 12.109032 -3.735715 -2.866778 0.000000 -0.000000 0.000000 1.291985 -1.928548 -1.498088 14.800115 0.567467 3.865604 14.242553 -1.341738 -6.660648 19.631935 0.143921 -0.648243 50.304958 -0.860252 -6.507398 0.353029 -1.511150 -0.031940 20.222769 3.684305 2.316629 18.787249 0.000001 -0.000001 10.751608 -0.479870 1.397903 0.000000 -0.000000 0.000000 3.273804 0.305947 -0.580110 21.486790 11.830364 2.266131 8.162915 0.000000 -0.000000 18.399052 -3.798986 -4.940567 0.000003 0.000000 -0.000001 -0.155702 -1.217100 -24.319273 0.132542 0.090010 36.183521 -3.447614 8.746370 -12.916003 1.663317 -2.072797 0.463141 0.000000 -0.000000 0.000002 -2.505639 -5.259202 -23.801292 -0.074812 0.085067 36.851490 5.091354 -12.658814 -15.450418 -1.419616 1.125631 0.700997 0.000000 -0.000000 -0.000001
0.000000 0.000000 0.000000 0.000000 -0.000000 0.000000 4.240288 -3.356155 -4.518575 1.541303 -0.466087 3.481107 -1.504038 -0.078021 6.649683 -0.801509 0.480605 -2.196958 -1.406192 -1.001827 17.237930 -0.334101 2.890293 5.810477 -0.382919 1.083545 -3.366557 1.724811 -0.561090 -2.148658 0.000077 -0.000022 0.000006 -0.014978 0.031045 -0.064806 0.756087 -3.691424 -10.560918 -0.790309 3.756197 -10.617023 9.859752 -18.117577 13.005097 -83.678909 -17.350546 23.269276 -1.189248 -46.314728 1.216613 12.062211 -6.353837 -1.570278 -5.882102 9.861279 0.702590 -10.936861 -0.360574 7.156197 0.000000 8.774815 -0.000000 -16.199379 18.502476 6.114677 -1.844031 2.498503 -2.507276 -10.163590 4.678941 4.621104 -20.975996 -0.000001 0.000001 -21.226254 2.451698 -3.593995 0.000000 -0.000006 -0.000000 -1.362681 2.240797 -0.746323 -21.334892 0.584910 3.008319 -13.821196 -0.000001 0.000001 -23.887129 -0.249075 -0.839485 -61.091179 2.746423 -1.202545 -0.294025 1.679686 0.833255 -14.218195 0.093215 1.300579 -34.212002 -0.287561 0.967166 -20.033176 0.964536 1.212838 0.000000 -0.000000 0.000000 -3.440387 0.788233 0.501655 -15.928172 -3.167306 2.999703 -6.338817 -0.000000 0.000001 -18.123419 3.648181 -4.905662 -0.000004 0.000000 -0.000002 -5.333729 19.154808 12.612483 83.348602 13.885776 16.372715 0.861584 54.341045 1.319755 -14.181386 10.223348 9.663508 2.243540 -5.255033 -3.180156 14.282877 -0.826594 6.952496 -0.000000 -12.690593 -0.000001 16.182077 -18.044140 2.701231 1.665665 -1.955920 -2.878297 4.727794 -4.170584 4.993919 11.020511 0.000001 -0.000000 12.109032 -3.735715 -2.866778 0.000000 -0.000000 0.000000 1.291985 -1.928548 -1.498088 14.800115 0.567467 3.865604 14.242553 -1.341738 -6.660648 19.631935 0.143921 -0.648243 50.222404 -0.798780 -6.441765 0.353029 -1.511150 -0.031940 20.222769 3.684305 2.316629 18.787249 0.000001 -0.000001 10.751608 -0.479870 1.397903 0.000000 -0.000000 0.000000 3.273804 0.305947 -0.580110 21.486790 11.830364 2.266131 8.162915 0.000000 -0.000000 18.399052 -3.798986 -4.940567 0.000003 0.000000 -0.000001 -0.311693 -1.208193 -24.973019 0.096462 0.074981 36.696861 -3.672254 8.949250 -12.596229 1.665250 -2.088619 0.472445 0.000000 -0.000000 0.000002 -2.745666 -4.815960 -24.506491 -0.085580 0.057429 37.373497 5.096401 -12.949056 -15.234237 -1.428221 1.091526 0.633187 0.000000 -0.000000 -0.000001
0.000000 0.000000 0.000000 0.000000 -0.000000 0.000000 4.244805 -3.517197 -5.006379 1.731098 -0.570077 3.716715 -1.550450 -0.095617 6.918178 -0.819188 0.406725 -2.091747 -1.439202 -1.099064 17.187546 -0.363451 2.935599 5.593425 -0.348003 1.049902 -3.387455 1.616855 -0.387701 -2.072262 0.000077 -0.000022 0.000006 -0.021355 0.036178 -0.068697 0.753617 -3.688549 -10.595116 -0.800269 3.761357 -10.639018 10.190183 -18.246006 13.073022 -83.948013 -17.335424 23.038433 -1.324546 -46.939629 1.264827 11.967772 -6.159004 -1.398770 -5.882102 9.861279 0.702590 -10.936861 -0.360574 7.156197 0.000000 8.774815 -0.000000 -16.238373 18.509760 6.073729 -1.844031 2.498503 -2.507276 -10.163590 4.678941 4.621104 -20.975996 -0.000001 0.000001 -21.226254 2.451698 -3.593995 0.000000 -0.000006 -0.000000 -1.362681 2.240797 -0.746323 -21.334892 0.584910 3.008319 -13.821196 -0.000001 0.000001 -23.887129 -0.249075 -0.839485 -61.077839 2.767099 -1.180588 -0.294025 1.679686 0.833255 -14.218195 0.093215 1.300579 -34.212002 -0.287561 0.967166 -20.033176 0.964536 1.212838 0.000000 -0.000000 0.000000 -3.440387 0.788233 0.501655 -15.928172 -3.167306 2.999703 -6.338817 -0.000000 0.000001 -18.123419 3.648181 -4.905662 -0.000004 0.000000 -0.000002 -5.311065 18.935852 12.560204 83.659248 13.863724 16.052839 0.890237 55.579983 1.324827 -14.478684 10.315510 10.759846 2.243540 -5.255033 -3.180156 14.282877 -0.826594 6.952496 -0.000000 -12.690593 -0.000001 16.121084 -17.949514 2.721461 1.665665 -1.955920 -2.878297 4.727794 -4.170584 4.993919 11.020511 0.000001 -0.000000 12.109032 -3.735715 -2.866778 0.000000 -0.000000 0.000000 1.291985 -1.928548 -1.498088 14.800115 0.567467 3.865604 14.242553 -1.341738 -6.660648 19.631935 0.143921 -0.648243 50.114418 -0.768867 -6.389718 0.353029 -1.511150 -0.031940 20.222769 3.684305 2.316629 18.787249 0.000001 -0.000001 10.751608 -0.479870 1.397903 0.000000 -0.000000 0.000000 3.273804 0.305947 -0.580110 21.486790 11.830364 2.266131 8.162915 0.000000 -0.000000 18.399052 -3.798986 -4.940567 0.000003 0.000000 -0.000001 -0.473572 -1.301298 -25.960375 0.067590 0.073631 37.463375 -3.805293 9.127458 -12.334331 1.669396 -2.100244 0.509861 0.000000 -0.000000 0.000002 -2.920528 -4.509748 -25.599457 -0.101796 0.033107 38.300064 4.955780 -13.053993 -15.097775 -1.432031 1.084559 0.578861 0.000000 -0.000000 -0.000001
0.000000 0.000000 0.000000 0.000000 -0.000000 0.000000 4.152599 -3.759300 -5.480879 1.871876 -0.743298 3.951175 -1.584191 -0.123362 7.220658 -0.842437 0.360222 -1.985247 -1.479652 -1.173512 17.204224 -0.464013 3.033807 5.318662 -0.325372 1.022060 -3.405168 1.556689 -0.227341 -2.192593 0.000077 -0.000022 0.000006 -0.021542 0.031224 -0.067973 0.757655 -3.693265 -10.621536 -0.804752 3.755048 -10.655259 10.383446 -18.249664 13.165271 -84.079849 -17.240591 22.395069 -1.406112 -47.895844 1.321269 12.171772 -6.050312 -1.573735 -5.882102 9.861279 0.702590 -10.936861 -0.360574 7.156197 0.000000 8.774815 -0.000000 -16.221516 18.489243 6.062668 -1.844031 2.498503 -2.507276 -10.163590 4.678941 4.621104 -20.975996 -0.000001 0.000001 -21.226254 2.451698 -3.593995 0.000000 -0.000006 -0.000000 -1.362681 2.240797 -0.746323 -21.334892 0.584910 3.008319 -13.821196 -0.000001 0.000001 -23.887129 -0.249075 -0.839485 -61.052624 2.780845 -1.151366 -0.294025 1.679686 0.833255 -14.218195 0.093215 1.300579 -34.212002 -0.287561 0.967166 -20.033176 0.964536 1.212838 0.000000 -0.000000 0.000000 -3.440387 0.788233 0.501655 -15.928172 -3.167306 2.999703 -6.338817 -0.000000 0.000001 -18.123419 3.648181 -4.905662 -0.000004 0.000000 -0.000002 -5.358613 18.694193 12.475176 84.054352 13.763784 15.499206 0.934506 57.233791 1.315617 -14.833755 10.595362 12.296093 2.243540 -5.255033 -3.180156 14.282877 -0.826594 6.952496 -0.000000 -12.690593 -0.000001 16.033527 -17.898846 2.780206 1.665665 -1.955920 -2.878297 4.727794 -4.170584 4.993919 11.020511 0.000001 -0.000000 12.109032 -3.735715 -2.866778 0.000000 -0.000000 0.000000 1.291985 -1.928548 -1.498088 14.800115 0.567467 3.865604 14.242553 -1.341738 -6.660648 19.631935 0.143921 -0.648243 50.005119 -0.774220 -6.319260 0.353029 -1.511150 -0.031940 20.222769 3.684305 2.316629 18.787249 0.000001 -0.000001 10.751608 -0.479870 1.397903 0.000000 -0.000000 0.000000 3.273804 0.305947 -0.580110 21.486790 11.830364 2.266131 8.162915 0.000000 -0.000000 18.399052 -3.798986 -4.940567 0.000003 0.000000 -0.000001 -0.529978 -1.296927 -27.059002 0.056558 0.082952 38.486870 -3.950967 9.232534 -12.261374 1.670886 -2.110919 0.482580 0.000000 -0.000000 0.000002 -2.979078 -4.330633 -26.791193 -0.116526 0.012418 39.415211 4.746188 -12.963782 -15.114206 -1.434693 1.075212 0.495649 0.000000 -0.000000 -0.000001
0.000000 0.000000 0.000000 0.000000 -0.000000 0.000000 3.945876 -4.081169 -5.946793 1.928923 -0.975704 4.165372 -1.575616 -0.151711 7.601334 -0.856305 0.320012 -1.837268 -1.569549 -1.244393 17.288542 -0.598730 3.158203 4.863257 -0.296560 1.033709 -3.412150 1.535603 -0.059551 -2.450200 0.000077 -0.000022 0.000006 -0.024830 0.033732 -0.068552 0.752057 -3.688663 -10.632877 -0.805933 3.755307 -10.661716 10.463914 -18.158718 13.370874 -84.043526 -17.195017 21.180523 -1.478012 -49.085754 1.311597 12.751406 -6.055387 -2.137536 -5.882102 9.861279 0.702590 -10.936861 -0.360574 7.156197 0.000000 8.774815 -0.000000 -16.125402 18.438169 6.080112 -1.844031 2.498503 -2.507276 -10.163590 4.678941 4.621104 -20.975996 -0.000001 0.000001 -21.226254 2.451698 -3.593995 0.000000 -0.000006 -0.000000 -1.362681 2.240797 -0.746323 -21.334892 0.584910 3.008319 -13.821196 -0.000001 0.000001 -23.887129 -0.249075 -0.839485 -60.974773 2.783136 -1.104256 -0.294025 1.679686 0.833255 -14.218195 0.093215 1.300579 -34.212002 -0.287561 0.967166 -20.033176 0.964536 1.212838 0.000000 -0.000000 0.000000 -3.440387 0.788233 0.501655 -15.928172 -3.167306 2.999703 -6.338817 -0.000000 0.000001 -18.123419 3.648181 -4.905662 -0.000004 0.000000 -0.000002 -5.472369 18.461706 12.375350 84.485580 13.697726 14.828956 1.105280 59.328930 1.391849 -15.214087 11.071962 14.170072 2.243540 -5.255033 -3.180156 14.282877 -0.826594 6.952496 -0.000000 -12.690593 -0.000001 15.948398 -17.884701 2.833497 1.665665 -1.955920 -2.878297 4.727794 -4.170584 4.993919 11.020511 0.000001 -0.000000 12.109032 -3.735715 -2.866778 0.000000 -0.000000 0.000000 1.291985 -1.928548 -1.498088 14.800115 0.567467 3.865604 14.242553 -1.341738 -6.660648 19.631935 0.143921 -0.648243 49.893703 -0.774045 -6.268517 0.353029 -1.511150 -0.031940 20.222769 3.684305 2.316629 18.787249 0.000001 -0.000001 10.751608 -0.479870 1.397903 0.000000 -0.000000 0.000000 3.273804 0.305947 -0.580110 21.486790 11.830364 2.266131 8.162915 0.000000 -0.000000 18.399052 -3.798986 -4.940567 0.000003 0.000000 -0.000001 -0.429929 -1.180171 -28.327173 0.058162 0.089072 39.907543 -4.150912 9.288060 -12.263041 1.670536 -2.122997 0.407663 0.000000 -0.000000 0.000002 -2.866735 -4.196421 -28.075747 -0.121572 0.005549 40.736115 4.462302 -12.792431 -15.225028 -1.436766 1.069366 0.450535 0.000000 -0.000000 -0.000001
0.000000 0.000000 0.000000 0.000000 -0.000000 0.000000 3.623270 -4.514336 -6.601199 1.871839 -1.281555 4.361188 -1.528030 -0.154355 8.074081 -0.865428 0.258681 -1.636349 -1.678436 -1.305422 17.414305 -0.789292 3.272585 4.220436 -0.256905 1.136811 -3.415225 1.566490 0.112669 -2.753800 0.000077 -0.000022 0.000006 -0.023962 0.030231 -0.072030 0.748004 -3.688412 -10.630941 -0.800411 3.748495 -10.656770 10.491903 -18.015230 13.671600 -83.799438 -17.186237 19.579586 -1.417604 -50.541000 1.153643 13.507184 -6.088274 -3.082438 -5.882102 9.861279 0.702590 -10.936861 -0.360574 7.156197 0.000000 8.774815 -0.000000 -16.005035 18.382168 6.101754 -1.844031 2.498503 -2.507276 -10.163590 4.678941 4.621104 -20.975996 -0.000001 0.000001 -21.226254 2.451698 -3.593995 0.000000 -0.000006 -0.000000 -1.362681 2.240797 -0.746323 -21.334892 0.584910 3.008319 -13.821196 -0.000001 0.000001 -23.887129 -0.249075 -0.839485 -60.920364 2.785510 -1.090779 -0.294025 1.679686 0.833255 -14.218195 0.093215 1.300579 -34.212002 -0.287561 0.967166 -20.033176 0.964536 1.212838 0.000000 -0.000000 0.000000 -3.440387 0.788233 0.501655 -15.928172 -3.167306 2.999703 -6.338817 -0.000000 0.000001 -18.123419 3.648181 -4.905662 -0.000004 0.000000 -0.000002 -5.630598 18.293985 12.314522 84.864250 13.789949 14.291415 1.277363 61.782806 1.494583 -15.497432 11.651951 16.251129 2.243540 -5.255033 -3.180156 14.282877 -0.826594 6.952496 -0.000000 -12.690593 -0.000001 15.863079 -17.888376 2.852542 1.665665 -1.955920 -2.878297 4.727794 -4.170584 4.993919 11.020511 0.000001 -0.000000 12.109032 -3.735715 -2.866778 0.000000 -0.000000 0.000000 1.291985 -1.928548 -1.498088 14.800115 0.567467 3.865604 14.242553 -1.341738 -6.660648 19.631935 0.143921 -0.648243 49.796783 -0.754370 -6.265411 0.353029 -1.511150 -0.031940 20.222769 3.684305 2.316629 18.787249 0.000001 -0.000001 10.751608 -0.479870 1.397903 0.000000 -0.000000 0.000000 3.273804 0.305947 -0.580110 21.486790 11.830364 2.266131 8.162915 0.000000 -0.000000 18.399052 -3.798986 -4.940567 0.000003 0.000000 -0.000001 -0.062338 -0.978552 -29.889565 0.058441 0.097694 41.778801 -4.467618 9.303194 -12.284508 1.671038 -2.118199 0.353866 0.000000 -0.000000 0.000002 -2.528712 -3.993627 -29.619955 -0.120267 0.005746 42.324425 4.065828 -12.623884 -15.324013 -1.437868 1.067236 0.481937 0.000000 -0.000000 -0.000001
0.000000 0.000000 0.000000 0.000000 -0.000000 0.000000 3.168541 -5.094765 -7.431150 1.707137 -1.634276 4.515885 -1.455705 -0.125916 8.656972 -0.877867 0.188281 -1.395520 -1.769316 -1.337292 17.545546 -1.014685 3.349963 3.454795 -0.211950 1.285739 -3.426444 1.631223 0.291379 -3.094385 0.000077 -0.000022 0.000006 -0.023319 0.026128 -0.073881 0.745312 -3.690020 -10.624985 -0.796704 3.742176 -10.647091 10.601881 -17.919535 13.972622 -83.450958 -17.135393 17.667995 -1.269958 -52.247738 0.942505 14.438420 -6.115613 -4.314844 -5.882102 9.861279 0.702590 -10.936861 -0.360574 7.156197 0.000000 8.774815 -0.000000 -15.920350 18.345261 6.125789 -1.844031 2.498503 -2.507276 -10.163590 4.678941 4.621104 -20.975996 -0.000001 0.000001 -21.226254 2.451698 -3.593995 0.000000 -0.000006 -0.000000 -1.362681 2.240797 -0.746323 -21.334892 0.584910 3.008319 -13.821196 -0.000001 0.000001 -23.887129 -0.249075 -0.839485 -60.959740 2.800236 -1.127002 -0.294025 1.679686 0.833255 -14.218195 0.093215 1.300579 -34.212002 -0.287561 0.967166 -20.033176 0.964536 1.212838 0.000000 -0.000000 0.000000 -3.440387 0.788233 0.501655 -15.928172 -3.167306 2.999703 -6.338817 -0.000000 0.000001 -18.123419 3.648181 -4.905662 -0.000004 0.000000 -0.000002 -5.910555 18.189037 12.243503 85.269112 14.078124 13.904139 1.547234 64.317001 1.715348 -15.626328 12.403105 18.742149 2.243540 -5.255033 -3.180156 14.282877 -0.826594 6.952496 -0.000000 -12.690593 -0.000001 15.791159 -17.917955 2.867754 1.665665 -1.955920 -2.878297 4.727794 -4.170584 4.993919 11.020511 0.000001 -0.000000 12.109032 -3.735715 -2.866778 0.000000 -0.000000 0.000000 1.291985 -1.928548 -1.498088 14.800115 0.567467 3.865604 14.242553 -1.341738 -6.660648 19.631935 0.143921 -0.648243 49.747253 -0.760446 -6.271929 0.353029 -1.511150 -0.031940 20.222769 3.684305 2.316629 18.787249 0.000001 -0.000001 10.751608 -0.479870 1.397903 0.000000 -0.000000 0.000000 3.273804 0.305947 -0.580110 21.486790 11.830364 2.266131 8.162915 0.000000 -0.000000 18.399052 -3.798986 -4.940567 0.000003 0.000000 -0.000001 0.455779 -0.728632 -31.843716 0.047354 0.099370 44.136665 -4.815651 9.324194 -12.248147 1.674271 -2.106461 0.296836 0.000000 -0.000000 0.000002 -1.960303 -3.728422 -31.411716 -0.124290 -0.003552 44.223282 3.534035 -12.458332 -15.472926 -1.437861 1.060269 0.552730 0.000000 -0.000000 -0.000001
0.000000 0.000000 0.000000 0.000000 -0.000000 0.000000 2.624670 -5.810164 -8.421906 1.424246 -1.977453 4.648453 -1.354157 -0.074229 9.299807 -0.903078 0.126849 -1.129574 -1.802980 -1.371397 17.730953 -1.187324 3.386020 2.582270 -0.165165 1.418222 -3.434024 1.698902 0.481118 -3.466390 0.000077 -0.000022 0.000006 -0.024884 0.022038 -0.072543 0.741452 -3.694036 -10.622866 -0.796322 3.738358 -10.641662 10.778690 -17.865488 14.236684 -82.972389 -17.115023 15.490043 -1.143403 -53.997528 0.725335 15.720456 -6.125242 -5.818532 -5.882102 9.861279 0.702590 -10.936861 -0.360574 7.156197 0.000000 8.774815 -0.000000 -15.849114 18.317183 6.165947 -1.844031 2.498503 -2.507276 -10.163590 4.678941 4.621104 -20.975996 -0.000001 0.000001 -21.226254 2.451698 -3.593995 0.000000 -0.000006 -0.000000 -1.362681 2.240797 -0.746323 -21.334892 0.584910 3.008319 -13.821196 -0.000001 0.000001 -23.887129 -0.249075 -0.839485 -61.041843 2.831751 -1.187483 -0.294025 1.679686 0.833255 -14.218195 0.093215 1.300579 -34.212002 -0.287561 0.967166 -20.033176 0.964536 1.212838 0.000000 -0.000000 0.000000 -3.440387 0.788233 0.501655 -15.928172 -3.167306 2.999703 -6.338817 -0.000000 0.000001 -18.123419 3.648181 -4.905662 -0.000004 0.000000 -0.000002 -6.246893 18.135332 12.138461 85.611938 14.641893 13.628691 1.900870 66.681313 2.063635 -15.624719 13.404888 21.583303 2.243540 -5.255033 -3.180156 14.282877 -0.826594 6.952496 -0.000000 -12.690593 -0.000001 15.744662 -17.988087 2.891246 1.665665 -1.955920 -2.878297 4.727794 -4.170584 4.993919 11.020511 0.000001 -0.000000 12.109032 -3.735715 -2.866778 0.000000 -0.000000 0.000000 1.291985 -1.928548 -1.498088 14.800115 0.567467 3.865604 14.242553 -1.341738 -6.660648 19.631935 0.143921 -0.648243 49.704601 -0.783863 -6.287722 0.353029 -1.511150 -0.031940 20.222769 3.684305 2.316629 18.787249 0.000001 -0.000001 10.751608 -0.479870 1.397903 0.000000 -0.000000 0.000000 3.273804 0.305947 -0.580110 21.486790 11.830364 2.266131 8.162915 0.000000 -0.000000 18.399052 -3.798986 -4.940567 0.000003 0.000000 -0.000001 1.201300 -0.467242 -34.062210 0.033959 0.100877 46.901573 -5.237694 9.328767 -12.175110 1.676555 -2.095613 0.178912 0.000000 -0.000000 0.000002 -1.164552 -3.494942 -33.397392 -0.130337 -0.026686 46.328365 2.873221 -12.318309 -15.640121 -1.436694 1.047562 0.615795 0.000000 -0.000000 -0.000001
0.000000 0.000000 0.000000 0.000000 -0.000000 0.000000 1.979877 -6.646316 -9.554774 1.017481 -2.247373 4.774966 -1.216855 -0.015203 9.983984 -0.930648 0.065072 -0.856325 -1.756081 -1.404341 17.973412 -1.250510 3.340194 1.621087 -0.094400 1.548833 -3.436316 1.765618 0.617466 -3.846554 0.000077 -0.000022 0.000006 -0.029640 0.021692 -0.070508 0.730782 -3.697197 -10.623512 -0.795657 3.741107 -10.638505 11.006611 -17.853865 14.472025 -82.379433 -17.239861 13.139938 -1.107656 -55.540836 0.566535 17.459641 -6.134415 -7.469008 -5.882102 9.861279 0.702590 -10.936861 -0.360574 7.156197 0.000000 8.774815 -0.000000 -15.769672 18.311617 6.226474 -1.844031 2.498503 -2.507276 -10.163590 4.678941 4.621104 -20.975996 -0.000001 0.000001 -21.226254 2.451698 -3.593995 0.000000 -0.000006 -0.000000 -1.362681 2.240797 -0.746323 -21.334892 0.584910 3.008319 -13.821196 -0.000001 0.000001 -23.887129 -0.249075 -0.839485 -61.074139 2.866073 -1.251548 -0.294025 1.679686 0.833255 -14.218195 0.093215 1.300579 -34.212002 -0.287561 0.967166 -20.033176 0.964536 1.212838 0.000000 -0.000000 0.000000 -3.440387 0.788233 0.501655 -15.928172 -3.167306 2.999703 -6.338817 -0.000000 0.000001 -18.123419 3.648181 -4.905662 -0.000004 0.000000 -0.000002 -6.603951 18.132467 11.979413 85.829742 15.518050 13.501939 2.162051 68.647400 2.369102 -15.535975 14.731440 24.554373 2.243540 -5.255033 -3.180156 14.282877 -0.826594 6.952496 -0.000000 -12.690593 -0.000001 15.699385 -18.065489 2.931585 1.665665 -1.955920 -2.878297 4.727794 -4.170584 4.993919 11.020511 0.000001 -0.000000 12.109032 -3.735715 -2.866778 0.000000 -0.000000 0.000000 1.291985 -1.928548 -1.498088 14.800115 0.567467 3.865604 14.242553 -1.341738 -6.660648 19.631935 0.143921 -0.648243 49.653309 -0.809675 -6.283854 0.353029 -1.511150 -0.031940 20.222769 3.684305 2.316629 18.787249 0.000001 -0.000001 10.751608 -0.479870 1.397903 0.000000 -0.000000 0.000000 3.273804 0.305947 -0.580110 21.486790 11.830364 2.266131 8.162915 0.000000 -0.000000 18.399052 -3.798986 -4.940567 0.000003 0.000000 -0.000001 2.190348 -0.229888 -36.510284 0.011062 0.086360 49.938099 -5.753546 9.216772 -12.104192 1.677734 -2.087134 0.042779 0.000000 -0.000000 0.000002 -0.151395 -3.284621 -35.533596 -0.133195 -0.051883 48.556320 2.169404 -12.305532 -15.899812 -1.433741 1.039192 0.760487 0.000000 -0.000000 -0.000001
0.000000 0.000000 0.000000 0.000000 -0.000000 0.000000 1.303165 -7.543426 -10.845833 0.552448 -2.365138 4.941931 -1.058193 0.032081 10.664065 -0.936899 0.000466 -0.582165 -1.647835 -1.424165 18.240091 -1.149918 3.168585 0.580511 -0.042480 1.664504 -3.439942 1.865280 0.633549 -4.155127 0.000077 -0.000022 0.000006 -0.036898 0.027148 -0.073776 0.711008 -3.696909 -10.628160 -0.790638 3.751692 -10.641137 11.295315 -17.870539 14.628302 -81.695396 -17.609383 10.902722 -1.151745 -56.551033 0.542811 19.444487 -6.134531 -8.943069 -5.882102 9.861279 0.702590 -10.936861 -0.360574 7.156197 0.000000 8.774815 -0.000000 -15.693488 18.330807 6.287653 -1.844031 2.498503 -2.507276 -10.163590 4.678941 4.621104 -20.975996 -0.000001 0.000001 -21.226254 2.451698 -3.593995 0.000000 -0.000006 -0.000000 -1.362681 2.240797 -0.746323 -21.334892 0.584910 3.008319 -13.821196 -0.000001 0.000001 -23.887129 -0.249075 -0.839485 -61.027367 2.880291 -1.318748 -0.294025 1.679686 0.833255 -14.218195 0.093215 1.300579 -34.212002 -0.287561 0.967166 -20.033176 0.964536 1.212838 0.000000 -0.000000 0.000000 -3.440387 0.788233 0.501655 -15.928172 -3.167306 2.999703 -6.338817 -0.000000 0.000001 -18.123419 3.648181 -4.905662 -0.000004 0.000000 -0.000002 -6.940242 18.181292 11.730687 85.878769 16.662737 13.436770 2.322699 69.917320 2.631716 -15.387141 16.290852 27.183661 2.243540 -5.255033 -3.180156 14.282877 -0.826594 6.952496 -0.000000 -12.690593 -0.000001 15.659534 -18.103600 2.966151 1.665665 -1.955920 -2.878297 4.727794 -4.170584 4.993919 11.020511 0.000001 -0.000000 12.109032 -3.735715 -2.866778 0.000000 -0.000000 0.000000 1.291985 -1.928548 -1.498088 14.800115 0.567467 3.865604 14.242553 -1.341738 -6.660648 19.631935 0.143921 -0.648243 49.603085 -0.835074 -6.258466 0.353029 -1.511150 -0.031940 20.222769 3.684305 2.316629 18.787249 0.000001 -0.000001 10.751608 -0.479870 1.397903 0.000000 -0.000000 0.000000 3.273804 0.305947 -0.580110 21.486790 11.830364 2.266131 8.162915 0.000000 -0.000000 18.399052 -3.798986 -4.940567 0.000003 0.000000 -0.000001 3.384778 -0.056131 -39.230217 -0.016263 0.046575 53.021614 -6.351813 8.918106 -11.761473 1.681326 -2.074494 -0.130521 0.000000 -0.000000 0.000002 0.971536 -3.127679 -37.786423 -0.131928 -0.069443 50.731369 1.492529 -12.442834 -16.231649 -1.429788 1.040624 1.042289 0.000000 -0.000000 -0.000001
0.000000 0.000000 0.000000 0.000000 -0.000000 0.000000 0.657757 -8.497368 -12.221379 0.151571 -2.294633 5.196375 -0.939345 0.084190 11.315705 -0.915920 -0.068219 -0.282801 -1.525148 -1.464943 18.544643 -0.840729 2.894846 -0.674492 -0.053456 1.712359 -3.446864 1.986957 0.489112 -4.244681 0.000077 -0.000022 0.000006 -0.039991 0.024562 -0.080657 0.689738 -3.705031 -10.630789 -0.775205 3.754048 -10.645861 11.592517 -17.889011 14.683518 -80.862305 -18.249977 8.894485 -1.083893 -56.830639 0.489655 21.304939 -6.175159 -10.214169 -5.882102 9.861279 0.702590 -10.936861 -0.360574 7.156197 0.000000 8.774815 -0.000000 -15.676558 18.310944 6.283863 -1.844031 2.498503 -2.507276 -10.163590 4.678941 4.621104 -20.975996 -0.000001 0.000001 -21.226254 2.451698 -3.593995 0.000000 -0.000006 -0.000000 -1.362681 2.240797 -0.746323 -21.334892 0.584910 3.008319 -13.821196 -0.000001 0.000001 -23.887129 -0.249075 -0.839485 -60.928555 2.872457 -1.371481 -0.294025 1.679686 0.833255 -14.218195 0.093215 1.300579 -34.212002 -0.287561 0.967166 -20.033176 0.964536 1.212838 0.000000 -0.000000 0.000000 -3.440387 0.788233 0.501655 -15.928172 -3.167306 2.999703 -6.338817 -0.000000 0.000001 -18.123419 3.648181 -4.905662 -0.000004 0.000000 -0.000002 -7.151931 18.325573 11.454764 85.622559 18.109196 13.262399 2.166740 70.291618 2.658002 -15.216113 17.963730 29.343811 2.243540 -5.255033 -3.180156 14.282877 -0.826594 6.952496 -0.000000 -12.690593 -0.000001 15.620727 -18.087097 2.964040 1.665665 -1.955920 -2.878297 4.727794 -4.170584 4.993919 11.020511 0.000001 -0.000000 12.109032 -3.735715 -2.866778 0.000000 -0.000000 0.000000 1.291985 -1.928548 -1.498088 14.800115 0.567467 3.865604 14.242553 -1.341738 -6.660648 19.631935 0.143921 -0.648243 49.511330 -0.856690 -6.237868 0.353029 -1.511150 -0.031940 20.222769 3.684305 2.316629 18.787249 0.000001 -0.000001 10.751608 -0.479870 1.397903 0.000000 -0.000000 0.000000 3.273804 0.305947 -0.580110 21.486790 11.830364 2.266131 8.162915 0.000000 -0.000000 18.399052 -3.798986 -4.940567 0.000003 0.000000 -0.000001 4.454380 -0.098967 -42.132446 -0.053214 -0.018180 56.037552 -6.852546 8.636803 -11.059302 1.688237 -2.060251 -0.392908 0.000000 -0.000000 0.000002 2.051599 -3.062747 -40.181541 -0.128252 -0.086014 52.765884 0.873172 -12.707835 -16.484468 -1.425923 1.042903 1.393182 0.000000 -0.000000 -0.000001
0.000000 0.000000 0.000000 0.000000 -0.000000 0.000000 0.083281 -9.542496 -13.637160 -0.179365 -1.986392 5.545538 -0.840517 0.164134 11.958295 -0.870243 -0.144050 0.069950 -1.342758 -1.550715 18.828415 -0.400240 2.564547 -2.177172 -0.070902 1.645068 -3.468040 2.081248 0.226861 -4.126156 0.000077 -0.000022 0.000006 -0.042009 0.020833 -0.084576 0.673060 -3.716189 -10.629019 -0.762177 3.757241 -10.654552 11.939782 -17.921272 14.667049 -79.980339 -19.105658 7.058527 -0.950064 -56.333569 0.378852 22.922440 -6.299532 -11.411238 -5.882102 9.861279 0.702590 -10.936861 -0.360574 7.156197 0.000000 8.774815 -0.000000 -15.735696 18.290216 6.222156 -1.844031 2.498503 -2.507276 -10.163590 4.678941 4.621104 -20.975996 -0.000001 0.000001 -21.226254 2.451698 -3.593995 0.000000 -0.000006 -0.000000 -1.362681 2.240797 -0.746323 -21.334892 0.584910 3.008319 -13.821196 -0.000001 0.000001 -23.887129 -0.249075 -0.839485 -60.825684 2.831763 -1.366615 -0.294025 1.679686 0.833255 -14.218195 0.093215 1.300579 -34.212002 -0.287561 0.967166 -20.033176 0.964536 1.212838 0.000000 -0.000000 0.000000 -3.440387 0.788233 0.501655 -15.928172 -3.167306 2.999703 -6.338817 -0.000000 0.000001 -18.123419 3.648181 -4.905662 -0.000004 0.000000 -0.000002 -7.298004 18.575834 11.125915 85.018181 19.724588 12.810574 1.319081 69.451935 2.108807 -15.121431 19.558640 31.048315 2.243540 -5.255033 -3.180156 14.282877 -0.826594 6.952496 -0.000000 -12.690593 -0.000001 15.602936 -18.068636 2.938437 1.665665 -1.955920 -2.878297 4.727794 -4.170584 4.993919 11.020511 0.000001 -0.000000 12.109032 -3.735715 -2.866778 0.000000 -0.000000 0.000000 1.291985 -1.928548 -1.498088 14.800115 0.567467 3.865604 14.242553 -1.341738 -6.660648 19.631935 0.143921 -0.648243 49.400623 -0.860349 -6.212878 0.353029 -1.511150 -0.031940 20.222769 3.684305 2.316629 18.787249 0.000001 -0.000001 10.751608 -0.479870 1.397903 0.000000 -0.000000 0.000000 3.273804 0.305947 -0.580110 21.486790 11.830364 2.266131 8.162915 0.000000 -0.000000 18.399052 -3.798986 -4.940567 0.000003 0.000000 -0.000001 5.459676 -0.389500 -45.255177 -0.126718 -0.104247 59.068035 -7.360629 8.238792 -9.940282 1.700602 -2.045367 -0.760282 0.000000 -0.000000 0.000002 2.980141 -3.116931 -42.571728 -0.138629 -0.110698 54.739574 0.401761 -13.019606 -16.941231 -1.422987 1.047941 1.738729 0.000000 -0.000000 -0.000001
0.000000 0.000000 0.000000 0.000000 -0.000000 0.000000 -0.448672 -10.597392 -15.033275 -0.443073 -1.386797 6.048882 -0.741977 0.219575 12.570004 -0.855444 -0.124800 0.533544 -0.940664 -1.794576 19.108234 0.162256 2.334021 -4.218781 -0.157975 1.239987 -3.422071 2.011784 -0.219493 -3.855595 0.000077 -0.000022 0.000006 -0.010835 -0.033196 -0.098953 0.716438 -3.771073 -10.616340 -0.741858 3.704960 -10.644020 12.150522 -17.869406 14.440837 -78.854431 -19.970713 5.413369 -0.906819 -54.973671 0.260822 24.572468 -6.355981 -12.966754 -5.882102 9.861279 0.702590 -10.936861 -0.360574 7.156197 0.000000 8.774815 -0.000000 -15.808746 18.228401 6.084450 -1.844031 2.498503 -2.507276 -10.163590 4.678941 4.621104 -20.975996 -0.000001 0.000001 -21.226254 2.451698 -3.593995 0.000000 -0.000006 -0.000000 -1.362681 2.240797 -0.746323 -21.334892 0.584910 3.008319 -13.821196 -0.000001 0.000001 -23.887129 -0.249075 -0.839485 -60.518059 2.847606 -1.356779 -0.294025 1.679686 0.833255 -14.218195 0.093215 1.300579 -34.212002 -0.287561 0.967166 -20.033176 0.964536 1.212838 0.000000 -0.000000 0.000000 -3.440387 0.788233 0.501655 -15.928172 -3.167306 2.999703 -6.338817 -0.000000 0.000001 -18.123419 3.648181 -4.905662 -0.000004 0.000000 -0.000002 -7.392887 18.910648 10.686522 83.864937 21.282684 11.873500 -0.073922 67.122192 1.171918 -15.468882 21.248062 32.320602 2.243540 -5.255033 -3.180156 14.282877 -0.826594 6.952496 -0.000000 -12.690593 -0.000001 15.486038 -18.116892 2.941068 1.665665 -1.955920 -2.878297 4.727794 -4.170584 4.993919 11.020511 0.000001 -0.000000 12.109032 -3.735715 -2.866778 0.000000 -0.000000 0.000000 1.291985 -1.928548 -1.498088 14.800115 0.567467 3.865604 14.242553 -1.341738 -6.660648 19.631935 0.143921 -0.648243 49.178532 -0.916749 -6.304385 0.353029 -1.511150 -0.031940 20.222769 3.684305 2.316629 18.787249 0.000001 -0.000001 10.751608 -0.479870 1.397903 0.000000 -0.000000 0.000000 3.273804 0.305947 -0.580110 21.486790 11.830364 2.266131 8.162915 0.000000 -0.000000 18.399052 -3.798986 -4.940567 0.000003 0.000000 -0.000001 6.596106 -1.079578 -48.886024 -0.225391 -0.243246 62.150856 -8.204226 7.279020 -8.571593 1.753355 -2.033607 -1.051294 0.000000 -0.000000 0.000002 3.848488 -3.439296 -45.261421 -0.178145 -0.110074 56.711868 -0.103347 -13.223880 -17.060944 -1.417499 1.083580 1.981818 0.000000 -0.000000 -0.000001
0.000000 0.000000 0.000000 0.000000 -0.000000 0.000000 -0.882256 -11.793999 -16.544600 -0.665603 -0.550246 6.769185 -0.559893 0.242836 13.025171 -0.779467 -0.164173 0.979241 -0.467770 -1.854393 19.354696 0.689517 1.994046 -6.540483 -0.200498 0.882047 -3.385700 2.049947 -1.046465 -3.677324 0.000077 -0.000022 0.000006 -0.017994 -0.014351 -0.082458 0.720154 -3.761539 -10.585042 -0.760315 3.733487 -10.611871 12.289152 -17.764324 14.057723 -77.380562 -20.500319 4.089583 -0.711596 -52.849236 0.232715 25.982767 -5.686911 -14.454374 -5.882102 9.861279 0.702590 -10.936861 -0.360574 7.156197 0.000000 8.774815 -0.000000 -15.837588 18.217476 6.037895 -1.844031 2.498503 -2.507276 -10.163590 4.678941 4.621104 -20.975996 -0.000001 0.000001 -21.226254 2.451698 -3.593995 0.000000 -0.000006 -0.000000 -1.362681 2.240797 -0.746323 -21.334892 0.584910 3.008319 -13.821196 -0.000001 0.000001 -23.887129 -0.249075 -0.839485 -60.253178 2.838563 -1.315770 -0.294025 1.679686 0.833255 -14.218195 0.093215 1.300579 -34.212002 -0.287561 0.967166 -20.033176 0.964536 1.212838 0.000000 -0.000000 0.000000 -3.440387 0.788233 0.501655 -15.928172 -3.167306 2.999703 -6.338817 -0.000000 0.000001 -18.123419 3.648181 -4.905662 -0.000004 0.000000 -0.000002 -7.240515 19.278118 10.306531 81.636749 22.487240 10.125299 -0.929960 62.523743 0.426070 -16.811535 23.087055 33.158119 2.243540 -5.255033 -3.180156 14.282877 -0.826594 6.952496 -0.000000 -12.690593 -0.000001 15.362849 -18.259220 2.964584 1.665665 -1.955920 -2.878297 4.727794 -4.170584 4.993919 11.020511 0.000001 -0.000000 12.109032 -3.735715 -2.866778 0.000000 -0.000000 0.000000 1.291985 -1.928548 -1.498088 14.800115 0.567467 3.865604 14.242553 -1.341738 -6.660648 19.631935 0.143921 -0.648243 48.966564 -0.844947 -6.343441 0.353029 -1.511150 -0.031940 20.222769 3.684305 2.316629 18.787249 0.000001 -0.000001 10.751608 -0.479870 1.397903 0.000000 -0.000000 0.000000 3.273804 0.305947 -0.580110 21.486790 11.830364 2.266131 8.162915 0.000000 -0.000000 18.399052 -3.798986 -4.940567 0.000003 0.000000 -0.000001 7.685163 -1.983122 -52.805141 -0.365017 -0.384197 65.626915 -9.371358 5.934849 -8.281795 1.734220 -2.037391 -0.880751 0.000000 -0.000000 0.000002 4.726980 -4.124903 -48.141056 -0.193670 -0.125139 58.631512 -0.542627 -13.368912 -17.664677 -1.415370 1.060153 2.276989 0.000000 -0.000000 -0.000001
0.000000 0.000000 0.000000 0.000000 -0.000000 0.000000 -1.156328 -12.926308 -17.999539 -0.777638 0.411070 7.530417 -0.363463 0.250477 13.222309 -0.692742 -0.124502 1.429472 0.064268 -1.894944 19.705126 1.109692 1.733146 -9.066310 -0.185426 0.325071 -3.361131 2.073596 -1.899597 -3.473780 0.000077 -0.000022 0.000006 -0.020966 -0.004962 -0.073870 0.731136 -3.754127 -10.556735 -0.777738 3.746178 -10.578702 12.308038 -17.295275 13.618490 -75.143860 -19.996935 3.390310 -0.704805 -50.392849 0.329991 26.479691 -4.601539 -16.849728 -5.882102 9.861279 0.702590 -10.936861 -0.360574 7.156197 0.000000 8.774815 -0.000000 -15.900797 18.201481 5.951420 -1.844031 2.498503 -2.507276 -10.163590 4.678941 4.621104 -20.975996 -0.000001 0.000001 -21.226254 2.451698 -3.593995 0.000000 -0.000006 -0.000000 -1.362681 2.240797 -0.746323 -21.334892 0.584910 3.008319 -13.821196 -0.000001 0.000001 -23.887129 -0.249075 -0.839485 -60.106808 2.716529 -1.241074 -0.294025 1.679686 0.833255 -14.218195 0.093215 1.300579 -34.212002 -0.287561 0.967166 -20.033176 0.964536 1.212838 0.000000 -0.000000 0.000000 -3.440387 0.788233 0.501655 -15.928172 -3.167306 2.999703 -6.338817 -0.000000 0.000001 -18.123419 3.648181 -4.905662 -0.000004 0.000000 -0.000002 -6.553725 19.620533 10.066405 77.914398 22.361340 8.442657 -1.250443 55.974167 0.092938 -19.068624 24.054192 32.112995 2.243540 -5.255033 -3.180156 14.282877 -0.826594 6.952496 -0.000000 -12.690593 -0.000001 15.423073 -18.436552 2.921974 1.665665 -1.955920 -2.878297 4.727794 -4.170584 4.993919 11.020511 0.000001 -0.000000 12.109032 -3.735715 -2.866778 0.000000 -0.000000 0.000000 1.291985 -1.928548 -1.498088 14.800115 0.567467 3.865604 14.242553 -1.341738 -6.660648 19.631935 0.143921 -0.648243 49.018864 -0.714054 -6.371251 0.353029 -1.511150 -0.031940 20.222769 3.684305 2.316629 18.787249 0.000001 -0.000001 10.751608 -0.479870 1.397903 0.000000 -0.000000 0.000000 3.273804 0.305947 -0.580110 21.486790 11.830364 2.266131 8.162915 0.000000 -0.000000 18.399052 -3.798986 -4.940567 0.000003 0.000000 -0.000001 8.597569 -3.063175 -56.154591 -0.477837 -0.525749 69.574310 -10.056539 5.280453 -10.213345 1.697734 -2.037656 -0.409024 0.000000 -0.000000 0.000002 5.500292 -5.312223 -51.189697 -0.180084 -0.127810 60.571968 -1.045429 -13.204069 -17.537998 -1.407779 1.047248 2.549716 0.000000 -0.000000 -0.000001
0.000000 0.000000 0.000000 0.000000 -0.000000 0.000000 -1.247926 -13.781540 -19.341643 -0.728370 1.517588 8.117242 -0.220220 0.262240 13.237610 -0.611182 -0.087073 1.841646 0.584659 -1.849352 20.101013 1.361335 1.598404 -11.464404 -0.128537 -0.149321 -3.363947 2.110619 -2.700372 -2.990870 0.000077 -0.000022 0.000006 -0.016132 -0.011702 -0.079024 0.743057 -3.755815 -10.544244 -0.779799 3.735320 -10.565549 12.498197 -16.499386 13.417597 -72.028679 -18.070719 3.699796 -0.795542 -48.166786 0.453713 25.395149 -3.555534 -19.932043 -5.882102 9.861279 0.702590 -10.936861 -0.360574 7.156197 0.000000 8.774815 -0.000000 -15.965047 18.189735 5.892888 -1.844031 2.498503 -2.507276 -10.163590 4.678941 4.621104 -20.975996 -0.000001 0.000001 -21.226254 2.451698 -3.593995 0.000000 -0.000006 -0.000000 -1.362681 2.240797 -0.746323 -21.334892 0.584910 3.008319 -13.821196 -0.000001 0.000001 -23.887129 -0.249075 -0.839485 -60.326321 2.538763 -1.130269 -0.294025 1.679686 0.833255 -14.218195 0.093215 1.300579 -34.212002 -0.287561 0.967166 -20.033176 0.964536 1.212838 0.000000 -0.000000 0.000000 -3.440387 0.788233 0.501655 -15.928172 -3.167306 2.999703 -6.338817 -0.000000 0.000001 -18.123419 3.648181 -4.905662 -0.000004 0.000000 -0.000002 -5.220039 19.857246 10.352604 73.142899 20.296217 7.520336 -1.273172 47.972095 0.248864 -21.629368 23.661436 28.286320 2.243540 -5.255033 -3.180156 14.282877 -0.826594 6.952496 -0.000000 -12.690593 -0.000001 15.736324 -18.627085 2.751827 1.665665 -1.955920 -2.878297 4.727794 -4.170584 4.993919 11.020511 0.000001 -0.000000 12.109032 -3.735715 -2.866778 0.000000 -0.000000 0.000000 1.291985 -1.928548 -1.498088 14.800115 0.567467 3.865604 14.242553 -1.341738 -6.660648 19.631935 0.143921 -0.648243 49.532856 -0.632735 -6.435707 0.353029 -1.511150 -0.031940 20.222769 3.684305 2.316629 18.787249 0.000001 -0.000001 10.751608 -0.479870 1.397903 0.000000 -0.000000 0.000000 3.273804 0.305947 -0.580110 21.486790 11.830364 2.266131 8.162915 0.000000 -0.000000 18.399052 -3.798986 -4.940567 0.000003 0.000000 -0.000001 9.335758 -4.251722 -57.978306 -0.529092 -0.615303 73.549026 -9.496712 6.204569 -13.227066 1.680377 -2.030741 -0.084660 0.000000 -0.000000 0.000002 6.052030 -6.838934 -53.696606 -0.147781 -0.133825 61.971798 -1.433445 -12.891249 -17.205368 -1.397036 1.066419 2.871743 0.000000 -0.000000 -0.000001
0.000000 0.000000 0.000000 0.000000 -0.000000 0.000000 -1.182386 -14.304756 -20.652225 -0.476415 2.985388 8.534499 -0.086891 0.242063 13.246264 -0.519022 -0.112108 2.133149 1.021413 -1.786760 20.329750 1.399498 1.562764 -13.450187 -0.130541 -0.395628 -3.367861 2.303914 -3.288653 -2.443032 0.000077 -0.000022 0.000006 -0.009278 -0.029798 -0.085043 0.755194 -3.766958 -10.538442 -0.776895 3.709756 -10.552970 13.367274 -15.597977 13.232529 -68.201164 -14.504908 5.249960 -1.073089 -45.907436 0.622501 22.332123 -3.537641 -23.104198 -5.882102 9.861279 0.702590 -10.936861 -0.360574 7.156197 0.000000 8.774815 -0.000000 -16.013659 18.195097 5.936269 -1.844031 2.498503 -2.507276 -10.163590 4.678941 4.621104 -20.975996 -0.000001 0.000001 -21.226254 2.451698 -3.593995 0.000000 -0.000006 -0.000000 -1.362681 2.240797 -0.746323 -21.334892 0.584910 3.008319 -13.821196 -0.000001 0.000001 -23.887129 -0.249075 -0.839485 -60.808525 2.336316 -0.885950 -0.294025 1.679686 0.833255 -14.218195 0.093215 1.300579 -34.212002 -0.287561 0.967166 -20.033176 0.964536 1.212838 0.000000 -0.000000 0.000000 -3.440387 0.788233 0.501655 -15.928172 -3.167306 2.999703 -6.338817 -0.000000 0.000001 -18.123419 3.648181 -4.905662 -0.000004 0.000000 -0.000002 -3.671321 19.709627 10.991788 68.762299 15.555902 6.611421 -0.685843 39.561928 1.016690 -23.899841 21.845978 22.893644 2.243540 -5.255033 -3.180156 14.282877 -0.826594 6.952496 -0.000000 -12.690593 -0.000001 16.382496 -18.612455 2.352227 1.665665 -1.955920 -2.878297 4.727794 -4.170584 4.993919 11.020511 0.000001 -0.000000 12.109032 -3.735715 -2.866778 0.000000 -0.000000 0.000000 1.291985 -1.928548 -1.498088 14.800115 0.567467 3.865604 14.242553 -1.341738 -6.660648 19.631935 0.143921 -0.648243 50.361927 -0.551232 -6.482896 0.353029 -1.511150 -0.031940 20.222769 3.684305 2.316629 18.787249 0.000001 -0.000001 10.751608 -0.479870 1.397903 0.000000 -0.000000 0.000000 3.273804 0.305947 -0.580110 21.486790 11.830364 2.266131 8.162915 0.000000 -0.000000 18.399052 -3.798986 -4.940567 0.000003 0.000000 -0.000001 9.931015 -5.306101 -57.714458 -0.588405 -0.710918 76.270279 -8.112801 8.192902 -15.328181 1.675076 -1.997355 -0.032734 0.000000 -0.000000 0.000002 6.296634 -8.679480 -55.670750 -0.125637 -0.122745 62.771412 -1.598641 -12.723336 -16.670746 -1.392962 1.099866 3.175294 0.000000 -0.000000 -0.000001
0.000000 0.000000 0.000000 0.000000 -0.000000 0.000000 -1.009664 -14.476006 -21.989055 0.215685 4.893183 8.894897 0.038354 0.113519 13.376781 -0.450160 -0.189432 2.274454 1.183876 -1.944048 20.318113 1.115538 1.746245 -15.146934 -0.298702 -0.577650 -3.348792 2.751746 -3.755635 -1.733496 0.000077 -0.000022 0.000006 -0.002406 -0.058664 -0.096301 0.773142 -3.789692 -10.538424 -0.779102 3.675184 -10.539403 14.645321 -14.774761 13.042743 -63.366615 -9.665299 7.581634 -1.326658 -42.963814 0.724239 17.685951 -5.000031 -25.801155 -5.882102 9.861279 0.702590 -10.936861 -0.360574 7.156197 0.000000 8.774815 -0.000000 -16.086273 18.044371 6.090801 -1.844031 2.498503 -2.507276 -10.163590 4.678941 4.621104 -20.975996 -0.000001 0.000001 -21.226254 2.451698 -3.593995 0.000000 -0.000006 -0.000000 -1.362681 2.240797 -0.746323 -21.334892 0.584910 3.008319 -13.821196 -0.000001 0.000001 -23.887129 -0.249075 -0.839485 -61.276688 2.199116 -0.512856 -0.294025 1.679686 0.833255 -14.218195 0.093215 1.300579 -34.212002 -0.287561 0.967166 -20.033176 0.964536 1.212838 0.000000 -0.000000 0.000000 -3.440387 0.788233 0.501655 -15.928172 -3.167306 2.999703 -6.338817 -0.000000 0.000001 -18.123419 3.648181 -4.905662 -0.000004 0.000000 -0.000002 -2.249598 18.953161 11.879051 65.949379 8.002580 3.356398 -0.201906 33.260021 1.550434 -26.408691 18.725647 17.716324 2.243540 -5.255033 -3.180156 14.282877 -0.826594 6.952496 -0.000000 -12.690593 -0.000001 17.479052 -18.314543 1.477648 1.665665 -1.955920 -2.878297 4.727794 -4.170584 4.993919 11.020511 0.000001 -0.000000 12.109032 -3.735715 -2.866778 0.000000 -0.000000 0.000000 1.291985 -1.928548 -1.498088 14.800115 0.567467 3.865604 14.242553 -1.341738 -6.660648 19.631935 0.143921 -0.648243 50.945568 -0.265551 -6.595706 0.353029 -1.511150 -0.031940 20.222769 3.684305 2.316629 18.787249 0.000001 -0.000001 10.751608 -0.479870 1.397903 0.000000 -0.000000 0.000000 3.273804 0.305947 -0.580110 21.486790 11.830364 2.266131 8.162915 0.000000 -0.000000 18.399052 -3.798986 -4.940567 0.000003 0.000000 -0.000001 10.156360 -5.804778 -55.464191 -0.672800 -0.837309 76.768211 -6.406380 10.459407 -16.020897 1.680254 -1.952535 -0.165812 0.000000 -0.000000 0.000002 6.002316 -10.927367 -57.188961 -0.117740 -0.114537 62.906746 -1.635399 -12.736032 -15.847149 -1.400798 1.118167 3.336834 0.000000 -0.000000 -0.000001
0.000000 0.000000 0.000000 0.000000 -0.000000 0.000000 -0.674187 -14.335999 -23.530692 1.299972 7.095244 9.223270 0.212606 -0.112748 13.595553 -0.424257 -0.359934 2.282371 1.077873 -2.416798 20.082468 0.379103 2.125092 -16.392393 -0.498312 -0.880532 -3.352082 3.189604 -4.069394 -0.671397 0.000077 -0.000022 0.000006 0.009260 -0.104578 -0.124285 0.798378 -3.830475 -10.560614 -0.779201 3.627165 -10.552398 15.974582 -14.104309 13.107070 -57.848717 -4.414617 9.946837 -0.877578 -38.597076 0.715015 13.486714 -7.272354 -28.154799 -5.882102 9.861279 0.702590 -10.936861 -0.360574 7.156197 0.000000 8.774815 -0.000000 -16.134893 17.529915 6.340446 -1.844031 2.498503 -2.507276 -10.163590 4.678941 4.621104 -20.975996 -0.000001 0.000001 -21.226254 2.451698 -3.593995 0.000000 -0.000006 -0.000000 -1.362681 2.240797 -0.746323 -21.334892 0.584910 3.008319 -13.821196 -0.000001 0.000001 -23.887129 -0.249075 -0.839485 -61.742916 2.154048 -0.050964 -0.294025 1.679686 0.833255 -14.218195 0.093215 1.300579 -34.212002 -0.287561 0.967166 -20.033176 0.964536 1.212838 0.000000 -0.000000 0.000000 -3.440387 0.788233 0.501655 -15.928172 -3.167306 2.999703 -6.338817 -0.000000 0.000001 -18.123419 3.648181 -4.905662 -0.000004 0.000000 -0.000002 -1.400570 17.450769 12.715313 64.805801 -1.728985 -2.567468 -0.843909 30.256819 1.236797 -30.536810 14.527602 11.029093 2.243540 -5.255033 -3.180156 14.282877 -0.826594 6.952496 -0.000000 -12.690593 -0.000001 18.621559 -17.924824 0.526085 1.665665 -1.955920 -2.878297 4.727794 -4.170584 4.993919 11.020511 0.000001 -0.000000 12.109032 -3.735715 -2.866778 0.000000 -0.000000 0.000000 1.291985 -1.928548 -1.498088 14.800115 0.567467 3.865604 14.242553 -1.341738 -6.660648 19.631935 0.143921 -0.648243 51.090763 0.038003 -6.672573 0.353029 -1.511150 -0.031940 20.222769 3.684305 2.316629 18.787249 0.000001 -0.000001 10.751608 -0.479870 1.397903 0.000000 -0.000000 0.000000 3.273804 0.305947 -0.580110 21.486790 11.830364 2.266131 8.162915 0.000000 -0.000000 18.399052 -3.798986 -4.940567 0.000003 0.000000 -0.000001 10.185804 -5.341489 -51.912834 -0.707606 -0.943816 75.678444 -4.736541 12.936286 -16.108644 1.687161 -1.910058 -0.412806 0.000000 -0.000000 0.000002 5.131831 -13.437606 -58.320847 -0.107327 -0.129081 62.334103 -1.735523 -12.883260 -14.507297 -1.412433 1.145625 3.346862 0.000000 -0.000000 -0.000001
0.000000 0.000000 0.000000 0.000000 -0.000000 0.000000 -0.167713 -13.980034 -25.352270 2.617210 9.420596 9.374331 0.434795 -0.358854 13.808898 -0.447621 -0.614581 2.154151 0.747724 -3.218562 19.636547 -0.616776 2.504525 -16.680780 -0.652506 -1.210793 -3.377936 3.375421 -4.164249 0.651291 0.000077 -0.000022 0.000006 0.031843 -0.179197 -0.166670 0.829199 -3.901204 -10.599093 -0.762797 3.551159 -10.594464 17.273687 -13.369473 13.232165 -52.028713 0.827471 11.863932 0.467662 -33.382889 0.687524 11.309719 -9.295054 -29.234608 -5.882102 9.861279 0.702590 -10.936861 -0.360574 7.156197 0.000000 8.774815 -0.000000 -16.122875 16.704941 6.389631 -1.844031 2.498503 -2.507276 -10.163590 4.678941 4.621104 -20.975996 -0.000001 0.000001 -21.226254 2.451698 -3.593995 0.000000 -0.000006 -0.000000 -1.362681 2.240797 -0.746323 -21.334892 0.584910 3.008319 -13.821196 -0.000001 0.000001 -23.887129 -0.249075 -0.839485 -62.005672 2.211116 0.329807 -0.294025 1.679686 0.833255 -14.218195 0.093215 1.300579 -34.212002 -0.287561 0.967166 -20.033176 0.964536 1.212838 0.000000 -0.000000 0.000000 -3.440387 0.788233 0.501655 -15.928172 -3.167306 2.999703 -6.338817 -0.000000 0.000001 -18.123419 3.648181 -4.905662 -0.000004 0.000000 -0.000002 -1.195747 15.252837 13.423948 64.315140 -13.088386 -10.060732 -1.901168 30.677853 0.725752 -35.918785 9.060162 2.346737 2.243540 -5.255033 -3.180156 14.282877 -0.826594 6.952496 -0.000000 -12.690593 -0.000001 19.661167 -17.445902 -0.120908 1.665665 -1.955920 -2.878297 4.727794 -4.170584 4.993919 11.020511 0.000001 -0.000000 12.109032 -3.735715 -2.866778 0.000000 -0.000000 0.000000 1.291985 -1.928548 -1.498088 14.800115 0.567467 3.865604 14.242553 -1.341738 -6.660648 19.631935 0.143921 -0.648243 51.503094 0.087014 -6.598160 0.353029 -1.511150 -0.031940 20.222769 3.684305 2.316629 18.787249 0.000001 -0.000001 10.751608 -0.479870 1.397903 0.000000 -0.000000 0.000000 3.273804 0.305947 -0.580110 21.486790 11.830364 2.266131 8.162915 0.000000 -0.000000 18.399052 -3.798986 -4.940567 0.000003 0.000000 -0.000001 10.206500 -3.760086 -47.516319 -0.711283 -0.991304 74.324661 -3.644700 14.887009 -15.478517 1.680091 -1.919985 -0.963562 0.000000 -0.000000 0.000002 3.752564 -16.064728 -58.916420 -0.089441 -0.186528 61.104736 -1.893407 -13.037340 -12.626767 -1.423162 1.178296 3.188439 0.000000 -0.000000 -0.000001
0.000000 0.000000 0.000000 0.000000 -0.000000 0.000000 0.518905 -13.383766 -27.483857 3.927634 11.540003 9.101658 0.698380 -0.536963 13.983188 -0.508492 -1.001012 1.831122 0.200171 -4.123828 18.859032 -1.548418 2.678389 -15.370543 -0.849440 -1.317818 -3.371748 3.409794 -4.076451 1.723788 0.000077 -0.000022 0.000006 0.046441 -0.241422 -0.199932 0.849051 -3.955270 -10.619712 -0.751801 3.482891 -10.628439 18.671566 -12.489929 13.369822 -45.933666 6.415838 12.322721 2.066261 -30.785698 0.667352 12.413188 -10.022264 -28.673855 -5.882102 9.861279 0.702590 -10.936861 -0.360574 7.156197 0.000000 8.774815 -0.000000 -16.322382 16.179031 5.901919 -1.844031 2.498503 -2.507276 -10.163590 4.678941 4.621104 -20.975996 -0.000001 0.000001 -21.226254 2.451698 -3.593995 0.000000 -0.000006 -0.000000 -1.362681 2.240797 -0.746323 -21.334892 0.584910 3.008319 -13.821196 -0.000001 0.000001 -23.887129 -0.249075 -0.839485 -61.976261 2.444711 0.327514 -0.294025 1.679686 0.833255 -14.218195 0.093215 1.300579 -34.212002 -0.287561 0.967166 -20.033176 0.964536 1.212838 0.000000 -0.000000 0.000000 -3.440387 0.788233 0.501655 -15.928172 -3.167306 2.999703 -6.338817 -0.000000 0.000001 -18.123419 3.648181 -4.905662 -0.000004 0.000000 -0.000002 -1.884784 12.528848 13.994159 63.711601 -25.335949 -19.534655 -1.697890 33.544422 1.051440 -42.532459 2.796318 -5.366264 2.243540 -5.255033 -3.180156 14.282877 -0.826594 6.952496 -0.000000 -12.690593 -0.000001 21.169649 -17.445093 -0.610563 1.665665 -1.955920 -2.878297 4.727794 -4.170584 4.993919 11.020511 0.000001 -0.000000 12.109032 -3.735715 -2.866778 0.000000 -0.000000 0.000000 1.291985 -1.928548 -1.498088 14.800115 0.567467 3.865604 14.242553 -1.341738 -6.660648 19.631935 0.143921 -0.648243 53.329205 -0.147720 -6.573048 0.353029 -1.511150 -0.031940 20.222769 3.684305 2.316629 18.787249 0.000001 -0.000001 10.751608 -0.479870 1.397903 0.000000 -0.000000 0.000000 3.273804 0.305947 -0.580110 21.486790 11.830364 2.266131 8.162915 0.000000 -0.000000 18.399052 -3.798986 -4.940567 0.000003 0.000000 -0.000001 10.478934 -0.887771 -42.055935 -0.756113 -1.013419 73.964821 -3.578407 15.391827 -14.718469 1.683723 -2.005318 -1.748039 0.000000 -0.000000 0.000002 1.972272 -18.503588 -58.537727 -0.077191 -0.274369 58.931206 -1.981650 -12.929533 -10.109029 -1.433488 1.160764 2.949421 0.000000 -0.000000 -0.000001
0.000000 0.000000 0.000000 0.000000 -0.000000 0.000000 1.528664 -12.372635 -30.077051 4.908393 12.900199 8.368863 0.920331 -0.601848 14.025585 -0.642481 -1.382063 1.235129 -0.440586 -4.776682 17.775990 -2.082469 2.575794 -12.484712 -1.105368 -1.118176 -3.316965 3.378965 -3.999404 2.081551 0.000077 -0.000022 0.000006 0.032183 -0.236633 -0.208613 0.842152 -3.938215 -10.584222 -0.772932 3.476094 -10.612842 20.196926 -11.749272 13.616580 -39.715435 12.728385 10.269656 3.445293 -35.064030 0.722531 17.625996 -10.420132 -26.961241 -5.882102 9.861279 0.702590 -10.936861 -0.360574 7.156197 0.000000 8.774815 -0.000000 -17.156815 16.552576 4.895315 -1.844031 2.498503 -2.507276 -10.163590 4.678941 4.621104 -20.975996 -0.000001 0.000001 -21.226254 2.451698 -3.593995 0.000000 -0.000006 -0.000000 -1.362681 2.240797 -0.746323 -21.334892 0.584910 3.008319 -13.821196 -0.000001 0.000001 -23.887129 -0.249075 -0.839485 -62.240925 2.644485 -0.033474 -0.294025 1.679686 0.833255 -14.218195 0.093215 1.300579 -34.212002 -0.287561 0.967166 -20.033176 0.964536 1.212838 0.000000 -0.000000 0.000000 -3.440387 0.788233 0.501655 -15.928172 -3.167306 2.999703 -6.338817 -0.000000 0.000001 -18.123419 3.648181 -4.905662 -0.000004 0.000000 -0.000002 -3.556037 9.763252 14.637160 62.536736 -36.017838 -30.340422 -0.236171 36.126930 2.037250 -51.221413 -1.781109 -8.444479 2.243540 -5.255033 -3.180156 14.282877 -0.826594 6.952496 -0.000000 -12.690593 -0.000001 21.966551 -18.607073 -0.006501 1.665665 -1.955920 -2.878297 4.727794 -4.170584 4.993919 11.020511 0.000001 -0.000000 12.109032 -3.735715 -2.866778 0.000000 -0.000000 0.000000 1.291985 -1.928548 -1.498088 14.800115 0.567467 3.865604 14.242553 -1.341738 -6.660648 19.631935 0.143921 -0.648243 56.306469 -0.547338 -6.605827 0.353029 -1.511150 -0.031940 20.222769 3.684305 2.316629 18.787249 0.000001 -0.000001 10.751608 -0.479870 1.397903 0.000000 -0.000000 0.000000 3.273804 0.305947 -0.580110 21.486790 11.830364 2.266131 8.162915 0.000000 -0.000000 18.399052 -3.798986 -4.940567 0.000003 0.000000 -0.000001 11.328051 2.906659 -35.493729 -0.867069 -1.133393 74.483650 -4.230896 13.576156 -13.177563 1.719758 -2.091299 -2.658635 0.000000 -0.000000 0.000002 -0.014666 -20.144915 -56.839809 -0.079769 -0.323092 54.890480 -1.870969 -12.428858 -6.427869 -1.443664 1.077962 2.730308 0.000000 -0.000000 -0.000001
0.000000 0.000000 0.000000 0.000000 -0.000000 0.000000 2.957164 -10.625542 -33.161882 5.415163 13.331393 7.914371 0.973037 -0.567212 13.695828 -0.813997 -1.678266 0.517556 -1.024665 -5.061308 16.417953 -2.074124 2.307583 -9.239859 -1.122306 -0.879957 -3.275409 3.201015 -3.782756 1.978589 0.000077 -0.000022 0.000006 0.002386 -0.174440 -0.203444 0.814480 -3.868863 -10.493257 -0.806142 3.530784 -10.537269 21.596931 -11.332312 13.900044 -33.624447 19.306303 5.345485 3.739748 -46.058270 1.141759 26.398281 -12.458707 -24.538671 -5.882102 9.861279 0.702590 -10.936861 -0.360574 7.156197 0.000000 8.774815 -0.000000 -18.327065 16.881752 3.804803 -1.844031 2.498503 -2.507276 -10.163590 4.678941 4.621104 -20.975996 -0.000001 0.000001 -21.226254 2.451698 -3.593995 0.000000 -0.000006 -0.000000 -1.362681 2.240797 -0.746323 -21.334892 0.584910 3.008319 -13.821196 -0.000001 0.000001 -23.887129 -0.249075 -0.839485 -63.334496 2.457149 -0.509065 -0.294025 1.679686 0.833255 -14.218195 0.093215 1.300579 -34.212002 -0.287561 0.967166 -20.033176 0.964536 1.212838 0.000000 -0.000000 0.000000 -3.440387 0.788233 0.501655 -15.928172 -3.167306 2.999703 -6.338817 -0.000000 0.000001 -18.123419 3.648181 -4.905662 -0.000004 0.000000 -0.000002 -5.329995 7.655188 15.207642 61.024708 -43.029572 -42.552620 0.000389 37.168755 2.383241 -62.351959 -3.145367 -7.440673 2.243540 -5.255033 -3.180156 14.282877 -0.826594 6.952496 -0.000000 -12.690593 -0.000001 19.784626 -19.714699 1.823368 1.665665 -1.955920 -2.878297 4.727794 -4.170584 4.993919 11.020511 0.000001 -0.000000 12.109032 -3.735715 -2.866778 0.000000 -0.000000 0.000000 1.291985 -1.928548 -1.498088 14.800115 0.567467 3.865604 14.242553 -1.341738 -6.660648 19.631935 0.143921 -0.648243 57.010193 -0.887107 -6.382587 0.353029 -1.511150 -0.031940 20.222769 3.684305 2.316629 18.787249 0.000001 -0.000001 10.751608 -0.479870 1.397903 0.000000 -0.000000 0.000000 3.273804 0.305947 -0.580110 21.486790 11.830364 2.266131 8.162915 0.000000 -0.000000 18.399052 -3.798986 -4.940567 0.000003 0.000000 -0.000001 12.449479 5.853584 -28.718138 -0.915936 -1.353339 74.274986 -5.137691 10.864946 -11.139612 1.794360 -2.131785 -3.425788 0.000000 -0.000000 0.000002 -2.046826 -20.138905 -53.834377 -0.093345 -0.289943 47.369717 -1.435847 -12.229136 -0.753059 -1.450191 1.000505 2.304008 0.000000 -0.000000 -0.000001
0.000000 0.000000 0.000000 0.000000 -0.000000 0.000000 4.723258 -8.108505 -36.570723 5.717964 13.225221 8.278582 0.571814 -0.621305 13.062811 -1.030199 -1.888175 -0.054108 -1.438193 -5.067043 15.031658 -1.462769 2.219119 -6.914691 -0.997278 -0.557690 -3.177888 2.895202 -3.519382 1.841606 0.000077 -0.000022 0.000006 -0.005055 -0.118751 -0.192535 0.783097 -3.819097 -10.407198 -0.791080 3.589940 -10.447261 22.503927 -11.130818 14.396176 -27.936188 24.699654 -1.386056 2.783834 -59.757126 1.667628 35.603962 -14.695270 -22.283270 -5.882102 9.861279 0.702590 -10.936861 -0.360574 7.156197 0.000000 8.774815 -0.000000 -19.362072 16.499136 3.505677 -1.844031 2.498503 -2.507276 -10.163590 4.678941 4.621104 -20.975996 -0.000001 0.000001 -21.226254 2.451698 -3.593995 0.000000 -0.000006 -0.000000 -1.362681 2.240797 -0.746323 -21.334892 0.584910 3.008319 -13.821196 -0.000001 0.000001 -23.887129 -0.249075 -0.839485 -64.868027 2.041849 -1.023025 -0.294025 1.679686 0.833255 -14.218195 0.093215 1.300579 -34.212002 -0.287561 0.967166 -20.033176 0.964536 1.212838 0.000000 -0.000000 0.000000 -3.440387 0.788233 0.501655 -15.928172 -3.167306 2.999703 -6.338817 -0.000000 0.000001 -18.123419 3.648181 -4.905662 -0.000004 0.000000 -0.000002 -6.273792 6.325181 15.558205 60.349468 -44.967373 -59.023865 -1.658648 39.150803 1.578117 -74.532021 0.460424 -8.070491 2.243540 -5.255033 -3.180156 14.282877 -0.826594 6.952496 -0.000000 -12.690593 -0.000001 16.564121 -19.301838 3.074728 1.665665 -1.955920 -2.878297 4.727794 -4.170584 4.993919 11.020511 0.000001 -0.000000 12.109032 -3.735715 -2.866778 0.000000 -0.000000 0.000000 1.291985 -1.928548 -1.498088 14.800115 0.567467 3.865604 14.242553 -1.341738 -6.660648 19.631935 0.143921 -0.648243 55.375820 -1.067900 -6.069422 0.353029 -1.511150 -0.031940 20.222769 3.684305 2.316629 18.787249 0.000001 -0.000001 10.751608 -0.479870 1.397903 0.000000 -0.000000 0.000000 3.273804 0.305947 -0.580110 21.486790 11.830364 2.266131 8.162915 0.000000 -0.000000 18.399052 -3.798986 -4.940567 0.000003 0.000000 -0.000001 12.495475 7.160450 -22.939268 -0.819292 -1.423299 71.348557 -5.061723 9.059461 -8.828549 1.873600 -2.114492 -3.425047 0.000000 -0.000000 0.000002 -4.959673 -17.974888 -48.984764 0.012994 -0.198701 34.741982 -0.808279 -13.322611 7.698628 -1.444660 0.926573 1.393955 0.000000 -0.000000 -0.000001
0.000000 0.000000 0.000000 0.000000 -0.000000 0.000000 6.616722 -5.487808 -40.169566 5.974430 13.248128 9.583367 -0.506892 -0.679491 11.861763 -0.992705 -2.013721 -0.374962 -1.405621 -4.940113 14.028530 -0.578615 2.370365 -5.555646 -1.072736 -0.858508 -3.299826 3.336284 -3.725752 2.661722 0.000077 -0.000022 0.000006 -0.065505 0.046997 -0.190304 0.705235 -3.678822 -10.438114 -0.834971 3.784090 -10.480017 22.855986 -11.471609 14.268413 -22.508583 28.292360 -9.189931 2.569573 -73.124817 -0.327013 41.769749 -16.644520 -17.296690 -5.882102 9.861279 0.702590 -10.936861 -0.360574 7.156197 0.000000 8.774815 -0.000000 -20.009542 16.715958 4.008985 -1.844031 2.498503 -2.507276 -10.163590 4.678941 4.621104 -20.975996 -0.000001 0.000001 -21.226254 2.451698 -3.593995 0.000000 -0.000006 -0.000000 -1.362681 2.240797 -0.746323 -21.334892 0.584910 3.008319 -13.821196 -0.000001 0.000001 -23.887129 -0.249075 -0.839485 -65.640572 2.193884 -1.795851 -0.294025 1.679686 0.833255 -14.218195 0.093215 1.300579 -34.212002 -0.287561 0.967166 -20.033176 0.964536 1.212838 0.000000 -0.000000 0.000000 -3.440387 0.788233 0.501655 -15.928172 -3.167306 2.999703 -6.338817 -0.000000 0.000001 -18.123419 3.648181 -4.905662 -0.000004 0.000000 -0.000002 -5.803479 5.944801 15.779963 59.634609 -42.949390 -72.780243 -7.567039 44.711964 -1.845076 -82.730118 6.569259 -10.662604 2.243540 -5.255033 -3.180156 14.282877 -0.826594 6.952496 -0.000000 -12.690593 -0.000001 15.949935 -18.584908 3.482431 1.665665 -1.955920 -2.878297 4.727794 -4.170584 4.993919 11.020511 0.000001 -0.000000 12.109032 -3.735715 -2.866778 0.000000 -0.000000 0.000000 1.291985 -1.928548 -1.498088 14.800115 0.567467 3.865604 14.242553 -1.341738 -6.660648 19.631935 0.143921 -0.648243 54.061436 -0.881297 -5.835111 0.353029 -1.511150 -0.031940 20.222769 3.684305 2.316629 18.787249 0.000001 -0.000001 10.751608 -0.479870 1.397903 0.000000 -0.000000 0.000000 3.273804 0.305947 -0.580110 21.486790 11.830364 2.266131 8.162915 0.000000 -0.000000 18.399052 -3.798986 -4.940567 0.000003 0.000000 -0.000001 11.053337 6.560232 -18.719271 -0.555418 -1.303590 64.699409 -4.016473 8.291431 -6.735959 1.843920 -1.995309 -3.463621 0.000000 -0.000000 0.000002 -10.367901 -12.719138 -43.669441 0.084130 -0.069564 20.452625 1.113479 -15.877764 16.699331 -1.419218 1.096210 0.011687 0.000000 -0.000000 -0.000001
0.000000 0.000000 0.000000 0.000000 -0.000000 0.000000 8.540967 -3.610855 -44.118197 5.383505 13.628132 10.507901 -1.141088 -0.729541 10.758524 -0.754704 -2.036475 -0.594035 -1.083040 -4.412632 13.689543 0.031287 2.485777 -5.100511 -1.404101 -0.946390 -3.339412 4.381213 -5.030574 4.234365 0.000077 -0.000022 0.000006 -0.103297 0.132887 -0.184373 0.635480 -3.616970 -10.553630 -0.841231 3.900600 -10.574622 22.697289 -12.257552 12.813669 -15.968993 28.103586 -17.631746 7.236141 -81.865059 -7.456663 43.105083 -17.333483 -10.252192 -5.882102 9.861279 0.702590 -10.936861 -0.360574 7.156197 0.000000 8.774815 -0.000000 -19.270437 16.529470 4.915866 -1.844031 2.498503 -2.507276 -10.163590 4.678941 4.621104 -20.975996 -0.000001 0.000001 -21.226254 2.451698 -3.593995 0.000000 -0.000006 -0.000000 -1.362681 2.240797 -0.746323 -21.334892 0.584910 3.008319 -13.821196 -0.000001 0.000001 -23.887129 -0.249075 -0.839485 -64.772575 2.488392 -1.718671 -0.294025 1.679686 0.833255 -14.218195 0.093215 1.300579 -34.212002 -0.287561 0.967166 -20.033176 0.964536 1.212838 0.000000 -0.000000 0.000000 -3.440387 0.788233 0.501655 -15.928172 -3.167306 2.999703 -6.338817 -0.000000 0.000001 -18.123419 3.648181 -4.905662 -0.000004 0.000000 -0.000002 -4.532507 6.767209 15.496914 56.669102 -39.703926 -79.038361 -15.923792 53.382938 -8.521455 -82.354073 16.907562 -7.777356 2.243540 -5.255033 -3.180156 14.282877 -0.826594 6.952496 -0.000000 -12.690593 -0.000001 15.523220 -18.371572 3.671526 1.665665 -1.955920 -2.878297 4.727794 -4.170584 4.993919 11.020511 0.000001 -0.000000 12.109032 -3.735715 -2.866778 0.000000 -0.000000 0.000000 1.291985 -1.928548 -1.498088 14.800115 0.567467 3.865604 14.242553 -1.341738 -6.660648 19.631935 0.143921 -0.648243 51.671261 -0.605175 -6.185253 0.353029 -1.511150 -0.031940 20.222769 3.684305 2.316629 18.787249 0.000001 -0.000001 10.751608 -0.479870 1.397903 0.000000 -0.000000 0.000000 3.273804 0.305947 -0.580110 21.486790 11.830364 2.266131 8.162915 0.000000 -0.000000 18.399052 -3.798986 -4.940567 0.000003 0.000000 -0.000001 9.686711 4.118359 -14.965142 -0.351952 -1.168315 53.892082 -3.325858 6.489764 -3.388185 1.777353 -1.907202 -4.513216 0.000000 -0.000000 0.000002 -13.841437 -8.670692 -43.643272 0.178909 0.440111 22.173157 4.538632 -17.200378 13.846494 -1.488613 1.254844 -0.286648 0.000000 -0.000000 -0.000001
0.000000 0.000000 0.000000 0.000000 -0.000000 0.000000 10.394713 -3.504219 -48.359176 4.212801 13.852225 9.672885 -1.067688 -0.882961 10.416066 -0.715502 -1.767005 -0.719893 -0.968315 -3.823806 13.802728 0.288726 2.504906 -3.903703 -1.853422 -1.056326 -3.242521 5.493602 -6.046272 4.438061 0.000077 -0.000022 0.000006 -0.086631 0.103529 -0.133817 0.646164 -3.632086 -10.569538 -0.817101 3.857279 -10.572795 24.197033 -12.875173 10.631672 -11.224576 23.151897 -24.470924 13.716552 -82.350060 -15.005103 42.512852 -16.357660 -4.026633 -5.882102 9.861279 0.702590 -10.936861 -0.360574 7.156197 0.000000 8.774815 -0.000000 -17.461466 15.986478 5.678077 -1.844031 2.498503 -2.507276 -10.163590 4.678941 4.621104 -20.975996 -0.000001 0.000001 -21.226254 2.451698 -3.593995 0.000000 -0.000006 -0.000000 -1.362681 2.240797 -0.746323 -21.334892 0.584910 3.008319 -13.821196 -0.000001 0.000001 -23.887129 -0.249075 -0.839485 -63.017593 2.593408 -1.398711 -0.294025 1.679686 0.833255 -14.218195 0.093215 1.300579 -34.212002 -0.287561 0.967166 -20.033176 0.964536 1.212838 0.000000 -0.000000 0.000000 -3.440387 0.788233 0.501655 -15.928172 -3.167306 2.999703 -6.338817 -0.000000 0.000001 -18.123419 3.648181 -4.905662 -0.000004 0.000000 -0.000002 -5.103539 8.032269 15.150919 51.896210 -35.454636 -76.978119 -20.419355 61.538460 -14.200546 -76.195671 27.573669 -0.075782 2.243540 -5.255033 -3.180156 14.282877 -0.826594 6.952496 -0.000000 -12.690593 -0.000001 14.615364 -17.448217 3.730751 1.665665 -1.955920 -2.878297 4.727794 -4.170584 4.993919 11.020511 0.000001 -0.000000 12.109032 -3.735715 -2.866778 0.000000 -0.000000 0.000000 1.291985 -1.928548 -1.498088 14.800115 0.567467 3.865604 14.242553 -1.341738 -6.660648 19.631935 0.143921 -0.648243 48.794132 -0.650454 -6.183980 0.353029 -1.511150 -0.031940 20.222769 3.684305 2.316629 18.787249 0.000001 -0.000001 10.751608 -0.479870 1.397903 0.000000 -0.000000 0.000000 3.273804 0.305947 -0.580110 21.486790 11.830364 2.266131 8.162915 0.000000 -0.000000 18.399052 -3.798986 -4.940567 0.000003 0.000000 -0.000001 8.766127 0.207264 -9.896420 -0.171503 -1.294611 42.423393 -5.561775 2.584954 -0.753198 1.794390 -1.832841 -9.486147 0.000000 -0.000000 0.000002 -13.474540 -8.429700 -46.928070 0.345327 0.690855 39.752827 8.342122 -14.929852 5.551181 -1.578537 1.177041 -0.732122 0.000000 -0.000000 -0.000001
0.000000 0.000000 0.000000 0.000000 -0.000000 0.000000 12.201692 -5.004295 -52.540282 3.425566 13.769024 7.933187 -1.051248 -1.067842 10.589252 -0.738019 -1.482162 -1.068686 -1.310562 -3.332145 13.731501 0.242158 2.725205 -1.612471 -1.737789 -1.822231 -3.152153 5.997618 -6.010653 2.542320 0.000077 -0.000022 0.000006 -0.101595 0.144249 -0.069706 0.703722 -3.559338 -10.521306 -0.905012 3.860591 -10.541245 27.277544 -13.201869 8.458931 -9.700917 15.160172 -29.766945 13.542301 -77.327812 -13.823896 42.518230 -14.407425 0.855915 -5.882102 9.861279 0.702590 -10.936861 -0.360574 7.156197 0.000000 8.774815 -0.000000 -15.913632 16.021986 6.099364 -1.844031 2.498503 -2.507276 -10.163590 4.678941 4.621104 -20.975996 -0.000001 0.000001 -21.226254 2.451698 -3.593995 0.000000 -0.000006 -0.000000 -1.362681 2.240797 -0.746323 -21.334892 0.584910 3.008319 -13.821196 -0.000001 0.000001 -23.887129 -0.249075 -0.839485 -60.934681 2.554963 -1.127625 -0.294025 1.679686 0.833255 -14.218195 0.093215 1.300579 -34.212002 -0.287561 0.967166 -20.033176 0.964536 1.212838 0.000000 -0.000000 0.000000 -3.440387 0.788233 0.501655 -15.928172 -3.167306 2.999703 -6.338817 -0.000000 0.000001 -18.123419 3.648181 -4.905662 -0.000004 0.000000 -0.000002 -8.605856 9.297831 14.852365 47.938904 -30.560143 -67.108765 -17.193380 65.762810 -12.714865 -67.774200 32.841370 6.654268 2.243540 -5.255033 -3.180156 14.282877 -0.826594 6.952496 -0.000000 -12.690593 -0.000001 14.314748 -16.700577 3.680138 1.665665 -1.955920 -2.878297 4.727794 -4.170584 4.993919 11.020511 0.000001 -0.000000 12.109032 -3.735715 -2.866778 0.000000 -0.000000 0.000000 1.291985 -1.928548 -1.498088 14.800115 0.567467 3.865604 14.242553 -1.341738 -6.660648 19.631935 0.143921 -0.648243 47.126816 -0.937107 -5.688430 0.353029 -1.511150 -0.031940 20.222769 3.684305 2.316629 18.787249 0.000001 -0.000001 10.751608 -0.479870 1.397903 0.000000 -0.000000 0.000000 3.273804 0.305947 -0.580110 21.486790 11.830364 2.266131 8.162915 0.000000 -0.000000 18.399052 -3.798986 -4.940567 0.000003 0.000000 -0.000001 7.224221 -4.462739 -4.779257 -0.033853 -1.270947 35.206753 -8.840694 1.461806 -8.483825 1.905848 -1.882929 -12.827777 0.000000 -0.000000 0.000002 -13.157116 -8.813756 -48.971584 0.455960 0.800408 58.023849 10.170915 -12.879203 -1.600862 -1.575787 1.067770 -1.093483 0.000000 -0.000000 -0.000001
0.000000 0.000000 0.000000 0.000000 -0.000000 0.000000 13.747361 -7.107117 -56.861608 3.844498 13.468737 6.727287 -1.706121 -0.951715 10.662819 -0.797909 -1.351740 -1.321474 -2.323712 -2.967385 14.098153 0.685395 2.886281 -0.452483 -1.732028 -2.230940 -3.241474 6.438173 -6.035905 0.172680 0.000077 -0.000022 0.000006 -0.092168 0.170342 -0.049450 0.743626 -3.518623 -10.492365 -0.931330 3.869141 -10.539646 28.180016 -13.260873 7.282796 -7.613900 7.861466 -34.435333 12.524497 -71.872910 -11.098712 43.082073 -13.636762 3.514502 -5.882102 9.861279 0.702590 -10.936861 -0.360574 7.156197 0.000000 8.774815 -0.000000 -15.433070 16.359991 6.245932 -1.844031 2.498503 -2.507276 -10.163590 4.678941 4.621104 -20.975996 -0.000001 0.000001 -21.226254 2.451698 -3.593995 0.000000 -0.000006 -0.000000 -1.362681 2.240797 -0.746323 -21.334892 0.584910 3.008319 -13.821196 -0.000001 0.000001 -23.887129 -0.249075 -0.839485 -59.788357 2.554062 -1.087536 -0.294025 1.679686 0.833255 -14.218195 0.093215 1.300579 -34.212002 -0.287561 0.967166 -20.033176 0.964536 1.212838 0.000000 -0.000000 0.000000 -3.440387 0.788233 0.501655 -15.928172 -3.167306 2.999703 -6.338817 -0.000000 0.000001 -18.123419 3.648181 -4.905662 -0.000004 0.000000 -0.000002 -11.718837 10.901207 14.529233 45.411865 -26.453714 -54.330482 -9.956076 66.175217 -6.826980 -60.681370 31.634554 12.770081 2.243540 -5.255033 -3.180156 14.282877 -0.826594 6.952496 -0.000000 -12.690593 -0.000001 15.908344 -16.870291 3.138386 1.665665 -1.955920 -2.878297 4.727794 -4.170584 4.993919 11.020511 0.000001 -0.000000 12.109032 -3.735715 -2.866778 0.000000 -0.000000 0.000000 1.291985 -1.928548 -1.498088 14.800115 0.567467 3.865604 14.242553 -1.341738 -6.660648 19.631935 0.143921 -0.648243 48.543472 -1.189322 -5.643282 0.353029 -1.511150 -0.031940 20.222769 3.684305 2.316629 18.787249 0.000001 -0.000001 10.751608 -0.479870 1.397903 0.000000 -0.000000 0.000000 3.273804 0.305947 -0.580110 21.486790 11.830364 2.266131 8.162915 0.000000 -0.000000 18.399052 -3.798986 -4.940567 0.000003 0.000000 -0.000001 4.575400 -7.081352 -3.363966 -0.100082 -0.975035 33.589886 -9.457672 3.878359 -20.839224 1.816115 -1.982470 -9.278838 0.000000 -0.000000 0.000002 -14.252958 -9.013797 -49.136555 0.593930 0.897070 69.884293 10.715203 -11.833854 -7.453665 -1.562986 1.083949 -2.165945 0.000000 -0.000000 -0.000001
0.000000 0.000000 0.000000 0.000000 -0.000000 0.000000 15.028766 -9.016487 -61.253306 4.727576 12.989030 6.087824 -2.489601 -0.726507 10.874484 -0.965698 -1.086481 -1.225226 -3.473238 -2.526605 14.980898 1.140242 2.839643 -1.052546 -1.749358 -2.573999 -3.304186 6.980969 -6.056370 -1.909880 0.000077 -0.000022 0.000006 -0.035164 0.089711 -0.053949 0.811070 -3.604506 -10.530400 -0.887161 3.792695 -10.605625 27.206522 -13.053576 6.925176 -5.539057 3.781671 -35.965244 14.420237 -70.795395 -11.929038 42.618576 -14.129560 4.765946 -5.882102 9.861279 0.702590 -10.936861 -0.360574 7.156197 0.000000 8.774815 -0.000000 -15.893226 16.564932 5.970356 -1.844031 2.498503 -2.507276 -10.163590 4.678941 4.621104 -20.975996 -0.000001 0.000001 -21.226254 2.451698 -3.593995 0.000000 -0.000006 -0.000000 -1.362681 2.240797 -0.746323 -21.334892 0.584910 3.008319 -13.821196 -0.000001 0.000001 -23.887129 -0.249075 -0.839485 -59.893150 2.543953 -1.225714 -0.294025 1.679686 0.833255 -14.218195 0.093215 1.300579 -34.212002 -0.287561 0.967166 -20.033176 0.964536 1.212838 0.000000 -0.000000 0.000000 -3.440387 0.788233 0.501655 -15.928172 -3.167306 2.999703 -6.338817 -0.000000 0.000001 -18.123419 3.648181 -4.905662 -0.000004 0.000000 -0.000002 -14.628954 12.259490 14.042448 46.801796 -23.377991 -46.269161 -4.629572 66.967010 -2.822800 -56.712212 28.572746 18.406633 2.243540 -5.255033 -3.180156 14.282877 -0.826594 6.952496 -0.000000 -12.690593 -0.000001 17.487280 -17.690199 2.671296 1.665665 -1.955920 -2.878297 4.727794 -4.170584 4.993919 11.020511 0.000001 -0.000000 12.109032 -3.735715 -2.866778 0.000000 -0.000000 0.000000 1.291985 -1.928548 -1.498088 14.800115 0.567467 3.865604 14.242553 -1.341738 -6.660648 19.631935 0.143921 -0.648243 51.152248 -1.187808 -5.898358 0.353029 -1.511150 -0.031940 20.222769 3.684305 2.316629 18.787249 0.000001 -0.000001 10.751608 -0.479870 1.397903 0.000000 -0.000000 0.000000 3.273804 0.305947 -0.580110 21.486790 11.830364 2.266131 8.162915 0.000000 -0.000000 18.399052 -3.798986 -4.940567 0.000003 0.000000 -0.000001 2.162842 -6.847930 -7.006701 -0.174787 -0.690967 37.951252 -8.537613 4.884268 -31.335829 1.722841 -2.036958 -4.528472 0.000000 -0.000000 0.000002 -14.995959 -9.666834 -48.829247 0.622185 0.952662 76.213120 10.863363 -10.761303 -11.419190 -1.547312 1.134696 -3.114234 0.000000 -0.000000 -0.000001
0.000000 0.000000 0.000000 0.000000 -0.000000 0.000000 15.860850 -10.626022 -65.427315 5.323589 12.366457 5.789302 -3.024614 -0.617164 11.355702 -1.178804 -0.670538 -1.053622 -4.426088 -2.050644 15.894108 1.316057 2.715872 -1.665167 -1.624361 -2.392681 -3.348290 7.728698 -5.986456 -4.106010 0.000077 -0.000022 0.000006 0.003774 0.008262 -0.036636 0.850647 -3.688848 -10.523677 -0.850096 3.712983 -10.622284 25.413790 -12.598536 7.363625 -4.483597 2.813616 -36.244801 15.358607 -74.246849 -13.418857 41.523010 -15.841578 6.806351 -5.882102 9.861279 0.702590 -10.936861 -0.360574 7.156197 0.000000 8.774815 -0.000000 -16.260672 16.549910 5.705877 -1.844031 2.498503 -2.507276 -10.163590 4.678941 4.621104 -20.975996 -0.000001 0.000001 -21.226254 2.451698 -3.593995 0.000000 -0.000006 -0.000000 -1.362681 2.240797 -0.746323 -21.334892 0.584910 3.008319 -13.821196 -0.000001 0.000001 -23.887129 -0.249075 -0.839485 -59.960243 2.602078 -1.318887 -0.294025 1.679686 0.833255 -14.218195 0.093215 1.300579 -34.212002 -0.287561 0.967166 -20.033176 0.964536 1.212838 0.000000 -0.000000 0.000000 -3.440387 0.788233 0.501655 -15.928172 -3.167306 2.999703 -6.338817 -0.000000 0.000001 -18.123419 3.648181 -4.905662 -0.000004 0.000000 -0.000002 -17.611343 13.207919 13.391685 53.229633 -22.377094 -46.025272 -4.914778 71.413162 -3.475850 -55.453045 25.723253 24.875360 2.243540 -5.255033 -3.180156 14.282877 -0.826594 6.952496 -0.000000 -12.690593 -0.000001 17.519009 -17.859287 2.783458 1.665665 -1.955920 -2.878297 4.727794 -4.170584 4.993919 11.020511 0.000001 -0.000000 12.109032 -3.735715 -2.866778 0.000000 -0.000000 0.000000 1.291985 -1.928548 -1.498088 14.800115 0.567467 3.865604 14.242553 -1.341738 -6.660648 19.631935 0.143921 -0.648243 51.312302 -1.267787 -5.989383 0.353029 -1.511150 -0.031940 20.222769 3.684305 2.316629 18.787249 0.000001 -0.000001 10.751608 -0.479870 1.397903 0.000000 -0.000000 0.000000 3.273804 0.305947 -0.580110 21.486790 11.830364 2.266131 8.162915 0.000000 -0.000000 18.399052 -3.798986 -4.940567 0.000003 0.000000 -0.000001 0.713407 -5.259491 -11.764481 -0.196715 -0.538919 43.993961 -7.612024 4.421083 -36.242085 1.638086 -2.061742 -1.922989 0.000000 -0.000000 0.000002 -14.732747 -10.376927 -48.479404 0.683053 0.951983 78.960602 12.092417 -7.570878 -13.291674 -1.521630 1.080796 -3.974062 0.000000 -0.000000 -0.000001
0.000000 0.000000 0.000000 0.000000 -0.000000 0.000000 16.448600 -11.283920 -69.007156 5.433232 11.944963 5.793362 -3.300631 -0.508938 11.574018 -1.395583 -0.310812 -0.817455 -5.087676 -1.788315 16.721104 1.650501 2.568788 -1.616765 -1.522433 -1.887866 -3.303260 8.578773 -5.716706 -5.524148 0.000077 -0.000022 0.000006 0.004300 -0.013618 -0.006651 0.844324 -3.705124 -10.477716 -0.844130 3.685430 -10.576205 23.011400 -12.314518 8.411571 -4.357144 3.933452 -35.023766 18.404160 -79.081444 -17.221237 40.702602 -17.745888 10.174484 -5.882102 9.861279 0.702590 -10.936861 -0.360574 7.156197 0.000000 8.774815 -0.000000 -16.650219 16.627378 5.656004 -1.844031 2.498503 -2.507276 -10.163590 4.678941 4.621104 -20.975996 -0.000001 0.000001 -21.226254 2.451698 -3.593995 0.000000 -0.000006 -0.000000 -1.362681 2.240797 -0.746323 -21.334892 0.584910 3.008319 -13.821196 -0.000001 0.000001 -23.887129 -0.249075 -0.839485 -60.627663 2.778266 -1.408741 -0.294025 1.679686 0.833255 -14.218195 0.093215 1.300579 -34.212002 -0.287561 0.967166 -20.033176 0.964536 1.212838 0.000000 -0.000000 0.000000 -3.440387 0.788233 0.501655 -15.928172 -3.167306 2.999703 -6.338817 -0.000000 0.000001 -18.123419 3.648181 -4.905662 -0.000004 0.000000 -0.000002 -19.544315 13.737117 12.661960 62.780655 -23.528715 -50.284611 -12.390322 79.192673 -10.925761 -55.701260 23.491144 31.930746 2.243540 -5.255033 -3.180156 14.282877 -0.826594 6.952496 -0.000000 -12.690593 -0.000001 16.739750 -18.127806 3.126669 1.665665 -1.955920 -2.878297 4.727794 -4.170584 4.993919 11.020511 0.000001 -0.000000 12.109032 -3.735715 -2.866778 0.000000 -0.000000 0.000000 1.291985 -1.928548 -1.498088 14.800115 0.567467 3.865604 14.242553 -1.341738 -6.660648 19.631935 0.143921 -0.648243 50.391987 -1.361095 -6.136801 0.353029 -1.511150 -0.031940 20.222769 3.684305 2.316629 18.787249 0.000001 -0.000001 10.751608 -0.479870 1.397903 0.000000 -0.000000 0.000000 3.273804 0.305947 -0.580110 21.486790 11.830364 2.266131 8.162915 0.000000 -0.000000 18.399052 -3.798986 -4.940567 0.000003 0.000000 -0.000001 0.024436 -3.870649 -16.541153 -0.228657 -0.454119 49.362026 -7.163435 3.611160 -36.493645 1.665307 -2.020025 -1.077281 0.000000 -0.000000 0.000002 -13.492466 -10.539249 -47.233585 0.548671 0.826681 77.687744 14.358627 -3.446575 -14.151394 -1.529493 1.080437 -5.208069 0.000000 -0.000000 -0.000001
0.000000 0.000000 0.000000 0.000000 -0.000000 0.000000 16.883507 -11.296150 -71.878613 5.264758 12.004856 6.321311 -3.451711 -0.515564 11.703884 -1.621909 -0.048047 -0.594034 -5.362429 -1.823960 17.022123 2.081564 2.305278 -1.276573 -1.190798 -1.384154 -3.310895 9.351673 -5.016877 -5.248758 0.000077 -0.000022 0.000006 -0.007838 0.011232 0.002658 0.784205 -3.700096 -10.516294 -0.805712 3.726711 -10.604870 20.366510 -12.378051 9.387918 -4.571710 6.807956 -32.110931 24.776676 -83.850693 -24.037691 40.326286 -19.637974 12.429972 -5.882102 9.861279 0.702590 -10.936861 -0.360574 7.156197 0.000000 8.774815 -0.000000 -16.976849 16.653893 5.465065 -1.844031 2.498503 -2.507276 -10.163590 4.678941 4.621104 -20.975996 -0.000001 0.000001 -21.226254 2.451698 -3.593995 0.000000 -0.000006 -0.000000 -1.362681 2.240797 -0.746323 -21.334892 0.584910 3.008319 -13.821196 -0.000001 0.000001 -23.887129 -0.249075 -0.839485 -61.305229 2.674651 -1.495899 -0.294025 1.679686 0.833255 -14.218195 0.093215 1.300579 -34.212002 -0.287561 0.967166 -20.033176 0.964536 1.212838 0.000000 -0.000000 0.000000 -3.440387 0.788233 0.501655 -15.928172 -3.167306 2.999703 -6.338817 -0.000000 0.000001 -18.123419 3.648181 -4.905662 -0.000004 0.000000 -0.000002 -19.945372 13.346026 12.160591 73.508049 -26.073116 -55.122036 -81.122276 85.887245 -80.201042 -56.552097 24.275124 38.883644 2.243540 -5.255033 -3.180156 14.282877 -0.826594 6.952496 -0.000000 -12.690593 -0.000001 15.698590 -18.445791 3.550169 1.665665 -1.955920 -2.878297 4.727794 -4.170584 4.993919 11.020511 0.000001 -0.000000 12.109032 -3.735715 -2.866778 0.000000 -0.000000 0.000000 1.291985 -1.928548 -1.498088 14.800115 0.567467 3.865604 14.242553 -1.341738 -6.660648 19.631935 0.143921 -0.648243 49.036461 -1.408513 -6.292006 0.353029 -1.511150 -0.031940 20.222769 3.684305 2.316629 18.787249 0.000001 -0.000001 10.751608 -0.479870 1.397903 0.000000 -0.000000 0.000000 3.273804 0.305947 -0.580110 21.486790 11.830364 2.266131 8.162915 0.000000 -0.000000 18.399052 -3.798986 -4.940567 0.000003 0.000000 -0.000001 -0.230256 -3.126631 -20.380619 -0.244735 -0.410529 51.866524 -7.271203 2.699415 -35.769592 1.659263 -1.956145 -0.724560 0.000000 -0.000000 0.000002 -11.692472 -9.693716 -45.355919 0.467141 0.702590 73.290039 14.489374 -3.805803 -15.094578 -1.520447 0.975778 -7.353687 0.000000 -0.000000 -0.000001
0.000000 0.000000 0.000000 0.000000 -0.000000 0.000000 17.189856 -10.996887 -74.393013 5.232065 12.831206 7.020950 -3.664306 -0.653406 11.898187 -1.830898 0.026202 -0.385925 -5.362308 -1.996010 17.107454 2.479609 1.941597 -0.868840 -1.039104 -1.043553 -3.346363 10.017517 -4.639147 -4.594607 0.000077 -0.000022 0.000006 -0.005751 0.012368 -0.015653 0.755437 -3.722183 -10.585397 -0.772299 3.751537 -10.663633 18.901716 -12.721107 10.266380 -5.049636 9.242738 -29.559973 32.352215 -86.142273 -31.476904 39.923046 -20.501638 14.078058 -5.882102 9.861279 0.702590 -10.936861 -0.360574 7.156197 0.000000 8.774815 -0.000000 -17.042826 16.732948 5.421139 -1.844031 2.498503 -2.507276 -10.163590 4.678941 4.621104 -20.975996 -0.000001 0.000001 -21.226254 2.451698 -3.593995 0.000000 -0.000006 -0.000000 -1.362681 2.240797 -0.746323 -21.334892 0.584910 3.008319 -13.821196 -0.000001 0.000001 -23.887129 -0.249075 -0.839485 -61.621544 2.587035 -1.359958 -0.294025 1.679686 0.833255 -14.218195 0.093215 1.300579 -34.212002 -0.287561 0.967166 -20.033176 0.964536 1.212838 0.000000 -0.000000 0.000000 -3.440387 0.788233 0.501655 -15.928172 -3.167306 2.999703 -6.338817 -0.000000 0.000001 -18.123419 3.648181 -4.905662 -0.000004 0.000000 -0.000002 -19.552347 12.206532 12.214291 82.411491 -29.052759 -59.442112 -133.747513 82.176170 -132.680313 -60.293106 24.455128 40.137051 2.243540 -5.255033 -3.180156 14.282877 -0.826594 6.952496 -0.000000 -12.690593 -0.000001 15.563974 -18.843437 3.408232 1.665665 -1.955920 -2.878297 4.727794 -4.170584 4.993919 11.020511 0.000001 -0.000000 12.109032 -3.735715 -2.866778 0.000000 -0.000000 0.000000 1.291985 -1.928548 -1.498088 14.800115 0.567467 3.865604 14.242553 -1.341738 -6.660648 19.631935 0.143921 -0.648243 49.089516 -1.328530 -6.484946 0.353029 -1.511150 -0.031940 20.222769 3.684305 2.316629 18.787249 0.000001 -0.000001 10.751608 -0.479870 1.397903 0.000000 -0.000000 0.000000 3.273804 0.305947 -0.580110 21.486790 11.830364 2.266131 8.162915 0.000000 -0.000000 18.399052 -3.798986 -4.940567 0.000003 0.000000 -0.000001 -0.488791 -3.311656 -23.558710 -0.222843 -0.337416 52.840378 -7.158272 1.876027 -34.349155 1.674239 -1.877104 -0.576895 0.000000 -0.000000 0.000002 -10.893988 -8.267479 -44.335018 0.270024 0.552673 70.707275 14.507322 -5.873717 -17.132097 -1.504514 1.001907 -6.389139 0.000000 -0.000000 -0.000001
0.000000 0.000000 0.000000 0.000000 -0.000000 0.000000 17.577744 -10.635963 -76.723554 5.154577 13.730329 7.611205 -3.753031 -0.738652 12.027849 -1.879342 -0.005278 -0.263566 -5.280660 -2.118143 17.237059 2.523401 1.738638 -0.439492 -0.983870 -0.749617 -3.425728 10.518517 -4.601495 -3.753958 0.000077 -0.000022 0.000006 0.003750 -0.007913 -0.032090 0.740658 -3.755151 -10.638784 -0.739309 3.745589 -10.697252 18.317999 -13.141764 10.696545 -5.409826 10.173700 -28.389387 28.112942 -86.138420 -27.081059 39.610981 -20.094269 15.823911 -5.882102 9.861279 0.702590 -10.936861 -0.360574 7.156197 0.000000 8.774815 -0.000000 -16.931826 16.554449 5.434662 -1.844031 2.498503 -2.507276 -10.163590 4.678941 4.621104 -20.975996 -0.000001 0.000001 -21.226254 2.451698 -3.593995 0.000000 -0.000006 -0.000000 -1.362681 2.240797 -0.746323 -21.334892 0.584910 3.008319 -13.821196 -0.000001 0.000001 -23.887129 -0.249075 -0.839485 -61.106686 2.503774 -1.101584 -0.294025 1.679686 0.833255 -14.218195 0.093215 1.300579 -34.212002 -0.287561 0.967166 -20.033176 0.964536 1.212838 0.000000 -0.000000 0.000000 -3.440387 0.788233 0.501655 -15.928172 -3.167306 2.999703 -6.338817 -0.000000 0.000001 -18.123419 3.648181 -4.905662 -0.000004 0.000000 -0.000002 -19.079651 11.660549 12.428108 86.185341 -31.285713 -61.554665 -125.863380 81.864380 -124.258835 -65.769554 21.918415 35.836288 2.243540 -5.255033 -3.180156 14.282877 -0.826594 6.952496 -0.000000 -12.690593 -0.000001 15.636036 -18.931223 2.921081 1.665665 -1.955920 -2.878297 4.727794 -4.170584 4.993919 11.020511 0.000001 -0.000000 12.109032 -3.735715 -2.866778 0.000000 -0.000000 0.000000 1.291985 -1.928548 -1.498088 14.800115 0.567467 3.865604 14.242553 -1.341738 -6.660648 19.631935 0.143921 -0.648243 49.332905 -1.118214 -6.575201 0.353029 -1.511150 -0.031940 20.222769 3.684305 2.316629 18.787249 0.000001 -0.000001 10.751608 -0.479870 1.397903 0.000000 -0.000000 0.000000 3.273804 0.305947 -0.580110 21.486790 11.830364 2.266131 8.162915 0.000000 -0.000000 18.399052 -3.798986 -4.940567 0.000003 0.000000 -0.000001 -0.772204 -3.655016 -26.132786 -0.214219 -0.250926 53.072262 -6.750951 1.405440 -32.993568 1.672129 -1.834281 -0.362941 0.000000 -0.000000 0.000002 -10.669681 -7.076953 -44.368683 0.210401 0.518687 71.310600 14.882127 -6.806156 -17.595289 -1.497274 1.047780 -5.337122 0.000000 -0.000000 -0.000001
0.000000 0.000000 0.000000 0.000000 -0.000000 0.000000 18.171417 -10.272530 -78.808309 5.036474 14.009480 7.943370 -3.680141 -0.695146 12.028975 -1.776348 -0.023731 -0.262794 -5.237171 -2.076260 17.398872 2.041112 1.871719 -0.011460 -0.875647 -0.664652 -3.475412 10.634521 -4.495234 -2.961044 0.000077 -0.000022 0.000006 0.009335 -0.035803 -0.039082 0.742816 -3.787286 -10.672452 -0.731297 3.722692 -10.718348 18.103907 -13.345383 10.596237 -6.050712 9.390333 -27.303461 20.292261 -84.897812 -19.117910 39.168545 -19.410032 16.372179 -5.882102 9.861279 0.702590 -10.936861 -0.360574 7.156197 0.000000 8.774815 -0.000000 -16.885956 16.381948 5.496267 -1.844031 2.498503 -2.507276 -10.163590 4.678941 4.621104 -20.975996 -0.000001 0.000001 -21.226254 2.451698 -3.593995 0.000000 -0.000006 -0.000000 -1.362681 2.240797 -0.746323 -21.334892 0.584910 3.008319 -13.821196 -0.000001 0.000001 -23.887129 -0.249075 -0.839485 -60.567959 2.394835 -0.793666 -0.294025 1.679686 0.833255 -14.218195 0.093215 1.300579 -34.212002 -0.287561 0.967166 -20.033176 0.964536 1.212838 0.000000 -0.000000 0.000000 -3.440387 0.788233 0.501655 -15.928172 -3.167306 2.999703 -6.338817 -0.000000 0.000001 -18.123419 3.648181 -4.905662 -0.000004 0.000000 -0.000002 -19.043108 12.428010 12.434656 84.981491 -32.261230 -61.220688 -97.326355 83.389305 -95.895447 -68.649246 18.900291 30.996765 2.243540 -5.255033 -3.180156 14.282877 -0.826594 6.952496 -0.000000 -12.690593 -0.000001 15.433815 -18.756208 2.653141 1.665665 -1.955920 -2.878297 4.727794 -4.170584 4.993919 11.020511 0.000001 -0.000000 12.109032 -3.735715 -2.866778 0.000000 -0.000000 0.000000 1.291985 -1.928548 -1.498088 14.800115 0.567467 3.865604 14.242553 -1.341738 -6.660648 19.631935 0.143921 -0.648243 49.008350 -0.945714 -6.460392 0.353029 -1.511150 -0.031940 20.222769 3.684305 2.316629 18.787249 0.000001 -0.000001 10.751608 -0.479870 1.397903 0.000000 -0.000000 0.000000 3.273804 0.305947 -0.580110 21.486790 11.830364 2.266131 8.162915 0.000000 -0.000000 18.399052 -3.798986 -4.940567 0.000003 0.000000 -0.000001 -1.267436 -3.737289 -27.926508 -0.194276 -0.160447 52.896355 -6.082580 1.455233 -31.792192 1.669664 -1.821504 -0.206060 0.000000 -0.000000 0.000002 -10.723660 -6.736616 -44.068092 0.239380 0.549848 73.141747 15.723429 -5.732720 -17.398670 -1.507496 1.077182 -4.798717 0.000000 -0.000000 -0.000001
0.000000 0.000000 0.000000 0.000000 -0.000000 0.000000 18.918902 -9.934303 -80.718945 4.875297 13.513308 8.086950 -3.515638 -0.575730 11.884484 -1.616760 0.033214 -0.375093 -5.153242 -1.867086 17.480433 1.151988 2.251139 0.456597 -0.713662 -0.734363 -3.472447 10.377948 -4.232314 -2.301003 0.000077 -0.000022 0.000006 0.000297 -0.036769 -0.043924 0.743755 -3.787056 -10.668003 -0.751597 3.720587 -10.716344 18.040693 -13.350907 10.163795 -7.685972 7.544219 -25.657036 16.101391 -83.591698 -14.902162 38.028294 -18.734425 15.105849 -5.882102 9.861279 0.702590 -10.936861 -0.360574 7.156197 0.000000 8.774815 -0.000000 -16.877567 16.408802 5.666306 -1.844031 2.498503 -2.507276 -10.163590 4.678941 4.621104 -20.975996 -0.000001 0.000001 -21.226254 2.451698 -3.593995 0.000000 -0.000006 -0.000000 -1.362681 2.240797 -0.746323 -21.334892 0.584910 3.008319 -13.821196 -0.000001 0.000001 -23.887129 -0.249075 -0.839485 -60.403255 2.316331 -0.600155 -0.294025 1.679686 0.833255 -14.218195 0.093215 1.300579 -34.212002 -0.287561 0.967166 -20.033176 0.964536 1.212838 0.000000 -0.000000 0.000000 -3.440387 0.788233 0.501655 -15.928172 -3.167306 2.999703 -6.338817 -0.000000 0.000001 -18.123419 3.648181 -4.905662 -0.000004 0.000000 -0.000002 -19.558388 14.077461 12.107434 81.010033 -32.126598 -58.993343 -63.464882 83.875732 -62.482796 -68.980347 17.381905 27.700895 2.243540 -5.255033 -3.180156 14.282877 -0.826594 6.952496 -0.000000 -12.690593 -0.000001 15.356253 -18.622807 2.529154 1.665665 -1.955920 -2.878297 4.727794 -4.170584 4.993919 11.020511 0.000001 -0.000000 12.109032 -3.735715 -2.866778 0.000000 -0.000000 0.000000 1.291985 -1.928548 -1.498088 14.800115 0.567467 3.865604 14.242553 -1.341738 -6.660648 19.631935 0.143921 -0.648243 48.589760 -0.871466 -6.398912 0.353029 -1.511150 -0.031940 20.222769 3.684305 2.316629 18.787249 0.000001 -0.000001 10.751608 -0.479870 1.397903 0.000000 -0.000000 0.000000 3.273804 0.305947 -0.580110 21.486790 11.830364 2.266131 8.162915 0.000000 -0.000000 18.399052 -3.798986 -4.940567 0.000003 0.000000 -0.000001 -1.924134 -3.495702 -29.247013 -0.144529 -0.056630 52.660210 -5.148946 1.885912 -30.616112 1.670155 -1.812767 -0.104804 0.000000 -0.000000 0.000002 -10.910804 -6.912624 -42.883663 0.283113 0.596100 74.423904 16.564665 -4.133150 -17.371567 -1.526179 1.116109 -4.644012 0.000000 -0.000000 -0.000001
0.000000 0.000000 0.000000 0.000000 -0.000000 0.000000 19.701371 -9.580277 -82.502778 4.520925 12.172528 8.148772 -3.311292 -0.391106 11.602988 -1.460470 0.191652 -0.565802 -4.942113 -1.507057 17.406956 0.188897 2.617137 0.821182 -0.579128 -0.725754 -3.430520 9.990565 -3.864550 -1.719037 0.000077 -0.000022 0.000006 -0.019684 -0.011592 -0.045784 0.736625 -3.756677 -10.632083 -0.785735 3.739775 -10.687449 18.087061 -13.301081 9.589490 -10.984286 5.533029 -23.751461 15.120591 -83.358162 -14.028454 36.586372 -18.666115 11.160183 -5.882102 9.861279 0.702590 -10.936861 -0.360574 7.156197 0.000000 8.774815 -0.000000 -16.836096 16.665436 5.823138 -1.844031 2.498503 -2.507276 -10.163590 4.678941 4.621104 -20.975996 -0.000001 0.000001 -21.226254 2.451698 -3.593995 0.000000 -0.000006 -0.000000 -1.362681 2.240797 -0.746323 -21.334892 0.584910 3.008319 -13.821196 -0.000001 0.000001 -23.887129 -0.249075 -0.839485 -60.172260 2.260601 -0.695040 -0.294025 1.679686 0.833255 -14.218195 0.093215 1.300579 -34.212002 -0.287561 0.967166 -20.033176 0.964536 1.212838 0.000000 -0.000000 0.000000 -3.440387 0.788233 0.501655 -15.928172 -3.167306 2.999703 -6.338817 -0.000000 0.000001 -18.123419 3.648181 -4.905662 -0.000004 0.000000 -0.000002 -20.625769 15.944485 11.460232 76.575226 -30.500210 -55.405060 -42.306370 84.484627 -41.482903 -67.849312 17.609732 26.816557 2.243540 -5.255033 -3.180156 14.282877 -0.826594 6.952496 -0.000000 -12.690593 -0.000001 15.660386 -18.562651 2.410069 1.665665 -1.955920 -2.878297 4.727794 -4.170584 4.993919 11.020511 0.000001 -0.000000 12.109032 -3.735715 -2.866778 0.000000 -0.000000 0.000000 1.291985 -1.928548 -1.498088 14.800115 0.567467 3.865604 14.242553 -1.341738 -6.660648 19.631935 0.143921 -0.648243 48.647690 -0.890445 -6.467730 0.353029 -1.511150 -0.031940 20.222769 3.684305 2.316629 18.787249 0.000001 -0.000001 10.751608 -0.479870 1.397903 0.000000 -0.000000 0.000000 3.273804 0.305947 -0.580110 21.486790 11.830364 2.266131 8.162915 0.000000 -0.000000 18.399052 -3.798986 -4.940567 0.000003 0.000000 -0.000001 -2.457758 -2.958241 -30.334970 -0.065976 0.055442 52.371239 -4.190537 2.789345 -29.445162 1.671947 -1.797325 -0.090778 0.000000 -0.000000 0.000002 -10.914566 -6.947940 -41.013813 0.277380 0.632492 74.393066 16.841005 -3.487299 -17.726263 -1.535792 1.146926 -4.688755 0.000000 -0.000000 -0.000001
0.000000 0.000000 0.000000 0.000000 -0.000000 0.000000 20.384447 -9.169983 -84.070037 3.991384 10.420813 8.246959 -3.114611 -0.215451 11.241245 -1.369595 0.413493 -0.774755 -4.633112 -1.142147 17.116434 -0.452718 2.787050 0.957088 -0.491081 -0.448804 -3.380852 9.648741 -3.546615 -1.179893 0.000077 -0.000022 0.000006 -0.042996 0.022242 -0.048693 0.718202 -3.717891 -10.595080 -0.814584 3.767493 -10.663134 18.152210 -13.379296 9.072593 -15.802811 4.070133 -21.940456 18.221033 -84.572411 -17.140505 35.214695 -18.972000 4.730971 -5.882102 9.861279 0.702590 -10.936861 -0.360574 7.156197 0.000000 8.774815 -0.000000 -16.646618 17.123262 5.980440 -1.844031 2.498503 -2.507276 -10.163590 4.678941 4.621104 -20.975996 -0.000001 0.000001 -21.226254 2.451698 -3.593995 0.000000 -0.000006 -0.000000 -1.362681 2.240797 -0.746323 -21.334892 0.584910 3.008319 -13.821196 -0.000001 0.000001 -23.887129 -0.249075 -0.839485 -59.744869 2.196891 -0.905064 -0.294025 1.679686 0.833255 -14.218195 0.093215 1.300579 -34.212002 -0.287561 0.967166 -20.033176 0.964536 1.212838 0.000000 -0.000000 0.000000 -3.440387 0.788233 0.501655 -15.928172 -3.167306 2.999703 -6.338817 -0.000000 0.000001 -18.123419 3.648181 -4.905662 -0.000004 0.000000 -0.000002 -21.995424 17.598291 10.652907 73.857033 -27.537447 -51.048912 -34.812481 86.266502 -33.586170 -65.551300 18.074759 27.127213 2.243540 -5.255033 -3.180156 14.282877 -0.826594 6.952496 -0.000000 -12.690593 -0.000001 16.405848 -18.465984 2.211119 1.665665 -1.955920 -2.878297 4.727794 -4.170584 4.993919 11.020511 0.000001 -0.000000 12.109032 -3.735715 -2.866778 0.000000 -0.000000 0.000000 1.291985 -1.928548 -1.498088 14.800115 0.567467 3.865604 14.242553 -1.341738 -6.660648 19.631935 0.143921 -0.648243 49.126659 -0.916504 -6.597003 0.353029 -1.511150 -0.031940 20.222769 3.684305 2.316629 18.787249 0.000001 -0.000001 10.751608 -0.479870 1.397903 0.000000 -0.000000 0.000000 3.273804 0.305947 -0.580110 21.486790 11.830364 2.266131 8.162915 0.000000 -0.000000 18.399052 -3.798986 -4.940567 0.000003 0.000000 -0.000001 -2.708280 -2.292511 -31.223202 -0.004840 0.115047 51.835739 -3.544527 3.749233 -28.329660 1.675228 -1.805742 -0.053584 0.000000 -0.000000 0.000002 -10.595783 -6.761666 -38.547817 0.232470 0.656034 72.541267 16.643330 -3.569880 -18.159159 -1.533494 1.156549 -4.995016 0.000000 -0.000000 -0.000001
0.000000 0.000000 0.000000 0.000000 -0.000000 0.000000 20.887762 -8.737976 -85.384409 3.468929 8.771463 8.429641 -2.977064 -0.096054 10.854921 -1.338986 0.625668 -0.974912 -4.332423 -0.838823 16.705631 -0.643071 2.764784 0.959804 -0.482451 -0.041925 -3.331451 9.389230 -3.328435 -0.714884 0.000077 -0.000022 0.000006 -0.047518 0.027267 -0.056110 0.711397 -3.712961 -10.586915 -0.817245 3.772732 -10.668741 18.211174 -13.710980 8.808446 -21.339506 3.194101 -20.187693 31.074394 -86.593430 -29.930449 34.067738 -19.083601 -2.040943 -5.882102 9.861279 0.702590 -10.936861 -0.360574 7.156197 0.000000 8.774815 -0.000000 -16.195847 17.616100 6.207768 -1.844031 2.498503 -2.507276 -10.163590 4.678941 4.621104 -20.975996 -0.000001 0.000001 -21.226254 2.451698 -3.593995 0.000000 -0.000006 -0.000000 -1.362681 2.240797 -0.746323 -21.334892 0.584910 3.008319 -13.821196 -0.000001 0.000001 -23.887129 -0.249075 -0.839485 -59.497944 2.147542 -1.104279 -0.294025 1.679686 0.833255 -14.218195 0.093215 1.300579 -34.212002 -0.287561 0.967166 -20.033176 0.964536 1.212838 0.000000 -0.000000 0.000000 -3.440387 0.788233 0.501655 -15.928172 -3.167306 2.999703 -6.338817 -0.000000 0.000001 -18.123419 3.648181 -4.905662 -0.000004 0.000000 -0.000002 -23.080214 18.953110 9.925623 73.385101 -24.116207 -46.365467 -62.591682 88.294518 -60.654095 -62.478939 17.596697 26.728720 2.243540 -5.255033 -3.180156 14.282877 -0.826594 6.952496 -0.000000 -12.690593 -0.000001 17.268579 -18.419613 2.093117 1.665665 -1.955920 -2.878297 4.727794 -4.170584 4.993919 11.020511 0.000001 -0.000000 12.109032 -3.735715 -2.866778 0.000000 -0.000000 0.000000 1.291985 -1.928548 -1.498088 14.800115 0.567467 3.865604 14.242553 -1.341738 -6.660648 19.631935 0.143921 -0.648243 49.776920 -0.940059 -6.704748 0.353029 -1.511150 -0.031940 20.222769 3.684305 2.316629 18.787249 0.000001 -0.000001 10.751608 -0.479870 1.397903 0.000000 -0.000000 0.000000 3.273804 0.305947 -0.580110 21.486790 11.830364 2.266131 8.162915 0.000000 -0.000000 18.399052 -3.798986 -4.940567 0.000003 0.000000 -0.000001 -2.735962 -1.814473 -31.962437 0.030642 0.141829 51.115871 -3.314482 4.599153 -27.259527 1.671993 -1.811223 0.076396 0.000000 -0.000000 0.000002 -10.006445 -6.686912 -35.808498 0.165095 0.646002 69.301590 16.444317 -3.794547 -18.724680 -1.534827 1.164944 -5.277125 0.000000 -0.000000 -0.000001
0.000000 0.000000 0.000000 0.000000 -0.000000 0.000000 21.210867 -8.341351 -86.528268 2.985913 7.302268 8.627373 -2.896395 -0.004171 10.497667 -1.322570 0.816494 -1.186054 -4.032208 -0.551082 16.303690 -0.550021 2.691928 1.023230 -0.500075 0.314790 -3.301531 9.139725 -3.067888 -0.387253 0.000077 -0.000022 0.000006 -0.042346 0.018026 -0.061966 0.716160 -3.726448 -10.600132 -0.811995 3.768188 -10.692199 18.403913 -14.226128 8.811912 -27.305788 2.421727 -18.035334 73.869926 -88.064270 -72.760971 32.763615 -18.977476 -7.507301 -5.882102 9.861279 0.702590 -10.936861 -0.360574 7.156197 0.000000 8.774815 -0.000000 -15.766331 17.963118 6.368065 -1.844031 2.498503 -2.507276 -10.163590 4.678941 4.621104 -20.975996 -0.000001 0.000001 -21.226254 2.451698 -3.593995 0.000000 -0.000006 -0.000000 -1.362681 2.240797 -0.746323 -21.334892 0.584910 3.008319 -13.821196 -0.000001 0.000001 -23.887129 -0.249075 -0.839485 -59.777878 2.087550 -1.161538 -0.294025 1.679686 0.833255 -14.218195 0.093215 1.300579 -34.212002 -0.287561 0.967166 -20.033176 0.964536 1.212838 0.000000 -0.000000 0.000000 -3.440387 0.788233 0.501655 -15.928172 -3.167306 2.999703 -6.338817 -0.000000 0.000001 -18.123419 3.648181 -4.905662 -0.000004 0.000000 -0.000002 -23.909386 20.165855 9.255217 74.533653 -20.592918 -41.792366 -135.588699 87.660248 -133.266144 -58.654743 16.363451 25.024992 2.243540 -5.255033 -3.180156 14.282877 -0.826594 6.952496 -0.000000 -12.690593 -0.000001 17.693192 -18.528479 2.169574 1.665665 -1.955920 -2.878297 4.727794 -4.170584 4.993919 11.020511 0.000001 -0.000000 12.109032 -3.735715 -2.866778 0.000000 -0.000000 0.000000 1.291985 -1.928548 -1.498088 14.800115 0.567467 3.865604 14.242553 -1.341738 -6.660648 19.631935 0.143921 -0.648243 50.293602 -0.915986 -6.791399 0.353029 -1.511150 -0.031940 20.222769 3.684305 2.316629 18.787249 0.000001 -0.000001 10.751608 -0.479870 1.397903 0.000000 -0.000000 0.000000 3.273804 0.305947 -0.580110 21.486790 11.830364 2.266131 8.162915 0.000000 -0.000000 18.399052 -3.798986 -4.940567 0.000003 0.000000 -0.000001 -2.593295 -1.612896 -32.615021 0.042956 0.134334 50.403130 -3.457244 5.487765 -26.319168 1.662213 -1.823044 0.270714 0.000000 -0.000000 0.000002 -9.156354 -6.985206 -33.000191 0.087687 0.597608 65.266701 16.357609 -4.087966 -19.569456 -1.536608 1.165442 -5.430585 0.000000 -0.000000 -0.000001
0.000000 0.000000 0.000000 0.000000 -0.000000 0.000000 21.393378 -7.994053 -87.621212 2.570507 5.974021 8.778940 -2.849219 0.098500 10.168513 -1.317295 0.996512 -1.380267 -3.729229 -0.277985 16.034050 -0.336534 2.672811 1.185922 -0.508957 0.575233 -3.298482 8.868659 -2.776277 -0.129242 0.000077 -0.000022 0.000006 -0.047964 0.029913 -0.065452 0.714272 -3.716096 -10.611380 -0.821616 3.781642 -10.707291 18.646906 -14.714092 9.001980 -33.137043 1.332582 -15.037788 119.141487 -87.770149 -118.163582 31.166788 -18.796154 -10.004697 -5.882102 9.861279 0.702590 -10.936861 -0.360574 7.156197 0.000000 8.774815 -0.000000 -15.665792 18.085983 6.319592 -1.844031 2.498503 -2.507276 -10.163590 4.678941 4.621104 -20.975996 -0.000001 0.000001 -21.226254 2.451698 -3.593995 0.000000 -0.000006 -0.000000 -1.362681 2.240797 -0.746323 -21.334892 0.584910 3.008319 -13.821196 -0.000001 0.000001 -23.887129 -0.249075 -0.839485 -60.294949 2.052352 -1.146923 -0.294025 1.679686 0.833255 -14.218195 0.093215 1.300579 -34.212002 -0.287561 0.967166 -20.033176 0.964536 1.212838 0.000000 -0.000000 0.000000 -3.440387 0.788233 0.501655 -15.928172 -3.167306 2.999703 -6.338817 -0.000000 0.000001 -18.123419 3.648181 -4.905662 -0.000004 0.000000 -0.000002 -24.336084 21.261770 8.687078 76.292313 -16.986078 -37.639980 -149.783081 85.967407 -147.660812 -54.395157 15.380246 22.521795 2.243540 -5.255033 -3.180156 14.282877 -0.826594 6.952496 -0.000000 -12.690593 -0.000001 17.442423 -18.668200 2.381687 1.665665 -1.955920 -2.878297 4.727794 -4.170584 4.993919 11.020511 0.000001 -0.000000 12.109032 -3.735715 -2.866778 0.000000 -0.000000 0.000000 1.291985 -1.928548 -1.498088 14.800115 0.567467 3.865604 14.242553 -1.341738 -6.660648 19.631935 0.143921 -0.648243 50.362778 -0.881130 -6.827502 0.353029 -1.511150 -0.031940 20.222769 3.684305 2.316629 18.787249 0.000001 -0.000001 10.751608 -0.479870 1.397903 0.000000 -0.000000 0.000000 3.273804 0.305947 -0.580110 21.486790 11.830364 2.266131 8.162915 0.000000 -0.000000 18.399052 -3.798986 -4.940567 0.000003 0.000000 -0.000001 -2.361993 -1.689822 -33.209782 0.045274 0.106029 49.749165 -3.813254 6.577653 -25.384201 1.651435 -1.843545 0.362534 0.000000 -0.000000 0.000002 -8.151039 -7.808947 -30.404287 0.031022 0.501377 60.765289 16.161333 -4.574902 -20.393818 -1.530571 1.132610 -5.854513 0.000000 -0.000000 -0.000001
0.000000 0.000000 0.000000 0.000000 -0.000000 0.000000 21.448266 -7.679867 -88.687115 2.240171 4.782069 8.853130 -2.813167 0.183998 9.920504 -1.308179 1.168596 -1.542182 -3.448745 -0.032223 15.866013 -0.133013 2.747632 1.463144 -0.472488 0.741133 -3.320638 8.588350 -2.438623 -0.016975 0.000077 -0.000022 0.000006 -0.054725 0.046834 -0.066859 0.713481 -3.698757 -10.630751 -0.834510 3.797869 -10.721514 19.017542 -15.165461 9.200730 -38.872578 -0.180055 -11.499494 129.492950 -87.701088 -128.571640 29.549574 -18.367456 -10.304462 -5.882102 9.861279 0.702590 -10.936861 -0.360574 7.156197 0.000000 8.774815 -0.000000 -15.763678 18.107510 6.181705 -1.844031 2.498503 -2.507276 -10.163590 4.678941 4.621104 -20.975996 -0.000001 0.000001 -21.226254 2.451698 -3.593995 0.000000 -0.000006 -0.000000 -1.362681 2.240797 -0.746323 -21.334892 0.584910 3.008319 -13.821196 -0.000001 0.000001 -23.887129 -0.249075 -0.839485 -60.653038 2.082664 -1.109844 -0.294025 1.679686 0.833255 -14.218195 0.093215 1.300579 -34.212002 -0.287561 0.967166 -20.033176 0.964536 1.212838 0.000000 -0.000000 0.000000 -3.440387 0.788233 0.501655 -15.928172 -3.167306 2.999703 -6.338817 -0.000000 0.000001 -18.123419 3.648181 -4.905662 -0.000004 0.000000 -0.000002 -24.510132 22.218571 8.101141 78.230247 -13.214667 -33.877926 -149.243179 85.146393 -147.585709 -50.034237 14.570499 19.382317 2.243540 -5.255033 -3.180156 14.282877 -0.826594 6.952496 -0.000000 -12.690593 -0.000001 16.850307 -18.641859 2.570691 1.665665 -1.955920 -2.878297 4.727794 -4.170584 4.993919 11.020511 0.000001 -0.000000 12.109032 -3.735715 -2.866778 0.000000 -0.000000 0.000000 1.291985 -1.928548 -1.498088 14.800115 0.567467 3.865604 14.242553 -1.341738 -6.660648 19.631935 0.143921 -0.648243 50.023708 -0.865414 -6.747413 0.353029 -1.511150 -0.031940 20.222769 3.684305 2.316629 18.787249 0.000001 -0.000001 10.751608 -0.479870 1.397903 0.000000 -0.000000 0.000000 3.273804 0.305947 -0.580110 21.486790 11.830364 2.266131 8.162915 0.000000 -0.000000 18.399052 -3.798986 -4.940567 0.000003 0.000000 -0.000001 -2.068917 -2.049325 -33.700386 0.048269 0.076156 49.103542 -4.188626 7.925170 -24.420374 1.640143 -1.862380 0.329274 0.000000 -0.000000 0.000002 -7.151832 -8.967320 -28.431170 -0.009447 0.359402 56.506794 15.661996 -5.589239 -21.772938 -1.513737 1.066880 -5.794341 0.000000 -0.000000 -0.000001
0.000000 0.000000 0.000000 0.000000 -0.000000 0.000000 21.469598 -7.354657 -89.692542 1.927790 3.681400 8.830849 -2.717775 0.238226 9.802362 -1.292780 1.310072 -1.698969 -3.165363 0.206851 15.708142 0.043895 2.706505 1.911426 -0.403276 0.989089 -3.369550 8.256866 -1.932585 -0.127057 0.000077 -0.000022 0.000006 -0.062236 0.067179 -0.076501 0.702978 -3.683682 -10.660028 -0.839155 3.824829 -10.737345 19.362879 -15.784798 9.419003 -44.752193 -1.736832 -7.929899 120.240074 -88.412918 -119.470627 27.786654 -17.614124 -9.783362 -5.882102 9.861279 0.702590 -10.936861 -0.360574 7.156197 0.000000 8.774815 -0.000000 -15.679002 18.239895 6.270631 -1.844031 2.498503 -2.507276 -10.163590 4.678941 4.621104 -20.975996 -0.000001 0.000001 -21.226254 2.451698 -3.593995 0.000000 -0.000006 -0.000000 -1.362681 2.240797 -0.746323 -21.334892 0.584910 3.008319 -13.821196 -0.000001 0.000001 -23.887129 -0.249075 -0.839485 -60.844555 2.149196 -1.144869 -0.294025 1.679686 0.833255 -14.218195 0.093215 1.300579 -34.212002 -0.287561 0.967166 -20.033176 0.964536 1.212838 0.000000 -0.000000 0.000000 -3.440387 0.788233 0.501655 -15.928172 -3.167306 2.999703 -6.338817 -0.000000 0.000001 -18.123419 3.648181 -4.905662 -0.000004 0.000000 -0.000002 -24.708935 23.187595 7.267446 80.481873 -9.378638 -30.410318 -141.870453 85.391853 -140.872742 -45.760674 13.370461 16.234707 2.243540 -5.255033 -3.180156 14.282877 -0.826594 6.952496 -0.000000 -12.690593 -0.000001 16.254972 -18.464449 2.813721 1.665665 -1.955920 -2.878297 4.727794 -4.170584 4.993919 11.020511 0.000001 -0.000000 12.109032 -3.735715 -2.866778 0.000000 -0.000000 0.000000 1.291985 -1.928548 -1.498088 14.800115 0.567467 3.865604 14.242553 -1.341738 -6.660648 19.631935 0.143921 -0.648243 49.634212 -0.865020 -6.603535 0.353029 -1.511150 -0.031940 20.222769 3.684305 2.316629 18.787249 0.000001 -0.000001 10.751608 -0.479870 1.397903 0.000000 -0.000000 0.000000 3.273804 0.305947 -0.580110 21.486790 11.830364 2.266131 8.162915 0.000000 -0.000000 18.399052 -3.798986 -4.940567 0.000003 0.000000 -0.000001 -1.674376 -2.560622 -33.973190 0.074536 0.067640 48.363895 -4.531728 9.428290 -23.593706 1.628831 -1.961493 0.235712 0.000000 -0.000000 0.000002 -6.319164 -10.022575 -27.219339 -0.056597 0.085020 52.820744 14.866883 -6.810337 -23.842743 -1.495556 1.026300 -4.702981 0.000000 -0.000000 -0.000001
0.000000 0.000000 0.000000 0.000000 -0.000000 0.000000 21.437005 -7.105366 -90.628578 1.672451 2.670041 8.665801 -2.575232 0.279374 9.719717 -1.272763 1.379281 -1.737613 -2.962272 0.360800 15.725066 0.313668 2.739511 2.150537 -0.453224 1.385658 -3.363166 7.914611 -1.532480 -0.356255 0.000077 -0.000022 0.000006 -0.058791 0.063896 -0.075484 0.709768 -3.685892 -10.686088 -0.838887 3.821203 -10.753948 19.621998 -16.233416 9.464624 -50.467407 -3.282359 -4.557554 47.672073 -88.799271 -46.927254 26.283117 -16.447983 -9.901897 -5.882102 9.861279 0.702590 -10.936861 -0.360574 7.156197 0.000000 8.774815 -0.000000 -15.642221 18.294708 6.361235 -1.844031 2.498503 -2.507276 -10.163590 4.678941 4.621104 -20.975996 -0.000001 0.000001 -21.226254 2.451698 -3.593995 0.000000 -0.000006 -0.000000 -1.362681 2.240797 -0.746323 -21.334892 0.584910 3.008319 -13.821196 -0.000001 0.000001 -23.887129 -0.249075 -0.839485 -61.037407 2.287736 -1.111614 -0.294025 1.679686 0.833255 -14.218195 0.093215 1.300579 -34.212002 -0.287561 0.967166 -20.033176 0.964536 1.212838 0.000000 -0.000000 0.000000 -3.440387 0.788233 0.501655 -15.928172 -3.167306 2.999703 -6.338817 -0.000000 0.000001 -18.123419 3.648181 -4.905662 -0.000004 0.000000 -0.000002 -24.757977 23.947601 6.580458 82.766693 -5.210633 -27.304478 -124.644386 86.580925 -123.888733 -42.727306 11.946646 12.409451 2.243540 -5.255033 -3.180156 14.282877 -0.826594 6.952496 -0.000000 -12.690593 -0.000001 15.796544 -18.247046 2.971747 1.665665 -1.955920 -2.878297 4.727794 -4.170584 4.993919 11.020511 0.000001 -0.000000 12.109032 -3.735715 -2.866778 0.000000 -0.000000 0.000000 1.291985 -1.928548 -1.498088 14.800115 0.567467 3.865604 14.242553 -1.341738 -6.660648 19.631935 0.143921 -0.648243 49.359798 -0.826394 -6.462543 0.353029 -1.511150 -0.031940 20.222769 3.684305 2.316629 18.787249 0.000001 -0.000001 10.751608 -0.479870 1.397903 0.000000 -0.000000 0.000000 3.273804 0.305947 -0.580110 21.486790 11.830364 2.266131 8.162915 0.000000 -0.000000 18.399052 -3.798986 -4.940567 0.000003 0.000000 -0.000001 -1.259922 -3.040523 -34.088478 0.073532 0.040642 47.776371 -4.717001 10.775237 -22.817402 1.623861 -2.020911 0.073532 0.000000 -0.000000 0.000002 -5.940405 -10.264524 -26.878904 -0.057065 0.064581 50.321472 14.243188 -7.712927 -25.214943 -1.479444 1.003460 -3.061826 0.000000 -0.000000 -0.000001
0.000000 0.000000 0.000000 0.000000 -0.000000 0.000000 21.413248 -6.924912 -91.471179 1.461207 1.835099 8.447554 -2.416762 0.311378 9.595107 -1.251516 1.410342 -1.719544 -2.784539 0.385595 15.849482 0.577124 2.689350 2.408600 -0.396454 1.751175 -3.463141 7.510993 -1.014533 -0.674056 0.000077 -0.000022 0.000006 -0.055197 0.056392 -0.085137 0.707258 -3.690228 -10.695878 -0.829572 3.812329 -10.755639 19.686935 -16.599405 9.652404 -55.874378 -4.632526 -1.678448 8.206486 -87.089127 -7.609696 24.791155 -15.407872 -10.482730 -5.882102 9.861279 0.702590 -10.936861 -0.360574 7.156197 0.000000 8.774815 -0.000000 -15.569425 18.403591 6.541461 -1.844031 2.498503 -2.507276 -10.163590 4.678941 4.621104 -20.975996 -0.000001 0.000001 -21.226254 2.451698 -3.593995 0.000000 -0.000006 -0.000000 -1.362681 2.240797 -0.746323 -21.334892 0.584910 3.008319 -13.821196 -0.000001 0.000001 -23.887129 -0.249075 -0.839485 -61.116245 2.460557 -1.025975 -0.294025 1.679686 0.833255 -14.218195 0.093215 1.300579 -34.212002 -0.287561 0.967166 -20.033176 0.964536 1.212838 0.000000 -0.000000 0.000000 -3.440387 0.788233 0.501655 -15.928172 -3.167306 2.999703 -6.338817 -0.000000 0.000001 -18.123419 3.648181 -4.905662 -0.000004 0.000000 -0.000002 -24.456778 24.545828 6.087221 84.705727 -1.259982 -23.955820 -73.005997 87.143295 -72.323532 -40.671936 10.822023 8.909351 2.243540 -5.255033 -3.180156 14.282877 -0.826594 6.952496 -0.000000 -12.690593 -0.000001 15.462255 -18.038990 3.126023 1.665665 -1.955920 -2.878297 4.727794 -4.170584 4.993919 11.020511 0.000001 -0.000000 12.109032 -3.735715 -2.866778 0.000000 -0.000000 0.000000 1.291985 -1.928548 -1.498088 14.800115 0.567467 3.865604 14.242553 -1.341738 -6.660648 19.631935 0.143921 -0.648243 49.255562 -0.757540 -6.348466 0.353029 -1.511150 -0.031940 20.222769 3.684305 2.316629 18.787249 0.000001 -0.000001 10.751608 -0.479870 1.397903 0.000000 -0.000000 0.000000 3.273804 0.305947 -0.580110 21.486790 11.830364 2.266131 8.162915 0.000000 -0.000000 18.399052 -3.798986 -4.940567 0.000003 0.000000 -0.000001 -0.865693 -3.493975 -34.151470 0.078258 0.037582 47.343185 -4.834046 11.895799 -22.157984 1.626907 -2.047683 0.042297 0.000000 -0.000000 0.000002 -5.566293 -10.183891 -26.616179 -0.053385 0.128417 48.452339 13.362312 -8.186882 -25.995619 -1.454135 1.019465 -2.060173 0.000000 -0.000000 -0.000001
0.000000 0.000000 0.000000 0.000000 -0.000000 0.000000 21.288594 -6.731293 -92.243182 1.250192 0.960045 8.116257 -2.242002 0.342717 9.560472 -1.205566 1.434905 -1.702993 -2.605797 0.473669 16.083284 0.716928 2.617562 2.478277 -0.375236 2.116608 -3.476389 7.171793 -0.619215 -1.080041 0.000077 -0.000022 0.000006 -0.066172 0.075848 -0.084424 0.700686 -3.669888 -10.698651 -0.844485 3.831089 -10.754566 19.695435 -16.932981 10.016866 -60.811348 -5.724198 1.042312 1.715760 -84.985535 -1.274836 23.896776 -14.707772 -11.312000 -5.882102 9.861279 0.702590 -10.936861 -0.360574 7.156197 0.000000 8.774815 -0.000000 -15.566059 18.438105 6.575335 -1.844031 2.498503 -2.507276 -10.163590 4.678941 4.621104 -20.975996 -0.000001 0.000001 -21.226254 2.451698 -3.593995 0.000000 -0.000006 -0.000000 -1.362681 2.240797 -0.746323 -21.334892 0.584910 3.008319 -13.821196 -0.000001 0.000001 -23.887129 -0.249075 -0.839485 -61.064903 2.582720 -1.065735 -0.294025 1.679686 0.833255 -14.218195 0.093215 1.300579 -34.212002 -0.287561 0.967166 -20.033176 0.964536 1.212838 0.000000 -0.000000 0.000000 -3.440387 0.788233 0.501655 -15.928172 -3.167306 2.999703 -6.338817 -0.000000 0.000001 -18.123419 3.648181 -4.905662 -0.000004 0.000000 -0.000002 -24.080202 24.991873 5.804432 86.129646 2.104608 -20.462826 -28.645685 84.976990 -27.978533 -39.000710 10.137900 5.482508 2.243540 -5.255033 -3.180156 14.282877 -0.826594 6.952496 -0.000000 -12.690593 -0.000001 15.256678 -17.991549 3.184821 1.665665 -1.955920 -2.878297 4.727794 -4.170584 4.993919 11.020511 0.000001 -0.000000 12.109032 -3.735715 -2.866778 0.000000 -0.000000 0.000000 1.291985 -1.928548 -1.498088 14.800115 0.567467 3.865604 14.242553 -1.341738 -6.660648 19.631935 0.143921 -0.648243 49.249481 -0.795931 -6.261986 0.353029 -1.511150 -0.031940 20.222769 3.684305 2.316629 18.787249 0.000001 -0.000001 10.751608 -0.479870 1.397903 0.000000 -0.000000 0.000000 3.273804 0.305947 -0.580110 21.486790 11.830364 2.266131 8.162915 0.000000 -0.000000 18.399052 -3.798986 -4.940567 0.000003 0.000000 -0.000001 -0.444111 -3.749999 -34.000671 0.081229 0.053874 46.839901 -4.989436 12.796608 -21.519831 1.627815 -2.087269 -0.055333 0.000000 -0.000000 0.000002 -5.236853 -10.025311 -26.615969 -0.027780 0.121122 47.564701 12.623447 -8.112577 -25.665592 -1.441344 1.011753 -1.551787 0.000000 -0.000000 -0.000001
0.000000 0.000000 0.000000 0.000000 -0.000000 0.000000 21.102682 -6.589661 -92.998746 1.065912 0.168556 7.732536 -2.088492 0.369197 9.555640 -1.146913 1.439208 -1.682966 -2.430339 0.568866 16.335960 0.774566 2.514963 2.637327 -0.299300 2.427668 -3.506404 6.820501 -0.237669 -1.606074 0.000077 -0.000022 0.000006 -0.069354 0.080425 -0.086955 0.701307 -3.664583 -10.701237 -0.850966 3.834795 -10.752831 19.817974 -17.146120 10.455746 -65.303108 -6.433157 3.562847 -0.474132 -83.180252 0.767551 23.321127 -14.368413 -12.004193 -5.882102 9.861279 0.702590 -10.936861 -0.360574 7.156197 0.000000 8.774815 -0.000000 -15.601754 18.447777 6.580313 -1.844031 2.498503 -2.507276 -10.163590 4.678941 4.621104 -20.975996 -0.000001 0.000001 -21.226254 2.451698 -3.593995 0.000000 -0.000006 -0.000000 -1.362681 2.240797 -0.746323 -21.334892 0.584910 3.008319 -13.821196 -0.000001 0.000001 -23.887129 -0.249075 -0.839485 -61.059883 2.715270 -1.110707 -0.294025 1.679686 0.833255 -14.218195 0.093215 1.300579 -34.212002 -0.287561 0.967166 -20.033176 0.964536 1.212838 0.000000 -0.000000 0.000000 -3.440387 0.788233 0.501655 -15.928172 -3.167306 2.999703 -6.338817 -0.000000 0.000001 -18.123419 3.648181 -4.905662 -0.000004 0.000000 -0.000002 -23.704525 25.288481 5.698246 86.997139 4.717216 -16.580635 -14.444010 81.448799 -13.700727 -37.278412 9.632805 2.137008 2.243540 -5.255033 -3.180156 14.282877 -0.826594 6.952496 -0.000000 -12.690593 -0.000001 15.145998 -18.009045 3.171194 1.665665 -1.955920 -2.878297 4.727794 -4.170584 4.993919 11.020511 0.000001 -0.000000 12.109032 -3.735715 -2.866778 0.000000 -0.000000 0.000000 1.291985 -1.928548 -1.498088 14.800115 0.567467 3.865604 14.242553 -1.341738 -6.660648 19.631935 0.143921 -0.648243 49.289257 -0.827659 -6.221636 0.353029 -1.511150 -0.031940 20.222769 3.684305 2.316629 18.787249 0.000001 -0.000001 10.751608 -0.479870 1.397903 0.000000 -0.000000 0.000000 3.273804 0.305947 -0.580110 21.486790 11.830364 2.266131 8.162915 0.000000 -0.000000 18.399052 -3.798986 -4.940567 0.000003 0.000000 -0.000001 -0.029779 -3.911416 -33.847214 0.077261 0.060520 46.460693 -5.178289 13.503025 -20.946775 1.624366 -2.098281 -0.107679 0.000000 -0.000000 0.000002 -4.904253 -9.913098 -26.629972 -0.000228 0.115171 46.916466 11.884952 -7.895016 -25.318100 -1.436387 1.014265 -1.209619 0.000000 -0.000000 -0.000001
0.000000 0.000000 0.000000 0.000000 -0.000000 0.000000 20.874866 -6.481690 -93.763922 0.930739 -0.571025 7.318977 -1.945945 0.398314 9.581691 -1.103382 1.462888 -1.669425 -2.273966 0.665997 16.593046 0.751930 2.423229 2.887630 -0.209712 2.657543 -3.526007 6.519382 0.106022 -2.140897 0.000077 -0.000022 0.000006 -0.070979 0.080953 -0.089013 0.700597 -3.664204 -10.701841 -0.852965 3.834964 -10.747550 20.064955 -17.263821 10.916587 -69.367393 -6.684612 5.876159 -1.468029 -81.975716 1.642591 23.042778 -14.295601 -12.462483 -5.882102 9.861279 0.702590 -10.936861 -0.360574 7.156197 0.000000 8.774815 -0.000000 -15.647899 18.445322 6.563578 -1.844031 2.498503 -2.507276 -10.163590 4.678941 4.621104 -20.975996 -0.000001 0.000001 -21.226254 2.451698 -3.593995 0.000000 -0.000006 -0.000000 -1.362681 2.240797 -0.746323 -21.334892 0.584910 3.008319 -13.821196 -0.000001 0.000001 -23.887129 -0.249075 -0.839485 -61.054016 2.819639 -1.171874 -0.294025 1.679686 0.833255 -14.218195 0.093215 1.300579 -34.212002 -0.287561 0.967166 -20.033176 0.964536 1.212838 0.000000 -0.000000 0.000000 -3.440387 0.788233 0.501655 -15.928172 -3.167306 2.999703 -6.338817 -0.000000 0.000001 -18.123419 3.648181 -4.905662 -0.000004 0.000000 -0.000002 -23.488720 25.483667 5.727799 87.452415 6.523382 -12.691780 -9.222097 77.874504 -8.361561 -35.521862 9.330348 -1.101237 2.243540 -5.255033 -3.180156 14.282877 -0.826594 6.952496 -0.000000 -12.690593 -0.000001 15.128832 -18.038185 3.107131 1.665665 -1.955920 -2.878297 4.727794 -4.170584 4.993919 11.020511 0.000001 -0.000000 12.109032 -3.735715 -2.866778 0.000000 -0.000000 0.000000 1.291985 -1.928548 -1.498088 14.800115 0.567467 3.865604 14.242553 -1.341738 -6.660648 19.631935 0.143921 -0.648243 49.341591 -0.858861 -6.222742 0.353029 -1.511150 -0.031940 20.222769 3.684305 2.316629 18.787249 0.000001 -0.000001 10.751608 -0.479870 1.397903 0.000000 -0.000000 0.000000 3.273804 0.305947 -0.580110 21.486790 11.830364 2.266131 8.162915 0.000000 -0.000000 18.399052 -3.798986 -4.940567 0.000003 0.000000 -0.000001 0.349225 -3.948199 -33.690777 0.076247 0.073783 46.137165 -5.364361 14.038550 -20.388283 1.620165 -2.098139 -0.216631 0.000000 -0.000000 0.000002 -4.582478 -9.797282 -26.684374 0.017181 0.124163 46.459900 11.211539 -7.653626 -24.959879 -1.432570 1.014916 -0.977654 0.000000 -0.000000 -0.000001
0.000000 0.000000 0.000000 0.000000 -0.000000 0.000000 20.608210 -6.382179 -94.518169 0.861725 -1.264605 6.917260 -1.814079 0.415823 9.622499 -1.065654 1.491851 -1.670109 -2.173952 0.756377 16.847677 0.636101 2.384119 3.266360 -0.142158 2.800707 -3.534197 6.285780 0.410578 -2.569714 0.000077 -0.000022 0.000006 -0.071255 0.074473 -0.090650 0.696808 -3.671679 -10.703482 -0.848978 3.828515 -10.742339 20.323313 -17.313679 11.322386 -73.065369 -6.509900 7.878262 -2.599424 -81.262077 2.693821 22.972998 -14.374541 -12.422462 -5.882102 9.861279 0.702590 -10.936861 -0.360574 7.156197 0.000000 8.774815 -0.000000 -15.662324 18.456970 6.537573 -1.844031 2.498503 -2.507276 -10.163590 4.678941 4.621104 -20.975996 -0.000001 0.000001 -21.226254 2.451698 -3.593995 0.000000 -0.000006 -0.000000 -1.362681 2.240797 -0.746323 -21.334892 0.584910 3.008319 -13.821196 -0.000001 0.000001 -23.887129 -0.249075 -0.839485 -61.023247 2.891654 -1.242194 -0.294025 1.679686 0.833255 -14.218195 0.093215 1.300579 -34.212002 -0.287561 0.967166 -20.033176 0.964536 1.212838 0.000000 -0.000000 0.000000 -3.440387 0.788233 0.501655 -15.928172 -3.167306 2.999703 -6.338817 -0.000000 0.000001 -18.123419 3.648181 -4.905662 -0.000004 0.000000 -0.000002 -23.457005 25.593781 5.830651 87.790131 7.635923 -9.422156 -6.462877 74.747757 -5.566670 -34.075592 9.273423 -4.179706 2.243540 -5.255033 -3.180156 14.282877 -0.826594 6.952496 -0.000000 -12.690593 -0.000001 15.183873 -18.017347 3.019924 1.665665 -1.955920 -2.878297 4.727794 -4.170584 4.993919 11.020511 0.000001 -0.000000 12.109032 -3.735715 -2.866778 0.000000 -0.000000 0.000000 1.291985 -1.928548 -1.498088 14.800115 0.567467 3.865604 14.242553 -1.341738 -6.660648 19.631935 0.143921 -0.648243 49.402740 -0.889831 -6.231299 0.353029 -1.511150 -0.031940 20.222769 3.684305 2.316629 18.787249 0.000001 -0.000001 10.751608 -0.479870 1.397903 0.000000 -0.000000 0.000000 3.273804 0.305947 -0.580110 21.486790 11.830364 2.266131 8.162915 0.000000 -0.000000 18.399052 -3.798986 -4.940567 0.000003 0.000000 -0.000001 0.688051 -3.946710 -33.522568 0.074782 0.094006 45.782425 -5.536542 14.513338 -19.810293 1.617931 -2.096787 -0.334123 0.000000 -0.000000 0.000002 -4.294294 -9.610435 -26.773413 0.023902 0.128317 46.107220 10.675536 -7.505020 -24.602154 -1.429386 0.999204 -0.822557 0.000000 -0.000000 -0.000001
0.000000 0.000000 0.000000 0.000000 -0.000000 0.000000 20.298781 -6.277000 -95.235311 0.823078 -1.833106 6.553169 -1.679706 0.425670 9.650933 -1.036040 1.491808 -1.679048 -2.125740 0.808631 17.080023 0.477514 2.412510 3.755343 -0.120304 2.843417 -3.540796 6.106727 0.639101 -2.898252 0.000077 -0.000022 0.000006 -0.070436 0.066274 -0.085920 0.690727 -3.682366 -10.701691 -0.840495 3.821705 -10.734386 20.510378 -17.363579 11.695293 -76.389824 -6.102079 9.546196 -3.289249 -80.722351 3.391279 23.019411 -14.604527 -11.941649 -5.882102 9.861279 0.702590 -10.936861 -0.360574 7.156197 0.000000 8.774815 -0.000000 -15.639602 18.487547 6.519689 -1.844031 2.498503 -2.507276 -10.163590 4.678941 4.621104 -20.975996 -0.000001 0.000001 -21.226254 2.451698 -3.593995 0.000000 -0.000006 -0.000000 -1.362681 2.240797 -0.746323 -21.334892 0.584910 3.008319 -13.821196 -0.000001 0.000001 -23.887129 -0.249075 -0.839485 -61.012756 2.926420 -1.281791 -0.294025 1.679686 0.833255 -14.218195 0.093215 1.300579 -34.212002 -0.287561 0.967166 -20.033176 0.964536 1.212838 0.000000 -0.000000 0.000000 -3.440387 0.788233 0.501655 -15.928172 -3.167306 2.999703 -6.338817 -0.000000 0.000001 -18.123419 3.648181 -4.905662 -0.000004 0.000000 -0.000002 -23.560005 25.556597 5.916708 88.364601 8.174393 -7.147276 -4.679825 72.105339 -3.893902 -33.273357 9.511310 -7.249176 2.243540 -5.255033 -3.180156 14.282877 -0.826594 6.952496 -0.000000 -12.690593 -0.000001 15.222782 -17.907249 2.946907 1.665665 -1.955920 -2.878297 4.727794 -4.170584 4.993919 11.020511 0.000001 -0.000000 12.109032 -3.735715 -2.866778 0.000000 -0.000000 0.000000 1.291985 -1.928548 -1.498088 14.800115 0.567467 3.865604 14.242553 -1.341738 -6.660648 19.631935 0.143921 -0.648243 49.426392 -0.902271 -6.191553 0.353029 -1.511150 -0.031940 20.222769 3.684305 2.316629 18.787249 0.000001 -0.000001 10.751608 -0.479870 1.397903 0.000000 -0.000000 0.000000 3.273804 0.305947 -0.580110 21.486790 11.830364 2.266131 8.162915 0.000000 -0.000000 18.399052 -3.798986 -4.940567 0.000003 0.000000 -0.000001 1.031196 -3.981100 -33.352497 0.066836 0.100046 45.372295 -5.676959 14.932969 -19.201569 1.618184 -2.109210 -0.422648 0.000000 -0.000000 0.000002 -4.001330 -9.314536 -26.849985 0.018700 0.106727 45.770676 10.189188 -7.533687 -24.251780 -1.426925 0.968625 -0.704908 0.000000 -0.000000 -0.000001
0.000000 0.000000 0.000000 0.000000 -0.000000 0.000000 19.947530 -6.146202 -95.917228 0.772307 -2.290813 6.251492 -1.546979 0.425535 9.634764 -1.007299 1.472949 -1.680059 -2.113553 0.798749 17.287710 0.278803 2.511515 4.224999 -0.131334 2.839233 -3.549636 5.964988 0.757357 -3.163968 0.000077 -0.000022 0.000006 -0.061411 0.049738 -0.075897 0.693806 -3.696667 -10.686720 -0.824928 3.802162 -10.716138 20.491316 -17.391937 12.030658 -79.266716 -5.651675 10.997006 -3.100111 -80.073799 3.307534 23.059509 -14.904385 -11.364633 -5.882102 9.861279 0.702590 -10.936861 -0.360574 7.156197 0.000000 8.774815 -0.000000 -15.597683 18.513071 6.498608 -1.844031 2.498503 -2.507276 -10.163590 4.678941 4.621104 -20.975996 -0.000001 0.000001 -21.226254 2.451698 -3.593995 0.000000 -0.000006 -0.000000 -1.362681 2.240797 -0.746323 -21.334892 0.584910 3.008319 -13.821196 -0.000001 0.000001 -23.887129 -0.249075 -0.839485 -61.008991 2.919383 -1.287469 -0.294025 1.679686 0.833255 -14.218195 0.093215 1.300579 -34.212002 -0.287561 0.967166 -20.033176 0.964536 1.212838 0.000000 -0.000000 0.000000 -3.440387 0.788233 0.501655 -15.928172 -3.167306 2.999703 -6.338817 -0.000000 0.000001 -18.123419 3.648181 -4.905662 -0.000004 0.000000 -0.000002 -23.566031 25.371483 6.009178 89.196175 8.326528 -5.778378 -3.558958 69.781395 -2.936794 -33.085953 9.951231 -10.710668 2.243540 -5.255033 -3.180156 14.282877 -0.826594 6.952496 -0.000000 -12.690593 -0.000001 15.186919 -17.722519 2.909850 1.665665 -1.955920 -2.878297 4.727794 -4.170584 4.993919 11.020511 0.000001 -0.000000 12.109032 -3.735715 -2.866778 0.000000 -0.000000 0.000000 1.291985 -1.928548 -1.498088 14.800115 0.567467 3.865604 14.242553 -1.341738 -6.660648 19.631935 0.143921 -0.648243 49.409584 -0.894059 -6.091932 0.353029 -1.511150 -0.031940 20.222769 3.684305 2.316629 18.787249 0.000001 -0.000001 10.751608 -0.479870 1.397903 0.000000 -0.000000 0.000000 3.273804 0.305947 -0.580110 21.486790 11.830364 2.266131 8.162915 0.000000 -0.000000 18.399052 -3.798986 -4.940567 0.000003 0.000000 -0.000001 1.421918 -4.028726 -33.189758 0.055862 0.093362 44.872498 -5.739155 15.271296 -18.521461 1.620239 -2.123575 -0.490211 0.000000 -0.000000 0.000002 -3.655098 -8.976029 -26.922398 0.010966 0.066848 45.398640 9.682673 -7.729602 -23.825134 -1.425641 0.933981 -0.637885 0.000000 -0.000000 -0.000001
0.000000 0.000000 0.000000 0.000000 -0.000000 0.000000 19.560509 -6.014153 -96.550206 0.709416 -2.599015 6.021999 -1.427646 0.406919 9.579439 -0.988120 1.435797 -1.674090 -2.113003 0.741464 17.461527 0.059175 2.622205 4.574008 -0.132660 2.816659 -3.563042 5.814217 0.832931 -3.465714 0.000077 -0.000022 0.000006 -0.053853 0.036991 -0.065726 0.700724 -3.703743 -10.666597 -0.816436 3.783423 -10.696826 20.326181 -17.434181 12.315607 -81.696190 -5.381677 12.239047 -2.489824 -79.093201 2.874887 22.978310 -15.063511 -10.675784 -5.882102 9.861279 0.702590 -10.936861 -0.360574 7.156197 0.000000 8.774815 -0.000000 -15.576817 18.562403 6.470677 -1.844031 2.498503 -2.507276 -10.163590 4.678941 4.621104 -20.975996 -0.000001 0.000001 -21.226254 2.451698 -3.593995 0.000000 -0.000006 -0.000000 -1.362681 2.240797 -0.746323 -21.334892 0.584910 3.008319 -13.821196 -0.000001 0.000001 -23.887129 -0.249075 -0.839485 -61.046154 2.903269 -1.296831 -0.294025 1.679686 0.833255 -14.218195 0.093215 1.300579 -34.212002 -0.287561 0.967166 -20.033176 0.964536 1.212838 0.000000 -0.000000 0.000000 -3.440387 0.788233 0.501655 -15.928172 -3.167306 2.999703 -6.338817 -0.000000 0.000001 -18.123419 3.648181 -4.905662 -0.000004 0.000000 -0.000002 -23.290483 25.021683 6.187521 90.146439 8.266725 -4.964423 -2.925663 67.588844 -2.461134 -32.916740 10.391563 -14.451236 2.243540 -5.255033 -3.180156 14.282877 -0.826594 6.952496 -0.000000 -12.690593 -0.000001 15.179766 -17.568390 2.903258 1.665665 -1.955920 -2.878297 4.727794 -4.170584 4.993919 11.020511 0.000001 -0.000000 12.109032 -3.735715 -2.866778 0.000000 -0.000000 0.000000 1.291985 -1.928548 -1.498088 14.800115 0.567467 3.865604 14.242553 -1.341738 -6.660648 19.631935 0.143921 -0.648243 49.453529 -0.907737 -5.968684 0.353029 -1.511150 -0.031940 20.222769 3.684305 2.316629 18.787249 0.000001 -0.000001 10.751608 -0.479870 1.397903 0.000000 -0.000000 0.000000 3.273804 0.305947 -0.580110 21.486790 11.830364 2.266131 8.162915 0.000000 -0.000000 18.399052 -3.798986 -4.940567 0.000003 0.000000 -0.000001 1.859582 -4.118692 -33.130547 0.049380 0.083419 44.460510 -5.804042 15.471511 -17.763441 1.621681 -2.134974 -0.549035 0.000000 -0.000000 0.000002 -3.251178 -8.697040 -26.976974 0.004169 0.029623 44.972778 9.140075 -8.016453 -23.440922 -1.425667 0.911992 -0.600730 0.000000 -0.000000 -0.000001
0.000000 0.000000 0.000000 0.000000 -0.000000 0.000000 19.151432 -5.899658 -97.133899 0.634654 -2.757816 5.873133 -1.320457 0.381035 9.496510 -0.976736 1.382082 -1.666747 -2.129544 0.642816 17.597095 -0.175621 2.728449 4.768138 -0.096789 2.810260 -3.571166 5.642401 0.895355 -3.752001 0.000077 -0.000022 0.000006 -0.051333 0.033476 -0.057746 0.707589 -3.701586 -10.642541 -0.818174 3.774260 -10.677547 20.130270 -17.495346 12.534827 -83.735603 -5.440117 13.222517 -1.763435 -77.701256 2.297472 22.785370 -15.042996 -9.952150 -5.882102 9.861279 0.702590 -10.936861 -0.360574 7.156197 0.000000 8.774815 -0.000000 -15.571090 18.638332 6.430529 -1.844031 2.498503 -2.507276 -10.163590 4.678941 4.621104 -20.975996 -0.000001 0.000001 -21.226254 2.451698 -3.593995 0.000000 -0.000006 -0.000000 -1.362681 2.240797 -0.746323 -21.334892 0.584910 3.008319 -13.821196 -0.000001 0.000001 -23.887129 -0.249075 -0.839485 -61.085346 2.911168 -1.319178 -0.294025 1.679686 0.833255 -14.218195 0.093215 1.300579 -34.212002 -0.287561 0.967166 -20.033176 0.964536 1.212838 0.000000 -0.000000 0.000000 -3.440387 0.788233 0.501655 -15.928172 -3.167306 2.999703 -6.338817 -0.000000 0.000001 -18.123419 3.648181 -4.905662 -0.000004 0.000000 -0.000002 -22.680096 24.610022 6.492884 91.146446 8.135079 -4.482453 -2.487047 65.417847 -2.178089 -32.474342 10.788261 -18.312740 2.243540 -5.255033 -3.180156 14.282877 -0.826594 6.952496 -0.000000 -12.690593 -0.000001 15.289107 -17.484087 2.881662 1.665665 -1.955920 -2.878297 4.727794 -4.170584 4.993919 11.020511 0.000001 -0.000000 12.109032 -3.735715 -2.866778 0.000000 -0.000000 0.000000 1.291985 -1.928548 -1.498088 14.800115 0.567467 3.865604 14.242553 -1.341738 -6.660648 19.631935 0.143921 -0.648243 49.569740 -0.937456 -5.872826 0.353029 -1.511150 -0.031940 20.222769 3.684305 2.316629 18.787249 0.000001 -0.000001 10.751608 -0.479870 1.397903 0.000000 -0.000000 0.000000 3.273804 0.305947 -0.580110 21.486790 11.830364 2.266131 8.162915 0.000000 -0.000000 18.399052 -3.798986 -4.940567 0.000003 0.000000 -0.000001 2.332530 -4.247917 -33.151943 0.041132 0.068597 44.068462 -5.889113 15.514685 -17.039806 1.623217 -2.139619 -0.591174 0.000000 -0.000000 0.000002 -2.801035 -8.468979 -27.056599 -0.006234 -0.002655 44.559830 8.567061 -8.409408 -23.123180 -1.426219 0.902182 -0.557075 0.000000 -0.000000 -0.000001
0.000000 0.000000 0.000000 0.000000 -0.000000 0.000000 18.729971 -5.823418 -97.714539 0.589847 -2.775657 5.768336 -1.242915 0.357542 9.390139 -0.971421 1.312660 -1.656397 -2.179507 0.524347 17.729012 -0.374009 2.819074 4.822287 -0.061596 2.813961 -3.570703 5.479059 0.967437 -4.039691 0.000077 -0.000022 0.000006 -0.050281 0.032962 -0.051284 0.712979 -3.697548 -10.616214 -0.821398 3.769251 -10.655154 19.947863 -17.586443 12.685586 -85.437462 -5.847076 13.837905 -1.228531 -76.025238 1.856393 22.534267 -14.912805 -9.460727 -5.882102 9.861279 0.702590 -10.936861 -0.360574 7.156197 0.000000 8.774815 -0.000000 -15.601943 18.691425 6.358805 -1.844031 2.498503 -2.507276 -10.163590 4.678941 4.621104 -20.975996 -0.000001 0.000001 -21.226254 2.451698 -3.593995 0.000000 -0.000006 -0.000000 -1.362681 2.240797 -0.746323 -21.334892 0.584910 3.008319 -13.821196 -0.000001 0.000001 -23.887129 -0.249075 -0.839485 -61.138535 2.936290 -1.365657 -0.294025 1.679686 0.833255 -14.218195 0.093215 1.300579 -34.212002 -0.287561 0.967166 -20.033176 0.964536 1.212838 0.000000 -0.000000 0.000000 -3.440387 0.788233 0.501655 -15.928172 -3.167306 2.999703 -6.338817 -0.000000 0.000001 -18.123419 3.648181 -4.905662 -0.000004 0.000000 -0.000002 -21.757841 24.194786 6.971746 92.084137 8.100310 -4.016124 -2.091030 63.079113 -1.904105 -31.624722 10.981921 -22.125797 2.243540 -5.255033 -3.180156 14.282877 -0.826594 6.952496 -0.000000 -12.690593 -0.000001 15.467621 -17.465260 2.852562 1.665665 -1.955920 -2.878297 4.727794 -4.170584 4.993919 11.020511 0.000001 -0.000000 12.109032 -3.735715 -2.866778 0.000000 -0.000000 0.000000 1.291985 -1.928548 -1.498088 14.800115 0.567467 3.865604 14.242553 -1.341738 -6.660648 19.631935 0.143921 -0.648243 49.705708 -0.966025 -5.817117 0.353029 -1.511150 -0.031940 20.222769 3.684305 2.316629 18.787249 0.000001 -0.000001 10.751608 -0.479870 1.397903 0.000000 -0.000000 0.000000 3.273804 0.305947 -0.580110 21.486790 11.830364 2.266131 8.162915 0.000000 -0.000000 18.399052 -3.798986 -4.940567 0.000003 0.000000 -0.000001 2.795784 -4.410756 -33.257683 0.031297 0.047627 43.715569 -5.951775 15.433677 -16.382950 1.623722 -2.132311 -0.644333 0.000000 -0.000000 0.000002 -2.348882 -8.287527 -27.213402 -0.021916 -0.024883 44.274414 7.974991 -8.909198 -22.882139 -1.426482 0.901027 -0.508446 0.000000 -0.000000 -0.000001
0.000000 0.000000 0.000000 0.000000 -0.000000 0.000000 18.260738 -5.795731 -98.314136 0.572171 -2.680921 5.694209 -1.186372 0.343632 9.265384 -0.971710 1.233738 -1.643327 -2.245994 0.420509 17.861959 -0.525696 2.896265 4.774035 -0.021915 2.812261 -3.553409 5.270142 1.053861 -4.397357 0.000077 -0.000022 0.000006 -0.045208 0.023429 -0.044311 0.721030 -3.703451 -10.587565 -0.819505 3.756310 -10.627618 19.812481 -17.712824 12.755119 -86.969421 -6.532251 13.904965 -0.960409 -74.318245 1.496853 22.308130 -14.731231 -9.406488 -5.882102 9.861279 0.702590 -10.936861 -0.360574 7.156197 0.000000 8.774815 -0.000000 -15.618761 18.712992 6.310332 -1.844031 2.498503 -2.507276 -10.163590 4.678941 4.621104 -20.975996 -0.000001 0.000001 -21.226254 2.451698 -3.593995 0.000000 -0.000006 -0.000000 -1.362681 2.240797 -0.746323 -21.334892 0.584910 3.008319 -13.821196 -0.000001 0.000001 -23.887129 -0.249075 -0.839485 -61.111378 2.966997 -1.414152 -0.294025 1.679686 0.833255 -14.218195 0.093215 1.300579 -34.212002 -0.287561 0.967166 -20.033176 0.964536 1.212838 0.000000 -0.000000 0.000000 -3.440387 0.788233 0.501655 -15.928172 -3.167306 2.999703 -6.338817 -0.000000 0.000001 -18.123419 3.648181 -4.905662 -0.000004 0.000000 -0.000002 -20.646324 23.804398 7.523437 92.850693 8.212242 -3.358374 -1.576393 60.313358 -1.485613 -30.260080 10.827691 -25.642496 2.243540 -5.255033 -3.180156 14.282877 -0.826594 6.952496 -0.000000 -12.690593 -0.000001 15.702800 -17.526340 2.842566 1.665665 -1.955920 -2.878297 4.727794 -4.170584 4.993919 11.020511 0.000001 -0.000000 12.109032 -3.735715 -2.866778 0.000000 -0.000000 0.000000 1.291985 -1.928548 -1.498088 14.800115 0.567467 3.865604 14.242553 -1.341738 -6.660648 19.631935 0.143921 -0.648243 49.912479 -0.990532 -5.812862 0.353029 -1.511150 -0.031940 20.222769 3.684305 2.316629 18.787249 0.000001 -0.000001 10.751608 -0.479870 1.397903 0.000000 -0.000000 0.000000 3.273804 0.305947 -0.580110 21.486790 11.830364 2.266131 8.162915 0.000000 -0.000000 18.399052 -3.798986 -4.940567 0.000003 0.000000 -0.000001 3.185469 -4.562865 -33.490845 0.026296 0.023837 43.430492 -5.944929 15.270343 -15.760535 1.620970 -2.119228 -0.694822 0.000000 -0.000000 0.000002 -1.882902 -8.194540 -27.508307 -0.039118 -0.032958 44.202412 7.371852 -9.451729 -22.672659 -1.427425 0.907350 -0.449380 0.000000 -0.000000 -0.000001
0.000000 0.000000 0.000000 0.000000 -0.000000 0.000000 17.755887 -5.810272 -98.910139 0.582025 -2.502287 5.630947 -1.156390 0.340109 9.130714 -0.980896 1.162189 -1.621801 -2.318372 0.333642 17.995062 -0.628841 2.968619 4.685774 0.010799 2.794877 -3.521496 5.028955 1.129693 -4.793366 0.000077 -0.000022 0.000006 -0.038451 0.009706 -0.039284 0.731511 -3.713951 -10.563145 -0.816922 3.739889 -10.602001 19.788357 -17.894258 12.708584 -88.482262 -7.428681 13.471342 -0.831373 -72.645592 1.050369 22.069155 -14.476625 -9.715387 -5.882102 9.861279 0.702590 -10.936861 -0.360574 7.156197 0.000000 8.774815 -0.000000 -15.626505 18.698206 6.274061 -1.844031 2.498503 -2.507276 -10.163590 4.678941 4.621104 -20.975996 -0.000001 0.000001 -21.226254 2.451698 -3.593995 0.000000 -0.000006 -0.000000 -1.362681 2.240797 -0.746323 -21.334892 0.584910 3.008319 -13.821196 -0.000001 0.000001 -23.887129 -0.249075 -0.839485 -61.001575 2.987673 -1.456466 -0.294025 1.679686 0.833255 -14.218195 0.093215 1.300579 -34.212002 -0.287561 0.967166 -20.033176 0.964536 1.212838 0.000000 -0.000000 0.000000 -3.440387 0.788233 0.501655 -15.928172 -3.167306 2.999703 -6.338817 -0.000000 0.000001 -18.123419 3.648181 -4.905662 -0.000004 0.000000 -0.000002 -19.344603 23.489843 8.129307 93.307182 8.497243 -2.374502 -1.077083 57.055458 -1.042681 -28.149702 10.250361 -28.771103 2.243540 -5.255033 -3.180156 14.282877 -0.826594 6.952496 -0.000000 -12.690593 -0.000001 16.002684 -17.669622 2.856616 1.665665 -1.955920 -2.878297 4.727794 -4.170584 4.993919 11.020511 0.000001 -0.000000 12.109032 -3.735715 -2.866778 0.000000 -0.000000 0.000000 1.291985 -1.928548 -1.498088 14.800115 0.567467 3.865604 14.242553 -1.341738 -6.660648 19.631935 0.143921 -0.648243 50.205685 -0.998678 -5.863679 0.353029 -1.511150 -0.031940 20.222769 3.684305 2.316629 18.787249 0.000001 -0.000001 10.751608 -0.479870 1.397903 0.000000 -0.000000 0.000000 3.273804 0.305947 -0.580110 21.486790 11.830364 2.266131 8.162915 0.000000 -0.000000 18.399052 -3.798986 -4.940567 0.000003 0.000000 -0.000001 3.648832 -4.654608 -33.742588 0.017532 0.000120 43.235378 -6.040462 14.973780 -15.218014 1.619018 -2.111378 -0.785105 0.000000 -0.000000 0.000002 -1.422630 -8.246075 -27.925629 -0.053059 -0.038371 44.381626 6.780927 -9.908438 -22.437119 -1.429430 0.907357 -0.401125 0.000000 -0.000000 -0.000001
0.000000 0.000000 0.000000 0.000000 -0.000000 0.000000 17.214145 -5.854240 -99.464474 0.594247 -2.260962 5.582869 -1.147012 0.352213 8.973188 -0.995702 1.080400 -1.601269 -2.367458 0.297716 18.129187 -0.749028 3.020655 4.618643 0.049053 2.776621 -3.492164 4.813182 1.178487 -5.138263 0.000077 -0.000022 0.000006 -0.032069 -0.003148 -0.035458 0.739917 -3.726373 -10.550054 -0.813057 3.727218 -10.584405 19.891726 -18.154343 12.554035 -90.027580 -8.482768 12.787185 -0.794284 -70.947906 0.582004 21.833956 -14.175716 -10.169334 -5.882102 9.861279 0.702590 -10.936861 -0.360574 7.156197 0.000000 8.774815 -0.000000 -15.657105 18.683043 6.255200 -1.844031 2.498503 -2.507276 -10.163590 4.678941 4.621104 -20.975996 -0.000001 0.000001 -21.226254 2.451698 -3.593995 0.000000 -0.000006 -0.000000 -1.362681 2.240797 -0.746323 -21.334892 0.584910 3.008319 -13.821196 -0.000001 0.000001 -23.887129 -0.249075 -0.839485 -60.916332 2.996398 -1.489522 -0.294025 1.679686 0.833255 -14.218195 0.093215 1.300579 -34.212002 -0.287561 0.967166 -20.033176 0.964536 1.212838 0.000000 -0.000000 0.000000 -3.440387 0.788233 0.501655 -15.928172 -3.167306 2.999703 -6.338817 -0.000000 0.000001 -18.123419 3.648181 -4.905662 -0.000004 0.000000 -0.000002 -17.867813 23.232115 8.755003 93.361305 8.990529 -0.878455 -0.781475 53.468575 -0.752427 -25.145054 9.346206 -30.926420 2.243540 -5.255033 -3.180156 14.282877 -0.826594 6.952496 -0.000000 -12.690593 -0.000001 16.308249 -17.862274 2.894793 1.665665 -1.955920 -2.878297 4.727794 -4.170584 4.993919 11.020511 0.000001 -0.000000 12.109032 -3.735715 -2.866778 0.000000 -0.000000 0.000000 1.291985 -1.928548 -1.498088 14.800115 0.567467 3.865604 14.242553 -1.341738 -6.660648 19.631935 0.143921 -0.648243 50.514606 -0.982613 -5.967997 0.353029 -1.511150 -0.031940 20.222769 3.684305 2.316629 18.787249 0.000001 -0.000001 10.751608 -0.479870 1.397903 0.000000 -0.000000 0.000000 3.273804 0.305947 -0.580110 21.486790 11.830364 2.266131 8.162915 0.000000 -0.000000 18.399052 -3.798986 -4.940567 0.000003 0.000000 -0.000001 4.116185 -4.741192 -34.046864 0.011566 -0.012298 43.102249 -6.163682 14.579729 -14.719147 1.618124 -2.107758 -0.950700 0.000000 -0.000000 0.000002 -0.950865 -8.454948 -28.357658 -0.059819 -0.043247 44.628803 6.159326 -10.247121 -22.257816 -1.431480 0.917517 -0.345046 0.000000 -0.000000 -0.000001
0.000000 0.000000 0.000000 0.000000 -0.000000 0.000000 16.685387 -5.916802 -99.996752 0.591237 -2.073515 5.536234 -1.155113 0.380045 8.812318 -1.018366 1.013467 -1.598778 -2.391485 0.301294 18.281544 -0.924554 3.055049 4.553048 0.088405 2.766929 -3.471999 4.636507 1.221573 -5.367824 0.000077 -0.000022 0.000006 -0.032389 -0.002854 -0.036399 0.739557 -3.725785 -10.539759 -0.813633 3.727750 -10.568617 20.000559 -18.425772 12.406569 -91.434258 -9.511346 12.146257 -0.781280 -69.406532 0.246758 21.515888 -13.938918 -10.467762 -5.882102 9.861279 0.702590 -10.936861 -0.360574 7.156197 0.000000 8.774815 -0.000000 -15.711803 18.655762 6.239529 -1.844031 2.498503 -2.507276 -10.163590 4.678941 4.621104 -20.975996 -0.000001 0.000001 -21.226254 2.451698 -3.593995 0.000000 -0.000006 -0.000000 -1.362681 2.240797 -0.746323 -21.334892 0.584910 3.008319 -13.821196 -0.000001 0.000001 -23.887129 -0.249075 -0.839485 -60.868275 3.000260 -1.500026 -0.294025 1.679686 0.833255 -14.218195 0.093215 1.300579 -34.212002 -0.287561 0.967166 -20.033176 0.964536 1.212838 0.000000 -0.000000 0.000000 -3.440387 0.788233 0.501655 -15.928172 -3.167306 2.999703 -6.338817 -0.000000 0.000001 -18.123419 3.648181 -4.905662 -0.000004 0.000000 -0.000002 -16.439058 23.050756 9.324012 93.211067 9.629535 0.832137 -0.578308 50.234009 -0.556673 -22.026751 8.511949 -31.638847 2.243540 -5.255033 -3.180156 14.282877 -0.826594 6.952496 -0.000000 -12.690593 -0.000001 16.528801 -17.988602 2.930359 1.665665 -1.955920 -2.878297 4.727794 -4.170584 4.993919 11.020511 0.000001 -0.000000 12.109032 -3.735715 -2.866778 0.000000 -0.000000 0.000000 1.291985 -1.928548 -1.498088 14.800115 0.567467 3.865604 14.242553 -1.341738 -6.660648 19.631935 0.143921 -0.648243 50.689034 -0.975453 -6.076064 0.353029 -1.511150 -0.031940 20.222769 3.684305 2.316629 18.787249 0.000001 -0.000001 10.751608 -0.479870 1.397903 0.000000 -0.000000 0.000000 3.273804 0.305947 -0.580110 21.486790 11.830364 2.266131 8.162915 0.000000 -0.000000 18.399052 -3.798986 -4.940567 0.000003 0.000000 -0.000001 4.581172 -4.794420 -34.371750 0.010543 -0.015905 43.025578 -6.330440 14.204287 -14.261991 1.617555 -2.111182 -1.127264 0.000000 -0.000000 0.000002 -0.473503 -8.686752 -28.788525 -0.065881 -0.061115 44.900673 5.529669 -10.484448 -22.100027 -1.432234 0.933203 -0.268382 0.000000 -0.000000 -0.000001
0.000000 0.000000 0.000000 0.000000 -0.000000 0.000000 16.189071 -5.991669 -100.492333 0.568195 -1.981080 5.454000 -1.175229 0.401834 8.682872 -1.041428 0.980521 -1.605558 -2.413647 0.287304 18.444563 -1.140345 3.101282 4.476628 0.127271 2.787228 -3.456161 4.480267 1.279353 -5.453757 0.000077 -0.000022 0.000006 -0.033859 0.001556 -0.039774 0.737495 -3.718219 -10.527698 -0.814463 3.728942 -10.551152 19.999763 -18.629549 12.370102 -92.522949 -10.330350 11.690674 -0.728499 -68.203552 0.082939 20.984463 -13.808110 -10.632705 -5.882102 9.861279 0.702590 -10.936861 -0.360574 7.156197 0.000000 8.774815 -0.000000 -15.746451 18.611443 6.227482 -1.844031 2.498503 -2.507276 -10.163590 4.678941 4.621104 -20.975996 -0.000001 0.000001 -21.226254 2.451698 -3.593995 0.000000 -0.000006 -0.000000 -1.362681 2.240797 -0.746323 -21.334892 0.584910 3.008319 -13.821196 -0.000001 0.000001 -23.887129 -0.249075 -0.839485 -60.816456 2.997841 -1.490615 -0.294025 1.679686 0.833255 -14.218195 0.093215 1.300579 -34.212002 -0.287561 0.967166 -20.033176 0.964536 1.212838 0.000000 -0.000000 0.000000 -3.440387 0.788233 0.501655 -15.928172 -3.167306 2.999703 -6.338817 -0.000000 0.000001 -18.123419 3.648181 -4.905662 -0.000004 0.000000 -0.000002 -15.284439 22.959400 9.807603 93.151711 10.242446 2.276957 -0.366878 48.159061 -0.407006 -19.837727 8.045370 -31.599789 2.243540 -5.255033 -3.180156 14.282877 -0.826594 6.952496 -0.000000 -12.690593 -0.000001 16.687265 -18.035816 2.892934 1.665665 -1.955920 -2.878297 4.727794 -4.170584 4.993919 11.020511 0.000001 -0.000000 12.109032 -3.735715 -2.866778 0.000000 -0.000000 0.000000 1.291985 -1.928548 -1.498088 14.800115 0.567467 3.865604 14.242553 -1.341738 -6.660648 19.631935 0.143921 -0.648243 50.673042 -0.959300 -6.182273 0.353029 -1.511150 -0.031940 20.222769 3.684305 2.316629 18.787249 0.000001 -0.000001 10.751608 -0.479870 1.397903 0.000000 -0.000000 0.000000 3.273804 0.305947 -0.580110 21.486790 11.830364 2.266131 8.162915 0.000000 -0.000000 18.399052 -3.798986 -4.940567 0.000003 0.000000 -0.000001 5.027696 -4.820770 -34.651112 0.009280 -0.024130 42.990459 -6.531918 13.903026 -13.869480 1.619744 -2.114443 -1.201593 0.000000 -0.000000 0.000002 -0.006479 -8.802287 -29.171520 -0.077857 -0.082308 45.172035 4.925057 -10.707806 -21.952852 -1.430370 0.951340 -0.133210 0.000000 -0.000000 -0.000001
0.000000 0.000000 0.000000 0.000000 -0.000000 0.000000 15.748513 -6.080040 -100.955088 0.557867 -1.914644 5.319446 -1.207290 0.412709 8.578560 -1.061625 0.955375 -1.609407 -2.466046 0.254132 18.607437 -1.341722 3.131358 4.449737 0.149899 2.852212 -3.455730 4.312197 1.360580 -5.407444 0.000077 -0.000022 0.000006 -0.033217 0.002475 -0.043315 0.740711 -3.712559 -10.521254 -0.816244 3.724586 -10.538459 19.927641 -18.802475 12.417465 -93.352081 -10.922384 11.357561 -0.572341 -67.272446 -0.066276 20.265249 -13.732128 -10.699512 -5.882102 9.861279 0.702590 -10.936861 -0.360574 7.156197 0.000000 8.774815 -0.000000 -15.754834 18.569759 6.224599 -1.844031 2.498503 -2.507276 -10.163590 4.678941 4.621104 -20.975996 -0.000001 0.000001 -21.226254 2.451698 -3.593995 0.000000 -0.000006 -0.000000 -1.362681 2.240797 -0.746323 -21.334892 0.584910 3.008319 -13.821196 -0.000001 0.000001 -23.887129 -0.249075 -0.839485 -60.791656 2.991533 -1.490880 -0.294025 1.679686 0.833255 -14.218195 0.093215 1.300579 -34.212002 -0.287561 0.967166 -20.033176 0.964536 1.212838 0.000000 -0.000000 0.000000 -3.440387 0.788233 0.501655 -15.928172 -3.167306 2.999703 -6.338817 -0.000000 0.000001 -18.123419 3.648181 -4.905662 -0.000004 0.000000 -0.000002 -14.415838 22.875067 10.201532 93.248642 10.764480 3.378278 -0.242791 47.150608 -0.336572 -18.526896 7.744417 -31.446011 2.243540 -5.255033 -3.180156 14.282877 -0.826594 6.952496 -0.000000 -12.690593 -0.000001 16.768143 -18.046019 2.833631 1.665665 -1.955920 -2.878297 4.727794 -4.170584 4.993919 11.020511 0.000001 -0.000000 12.109032 -3.735715 -2.866778 0.000000 -0.000000 0.000000 1.291985 -1.928548 -1.498088 14.800115 0.567467 3.865604 14.242553 -1.341738 -6.660648 19.631935 0.143921 -0.648243 50.567463 -0.923702 -6.259567 0.353029 -1.511150 -0.031940 20.222769 3.684305 2.316629 18.787249 0.000001 -0.000001 10.751608 -0.479870 1.397903 0.000000 -0.000000 0.000000 3.273804 0.305947 -0.580110 21.486790 11.830364 2.266131 8.162915 0.000000 -0.000000 18.399052 -3.798986 -4.940567 0.000003 0.000000 -0.000001 5.403382 -4.844358 -34.846684 0.005041 -0.043079 42.968281 -6.734825 13.634856 -13.569468 1.623113 -2.116766 -1.217370 0.000000 -0.000000 0.000002 0.373709 -8.782248 -29.407749 -0.099053 -0.116514 45.464348 4.445596 -10.966514 -21.912598 -1.427736 0.966657 0.008595 0.000000 -0.000000 -0.000001
0.000000 0.000000 0.000000 0.000000 -0.000000 0.000000 15.347809 -6.176415 -101.364535 0.551100 -1.860350 5.161747 -1.235090 0.424749 8.473095 -1.085464 0.930054 -1.618573 -2.531072 0.222671 18.764969 -1.525307 3.163536 4.460178 0.166593 2.903939 -3.462095 4.113509 1.452762 -5.300303 0.000077 -0.000022 0.000006 -0.030712 -0.000863 -0.044296 0.747157 -3.712111 -10.519369 -0.817710 3.717054 -10.532391 19.795650 -18.981565 12.482010 -94.046280 -11.341035 10.943241 -0.393739 -66.445251 -0.245677 19.446301 -13.591084 -10.602376 -5.882102 9.861279 0.702590 -10.936861 -0.360574 7.156197 0.000000 8.774815 -0.000000 -15.758285 18.553940 6.229175 -1.844031 2.498503 -2.507276 -10.163590 4.678941 4.621104 -20.975996 -0.000001 0.000001 -21.226254 2.451698 -3.593995 0.000000 -0.000006 -0.000000 -1.362681 2.240797 -0.746323 -21.334892 0.584910 3.008319 -13.821196 -0.000001 0.000001 -23.887129 -0.249075 -0.839485 -60.800522 2.990303 -1.508767 -0.294025 1.679686 0.833255 -14.218195 0.093215 1.300579 -34.212002 -0.287561 0.967166 -20.033176 0.964536 1.212838 0.000000 -0.000000 0.000000 -3.440387 0.788233 0.501655 -15.928172 -3.167306 2.999703 -6.338817 -0.000000 0.000001 -18.123419 3.648181 -4.905662 -0.000004 0.000000 -0.000002 -13.754928 22.771378 10.468302 93.410057 11.198173 4.266227 -0.276524 46.690334 -0.374764 -17.655811 7.422782 -31.239185 2.243540 -5.255033 -3.180156 14.282877 -0.826594 6.952496 -0.000000 -12.690593 -0.000001 16.786991 -18.036848 2.788252 1.665665 -1.955920 -2.878297 4.727794 -4.170584 4.993919 11.020511 0.000001 -0.000000 12.109032 -3.735715 -2.866778 0.000000 -0.000000 0.000000 1.291985 -1.928548 -1.498088 14.800115 0.567467 3.865604 14.242553 -1.341738 -6.660648 19.631935 0.143921 -0.648243 50.498920 -0.894095 -6.294495 0.353029 -1.511150 -0.031940 20.222769 3.684305 2.316629 18.787249 0.000001 -0.000001 10.751608 -0.479870 1.397903 0.000000 -0.000000 0.000000 3.273804 0.305947 -0.580110 21.486790 11.830364 2.266131 8.162915 0.000000 -0.000000 18.399052 -3.798986 -4.940567 0.000003 0.000000 -0.000001 5.721654 -4.845897 -34.988827 0.001764 -0.059566 42.942860 -6.900443 13.384325 -13.343038 1.623647 -2.111262 -1.220301 0.000000 -0.000000 0.000002 0.702429 -8.646216 -29.700829 -0.129387 -0.155286 45.763245 4.040671 -11.285338 -21.812927 -1.424762 0.977607 0.120920 0.000000 -0.000000 -0.000001
0.000000 0.000000 0.000000 0.000000 -0.000000 0.000000 14.999707 -6.278832 -101.760393 0.545670 -1.781793 5.002055 -1.246377 0.432000 8.354602 -1.116276 0.913974 -1.635589 -2.592010 0.199338 18.899292 -1.696175 3.172348 4.477139 0.186681 2.926330 -3.472812 3.889371 1.554611 -5.146060 0.000077 -0.000022 0.000006 -0.027549 -0.007198 -0.041789 0.754308 -3.715914 -10.523758 -0.818844 3.708347 -10.533788 19.597712 -19.180820 12.571689 -94.624458 -11.650337 10.364933 -0.327320 -65.652763 -0.365839 18.593407 -13.377864 -10.401676 -5.882102 9.861279 0.702590 -10.936861 -0.360574 7.156197 0.000000 8.774815 -0.000000 -15.751376 18.569454 6.249981 -1.844031 2.498503 -2.507276 -10.163590 4.678941 4.621104 -20.975996 -0.000001 0.000001 -21.226254 2.451698 -3.593995 0.000000 -0.000006 -0.000000 -1.362681 2.240797 -0.746323 -21.334892 0.584910 3.008319 -13.821196 -0.000001 0.000001 -23.887129 -0.249075 -0.839485 -60.814060 2.983528 -1.520782 -0.294025 1.679686 0.833255 -14.218195 0.093215 1.300579 -34.212002 -0.287561 0.967166 -20.033176 0.964536 1.212838 0.000000 -0.000000 0.000000 -3.440387 0.788233 0.501655 -15.928172 -3.167306 2.999703 -6.338817 -0.000000 0.000001 -18.123419 3.648181 -4.905662 -0.000004 0.000000 -0.000002 -13.215994 22.632334 10.617596 93.550400 11.570634 4.978869 -0.382983 46.449657 -0.470032 -16.977781 7.034563 -30.838329 2.243540 -5.255033 -3.180156 14.282877 -0.826594 6.952496 -0.000000 -12.690593 -0.000001 16.789806 -18.028456 2.763043 1.665665 -1.955920 -2.878297 4.727794 -4.170584 4.993919 11.020511 0.000001 -0.000000 12.109032 -3.735715 -2.866778 0.000000 -0.000000 0.000000 1.291985 -1.928548 -1.498088 14.800115 0.567467 3.865604 14.242553 -1.341738 -6.660648 19.631935 0.143921 -0.648243 50.524475 -0.883232 -6.295473 0.353029 -1.511150 -0.031940 20.222769 3.684305 2.316629 18.787249 0.000001 -0.000001 10.751608 -0.479870 1.397903 0.000000 -0.000000 0.000000 3.273804 0.305947 -0.580110 21.486790 11.830364 2.266131 8.162915 0.000000 -0.000000 18.399052 -3.798986 -4.940567 0.000003 0.000000 -0.000001 6.033453 -4.826188 -35.019417 -0.003342 -0.073295 42.916424 -7.048254 13.106977 -13.285355 1.621268 -2.108097 -1.232291 0.000000 -0.000000 0.000002 0.987085 -8.490013 -29.967636 -0.157123 -0.181633 46.069004 3.716134 -11.617108 -21.738443 -1.422171 0.987836 0.194061 0.000000 -0.000000 -0.000001
0.000000 0.000000 0.000000 0.000000 -0.000000 0.000000 14.713775 -6.381699 -102.122670 0.567417 -1.691459 4.841866 -1.246022 0.432195 8.231795 -1.148212 0.914348 -1.653071 -2.656200 0.179345 18.990967 -1.858261 3.171646 4.479158 0.211897 2.929563 -3.482899 3.676855 1.656273 -4.944044 0.000077 -0.000022 0.000006 -0.028308 -0.006073 -0.039728 0.754294 -3.713489 -10.527913 -0.820838 3.708688 -10.534274 19.336647 -19.380829 12.680967 -95.088196 -11.883571 9.680661 -0.342439 -64.856720 -0.399086 17.721582 -13.128243 -10.357941 -5.882102 9.861279 0.702590 -10.936861 -0.360574 7.156197 0.000000 8.774815 -0.000000 -15.748084 18.590010 6.269579 -1.844031 2.498503 -2.507276 -10.163590 4.678941 4.621104 -20.975996 -0.000001 0.000001 -21.226254 2.451698 -3.593995 0.000000 -0.000006 -0.000000 -1.362681 2.240797 -0.746323 -21.334892 0.584910 3.008319 -13.821196 -0.000001 0.000001 -23.887129 -0.249075 -0.839485 -60.832405 2.957714 -1.526147 -0.294025 1.679686 0.833255 -14.218195 0.093215 1.300579 -34.212002 -0.287561 0.967166 -20.033176 0.964536 1.212838 0.000000 -0.000000 0.000000 -3.440387 0.788233 0.501655 -15.928172 -3.167306 2.999703 -6.338817 -0.000000 0.000001 -18.123419 3.648181 -4.905662 -0.000004 0.000000 -0.000002 -12.781936 22.513105 10.686188 93.622444 11.918908 5.561228 -0.500839 46.244469 -0.576650 -16.355497 6.603776 -30.212769 2.243540 -5.255033 -3.180156 14.282877 -0.826594 6.952496 -0.000000 -12.690593 -0.000001 16.802340 -18.041912 2.739862 1.665665 -1.955920 -2.878297 4.727794 -4.170584 4.993919 11.020511 0.000001 -0.000000 12.109032 -3.735715 -2.866778 0.000000 -0.000000 0.000000 1.291985 -1.928548 -1.498088 14.800115 0.567467 3.865604 14.242553 -1.341738 -6.660648 19.631935 0.143921 -0.648243 50.561905 -0.874844 -6.306878 0.353029 -1.511150 -0.031940 20.222769 3.684305 2.316629 18.787249 0.000001 -0.000001 10.751608 -0.479870 1.397903 0.000000 -0.000000 0.000000 3.273804 0.305947 -0.580110 21.486790 11.830364 2.266131 8.162915 0.000000 -0.000000 18.399052 -3.798986 -4.940567 0.000003 0.000000 -0.000001 6.233364 -4.822011 -35.168442 -0.003638 -0.084425 43.006676 -7.047641 12.840591 -13.044104 1.620245 -2.109548 -1.273259 0.000000 -0.000000 0.000002 1.195420 -8.354763 -30.212482 -0.173898 -0.193410 46.383553 3.455527 -11.959282 -21.684416 -1.420423 0.997602 0.229147 0.000000 -0.000000 -0.000001
0.000000 0.000000 0.000000 0.000000 -0.000000 0.000000 14.508425 -6.468445 -102.477316 0.626421 -1.646775 4.683631 -1.241219 0.422986 8.112521 -1.176809 0.938506 -1.674311 -2.732693 0.162233 19.055735 -2.016371 3.207268 4.423075 0.253695 2.907923 -3.486111 3.470151 1.751753 -4.691243 0.000077 -0.000022 0.000006 -0.031189 -0.000462 -0.041378 0.750621 -3.708261 -10.537618 -0.823318 3.715125 -10.540069 19.006138 -19.550495 12.816537 -95.441544 -12.061469 8.943439 -0.359359 -64.116417 -0.429491 16.857525 -12.842976 -10.474097 -5.882102 9.861279 0.702590 -10.936861 -0.360574 7.156197 0.000000 8.774815 -0.000000 -15.733315 18.584114 6.301073 -1.844031 2.498503 -2.507276 -10.163590 4.678941 4.621104 -20.975996 -0.000001 0.000001 -21.226254 2.451698 -3.593995 0.000000 -0.000006 -0.000000 -1.362681 2.240797 -0.746323 -21.334892 0.584910 3.008319 -13.821196 -0.000001 0.000001 -23.887129 -0.249075 -0.839485 -60.854355 2.925643 -1.521428 -0.294025 1.679686 0.833255 -14.218195 0.093215 1.300579 -34.212002 -0.287561 0.967166 -20.033176 0.964536 1.212838 0.000000 -0.000000 0.000000 -3.440387 0.788233 0.501655 -15.928172 -3.167306 2.999703 -6.338817 -0.000000 0.000001 -18.123419 3.648181 -4.905662 -0.000004 0.000000 -0.000002 -12.430007 22.460438 10.742972 93.599831 12.295371 6.054779 -0.624826 46.042408 -0.645644 -15.791589 6.084156 -29.580173 2.243540 -5.255033 -3.180156 14.282877 -0.826594 6.952496 -0.000000 -12.690593 -0.000001 16.808044 -18.057442 2.711621 1.665665 -1.955920 -2.878297 4.727794 -4.170584 4.993919 11.020511 0.000001 -0.000000 12.109032 -3.735715 -2.866778 0.000000 -0.000000 0.000000 1.291985 -1.928548 -1.498088 14.800115 0.567467 3.865604 14.242553 -1.341738 -6.660648 19.631935 0.143921 -0.648243 50.564514 -0.871115 -6.332857 0.353029 -1.511150 -0.031940 20.222769 3.684305 2.316629 18.787249 0.000001 -0.000001 10.751608 -0.479870 1.397903 0.000000 -0.000000 0.000000 3.273804 0.305947 -0.580110 21.486790 11.830364 2.266131 8.162915 0.000000 -0.000000 18.399052 -3.798986 -4.940567 0.000003 0.000000 -0.000001 6.331309 -4.783235 -35.279545 0.002876 -0.090537 43.045097 -7.001890 12.597916 -12.787171 1.621127 -2.111241 -1.332381 0.000000 -0.000000 0.000002 1.305586 -8.192616 -30.422834 -0.184902 -0.197460 46.664215 3.259411 -12.294373 -21.622181 -1.418826 1.002136 0.233926 0.000000 -0.000000 -0.000001
0.000000 0.000000 0.000000 0.000000 -0.000000 0.000000 14.369640 -6.531410 -102.793200 0.712884 -1.609182 4.528699 -1.231008 0.408108 8.003910 -1.194525 0.970533 -1.697563 -2.818287 0.143706 19.109787 -2.156463 3.258619 4.316306 0.299548 2.881543 -3.485501 3.255236 1.839974 -4.388406 0.000077 -0.000022 0.000006 -0.035236 0.009386 -0.047476 0.743527 -3.699395 -10.549842 -0.824441 3.725895 -10.547974 18.643402 -19.716745 12.967465 -95.738907 -12.188228 8.132964 -0.466004 -63.459068 -0.408431 15.995045 -12.548976 -10.593788 -5.882102 9.861279 0.702590 -10.936861 -0.360574 7.156197 0.000000 8.774815 -0.000000 -15.743001 18.527601 6.316132 -1.844031 2.498503 -2.507276 -10.163590 4.678941 4.621104 -20.975996 -0.000001 0.000001 -21.226254 2.451698 -3.593995 0.000000 -0.000006 -0.000000 -1.362681 2.240797 -0.746323 -21.334892 0.584910 3.008319 -13.821196 -0.000001 0.000001 -23.887129 -0.249075 -0.839485 -60.888664 2.876765 -1.504563 -0.294025 1.679686 0.833255 -14.218195 0.093215 1.300579 -34.212002 -0.287561 0.967166 -20.033176 0.964536 1.212838 0.000000 -0.000000 0.000000 -3.440387 0.788233 0.501655 -15.928172 -3.167306 2.999703 -6.338817 -0.000000 0.000001 -18.123419 3.648181 -4.905662 -0.000004 0.000000 -0.000002 -12.137771 22.480040 10.818827 93.490562 12.676526 6.436482 -0.739162 45.870647 -0.683183 -15.252318 5.473667 -28.997074 2.243540 -5.255033 -3.180156 14.282877 -0.826594 6.952496 -0.000000 -12.690593 -0.000001 16.814053 -18.058002 2.677987 1.665665 -1.955920 -2.878297 4.727794 -4.170584 4.993919 11.020511 0.000001 -0.000000 12.109032 -3.735715 -2.866778 0.000000 -0.000000 0.000000 1.291985 -1.928548 -1.498088 14.800115 0.567467 3.865604 14.242553 -1.341738 -6.660648 19.631935 0.143921 -0.648243 50.539154 -0.879777 -6.353384 0.353029 -1.511150 -0.031940 20.222769 3.684305 2.316629 18.787249 0.000001 -0.000001 10.751608 -0.479870 1.397903 0.000000 -0.000000 0.000000 3.273804 0.305947 -0.580110 21.486790 11.830364 2.266131 8.162915 0.000000 -0.000000 18.399052 -3.798986 -4.940567 0.000003 0.000000 -0.000001 6.345183 -4.744411 -35.339401 0.014677 -0.087763 43.019310 -6.942730 12.391537 -12.525729 1.624204 -2.112427 -1.394940 0.000000 -0.000000 0.000002 1.325674 -8.021356 -30.580778 -0.192598 -0.201365 46.883751 3.136935 -12.609655 -21.547840 -1.416547 1.003082 0.231983 0.000000 -0.000000 -0.000001
0.000000 0.000000 0.000000 0.000000 -0.000000 0.000000 14.292353 -6.569077 -103.077332 0.818246 -1.568948 4.400651 -1.230510 0.386540 7.911024 -1.200979 0.985587 -1.722498 -2.910448 0.132568 19.161736 -2.273571 3.300836 4.152405 0.326785 2.877985 -3.479368 3.038816 1.938464 -4.023870 0.000077 -0.000022 0.000006 -0.035999 0.011432 -0.055662 0.740641 -3.699095 -10.561043 -0.822909 3.729043 -10.556666 18.277399 -19.889845 13.116797 -96.005592 -12.308691 7.315641 -0.574026 -62.869850 -0.395123 15.107692 -12.274439 -10.532471 -5.882102 9.861279 0.702590 -10.936861 -0.360574 7.156197 0.000000 8.774815 -0.000000 -15.759301 18.439629 6.300658 -1.844031 2.498503 -2.507276 -10.163590 4.678941 4.621104 -20.975996 -0.000001 0.000001 -21.226254 2.451698 -3.593995 0.000000 -0.000006 -0.000000 -1.362681 2.240797 -0.746323 -21.334892 0.584910 3.008319 -13.821196 -0.000001 0.000001 -23.887129 -0.249075 -0.839485 -60.902832 2.830418 -1.486294 -0.294025 1.679686 0.833255 -14.218195 0.093215 1.300579 -34.212002 -0.287561 0.967166 -20.033176 0.964536 1.212838 0.000000 -0.000000 0.000000 -3.440387 0.788233 0.501655 -15.928172 -3.167306 2.999703 -6.338817 -0.000000 0.000001 -18.123419 3.648181 -4.905662 -0.000004 0.000000 -0.000002 -11.917823 22.571423 10.888868 93.333939 13.040773 6.719809 -0.836706 45.755352 -0.696261 -14.702335 4.767397 -28.433365 2.243540 -5.255033 -3.180156 14.282877 -0.826594 6.952496 -0.000000 -12.690593 -0.000001 16.827950 -18.051765 2.649483 1.665665 -1.955920 -2.878297 4.727794 -4.170584 4.993919 11.020511 0.000001 -0.000000 12.109032 -3.735715 -2.866778 0.000000 -0.000000 0.000000 1.291985 -1.928548 -1.498088 14.800115 0.567467 3.865604 14.242553 -1.341738 -6.660648 19.631935 0.143921 -0.648243 50.526054 -0.896200 -6.367577 0.353029 -1.511150 -0.031940 20.222769 3.684305 2.316629 18.787249 0.000001 -0.000001 10.751608 -0.479870 1.397903 0.000000 -0.000000 0.000000 3.273804 0.305947 -0.580110 21.486790 11.830364 2.266131 8.162915 0.000000 -0.000000 18.399052 -3.798986 -4.940567 0.000003 0.000000 -0.000001 6.287855 -4.691982 -35.377884 0.025449 -0.078280 42.929317 -6.876265 12.224492 -12.253967 1.627272 -2.110759 -1.430036 0.000000 -0.000000 0.000002 1.275041 -7.855133 -30.715990 -0.202609 -0.203070 47.037865 3.072371 -12.890306 -21.450447 -1.413331 0.998356 0.241316 0.000000 -0.000000 -0.000001
0.000000 0.000000 0.000000 0.000000 -0.000000 0.000000 14.253599 -6.583946 -103.341192 0.919435 -1.514768 4.310864 -1.242664 0.363091 7.825366 -1.196305 0.983761 -1.743361 -2.990611 0.125929 19.225420 -2.346507 3.332196 3.921949 0.335542 2.886607 -3.474086 2.832294 2.031093 -3.617177 0.000077 -0.000022 0.000006 -0.034610 0.008621 -0.062863 0.741142 -3.702676 -10.568180 -0.820393 3.726043 -10.562960 17.928764 -20.076906 13.216518 -96.229996 -12.430416 6.616488 -0.587605 -62.308769 -0.442105 14.237320 -12.029605 -10.341616 -5.882102 9.861279 0.702590 -10.936861 -0.360574 7.156197 0.000000 8.774815 -0.000000 -15.785670 18.351921 6.264696 -1.844031 2.498503 -2.507276 -10.163590 4.678941 4.621104 -20.975996 -0.000001 0.000001 -21.226254 2.451698 -3.593995 0.000000 -0.000006 -0.000000 -1.362681 2.240797 -0.746323 -21.334892 0.584910 3.008319 -13.821196 -0.000001 0.000001 -23.887129 -0.249075 -0.839485 -60.901169 2.790655 -1.477407 -0.294025 1.679686 0.833255 -14.218195 0.093215 1.300579 -34.212002 -0.287561 0.967166 -20.033176 0.964536 1.212838 0.000000 -0.000000 0.000000 -3.440387 0.788233 0.501655 -15.928172 -3.167306 2.999703 -6.338817 -0.000000 0.000001 -18.123419 3.648181 -4.905662 -0.000004 0.000000 -0.000002 -11.728066 22.692678 10.949163 93.131706 13.366828 6.823058 -0.877590 45.663277 -0.694765 -14.171704 4.045831 -28.045319 2.243540 -5.255033 -3.180156 14.282877 -0.826594 6.952496 -0.000000 -12.690593 -0.000001 16.818037 -18.041050 2.648523 1.665665 -1.955920 -2.878297 4.727794 -4.170584 4.993919 11.020511 0.000001 -0.000000 12.109032 -3.735715 -2.866778 0.000000 -0.000000 0.000000 1.291985 -1.928548 -1.498088 14.800115 0.567467 3.865604 14.242553 -1.341738 -6.660648 19.631935 0.143921 -0.648243 50.505505 -0.908722 -6.375971 0.353029 -1.511150 -0.031940 20.222769 3.684305 2.316629 18.787249 0.000001 -0.000001 10.751608 -0.479870 1.397903 0.000000 -0.000000 0.000000 3.273804 0.305947 -0.580110 21.486790 11.830364 2.266131 8.162915 0.000000 -0.000000 18.399052 -3.798986 -4.940567 0.000003 0.000000 -0.000001 6.199678 -4.618265 -35.419243 0.033796 -0.069593 42.785465 -6.776605 12.158506 -11.955987 1.629847 -2.102239 -1.416776 0.000000 -0.000000 0.000002 1.192254 -7.712080 -30.839502 -0.216945 -0.209216 47.122768 3.041328 -13.130319 -21.328030 -1.412036 0.990733 0.264471 0.000000 -0.000000 -0.000001
0.000000 0.000000 0.000000 0.000000 -0.000000 0.000000 14.232719 -6.585709 -103.578291 0.995622 -1.428101 4.261872 -1.263202 0.349329 7.743561 -1.186131 0.976218 -1.759531 -3.044261 0.114917 19.284065 -2.363172 3.338422 3.685529 0.341459 2.900268 -3.474176 2.622273 2.105803 -3.218331 0.000077 -0.000022 0.000006 -0.030228 0.000801 -0.063745 0.746773 -3.710080 -10.570883 -0.817060 3.716749 -10.564608 17.627552 -20.283867 13.263242 -96.399559 -12.596161 6.142756 -0.463629 -61.672287 -0.554251 13.409115 -11.782972 -10.005459 -5.882102 9.861279 0.702590 -10.936861 -0.360574 7.156197 0.000000 8.774815 -0.000000 -15.818742 18.305153 6.251517 -1.844031 2.498503 -2.507276 -10.163590 4.678941 4.621104 -20.975996 -0.000001 0.000001 -21.226254 2.451698 -3.593995 0.000000 -0.000006 -0.000000 -1.362681 2.240797 -0.746323 -21.334892 0.584910 3.008319 -13.821196 -0.000001 0.000001 -23.887129 -0.249075 -0.839485 -60.937786 2.769019 -1.462775 -0.294025 1.679686 0.833255 -14.218195 0.093215 1.300579 -34.212002 -0.287561 0.967166 -20.033176 0.964536 1.212838 0.000000 -0.000000 0.000000 -3.440387 0.788233 0.501655 -15.928172 -3.167306 2.999703 -6.338817 -0.000000 0.000001 -18.123419 3.648181 -4.905662 -0.000004 0.000000 -0.000002 -11.521132 22.810411 10.971486 92.878746 13.620002 6.804251 -0.890061 45.511227 -0.676580 -13.692343 3.359815 -27.812843 2.243540 -5.255033 -3.180156 14.282877 -0.826594 6.952496 -0.000000 -12.690593 -0.000001 16.774826 -18.035105 2.682160 1.665665 -1.955920 -2.878297 4.727794 -4.170584 4.993919 11.020511 0.000001 -0.000000 12.109032 -3.735715 -2.866778 0.000000 -0.000000 0.000000 1.291985 -1.928548 -1.498088 14.800115 0.567467 3.865604 14.242553 -1.341738 -6.660648 19.631935 0.143921 -0.648243 50.492867 -0.907029 -6.367655 0.353029 -1.511150 -0.031940 20.222769 3.684305 2.316629 18.787249 0.000001 -0.000001 10.751608 -0.479870 1.397903 0.000000 -0.000000 0.000000 3.273804 0.305947 -0.580110 21.486790 11.830364 2.266131 8.162915 0.000000 -0.000000 18.399052 -3.798986 -4.940567 0.000003 0.000000 -0.000001 6.111752 -4.495971 -35.480438 0.036708 -0.066210 42.628098 -6.646129 12.088778 -11.657329 1.631100 -2.088179 -1.394205 0.000000 -0.000000 0.000002 1.116575 -7.611482 -30.965647 -0.232525 -0.213767 47.157131 3.042268 -13.333050 -21.193108 -1.413052 0.983837 0.298845 0.000000 -0.000000 -0.000001
0.000000 0.000000 0.000000 0.000000 -0.000000 0.000000 14.203615 -6.576881 -103.778559 1.055747 -1.298835 4.259977 -1.291799 0.344245 7.662542 -1.176729 0.967836 -1.774103 -3.076927 0.104400 19.334785 -2.331949 3.325975 3.457880 0.340471 2.901587 -3.472548 2.427907 2.149991 -2.865376 0.000077 -0.000022 0.000006 -0.027787 -0.002375 -0.061188 0.752436 -3.712406 -10.575417 -0.817946 3.712104 -10.568712 17.349800 -20.491463 13.275478 -96.505730 -12.836514 5.784500 -0.337931 -60.962368 -0.643930 12.625229 -11.506571 -9.632250 -5.882102 9.861279 0.702590 -10.936861 -0.360574 7.156197 0.000000 8.774815 -0.000000 -15.868043 18.308928 6.257552 -1.844031 2.498503 -2.507276 -10.163590 4.678941 4.621104 -20.975996 -0.000001 0.000001 -21.226254 2.451698 -3.593995 0.000000 -0.000006 -0.000000 -1.362681 2.240797 -0.746323 -21.334892 0.584910 3.008319 -13.821196 -0.000001 0.000001 -23.887129 -0.249075 -0.839485 -61.019279 2.766164 -1.445929 -0.294025 1.679686 0.833255 -14.218195 0.093215 1.300579 -34.212002 -0.287561 0.967166 -20.033176 0.964536 1.212838 0.000000 -0.000000 0.000000 -3.440387 0.788233 0.501655 -15.928172 -3.167306 2.999703 -6.338817 -0.000000 0.000001 -18.123419 3.648181 -4.905662 -0.000004 0.000000 -0.000002 -11.297423 22.915871 10.985502 92.598038 13.828176 6.702180 -0.877630 45.292645 -0.643628 -13.330765 2.723337 -27.676008 2.243540 -5.255033 -3.180156 14.282877 -0.826594 6.952496 -0.000000 -12.690593 -0.000001 16.717735 -18.037109 2.736847 1.665665 -1.955920 -2.878297 4.727794 -4.170584 4.993919 11.020511 0.000001 -0.000000 12.109032 -3.735715 -2.866778 0.000000 -0.000000 0.000000 1.291985 -1.928548 -1.498088 14.800115 0.567467 3.865604 14.242553 -1.341738 -6.660648 19.631935 0.143921 -0.648243 50.511333 -0.911321 -6.351814 0.353029 -1.511150 -0.031940 20.222769 3.684305 2.316629 18.787249 0.000001 -0.000001 10.751608 -0.479870 1.397903 0.000000 -0.000000 0.000000 3.273804 0.305947 -0.580110 21.486790 11.830364 2.266131 8.162915 0.000000 -0.000000 18.399052 -3.798986 -4.940567 0.000003 0.000000 -0.000001 6.016276 -4.327007 -35.566555 0.039943 -0.064229 42.463783 -6.491854 11.969844 -11.367929 1.632192 -2.074519 -1.390536 0.000000 -0.000000 0.000002 1.045620 -7.544002 -31.111956 -0.243757 -0.213306 47.155453 3.030543 -13.528829 -21.039368 -1.417068 0.981070 0.312856 0.000000 -0.000000 -0.000001
0.000000 0.000000 0.000000 0.000000 -0.000000 0.000000 14.196579 -6.547371 -103.948191 1.106234 -1.127573 4.285692 -1.321272 0.340075 7.575085 -1.177795 0.965719 -1.784176 -3.094432 0.100010 19.396788 -2.249913 3.304762 3.247292 0.321855 2.900450 -3.477196 2.263251 2.138074 -2.551196 0.000077 -0.000022 0.000006 -0.025904 -0.005400 -0.058906 0.757861 -3.715296 -10.587534 -0.820101 3.709291 -10.580226 17.079065 -20.707630 13.282322 -96.557732 -13.174241 5.405110 -0.253518 -60.211540 -0.746716 11.905046 -11.173071 -9.294128 -5.882102 9.861279 0.702590 -10.936861 -0.360574 7.156197 0.000000 8.774815 -0.000000 -15.924692 18.353489 6.262471 -1.844031 2.498503 -2.507276 -10.163590 4.678941 4.621104 -20.975996 -0.000001 0.000001 -21.226254 2.451698 -3.593995 0.000000 -0.000006 -0.000000 -1.362681 2.240797 -0.746323 -21.334892 0.584910 3.008319 -13.821196 -0.000001 0.000001 -23.887129 -0.249075 -0.839485 -61.077225 2.779702 -1.437350 -0.294025 1.679686 0.833255 -14.218195 0.093215 1.300579 -34.212002 -0.287561 0.967166 -20.033176 0.964536 1.212838 0.000000 -0.000000 0.000000 -3.440387 0.788233 0.501655 -15.928172 -3.167306 2.999703 -6.338817 -0.000000 0.000001 -18.123419 3.648181 -4.905662 -0.000004 0.000000 -0.000002 -11.050722 23.018375 11.023886 92.311165 14.039872 6.425210 -0.779455 44.997112 -0.575751 -13.013678 2.146441 -27.502913 2.243540 -5.255033 -3.180156 14.282877 -0.826594 6.952496 -0.000000 -12.690593 -0.000001 16.650036 -18.034073 2.801311 1.665665 -1.955920 -2.878297 4.727794 -4.170584 4.993919 11.020511 0.000001 -0.000000 12.109032 -3.735715 -2.866778 0.000000 -0.000000 0.000000 1.291985 -1.928548 -1.498088 14.800115 0.567467 3.865604 14.242553 -1.341738 -6.660648 19.631935 0.143921 -0.648243 50.558094 -0.928274 -6.320371 0.353029 -1.511150 -0.031940 20.222769 3.684305 2.316629 18.787249 0.000001 -0.000001 10.751608 -0.479870 1.397903 0.000000 -0.000000 0.000000 3.273804 0.305947 -0.580110 21.486790 11.830364 2.266131 8.162915 0.000000 -0.000000 18.399052 -3.798986 -4.940567 0.000003 0.000000 -0.000001 5.894238 -4.105033 -35.644535 0.043687 -0.055913 42.254772 -6.279576 11.772758 -11.059931 1.633226 -2.068671 -1.386441 0.000000 -0.000000 0.000002 1.061166 -7.504290 -31.221970 -0.250955 -0.209699 47.089371 2.924078 -13.770258 -20.874386 -1.421293 0.981731 0.303043 0.000000 -0.000000 -0.000001
0.000000 0.000000 0.000000 0.000000 -0.000000 0.000000 14.208727 -6.509453 -104.101811 1.164949 -0.927629 4.330440 -1.352386 0.343095 7.487341 -1.186514 0.971643 -1.788602 -3.101062 0.082424 19.453133 -2.146421 3.280988 3.056994 0.288707 2.885761 -3.480803 2.136759 2.071762 -2.268046 0.000077 -0.000022 0.000006 -0.024456 -0.006668 -0.054350 0.762098 -3.716833 -10.596128 -0.822132 3.709173 -10.587706 16.819273 -20.917791 13.295107 -96.591934 -13.589478 4.990551 -0.199557 -59.427887 -0.832646 11.308971 -10.877904 -9.080221 -5.882102 9.861279 0.702590 -10.936861 -0.360574 7.156197 0.000000 8.774815 -0.000000 -15.974174 18.396027 6.266905 -1.844031 2.498503 -2.507276 -10.163590 4.678941 4.621104 -20.975996 -0.000001 0.000001 -21.226254 2.451698 -3.593995 0.000000 -0.000006 -0.000000 -1.362681 2.240797 -0.746323 -21.334892 0.584910 3.008319 -13.821196 -0.000001 0.000001 -23.887129 -0.249075 -0.839485 -61.100723 2.804750 -1.431288 -0.294025 1.679686 0.833255 -14.218195 0.093215 1.300579 -34.212002 -0.287561 0.967166 -20.033176 0.964536 1.212838 0.000000 -0.000000 0.000000 -3.440387 0.788233 0.501655 -15.928172 -3.167306 2.999703 -6.338817 -0.000000 0.000001 -18.123419 3.648181 -4.905662 -0.000004 0.000000 -0.000002 -10.771317 23.127157 11.100628 91.985641 14.279163 6.104136 -0.619804 44.620979 -0.504148 -12.727923 1.651587 -27.267262 2.243540 -5.255033 -3.180156 14.282877 -0.826594 6.952496 -0.000000 -12.690593 -0.000001 16.567717 -18.015951 2.852957 1.665665 -1.955920 -2.878297 4.727794 -4.170584 4.993919 11.020511 0.000001 -0.000000 12.109032 -3.735715 -2.866778 0.000000 -0.000000 0.000000 1.291985 -1.928548 -1.498088 14.800115 0.567467 3.865604 14.242553 -1.341738 -6.660648 19.631935 0.143921 -0.648243 50.544670 -0.923746 -6.291265 0.353029 -1.511150 -0.031940 20.222769 3.684305 2.316629 18.787249 0.000001 -0.000001 10.751608 -0.479870 1.397903 0.000000 -0.000000 0.000000 3.273804 0.305947 -0.580110 21.486790 11.830364 2.266131 8.162915 0.000000 -0.000000 18.399052 -3.798986 -4.940567 0.000003 0.000000 -0.000001 5.738416 -3.871366 -35.728378 0.049559 -0.042193 42.022942 -6.055851 11.497226 -10.747058 1.635183 -2.067959 -1.390963 0.000000 -0.000000 0.000002 0.987853 -7.550999 -31.322479 -0.253378 -0.207174 47.005238 2.903927 -13.954638 -20.721024 -1.424194 0.986730 0.255170 0.000000 -0.000000 -0.000001
0.000000 0.000000 0.000000 0.000000 -0.000000 0.000000 14.287483 -6.471260 -104.239956 1.209647 -0.726674 4.377428 -1.369848 0.347801 7.425583 -1.188418 0.985368 -1.790102 -3.081556 0.064811 19.479832 -2.076013 3.236736 2.886825 0.259254 2.860556 -3.487775 2.038138 2.002844 -2.051156 0.000077 -0.000022 0.000006 -0.023448 -0.006868 -0.053689 0.764538 -3.716933 -10.602691 -0.823301 3.710078 -10.593012 16.593971 -21.099010 13.303093 -96.640366 -13.980093 4.528801 -0.245429 -58.780514 -0.829730 10.904745 -10.680696 -9.076654 -5.882102 9.861279 0.702590 -10.936861 -0.360574 7.156197 0.000000 8.774815 -0.000000 -15.987307 18.412361 6.275541 -1.844031 2.498503 -2.507276 -10.163590 4.678941 4.621104 -20.975996 -0.000001 0.000001 -21.226254 2.451698 -3.593995 0.000000 -0.000006 -0.000000 -1.362681 2.240797 -0.746323 -21.334892 0.584910 3.008319 -13.821196 -0.000001 0.000001 -23.887129 -0.249075 -0.839485 -61.090778 2.818343 -1.419292 -0.294025 1.679686 0.833255 -14.218195 0.093215 1.300579 -34.212002 -0.287561 0.967166 -20.033176 0.964536 1.212838 0.000000 -0.000000 0.000000 -3.440387 0.788233 0.501655 -15.928172 -3.167306 2.999703 -6.338817 -0.000000 0.000001 -18.123419 3.648181 -4.905662 -0.000004 0.000000 -0.000002 -10.550999 23.223665 11.140627 91.666306 14.485590 5.918123 -0.451588 44.269241 -0.425296 -12.439432 1.220699 -26.871088 2.243540 -5.255033 -3.180156 14.282877 -0.826594 6.952496 -0.000000 -12.690593 -0.000001 16.503567 -18.005697 2.887601 1.665665 -1.955920 -2.878297 4.727794 -4.170584 4.993919 11.020511 0.000001 -0.000000 12.109032 -3.735715 -2.866778 0.000000 -0.000000 0.000000 1.291985 -1.928548 -1.498088 14.800115 0.567467 3.865604 14.242553 -1.341738 -6.660648 19.631935 0.143921 -0.648243 50.509705 -0.896121 -6.271374 0.353029 -1.511150 -0.031940 20.222769 3.684305 2.316629 18.787249 0.000001 -0.000001 10.751608 -0.479870 1.397903 0.000000 -0.000000 0.000000 3.273804 0.305947 -0.580110 21.486790 11.830364 2.266131 8.162915 0.000000 -0.000000 18.399052 -3.798986 -4.940567 0.000003 0.000000 -0.000001 5.554032 -3.624416 -35.818737 0.059818 -0.028484 41.818771 -5.847912 11.172082 -10.466804 1.637120 -2.074749 -1.414283 0.000000 -0.000000 0.000002 0.898578 -7.691097 -31.413380 -0.244375 -0.200495 46.916248 2.922801 -14.058259 -20.575026 -1.425418 0.996987 0.176384 0.000000 -0.000000 -0.000001
0.000000 0.000000 0.000000 0.000000 -0.000000 0.000000 14.426374 -6.425621 -104.350501 1.231376 -0.553151 4.406608 -1.367743 0.357169 7.385735 -1.174717 0.997674 -1.797323 -3.041121 0.062977 19.503353 -2.050743 3.203572 2.718312 0.244517 2.826207 -3.483010 1.961953 1.948622 -1.866143 0.000077 -0.000022 0.000006 -0.026290 -0.000594 -0.060514 0.760602 -3.711525 -10.609662 -0.825407 3.717982 -10.602152 16.407124 -21.208572 13.321438 -96.671173 -14.246739 4.092750 -0.375147 -58.448032 -0.772974 10.617373 -10.598273 -9.258360 -5.882102 9.861279 0.702590 -10.936861 -0.360574 7.156197 0.000000 8.774815 -0.000000 -15.979330 18.387230 6.256034 -1.844031 2.498503 -2.507276 -10.163590 4.678941 4.621104 -20.975996 -0.000001 0.000001 -21.226254 2.451698 -3.593995 0.000000 -0.000006 -0.000000 -1.362681 2.240797 -0.746323 -21.334892 0.584910 3.008319 -13.821196 -0.000001 0.000001 -23.887129 -0.249075 -0.839485 -61.050812 2.809319 -1.419318 -0.294025 1.679686 0.833255 -14.218195 0.093215 1.300579 -34.212002 -0.287561 0.967166 -20.033176 0.964536 1.212838 0.000000 -0.000000 0.000000 -3.440387 0.788233 0.501655 -15.928172 -3.167306 2.999703 -6.338817 -0.000000 0.000001 -18.123419 3.648181 -4.905662 -0.000004 0.000000 -0.000002 -10.417652 23.326807 11.161363 91.360695 14.635566 5.972211 -0.356466 44.111069 -0.367042 -12.044172 0.825649 -26.351562 2.243540 -5.255033 -3.180156 14.282877 -0.826594 6.952496 -0.000000 -12.690593 -0.000001 16.480247 -18.010561 2.892133 1.665665 -1.955920 -2.878297 4.727794 -4.170584 4.993919 11.020511 0.000001 -0.000000 12.109032 -3.735715 -2.866778 0.000000 -0.000000 0.000000 1.291985 -1.928548 -1.498088 14.800115 0.567467 3.865604 14.242553 -1.341738 -6.660648 19.631935 0.143921 -0.648243 50.466663 -0.867606 -6.289206 0.353029 -1.511150 -0.031940 20.222769 3.684305 2.316629 18.787249 0.000001 -0.000001 10.751608 -0.479870 1.397903 0.000000 -0.000000 0.000000 3.273804 0.305947 -0.580110 21.486790 11.830364 2.266131 8.162915 0.000000 -0.000000 18.399052 -3.798986 -4.940567 0.000003 0.000000 -0.000001 5.347347 -3.381974 -35.873116 0.071890 -0.017470 41.635414 -5.630184 10.889168 -10.227767 1.639163 -2.078002 -1.442431 0.000000 -0.000000 0.000002 0.789413 -7.879905 -31.450409 -0.230480 -0.190741 46.794025 3.010967 -14.067633 -20.434629 -1.424023 1.005443 0.107793 0.000000 -0.000000 -0.000001
0.000000 0.000000 0.000000 0.000000 -0.000000 0.000000 14.622003 -6.382683 -104.448750 1.235808 -0.414504 4.400440 -1.356779 0.367109 7.367745 -1.144309 1.010627 -1.813469 -2.976680 0.095705 19.522892 -2.046839 3.175128 2.564831 0.230554 2.797599 -3.468342 1.897262 1.895099 -1.664613 0.000077 -0.000022 0.000006 -0.031515 0.008855 -0.070221 0.752011 -3.702632 -10.612476 -0.827230 3.728130 -10.609326 16.275782 -21.268539 13.359753 -96.678581 -14.343010 3.782590 -0.537765 -58.466297 -0.684845 10.366873 -10.657439 -9.515980 -5.882102 9.861279 0.702590 -10.936861 -0.360574 7.156197 0.000000 8.774815 -0.000000 -15.966335 18.328026 6.208131 -1.844031 2.498503 -2.507276 -10.163590 4.678941 4.621104 -20.975996 -0.000001 0.000001 -21.226254 2.451698 -3.593995 0.000000 -0.000006 -0.000000 -1.362681 2.240797 -0.746323 -21.334892 0.584910 3.008319 -13.821196 -0.000001 0.000001 -23.887129 -0.249075 -0.839485 -60.986267 2.766141 -1.434612 -0.294025 1.679686 0.833255 -14.218195 0.093215 1.300579 -34.212002 -0.287561 0.967166 -20.033176 0.964536 1.212838 0.000000 -0.000000 0.000000 -3.440387 0.788233 0.501655 -15.928172 -3.167306 2.999703 -6.338817 -0.000000 0.000001 -18.123419 3.648181 -4.905662 -0.000004 0.000000 -0.000002 -10.335016 23.430082 11.203951 91.057587 14.736905 6.190412 -0.337445 44.143181 -0.332553 -11.535995 0.467646 -25.871037 2.243540 -5.255033 -3.180156 14.282877 -0.826594 6.952496 -0.000000 -12.690593 -0.000001 16.494358 -18.022371 2.872367 1.665665 -1.955920 -2.878297 4.727794 -4.170584 4.993919 11.020511 0.000001 -0.000000 12.109032 -3.735715 -2.866778 0.000000 -0.000000 0.000000 1.291985 -1.928548 -1.498088 14.800115 0.567467 3.865604 14.242553 -1.341738 -6.660648 19.631935 0.143921 -0.648243 50.439377 -0.864190 -6.329504 0.353029 -1.511150 -0.031940 20.222769 3.684305 2.316629 18.787249 0.000001 -0.000001 10.751608 -0.479870 1.397903 0.000000 -0.000000 0.000000 3.273804 0.305947 -0.580110 21.486790 11.830364 2.266131 8.162915 0.000000 -0.000000 18.399052 -3.798986 -4.940567 0.000003 0.000000 -0.000001 5.123437 -3.137237 -35.887741 0.075212 -0.007756 41.498878 -5.408790 10.668295 -10.042798 1.640975 -2.077981 -1.431493 0.000000 -0.000000 0.000002 0.655650 -8.095409 -31.433350 -0.216589 -0.185054 46.669994 3.178397 -13.960153 -20.317116 -1.420918 1.010916 0.066886 0.000000 -0.000000 -0.000001
0.000000 0.000000 0.000000 0.000000 -0.000000 0.000000 14.827426 -6.348854 -104.530712 1.228205 -0.282895 4.363466 -1.337333 0.365502 7.369373 -1.107590 1.018921 -1.827166 -2.890001 0.143891 19.519602 -2.031992 3.162753 2.443257 0.196659 2.782780 -3.457270 1.829687 1.801427 -1.431966 0.000077 -0.000022 0.000006 -0.035733 0.018088 -0.078333 0.744940 -3.693594 -10.613440 -0.828389 3.737295 -10.615646 16.176125 -21.272535 13.404314 -96.635773 -14.268402 3.634188 -0.712197 -58.743553 -0.561959 10.042186 -10.821086 -9.805493 -5.882102 9.861279 0.702590 -10.936861 -0.360574 7.156197 0.000000 8.774815 -0.000000 -15.948771 18.244644 6.167782 -1.844031 2.498503 -2.507276 -10.163590 4.678941 4.621104 -20.975996 -0.000001 0.000001 -21.226254 2.451698 -3.593995 0.000000 -0.000006 -0.000000 -1.362681 2.240797 -0.746323 -21.334892 0.584910 3.008319 -13.821196 -0.000001 0.000001 -23.887129 -0.249075 -0.839485 -60.918083 2.711290 -1.434696 -0.294025 1.679686 0.833255 -14.218195 0.093215 1.300579 -34.212002 -0.287561 0.967166 -20.033176 0.964536 1.212838 0.000000 -0.000000 0.000000 -3.440387 0.788233 0.501655 -15.928172 -3.167306 2.999703 -6.338817 -0.000000 0.000001 -18.123419 3.648181 -4.905662 -0.000004 0.000000 -0.000002 -10.255971 23.543585 11.293490 90.756569 14.819388 6.324015 -0.274692 44.281540 -0.279050 -10.979911 0.176246 -25.550606 2.243540 -5.255033 -3.180156 14.282877 -0.826594 6.952496 -0.000000 -12.690593 -0.000001 16.507626 -18.037321 2.834302 1.665665 -1.955920 -2.878297 4.727794 -4.170584 4.993919 11.020511 0.000001 -0.000000 12.109032 -3.735715 -2.866778 0.000000 -0.000000 0.000000 1.291985 -1.928548 -1.498088 14.800115 0.567467 3.865604 14.242553 -1.341738 -6.660648 19.631935 0.143921 -0.648243 50.395763 -0.871828 -6.376776 0.353029 -1.511150 -0.031940 20.222769 3.684305 2.316629 18.787249 0.000001 -0.000001 10.751608 -0.479870 1.397903 0.000000 -0.000000 0.000000 3.273804 0.305947 -0.580110 21.486790 11.830364 2.266131 8.162915 0.000000 -0.000000 18.399052 -3.798986 -4.940567 0.000003 0.000000 -0.000001 4.900301 -2.891949 -35.882072 0.075665 0.004127 41.407993 -5.209248 10.471526 -9.898355 1.644300 -2.071027 -1.374032 0.000000 -0.000000 0.000002 0.484646 -8.313688 -31.431076 -0.207006 -0.182628 46.564266 3.413655 -13.781631 -20.169081 -1.418292 1.015114 0.041742 0.000000 -0.000000 -0.000001
0.000000 0.000000 0.000000 0.000000 -0.000000 0.000000 15.016593 -6.320374 -104.589590 1.207961 -0.160342 4.324544 -1.312126 0.348150 7.379198 -1.069518 1.038311 -1.841779 -2.777319 0.196927 19.488403 -1.991747 3.149743 2.351950 0.146737 2.759604 -3.458938 1.766574 1.686750 -1.156056 0.000077 -0.000022 0.000006 -0.037961 0.024636 -0.085306 0.742229 -3.687116 -10.618554 -0.829868 3.743242 -10.624898 16.148100 -21.240076 13.434488 -96.556931 -14.056953 3.700209 -0.845497 -59.144699 -0.424325 9.593631 -11.011187 -10.023712 -5.882102 9.861279 0.702590 -10.936861 -0.360574 7.156197 0.000000 8.774815 -0.000000 -15.956442 18.173643 6.153605 -1.844031 2.498503 -2.507276 -10.163590 4.678941 4.621104 -20.975996 -0.000001 0.000001 -21.226254 2.451698 -3.593995 0.000000 -0.000006 -0.000000 -1.362681 2.240797 -0.746323 -21.334892 0.584910 3.008319 -13.821196 -0.000001 0.000001 -23.887129 -0.249075 -0.839485 -60.891117 2.672916 -1.401771 -0.294025 1.679686 0.833255 -14.218195 0.093215 1.300579 -34.212002 -0.287561 0.967166 -20.033176 0.964536 1.212838 0.000000 -0.000000 0.000000 -3.440387 0.788233 0.501655 -15.928172 -3.167306 2.999703 -6.338817 -0.000000 0.000001 -18.123419 3.648181 -4.905662 -0.000004 0.000000 -0.000002 -10.161090 23.685886 11.384862 90.466721 14.853428 6.287669 -0.195829 44.454426 -0.213232 -10.456162 -0.065922 -25.431261 2.243540 -5.255033 -3.180156 14.282877 -0.826594 6.952496 -0.000000 -12.690593 -0.000001 16.506998 -18.058748 2.814186 1.665665 -1.955920 -2.878297 4.727794 -4.170584 4.993919 11.020511 0.000001 -0.000000 12.109032 -3.735715 -2.866778 0.000000 -0.000000 0.000000 1.291985 -1.928548 -1.498088 14.800115 0.567467 3.865604 14.242553 -1.341738 -6.660648 19.631935 0.143921 -0.648243 50.357124 -0.887851 -6.406531 0.353029 -1.511150 -0.031940 20.222769 3.684305 2.316629 18.787249 0.000001 -0.000001 10.751608 -0.479870 1.397903 0.000000 -0.000000 0.000000 3.273804 0.305947 -0.580110 21.486790 11.830364 2.266131 8.162915 0.000000 -0.000000 18.399052 -3.798986 -4.940567 0.000003 0.000000 -0.000001 4.713283 -2.691785 -35.870979 0.079784 0.020688 41.347404 -5.062425 10.317636 -9.797019 1.648194 -2.058309 -1.288383 0.000000 -0.000000 0.000002 0.376205 -8.518841 -31.337950 -0.205579 -0.179933 46.466797 3.604310 -13.569401 -20.124588 -1.417367 1.010531 0.037819 0.000000 -0.000000 -0.000001
0.000000 0.000000 0.000000 0.000000 -0.000000 0.000000 15.180835 -6.309715 -104.585021 1.181420 -0.025494 4.310501 -1.280722 0.338984 7.378819 -1.046553 1.073738 -1.856882 -2.634929 0.237566 19.436548 -1.906518 3.138469 2.306695 0.094198 2.706636 -3.470095 1.696763 1.568846 -0.902603 0.000077 -0.000022 0.000006 -0.037456 0.026934 -0.087598 0.744641 -3.684698 -10.622888 -0.831077 3.744676 -10.631495 16.240797 -21.198112 13.411546 -96.513214 -13.772377 3.965968 -0.847087 -59.492466 -0.356714 9.156535 -11.108883 -10.112529 -5.882102 9.861279 0.702590 -10.936861 -0.360574 7.156197 0.000000 8.774815 -0.000000 -15.987535 18.160849 6.186753 -1.844031 2.498503 -2.507276 -10.163590 4.678941 4.621104 -20.975996 -0.000001 0.000001 -21.226254 2.451698 -3.593995 0.000000 -0.000006 -0.000000 -1.362681 2.240797 -0.746323 -21.334892 0.584910 3.008319 -13.821196 -0.000001 0.000001 -23.887129 -0.249075 -0.839485 -60.942554 2.665221 -1.367899 -0.294025 1.679686 0.833255 -14.218195 0.093215 1.300579 -34.212002 -0.287561 0.967166 -20.033176 0.964536 1.212838 0.000000 -0.000000 0.000000 -3.440387 0.788233 0.501655 -15.928172 -3.167306 2.999703 -6.338817 -0.000000 0.000001 -18.123419 3.648181 -4.905662 -0.000004 0.000000 -0.000002 -10.055228 23.833252 11.466050 90.176849 14.865000 6.124890 -0.103049 44.577324 -0.132471 -9.945025 -0.276757 -25.334909 2.243540 -5.255033 -3.180156 14.282877 -0.826594 6.952496 -0.000000 -12.690593 -0.000001 16.489328 -18.077763 2.815350 1.665665 -1.955920 -2.878297 4.727794 -4.170584 4.993919 11.020511 0.000001 -0.000000 12.109032 -3.735715 -2.866778 0.000000 -0.000000 0.000000 1.291985 -1.928548 -1.498088 14.800115 0.567467 3.865604 14.242553 -1.341738 -6.660648 19.631935 0.143921 -0.648243 50.327084 -0.900897 -6.417451 0.353029 -1.511150 -0.031940 20.222769 3.684305 2.316629 18.787249 0.000001 -0.000001 10.751608 -0.479870 1.397903 0.000000 -0.000000 0.000000 3.273804 0.305947 -0.580110 21.486790 11.830364 2.266131 8.162915 0.000000 -0.000000 18.399052 -3.798986 -4.940567 0.000003 0.000000 -0.000001 4.564034 -2.581738 -35.891926 0.089987 0.042659 41.375496 -4.976871 10.217066 -9.789030 1.650920 -2.045109 -1.211960 0.000000 -0.000000 0.000002 0.267877 -8.699568 -31.277653 -0.209559 -0.178238 46.426178 3.797024 -13.366902 -20.120544 -1.418575 1.002598 0.059647 0.000000 -0.000000 -0.000001
0.000000 0.000000 0.000000 0.000000 -0.000000 0.000000 15.343984 -6.321022 -104.514338 1.170057 0.126726 4.325789 -1.254152 0.345069 7.376449 -1.038136 1.108191 -1.872381 -2.486872 0.263376 19.361637 -1.786547 3.113731 2.326770 0.050181 2.623554 -3.479146 1.631393 1.475941 -0.707696 0.000077 -0.000022 0.000006 -0.034787 0.026546 -0.086289 0.749737 -3.684781 -10.622276 -0.830728 3.743242 -10.632195 16.422455 -21.181133 13.345511 -96.546082 -13.490993 4.210427 -0.877318 -59.690567 -0.257756 8.864085 -11.109068 -10.193750 -5.882102 9.861279 0.702590 -10.936861 -0.360574 7.156197 0.000000 8.774815 -0.000000 -16.031445 18.182175 6.227029 -1.844031 2.498503 -2.507276 -10.163590 4.678941 4.621104 -20.975996 -0.000001 0.000001 -21.226254 2.451698 -3.593995 0.000000 -0.000006 -0.000000 -1.362681 2.240797 -0.746323 -21.334892 0.584910 3.008319 -13.821196 -0.000001 0.000001 -23.887129 -0.249075 -0.839485 -61.001221 2.673078 -1.323188 -0.294025 1.679686 0.833255 -14.218195 0.093215 1.300579 -34.212002 -0.287561 0.967166 -20.033176 0.964536 1.212838 0.000000 -0.000000 0.000000 -3.440387 0.788233 0.501655 -15.928172 -3.167306 2.999703 -6.338817 -0.000000 0.000001 -18.123419 3.648181 -4.905662 -0.000004 0.000000 -0.000002 -9.992393 23.958345 11.495744 89.924171 14.893660 5.962653 -0.023818 44.555340 -0.051558 -9.406231 -0.542899 -24.992813 2.243540 -5.255033 -3.180156 14.282877 -0.826594 6.952496 -0.000000 -12.690593 -0.000001 16.451443 -18.077705 2.837313 1.665665 -1.955920 -2.878297 4.727794 -4.170584 4.993919 11.020511 0.000001 -0.000000 12.109032 -3.735715 -2.866778 0.000000 -0.000000 0.000000 1.291985 -1.928548 -1.498088 14.800115 0.567467 3.865604 14.242553 -1.341738 -6.660648 19.631935 0.143921 -0.648243 50.311123 -0.914239 -6.401008 0.353029 -1.511150 -0.031940 20.222769 3.684305 2.316629 18.787249 0.000001 -0.000001 10.751608 -0.479870 1.397903 0.000000 -0.000000 0.000000 3.273804 0.305947 -0.580110 21.486790 11.830364 2.266131 8.162915 0.000000 -0.000000 18.399052 -3.798986 -4.940567 0.000003 0.000000 -0.000001 4.408736 -2.546406 -35.955311 0.097269 0.064988 41.501987 -4.942905 10.151549 -9.880036 1.652769 -2.041918 -1.177245 0.000000 -0.000000 0.000002 0.141902 -8.856671 -31.279135 -0.208458 -0.171446 46.468967 3.987197 -13.211231 -20.157078 -1.420700 0.996014 0.071898 0.000000 -0.000000 -0.000001
0.000000 0.000000 0.000000 0.000000 -0.000000 0.000000 15.513674 -6.345299 -104.411388 1.191437 0.282746 4.384702 -1.244695 0.364474 7.367533 -1.032904 1.130457 -1.887321 -2.365261 0.283099 19.281342 -1.638628 3.081726 2.365989 0.010516 2.542794 -3.482702 1.583547 1.415877 -0.535250 0.000077 -0.000022 0.000006 -0.033583 0.028123 -0.085059 0.751222 -3.684469 -10.626849 -0.829845 3.745587 -10.638585 16.618620 -21.195889 13.259571 -96.626030 -13.259823 4.297064 -1.022957 -59.753769 -0.089396 8.745500 -11.056239 -10.284084 -5.882102 9.861279 0.702590 -10.936861 -0.360574 7.156197 0.000000 8.774815 -0.000000 -16.051205 18.196205 6.255066 -1.844031 2.498503 -2.507276 -10.163590 4.678941 4.621104 -20.975996 -0.000001 0.000001 -21.226254 2.451698 -3.593995 0.000000 -0.000006 -0.000000 -1.362681 2.240797 -0.746323 -21.334892 0.584910 3.008319 -13.821196 -0.000001 0.000001 -23.887129 -0.249075 -0.839485 -60.989956 2.678731 -1.272624 -0.294025 1.679686 0.833255 -14.218195 0.093215 1.300579 -34.212002 -0.287561 0.967166 -20.033176 0.964536 1.212838 0.000000 -0.000000 0.000000 -3.440387 0.788233 0.501655 -15.928172 -3.167306 2.999703 -6.338817 -0.000000 0.000001 -18.123419 3.648181 -4.905662 -0.000004 0.000000 -0.000002 -9.993402 24.063482 11.445139 89.742371 14.921942 5.757581 0.045803 44.427002 0.035970 -8.864329 -0.887203 -24.371964 2.243540 -5.255033 -3.180156 14.282877 -0.826594 6.952496 -0.000000 -12.690593 -0.000001 16.422178 -18.064211 2.870361 1.665665 -1.955920 -2.878297 4.727794 -4.170584 4.993919 11.020511 0.000001 -0.000000 12.109032 -3.735715 -2.866778 0.000000 -0.000000 0.000000 1.291985 -1.928548 -1.498088 14.800115 0.567467 3.865604 14.242553 -1.341738 -6.660648 19.631935 0.143921 -0.648243 50.339935 -0.933729 -6.364136 0.353029 -1.511150 -0.031940 20.222769 3.684305 2.316629 18.787249 0.000001 -0.000001 10.751608 -0.479870 1.397903 0.000000 -0.000000 0.000000 3.273804 0.305947 -0.580110 21.486790 11.830364 2.266131 8.162915 0.000000 -0.000000 18.399052 -3.798986 -4.940567 0.000003 0.000000 -0.000001 4.222116 -2.560845 -36.066250 0.104682 0.085408 41.673100 -4.915536 10.155029 -10.014436 1.651919 -2.041881 -1.160828 0.000000 -0.000000 0.000002 0.008824 -8.978923 -31.250811 -0.198186 -0.156005 46.574966 4.159370 -13.083862 -20.337360 -1.422960 0.992088 0.038028 0.000000 -0.000000 -0.000001
0.000000 0.000000 0.000000 0.000000 -0.000000 0.000000 15.687088 -6.373741 -104.294585 1.247673 0.448904 4.502192 -1.256359 0.385856 7.344068 -1.027384 1.139691 -1.901296 -2.280372 0.295486 19.209038 -1.477888 3.054029 2.382715 -0.027132 2.490270 -3.480042 1.539462 1.352328 -0.369202 0.000077 -0.000022 0.000006 -0.035239 0.032989 -0.083219 0.749418 -3.681700 -10.633574 -0.831380 3.752268 -10.647817 16.807611 -21.224300 13.146258 -96.733215 -13.071364 4.361175 -1.051296 -59.744415 -0.016114 8.742963 -10.953177 -10.343451 -5.882102 9.861279 0.702590 -10.936861 -0.360574 7.156197 0.000000 8.774815 -0.000000 -16.024895 18.198816 6.267270 -1.844031 2.498503 -2.507276 -10.163590 4.678941 4.621104 -20.975996 -0.000001 0.000001 -21.226254 2.451698 -3.593995 0.000000 -0.000006 -0.000000 -1.362681 2.240797 -0.746323 -21.334892 0.584910 3.008319 -13.821196 -0.000001 0.000001 -23.887129 -0.249075 -0.839485 -60.927803 2.681288 -1.242455 -0.294025 1.679686 0.833255 -14.218195 0.093215 1.300579 -34.212002 -0.287561 0.967166 -20.033176 0.964536 1.212838 0.000000 -0.000000 0.000000 -3.440387 0.788233 0.501655 -15.928172 -3.167306 2.999703 -6.338817 -0.000000 0.000001 -18.123419 3.648181 -4.905662 -0.000004 0.000000 -0.000002 -10.043822 24.162388 11.325394 89.633575 14.917401 5.440605 0.173841 44.310131 0.151707 -8.374436 -1.202406 -23.654985 2.243540 -5.255033 -3.180156 14.282877 -0.826594 6.952496 -0.000000 -12.690593 -0.000001 16.424265 -18.047058 2.884982 1.665665 -1.955920 -2.878297 4.727794 -4.170584 4.993919 11.020511 0.000001 -0.000000 12.109032 -3.735715 -2.866778 0.000000 -0.000000 0.000000 1.291985 -1.928548 -1.498088 14.800115 0.567467 3.865604 14.242553 -1.341738 -6.660648 19.631935 0.143921 -0.648243 50.382439 -0.935131 -6.333716 0.353029 -1.511150 -0.031940 20.222769 3.684305 2.316629 18.787249 0.000001 -0.000001 10.751608 -0.479870 1.397903 0.000000 -0.000000 0.000000 3.273804 0.305947 -0.580110 21.486790 11.830364 2.266131 8.162915 0.000000 -0.000000 18.399052 -3.798986 -4.940567 0.000003 0.000000 -0.000001 4.003400 -2.620233 -36.237709 0.105997 0.098871 41.842438 -4.869210 10.200457 -10.145551 1.648933 -2.044551 -1.103034 0.000000 -0.000000 0.000002 -0.202206 -9.030745 -31.346767 -0.183830 -0.138231 46.716721 4.354436 -13.026869 -20.470730 -1.424856 0.992632 -0.009202 0.000000 -0.000000 -0.000001
0.000000 0.000000 0.000000 0.000000 -0.000000 0.000000 15.876812 -6.401520 -104.205287 1.327635 0.618561 4.670913 -1.291192 0.403089 7.319065 -1.018171 1.128397 -1.916653 -2.230029 0.311859 19.133759 -1.319582 3.025922 2.384418 -0.059464 2.459422 -3.468839 1.496007 1.294837 -0.233391 0.000077 -0.000022 0.000006 -0.038451 0.037460 -0.080985 0.744752 -3.678353 -10.637424 -0.833115 3.757627 -10.653382 16.943800 -21.231974 13.035857 -96.819191 -12.889235 4.401736 -1.035064 -59.789967 0.069895 8.775203 -10.821025 -10.390633 -5.882102 9.861279 0.702590 -10.936861 -0.360574 7.156197 0.000000 8.774815 -0.000000 -15.985744 18.196392 6.257504 -1.844031 2.498503 -2.507276 -10.163590 4.678941 4.621104 -20.975996 -0.000001 0.000001 -21.226254 2.451698 -3.593995 0.000000 -0.000006 -0.000000 -1.362681 2.240797 -0.746323 -21.334892 0.584910 3.008319 -13.821196 -0.000001 0.000001 -23.887129 -0.249075 -0.839485 -60.866508 2.674348 -1.244888 -0.294025 1.679686 0.833255 -14.218195 0.093215 1.300579 -34.212002 -0.287561 0.967166 -20.033176 0.964536 1.212838 0.000000 -0.000000 0.000000 -3.440387 0.788233 0.501655 -15.928172 -3.167306 2.999703 -6.338817 -0.000000 0.000001 -18.123419 3.648181 -4.905662 -0.000004 0.000000 -0.000002 -10.160938 24.262552 11.139215 89.589714 14.862768 5.093544 0.353292 44.304157 0.276068 -7.930068 -1.483654 -23.027269 2.243540 -5.255033 -3.180156 14.282877 -0.826594 6.952496 -0.000000 -12.690593 -0.000001 16.449213 -18.028835 2.883715 1.665665 -1.955920 -2.878297 4.727794 -4.170584 4.993919 11.020511 0.000001 -0.000000 12.109032 -3.735715 -2.866778 0.000000 -0.000000 0.000000 1.291985 -1.928548 -1.498088 14.800115 0.567467 3.865604 14.242553 -1.341738 -6.660648 19.631935 0.143921 -0.648243 50.409058 -0.916851 -6.323653 0.353029 -1.511150 -0.031940 20.222769 3.684305 2.316629 18.787249 0.000001 -0.000001 10.751608 -0.479870 1.397903 0.000000 -0.000000 0.000000 3.273804 0.305947 -0.580110 21.486790 11.830364 2.266131 8.162915 0.000000 -0.000000 18.399052 -3.798986 -4.940567 0.000003 0.000000 -0.000001 3.759053 -2.699778 -36.465389 0.105021 0.106968 41.988522 -4.798209 10.270667 -10.245986 1.644866 -2.048686 -1.000149 0.000000 -0.000000 0.000002 -0.440787 -9.024086 -31.515358 -0.165884 -0.118766 46.870483 4.537237 -13.029045 -20.588495 -1.425770 0.996765 -0.021090 0.000000 -0.000000 -0.000001
0.000000 0.000000 0.000000 0.000000 -0.000000 0.000000 16.057195 -6.422562 -104.147287 1.415595 0.790933 4.868567 -1.341462 0.406766 7.303450 -1.009680 1.118688 -1.930607 -2.207762 0.329722 19.062233 -1.176591 3.010796 2.372624 -0.090504 2.428853 -3.453496 1.460897 1.255068 -0.133699 0.000077 -0.000022 0.000006 -0.041147 0.038933 -0.079751 0.739765 -3.678945 -10.644449 -0.833543 3.761197 -10.661080 17.018890 -21.190166 12.943538 -96.852875 -12.696500 4.465186 -1.007439 -59.972115 0.155084 8.832657 -10.713475 -10.315520 -5.882102 9.861279 0.702590 -10.936861 -0.360574 7.156197 0.000000 8.774815 -0.000000 -15.932231 18.197521 6.249987 -1.844031 2.498503 -2.507276 -10.163590 4.678941 4.621104 -20.975996 -0.000001 0.000001 -21.226254 2.451698 -3.593995 0.000000 -0.000006 -0.000000 -1.362681 2.240797 -0.746323 -21.334892 0.584910 3.008319 -13.821196 -0.000001 0.000001 -23.887129 -0.249075 -0.839485 -60.810375 2.668726 -1.242605 -0.294025 1.679686 0.833255 -14.218195 0.093215 1.300579 -34.212002 -0.287561 0.967166 -20.033176 0.964536 1.212838 0.000000 -0.000000 0.000000 -3.440387 0.788233 0.501655 -15.928172 -3.167306 2.999703 -6.338817 -0.000000 0.000001 -18.123419 3.648181 -4.905662 -0.000004 0.000000 -0.000002 -10.322862 24.379539 10.953891 89.625465 14.773218 4.722982 0.539703 44.468708 0.399588 -7.530567 -1.705038 -22.614788 2.243540 -5.255033 -3.180156 14.282877 -0.826594 6.952496 -0.000000 -12.690593 -0.000001 16.488571 -18.026405 2.881655 1.665665 -1.955920 -2.878297 4.727794 -4.170584 4.993919 11.020511 0.000001 -0.000000 12.109032 -3.735715 -2.866778 0.000000 -0.000000 0.000000 1.291985 -1.928548 -1.498088 14.800115 0.567467 3.865604 14.242553 -1.341738 -6.660648 19.631935 0.143921 -0.648243 50.424515 -0.892984 -6.326986 0.353029 -1.511150 -0.031940 20.222769 3.684305 2.316629 18.787249 0.000001 -0.000001 10.751608 -0.479870 1.397903 0.000000 -0.000000 0.000000 3.273804 0.305947 -0.580110 21.486790 11.830364 2.266131 8.162915 0.000000 -0.000000 18.399052 -3.798986 -4.940567 0.000003 0.000000 -0.000001 3.512868 -2.780052 -36.722275 0.098664 0.104154 42.087063 -4.753008 10.368151 -10.302871 1.641073 -2.047697 -0.872561 0.000000 -0.000000 0.000002 -0.677574 -8.948036 -31.727909 -0.151139 -0.096488 47.005836 4.686504 -13.100355 -20.668055 -1.425985 1.002953 0.007743 0.000000 -0.000000 -0.000001
0.000000 0.000000 0.000000 0.000000 -0.000000 0.000000 16.226126 -6.417442 -104.121977 1.510378 0.948884 5.076941 -1.391908 0.403138 7.285863 -1.003430 1.121650 -1.944088 -2.207173 0.341236 19.002821 -1.062715 3.005624 2.370601 -0.121765 2.386605 -3.442636 1.427051 1.222199 -0.073300 0.000077 -0.000022 0.000006 -0.043308 0.039027 -0.077606 0.736166 -3.679955 -10.650640 -0.834216 3.762411 -10.665952 17.044382 -21.133104 12.896086 -96.829369 -12.534845 4.582918 -0.917265 -60.271805 0.168338 8.910191 -10.598203 -10.072160 -5.882102 9.861279 0.702590 -10.936861 -0.360574 7.156197 0.000000 8.774815 -0.000000 -15.870211 18.215485 6.261432 -1.844031 2.498503 -2.507276 -10.163590 4.678941 4.621104 -20.975996 -0.000001 0.000001 -21.226254 2.451698 -3.593995 0.000000 -0.000006 -0.000000 -1.362681 2.240797 -0.746323 -21.334892 0.584910 3.008319 -13.821196 -0.000001 0.000001 -23.887129 -0.249075 -0.839485 -60.781166 2.686741 -1.235275 -0.294025 1.679686 0.833255 -14.218195 0.093215 1.300579 -34.212002 -0.287561 0.967166 -20.033176 0.964536 1.212838 0.000000 -0.000000 0.000000 -3.440387 0.788233 0.501655 -15.928172 -3.167306 2.999703 -6.338817 -0.000000 0.000001 -18.123419 3.648181 -4.905662 -0.000004 0.000000 -0.000002 -10.470388 24.494169 10.820727 89.706734 14.689203 4.343542 0.731591 44.736076 0.503716 -7.246388 -1.834074 -22.362133 2.243540 -5.255033 -3.180156 14.282877 -0.826594 6.952496 -0.000000 -12.690593 -0.000001 16.505070 -18.029449 2.887916 1.665665 -1.955920 -2.878297 4.727794 -4.170584 4.993919 11.020511 0.000001 -0.000000 12.109032 -3.735715 -2.866778 0.000000 -0.000000 0.000000 1.291985 -1.928548 -1.498088 14.800115 0.567467 3.865604 14.242553 -1.341738 -6.660648 19.631935 0.143921 -0.648243 50.411613 -0.873859 -6.324309 0.353029 -1.511150 -0.031940 20.222769 3.684305 2.316629 18.787249 0.000001 -0.000001 10.751608 -0.479870 1.397903 0.000000 -0.000000 0.000000 3.273804 0.305947 -0.580110 21.486790 11.830364 2.266131 8.162915 0.000000 -0.000000 18.399052 -3.798986 -4.940567 0.000003 0.000000 -0.000001 3.277735 -2.892134 -36.951942 0.091086 0.094985 42.071609 -4.734970 10.479442 -10.290113 1.639225 -2.043446 -0.765597 0.000000 -0.000000 0.000002 -0.912711 -8.806303 -31.936674 -0.144905 -0.082071 47.060043 4.830833 -13.215879 -20.685099 -1.426268 1.007295 0.025980 0.000000 -0.000000 -0.000001
0.000000 0.000000 0.000000 0.000000 -0.000000 0.000000 16.390536 -6.374413 -104.107290 1.593158 1.067742 5.285191 -1.432424 0.397435 7.261744 -1.001504 1.144825 -1.958321 -2.211606 0.344012 18.955418 -0.972545 3.008844 2.398573 -0.156637 2.348390 -3.445208 1.402349 1.191208 -0.039249 0.000077 -0.000022 0.000006 -0.039693 0.029314 -0.073307 0.739252 -3.688125 -10.654709 -0.829982 3.751248 -10.665475 17.034277 -21.046663 12.916569 -96.738258 -12.430102 4.795997 -0.738362 -60.636459 0.097836 9.033420 -10.461574 -9.679145 -5.882102 9.861279 0.702590 -10.936861 -0.360574 7.156197 0.000000 8.774815 -0.000000 -15.816218 18.245472 6.287213 -1.844031 2.498503 -2.507276 -10.163590 4.678941 4.621104 -20.975996 -0.000001 0.000001 -21.226254 2.451698 -3.593995 0.000000 -0.000006 -0.000000 -1.362681 2.240797 -0.746323 -21.334892 0.584910 3.008319 -13.821196 -0.000001 0.000001 -23.887129 -0.249075 -0.839485 -60.772682 2.723027 -1.228852 -0.294025 1.679686 0.833255 -14.218195 0.093215 1.300579 -34.212002 -0.287561 0.967166 -20.033176 0.964536 1.212838 0.000000 -0.000000 0.000000 -3.440387 0.788233 0.501655 -15.928172 -3.167306 2.999703 -6.338817 -0.000000 0.000001 -18.123419 3.648181 -4.905662 -0.000004 0.000000 -0.000002 -10.582962 24.585033 10.742528 89.787651 14.641571 4.088617 0.903070 45.051468 0.592825 -6.974917 -1.944105 -22.101360 2.243540 -5.255033 -3.180156 14.282877 -0.826594 6.952496 -0.000000 -12.690593 -0.000001 16.524311 -18.061863 2.894278 1.665665 -1.955920 -2.878297 4.727794 -4.170584 4.993919 11.020511 0.000001 -0.000000 12.109032 -3.735715 -2.866778 0.000000 -0.000000 0.000000 1.291985 -1.928548 -1.498088 14.800115 0.567467 3.865604 14.242553 -1.341738 -6.660648 19.631935 0.143921 -0.648243 50.389805 -0.854542 -6.326583 0.353029 -1.511150 -0.031940 20.222769 3.684305 2.316629 18.787249 0.000001 -0.000001 10.751608 -0.479870 1.397903 0.000000 -0.000000 0.000000 3.273804 0.305947 -0.580110 21.486790 11.830364 2.266131 8.162915 0.000000 -0.000000 18.399052 -3.798986 -4.940567 0.000003 0.000000 -0.000001 3.072645 -3.026568 -37.113419 0.080929 0.080104 41.927422 -4.750185 10.588467 -10.224877 1.638447 -2.038644 -0.674394 0.000000 -0.000000 0.000002 -1.124788 -8.640812 -32.094448 -0.145892 -0.068520 46.986881 4.976139 -13.343213 -20.563358 -1.427391 1.011257 0.057534 0.000000 -0.000000 -0.000001
0.000000 0.000000 0.000000 0.000000 -0.000000 0.000000 16.540275 -6.303398 -104.080853 1.660060 1.141585 5.477087 -1.460184 0.394080 7.238926 -0.998654 1.170803 -1.976343 -2.224248 0.357943 18.921581 -0.888299 3.027279 2.440168 -0.173454 2.300849 -3.457964 1.357973 1.150408 0.002044 0.000077 -0.000022 0.000006 -0.035237 0.019796 -0.070947 0.742612 -3.695786 -10.660773 -0.824256 3.739881 -10.667679 17.012197 -20.916931 12.997687 -96.617775 -12.374277 5.040548 -0.516536 -61.010452 -0.062009 9.217438 -10.341762 -9.305818 -5.882102 9.861279 0.702590 -10.936861 -0.360574 7.156197 0.000000 8.774815 -0.000000 -15.762065 18.254890 6.296662 -1.844031 2.498503 -2.507276 -10.163590 4.678941 4.621104 -20.975996 -0.000001 0.000001 -21.226254 2.451698 -3.593995 0.000000 -0.000006 -0.000000 -1.362681 2.240797 -0.746323 -21.334892 0.584910 3.008319 -13.821196 -0.000001 0.000001 -23.887129 -0.249075 -0.839485 -60.735580 2.754429 -1.226826 -0.294025 1.679686 0.833255 -14.218195 0.093215 1.300579 -34.212002 -0.287561 0.967166 -20.033176 0.964536 1.212838 0.000000 -0.000000 0.000000 -3.440387 0.788233 0.501655 -15.928172 -3.167306 2.999703 -6.338817 -0.000000 0.000001 -18.123419 3.648181 -4.905662 -0.000004 0.000000 -0.000002 -10.645508 24.677975 10.740273 89.828156 14.637387 3.990605 1.054935 45.381191 0.674660 -6.697793 -2.025771 -21.771231 2.243540 -5.255033 -3.180156 14.282877 -0.826594 6.952496 -0.000000 -12.690593 -0.000001 16.545750 -18.104355 2.893151 1.665665 -1.955920 -2.878297 4.727794 -4.170584 4.993919 11.020511 0.000001 -0.000000 12.109032 -3.735715 -2.866778 0.000000 -0.000000 0.000000 1.291985 -1.928548 -1.498088 14.800115 0.567467 3.865604 14.242553 -1.341738 -6.660648 19.631935 0.143921 -0.648243 50.373718 -0.839084 -6.339672 0.353029 -1.511150 -0.031940 20.222769 3.684305 2.316629 18.787249 0.000001 -0.000001 10.751608 -0.479870 1.397903 0.000000 -0.000000 0.000000 3.273804 0.305947 -0.580110 21.486790 11.830364 2.266131 8.162915 0.000000 -0.000000 18.399052 -3.798986 -4.940567 0.000003 0.000000 -0.000001 2.912199 -3.187326 -37.196171 0.070016 0.066528 41.698479 -4.784433 10.726210 -10.140016 1.637409 -2.034523 -0.588317 0.000000 -0.000000 0.000002 -1.305041 -8.490974 -32.183659 -0.146985 -0.055380 46.814892 5.129300 -13.425242 -20.580055 -1.428396 1.014460 0.108290 0.000000 -0.000000 -0.000001
0.000000 0.000000 0.000000 0.000000 -0.000000 0.000000 16.648675 -6.215363 -104.026068 1.714550 1.156309 5.636606 -1.484789 0.393709 7.218889 -0.993367 1.202460 -1.995434 -2.234501 0.384894 18.904211 -0.790051 3.048142 2.499442 -0.172731 2.263418 -3.476266 1.271562 1.114739 0.033004 0.000077 -0.000022 0.000006 -0.026999 0.005521 -0.074763 0.749890 -3.709449 -10.674224 -0.814874 3.725026 -10.679172 16.961426 -20.760586 13.130651 -96.446587 -12.352490 5.260255 -0.311642 -61.386768 -0.265860 9.485718 -10.252228 -9.006314 -5.882102 9.861279 0.702590 -10.936861 -0.360574 7.156197 0.000000 8.774815 -0.000000 -15.711312 18.229643 6.272933 -1.844031 2.498503 -2.507276 -10.163590 4.678941 4.621104 -20.975996 -0.000001 0.000001 -21.226254 2.451698 -3.593995 0.000000 -0.000006 -0.000000 -1.362681 2.240797 -0.746323 -21.334892 0.584910 3.008319 -13.821196 -0.000001 0.000001 -23.887129 -0.249075 -0.839485 -60.675926 2.768593 -1.219892 -0.294025 1.679686 0.833255 -14.218195 0.093215 1.300579 -34.212002 -0.287561 0.967166 -20.033176 0.964536 1.212838 0.000000 -0.000000 0.000000 -3.440387 0.788233 0.501655 -15.928172 -3.167306 2.999703 -6.338817 -0.000000 0.000001 -18.123419 3.648181 -4.905662 -0.000004 0.000000 -0.000002 -10.652165 24.733406 10.788692 89.825546 14.667493 4.083526 1.171349 45.653240 0.752037 -6.413749 -2.071683 -21.382753 2.243540 -5.255033 -3.180156 14.282877 -0.826594 6.952496 -0.000000 -12.690593 -0.000001 16.566963 -18.140350 2.879812 1.665665 -1.955920 -2.878297 4.727794 -4.170584 4.993919 11.020511 0.000001 -0.000000 12.109032 -3.735715 -2.866778 0.000000 -0.000000 0.000000 1.291985 -1.928548 -1.498088 14.800115 0.567467 3.865604 14.242553 -1.341738 -6.660648 19.631935 0.143921 -0.648243 50.362583 -0.824203 -6.356156 0.353029 -1.511150 -0.031940 20.222769 3.684305 2.316629 18.787249 0.000001 -0.000001 10.751608 -0.479870 1.397903 0.000000 -0.000000 0.000000 3.273804 0.305947 -0.580110 21.486790 11.830364 2.266131 8.162915 0.000000 -0.000000 18.399052 -3.798986 -4.940567 0.000003 0.000000 -0.000001 2.814970 -3.380365 -37.188705 0.059448 0.057747 41.423573 -4.851774 10.918453 -10.069125 1.637742 -2.038652 -0.524357 0.000000 -0.000000 0.000002 -1.446121 -8.330505 -32.193882 -0.145764 -0.044428 46.580238 5.258697 -13.466726 -20.455725 -1.428966 1.016993 0.151527 0.000000 -0.000000 -0.000001
0.000000 0.000000 0.000000 0.000000 -0.000000 0.000000 16.691334 -6.121994 -103.931296 1.756364 1.100194 5.748623 -1.509975 0.392313 7.203415 -0.982051 1.225500 -2.014790 -2.240182 0.432189 18.897182 -0.699035 3.085369 2.600523 -0.166294 2.221663 -3.499051 1.168456 1.090548 0.055392 0.000077 -0.000022 0.000006 -0.016019 -0.010976 -0.083657 0.756298 -3.725092 -10.688718 -0.799257 3.707952 -10.695298 16.869801 -20.563913 13.293578 -96.246994 -12.338795 5.410803 -0.259882 -61.704926 -0.405122 9.803804 -10.182757 -8.786439 -5.882102 9.861279 0.702590 -10.936861 -0.360574 7.156197 0.000000 8.774815 -0.000000 -15.660430 18.164421 6.243046 -1.844031 2.498503 -2.507276 -10.163590 4.678941 4.621104 -20.975996 -0.000001 0.000001 -21.226254 2.451698 -3.593995 0.000000 -0.000006 -0.000000 -1.362681 2.240797 -0.746323 -21.334892 0.584910 3.008319 -13.821196 -0.000001 0.000001 -23.887129 -0.249075 -0.839485 -60.602848 2.770444 -1.197742 -0.294025 1.679686 0.833255 -14.218195 0.093215 1.300579 -34.212002 -0.287561 0.967166 -20.033176 0.964536 1.212838 0.000000 -0.000000 0.000000 -3.440387 0.788233 0.501655 -15.928172 -3.167306 2.999703 -6.338817 -0.000000 0.000001 -18.123419 3.648181 -4.905662 -0.000004 0.000000 -0.000002 -10.586436 24.727461 10.873413 89.780090 14.734464 4.370982 1.203015 45.803036 0.807877 -6.164104 -2.031682 -21.032862 2.243540 -5.255033 -3.180156 14.282877 -0.826594 6.952496 -0.000000 -12.690593 -0.000001 16.591074 -18.164537 2.855062 1.665665 -1.955920 -2.878297 4.727794 -4.170584 4.993919 11.020511 0.000001 -0.000000 12.109032 -3.735715 -2.866778 0.000000 -0.000000 0.000000 1.291985 -1.928548 -1.498088 14.800115 0.567467 3.865604 14.242553 -1.341738 -6.660648 19.631935 0.143921 -0.648243 50.374153 -0.796791 -6.360790 0.353029 -1.511150 -0.031940 20.222769 3.684305 2.316629 18.787249 0.000001 -0.000001 10.751608 -0.479870 1.397903 0.000000 -0.000000 0.000000 3.273804 0.305947 -0.580110 21.486790 11.830364 2.266131 8.162915 0.000000 -0.000000 18.399052 -3.798986 -4.940567 0.000003 0.000000 -0.000001 2.798745 -3.598889 -37.086975 0.056629 0.062822 41.143333 -4.956398 11.144489 -10.039145 1.640092 -2.039415 -0.474709 0.000000 -0.000000 0.000002 -1.533952 -8.150055 -32.121620 -0.141590 -0.037069 46.319622 5.333631 -13.476585 -20.383484 -1.430536 1.024439 0.163431 0.000000 -0.000000 -0.000001
0.000000 0.000000 0.000000 0.000000 -0.000000 0.000000 16.681244 -6.028618 -103.794539 1.789921 0.970495 5.783696 -1.539777 0.381912 7.195205 -0.961048 1.224058 -2.032480 -2.239312 0.485181 18.910976 -0.639857 3.127292 2.722522 -0.177676 2.176172 -3.526592 1.073670 1.073665 0.076460 0.000077 -0.000022 0.000006 0.001168 -0.040252 -0.099397 0.768261 -3.749458 -10.700179 -0.776613 3.673753 -10.712029 16.774412 -20.346121 13.449909 -96.060265 -12.285759 5.509659 -0.331751 -61.966480 -0.460515 10.070769 -10.125780 -8.732205 -5.882102 9.861279 0.702590 -10.936861 -0.360574 7.156197 0.000000 8.774815 -0.000000 -15.655494 18.084435 6.211843 -1.844031 2.498503 -2.507276 -10.163590 4.678941 4.621104 -20.975996 -0.000001 0.000001 -21.226254 2.451698 -3.593995 0.000000 -0.000006 -0.000000 -1.362681 2.240797 -0.746323 -21.334892 0.584910 3.008319 -13.821196 -0.000001 0.000001 -23.887129 -0.249075 -0.839485 -60.597015 2.751308 -1.184256 -0.294025 1.679686 0.833255 -14.218195 0.093215 1.300579 -34.212002 -0.287561 0.967166 -20.033176 0.964536 1.212838 0.000000 -0.000000 0.000000 -3.440387 0.788233 0.501655 -15.928172 -3.167306 2.999703 -6.338817 -0.000000 0.000001 -18.123419 3.648181 -4.905662 -0.000004 0.000000 -0.000002 -10.535841 24.693012 10.953137 89.776207 14.808026 4.722807 1.126952 45.855587 0.845989 -5.892844 -1.914279 -20.879547 2.243540 -5.255033 -3.180156 14.282877 -0.826594 6.952496 -0.000000 -12.690593 -0.000001 16.621071 -18.188993 2.819208 1.665665 -1.955920 -2.878297 4.727794 -4.170584 4.993919 11.020511 0.000001 -0.000000 12.109032 -3.735715 -2.866778 0.000000 -0.000000 0.000000 1.291985 -1.928548 -1.498088 14.800115 0.567467 3.865604 14.242553 -1.341738 -6.660648 19.631935 0.143921 -0.648243 50.413086 -0.766806 -6.344515 0.353029 -1.511150 -0.031940 20.222769 3.684305 2.316629 18.787249 0.000001 -0.000001 10.751608 -0.479870 1.397903 0.000000 -0.000000 0.000000 3.273804 0.305947 -0.580110 21.486790 11.830364 2.266131 8.162915 0.000000 -0.000000 18.399052 -3.798986 -4.940567 0.000003 0.000000 -0.000001 2.839232 -3.818944 -36.865620 0.059992 0.078248 40.877102 -5.089006 11.361594 -10.064679 1.645398 -2.028800 -0.401353 0.000000 -0.000000 0.000002 -1.586606 -7.958070 -31.940441 -0.140025 -0.039564 46.049202 5.321287 -13.434308 -20.329981 -1.431158 1.033920 0.103614 0.000000 -0.000000 -0.000001
0.000000 0.000000 0.000000 0.000000 -0.000000 0.000000 16.696611 -5.951920 -103.627251 1.818829 0.832424 5.739824 -1.557165 0.343333 7.181311 -0.941640 1.208100 -2.038270 -2.203013 0.506462 18.952208 -0.648041 3.079415 2.890408 -0.214111 2.274826 -3.584235 0.995104 1.058320 0.078985 0.000077 -0.000022 0.000006 0.030586 -0.097035 -0.119778 0.793666 -3.798038 -10.721884 -0.742650 3.608202 -10.736734 16.757710 -20.154627 13.497821 -95.912308 -12.077259 5.539057 -0.603648 -62.276333 -0.363700 10.328553 -10.158071 -8.642282 -5.882102 9.861279 0.702590 -10.936861 -0.360574 7.156197 0.000000 8.774815 -0.000000 -15.699614 18.067774 6.185273 -1.844031 2.498503 -2.507276 -10.163590 4.678941 4.621104 -20.975996 -0.000001 0.000001 -21.226254 2.451698 -3.593995 0.000000 -0.000006 -0.000000 -1.362681 2.240797 -0.746323 -21.334892 0.584910 3.008319 -13.821196 -0.000001 0.000001 -23.887129 -0.249075 -0.839485 -60.697056 2.736905 -1.243402 -0.294025 1.679686 0.833255 -14.218195 0.093215 1.300579 -34.212002 -0.287561 0.967166 -20.033176 0.964536 1.212838 0.000000 -0.000000 0.000000 -3.440387 0.788233 0.501655 -15.928172 -3.167306 2.999703 -6.338817 -0.000000 0.000001 -18.123419 3.648181 -4.905662 -0.000004 0.000000 -0.000002 -10.599735 24.615223 10.942744 89.863655 14.750060 5.046814 0.962759 45.917809 0.866906 -5.613678 -1.763463 -20.870867 2.243540 -5.255033 -3.180156 14.282877 -0.826594 6.952496 -0.000000 -12.690593 -0.000001 16.674593 -18.257362 2.797700 1.665665 -1.955920 -2.878297 4.727794 -4.170584 4.993919 11.020511 0.000001 -0.000000 12.109032 -3.735715 -2.866778 0.000000 -0.000000 0.000000 1.291985 -1.928548 -1.498088 14.800115 0.567467 3.865604 14.242553 -1.341738 -6.660648 19.631935 0.143921 -0.648243 50.490261 -0.760370 -6.300531 0.353029 -1.511150 -0.031940 20.222769 3.684305 2.316629 18.787249 0.000001 -0.000001 10.751608 -0.479870 1.397903 0.000000 -0.000000 0.000000 3.273804 0.305947 -0.580110 21.486790 11.830364 2.266131 8.162915 0.000000 -0.000000 18.399052 -3.798986 -4.940567 0.000003 0.000000 -0.000001 2.853233 -3.988954 -36.572693 0.058068 0.100985 40.687435 -5.176344 11.519459 -10.151168 1.650993 -2.020062 -0.238551 0.000000 -0.000000 0.000002 -1.658036 -7.825561 -31.671417 -0.143453 -0.045385 45.820175 5.280060 -13.341666 -20.310902 -1.428287 1.034512 -0.050065 0.000000 -0.000000 -0.000001
